3
7
11
19
23
31
43
47
59
67
71
79
83
103
107
127
131
139
151
163
167
179
191
199
211
223
227
239
251
263
271
283
307
311
331
347
359
367
379
383
419
431
439
443
463
467
479
487
491
499
503
523
547
563
571
587
599
607
619
631
643
647
659
683
691
719
727
739
743
751
787
811
823
827
839
859
863
883
887
907
911
919
947
967
971
983
991
1019
1031
1039
1051
1063
1087
1091
1103
1123
1151
1163
1171
1187
1223
1231
1259
1279
1283
1291
1303
1307
1319
1327
1367
1399
1423
1427
1439
1447
1451
1459
1471
1483
1487
1499
1511
1523
1531
1543
1559
1567
1571
1579
1583
1607
1619
1627
1663
1667
1699
1723
1747
1759
1783
1787
1811
1823
1831
1847
1867
1871
1879
1907
1931
1951
1979
1987
1999
2003
2011
2027
2039
2063
2083
2087
2099
2111
2131
2143
2179
2203
2207
2239
2243
2251
2267
2287
2311
2339
2347
2351
2371
2383
2399
2411
2423
2447
2459
2467
2503
2531
2539
2543
2551
2579
2591
2647
2659
2663
2671
2683
2687
2699
2707
2711
2719
2731
2767
2791
2803
2819
2843
2851
2879
2887
2903
2927
2939
2963
2971
2999
3011
3019
3023
3067
3079
3083
3119
3163
3167
3187
3191
3203
3251
3259
3271
3299
3307
3319
3323
3331
3343
3347
3359
3371
3391
3407
3463
3467
3491
3499
3511
3527
3539
3547
3559
3571
3583
3607
3623
3631
3643
3659
3671
3691
3719
3727
3739
3767
3779
3803
3823
3847
3851
3863
3907
3911
3919
3923
3931
3943
3947
3967
4003
4007
4019
4027
4051
4079
4091
4099
4111
4127
4139
4159
4211
4219
4231
4243
4259
4271
4283
4327
4339
4363
4391
4423
4447
4451
4463
4483
4507
4519
4523
4547
4567
4583
4591
4603
4639
4643
4651
4663
4679
4691
4703
4723
4751
4759
4783
4787
4799
4831
4871
4903
4919
4931
4943
4951
4967
4987
4999
5003
5011
5023
5039
5051
5059
5087
5099
5107
5119
5147
5167
5171
5179
5227
5231
5279
5303
5323
5347
5351
5387
5399
5407
5419
5431
5443
5471
5479
5483
5503
5507
5519
5527
5531
5563
5591
5623
5639
5647
5651
5659
5683
5711
5743
5779
5783
5791
5807
5827
5839
5843
5851
5867
5879
5903
5923
5927
5939
5987
6007
6011
6043
6047
6067
6079
6091
6131
6143
6151
6163
6199
6203
6211
6247
6263
6271
6287
6299
6311
6323
6343
6359
6367
6379
6427
6451
6491
6547
6551
6563
6571
6599
6607
6619
6659
6679
6691
6703
6719
6763
6779
6791
6803
6823
6827
6863
6871
6883
6899
6907
6911
6947
6959
6967
6971
6983
6991
7019
7027
7039
7043
7079
7103
7127
7151
7159
7187
7207
7211
7219
7243
7247
7283
7307
7331
7351
7411
7451
7459
7487
7499
7507
7523
7547
7559
7583
7591
7603
7607
7639
7643
7687
7691
7699
7703
7723
7727
7759
7823
7867
7879
7883
7907
7919
7927
7951
7963
8011
8039
8059
8087
8111
8123
8147
8167
8171
8179
8191
8219
8231
8243
8263
8287
8291
8311
8363
8387
8419
8423
8431
8443
8447
8467
8527
8539
8543
8563
8599
8623
8627
8647
8663
8699
8707
8719
8731
8747
8779
8783
8803
8807
8819
8831
8839
8863
8867
8887
8923
8951
8963
8971
8999
9007
9011
9043
9059
9067
9091
9103
9127
9151
9187
9199
9203
9227
9239
9283
9311
9319
9323
9343
9371
9391
9403
9419
9431
9439
9463
9467
9479
9491
9511
9539
9547
9551
9587
9619
9623
9631
9643
9679
9719
9739
9743
9767
9787
9791
9803
9811
9839
9851
9859
9871
9883
9887
9907
9923
9931
9967
10007
10039
10067
10079
10091
10099
10103
10111
10139
10151
10159
10163
10211
10223
10243
10247
10259
10267
10271
10303
10331
10343
10391
10399
10427
10459
10463
10487
10499
10531
10559
10567
10607
10627
10631
10639
10651
10663
10667
10687
10691
10711
10723
10739
10771
10799
10831
10847
10859
10867
10883
10891
10903
10939
10979
10987
11003
11027
11047
11059
11071
11083
11087
11119
11131
11159
11171
11239
11243
11251
11279
11287
11299
11311
11351
11383
11399
11411
11423
11443
11447
11467
11471
11483
11491
11503
11519
11527
11551
11579
11587
11699
11719
11731
11743
11779
11783
11807
11827
11831
11839
11863
11867
11887
11903
11923
11927
11939
11959
11971
11987
12007
12011
12043
12071
12107
12119
12143
12163
12203
12211
12227
12239
12251
12263
12323
12343
12347
12379
12391
12451
12479
12487
12491
12503
12511
12527
12539
12547
12583
12611
12619
12647
12659
12671
12703
12739
12743
12763
12791
12799
12823
12899
12907
12911
12919
12923
12959
12967
12979
12983
13003
13007
13043
13063
13099
13103
13127
13147
13151
13159
13163
13171
13183
13187
13219
13259
13267
13291
13327
13331
13339
13367
13399
13411
13451
13463
13487
13499
13523
13567
13591
13619
13627
13679
13687
13691
13711
13723
13751
13759
13763
13799
13807
13831
13859
13879
13883
13903
13907
13931
13963
13967
13999
14011
14051
14071
14083
14087
14107
14143
14159
14207
14243
14251
14303
14323
14327
14347
14387
14407
14411
14419
14423
14431
14447
14479
14503
14519
14543
14551
14563
14591
14627
14639
14683
14699
14723
14731
14747
14759
14767
14771
14779
14783
14827
14831
14843
14851
14867
14879
14887
14891
14923
14939
14947
14951
14983
15031
15083
15091
15107
15131
15139
15187
15199
15227
15259
15263
15271
15287
15299
15307
15319
15331
15359
15383
15391
15427
15439
15443
15451
15467
15511
15527
15551
15559
15583
15607
15619
15643
15647
15667
15671
15679
15683
15727
15731
15739
15767
15787
15791
15803
15823
15859
15887
15907
15919
15923
15959
15971
15991
16007
16063
16067
16087
16091
16103
16111
16127
16139
16183
16187
16223
16231
16267
16319
16339
16363
16411
16427
16447
16451
16487
16519
16547
16567
16603
16607
16619
16631
16651
16691
16699
16703
16747
16759
16763
16787
16811
16823
16831
16843
16871
16879
16883
16903
16927
16931
16943
16963
16979
16987
17011
17027
17047
17099
17107
17123
17159
17167
17183
17191
17203
17207
17231
17239
17291
17299
17327
17351
17359
17383
17387
17419
17431
17443
17467
17471
17483
17491
17519
17539
17551
17579
17599
17623
17627
17659
17683
17707
17747
17783
17791
17807
17827
17839
17851
17863
17891
17903
17911
17923
17939
17959
17971
17987
18043
18047
18059
18119
18127
18131
18143
18191
18199
18211
18223
18251
18287
18307
18311
18367
18371
18379
18427
18439
18443
18451
18503
18523
18539
18583
18587
18671
18679
18691
18719
18731
18743
18787
18803
18839
18859
18899
18911
18919
18947
18959
18979
19031
19051
19079
19087
19139
19163
19183
19207
19211
19219
19231
19259
19267
19319
19379
19387
19391
19403
19423
19427
19447
19463
19471
19483
19507
19531
19543
19559
19571
19583
19603
19687
19699
19727
19739
19751
19759
19763
19819
19843
19867
19891
19919
19927
19963
19979
19991
20011
20023
20047
20051
20063
20071
20107
20123
20143
20147
20183
20219
20231
20287
20323
20327
20347
20359
20399
20407
20411
20431
20443
20479
20483
20507
20543
20551
20563
20599
20611
20627
20639
20663
20707
20719
20731
20743
20747
20759
20771
20807
20879
20887
20899
20903
20939
20947
20959
20963
20983
21011
21019
21023
21031
21059
21067
21107
21139
21143
21163
21179
21187
21191
21211
21227
21247
21283
21319
21323
21347
21379
21383
21391
21407
21419
21467
21487
21491
21499
21503
21523
21559
21563
21587
21599
21611
21647
21683
21727
21739
21751
21767
21787
21799
21803
21839
21851
21859
21863
21871
21911
21943
21991
22003
22027
22031
22039
22051
22063
22067
22079
22091
22111
22123
22147
22159
22171
22247
22259
22271
22279
22283
22291
22303
22307
22343
22367
22391
22447
22483
22511
22531
22543
22567
22571
22619
22639
22643
22651
22679
22691
22699
22727
22739
22751
22783
22787
22807
22811
22859
22871
22907
22943
22963
23003
23011
23027
23039
23059
23063
23071
23087
23099
23131
23143
23159
23167
23203
23227
23251
23279
23291
23311
23327
23339
23371
23399
23431
23447
23459
23531
23539
23563
23567
23599
23603
23623
23627
23663
23671
23687
23719
23743
23747
23767
23819
23827
23831
23879
23887
23899
23911
23971
24007
24019
24023
24043
24071
24083
24091
24103
24107
24151
24179
24203
24223
24239
24247
24251
24359
24371
24379
24391
24407
24419
24439
24443
24499
24527
24547
24551
24571
24611
24623
24631
24659
24671
24683
24691
24763
24767
24799
24847
24851
24859
24907
24919
24923
24943
24967
24971
24979
25031
25087
25111
25127
25147
25163
25171
25183
25219
25243
25247
25303
25307
25339
25343
25367
25391
25411
25423
25439
25447
25463
25471
25523
25579
25583
25603
25639
25643
25667
25679
25703
25747
25759
25763
25771
25799
25819
25847
25867
25903
25919
25931
25939
25943
25951
25999
26003
26083
26099
26107
26111
26119
26171
26183
26203
26227
26251
26263
26267
26339
26347
26371
26387
26399
26407
26423
26431
26459
26479
26539
26591
26627
26647
26683
26687
26699
26711
26723
26731
26759
26783
26839
26863
26879
26891
26903
26927
26947
26951
26959
26987
27011
27031
27043
27059
27067
27091
27103
27107
27127
27143
27179
27191
27211
27239
27259
27271
27283
27299
27367
27407
27427
27431
27479
27487
27527
27539
27551
27583
27611
27631
27647
27691
27739
27743
27751
27763
27767
27779
27791
27799
27803
27823
27827
27847
27851
27883
27919
27943
27947
27967
27983
28019
28027
28031
28051
28087
28099
28111
28123
28151
28163
28183
28211
28219
28279
28283
28307
28319
28351
28387
28403
28411
28439
28447
28463
28499
28547
28559
28571
28579
28591
28603
28607
28619
28627
28631
28643
28663
28687
28703
28711
28723
28751
28759
28771
28807
28843
28859
28867
28871
28879
28927
28979
29023
29027
29059
29063
29123
29131
29147
29167
29179
29191
29207
29231
29243
29251
29287
29303
29311
29327
29339
29347
29363
29383
29387
29399
29411
29423
29443
29483
29527
29531
29567
29587
29599
29611
29663
29671
29683
29723
29759
29803
29819
29851
29863
29867
29879
29927
29947
29959
29983
30011
30047
30059
30071
30091
30103
30119
30139
30187
30203
30211
30223
30259
30271
30307
30319
30323
30347
30367
30391
30403
30427
30431
30467
30491
30539
30559
30631
30643
30671
30703
30707
30727
30763
30803
30839
30851
30859
30871
30911
30931
30971
30983
31019
31039
31051
31063
31079
31091
31123
31139
31147
31151
31159
31183
31219
31223
31231
31247
31259
31267
31271
31307
31319
31327
31379
31387
31391
31511
31531
31543
31547
31567
31583
31607
31627
31643
31663
31667
31687
31699
31723
31727
31751
31771
31799
31847
31859
31883
31891
31907
31963
31991
32003
32027
32051
32059
32063
32083
32099
32119
32143
32159
32183
32191
32203
32251
32299
32303
32323
32327
32359
32363
32371
32411
32423
32443
32467
32479
32491
32503
32507
32531
32563
32579
32587
32603
32611
32647
32687
32707
32719
32771
32779
32783
32803
32831
32839
32843
32887
32911
32939
32971
32983
32987
32999
33023
33071
33083
33091
33107
33119
33151
33179
33191
33199
33203
33211
33223
33247
33287
33311
33331
33343
33347
33359
33391
33403
33427
33479
33487
33503
33547
33563
33587
33599
33619
33623
33647
33679
33703
33739
33751
33767
33791
33811
33827
33851
33863
33871
33911
33923
33931
33967
34019
34031
34039
34123
34127
34147
34159
34171
34183
34211
34231
34259
34267
34283
34303
34319
34327
34351
34367
34403
34439
34471
34483
34487
34499
34511
34519
34543
34583
34591
34603
34607
34631
34651
34667
34679
34687
34703
34739
34747
34759
34763
34807
34819
34843
34847
34871
34883
34919
34939
34963
35023
35027
35051
35059
35083
35099
35107
35111
35159
35171
35227
35251
35267
35279
35291
35311
35323
35327
35339
35363
35407
35419
35423
35447
35491
35507
35527
35531
35543
35591
35603
35671
35731
35747
35759
35771
35803
35831
35839
35851
35863
35879
35899
35911
35923
35951
35963
35983
35999
36007
36011
36067
36083
36107
36131
36151
36187
36191
36251
36263
36299
36307
36319
36343
36383
36451
36467
36479
36523
36527
36551
36559
36563
36571
36583
36587
36599
36607
36643
36671
36683
36691
36739
36767
36779
36787
36791
36847
36871
36887
36899
36919
36923
36931
36943
36947
36979
37003
37019
37039
37087
37123
37139
37159
37171
37199
37223
37243
37307
37339
37363
37379
37423
37447
37463
37483
37507
37511
37547
37567
37571
37579
37591
37607
37619
37643
37663
37691
37699
37747
37783
37799
37811
37831
37847
37871
37879
37907
37951
37963
37967
37987
37991
38011
38039
38047
38083
38119
38167
38183
38219
38231
38239
38287
38299
38303
38327
38351
38371
38431
38447
38459
38543
38567
38603
38611
38639
38651
38671
38699
38707
38711
38723
38747
38767
38783
38791
38803
38839
38851
38867
38891
38903
38923
38959
38971
39019
39023
39043
39047
39079
39103
39107
39119
39139
39163
39191
39199
39227
39239
39251
39323
39343
39359
39367
39371
39383
39419
39439
39443
39451
39499
39503
39511
39551
39563
39607
39619
39623
39631
39659
39667
39671
39679
39703
39719
39727
39779
39791
39799
39827
39839
39847
39863
39883
39887
39971
39979
39983
40031
40039
40063
40087
40099
40111
40123
40127
40151
40163
40231
40283
40343
40351
40387
40423
40427
40459
40471
40483
40487
40499
40507
40519
40531
40543
40559
40583
40591
40627
40639
40699
40739
40751
40759
40763
40771
40787
40819
40823
40847
40867
40879
40883
40903
40927
40939
41011
41023
41039
41047
41051
41131
41143
41179
41183
41203
41227
41231
41243
41263
41299
41351
41387
41399
41411
41443
41467
41479
41491
41507
41519
41539
41543
41579
41603
41611
41627
41647
41651
41659
41687
41719
41759
41771
41843
41851
41863
41879
41887
41903
41911
41927
41947
41959
41983
41999
42019
42023
42043
42071
42083
42131
42139
42179
42187
42223
42227
42239
42283
42299
42307
42323
42331
42359
42379
42391
42403
42407
42443
42451
42463
42467
42487
42491
42499
42571
42611
42643
42667
42683
42703
42719
42727
42743
42751
42767
42787
42839
42859
42863
42899
42923
42943
42967
42979
43003
43019
43051
43063
43067
43103
43151
43159
43207
43223
43271
43283
43291
43319
43331
43391
43399
43403
43411
43427
43451
43487
43499
43543
43579
43591
43607
43627
43651
43691
43711
43759
43783
43787
43867
43891
43943
43951
43963
43987
43991
44027
44059
44071
44087
44111
44119
44123
44131
44159
44171
44179
44203
44207
44263
44267
44279
44351
44371
44383
44483
44491
44507
44519
44531
44543
44563
44579
44587
44623
44647
44651
44683
44687
44699
44711
44771
44819
44839
44843
44851
44867
44879
44887
44927
44939
44959
44963
44971
44983
44987
45007
45083
45119
45127
45131
45139
45179
45191
45247
45259
45263
45307
45319
45343
45403
45427
45439
45491
45503
45523
45587
45599
45631
45659
45667
45691
45707
45751
45763
45767
45779
45823
45827
45863
45887
45943
45959
45971
45979
46027
46051
46091
46099
46103
46147
46171
46183
46187
46199
46219
46271
46279
46307
46327
46351
46399
46411
46439
46447
46451
46471
46499
46507
46511
46523
46559
46567
46591
46619
46639
46643
46663
46679
46687
46691
46703
46723
46727
46747
46751
46771
46807
46811
46819
46831
46867
46919
47051
47059
47087
47111
47119
47123
47143
47147
47207
47251
47279
47287
47303
47339
47351
47363
47387
47407
47419
47431
47459
47491
47507
47527
47543
47563
47591
47599
47623
47639
47659
47699
47711
47743
47779
47791
47807
47819
47843
47903
47911
47939
47947
47951
47963
48023
48079
48091
48119
48131
48163
48179
48187
48239
48247
48259
48271
48299
48311
48371
48383
48407
48463
48479
48487
48491
48523
48527
48539
48563
48571
48611
48619
48623
48647
48679
48731
48751
48767
48779
48787
48799
48823
48847
48859
48871
48883
48907
48947
48991
49003
49019
49031
49043
49103
49123
49139
49171
49199
49207
49211
49223
49279
49307
49331
49339
49363
49367
49391
49411
49451
49459
49463
49499
49523
49531
49547
49559
49603
49627
49639
49663
49667
49711
49727
49739
49747
49783
49787
49807
49811
49823
49831
49843
49871
49891
49919
49927
49939
49943
49991
49999
50023
50047
50051
50087
50111
50119
50123
50131
50147
50159
50207
50227
50231
50263
50287
50291
50311
50359
50363
50383
50387
50411
50423
50459
50503
50527
50539
50543
50551
50587
50591
50599
50627
50647
50651
50671
50683
50707
50723
50767
50839
50867
50891
50923
50951
50971
51031
51043
51047
51059
51071
51131
51151
51199
51203
51239
51263
51283
51287
51307
51343
51347
51383
51407
51419
51427
51431
51439
51479
51487
51503
51511
51539
51551
51563
51599
51607
51631
51647
51659
51679
51683
51691
51719
51767
51787
51803
51827
51839
51859
51871
51899
51907
51971
51991
52027
52051
52067
52103
52127
52147
52163
52183
52223
52259
52267
52291
52363
52379
52387
52391
52511
52543
52567
52571
52579
52583
52627
52631
52639
52667
52691
52711
52727
52747
52783
52807
52859
52879
52883
52903
52919
52951
52963
52967
52999
53003
53047
53051
53087
53147
53171
53231
53239
53267
53279
53299
53323
53327
53359
53407
53411
53419
53479
53503
53507
53527
53551
53591
53611
53623
53639
53699
53719
53731
53759
53783
53791
53819
53831
53887
53891
53899
53923
53927
53939
53951
53959
53987
54011
54059
54083
54091
54139
54151
54163
54167
54251
54287
54311
54319
54323
54331
54347
54367
54371
54403
54419
54443
54499
54503
54539
54547
54559
54563
54583
54623
54631
54647
54667
54679
54727
54751
54767
54779
54787
54799
54851
54907
54919
54959
54979
54983
55051
55079
55103
55127
55147
55163
55171
55207
55219
55243
55259
55291
55331
55339
55343
55351
55399
55411
55439
55487
55511
55547
55579
55603
55619
55631
55639
55663
55667
55691
55711
55763
55787
55799
55807
55819
55823
55843
55871
55903
55927
55931
55967
55987
56003
56039
56087
56099
56123
56131
56167
56171
56179
56207
56239
56263
56267
56299
56311
56359
56383
56431
56443
56467
56479
56503
56519
56527
56531
56543
56591
56599
56611
56659
56663
56671
56687
56711
56731
56747
56767
56779
56783
56807
56827
56843
56891
56911
56923
56951
56963
56983
56999
57047
57059
57107
57119
57131
57139
57143
57163
57179
57191
57203
57223
57251
57259
57271
57283
57287
57331
57347
57367
57383
57427
57467
57487
57503
57527
57559
57571
57587
57667
57679
57719
57727
57731
57751
57787
57791
57803
57839
57847
57859
57899
57923
57943
57947
57991
58027
58031
58043
58067
58099
58111
58147
58151
58171
58199
58207
58211
58231
58243
58271
58363
58367
58379
58391
58403
58411
58427
58439
58451
58511
58543
58567
58579
58603
58631
58679
58687
58699
58711
58727
58763
58771
58787
58831
58907
58943
58963
58967
58979
58991
59011
59023
59051
59063
59083
59107
59119
59123
59159
59167
59183
59207
59219
59239
59243
59263
59351
59359
59387
59399
59407
59419
59443
59447
59467
59471
59539
59567
59611
59627
59651
59659
59663
59671
59699
59707
59723
59743
59747
59771
59779
59791
59863
59879
59887
59951
59971
59999
60083
60091
60103
60107
60127
60139
60167
60223
60251
60259
60271
60331
60343
60383
60427
60443
60527
60539
60607
60611
60623
60631
60647
60659
60679
60703
60719
60727
60763
60779
60811
60859
60887
60899
60919
60923
60943
61007
61027
61031
61043
61051
61091
61099
61151
61211
61223
61231
61283
61291
61331
61339
61343
61363
61379
61403
61463
61471
61483
61487
61507
61511
61519
61543
61547
61559
61583
61603
61627
61631
61643
61651
61667
61687
61703
61723
61751
61819
61843
61871
61879
61927
61967
61979
61987
61991
62003
62011
62039
62047
62071
62099
62119
62131
62143
62171
62191
62207
62219
62299
62303
62311
62323
62327
62347
62351
62383
62423
62459
62467
62483
62507
62539
62563
62591
62603
62627
62639
62659
62683
62687
62723
62731
62743
62791
62819
62827
62851
62903
62927
62939
62971
62983
62987
63031
63059
63067
63079
63103
63127
63131
63179
63199
63211
63247
63299
63311
63331
63347
63367
63391
63419
63439
63443
63463
63467
63487
63499
63527
63559
63587
63599
63607
63611
63647
63659
63667
63671
63691
63703
63719
63727
63743
63799
63803
63823
63839
63863
63907
64007
64019
64063
64067
64091
64123
64151
64171
64187
64223
64231
64271
64279
64283
64303
64319
64327
64399
64403
64439
64451
64483
64499
64567
64579
64591
64627
64663
64667
64679
64747
64763
64783
64811
64871
64879
64891
64919
64927
64951
65003
65011
65027
65063
65071
65099
65111
65119
65123
65147
65167
65171
65179
65183
65203
65239
65267
65287
65323
65327
65371
65407
65419
65423
65447
65479
65519
65539
65543
65551
65563
65579
65587
65599
65647
65651
65687
65699
65707
65719
65731
65827
65831
65839
65843
65851
65867
65899
65927
65951
65963
65983
66047
66067
66071
66083
66103
66107
66179
66191
66239
66271
66343
66347
66359
66383
66403
66431
66463
66467
66491
66499
66523
66571
66587
66643
66683
66739
66751
66763
66791
66851
66863
66883
66919
66923
66931
66943
66947
66959
67003
67043
67079
67103
67139
67187
67211
67219
67231
67247
67271
67307
67339
67343
67391
67399
67411
67427
67447
67499
67511
67523
67531
67547
67559
67567
67579
67607
67619
67631
67651
67679
67699
67723
67751
67759
67763
67783
67807
67819
67843
67867
67883
67891
67927
67931
67939
67943
67967
67979
67987
68023
68059
68071
68087
68099
68111
68147
68171
68207
68219
68227
68239
68279
68311
68351
68371
68399
68443
68447
68483
68491
68507
68531
68539
68543
68567
68611
68639
68659
68683
68687
68699
68711
68743
68767
68771
68791
68819
68863
68879
68891
68899
68903
68927
68947
68963
69011
69019
69031
69067
69119
69127
69143
69151
69163
69191
69203
69239
69247
69259
69263
69371
69379
69383
69403
69427
69431
69439
69463
69467
69491
69499
69539
69623
69691
69739
69763
69767
69779
69827
69847
69859
69899
69911
69931
69959
69991
70003
70019
70039
70051
70067
70079
70099
70111
70123
70139
70163
70183
70199
70207
70223
70271
70327
70351
70379
70423
70439
70451
70459
70487
70507
70571
70583
70607
70619
70627
70639
70663
70667
70687
70783
70823
70843
70867
70879
70891
70919
70951
70979
70991
70999
71011
71023
71039
71059
71119
71143
71147
71167
71171
71191
71263
71287
71327
71339
71347
71359
71363
71387
71399
71411
71419
71443
71471
71479
71483
71503
71527
71551
71563
71647
71663
71671
71699
71707
71711
71719
71807
71843
71867
71879
71887
71899
71947
71963
71971
71983
71987
71999
72019
72031
72043
72047
72091
72103
72139
72167
72211
72223
72227
72251
72271
72287
72307
72367
72379
72383
72431
72467
72503
72547
72551
72559
72623
72643
72647
72671
72679
72707
72719
72727
72739
72763
72767
72823
72859
72871
72883
72907
72911
72923
72931
72959
73019
73039
73043
73063
73079
73091
73127
73243
73259
73291
73303
73327
73331
73351
73363
73379
73387
73459
73471
73483
73523
73547
73571
73583
73607
73643
73651
73679
73699
73727
73751
73771
73783
73819
73823
73847
73859
73867
73883
73907
73939
73943
73951
73999
74027
74047
74051
74071
74099
74131
74143
74159
74167
74203
74219
74231
74279
74287
74311
74323
74363
74383
74411
74419
74471
74507
74527
74531
74551
74567
74587
74611
74623
74687
74699
74707
74719
74731
74747
74759
74771
74779
74827
74831
74843
74887
74891
74903
74923
74959
75011
75079
75083
75167
75211
75223
75227
75239
75307
75323
75347
75367
75391
75403
75407
75431
75479
75503
75511
75527
75539
75571
75583
75611
75619
75659
75679
75683
75703
75707
75731
75743
75767
75787
75883
75931
75967
75979
75983
75991
76003
76031
76039
76079
76091
76099
76103
76123
76147
76159
76163
76207
76231
76243
76259
76283
76303
76343
76367
76379
76387
76403
76423
76463
76471
76487
76507
76511
76519
76543
76579
76603
76607
76631
76651
76667
76679
76771
76819
76831
76847
76871
76883
76907
76919
76943
76963
76991
77003
77023
77047
77167
77171
77191
77239
77243
77263
77267
77279
77291
77323
77339
77347
77351
77359
77383
77419
77431
77447
77471
77479
77491
77527
77543
77551
77563
77587
77591
77611
77647
77659
77687
77699
77711
77719
77723
77731
77743
77747
77783
77839
77863
77867
77899
77951
77983
77999
78007
78031
78059
78079
78139
78163
78167
78179
78191
78203
78259
78283
78307
78311
78347
78367
78427
78439
78467
78479
78487
78511
78539
78571
78583
78607
78623
78643
78691
78707
78779
78787
78791
78803
78823
78839
78887
78919
78979
79031
79039
79043
79063
79087
79103
79111
79139
79147
79151
79159
79187
79231
79259
79279
79283
79319
79367
79379
79399
79411
79423
79427
79451
79531
79559
79579
79627
79631
79687
79691
79699
79811
79823
79843
79847
79867
79903
79907
79939
79943
79967
79979
79987
79999
80039
80051
80071
80107
80111
80147
80167
80191
80207
80231
80239
80251
80263
80279
80287
80347
80363
80387
80407
80447
80471
80491
80527
80567
80599
80603
80611
80627
80651
80671
80683
80687
80747
80779
80783
80803
80819
80831
80863
80911
80923
80963
81019
81023
81031
81043
81047
81071
81083
81119
81131
81163
81199
81203
81223
81239
81283
81299
81307
81331
81343
81359
81371
81439
81463
81527
81547
81551
81559
81563
81611
81619
81647
81667
81671
81703
81707
81727
81799
81839
81847
81883
81899
81919
81931
81943
81967
81971
82003
82007
82031
82039
82051
82067
82139
82163
82171
82183
82207
82219
82223
82231
82267
82279
82307
82339
82351
82387
82463
82471
82483
82487
82499
82507
82531
82559
82567
82571
82591
82619
82651
82699
82723
82727
82759
82763
82787
82799
82811
82847
82883
82891
82903
82939
82963
83003
83023
83047
83059
83063
83071
83203
83207
83219
83227
83231
83243
83267
83299
83311
83339
83383
83399
83407
83423
83431
83443
83459
83471
83563
83579
83591
83639
83663
83719
83791
83843
83891
83903
83911
83939
83983
83987
84011
84047
84059
84067
84127
84131
84143
84163
84179
84191
84199
84211
84223
84239
84247
84263
84299
84307
84319
84347
84391
84407
84431
84443
84463
84467
84499
84503
84523
84551
84559
84631
84659
84691
84719
84731
84751
84787
84811
84827
84859
84871
84919
84947
84967
84979
84991
85027
85087
85091
85103
85147
85159
85199
85223
85243
85247
85259
85303
85331
85363
85411
85427
85439
85447
85451
85487
85523
85531
85571
85607
85619
85627
85639
85643
85667
85691
85703
85711
85751
85819
85831
85843
85847
85903
85931
85991
85999
86011
86027
86083
86111
86131
86143
86171
86179
86183
86239
86243
86263
86287
86291
86311
86323
86351
86371
86399
86423
86467
86491
86531
86539
86579
86587
86599
86627
86711
86719
86743
86767
86771
86783
86843
86851
86923
86927
86939
86951
86959
87011
87071
87083
87103
87107
87119
87151
87179
87187
87211
87223
87251
87299
87323
87359
87383
87403
87407
87427
87443
87491
87511
87523
87539
87547
87559
87583
87587
87623
87631
87643
87671
87679
87683
87691
87719
87739
87743
87751
87767
87803
87811
87887
87911
87931
87943
87959
87991
88003
88007
88019
88079
88211
88223
88259
88327
88339
88379
88411
88423
88427
88463
88471
88499
88523
88547
88591
88607
88643
88651
88663
88667
88747
88771
88799
88807
88811
88819
88843
88867
88883
88903
88919
88951
89003
89051
89071
89083
89087
89107
89119
89123
89203
89227
89231
89303
89363
89371
89387
89399
89431
89443
89459
89491
89519
89527
89563
89567
89591
89599
89603
89611
89627
89659
89671
89759
89767
89779
89783
89819
89839
89867
89891
89899
89923
89939
89959
89963
89983
90007
90011
90019
90023
90031
90059
90067
90071
90107
90127
90163
90187
90191
90199
90203
90227
90239
90247
90263
90271
90359
90371
90379
90403
90407
90439
90499
90511
90523
90527
90547
90583
90599
90619
90631
90647
90659
90679
90703
90731
90787
90803
90823
90847
90863
90887
90907
90911
90931
90947
90971
91019
91079
91099
91127
91139
91151
91159
91163
91183
91199
91243
91283
91291
91303
91331
91367
91387
91411
91423
91459
91463
91499
91571
91583
91591
91631
91639
91691
91703
91711
91771
91807
91811
91823
91867
91939
91943
91951
91967
92003
92051
92083
92107
92111
92119
92143
92179
92203
92219
92227
92243
92251
92311
92347
92363
92383
92387
92399
92419
92431
92459
92467
92479
92503
92507
92551
92567
92623
92627
92639
92647
92671
92683
92699
92707
92723
92767
92779
92791
92831
92863
92867
92899
92927
92951
92959
92987
93047
93059
93083
93103
93131
93139
93151
93179
93187
93199
93239
93251
93263
93283
93287
93307
93319
93323
93371
93383
93407
93419
93427
93463
93479
93487
93491
93503
93523
93559
93563
93607
93683
93703
93719
93739
93763
93787
93811
93827
93851
93871
93887
93911
93923
93967
93971
93979
93983
94007
94063
94079
94099
94111
94151
94207
94219
94291
94307
94327
94331
94343
94351
94379
94399
94427
94439
94447
94463
94483
94531
94543
94547
94559
94583
94603
94651
94687
94723
94727
94747
94771
94811
94819
94823
94847
94903
94907
94951
94999
95003
95027
95063
95071
95083
95087
95107
95111
95131
95143
95191
95203
95219
95231
95239
95267
95279
95287
95311
95327
95339
95383
95419
95443
95467
95471
95479
95483
95507
95527
95531
95539
95603
95651
95707
95723
95731
95747
95783
95791
95803
95819
95891
95911
95923
95947
95959
95971
95987
96043
96059
96079
96167
96179
96199
96211
96223
96259
96263
96323
96331
96419
96431
96443
96451
96479
96487
96527
96587
96643
96667
96671
96703
96731
96739
96763
96779
96787
96799
96823
96827
96847
96851
96907
96911
96931
96959
96979
97003
97007
97039
97103
97127
97151
97159
97171
97187
97231
97259
97283
97303
97327
97367
97379
97387
97423
97459
97463
97499
97511
97523
97547
97571
97579
97583
97607
97651
97687
97711
97771
97787
97843
97847
97859
97871
97879
97883
97919
97927
97931
97943
97967
97987
98011
98047
98123
98143
98179
98207
98227
98251
98299
98323
98327
98347
98387
98407
98411
98419
98443
98459
98467
98479
98491
98507
98519
98543
98563
98627
98639
98663
98711
98731
98779
98807
98867
98887
98899
98911
98927
98939
98947
98963
98999
99023
99079
99083
99103
99119
99131
99139
99191
99223
99251
99259
99347
99367
99371
99391
99431
99439
99487
99523
99527
99551
99559
99563
99571
99607
99611
99623
99643
99667
99679
99707
99719
99767
99787
99823
99839
99859
99871
99907
99923
99971
99991
100003
100019
100043
100103
100151
100183
100207
100267
100271
100279
100291
100343
100363
100379
100391
100403
100411
100447
100459
100483
100511
100519
100523
100547
100559
100591
100699
100703
100747
100787
100799
100811
100823
100847
100907
100927
100931
100943
100987
100999
101027
101051
101063
101107
101111
101119
101159
101183
101203
101207
101267
101279
101287
101323
101347
101359
101363
101383
101399
101411
101419
101467
101483
101503
101527
101531
101599
101603
101611
101627
101663
101719
101723
101747
101771
101807
101839
101863
101879
101891
101939
101963
101987
101999
102019
102023
102031
102043
102059
102071
102079
102103
102107
102139
102191
102199
102203
102251
102259
102299
102359
102367
102407
102451
102499
102503
102523
102539
102547
102551
102559
102563
102587
102607
102611
102643
102647
102667
102679
102763
102811
102859
102871
102911
102931
102967
102983
103007
103043
103067
103079
103087
103091
103099
103123
103171
103183
103231
103291
103307
103319
103387
103391
103399
103423
103451
103471
103483
103511
103567
103583
103591
103619
103643
103651
103687
103699
103703
103723
103787
103811
103843
103867
103903
103919
103951
103963
103967
103979
103991
104003
104047
104059
104087
104107
104119
104123
104147
104179
104183
104207
104231
104239
104243
104287
104311
104323
104327
104347
104383
104399
104459
104471
104479
104491
104527
104543
104551
104579
104623
104639
104651
104659
104683
104707
104711
104723
104743
104759
104779
104803
104827
104831
104851
104879
104891
104911
104947
104959
104971
104987
104999
105019
105023
105031
105071
105107
105143
105167
105199
105211
105227
105239
105251
105263
105319
105323
105331
105359
105367
105379
105407
105467
105491
105499
105503
105527
105563
105607
105619
105667
105683
105691
105727
105751
105767
105863
105871
105883
105899
105907
105943
105967
105971
105983
106019
106031
106087
106103
106123
106163
106187
106207
106219
106243
106279
106291
106303
106307
106319
106331
106363
106367
106391
106411
106427
106451
106487
106531
106543
106591
106619
106627
106663
106699
106703
106727
106739
106747
106751
106759
106783
106787
106823
106859
106867
106871
106903
106907
106963
106979
107071
107099
107119
107123
107171
107183
107227
107243
107251
107279
107323
107339
107347
107351
107467
107507
107563
107599
107603
107647
107671
107687
107699
107719
107747
107791
107827
107839
107843
107867
107903
107923
107927
107951
107971
107999
108007
108011
108023
108079
108107
108127
108131
108139
108179
108187
108191
108203
108211
108223
108247
108263
108271
108287
108343
108347
108359
108379
108439
108463
108499
108503
108571
108587
108631
108643
108707
108727
108739
108751
108791
108799
108803
108827
108863
108883
108887
108907
108923
108943
108947
108959
108967
108971
108991
109063
109103
109111
109139
109147
109159
109171
109199
109211
109267
109279
109303
109331
109363
109367
109379
109387
109391
109423
109451
109471
109507
109519
109547
109567
109579
109583
109619
109639
109663
109751
109807
109819
109831
109843
109847
109859
109883
109891
109903
109919
109943
109987
110023
110039
110051
110059
110063
110083
110119
110183
110251
110291
110311
110323
110339
110359
110419
110431
110459
110479
110491
110503
110527
110543
110563
110567
110587
110603
110623
110647
110651
110711
110731
110771
110807
110819
110863
110879
110899
110923
110927
110939
110947
110951
111031
111043
111091
111103
111119
111127
111143
111187
111191
111211
111227
111263
111271
111323
111347
111427
111431
111439
111443
111467
111487
111491
111539
111599
111611
111623
111659
111667
111731
111751
111767
111779
111791
111799
111827
111847
111863
111871
111919
111959
112019
112031
112067
112087
112103
112111
112139
112163
112199
112207
112223
112247
112279
112291
112303
112327
112331
112339
112363
112403
112459
112507
112543
112559
112571
112583
112603
112643
112663
112687
112691
112759
112771
112787
112799
112807
112831
112843
112859
112919
112927
112939
112951
112967
112979
113011
113023
113027
113039
113051
113063
113083
113111
113123
113131
113143
113147
113159
113167
113171
113227
113279
113287
113327
113359
113363
113371
113383
113467
113539
113567
113591
113623
113647
113683
113719
113723
113731
113759
113779
113783
113819
113843
113891
113899
113903
113947
113963
113983
114031
114043
114067
114083
114143
114167
114199
114203
114259
114299
114311
114319
114343
114371
114407
114419
114451
114467
114479
114487
114547
114571
114599
114643
114659
114671
114679
114691
114743
114799
114827
114847
114859
114883
114967
115019
115067
115079
115099
115123
115127
115151
115163
115183
115211
115223
115259
115279
115303
115319
115327
115331
115343
115363
115399
115459
115471
115499
115523
115547
115571
115603
115631
115663
115679
115727
115751
115763
115771
115783
115807
115811
115823
115831
115859
115879
115883
115891
115903
115931
115963
115979
115987
116027
116047
116099
116107
116131
116159
116167
116191
116239
116243
116279
116351
116359
116371
116387
116411
116423
116443
116447
116471
116483
116491
116507
116531
116539
116579
116639
116663
116687
116707
116719
116731
116747
116791
116803
116819
116827
116867
116903
116911
116923
116927
116959
117023
117043
117071
117119
117127
117163
117167
117191
117203
117223
117239
117251
117259
117307
117319
117331
117371
117427
117431
117443
117499
117503
117511
117539
117563
117571
117619
117643
117659
117671
117679
117703
117727
117731
117751
117763
117779
117787
117811
117839
117851
117883
117899
117911
117959
117979
117991
118043
118051
118127
118147
118163
118171
118211
118219
118247
118259
118343
118387
118399
118411
118423
118463
118471
118543
118571
118583
118603
118619
118687
118691
118739
118747
118751
118787
118799
118819
118831
118843
118891
118903
118907
118927
118931
118967
119027
119039
119047
119083
119087
119099
119107
119131
119159
119179
119183
119191
119227
119243
119267
119291
119299
119311
119359
119363
119419
119447
119503
119551
119563
119591
119611
119627
119659
119671
119687
119699
119723
119747
119759
119771
119783
119827
119831
119839
119851
119891
119923
119963
119971
119983
120011
120047
120067
120079
120091
120103
120163
120167
120199
120223
120247
120283
120299
120319
120331
120371
120383
120391
120427
120431
120503
120511
120539
120551
120563
120587
120607
120619
120623
120647
120671
120691
120739
120763
120767
120779
120811
120823
120847
120851
120863
120871
120899
120907
120919
120943
120947
121007
121019
121039
121063
121067
121123
121139
121151
121171
121259
121267
121271
121283
121291
121327
121343
121351
121367
121379
121403
121439
121447
121487
121507
121523
121531
121547
121559
121571
121579
121591
121607
121631
121687
121711
121727
121763
121787
121843
121867
121883
121931
121951
121963
121967
122011
122027
122039
122051
122099
122131
122147
122167
122203
122207
122219
122231
122251
122263
122267
122279
122299
122323
122327
122347
122363
122387
122399
122443
122471
122503
122527
122579
122599
122611
122651
122663
122719
122743
122819
122827
122839
122867
122887
122891
122939
122963
122971
123007
123031
123059
123083
123091
123127
123143
123191
123203
123239
123259
123307
123311
123323
123379
123407
123419
123427
123439
123479
123491
123499
123503
123527
123547
123551
123583
123619
123631
123667
123707
123719
123727
123731
123787
123791
123803
123863
123887
123911
123923
123931
123979
123983
124067
124087
124123
124139
124147
124171
124183
124199
124231
124247
124291
124303
124339
124343
124351
124363
124367
124427
124447
124459
124471
124543
124567
124643
124679
124699
124703
124739
124759
124771
124783
124799
124819
124823
124847
124907
124919
124951
124979
124987
124991
125003
125063
125107
125119
125131
125183
125207
125219
125231
125243
125287
125299
125303
125311
125339
125371
125383
125387
125399
125407
125423
125471
125507
125527
125539
125551
125591
125627
125639
125651
125659
125683
125687
125707
125711
125731
125743
125791
125803
125863
125887
125899
125927
125959
125963
126011
126019
126023
126031
126047
126067
126079
126107
126127
126131
126143
126151
126199
126211
126223
126227
126271
126307
126311
126323
126359
126443
126487
126491
126499
126547
126551
126583
126611
126631
126683
126691
126703
126719
126739
126743
126751
126823
126827
126839
126851
126859
126923
126943
126967
127031
127051
127079
127103
127123
127139
127163
127207
127219
127247
127271
127291
127331
127343
127363
127399
127403
127423
127447
127487
127507
127579
127583
127591
127607
127643
127663
127679
127691
127703
127711
127727
127739
127747
127763
127807
127819
127843
127859
127867
127931
127951
127979
128047
128099
128111
128119
128147
128159
128203
128239
128287
128291
128311
128327
128339
128347
128351
128399
128411
128431
128467
128483
128519
128551
128563
128591
128599
128603
128659
128663
128683
128747
128767
128819
128831
128879
128903
128923
128939
128951
128959
128971
128983
128987
129011
129023
129083
129119
129127
129187
129223
129263
129287
129347
129379
129403
129419
129439
129443
129491
129499
129527
129539
129587
129607
129631
129643
129671
129707
129719
129763
129803
129887
129919
129959
129967
129971
130003
130027
130043
130051
130079
130087
130099
130127
130147
130171
130183
130199
130211
130223
130259
130267
130279
130303
130307
130343
130363
130367
130379
130399
130411
130423
130439
130447
130483
130523
130531
130547
130579
130619
130631
130639
130643
130651
130687
130699
130783
130787
130807
130811
130843
130859
130927
130987
131011
131023
131059
131063
131071
131111
131143
131171
131203
131231
131251
131267
131303
131311
131363
131371
131431
131447
131479
131507
131519
131543
131591
131611
131627
131639
131671
131687
131707
131711
131731
131743
131759
131771
131779
131783
131839
131891
131899
131927
131939
131947
131959
132019
132047
132059
132071
132103
132151
132199
132247
132263
132283
132287
132299
132331
132347
132367
132371
132383
132403
132439
132491
132499
132511
132523
132527
132547
132607
132611
132619
132623
132631
132647
132667
132679
132707
132739
132751
132763
132851
132859
132863
132887
132911
132947
132967
132971
133039
133051
133087
133103
133183
133187
133271
133279
133283
133303
133319
133327
133351
133379
133387
133391
133403
133439
133447
133451
133499
133519
133543
133559
133571
133583
133631
133691
133711
133723
133811
133831
133843
133919
133963
133967
133979
133999
134039
134047
134059
134087
134171
134191
134207
134219
134227
134243
134263
134287
134291
134327
134339
134359
134363
134371
134399
134443
134471
134503
134507
134587
134591
134639
134683
134699
134707
134731
134807
134839
134851
134867
134887
134923
134947
134951
134999
135007
135019
135043
135059
135119
135131
135151
135211
135271
135283
135319
135347
135367
135391
135403
135427
135431
135463
135467
135479
135511
135559
135571
135599
135607
135623
135647
135671
135719
135727
135731
135743
135787
135799
135851
135859
135887
135899
135911
135979
136027
136043
136067
136099
136111
136139
136163
136207
136223
136247
136303
136319
136327
136343
136351
136379
136399
136403
136447
136463
136471
136483
136511
136519
136523
136531
136547
136559
136603
136607
136651
136691
136711
136727
136739
136751
136811
136859
136879
136883
136943
136951
136963
136979
136987
136991
136999
137087
137119
137131
137143
137147
137183
137191
137219
137239
137251
137279
137303
137339
137359
137363
137383
137387
137399
137443
137447
137483
137491
137507
137519
137567
137587
137623
137639
137659
137699
137707
137723
137743
137771
137791
137803
137827
137831
137867
137911
137927
137947
137983
137999
138007
138059
138071
138079
138107
138139
138143
138163
138179
138191
138239
138247
138251
138283
138311
138319
138323
138371
138403
138407
138427
138451
138511
138547
138559
138563
138571
138587
138599
138647
138679
138683
138727
138731
138739
138763
138799
138863
138883
138899
138923
138959
138967
139067
139079
139091
139123
139187
139199
139267
139291
139303
139339
139343
139367
139387
139423
139439
139459
139483
139487
139511
139547
139571
139591
139619
139627
139663
139703
139739
139747
139759
139787
139831
139871
139883
139891
139907
139939
139943
139967
139987
139991
139999
140071
140111
140123
140143
140159
140167
140171
140191
140207
140227
140263
140339
140351
140363
140407
140411
140419
140423
140443
140527
140551
140587
140603
140611
140627
140639
140659
140663
140683
140731
140759
140779
140827
140831
140839
140863
140867
140891
140939
140983
141023
141067
141079
141107
141131
141179
141199
141223
141263
141283
141307
141311
141319
141359
141371
141403
141439
141443
141499
141511
141539
141551
141587
141619
141623
141667
141671
141679
141707
141719
141731
141767
141803
141811
141851
141863
141871
141907
141931
141959
141971
141991
142007
142019
142031
142039
142067
142099
142111
142123
142151
142159
142183
142211
142223
142231
142271
142319
142327
142391
142403
142427
142543
142547
142559
142567
142591
142607
142619
142699
142711
142759
142771
142787
142799
142811
142867
142871
142903
142907
142939
142963
142979
143063
143107
143111
143159
143239
143243
143263
143287
143291
143387
143419
143443
143467
143483
143503
143519
143527
143551
143567
143651
143687
143699
143711
143719
143743
143779
143791
143807
143827
143831
143879
143947
143971
143999
144031
144071
144103
144139
144163
144167
144203
144223
144247
144259
144271
144299
144307
144311
144323
144379
144383
144407
144427
144439
144451
144479
144511
144539
144563
144583
144611
144659
144667
144671
144719
144731
144751
144763
144779
144791
144839
144847
144883
144887
144899
144931
144967
144983
145007
145031
145043
145063
145091
145139
145207
145219
145259
145267
145283
145303
145307
145391
145399
145423
145451
145459
145463
145471
145487
145511
145531
145543
145547
145603
145643
145679
145687
145703
145723
145759
145771
145799
145807
145819
145823
145879
145903
145931
145963
145967
145987
145991
146011
146023
146051
146059
146063
146099
146191
146203
146239
146291
146299
146323
146347
146359
146383
146407
146423
146519
146527
146539
146543
146563
146603
146639
146647
146683
146719
146743
146767
146807
146819
146843
146891
146983
146987
147011
147031
147047
147083
147107
147139
147151
147163
147179
147211
147227
147263
147283
147299
147311
147319
147331
147347
147391
147419
147451
147487
147503
147547
147551
147571
147583
147607
147647
147671
147703
147727
147739
147743
147779
147787
147799
147811
147827
147859
147863
147919
148063
148079
148091
148123
148139
148147
148151
148171
148199
148207
148243
148279
148303
148331
148339
148367
148387
148399
148403
148411
148439
148471
148483
148531
148579
148627
148639
148663
148667
148691
148711
148723
148727
148747
148763
148783
148859
148867
148891
148927
148931
148991
149011
149027
149059
149087
149099
149111
149119
149143
149159
149183
149239
149251
149287
149323
149351
149371
149399
149411
149419
149423
149459
149491
149503
149519
149531
149543
149551
149563
149579
149603
149623
149627
149711
149731
149759
149767
149771
149791
149803
149827
149839
149867
149899
149911
149939
149971
150011
150067
150083
150091
150107
150131
150151
150203
150211
150223
150239
150247
150287
150299
150323
150343
150379
150383
150407
150427
150431
150439
150503
150523
150551
150559
150571
150583
150587
150607
150611
150659
150707
150743
150767
150779
150791
150827
150847
150883
150907
150919
150959
150967
150979
150991
151007
151027
151051
151091
151163
151171
151243
151247
151279
151303
151339
151343
151379
151391
151423
151451
151471
151483
151499
151507
151523
151531
151579
151603
151607
151631
151643
151651
151667
151687
151703
151771
151783
151787
151799
151847
151871
151883
151903
151939
151967
152003
152027
152039
152063
152083
152111
152123
152147
152183
152203
152219
152231
152239
152267
152287
152311
152363
152407
152419
152423
152443
152459
152519
152531
152539
152563
152567
152599
152623
152639
152671
152723
152767
152783
152791
152819
152839
152843
152851
152879
152899
152939
152947
152959
153059
153067
153071
153107
153151
153191
153247
153259
153271
153287
153319
153343
153359
153371
153379
153407
153427
153443
153487
153499
153511
153523
153563
153607
153611
153623
153719
153739
153743
153763
153871
153887
153911
153947
153991
154027
154043
154067
154079
154087
154111
154127
154159
154183
154211
154243
154247
154267
154279
154291
154303
154339
154351
154387
154423
154439
154459
154487
154523
154543
154571
154579
154591
154619
154643
154667
154691
154699
154723
154727
154747
154787
154799
154807
154823
154871
154883
154927
154943
154991
155003
155027
155047
155083
155087
155119
155167
155171
155191
155203
155219
155231
155251
155291
155299
155303
155327
155371
155383
155387
155399
155423
155443
155539
155579
155599
155627
155663
155671
155699
155707
155719
155723
155731
155747
155783
155851
155863
155887
155891
156007
156011
156019
156059
156071
156119
156127
156131
156139
156151
156227
156259
156307
156319
156347
156371
156419
156467
156487
156491
156511
156539
156619
156623
156631
156659
156671
156679
156683
156691
156703
156707
156719
156727
156799
156823
156887
156899
156943
156967
156971
156979
157007
157019
157051
157103
157127
157163
157207
157211
157219
157231
157243
157247
157259
157271
157279
157291
157303
157307
157327
157351
157363
157411
157427
157483
157519
157523
157543
157559
157571
157579
157627
157639
157667
157679
157739
157747
157771
157799
157823
157831
157867
157907
157931
157951
157991
157999
158003
158047
158071
158143
158227
158231
158243
158303
158351
158359
158363
158371
158407
158419
158443
158507
158519
158527
158551
158563
158567
158591
158611
158647
158663
158699
158731
158747
158759
158771
158791
158803
158843
158863
158867
158923
158927
158959
159023
159059
159079
159119
159167
159179
159191
159199
159223
159227
159287
159311
159319
159347
159403
159407
159431
159463
159491
159499
159503
159539
159563
159571
159623
159631
159667
159671
159683
159707
159739
159763
159779
159787
159791
159799
159811
159839
159871
159899
159911
159931
159979
160019
160031
160079
160087
160091
160159
160163
160183
160207
160231
160243
160319
160343
160367
160387
160403
160423
160483
160499
160507
160579
160583
160591
160603
160619
160627
160639
160651
160663
160687
160711
160723
160739
160751
160807
160879
160883
160903
160907
160967
161039
161047
161059
161071
161087
161123
161159
161167
161263
161267
161303
161323
161339
161363
161387
161407
161411
161459
161471
161503
161507
161527
161531
161543
161563
161591
161599
161611
161627
161639
161659
161683
161731
161743
161771
161779
161783
161807
161831
161839
161879
161911
161923
161947
161971
161983
161999
162007
162011
162059
162079
162091
162119
162143
162251
162263
162287
162343
162359
162391
162419
162439
162451
162499
162523
162527
162563
162611
162623
162671
162683
162691
162703
162727
162731
162739
162751
162779
162787
162791
162823
162839
162847
162859
162907
162947
162971
163003
163019
163027
163063
163127
163147
163151
163171
163199
163211
163223
163243
163259
163307
163327
163351
163363
163367
163403
163411
163483
163487
163543
163567
163627
163643
163679
163771
163811
163819
163847
163859
163871
163883
163927
163979
163987
163991
164011
164023
164039
164051
164071
164147
164183
164191
164231
164239
164251
164267
164279
164291
164299
164363
164371
164387
164419
164431
164443
164447
164471
164503
164531
164587
164599
164623
164627
164663
164683
164707
164743
164767
164771
164831
164839
164911
164963
164987
164999
165047
165059
165079
165083
165103
165203
165211
165247
165287
165311
165331
165343
165367
165379
165383
165391
165443
165463
165479
165511
165523
165527
165551
165559
165587
165611
165667
165703
165707
165719
165779
165799
165811
165883
165887
165931
165947
165983
166027
166031
166043
166063
166099
166147
166151
166183
166207
166219
166247
166259
166303
166319
166351
166363
166399
166403
166471
166487
166567
166571
166603
166619
166627
166631
166643
166667
166679
166703
166723
166739
166783
166799
166807
166823
166843
166847
166867
166871
166919
166931
166967
166979
166987
167023
167039
167047
167051
167071
167087
167099
167107
167119
167159
167191
167267
167311
167339
167407
167423
167443
167471
167483
167491
167543
167611
167623
167627
167663
167683
167711
167747
167759
167771
167779
167863
167879
167887
167891
167899
167911
167971
167987
168023
168043
168067
168071
168083
168127
168143
168151
168211
168227
168247
168263
168323
168331
168347
168391
168451
168463
168491
168499
168523
168527
168559
168599
168631
168643
168719
168731
168743
168803
168851
168863
168887
168899
168943
168991
169003
169007
169019
169063
169067
169079
169111
169151
169159
169199
169219
169243
169259
169283
169307
169319
169327
169339
169343
169399
169427
169471
169483
169523
169531
169567
169583
169591
169607
169627
169639
169667
169691
169751
169783
169823
169831
169843
169859
169891
169919
169943
169951
169987
169991
170003
170047
170063
170099
170111
170123
170167
170179
170207
170227
170231
170239
170243
170263
170267
170279
170299
170327
170347
170351
170363
170371
170383
170447
170483
170503
170539
170551
170579
170603
170627
170647
170707
170711
170759
170767
170827
170843
170851
170887
170899
170927
170971
171007
171023
171043
171047
171079
171091
171103
171131
171163
171167
171179
171203
171251
171263
171271
171299
171383
171403
171427
171439
171467
171491
171539
171559
171571
171583
171659
171671
171679
171707
171719
171763
171799
171803
171811
171823
171827
171851
171863
171923
171947
172027
172031
172079
172127
172147
172171
172199
172219
172223
172243
172259
172279
172283
172307
172331
172343
172351
172399
172411
172423
172427
172439
172507
172519
172583
172603
172607
172619
172643
172663
172687
172751
172759
172787
172807
172859
172867
172871
172883
172987
172999
173023
173039
173059
173087
173099
173183
173191
173207
173219
173263
173267
173291
173347
173359
173431
173483
173491
173531
173539
173543
173599
173647
173651
173659
173671
173683
173687
173699
173707
173743
173779
173783
173807
173819
173827
173839
173851
173867
173891
173923
174007
174019
174047
174067
174071
174079
174091
174143
174259
174263
174299
174311
174331
174347
174367
174407
174431
174443
174467
174487
174491
174527
174571
174583
174599
174631
174659
174679
174703
174763
174767
174799
174851
174859
174907
174931
174943
174959
174991
175003
175039
175067
175079
175103
175211
175267
175291
175303
175327
175391
175403
175411
175447
175463
175499
175519
175523
175543
175631
175663
175687
175691
175699
175723
175727
175759
175783
175811
175843
175859
175891
175919
175939
175963
175979
175991
176023
176047
176051
176063
176087
176123
176159
176179
176191
176207
176227
176243
176299
176303
176327
176347
176383
176419
176431
176459
176467
176503
176507
176531
176551
176591
176599
176611
176651
176699
176711
176747
176779
176791
176807
176819
176887
176899
176903
176923
176927
176951
176983
177007
177011
177019
177043
177091
177127
177131
177167
177211
177223
177239
177283
177319
177323
177347
177379
177383
177427
177431
177467
177487
177511
177539
177623
177647
177679
177691
177739
177743
177763
177787
177791
177811
177823
177839
177883
177887
177907
177943
177967
177979
178039
178067
178091
178103
178127
178151
178183
178187
178207
178223
178231
178247
178259
178307
178327
178351
178403
178439
178447
178487
178531
178559
178567
178571
178603
178627
178639
178643
178691
178799
178807
178819
178831
178859
178903
178907
178931
178939
178951
178987
179051
179083
179099
179107
179111
179119
179143
179167
179203
179243
179287
179327
179351
179383
179407
179411
179471
179479
179483
179519
179527
179563
179579
179591
179603
179623
179651
179659
179671
179687
179719
179743
179779
179807
179819
179827
179899
179903
179923
179939
179947
179951
179999
180007
180023
180043
180071
180179
180211
180239
180247
180259
180263
180287
180307
180311
180331
180347
180371
180379
180391
180419
180463
180491
180503
180511
180539
180547
180563
180623
180647
180667
180679
180731
180751
180779
180799
180811
180847
180871
180883
180907
180959
181003
181019
181031
181039
181063
181087
181123
181183
181199
181211
181219
181243
181283
181303
181387
181399
181439
181459
181499
181523
181603
181607
181619
181639
181667
181711
181739
181751
181759
181763
181787
181871
181891
181903
181919
181927
181931
181943
181967
182011
182027
182047
182059
182099
182107
182111
182123
182131
182159
182167
182179
182239
182243
182279
182339
182387
182423
182431
182443
182467
182471
182503
182519
182579
182587
182599
182603
182627
182639
182659
182687
182711
182747
182779
182803
182839
182851
182867
182887
182899
182927
182999
183023
183047
183059
183067
183091
183119
183151
183167
183191
183203
183247
183259
183263
183283
183299
183307
183319
183343
183383
183439
183451
183479
183487
183499
183503
183511
183523
183527
183571
183587
183611
183683
183691
183707
183763
183823
183871
183907
183919
183943
183959
183971
183979
184003
184007
184031
184039
184043
184087
184111
184187
184199
184211
184231
184259
184271
184279
184291
184351
184447
184463
184487
184511
184523
184559
184567
184571
184607
184627
184631
184651
184687
184703
184711
184727
184823
184831
184843
184859
184879
184903
184967
184999
185027
185051
185063
185071
185099
185123
185131
185167
185183
185243
185267
185291
185299
185303
185323
185327
185359
185363
185371
185467
185483
185491
185519
185527
185531
185539
185543
185551
185567
185599
185651
185683
185699
185707
185711
185723
185747
185767
185819
185831
185903
185923
185947
185951
185959
185971
185987
186007
186019
186023
186071
186103
186107
186119
186163
186187
186191
186211
186227
186239
186247
186259
186271
186283
186299
186311
186343
186379
186391
186419
186451
186479
186551
186583
186587
186619
186647
186671
186679
186707
186727
186743
186763
186799
186859
186871
186883
186947
186959
187003
187027
187043
187067
187091
187111
187123
187127
187139
187163
187171
187211
187219
187223
187303
187339
187367
187379
187387
187423
187463
187471
187507
187531
187547
187559
187631
187639
187651
187687
187699
187711
187751
187763
187787
187823
187843
187871
187883
187907
187927
187931
187951
187963
187987
188011
188107
188143
188147
188159
188171
188179
188291
188299
188303
188311
188323
188351
188359
188407
188431
188443
188459
188483
188491
188519
188527
188563
188579
188603
188687
188707
188711
188719
188767
188779
188791
188827
188831
188843
188863
188891
188911
188927
188939
188983
188999
189011
189019
189043
189067
189127
189139
189151
189187
189199
189223
189239
189251
189271
189307
189311
189347
189391
189407
189439
189463
189467
189479
189491
189523
189547
189559
189583
189599
189619
189643
189671
189691
189743
189767
189799
189823
189851
189859
189887
189947
189967
189983
190027
190031
190051
190063
190147
190159
190207
190243
190271
190283
190331
190339
190367
190387
190391
190403
190471
190507
190523
190543
190579
190583
190591
190607
190639
190667
190699
190711
190759
190763
190783
190787
190807
190811
190823
190843
190871
190891
190979
191027
191039
191047
191071
191099
191119
191123
191143
191227
191231
191251
191299
191339
191447
191459
191467
191491
191507
191519
191531
191551
191563
191579
191599
191627
191671
191699
191707
191747
191783
191791
191803
191827
191831
191899
191903
191911
191999
192007
192043
192047
192091
192103
192187
192191
192239
192251
192259
192263
192271
192307
192319
192323
192343
192347
192383
192391
192407
192431
192463
192499
192539
192547
192571
192583
192587
192611
192631
192667
192743
192767
192791
192799
192811
192847
192859
192883
192887
192923
192931
192971
192979
192991
193003
193031
193043
193051
193139
193147
193163
193183
193243
193247
193283
193327
193367
193379
193387
193423
193447
193451
193463
193507
193559
193603
193607
193619
193663
193679
193703
193723
193727
193751
193763
193771
193799
193811
193847
193859
193871
193883
193891
193939
193943
193951
193979
194003
194027
194071
194083
194087
194119
194167
194179
194203
194239
194263
194267
194323
194371
194431
194443
194471
194479
194483
194507
194527
194543
194591
194647
194659
194671
194683
194687
194707
194723
194767
194771
194819
194827
194839
194863
194867
194891
194899
194911
194963
195023
195043
195047
195071
195103
195127
195131
195163
195203
195259
195271
195311
195319
195343
195359
195407
195427
195443
195479
195511
195527
195539
195599
195659
195691
195731
195739
195743
195751
195787
195791
195863
195883
195887
195907
195919
195931
195967
195971
195991
196003
196039
196043
196051
196087
196111
196139
196159
196171
196187
196247
196271
196279
196291
196303
196307
196331
196379
196387
196439
196459
196499
196519
196523
196543
196579
196583
196643
196663
196687
196699
196727
196739
196751
196771
196799
196831
196871
196879
196907
196919
196927
196991
197003
197023
197059
197063
197083
197123
197147
197159
197203
197207
197243
197279
197299
197311
197339
197347
197359
197371
197383
197419
197423
197479
197507
197539
197551
197567
197599
197647
197651
197683
197699
197711
197759
197767
197779
197803
197807
197831
197887
197891
197927
197947
197959
197963
197971
198031
198043
198047
198083
198091
198127
198139
198179
198223
198251
198259
198323
198347
198391
198427
198439
198463
198479
198491
198503
198571
198599
198623
198647
198659
198719
198811
198823
198827
198839
198851
198859
198899
198943
198959
198967
198971
199039
199103
199151
199207
199211
199247
199267
199343
199379
199399
199403
199411
199447
199483
199487
199499
199523
199559
199567
199583
199603
199679
199687
199739
199751
199783
199799
199807
199811
199819
199831
199931
199967
199999
200003
200023
200063
200087
200131
200159
200171
200183
200191
200227
200231
200323
200351
200363
200371
200383
200407
200443
200467
200483
200579
200587
200591
200639
200671
200699
200723
200731
200771
200779
200807
200843
200867
200891
200899
200903
200927
200971
200983
200987
201007
201011
201031
201107
201119
201139
201151
201163
201167
201203
201211
201247
201251
201287
201307
201359
201403
201451
201491
201499
201511
201547
201599
201611
201623
201667
201683
201731
201743
201767
201787
201791
201823
201827
201847
201907
201911
201919
201923
201947
201979
202031
202063
202067
202087
202099
202127
202183
202187
202219
202231
202243
202291
202327
202339
202343
202387
202403
202471
202519
202567
202591
202627
202639
202667
202679
202747
202751
202799
202823
202859
202879
202907
202931
202967
202987
202999
203011
203023
203039
203051
203183
203207
203227
203279
203311
203323
203339
203351
203363
203383
203387
203419
203431
203459
203531
203563
203579
203591
203627
203659
203663
203767
203771
203807
203843
203911
203947
203971
203999
204007
204019
204023
204047
204059
204067
204107
204143
204151
204163
204251
204299
204311
204319
204331
204359
204367
204371
204427
204431
204439
204443
204487
204511
204563
204583
204587
204599
204623
204667
204679
204707
204719
204751
204791
204803
204859
204871
204887
204923
204931
204947
204979
204983
205019
205031
205043
205063
205103
205111
205151
205171
205187
205211
205223
205267
205307
205319
205327
205339
205391
205399
205423
205427
205463
205483
205487
205507
205519
205559
205603
205607
205619
205627
205651
205663
205703
205759
205763
205783
205823
205847
205879
205883
205951
205963
205967
205991
206027
206039
206047
206051
206083
206123
206179
206183
206191
206203
206251
206263
206279
206291
206299
206303
206347
206351
206383
206399
206407
206411
206419
206447
206467
206483
206519
206527
206543
206551
206603
206623
206627
206639
206651
206699
206779
206783
206803
206807
206819
206827
206879
206887
206911
206923
206939
206951
207079
207127
207139
207187
207191
207199
207227
207239
207287
207307
207331
207343
207367
207371
207443
207463
207479
207491
207511
207523
207547
207551
207563
207619
207643
207671
207679
207719
207743
207763
207799
207811
207847
207923
207931
207947
207967
207971
208003
208067
208099
208111
208139
208147
208207
208223
208231
208279
208283
208291
208319
208367
208379
208387
208391
208459
208463
208499
208511
208519
208591
208627
208631
208667
208687
208699
208739
208759
208787
208799
208807
208843
208891
208907
208927
208931
208963
208991
209039
209063
209071
209123
209147
209159
209179
209203
209227
209263
209267
209299
209311
209327
209347
209359
209371
209431
209459
209471
209519
209543
209563
209567
209579
209623
209639
209647
209659
209687
209707
209719
209743
209767
209771
209819
209851
209887
209927
209939
209959
209971
209983
209987
210011
210019
210031
210071
210127
210131
210139
210143
210187
210191
210247
210263
210283
210299
210319
210323
210347
210359
210391
210403
210407
210467
210487
210491
210499
210523
210527
210599
210619
210631
210643
210659
210671
210719
210731
210739
210803
210811
210823
210827
210839
210907
210911
210923
210943
210967
211007
211039
211051
211063
211067
211151
211187
211199
211219
211231
211247
211271
211283
211291
211319
211339
211403
211427
211499
211507
211543
211559
211571
211583
211619
211639
211643
211663
211691
211711
211723
211727
211747
211811
211859
211867
211879
211891
211927
211931
211943
211979
212039
212099
212123
212131
212167
212183
212203
212207
212227
212239
212243
212383
212411
212419
212423
212447
212467
212479
212507
212579
212587
212627
212651
212671
212683
212791
212827
212843
212851
212867
212903
212923
212987
212999
213019
213023
213043
213067
213079
213091
213119
213131
213139
213203
213223
213247
213263
213287
213307
213319
213359
213383
213391
213407
213467
213491
213523
213539
213599
213611
213623
213659
213727
213751
213791
213799
213827
213847
213859
213887
213919
213943
213947
214003
214007
214031
214043
214051
214063
214087
214091
214147
214163
214211
214219
214243
214259
214283
214351
214363
214391
214399
214439
214451
214463
214483
214499
214507
214519
214531
214559
214603
214607
214631
214639
214651
214663
214667
214691
214723
214759
214763
214771
214783
214787
214807
214811
214831
214867
214883
214891
214939
214943
214967
214987
215051
215063
215087
215123
215143
215179
215183
215191
215239
215279
215351
215359
215399
215443
215447
215459
215471
215483
215503
215507
215531
215563
215587
215659
215687
215723
215767
215771
215827
215843
215851
215863
215899
215927
215939
215959
215983
216023
216071
216091
216103
216107
216119
216127
216179
216211
216259
216263
216319
216347
216371
216379
216431
216451
216523
216551
216571
216607
216647
216679
216703
216719
216731
216743
216751
216779
216787
216791
216803
216851
216859
216899
216911
216919
216947
216967
216991
217003
217027
217111
217163
217199
217207
217219
217223
217271
217307
217319
217339
217351
217363
217367
217387
217411
217439
217463
217499
217519
217559
217579
217619
217643
217667
217687
217691
217727
217739
217747
217771
217823
217859
217907
217979
218003
218047
218083
218087
218107
218111
218131
218143
218171
218191
218227
218279
218287
218363
218371
218419
218423
218447
218459
218479
218527
218531
218551
218579
218591
218599
218611
218623
218627
218651
218711
218719
218723
218783
218819
218839
218843
218887
218923
218947
218963
218971
218987
219019
219031
219059
219071
219083
219091
219103
219119
219143
219187
219223
219251
219311
219371
219407
219451
219463
219467
219491
219503
219523
219547
219587
219599
219607
219619
219647
219679
219683
219707
219727
219731
219763
219767
219787
219799
219823
219839
219847
219851
219871
219911
219931
219943
219959
219971
219979
219983
220019
220063
220123
220147
220151
220163
220243
220279
220291
220307
220327
220351
220391
220399
220403
220411
220447
220471
220511
220543
220559
220579
220663
220667
220687
220699
220747
220771
220783
220807
220811
220859
220879
220903
220907
220919
220931
220939
221047
221059
221071
221083
221087
221159
221171
221203
221219
221227
221239
221251
221303
221311
221327
221399
221411
221447
221471
221539
221567
221587
221603
221623
221659
221671
221707
221719
221723
221747
221807
221827
221831
221891
221951
221987
221999
222007
222011
222023
222043
222059
222067
222107
222127
222151
222163
222199
222247
222311
222323
222347
222367
222379
222403
222419
222499
222511
222527
222587
222619
222643
222647
222659
222679
222707
222731
222779
222787
222791
222799
222823
222839
222863
222883
222919
222931
222947
222967
222979
222991
223007
223019
223051
223063
223087
223099
223103
223151
223207
223211
223219
223243
223247
223259
223283
223291
223303
223319
223331
223339
223367
223403
223423
223439
223463
223507
223543
223547
223667
223679
223711
223747
223759
223823
223831
223843
223903
223919
223939
223963
223999
224011
224027
224047
224071
224131
224171
224239
224251
224267
224291
224299
224303
224327
224351
224359
224363
224423
224443
224467
224491
224527
224563
224579
224591
224603
224611
224683
224699
224711
224743
224759
224771
224831
224863
224891
224911
224947
224951
225023
225067
225079
225119
225143
225163
225167
225223
225227
225263
225287
225299
225307
225343
225347
225371
225383
225427
225431
225479
225499
225503
225523
225527
225583
225611
225619
225671
225683
225751
225767
225779
225839
225859
225871
225919
225931
225943
225983
226007
226027
226063
226087
226099
226103
226123
226183
226199
226231
226267
226283
226307
226367
226379
226427
226451
226463
226483
226487
226511
226531
226547
226571
226631
226643
226663
226691
226783
226799
226819
226823
226843
226871
226903
226907
226943
226991
227011
227027
227111
227131
227147
227159
227167
227191
227207
227219
227231
227251
227267
227299
227303
227363
227371
227387
227399
227407
227419
227431
227459
227467
227471
227519
227531
227567
227603
227611
227627
227651
227663
227671
227699
227707
227719
227743
227827
227947
227951
228023
228103
228127
228131
228139
228199
228203
228211
228223
228251
228299
228307
228311
228331
228359
228383
228419
228427
228443
228451
228479
228511
228523
228539
228559
228587
228611
228619
228647
228707
228731
228751
228799
228847
228859
228883
228887
228911
228923
228959
228983
229003
229027
229123
229127
229139
229171
229199
229223
229247
229267
229283
229343
229351
229399
229403
229423
229459
229487
229499
229507
229519
229547
229583
229591
229627
229631
229639
229699
229703
229711
229727
229739
229751
229759
229763
229771
229799
229819
229847
229903
229939
229963
229979
230003
230047
230059
230063
230107
230123
230143
230203
230227
230239
230291
230303
230311
230327
230339
230383
230387
230431
230467
230471
230479
230507
230539
230551
230563
230567
230611
230647
230663
230683
230719
230743
230767
230771
230779
230807
230819
230827
230863
230891
230939
230959
230999
231019
231031
231067
231079
231107
231131
231223
231271
231299
231323
231331
231347
231359
231367
231379
231419
231431
231443
231463
231479
231503
231547
231551
231559
231563
231571
231599
231607
231611
231631
231643
231719
231779
231799
231823
231827
231839
231859
231871
231919
231923
231943
231947
231967
232003
232007
232051
232079
232091
232103
232171
232187
232207
232259
232303
232307
232363
232367
232391
232411
232439
232451
232459
232487
232499
232523
232567
232571
232591
232607
232643
232663
232699
232711
232751
232811
232819
232823
232847
232871
232891
232907
232919
232963
232987
233071
233083
233143
233159
233183
233231
233239
233251
233267
233279
233323
233327
233347
233371
233407
233419
233423
233551
233591
233599
233663
233683
233687
233743
233747
233759
233851
233879
233911
233923
233939
233983
234007
234043
234067
234083
234103
234131
234139
234167
234187
234191
234203
234211
234239
234259
234271
234287
234319
234323
234331
234343
234383
234431
234463
234467
234499
234511
234527
234539
234547
234571
234587
234599
234659
234683
234727
234743
234791
234799
234803
234811
234847
234851
234863
234907
234931
234947
234959
234967
234979
235003
235007
235043
235051
235091
235099
235111
235159
235171
235199
235211
235231
235243
235307
235439
235447
235483
235519
235523
235559
235591
235607
235663
235679
235699
235723
235747
235751
235783
235787
235811
235871
235891
235919
235927
235951
235967
235979
236063
236087
236107
236111
236143
236167
236207
236219
236231
236287
236323
236339
236387
236399
236407
236471
236479
236503
236507
236519
236527
236563
236627
236659
236699
236707
236723
236771
236779
236783
236807
236867
236879
236891
236947
236983
237011
237019
237043
237067
237071
237091
237143
237151
237163
237179
237203
237271
237283
237287
237319
237331
237343
237379
237467
237487
237547
237563
237571
237607
237619
237631
237683
237691
237707
237763
237767
237791
237851
237859
237883
237911
237959
237967
237971
238019
238031
238039
238079
238099
238103
238151
238159
238163
238171
238207
238223
238247
238267
238291
238307
238331
238339
238363
238423
238439
238451
238463
238471
238499
238519
238531
238547
238591
238627
238639
238691
238703
238723
238727
238747
238759
238859
238879
238883
238919
238939
238943
238967
238991
239023
239027
239087
239119
239147
239167
239171
239179
239231
239243
239251
239263
239287
239347
239383
239387
239423
239431
239527
239531
239539
239543
239567
239579
239587
239611
239623
239671
239699
239711
239731
239779
239783
239803
239807
239831
239843
239851
239879
239947
239963
239999
240007
240011
240043
240047
240059
240131
240139
240151
240203
240259
240263
240271
240283
240287
240319
240347
240371
240379
240479
240491
240503
240551
240571
240587
240599
240607
240623
240631
240659
240707
240719
240727
240739
240743
240763
240811
240859
240883
240899
240943
240959
240967
241027
241051
241067
241079
241127
241183
241207
241259
241271
241291
241303
241327
241343
241363
241391
241463
241511
241543
241559
241567
241603
241639
241643
241651
241663
241667
241679
241687
241691
241711
241727
241739
241771
241783
241807
241811
241823
241847
241867
241883
241903
241907
241919
241931
241939
241951
241963
241979
242059
242083
242119
242147
242171
242227
242243
242279
242371
242399
242419
242447
242467
242479
242483
242491
242519
242551
242591
242603
242639
242647
242659
242731
242747
242779
242807
242819
242863
242867
242887
242911
242923
242927
242971
242999
243011
243031
243091
243119
243167
243203
243227
243239
243259
243263
243311
243343
243367
243391
243403
243431
243479
243487
243527
243539
243583
243587
243623
243631
243643
243647
243671
243703
243707
243787
243799
243839
243851
243863
243871
243911
243931
244003
244043
244087
244091
244147
244159
244199
244219
244243
244247
244291
244303
244339
244351
244367
244379
244399
244403
244411
244423
244451
244463
244471
244507
244547
244567
244583
244603
244619
244639
244667
244687
244691
244703
244711
244747
244759
244787
244843
244859
244939
244943
245023
245039
245071
245083
245087
245107
245131
245171
245183
245251
245279
245291
245299
245339
245383
245407
245411
245419
245471
245519
245527
245563
245587
245591
245627
245639
245671
245683
245711
245719
245723
245747
245759
245771
245783
245851
245863
245899
245911
245963
245983
246011
246119
246131
246151
246167
246187
246203
246223
246247
246251
246271
246319
246343
246371
246391
246403
246439
246511
246523
246527
246539
246599
246607
246611
246643
246683
246707
246731
246739
246787
246803
246811
246839
246899
246907
246919
246923
246931
246947
246971
246979
247007
247031
247067
247087
247099
247183
247223
247259
247279
247339
247343
247363
247391
247439
247451
247463
247519
247531
247547
247579
247591
247603
247607
247651
247691
247711
247739
247759
247771
247799
247811
247847
247879
247939
247943
247991
247999
248051
248063
248071
248099
248119
248167
248179
248203
248231
248243
248267
248291
248299
248323
248351
248371
248407
248431
248447
248483
248543
248579
248587
248627
248639
248683
248707
248719
248723
248779
248783
248827
248839
248851
248867
248879
248887
248891
248903
248971
248987
249059
249079
249103
249107
249127
249131
249143
249187
249199
249211
249287
249311
249367
249383
249419
249427
249439
249463
249499
249503
249539
249563
249583
249607
249647
249659
249671
249703
249727
249763
249779
249811
249827
249859
249863
249871
249911
249923
249943
249947
249967
249971
250007
250027
250031
250043
250051
250091
250123
250147
250199
250259
250267
250279
250307
250343
250403
250423
250451
250499
250543
250583
250619
250643
250687
250703
250727
250739
250751
250787
250799
250807
250867
250871
250919
250951
250963
250967
250979
251003
251051
251059
251063
251071
251087
251099
251143
251159
251171
251179
251191
251203
251219
251231
251263
251287
251291
251323
251347
251359
251387
251431
251443
251467
251483
251491
251519
251527
251539
251543
251567
251611
251623
251639
251663
251707
251791
251831
251843
251879
251887
251903
251939
251947
251971
251983
252079
252139
252143
252151
252163
252223
252283
252319
252323
252359
252383
252391
252419
252431
252443
252463
252559
252583
252607
252611
252667
252691
252727
252731
252767
252779
252823
252827
252887
252899
252911
252919
252971
252979
252983
253003
253063
253103
253159
253243
253247
253307
253343
253367
253387
253423
253427
253439
253447
253507
253531
253543
253567
253607
253639
253651
253679
253703
253751
253763
253787
253811
253819
253823
253867
253871
253879
253907
253919
253951
253987
253999
254003
254027
254039
254047
254071
254083
254119
254147
254179
254207
254279
254291
254299
254383
254407
254447
254491
254519
254623
254627
254647
254659
254663
254699
254731
254747
254783
254791
254803
254827
254831
254879
254887
254899
254911
254927
254959
254963
254971
254987
255007
255019
255023
255043
255071
255083
255107
255127
255179
255191
255239
255247
255251
255259
255371
255383
255419
255443
255467
255487
255499
255503
255511
255523
255551
255571
255587
255659
255667
255679
255743
255763
255767
255803
255839
255847
255851
255859
255887
255907
255919
255923
255947
255971
256019
256031
256079
256147
256163
256187
256199
256211
256219
256279
256307
256363
256391
256423
256471
256483
256499
256567
256579
256603
256639
256643
256651
256687
256699
256723
256771
256799
256831
256903
256931
256939
256967
257003
257099
257107
257123
257171
257219
257239
257263
257287
257311
257339
257351
257371
257399
257407
257443
257447
257459
257503
257519
257539
257591
257611
257627
257639
257671
257687
257707
257711
257731
257783
257791
257863
257867
257879
257903
257947
257987
258019
258023
258031
258067
258107
258119
258127
258131
258143
258211
258283
258299
258319
258331
258403
258407
258443
258487
258491
258499
258527
258539
258551
258563
258607
258611
258623
258631
258659
258691
258703
258707
258743
258763
258779
258787
258803
258827
258847
258871
258887
258919
258959
258967
258971
258983
258991
259019
259099
259123
259151
259159
259163
259183
259211
259219
259271
259339
259379
259387
259411
259451
259459
259499
259507
259531
259547
259583
259603
259619
259627
259631
259639
259643
259667
259691
259723
259751
259771
259783
259823
259867
259907
259943
259967
259991
260003
260011
260023
260047
260111
260171
260179
260191
260207
260231
260263
260339
260363
260387
260399
260411
260419
260467
260483
260527
260539
260543
260551
260587
260647
260651
260671
260723
260747
260791
260807
260863
260879
260951
260959
260983
260987
260999
261011
261031
261043
261059
261071
261127
261167
261223
261251
261271
261323
261347
261379
261407
261427
261431
261439
261451
261463
261467
261523
261563
261587
261619
261631
261643
261707
261739
261787
261791
261799
261823
261847
261887
261959
261971
261983
262007
262027
262051
262079
262103
262111
262127
262139
262147
262151
262187
262231
262271
262303
262331
262351
262387
262391
262399
262411
262459
262511
262519
262543
262567
262583
262627
262643
262651
262723
262739
262747
262783
262807
262819
262883
263023
263047
263063
263071
263083
263111
263119
263167
263171
263183
263191
263227
263239
263267
263287
263303
263323
263383
263387
263399
263411
263423
263443
263491
263503
263519
263567
263591
263611
263647
263651
263723
263759
263803
263819
263827
263843
263863
263867
263899
263911
263927
263951
263983
264007
264031
264059
264071
264083
264091
264127
264139
264167
264179
264211
264263
264283
264323
264331
264343
264359
264371
264391
264403
264443
264463
264487
264527
264559
264599
264619
264631
264643
264659
264731
264739
264743
264763
264779
264787
264791
264811
264827
264839
264871
264899
264919
264931
264959
264991
265003
265007
265079
265091
265123
265151
265163
265207
265231
265247
265271
265339
265399
265403
265423
265427
265451
265459
265471
265483
265511
265543
265547
265567
265571
265579
265607
265619
265703
265711
265739
265747
265787
265807
265819
265831
265847
265871
265883
265891
265987
266003
266023
266027
266047
266051
266059
266083
266099
266111
266159
266183
266239
266291
266351
266359
266411
266447
266479
266491
266587
266599
266603
266647
266663
266671
266683
266687
266711
266719
266759
266767
266839
266863
266867
266891
266899
266927
266947
266971
266983
266999
267131
267139
267143
267167
267187
267199
267203
267227
267259
267271
267299
267307
267391
267403
267419
267431
267439
267451
267479
267511
267523
267551
267587
267611
267643
267647
267667
267671
267679
267719
267727
267739
267763
267791
267803
267811
267863
267887
267899
267907
267959
268003
268043
268063
268091
268123
268171
268199
268207
268211
268267
268271
268283
268291
268343
268403
268439
268459
268487
268507
268519
268531
268547
268607
268643
268747
268759
268771
268783
268811
268819
268823
268843
268883
268927
268979
268999
269023
269039
269063
269131
269167
269179
269183
269219
269231
269251
269327
269351
269383
269387
269419
269431
269519
269527
269539
269543
269579
269623
269651
269663
269683
269719
269723
269779
269783
269791
269851
269879
269887
269891
269923
269939
269947
269987
270031
270059
270071
270131
270143
270163
270167
270191
270223
270239
270271
270287
270299
270307
270311
270323
270343
270371
270379
270407
270443
270451
270463
270527
270539
270547
270551
270563
270583
270587
270619
270631
270659
270667
270679
270719
270763
270791
270799
270859
270899
270923
270931
270967
271003
271027
271043
271067
271079
271127
271163
271211
271231
271279
271351
271363
271367
271451
271463
271471
271483
271499
271571
271603
271619
271639
271651
271703
271723
271771
271787
271807
271811
271867
271879
271903
271919
271927
271939
271967
272003
272011
272039
272059
272131
272171
272179
272183
272191
272203
272227
272231
272263
272267
272287
272299
272347
272351
272359
272383
272399
272407
272411
272423
272507
272539
272563
272567
272603
272651
272659
272683
272719
272759
272771
272807
272863
272879
272887
272903
272911
272927
272959
272971
272983
272999
273043
273047
273059
273067
273083
273107
273127
273131
273187
273271
273283
273311
273323
273359
273367
273503
273527
273551
273643
273719
273727
273739
273787
273803
273827
273899
273919
273943
273967
273971
273979
274007
274019
274103
274123
274139
274147
274163
274171
274187
274199
274223
274243
274259
274271
274283
274403
274423
274451
274471
274579
274583
274591
274627
274667
274679
274711
274723
274739
274751
274783
274787
274811
274831
274843
274847
274867
274871
274931
274943
274951
275003
275027
275039
275047
275059
275083
275087
275131
275147
275159
275167
275183
275207
275227
275251
275263
275299
275323
275339
275371
275399
275419
275423
275447
275459
275491
275503
275531
275543
275579
275591
275599
275623
275651
275699
275711
275719
275767
275783
275827
275911
275923
275939
275963
275987
275999
276007
276011
276019
276043
276047
276079
276083
276091
276151
276187
276191
276239
276247
276251
276319
276323
276343
276347
276359
276371
276439
276443
276467
276487
276499
276503
276527
276587
276599
276623
276671
276707
276739
276763
276767
276779
276823
276827
276839
276847
276883
276907
276919
277003
277007
277051
277063
277087
277099
277163
277183
277223
277231
277247
277259
277279
277331
277363
277411
277427
277483
277499
277531
277547
277567
277579
277603
277639
277643
277663
277687
277691
277703
277747
277751
277787
277847
277859
277883
277891
277903
277919
277999
278051
278063
278071
278087
278111
278119
278123
278143
278147
278191
278207
278219
278227
278279
278347
278363
278387
278459
278479
278491
278503
278543
278563
278591
278611
278623
278627
278639
278651
278671
278687
278743
278767
278807
278819
278827
278843
278867
278879
278891
278903
278911
278947
279007
279023
279047
279119
279127
279131
279143
279179
279187
279203
279211
279311
279407
279431
279443
279451
279479
279511
279523
279551
279571
279583
279607
279619
279659
279679
279707
279731
279751
279767
279779
279823
279847
279863
279883
279919
279967
279991
280031
280099
280103
280139
280183
280187
280199
280207
280219
280223
280243
280303
280327
280339
280351
280411
280451
280463
280487
280499
280507
280547
280583
280591
280603
280607
280627
280639
280699
280703
280711
280751
280759
280771
280811
280843
280859
280871
280879
280883
280927
280939
280963
280967
280979
281023
281063
281131
281159
281167
281191
281207
281227
281243
281251
281279
281291
281327
281339
281363
281419
281423
281431
281527
281531
281539
281551
281563
281579
281623
281627
281647
281651
281663
281683
281719
281747
281767
281783
281791
281803
281807
281839
281867
281887
281923
281927
281947
281959
281971
282011
282019
282059
282071
282091
282103
282127
282143
282167
282239
282287
282299
282307
282311
282383
282391
282407
282427
282439
282487
282559
282563
282571
282599
282671
282679
282683
282691
282703
282707
282767
282827
282847
282851
282907
282911
282959
282991
283007
283027
283051
283079
283099
283111
283139
283159
283163
283183
283207
283211
283267
283303
283403
283411
283447
283463
283487
283511
283519
283571
283579
283583
283607
283631
283639
283687
283763
283771
283799
283807
283831
283859
283979
284003
284023
284051
284059
284083
284111
284131
284159
284191
284227
284231
284243
284267
284311
284387
284407
284423
284447
284467
284483
284507
284527
284539
284551
284587
284591
284623
284651
284659
284707
284723
284731
284743
284747
284759
284783
284803
284807
284819
284831
284839
284899
284927
285007
285023
285031
285071
285079
285091
285119
285139
285151
285179
285191
285199
285227
285251
285283
285287
285343
285451
285463
285539
285559
285599
285611
285631
285643
285667
285707
285731
285763
285767
285823
285827
285839
285871
285979
285983
286019
286043
286063
286103
286163
286171
286199
286243
286367
286411
286427
286459
286483
286487
286499
286519
286543
286547
286591
286619
286651
286687
286703
286711
286751
286763
286771
286831
286859
286927
286987
286999
287003
287047
287059
287087
287099
287107
287159
287167
287179
287191
287219
287239
287251
287279
287291
287327
287347
287383
287387
287491
287503
287579
287611
287671
287731
287747
287783
287851
287863
287867
287887
287939
288007
288023
288179
288191
288199
288203
288227
288247
288283
288307
288359
288383
288403
288427
288467
288499
288527
288539
288551
288559
288571
288583
288647
288679
288683
288731
288751
288767
288803
288823
288839
288851
288907
288931
288947
288979
288991
289019
289031
289039
289063
289067
289099
289103
289111
289127
289139
289151
289171
289243
289283
289291
289319
289343
289423
289439
289463
289511
289543
289559
289603
289607
289643
289727
289759
289763
289771
289843
289847
289859
289871
289951
289967
289987
289999
290011
290023
290027
290039
290047
290083
290107
290119
290183
290219
290243
290327
290347
290351
290359
290383
290399
290419
290443
290447
290471
290527
290531
290539
290611
290623
290627
290659
290663
290671
290707
290711
290767
290791
290803
290827
290839
290879
290923
290959
290963
290971
290987
290999
291007
291043
291103
291107
291143
291167
291191
291199
291271
291287
291299
291331
291359
291367
291371
291419
291439
291443
291491
291503
291539
291547
291559
291563
291619
291647
291691
291727
291743
291751
291779
291791
291887
291899
291923
291971
291979
291983
292027
292079
292091
292147
292183
292223
292231
292267
292283
292319
292343
292351
292363
292367
292427
292459
292471
292483
292531
292627
292631
292667
292679
292703
292711
292727
292759
292807
292819
292867
292879
292979
293071
293087
293099
293107
293123
293147
293179
293207
293263
293311
293339
293351
293399
293431
293459
293467
293483
293507
293543
293599
293603
293639
293651
293659
293723
293767
293791
293803
293827
293831
293863
293899
293983
293999
294023
294043
294059
294067
294103
294127
294131
294167
294179
294199
294211
294223
294227
294247
294251
294311
294319
294347
294383
294391
294403
294431
294439
294467
294479
294499
294523
294551
294563
294647
294659
294703
294731
294751
294787
294799
294803
294859
294887
294911
294919
294923
294947
294979
294991
295007
295039
295079
295111
295123
295187
295199
295219
295247
295259
295271
295283
295291
295319
295363
295387
295411
295439
295459
295567
295571
295591
295663
295699
295703
295727
295751
295759
295787
295819
295831
295843
295847
295871
295879
295903
295943
295951
296011
296027
296047
296071
296083
296099
296159
296183
296243
296251
296279
296287
296299
296347
296363
296479
296503
296507
296519
296551
296563
296579
296587
296591
296627
296651
296663
296683
296687
296719
296731
296767
296771
296819
296827
296831
296843
296911
296971
296983
296987
297019
297023
297067
297079
297083
297151
297191
297247
297251
297263
297359
297371
297391
297403
297439
297467
297487
297503
297523
297607
297623
297659
297683
297691
297707
297719
297727
297779
297811
297907
297911
297931
297967
297971
297991
298031
298043
298063
298087
298099
298159
298171
298187
298211
298223
298247
298283
298303
298307
298327
298339
298343
298399
298411
298427
298451
298483
298559
298579
298583
298607
298631
298651
298667
298679
298687
298691
298723
298759
298799
298819
298847
298943
298999
299011
299027
299059
299063
299087
299099
299107
299147
299171
299179
299191
299239
299287
299311
299359
299363
299371
299419
299447
299471
299479
299527
299539
299567
299603
299623
299671
299683
299699
299711
299723
299731
299743
299771
299807
299843
299891
299903
299951
299983
300007
300023
300043
300119
300151
300163
300187
300191
300239
300247
300299
300319
300323
300331
300343
300347
300367
300427
300431
300439
300463
300491
300499
300511
300583
300623
300631
300647
300667
300683
300691
300719
300739
300743
300779
300787
300799
300823
300851
300931
300967
301027
301039
301051
301079
301123
301127
301159
301183
301211
301219
301243
301247
301267
301303
301319
301331
301363
301403
301423
301447
301459
301463
301471
301487
301531
301579
301583
301591
301619
301627
301643
301703
301711
301747
301751
301759
301831
301843
301867
301907
301927
301943
301979
301991
301999
302111
302123
302143
302167
302171
302191
302227
302279
302287
302299
302399
302411
302443
302459
302483
302507
302551
302563
302567
302579
302587
302647
302663
302711
302723
302747
302759
302767
302779
302791
302831
302843
302851
302891
302903
302927
302959
302971
302983
302999
303007
303011
303019
303091
303119
303139
303143
303151
303187
303271
303283
303287
303299
303307
303323
303367
303371
303379
303431
303463
303491
303539
303547
303551
303571
303587
303619
303643
303647
303679
303683
303691
303703
303727
303731
303767
303803
303827
303839
303859
303871
303907
303931
303959
303983
304039
304063
304067
304091
304099
304127
304151
304163
304211
304223
304259
304279
304303
304331
304363
304391
304411
304439
304459
304511
304523
304559
304631
304643
304651
304663
304687
304723
304739
304751
304763
304771
304807
304831
304847
304867
304879
304883
304903
304907
304943
304979
305023
305047
305111
305119
305131
305143
305147
305219
305231
305243
305267
305339
305351
305363
305407
305411
305419
305423
305471
305479
305483
305551
305563
305603
305611
305639
305663
305719
305743
305759
305771
305783
305803
305839
305867
305927
305947
305971
305999
306011
306023
306083
306091
306139
306167
306191
306239
306247
306259
306263
306331
306347
306359
306367
306407
306419
306431
306463
306479
306491
306503
306511
306563
306587
306643
306703
306707
306727
306739
306763
306827
306847
306871
306883
306899
306919
306947
306991
307019
307031
307067
307079
307091
307103
307147
307163
307171
307187
307243
307259
307267
307283
307339
307367
307399
307423
307451
307471
307511
307523
307543
307583
307627
307631
307639
307651
307687
307691
307711
307759
307823
307831
307843
307859
307871
307891
307903
307919
307939
308003
308027
308051
308107
308219
308263
308291
308303
308311
308323
308327
308359
308383
308411
308423
308447
308467
308491
308507
308519
308527
308551
308587
308639
308663
308723
308827
308851
308887
308899
308923
308927
308939
308951
308999
309007
309011
309019
309031
309059
309079
309083
309091
309107
309131
309167
309223
309251
309259
309271
309311
309359
309367
309371
309391
309403
309479
309503
309523
309539
309559
309571
309583
309599
309623
309667
309671
309707
309731
309779
309811
309823
309851
309899
309931
310019
310027
310043
310087
310091
310111
310127
310187
310223
310231
310243
310283
310291
310363
310379
310423
310439
310447
310459
310463
310507
310511
310547
310559
310567
310571
310591
310627
310643
310663
310711
310727
310747
310771
310819
310823
310831
310867
310883
310927
310931
310987
311027
311099
311111
311123
311183
311203
311279
311291
311299
311303
311323
311347
311359
311371
311407
311419
311447
311539
311551
311567
311603
311659
311683
311687
311711
311743
311747
311791
311803
311807
311827
311867
311951
311963
312007
312023
312031
312043
312047
312071
312083
312107
312199
312203
312211
312251
312283
312311
312331
312343
312371
312383
312407
312427
312451
312527
312551
312563
312583
312619
312623
312643
312679
312703
312727
312743
312779
312799
312839
312863
312887
312899
312931
312943
312967
312971
312979
313003
313031
313087
313127
313147
313151
313163
313207
313211
313219
313267
313307
313331
313343
313351
313387
313399
313471
313507
313543
313567
313571
313583
313603
313619
313639
313679
313699
313711
313727
313739
313763
313783
313879
313883
313931
313979
313987
313991
314003
314059
314063
314107
314159
314219
314227
314239
314243
314263
314267
314299
314339
314351
314359
314399
314407
314423
314467
314491
314527
314543
314591
314599
314603
314623
314627
314651
314707
314711
314719
314723
314747
314771
314779
314807
314827
314851
314879
314903
314927
314983
315011
315047
315059
315067
315083
315103
315127
315179
315199
315223
315247
315251
315407
315451
315467
315527
315547
315551
315559
315599
315631
315643
315671
315691
315703
315739
315743
315751
315779
315803
315811
315851
315883
315899
315907
315967
316003
316031
316051
316067
316087
316139
316219
316223
316243
316259
316271
316291
316339
316343
316363
316391
316403
316423
316439
316471
316499
316507
316531
316567
316571
316583
316663
316691
316699
316703
316759
316783
316819
316847
316859
316879
316891
316903
316907
316919
316951
316991
317003
317011
317047
317063
317071
317087
317123
317159
317171
317179
317227
317263
317267
317279
317323
317327
317351
317363
317371
317399
317411
317419
317431
317459
317483
317491
317503
317539
317563
317587
317591
317599
317651
317663
317671
317711
317731
317743
317771
317783
317827
317831
317839
317887
317903
317923
317959
317963
317971
317983
317987
318007
318023
318103
318107
318127
318179
318191
318203
318211
318247
318259
318271
318287
318299
318319
318323
318347
318403
318407
318419
318431
318443
318467
318503
318523
318559
318671
318679
318683
318691
318743
318751
318811
318823
318863
318883
318907
318911
318919
318979
319027
319031
319127
319147
319159
319183
319211
319223
319259
319279
319327
319339
319343
319351
319387
319391
319399
319411
319427
319439
319483
319499
319511
319519
319547
319567
319591
319607
319639
319679
319687
319691
319699
319727
319747
319763
319811
319819
319831
319883
319919
319927
319931
319967
320011
320027
320039
320063
320083
320107
320119
320143
320179
320219
320239
320267
320291
320303
320339
320387
320431
320471
320483
320539
320563
320591
320611
320627
320647
320659
320687
320699
320759
320767
320791
320839
320843
320851
320867
320899
320911
320923
320927
320939
321007
321031
321047
321091
321143
321163
321187
321199
321203
321227
321239
321247
321311
321319
321323
321331
321359
321367
321371
321383
321403
321427
321443
321467
321547
321571
321611
321619
321631
321647
321679
321707
321743
321751
321779
321799
321823
321847
321851
321911
321947
321983
321991
322039
322051
322067
322079
322111
322139
322171
322243
322247
322271
322319
322327
322339
322351
322403
322459
322463
322519
322523
322559
322571
322583
322591
322607
322627
322631
322727
322747
322771
322783
322807
322859
322871
322891
322919
322939
322951
322963
322999
323003
323027
323083
323087
323123
323131
323207
323243
323251
323339
323359
323371
323383
323419
323443
323467
323471
323507
323567
323579
323591
323599
323623
323647
323651
323699
323707
323711
323759
323767
323803
323819
323879
323899
323903
323923
323927
323951
323987
324011
324031
324067
324119
324131
324143
324151
324179
324199
324211
324223
324239
324251
324299
324319
324391
324403
324419
324427
324431
324439
324451
324491
324503
324523
324587
324619
324647
324707
324743
324763
324791
324799
324811
324839
324847
324871
324931
324979
324983
324991
325019
325027
325043
325051
325063
325079
325163
325187
325219
325231
325271
325307
325319
325343
325379
325411
325439
325447
325459
325463
325487
325543
325571
325607
325627
325631
325643
325667
325691
325723
325747
325751
325783
325807
325883
325891
325939
325943
325951
325987
325999
326023
326063
326083
326087
326099
326119
326143
326147
326159
326171
326203
326219
326251
326323
326351
326467
326479
326503
326539
326563
326567
326611
326659
326663
326687
326707
326779
326831
326863
326867
326903
326923
326939
326947
326951
326983
326999
327007
327011
327023
327059
327071
327079
327127
327163
327179
327203
327211
327247
327251
327263
327307
327311
327319
327331
327343
327347
327407
327419
327443
327463
327479
327491
327499
327511
327559
327571
327583
327599
327619
327647
327667
327707
327739
327779
327799
327823
327827
327839
327851
327871
327923
327967
327979
327983
328007
328043
328051
328063
328067
328103
328127
328171
328243
328271
328283
328291
328303
328327
328331
328343
328379
328411
328439
328511
328519
328543
328579
328591
328619
328639
328651
328667
328687
328787
328847
328883
328891
328919
328931
329027
329059
329083
329111
329123
329143
329167
329191
329207
329243
329267
329299
329347
329387
329419
329431
329471
329503
329519
329551
329587
329591
329603
329627
329639
329663
329671
329683
329687
329711
329723
329779
329803
329863
329867
329891
329899
329947
329951
329999
330019
330047
330067
330103
330131
330139
330167
330199
330203
330227
330247
330271
330287
330311
330331
330347
330359
330383
330427
330431
330439
330563
330587
330607
330611
330623
330643
330679
330683
330703
330719
330731
330767
330787
330791
330823
330839
330859
330887
330899
330907
330943
330983
331027
331031
331043
331063
331099
331127
331147
331159
331171
331183
331207
331231
331259
331283
331307
331319
331339
331367
331391
331399
331423
331447
331451
331511
331519
331523
331543
331547
331579
331603
331651
331663
331691
331711
331739
331819
331843
331871
331883
331907
331943
331967
331999
332011
332039
332099
332147
332159
332179
332183
332191
332203
332207
332219
332251
332263
332287
332303
332399
332411
332447
332467
332471
332567
332611
332623
332687
332699
332711
332743
332767
332779
332791
332803
332851
332887
332903
332947
332951
332987
333019
333023
333031
333071
333103
333107
333131
333139
333187
333227
333271
333283
333287
333299
333323
333331
333367
333383
333419
333427
333439
333451
333479
333491
333503
333539
333563
333623
333631
333647
333667
333679
333691
333719
333779
333787
333791
333803
333871
333911
333923
333959
334031
334043
334099
334127
334171
334183
334199
334231
334247
334319
334331
334363
334379
334387
334403
334423
334427
334447
334487
334507
334511
334547
334603
334619
334643
334651
334667
334699
334727
334751
334759
334771
334783
334787
334843
334891
334931
334963
334987
334991
335047
335051
335107
335123
335131
335171
335207
335299
335323
335347
335383
335411
335459
335507
335519
335527
335539
335567
335579
335591
335663
335719
335743
335747
335771
335807
335843
335879
335999
336031
336059
336079
336103
336143
336151
336163
336199
336211
336223
336227
336239
336247
336251
336263
336307
336403
336419
336463
336491
336499
336503
336527
336551
336563
336571
336587
336599
336631
336643
336667
336671
336683
336703
336727
336767
336799
336803
336823
336827
336863
336871
336887
336899
336911
336983
337031
337039
337091
337219
337223
337279
337283
337291
337327
337339
337343
337367
337411
337427
337487
337511
337543
337583
337607
337627
337639
337651
337691
337751
337759
337859
337867
337871
337891
337903
337907
337919
337999
338027
338119
338159
338167
338171
338183
338203
338207
338231
338251
338263
338267
338279
338287
338323
338339
338347
338383
338407
338411
338423
338431
338531
338543
338563
338567
338579
338659
338683
338687
338707
338731
338747
338791
338803
338839
338851
338867
338927
338959
338999
339023
339067
339071
339091
339103
339107
339127
339139
339151
339187
339211
339223
339239
339247
339263
339307
339323
339331
339467
339491
339527
339539
339583
339631
339659
339671
339679
339707
339727
339751
339799
339811
339827
339839
339863
339887
339907
339943
339959
339991
340007
340027
340031
340063
340079
340103
340111
340127
340183
340211
340267
340283
340339
340387
340447
340451
340519
340559
340579
340583
340591
340619
340643
340687
340723
340787
340811
340819
340859
340903
340919
340927
340931
340939
340979
340999
341027
341059
341063
341083
341087
341123
341171
341179
341191
341203
341219
341227
341287
341303
341311
341323
341339
341347
341423
341443
341447
341459
341491
341507
341543
341587
341603
341623
341647
341659
341687
341743
341771
341827
341839
341851
341863
341879
341911
341927
341947
341951
341959
341963
341983
342047
342059
342071
342107
342131
342143
342179
342187
342191
342203
342211
342239
342283
342299
342319
342343
342347
342359
342371
342379
342451
342467
342527
342547
342599
342607
342647
342659
342679
342691
342791
342799
342803
342847
342863
342871
342899
342971
343019
343051
343087
343127
343163
343199
343219
343243
343267
343303
343307
343327
343379
343391
343411
343423
343531
343543
343547
343559
343579
343583
343591
343627
343631
343639
343667
343687
343727
343771
343787
343799
343823
343831
343891
343939
343943
343951
343963
344039
344083
344111
344167
344171
344207
344231
344243
344251
344263
344291
344327
344347
344363
344371
344423
344479
344483
344543
344567
344587
344599
344611
344639
344671
344683
344719
344759
344791
344807
344819
344843
344863
344887
344959
344963
344987
345011
345019
345047
345067
345139
345143
345227
345259
345263
345271
345307
345311
345379
345431
345451
345463
345479
345487
345511
345547
345551
345571
345599
345607
345643
345647
345659
345679
345707
345727
345731
345739
345791
345803
345811
345823
345887
345907
345923
345979
346039
346043
346051
346079
346091
346111
346139
346147
346187
346207
346223
346259
346303
346331
346391
346399
346439
346447
346543
346547
346559
346607
346627
346639
346651
346667
346699
346711
346739
346751
346763
346831
346867
346891
346903
346939
346943
346963
347003
347051
347059
347063
347071
347099
347131
347143
347167
347183
347227
347239
347251
347287
347299
347359
347411
347443
347519
347539
347563
347579
347587
347591
347651
347671
347707
347731
347747
347759
347771
347779
347887
347891
347899
347951
347959
347983
347987
348011
348031
348043
348083
348163
348191
348239
348247
348259
348287
348307
348323
348367
348407
348419
348431
348443
348451
348463
348487
348527
348547
348559
348563
348571
348583
348587
348643
348671
348731
348739
348763
348779
348811
348827
348839
348851
348883
348911
348919
348923
348991
349007
349039
349043
349051
349079
349099
349171
349183
349187
349199
349207
349211
349291
349303
349331
349343
349379
349387
349399
349403
349411
349423
349471
349483
349499
349507
349519
349567
349579
349603
349663
349667
349759
349787
349819
349831
349871
349903
349907
349919
349927
349931
349939
349963
349967
350003
350039
350087
350107
350111
350159
350179
350191
350219
350347
350351
350411
350423
350431
350443
350447
350459
350503
350563
350587
350663
350699
350711
350719
350731
350747
350767
350771
350783
350803
350843
350851
350887
350891
350899
350947
350963
350971
350983
351011
351023
351031
351047
351059
351079
351151
351179
351223
351259
351287
351311
351343
351347
351359
351383
351391
351427
351479
351503
351551
351563
351587
351599
351643
351667
351691
351707
351727
351731
351751
351763
351779
351803
351811
351847
351851
351859
351863
351887
351919
351931
351959
351971
351991
352007
352043
352111
352123
352267
352271
352327
352367
352399
352403
352411
352423
352459
352463
352483
352511
352523
352543
352579
352607
352619
352691
352711
352739
352771
352819
352831
352867
352883
352907
352931
352939
352951
352991
353011
353047
353099
353123
353147
353179
353203
353263
353359
353411
353443
353459
353471
353527
353531
353567
353603
353611
353627
353687
353699
353711
353747
353767
353783
353807
353819
353867
353879
353891
353911
353939
353963
354007
354023
354031
354043
354047
354091
354139
354143
354163
354247
354251
354259
354271
354307
354323
354371
354383
354391
354439
354443
354451
354463
354479
354539
354551
354587
354619
354643
354647
354667
354703
354727
354743
354751
354763
354779
354791
354799
354839
354847
354883
354911
354971
354979
354983
355007
355027
355031
355039
355063
355087
355099
355111
355127
355139
355171
355211
355307
355331
355339
355343
355363
355379
355427
355463
355483
355499
355507
355519
355559
355571
355591
355643
355651
355679
355723
355763
355783
355799
355811
355819
355847
355867
355891
355939
355951
355967
356023
356039
356123
356143
356171
356219
356243
356263
356287
356299
356311
356327
356351
356387
356399
356443
356467
356479
356563
356567
356579
356591
356647
356663
356731
356803
356819
356831
356887
356927
356947
356959
356999
357031
357047
357079
357083
357103
357107
357131
357139
357179
357199
357211
357239
357263
357271
357283
357319
357347
357359
357431
357503
357551
357559
357563
357571
357583
357587
357611
357619
357659
357667
357671
357683
357703
357727
357739
357767
357779
357787
357823
357839
357859
357883
357967
357983
358031
358051
358079
358103
358159
358219
358223
358243
358279
358291
358327
358331
358427
358447
358459
358471
358483
358487
358499
358531
358571
358591
358607
358667
358691
358703
358711
358723
358727
358747
358783
358811
358847
358859
358867
358879
358903
358907
358931
358951
358979
358987
358999
359003
359027
359063
359111
359143
359147
359167
359171
359207
359231
359243
359263
359267
359279
359291
359299
359311
359323
359327
359407
359419
359479
359483
359539
359563
359587
359599
359663
359719
359731
359747
359767
359783
359851
359911
359987
360007
360023
360071
360091
360163
360167
360187
360223
360271
360287
360307
360323
360391
360407
360439
360511
360551
360611
360779
360803
360823
360827
360851
360863
360907
360947
360959
360979
361003
361091
361111
361159
361183
361211
361219
361223
361271
361279
361327
361351
361363
361411
361447
361451
361463
361499
361507
361511
361523
361531
361643
361651
361663
361679
361687
361723
361727
361747
361763
361787
361799
361807
361843
361871
361903
361919
361927
361943
361967
361979
362003
362027
362051
362059
362099
362107
362143
362147
362191
362203
362291
362303
362339
362347
362363
362371
362407
362419
362431
362443
362459
362599
362707
362723
362743
362759
362851
362863
362867
362903
362911
362927
362951
362983
362987
363019
363043
363047
363059
363067
363119
363151
363179
363199
363211
363271
363343
363359
363367
363371
363379
363403
363431
363439
363463
363491
363523
363551
363563
363611
363619
363659
363683
363691
363719
363731
363751
363767
363799
363871
363887
363911
363947
363959
363967
364027
364031
364079
364103
364127
364171
364183
364187
364223
364267
364271
364291
364303
364379
364411
364423
364447
364451
364459
364471
364499
364523
364543
364571
364583
364607
364627
364643
364687
364691
364699
364739
364747
364751
364759
364879
364883
364891
364919
364943
364979
365003
365039
365063
365107
365119
365147
365159
365179
365231
365251
365291
365303
365327
365411
365419
365423
365467
365471
365479
365507
365527
365531
365567
365587
365591
365611
365627
365639
365683
365699
365747
365759
365779
365791
365839
365851
365903
365983
366019
366031
366103
366127
366139
366167
366199
366211
366227
366239
366259
366287
366307
366343
366347
366383
366419
366439
366463
366467
366479
366511
366547
366599
366607
366631
366683
366703
366727
366787
366791
366811
366851
366859
366907
366923
366967
366983
367007
367019
367027
367123
367127
367139
367163
367207
367219
367231
367243
367259
367307
367391
367427
367519
367531
367547
367559
367603
367651
367663
367687
367699
367711
367739
367751
367771
367819
367823
367831
367867
367879
367883
368047
368059
368083
368099
368107
368111
368171
368227
368231
368243
368279
368287
368323
368327
368359
368363
368399
368411
368443
368447
368471
368491
368507
368531
368539
368551
368579
368647
368651
368743
368783
368791
368803
368899
368911
368939
368947
369007
369023
369067
369071
369079
369119
369143
369191
369211
369247
369263
369283
369319
369331
369407
369419
369487
369491
369539
369647
369659
369703
369731
369739
369751
369791
369827
369851
369947
369959
369979
369983
369991
370003
370067
370091
370103
370147
370159
370199
370207
370247
370387
370399
370411
370423
370427
370439
370451
370463
370471
370483
370511
370547
370571
370603
370619
370631
370663
370679
370687
370723
370759
370871
370879
370883
370891
370919
371027
371071
371083
371087
371099
371131
371143
371179
371191
371227
371251
371291
371299
371303
371311
371339
371359
371383
371387
371447
371471
371479
371491
371587
371627
371639
371663
371699
371719
371779
371831
371843
371851
371927
371939
371951
371971
371999
372023
372059
372067
372107
372131
372167
372179
372223
372263
372271
372299
372311
372367
372371
372443
372451
372511
372523
372539
372607
372611
372667
372707
372719
372739
372751
372763
372803
372839
372847
372859
372871
372943
372971
372979
373003
373007
373019
373063
373091
373127
373151
373171
373183
373187
373199
373207
373211
373231
373291
373327
373339
373343
373363
373379
373447
373459
373463
373487
373567
373631
373783
373823
373859
373903
373943
373951
373963
373987
373999
374039
374047
374063
374083
374111
374123
374159
374203
374219
374239
374287
374291
374299
374347
374351
374359
374399
374443
374447
374483
374531
374587
374603
374639
374683
374687
374719
374771
374783
374807
374819
374839
374879
374887
374903
374939
374987
375019
375043
375059
375083
375091
375103
375119
375127
375163
375203
375223
375227
375247
375251
375259
375283
375311
375359
375367
375371
375391
375407
375443
375451
375467
375511
375523
375527
375559
375563
375607
375623
375631
375643
375647
375667
375703
375707
375743
375779
375787
375799
375899
375923
375931
375967
375971
375979
375983
376003
376039
376063
376099
376127
376147
376171
376183
376199
376231
376283
376291
376307
376351
376399
376463
376471
376483
376511
376531
376547
376583
376603
376627
376631
376639
376679
376687
376699
376759
376787
376807
376811
376819
376823
376847
376891
376927
376931
376963
377011
377051
377059
377071
377099
377123
377147
377171
377183
377219
377231
377263
377287
377291
377327
377339
377347
377371
377387
377459
377471
377491
377527
377543
377563
377599
377623
377687
377711
377771
377779
377827
377831
377843
377851
377887
377911
377963
377999
378011
378019
378023
378071
378083
378127
378151
378163
378167
378179
378223
378239
378283
378379
378407
378439
378463
378467
378503
378523
378551
378559
378571
378583
378619
378667
378671
378683
378691
378739
378779
378823
378883
378919
378967
379007
379039
379087
379103
379123
379147
379163
379187
379199
379207
379283
379307
379319
379343
379387
379391
379399
379439
379451
379459
379499
379531
379571
379579
379607
379663
379667
379679
379699
379703
379723
379727
379751
379787
379811
379859
379903
379927
379931
379963
379979
379999
380047
380059
380071
380131
380147
380179
380203
380207
380231
380251
380267
380287
380291
380299
380311
380327
380363
380383
380423
380447
380459
380483
380503
380563
380591
380623
380651
380707
380803
380819
380839
380843
380867
380879
380951
380971
380983
381011
381019
381047
381071
381103
381167
381223
381239
381287
381319
381323
381343
381347
381371
381383
381419
381439
381443
381467
381487
381523
381527
381559
381607
381631
381659
381707
381739
381791
381859
381911
381943
381991
382003
382087
382103
382163
382171
382231
382267
382271
382303
382331
382351
382363
382391
382427
382463
382507
382511
382519
382567
382579
382583
382631
382643
382663
382703
382727
382747
382751
382763
382807
382843
382847
382867
382871
382883
382919
382939
382979
382999
383011
383023
383051
383083
383099
383107
383143
383147
383171
383179
383219
383267
383291
383303
383347
383371
383399
383419
383459
383483
383519
383527
383587
383611
383623
383627
383651
383659
383683
383723
383759
383767
383791
383807
383839
383891
383923
383951
383963
383983
383987
384067
384079
384107
384143
384151
384187
384203
384227
384247
384259
384287
384299
384331
384343
384359
384367
384383
384403
384407
384479
384487
384547
384599
384611
384619
384623
384691
384719
384751
384779
384827
384847
384851
384907
384919
385027
385039
385079
385087
385127
385139
385159
385171
385199
385223
385267
385279
385291
385327
385331
385351
385379
385391
385403
385471
385519
385531
385559
385571
385579
385591
385607
385631
385639
385663
385739
385771
385783
385811
385831
385843
385859
385907
385927
385939
385943
385967
385991
386039
386047
386051
386083
386119
386131
386143
386159
386219
386227
386263
386279
386299
386303
386339
386363
386371
386383
386411
386431
386471
386543
386587
386611
386647
386651
386719
386723
386731
386747
386839
386851
386887
386891
386927
386963
386987
387007
387031
387047
387071
387083
387151
387187
387199
387203
387227
387263
387307
387371
387403
387463
387503
387551
387587
387623
387631
387659
387679
387683
387707
387727
387743
387763
387791
387799
387839
387911
387967
387971
388051
388067
388099
388111
388159
388163
388183
388187
388211
388231
388259
388319
388351
388363
388391
388403
388459
388471
388483
388499
388519
388567
388651
388691
388699
388711
388727
388823
388859
388879
388891
388903
388931
388963
388991
389003
389023
389027
389047
389083
389099
389111
389167
389171
389219
389227
389231
389287
389299
389303
389399
389447
389479
389483
389507
389527
389531
389539
389563
389567
389579
389591
389651
389659
389663
389687
389699
389723
389743
389783
389791
389819
389839
389867
389891
389903
389911
389923
389927
389947
389971
389999
390043
390067
390083
390107
390119
390151
390191
390199
390211
390223
390263
390307
390323
390343
390347
390359
390367
390391
390407
390419
390463
390479
390487
390491
390499
390503
390527
390539
390647
390671
390703
390707
390727
390739
390743
390751
390763
390791
390851
390883
390959
390967
390991
391019
391031
391063
391067
391103
391151
391159
391163
391199
391219
391231
391247
391283
391291
391331
391351
391367
391379
391387
391399
391403
391451
391487
391519
391579
391619
391627
391631
391639
391679
391691
391711
391739
391751
391823
391847
391879
391891
391903
391907
391939
391967
391987
391999
392011
392059
392087
392099
392111
392131
392143
392159
392239
392251
392263
392267
392279
392299
392339
392347
392351
392363
392383
392423
392443
392467
392503
392519
392531
392543
392599
392611
392647
392663
392699
392723
392759
392767
392803
392807
392827
392831
392851
392879
392911
392923
392927
392963
392983
393007
393031
393059
393079
393083
393103
393143
393187
393191
393203
393247
393271
393287
393299
393311
393331
393383
393403
393451
393479
393487
393539
393551
393571
393583
393587
393611
393667
393671
393683
393727
393739
393779
393847
393859
393863
393871
393919
393931
393947
394007
394019
394039
394063
394099
394123
394187
394211
394223
394259
394271
394291
394319
394327
394363
394367
394411
394507
394523
394571
394579
394619
394631
394643
394699
394727
394739
394747
394759
394787
394811
394819
394879
394931
394943
394963
394967
394987
395023
395027
395039
395047
395107
395111
395119
395147
395159
395191
395231
395243
395251
395287
395303
395323
395383
395407
395431
395443
395459
395491
395543
395611
395627
395671
395687
395719
395767
395803
395851
395887
395891
395959
395971
396031
396043
396079
396091
396103
396107
396119
396199
396203
396239
396247
396259
396299
396311
396323
396379
396427
396443
396479
396523
396527
396547
396563
396619
396623
396631
396647
396667
396679
396703
396719
396871
396883
396887
396919
396931
396943
396947
396971
396983
397027
397051
397063
397099
397127
397151
397183
397211
397223
397259
397283
397303
397351
397379
397427
397459
397519
397543
397547
397567
397591
397643
397687
397723
397751
397759
397763
397799
397807
397811
397867
397907
397939
397951
397963
398011
398023
398039
398059
398063
398087
398119
398143
398171
398207
398219
398227
398267
398287
398303
398311
398323
398339
398347
398407
398423
398459
398467
398471
398491
398539
398543
398591
398611
398627
398683
398711
398731
398759
398771
398819
398863
398887
398903
399023
399031
399043
399059
399067
399071
399079
399107
399131
399151
399163
399227
399239
399263
399271
399283
399379
399391
399403
399439
399491
399499
399523
399527
399571
399583
399587
399643
399647
399667
399691
399719
399727
399731
399739
399787
399851
399871
399887
399899
399911
399979
399983
400031
400051
400067
400087
400123
400151
400187
400199
400207
400243
400247
400291
400307
400331
400339
400391
400471
400523
400559
400579
400607
400619
400643
400651
400679
400703
400711
400723
400739
400759
400823
400859
400871
400903
400927
400931
400943
400963
401039
401087
401119
401179
401231
401243
401279
401287
401311
401347
401371
401407
401411
401507
401519
401539
401551
401567
401587
401627
401651
401671
401707
401711
401743
401771
401827
401839
401867
401887
401903
401939
401959
401987
402023
402043
402071
402091
402107
402131
402139
402223
402239
402263
402299
402307
402331
402343
402359
402371
402379
402383
402403
402419
402443
402487
402503
402511
402527
402551
402559
402583
402587
402631
402691
402739
402751
402763
402767
402803
402823
402847
402851
402859
402863
402923
402943
402947
402991
403003
403043
403063
403079
403103
403159
403163
403219
403243
403267
403327
403331
403339
403363
403387
403391
403439
403483
403499
403511
403547
403567
403591
403603
403607
403679
403687
403703
403783
403787
403831
403867
403951
403979
404011
404051
404099
404119
404123
404167
404191
404251
404267
404291
404323
404387
404399
404419
404423
404431
404483
404507
404527
404531
404539
404671
404699
404779
404783
404819
404827
404843
404851
404951
404959
404983
405011
405047
405071
405091
405143
405179
405199
405211
405227
405239
405247
405287
405299
405323
405343
405347
405407
405439
405487
405491
405499
405527
405599
405607
405611
405659
405667
405679
405683
405703
405719
405731
405763
405767
405799
405827
405863
405871
405947
405959
405967
405991
406027
406067
406123
406171
406183
406207
406247
406267
406271
406327
406331
406339
406403
406423
406447
406499
406507
406531
406547
406559
406579
406583
406591
406631
406699
406739
406807
406811
406859
406883
406907
406951
407023
407047
407059
407083
407119
407179
407191
407203
407207
407219
407263
407287
407291
407299
407311
407347
407359
407383
407471
407483
407503
407527
407567
407579
407587
407599
407639
407651
407699
407707
407723
407747
407783
407791
407807
407843
407879
407899
407923
407947
407959
407971
408011
408019
408071
408091
408127
408131
408203
408211
408223
408251
408263
408271
408283
408311
408347
408379
408403
408427
408431
408479
408491
408539
408563
408607
408623
408631
408643
408659
408691
408703
408719
408743
408763
408787
408803
408911
408923
408943
408959
408971
408979
409007
409027
409043
409063
409099
409163
409187
409259
409267
409271
409291
409327
409351
409379
409391
409463
409471
409483
409499
409523
409543
409579
409639
409691
409711
409723
409823
409831
409867
409879
409891
409943
409951
409967
409987
409999
410063
410087
410119
410143
410171
410203
410231
410239
410243
410279
410299
410323
410339
410359
410383
410387
410411
410491
410507
410519
410551
410587
410623
410651
410659
410671
410687
410731
410747
410759
410783
410807
410819
410899
410903
410983
410999
411007
411011
411031
411067
411071
411083
411119
411127
411143
411167
411211
411251
411259
411287
411311
411347
411371
411379
411443
411479
411491
411503
411527
411563
411583
411611
411667
411679
411683
411703
411707
411727
411739
411743
411751
411779
411799
411823
411883
411919
411923
411947
411967
411991
412007
412019
412031
412039
412051
412067
412099
412123
412127
412147
412171
412187
412211
412219
412303
412339
412343
412387
412411
412463
412487
412567
412571
412591
412603
412619
412627
412639
412651
412663
412667
412739
412771
412807
412831
412859
412891
412903
412939
412943
412967
412987
413027
413071
413087
413111
413143
413159
413167
413183
413207
413243
413251
413263
413267
413299
413411
413443
413527
413551
413579
413587
413683
413711
413719
413759
413779
413783
413807
413827
413863
413867
413879
413887
413911
413923
413951
414019
414031
414083
414107
414131
414179
414199
414203
414259
414283
414311
414331
414347
414367
414383
414431
414451
414467
414487
414503
414539
414559
414571
414607
414611
414643
414679
414683
414691
414703
414707
414731
414763
414767
414779
414803
414871
414899
414923
414959
414971
414991
415031
415039
415087
415111
415147
415159
415171
415187
415231
415271
415319
415343
415379
415391
415427
415447
415507
415523
415543
415559
415567
415603
415607
415627
415631
415643
415651
415687
415691
415759
415783
415787
415799
415819
415823
415879
415931
415951
415963
415979
415999
416011
416023
416071
416107
416147
416159
416167
416219
416239
416243
416263
416291
416359
416387
416399
416407
416419
416443
416459
416491
416503
416531
416543
416579
416623
416659
416719
416839
416851
416887
416947
416963
417007
417019
417023
417119
417127
417187
417191
417203
417227
417239
417251
417271
417283
417311
417331
417371
417379
417383
417419
417451
417479
417491
417511
417523
417559
417583
417623
417631
417643
417671
417691
417719
417727
417731
417751
417763
417811
417839
417863
417883
417899
417931
417947
417959
417983
418007
418027
418031
418043
418051
418079
418087
418199
418207
418219
418259
418279
418303
418331
418339
418343
418351
418391
418423
418427
418447
418459
418471
418511
418559
418603
418631
418667
418699
418739
418751
418763
418771
418783
418787
418799
418811
418819
418843
418867
418871
418883
418927
418939
418987
419047
419051
419059
419087
419147
419171
419183
419191
419231
419291
419303
419351
419383
419423
419443
419459
419467
419483
419491
419527
419563
419567
419579
419591
419599
419603
419623
419651
419687
419711
419743
419791
419803
419827
419831
419927
419959
419999
420047
420103
420163
420191
420263
420271
420307
420319
420323
420331
420367
420383
420419
420439
420467
420479
420499
420503
420551
420571
420599
420671
420683
420691
420731
420743
420779
420799
420803
420811
420851
420859
420899
420919
420967
421019
421079
421103
421123
421147
421159
421163
421207
421279
421303
421331
421339
421423
421459
421471
421483
421559
421607
421639
421643
421691
421699
421703
421711
421727
421739
421783
421807
421831
421847
421891
421907
421943
421987
422063
422083
422087
422099
422111
422183
422203
422231
422239
422243
422267
422287
422291
422311
422339
422363
422407
422431
422459
422479
422551
422563
422567
422627
422707
422711
422759
422803
422827
422867
422879
422899
422911
422923
422927
422987
423019
423043
423067
423083
423091
423103
423127
423179
423191
423251
423259
423287
423299
423307
423323
423347
423403
423427
423431
423439
423463
423503
423547
423559
423587
423667
423707
423727
423751
423763
423779
423791
423803
423823
423847
423859
423883
423887
423931
423991
424003
424007
424019
424027
424079
424091
424103
424139
424147
424163
424187
424199
424223
424231
424243
424247
424267
424271
424331
424339
424343
424351
424423
424451
424471
424519
424547
424559
424639
424667
424679
424687
424727
424771
424811
424819
424843
424867
424891
424903
424939
424967
425003
425027
425039
425059
425071
425083
425107
425123
425147
425207
425251
425279
425291
425363
425387
425419
425423
425443
425471
425519
425563
425591
425603
425779
425783
425791
425819
425839
425851
425879
425899
425903
425911
425939
425959
425987
426007
426011
426091
426103
426131
426163
426211
426287
426311
426319
426331
426383
426407
426427
426487
426527
426551
426563
426583
426611
426631
426691
426707
426731
426739
426743
426763
426779
426787
426799
426859
426863
426871
426919
426931
426971
427039
427043
427067
427079
427103
427151
427243
427247
427279
427283
427307
427327
427351
427379
427403
427423
427439
427447
427451
427523
427579
427591
427619
427711
427723
427727
427751
427787
427859
427879
427883
427919
427939
427951
427967
427991
428003
428023
428027
428039
428047
428083
428143
428147
428167
428227
428231
428251
428299
428303
428339
428411
428471
428503
428531
428539
428551
428563
428567
428579
428639
428663
428671
428683
428731
428759
428807
428843
428851
428863
428899
428951
429007
429043
429083
429119
429127
429139
429211
429223
429227
429259
429271
429283
429347
429367
429427
429431
429463
429467
429487
429503
429511
429547
429551
429563
429587
429599
429631
429643
429659
429679
429683
429719
429727
429731
429791
429823
429827
429851
429887
429899
429907
429911
429931
429943
429971
429991
430007
430019
430091
430139
430147
430259
430267
430279
430303
430319
430343
430411
430427
430487
430499
430511
430543
430571
430579
430603
430663
430691
430699
430723
430739
430747
430751
430783
430799
430811
430819
430823
430847
430879
430883
430891
430907
430979
430987
430999
431047
431051
431063
431083
431099
431107
431147
431191
431203
431219
431251
431267
431287
431311
431339
431363
431399
431423
431447
431479
431567
431603
431611
431659
431663
431671
431707
431731
431759
431803
431807
431831
431863
431867
431887
431891
431903
431911
431947
431983
432007
432023
432031
432043
432059
432067
432139
432143
432163
432167
432199
432203
432227
432251
432287
432323
432343
432359
432391
432479
432491
432499
432503
432511
432527
432539
432559
432587
432631
432659
432727
432743
432799
432847
432907
432923
432931
432959
432979
432983
433003
433051
433079
433087
433099
433123
433151
433187
433207
433259
433267
433271
433291
433319
433351
433399
433439
433471
433507
433571
433607
433627
433639
433651
433663
433679
433703
433723
433747
433759
433787
433847
433859
433883
433931
433943
433963
433967
434011
434039
434087
434107
434111
434167
434179
434191
434243
434267
434303
434311
434323
434347
434363
434383
434387
434407
434411
434431
434459
434471
434479
434563
434611
434647
434659
434683
434699
434719
434743
434783
434803
434807
434827
434831
434839
434867
434923
434927
434939
434947
434963
435059
435103
435107
435131
435139
435143
435151
435179
435187
435191
435223
435247
435263
435283
435287
435307
435343
435359
435371
435403
435419
435427
435439
435451
435503
435559
435563
435571
435583
435619
435623
435647
435679
435731
435739
435751
435763
435779
435839
435847
435859
435907
435923
435947
435983
436003
436027
436087
436091
436127
436147
436151
436171
436231
436279
436283
436291
436307
436343
436399
436427
436439
436459
436463
436483
436507
436523
436531
436547
436571
436591
436607
436627
436651
436687
436727
436739
436811
436819
436831
436871
436963
436967
436979
436999
437011
437071
437083
437111
437159
437191
437219
437243
437263
437279
437287
437351
437363
437387
437467
437471
437519
437527
437539
437543
437587
437651
437687
437719
437743
437771
437819
437867
437923
437947
437959
438047
438091
438131
438143
438203
438211
438223
438259
438271
438287
438391
438419
438439
438443
438467
438479
438499
438523
438527
438551
438611
438623
438631
438667
438671
438707
438827
438847
438887
438899
438967
438979
438983
439007
439063
439123
439163
439171
439183
439199
439279
439303
439339
439367
439427
439459
439463
439471
439511
439519
439559
439567
439583
439631
439639
439667
439687
439723
439759
439763
439771
439787
439799
439811
439823
439867
439883
439891
439903
439919
439991
440023
440039
440047
440087
440131
440159
440171
440179
440183
440203
440207
440227
440239
440303
440311
440339
440347
440371
440383
440399
440431
440443
440471
440507
440527
440543
440551
440567
440579
440651
440683
440711
440723
440731
440807
440831
440863
440903
440911
440939
440959
440983
440987
441011
441043
441079
441107
441127
441179
441187
441191
441247
441251
441263
441307
441319
441359
441403
441443
441479
441499
441523
441527
441547
441563
441587
441607
441619
441631
441647
441667
441703
441751
441787
441799
441811
441827
441839
441887
441907
441923
441971
442003
442007
442019
442027
442031
442139
442147
442151
442171
442207
442243
442271
442283
442291
442319
442327
442363
442367
442399
442439
442447
442487
442499
442531
442571
442579
442619
442691
442699
442703
442747
442763
442807
442823
442831
442843
442879
442903
442919
442963
442979
442987
442991
443011
443039
443059
443063
443123
443147
443159
443167
443171
443203
443227
443231
443243
443263
443291
443347
443363
443407
443419
443423
443431
443467
443543
443551
443563
443567
443587
443591
443603
443659
443687
443711
443731
443759
443771
443791
443851
443867
443879
443899
443939
443983
443987
443999
444007
444043
444047
444079
444127
444131
444151
444167
444179
444187
444271
444287
444307
444343
444347
444403
444443
444463
444487
444523
444527
444539
444547
444607
444623
444671
444739
444767
444791
444803
444811
444859
444863
444883
444887
444967
444971
444979
445019
445031
445087
445091
445103
445183
445187
445199
445271
445279
445283
445307
445339
445363
445427
445447
445463
445499
445507
445567
445583
445619
445631
445691
445699
445703
445747
445771
445799
445807
445847
445871
445883
445891
445931
445943
445967
446003
446087
446111
446123
446179
446191
446227
446231
446263
446279
446323
446363
446387
446399
446447
446503
446603
446647
446731
446759
446767
446819
446827
446839
446863
446891
446911
446951
446983
447011
447019
447067
447079
447107
447119
447179
447211
447247
447259
447263
447311
447319
447323
447331
447427
447439
447443
447451
447463
447467
447527
447571
447611
447683
447703
447743
447779
447791
447823
447827
447859
447883
447907
447943
447983
447991
448003
448027
448031
448067
448111
448139
448159
448187
448199
448207
448303
448351
448363
448367
448379
448387
448451
448519
448531
448607
448627
448631
448667
448687
448703
448727
448807
448843
448859
448867
448871
448879
448883
448907
448927
448939
448999
449003
449011
449051
449083
449107
449131
449171
449203
449227
449243
449263
449287
449299
449303
449311
449347
449363
449399
449411
449419
449459
449543
449563
449567
449591
449663
449671
449699
449759
449767
449783
449807
449851
449879
449951
449959
449963
449971
449987
450011
450019
450067
450071
450083
450103
450127
450199
450223
450227
450239
450259
450287
450299
450311
450343
450367
450383
450391
450403
450431
450451
450479
450487
450503
450563
450587
450599
450643
450691
450707
450719
450727
450767
450787
450799
450803
450811
450839
450847
450859
450883
450887
450899
450943
450971
450991
451039
451051
451103
451159
451183
451207
451279
451303
451331
451343
451387
451411
451439
451499
451519
451523
451547
451579
451663
451667
451679
451691
451699
451723
451747
451771
451783
451799
451823
451831
451859
451879
451903
451939
451967
451987
452027
452083
452087
452131
452159
452171
452191
452227
452239
452279
452363
452443
452519
452531
452539
452579
452587
452611
452671
452687
452731
452759
452807
452831
452923
452983
453023
453107
453119
453143
453199
453227
453239
453247
453311
453347
453367
453371
453379
453451
453527
453559
453571
453599
453631
453643
453659
453667
453671
453683
453703
453707
453799
453823
453847
453851
453907
453923
453931
453983
453991
454031
454039
454063
454079
454151
454159
454183
454199
454211
454219
454231
454247
454303
454331
454351
454379
454387
454451
454483
454507
454543
454547
454579
454603
454627
454679
454711
454723
454759
454763
454799
454823
454843
454847
454859
454891
454907
454919
454931
454943
454967
454991
455003
455011
455047
455099
455123
455159
455167
455171
455219
455227
455263
455291
455339
455407
455419
455431
455443
455471
455479
455491
455527
455531
455579
455599
455603
455627
455647
455659
455683
455687
455711
455783
455827
455831
455863
455899
455999
456007
456023
456047
456091
456107
456119
456151
456167
456223
456283
456367
456403
456427
456439
456451
456499
456503
456523
456539
456559
456571
456587
456607
456611
456623
456647
456679
456683
456727
456763
456767
456791
456811
456871
456899
456923
456959
456979
456991
457003
457043
457087
457091
457099
457139
457151
457183
457267
457271
457279
457307
457319
457339
457363
457367
457399
457403
457411
457459
457507
457511
457547
457559
457571
457607
457643
457651
457679
457687
457711
457739
457799
457871
457903
457943
457979
457987
458027
458039
458047
458063
458119
458123
458179
458191
458207
458219
458239
458323
458327
458363
458399
458407
458483
458531
458543
458567
458599
458611
458639
458651
458663
458683
458719
458747
458791
458807
458819
458863
458879
458891
458947
458959
458963
458971
458987
459007
459023
459031
459047
459091
459127
459167
459223
459271
459343
459383
459427
459443
459463
459467
459479
459523
459607
459611
459619
459623
459631
459647
459671
459691
459703
459763
459791
459803
459847
459883
459923
460039
460051
460063
460079
460087
460091
460099
460111
460127
460147
460171
460211
460231
460247
460267
460379
460387
460403
460451
460463
460531
460543
460571
460619
460627
460643
460711
460771
460787
460843
460871
460891
460903
460907
460919
460951
460979
460987
460991
461011
461051
461059
461119
461143
461147
461171
461183
461191
461207
461239
461299
461323
461327
461359
461407
461411
461443
461467
461479
461507
461599
461603
461627
461639
461687
461707
461803
461819
461843
461887
461891
461971
461983
462067
462079
462103
462131
462191
462199
462239
462263
462271
462307
462311
462331
462419
462443
462467
462491
462499
462547
462571
462607
462643
462659
462667
462719
462727
462739
462827
462851
462863
462871
462887
462899
462911
462947
462983
463003
463031
463103
463207
463219
463231
463247
463283
463291
463303
463319
463339
463343
463363
463387
463399
463447
463451
463459
463483
463511
463523
463531
463579
463627
463643
463663
463679
463711
463747
463763
463787
463807
463823
463831
463867
463891
463907
463919
463963
463987
464003
464011
464047
464119
464131
464143
464171
464251
464263
464279
464291
464311
464327
464351
464371
464383
464419
464447
464459
464467
464479
464483
464539
464587
464591
464603
464647
464663
464687
464699
464747
464767
464771
464803
464819
464843
464879
464923
464927
464939
464951
464963
464983
464999
465007
465011
465019
465067
465071
465079
465107
465119
465151
465163
465167
465187
465211
465259
465271
465299
465319
465331
465379
465383
465407
465419
465463
465523
465551
465587
465611
465631
465643
465659
465679
465739
465743
465799
465887
465931
465947
466019
466027
466043
466079
466087
466091
466139
466171
466183
466243
466247
466267
466283
466303
466331
466339
466423
466451
466483
466547
466567
466579
466603
466619
466651
466723
466747
466751
466787
466819
466859
466919
466951
467003
467063
467083
467119
467123
467147
467171
467183
467239
467371
467399
467431
467447
467471
467479
467491
467503
467507
467527
467531
467543
467587
467591
467611
467627
467651
467671
467699
467743
467783
467827
467867
467879
467899
467903
467927
467963
468011
468019
468059
468067
468071
468079
468107
468151
468187
468191
468199
468239
468271
468319
468323
468359
468371
468439
468451
468463
468491
468499
468527
468551
468599
468619
468623
468647
468667
468683
468691
468703
468719
468739
468803
468851
468859
468883
468887
468899
468967
468983
469031
469099
469127
469207
469219
469267
469279
469283
469303
469331
469351
469363
469367
469379
469411
469439
469487
469543
469583
469627
469631
469687
469691
469723
469747
469787
469811
469823
469879
469891
469907
469919
469939
469979
470039
470059
470083
470087
470131
470167
470179
470207
470219
470227
470243
470251
470263
470279
470299
470303
470347
470359
470399
470411
470443
470447
470471
470531
470539
470551
470579
470599
470627
470647
470651
470663
470711
470719
470731
470779
470783
470791
470819
470831
470863
470867
470887
470891
470903
470927
470947
470959
470999
471007
471091
471139
471179
471187
471259
471283
471299
471391
471403
471407
471439
471451
471467
471487
471503
471539
471571
471607
471619
471659
471671
471683
471703
471719
471791
471803
471847
471871
471907
471923
471931
471943
471959
472019
472027
472051
472063
472067
472103
472111
472123
472127
472139
472151
472159
472163
472247
472319
472331
472391
472399
472411
472523
472543
472559
472631
472639
472643
472687
472691
472711
472751
472763
472799
472831
472847
472859
472883
472907
472939
472963
473027
473147
473159
473167
473191
473203
473219
473227
473279
473287
473311
473327
473351
473383
473411
473419
473443
473471
473479
473503
473507
473519
473527
473531
473579
473611
473647
473659
473719
473723
473743
473839
473867
473887
473899
473911
473923
473927
473939
473951
473971
473987
473999
474043
474059
474119
474127
474143
474151
474163
474211
474223
474263
474307
474311
474319
474343
474347
474359
474379
474391
474443
474479
474491
474499
474503
474547
474571
474583
474619
474647
474659
474667
474671
474707
474751
474779
474787
474811
474839
474847
474899
474907
474911
474923
474931
474959
474983
475051
475091
475103
475147
475151
475159
475207
475219
475243
475271
475283
475327
475331
475351
475367
475379
475403
475427
475483
475511
475523
475583
475619
475639
475679
475691
475751
475759
475763
475807
475823
475831
475859
475879
475903
475907
475927
475991
476023
476027
476039
476059
476087
476107
476111
476143
476167
476183
476219
476243
476279
476299
476347
476351
476363
476407
476419
476423
476467
476479
476507
476519
476579
476587
476591
476599
476603
476611
476639
476647
476659
476683
476719
476743
476759
476783
476803
476831
476851
476863
476887
476891
476911
477011
477019
477031
477047
477091
477131
477163
477259
477359
477383
477439
477511
477523
477539
477551
477571
477619
477623
477671
477727
477731
477739
477767
477791
477811
477823
477839
477847
477863
477899
477947
477991
478039
478063
478067
478087
478099
478111
478139
478171
478199
478207
478243
478259
478271
478339
478343
478351
478391
478399
478403
478411
478427
478451
478459
478483
478523
478531
478571
478579
478603
478627
478631
478651
478679
478711
478727
478739
478747
478763
478787
478811
478823
478831
478843
478871
478879
478927
478931
478943
478963
478967
478991
478999
479023
479027
479131
479147
479191
479231
479239
479243
479263
479267
479287
479299
479327
479371
479387
479419
479431
479543
479599
479623
479639
479771
479783
479839
479879
479891
479903
479939
479951
479971
480019
480023
480043
480047
480059
480071
480091
480107
480143
480167
480203
480287
480299
480343
480367
480379
480383
480391
480419
480427
480451
480463
480499
480503
480527
480563
480583
480587
480647
480707
480731
480787
480803
480827
480839
480911
480919
480959
480967
480979
481003
481043
481051
481067
481087
481123
481147
481171
481199
481207
481211
481231
481303
481307
481343
481363
481379
481387
481447
481531
481571
481619
481639
481651
481667
481699
481751
481787
481807
481843
481847
481867
481879
481883
481939
481963
482039
482051
482071
482099
482123
482179
482203
482227
482231
482243
482263
482323
482347
482351
482359
482371
482387
482399
482407
482423
482483
482507
482519
482527
482539
482627
482659
482663
482683
482687
482707
482711
482719
482731
482743
482759
482767
482803
482819
482827
482863
482899
482947
482971
483031
483071
483127
483139
483163
483167
483179
483211
483239
483247
483251
483323
483347
483367
483407
483443
483467
483491
483499
483503
483523
483551
483563
483611
483619
483643
483671
483719
483727
483751
483767
483787
483811
483827
483839
483863
483883
483907
483971
483991
484019
484027
484067
484079
484091
484111
484123
484151
484171
484207
484243
484259
484283
484303
484327
484339
484411
484439
484447
484459
484487
484531
484543
484607
484639
484643
484691
484703
484727
484751
484763
484787
484867
484927
484951
484987
484999
485059
485063
485123
485131
485167
485171
485207
485263
485311
485347
485351
485363
485371
485383
485411
485423
485447
485479
485519
485543
485567
485587
485603
485647
485671
485731
485819
485827
485831
485899
485923
485959
486023
486043
486071
486091
486103
486119
486139
486163
486179
486203
486223
486247
486307
486323
486331
486379
486391
486407
486443
486491
486503
486511
486527
486539
486559
486583
486643
486667
486671
486679
486683
486767
486839
486907
486923
486943
486947
486971
486991
487007
487051
487079
487099
487111
487183
487187
487211
487219
487247
487283
487303
487307
487363
487387
487391
487423
487427
487447
487463
487471
487507
487603
487607
487651
487691
487703
487727
487783
487811
487819
487831
487843
487891
487943
487979
488003
488011
488051
488119
488143
488171
488203
488207
488227
488231
488239
488263
488287
488303
488311
488339
488347
488399
488407
488419
488459
488503
488539
488567
488603
488611
488627
488639
488651
488687
488711
488723
488743
488759
488779
488791
488827
488879
488947
488959
489011
489019
489043
489127
489179
489191
489239
489263
489283
489299
489343
489367
489407
489427
489431
489439
489479
489487
489539
489551
489571
489631
489659
489679
489691
489743
489791
489799
489803
489823
489847
489851
489871
489887
489911
489943
489959
490003
490019
490031
490103
490111
490151
490159
490183
490207
490223
490247
490267
490271
490283
490339
490367
490459
490463
490499
490519
490543
490559
490571
490579
490591
490619
490627
490631
490643
490663
490771
490783
490859
490891
490927
490951
490967
490991
491003
491039
491059
491083
491159
491167
491171
491219
491251
491279
491299
491327
491339
491371
491423
491483
491503
491527
491531
491539
491591
491611
491627
491639
491651
491707
491719
491731
491747
491783
491819
491851
491867
491899
491923
491951
491983
492007
492047
492059
492067
492083
492103
492227
492251
492299
492319
492403
492431
492463
492467
492487
492491
492511
492523
492551
492563
492587
492619
492631
492647
492659
492671
492707
492719
492731
492763
492799
492839
492871
492883
492911
492967
492979
493027
493043
493067
493111
493123
493127
493139
493147
493159
493211
493219
493231
493243
493279
493291
493351
493399
493403
493447
493463
493523
493531
493567
493579
493583
493607
493627
493643
493711
493747
493807
493811
493859
493919
493931
493939
493967
493979
494023
494051
494083
494107
494147
494167
494191
494251
494267
494287
494327
494359
494383
494387
494407
494443
494471
494519
494539
494563
494567
494587
494591
494639
494647
494651
494671
494687
494699
494719
494723
494731
494743
494759
494783
494803
494843
494899
494903
494927
494939
494959
494987
495043
495067
495071
495119
495139
495151
495199
495211
495307
495323
495343
495347
495359
495371
495491
495511
495527
495559
495563
495571
495587
495611
495619
495647
495667
495679
495707
495751
495787
495791
495799
495827
495851
495899
495923
495931
495947
495959
495967
495983
496007
496019
496039
496051
496063
496079
496123
496127
496163
496187
496211
496231
496259
496283
496291
496303
496339
496343
496399
496427
496439
496459
496471
496487
496499
496511
496579
496583
496631
496687
496703
496711
496747
496763
496871
496891
496919
496963
496999
497011
497047
497051
497111
497171
497239
497279
497291
497303
497323
497339
497351
497411
497423
497479
497491
497507
497551
497579
497587
497603
497659
497663
497671
497711
497719
497771
497831
497839
497851
497867
497899
497963
497999
498103
498119
498143
498163
498167
498227
498259
498271
498331
498343
498367
498391
498403
498439
498467
498523
498527
498551
498583
498599
498611
498643
498647
498679
498691
498739
498767
498779
498787
498791
498803
498859
498907
498923
498931
498947
499027
499039
499063
499067
499099
499127
499139
499151
499159
499183
499211
499267
499283
499327
499363
499391
499403
499423
499439
499459
499483
499507
499519
499523
499559
499571
499591
499607
499663
499679
499687
499691
499711
499739
499747
499787
499819
499879
499883
499903
499927
499943
499979
500083
500107
500111
500119
500167
500179
500231
500239
500287
500299
500363
500431
500443
500459
500471
500483
500519
500527
500567
500579
500587
500603
500671
500699
500719
500723
500791
500807
500831
500839
500887
500891
500911
500923
500947
501019
501031
501043
501103
501131
501139
501187
501191
501203
501223
501271
501287
501299
501343
501367
501383
501419
501427
501451
501463
501503
501511
501563
501623
501659
501691
501703
501707
501719
501731
501779
501803
501827
501863
501911
501931
501947
501967
501971
502039
502043
502063
502079
502087
502171
502247
502259
502339
502451
502487
502499
502507
502543
502591
502631
502643
502651
502687
502699
502703
502771
502787
502807
502819
502847
502883
502919
503003
503039
503123
503131
503147
503159
503207
503227
503231
503267
503287
503303
503339
503351
503359
503383
503407
503423
503431
503483
503543
503551
503563
503599
503611
503623
503647
503663
503707
503743
503771
503779
503791
503803
503819
503827
503851
503879
503911
503927
503939
503947
503959
503963
503983
504011
504047
504103
504139
504143
504151
504187
504247
504299
504307
504311
504323
504359
504379
504403
504479
504523
504527
504547
504563
504599
504607
504619
504631
504667
504671
504683
504727
504767
504787
504799
504851
504871
504943
504947
504967
504983
504991
505027
505031
505051
505067
505091
505111
505123
505139
505159
505187
505231
505279
505283
505319
505327
505339
505367
505399
505411
505447
505459
505511
505523
505559
505607
505619
505639
505643
505663
505691
505711
505727
505759
505763
505811
505819
505823
505867
505871
505907
505919
505927
505979
506047
506071
506083
506119
506131
506147
506171
506183
506251
506263
506291
506327
506339
506347
506351
506423
506459
506479
506491
506507
506531
506551
506563
506591
506599
506647
506663
506683
506687
506699
506731
506743
506783
506791
506843
506887
506899
506903
506911
506963
506983
506999
507071
507079
507103
507119
507139
507151
507163
507347
507359
507371
507383
507431
507491
507499
507503
507523
507571
507599
507607
507631
507667
507691
507719
507743
507779
507803
507827
507839
507883
507907
507919
507971
507979
508019
508087
508091
508103
508159
508171
508187
508223
508243
508259
508271
508327
508331
508363
508367
508439
508451
508471
508499
508531
508559
508567
508579
508583
508619
508643
508727
508771
508799
508811
508847
508867
508903
508919
508931
508943
508951
508987
509023
509027
509063
509071
509087
509123
509147
509203
509227
509239
509263
509287
509359
509363
509543
509563
509591
509603
509623
509647
509659
509687
509699
509723
509731
509767
509783
509843
509863
509867
509879
509911
509939
509947
509959
509963
510007
510031
510047
510067
510079
510127
510179
510199
510203
510227
510247
510271
510287
510299
510311
510319
510331
510379
510383
510403
510451
510463
510551
510583
510611
510619
510683
510691
510707
510751
510767
510803
510823
510827
510847
510907
510919
510931
510943
511019
511039
511087
511111
511123
511151
511163
511171
511211
511223
511243
511279
511327
511351
511387
511391
511439
511447
511463
511487
511507
511519
511523
511559
511579
511583
511591
511603
511627
511631
511691
511703
511711
511723
511787
511811
511831
511843
511859
511867
511891
511939
511963
511991
512011
512047
512059
512147
512167
512207
512251
512287
512311
512419
512443
512467
512503
512507
512531
512543
512579
512591
512663
512671
512683
512711
512747
512767
512779
512803
512819
512843
512891
512899
512903
512927
512959
512999
513031
513047
513059
513067
513083
513103
513131
513167
513203
513239
513283
513307
513311
513319
513347
513367
513371
513407
513419
513427
513431
513439
513479
513511
513631
513679
513683
513691
513719
513727
513731
513739
513767
513839
513871
513899
513923
513943
513991
514051
514079
514103
514123
514127
514147
514187
514219
514243
514247
514271
514343
514379
514399
514499
514519
514523
514531
514543
514571
514639
514643
514651
514711
514739
514747
514751
514783
514819
514823
514831
514847
514859
514867
514903
514939
514967
515087
515111
515143
515191
515227
515231
515279
515311
515323
515351
515371
515507
515519
515539
515563
515579
515587
515611
515639
515651
515663
515687
515771
515783
515803
515839
515843
515887
515923
515951
516023
516091
516127
516151
516163
516179
516199
516223
516227
516247
516251
516283
516319
516323
516359
516371
516391
516407
516431
516499
516539
516563
516587
516599
516611
516619
516623
516643
516679
516727
516811
516839
516847
516871
516883
516907
516911
516931
516947
516959
516979
516991
517003
517043
517067
517079
517087
517091
517151
517183
517207
517211
517243
517267
517303
517343
517367
517399
517403
517411
517459
517471
517487
517499
517507
517511
517547
517571
517603
517619
517639
517711
517739
517747
517823
517831
517919
517927
517931
517967
517991
517999
518047
518059
518083
518099
518123
518131
518159
518171
518179
518191
518207
518239
518291
518299
518311
518327
518387
518411
518431
518447
518467
518471
518543
518579
518587
518611
518699
518743
518747
518759
518767
518779
518803
518807
518831
518863
518867
518911
518983
519011
519031
519067
519083
519091
519107
519119
519131
519151
519227
519247
519283
519287
519307
519359
519371
519383
519391
519427
519487
519499
519523
519527
519539
519551
519587
519611
519619
519643
519647
519667
519683
519691
519703
519787
519803
519863
519907
519919
519923
519931
519943
519947
519971
520019
520031
520043
520063
520067
520103
520111
520123
520151
520279
520291
520307
520339
520363
520379
520411
520423
520427
520447
520451
520547
520567
520571
520607
520631
520679
520691
520699
520703
520747
520759
520763
520787
520867
520943
520963
520967
521023
521039
521047
521051
521063
521107
521119
521167
521179
521231
521243
521251
521267
521299
521359
521363
521399
521447
521471
521483
521491
521503
521519
521527
521539
521551
521567
521603
521659
521671
521707
521723
521743
521767
521791
521819
521831
521879
521887
521903
521923
521999
522047
522059
522079
522083
522127
522167
522191
522199
522211
522227
522239
522251
522259
522283
522323
522371
522383
522391
522439
522479
522523
522623
522659
522679
522703
522707
522719
522763
522787
522811
522827
522839
522871
522883
522887
522919
522943
522947
522959
523007
523031
523207
523219
523307
523351
523387
523403
523427
523459
523463
523487
523511
523519
523543
523571
523603
523631
523639
523667
523759
523763
523771
523847
523867
523903
523907
523927
523987
524047
524063
524071
524087
524099
524119
524123
524171
524203
524219
524231
524243
524287
524347
524351
524387
524411
524507
524519
524591
524599
524683
524707
524731
524743
524803
524827
524831
524863
524899
524939
524947
524959
524963
524971
524983
524999
525043
525127
525143
525163
525167
525191
525199
525247
525299
525359
525379
525391
525431
525439
525467
525491
525571
525583
525599
525607
525671
525719
525727
525731
525739
525839
525871
525887
525923
525947
525979
525983
526027
526051
526063
526067
526087
526139
526159
526199
526223
526231
526271
526283
526291
526307
526367
526387
526391
526423
526459
526483
526499
526511
526531
526543
526571
526583
526619
526627
526651
526667
526679
526703
526739
526759
526763
526831
526859
526871
526931
526943
526951
526963
527063
527071
527099
527123
527143
527159
527179
527203
527207
527251
527291
527327
527347
527399
527407
527411
527419
527447
527507
527563
527591
527599
527603
527623
527627
527671
527699
527803
527819
527843
527851
527983
527987
528043
528091
528107
528127
528131
528163
528167
528191
528223
528247
528263
528299
528383
528391
528403
528419
528487
528491
528511
528527
528559
528611
528623
528631
528659
528667
528679
528691
528707
528719
528763
528779
528791
528799
528811
528823
528863
528883
528911
528947
528967
528971
528991
529003
529007
529027
529043
529051
529103
529127
529183
529259
529271
529307
529327
529343
529411
529423
529471
529519
529531
529547
529579
529603
529619
529687
529691
529723
529747
529751
529807
529811
529819
529847
529871
529927
529939
529979
529987
529999
530027
530051
530063
530087
530143
530183
530203
530227
530251
530267
530279
530303
530339
530359
530443
530447
530507
530527
530531
530539
530567
530599
530603
530659
530711
530731
530743
530767
530807
530843
530851
530911
530947
530983
531023
531043
531071
531079
531103
531143
531163
531203
531239
531263
531287
531299
531331
531343
531347
531359
531383
531547
531551
531571
531611
531623
531631
531667
531731
531799
531823
531827
531847
531863
531871
531911
531919
531983
532027
532099
532159
532163
532183
532187
532199
532267
532283
532307
532327
532331
532379
532391
532403
532439
532447
532451
532523
532531
532547
532603
532607
532619
532639
532663
532687
532691
532739
532751
532771
532783
532811
532823
532867
532907
532919
532951
532999
533003
533011
533051
533063
533111
533167
533191
533219
533227
533263
533303
533327
533363
533371
533399
533447
533459
533543
533671
533711
533719
533723
533747
533831
533879
533887
533927
533959
533963
533971
533999
534007
534019
534043
534047
534059
534091
534167
534199
534203
534211
534283
534307
534311
534323
534367
534371
534403
534407
534431
534439
534491
534511
534571
534607
534631
534647
534659
534671
534707
534739
534799
534811
534827
534839
534851
534883
534923
534931
534943
534971
535019
535099
535103
535123
535151
535159
535207
535219
535243
535303
535319
535351
535387
535391
535399
535487
535499
535511
535523
535547
535571
535607
535627
535663
535679
535727
535751
535771
535783
535811
535859
535879
535919
535939
535943
535967
535991
535999
536023
536051
536059
536087
536099
536111
536147
536191
536203
536219
536227
536243
536267
536279
536287
536311
536323
536399
536407
536423
536443
536447
536467
536479
536491
536531
536563
536651
536671
536687
536699
536719
536743
536771
536779
536791
536803
536839
536867
536891
536923
536947
536971
536999
537007
537011
537023
537067
537071
537079
537091
537127
537143
537191
537287
537307
537331
537343
537347
537379
537403
537527
537547
537583
537587
537599
537611
537679
537703
537739
537743
537787
537811
537847
537883
537899
537919
537991
538019
538051
538079
538123
538127
538147
538151
538159
538163
538199
538247
538259
538267
538283
538303
538331
538367
538399
538411
538423
538471
538487
538511
538519
538523
538567
538579
538651
538711
538723
538739
538751
538763
538771
538799
538823
538871
538927
538931
538939
538943
538987
539003
539039
539047
539107
539111
539159
539167
539171
539207
539219
539267
539303
539311
539323
539339
539347
539351
539447
539479
539503
539507
539639
539663
539687
539711
539723
539743
539783
539839
539843
539863
539899
539947
540079
540119
540139
540167
540179
540187
540203
540251
540271
540283
540307
540343
540347
540367
540383
540391
540511
540539
540559
540587
540599
540611
540619
540679
540691
540703
540751
540779
540803
540823
540851
540863
540871
540907
541007
541027
541087
541231
541267
541271
541283
541339
541363
541391
541439
541447
541483
541507
541511
541523
541531
541543
541547
541571
541579
541631
541699
541711
541727
541759
541763
541771
541799
541831
541859
541927
541951
541967
541987
541991
541999
542023
542027
542063
542071
542083
542111
542119
542123
542131
542167
542183
542207
542219
542251
542263
542299
542323
542371
542447
542467
542483
542519
542539
542551
542567
542579
542587
542599
542603
542683
542687
542719
542723
542747
542771
542783
542791
542831
542891
542911
542923
542939
542947
542951
542987
542999
543019
543131
543139
543143
543163
543187
543203
543223
543227
543259
543287
543299
543307
543311
543359
543379
543383
543407
543427
543463
543503
543539
543551
543607
543611
543659
543671
543679
543703
543707
543787
543791
543811
543827
543859
543871
543883
543887
543911
543967
543971
544007
544031
544099
544123
544139
544171
544183
544199
544223
544259
544279
544367
544399
544403
544451
544471
544487
544543
544627
544631
544651
544667
544699
544723
544727
544759
544771
544807
544879
544883
544903
544919
544927
544963
544979
545023
545063
545087
545131
545143
545203
545231
545239
545267
545291
545371
545387
545443
545483
545527
545543
545551
545579
545599
545647
545651
545663
545711
545723
545731
545747
545759
545791
545827
545843
545863
545899
545911
545939
545947
545959
546019
546031
546047
546067
546071
546103
546151
546179
546211
546239
546263
546283
546323
546367
546391
546467
546479
546523
546547
546583
546587
546599
546619
546631
546643
546671
546683
546691
546719
546731
546739
546859
546863
546919
546943
546947
546967
547007
547087
547103
547139
547171
547223
547271
547291
547363
547387
547399
547411
547471
547483
547487
547499
547559
547567
547583
547619
547627
547639
547643
547663
547727
547747
547763
547787
547819
547823
547831
547871
547951
547999
548003
548039
548059
548083
548099
548123
548143
548227
548239
548243
548263
548291
548323
548347
548351
548363
548371
548399
548407
548423
548459
548503
548519
548543
548567
548579
548591
548623
548671
548687
548707
548719
548771
548783
548791
548827
548831
548843
548851
548903
548927
548963
549011
549019
549023
549071
549091
549139
549163
549167
549203
549247
549259
549319
549323
549331
549379
549391
549403
549431
549443
549503
549511
549547
549551
549587
549607
549623
549643
549667
549683
549691
549707
549719
549739
549751
549767
549839
549863
549883
549911
549943
549979
550007
550027
550063
550111
550127
550139
550163
550211
550267
550279
550283
550351
550379
550427
550439
550447
550471
550519
550531
550607
550631
550651
550663
550679
550691
550703
550763
550811
550831
550843
550859
550903
550939
550951
551003
551027
551039
551059
551063
551099
551107
551143
551179
551207
551219
551231
551311
551339
551347
551363
551387
551407
551423
551443
551483
551503
551519
551539
551543
551587
551651
551659
551671
551723
551731
551743
551767
551843
551911
551927
551951
551959
551963
552011
552031
552047
552059
552091
552103
552107
552127
552179
552239
552259
552263
552271
552283
552379
552403
552491
552511
552523
552527
552583
552611
552659
552703
552707
552731
552751
552787
552791
552847
552859
552883
552887
552899
552971
552983
552991
553043
553051
553067
553099
553103
553123
553139
553171
553207
553211
553279
553351
553363
553411
553439
553447
553463
553471
553507
553543
553583
553591
553607
553627
553643
553667
553687
553699
553703
553727
553747
553759
553811
553867
553919
553963
553991
554003
554011
554051
554087
554123
554167
554171
554179
554207
554263
554299
554303
554347
554383
554419
554431
554447
554467
554503
554527
554531
554611
554627
554639
554663
554699
554707
554711
554731
554747
554759
554767
554779
554791
554803
554839
554843
554887
554891
554899
554923
554927
554951
554959
555043
555083
555091
555119
555143
555167
555251
555287
555307
555383
555391
555419
555439
555487
555491
555523
555671
555683
555691
555707
555739
555743
555767
555823
555827
555871
555931
555967
556007
556027
556043
556051
556067
556103
556123
556159
556211
556219
556243
556267
556271
556279
556327
556331
556343
556351
556399
556403
556459
556483
556487
556519
556559
556579
556583
556607
556627
556639
556651
556679
556687
556691
556723
556727
556763
556799
556811
556819
556823
556859
556867
556883
556891
556931
556939
556943
556967
556987
556999
557027
557059
557087
557159
557303
557339
557371
557423
557443
557483
557519
557551
557567
557591
557611
557639
557663
557671
557731
557743
557747
557759
557779
557803
557831
557863
557891
557899
557903
557927
557987
558007
558067
558083
558091
558139
558167
558179
558203
558223
558251
558287
558307
558319
558343
558427
558431
558479
558491
558499
558539
558563
558583
558587
558599
558611
558643
558683
558703
558731
558787
558791
558827
558863
558931
558947
558979
559051
559067
559099
559123
559183
559211
559219
559231
559243
559259
559319
559343
559367
559451
559459
559483
559511
559523
559547
559571
559583
559591
559631
559639
559667
559679
559687
559703
559739
559747
559799
559807
559831
559859
559883
559907
559939
559967
559991
560023
560039
560047
560083
560107
560123
560159
560171
560179
560191
560207
560227
560239
560243
560299
560311
560411
560447
560459
560471
560479
560491
560503
560531
560543
560551
560639
560683
560719
560767
560771
560783
560803
560827
560863
560887
560891
560939
561019
561047
561059
561079
561083
561091
561103
561191
561199
561251
561307
561343
561347
561359
561367
561419
561439
561551
561559
561599
561607
561667
561703
561767
561787
561839
561907
561923
561931
561943
561947
561983
562007
562019
562043
562091
562103
562147
562231
562259
562271
562283
562291
562307
562351
562399
562403
562427
562439
562459
562519
562579
562591
562607
562631
562651
562663
562691
562699
562703
562711
562739
562759
562763
562831
562871
562931
562943
562963
562967
562979
562987
563011
563039
563047
563051
563099
563119
563131
563183
563219
563263
563287
563327
563351
563359
563411
563419
563447
563467
563503
563543
563551
563587
563599
563623
563663
563723
563743
563747
563831
563851
563887
563947
563971
563987
563999
564059
564103
564127
564163
564191
564227
564251
564271
564299
564307
564323
564359
564367
564371
564391
564407
564419
564463
564467
564491
564523
564607
564643
564667
564671
564679
564703
564779
564827
564871
564899
564919
564923
564959
564979
564983
565039
565111
565127
565163
565171
565183
565207
565247
565259
565283
565303
565319
565343
565379
565387
565391
565427
565451
565463
565483
565507
565511
565519
565559
565567
565571
565583
565603
565651
565667
565723
565727
565771
565787
565867
565891
565907
565919
565979
566011
566023
566047
566107
566131
566179
566183
566227
566231
566311
566323
566347
566387
566431
566443
566539
566543
566551
566563
566567
566639
566659
566707
566719
566723
566759
566767
566791
566851
566879
566911
566939
566947
566963
566971
566987
566999
567011
567031
567059
567067
567107
567143
567179
567187
567263
567319
567323
567367
567383
567407
567439
567451
567467
567487
567499
567527
567607
567631
567659
567667
567719
567751
567767
567779
567811
567863
567871
567883
567899
567943
567947
567979
567991
568019
568027
568091
568151
568163
568171
568187
568207
568231
568279
568303
568363
568367
568387
568391
568439
568471
568523
568619
568627
568643
568679
568691
568699
568723
568751
568783
568787
568807
568823
568831
568891
568903
568907
568963
568979
568987
568991
568999
569003
569011
569047
569071
569083
569111
569159
569243
569251
569263
569267
569323
569419
569423
569431
569447
569479
569507
569579
569599
569603
569623
569659
569663
569671
569683
569711
569731
569747
569759
569771
569819
569831
569839
569843
569851
569887
569903
569927
569939
569983
570043
570047
570071
570079
570083
570091
570107
570131
570139
570191
570359
570379
570391
570403
570407
570419
570463
570467
570487
570491
570499
570511
570527
570539
570547
570587
570643
570659
570667
570671
570683
570719
570743
570827
570839
570851
570859
570887
570919
570959
570967
570991
571019
571031
571099
571111
571147
571163
571199
571211
571223
571231
571267
571279
571303
571331
571339
571399
571471
571531
571579
571583
571603
571679
571699
571751
571759
571783
571799
571811
571847
571867
571871
571903
571939
572023
572027
572051
572059
572063
572087
572107
572179
572183
572207
572239
572251
572303
572311
572323
572387
572399
572419
572423
572471
572479
572491
572519
572567
572587
572599
572639
572651
572659
572683
572687
572699
572707
572711
572791
572807
572827
572843
572867
572879
572903
572927
572939
572963
573007
573031
573047
573107
573119
573143
573163
573179
573247
573263
573299
573343
573371
573379
573383
573451
573479
573487
573511
573523
573527
573571
573647
573679
573691
573719
573739
573763
573787
573791
573847
573851
573863
573871
573883
573887
573899
573967
574003
574031
574051
574099
574127
574159
574163
574183
574219
574279
574283
574307
574363
574367
574423
574439
574507
574543
574547
574619
574627
574631
574643
574667
574687
574699
574703
574711
574723
574727
574799
574859
574907
574939
574963
574967
575027
575063
575087
575119
575123
575131
575203
575219
575231
575243
575251
575303
575359
575371
575431
575479
575503
575551
575579
575591
575611
575623
575647
575651
575699
575711
575723
575747
575791
575863
575867
575903
575923
575959
575963
575987
576019
576031
576119
576131
576151
576167
576179
576203
576211
576223
576227
576287
576299
576319
576379
576391
576427
576431
576439
576523
576539
576551
576647
576659
576671
576683
576703
576727
576731
576739
576743
576787
576791
576883
576899
576943
576967
577007
577043
577063
577067
577111
577123
577147
577151
577219
577259
577271
577279
577307
577327
577331
577351
577363
577387
577399
577427
577463
577471
577483
577523
577531
577547
577559
577627
577639
577667
577739
577751
577799
577807
577831
577867
577879
577919
577931
577939
577979
578047
578063
578131
578167
578183
578191
578203
578251
578267
578299
578311
578327
578363
578371
578399
578407
578419
578467
578483
578503
578563
578587
578603
578647
578659
578687
578719
578779
578803
578819
578827
578839
578843
578923
578959
578971
578999
579011
579023
579079
579083
579107
579119
579179
579199
579239
579251
579259
579263
579283
579287
579311
579331
579379
579407
579427
579451
579499
579503
579539
579563
579571
579583
579587
579611
579643
579707
579763
579779
579851
579883
579907
579947
579967
579983
580031
580079
580163
580183
580187
580219
580231
580259
580291
580303
580331
580339
580343
580379
580471
580487
580607
580627
580631
580639
580663
580687
580691
580711
580747
580759
580763
580787
580807
580843
580859
580871
580891
580919
580927
580939
581047
581071
581099
581143
581171
581183
581227
581239
581263
581303
581311
581323
581351
581407
581411
581443
581447
581459
581491
581527
581551
581599
581639
581663
581683
581687
581699
581731
581743
581767
581843
581863
581891
581947
581983
582011
582031
582067
582083
582119
582139
582167
582203
582223
582227
582247
582251
582299
582319
582371
582391
582419
582427
582451
582499
582511
582551
582563
582587
582623
582643
582691
582719
582727
582731
582763
582767
582851
582859
582887
582899
582931
582971
582983
583007
583019
583031
583087
583127
583139
583147
583171
583207
583267
583279
583291
583339
583351
583367
583391
583403
583447
583459
583511
583519
583523
583543
583603
583619
583631
583651
583727
583783
583859
583879
583903
583991
584011
584027
584063
584099
584167
584183
584203
584279
584303
584347
584359
584387
584399
584411
584447
584471
584531
584587
584599
584603
584627
584659
584663
584699
584707
584719
584723
584767
584791
584863
584879
584911
584923
584951
584963
584971
584999
585019
585023
585031
585043
585071
585107
585119
585131
585163
585199
585251
585271
585283
585367
585383
585391
585443
585467
585503
585547
585551
585587
585619
585643
585671
585691
585727
585743
585779
585791
585799
585839
585847
585863
585883
585899
585911
585919
586051
586067
586087
586111
586123
586139
586147
586291
586319
586363
586367
586387
586403
586459
586463
586471
586499
586543
586567
586571
586603
586627
586631
586667
586679
586711
586723
586787
586811
586819
586871
586903
586919
586939
586951
586979
587051
587063
587087
587107
587123
587131
587143
587179
587219
587263
587267
587287
587303
587371
587387
587459
587467
587519
587527
587539
587551
587563
587579
587599
587603
587623
587659
587687
587711
587731
587747
587771
587827
587863
587887
587891
587927
587947
587959
587971
587987
587999
588011
588019
588043
588079
588083
588131
588151
588167
588191
588199
588239
588311
588347
588359
588383
588403
588463
588503
588571
588619
588631
588647
588667
588683
588703
588743
588767
588779
588811
588827
588839
588871
588911
588947
589027
589063
589111
589123
589139
589159
589163
589187
589207
589219
589231
589243
589291
589327
589331
589387
589439
589451
589471
589507
589531
589579
589583
589591
589607
589639
589643
589711
589751
589759
589763
589783
589807
589811
589847
589859
589903
590027
590071
590099
590119
590123
590131
590171
590207
590243
590251
590263
590267
590279
590323
590327
590363
590383
590399
590407
590431
590543
590567
590599
590627
590647
590659
590719
590771
590819
590839
590867
590899
590923
590959
590963
590983
590987
591023
591067
591079
591091
591127
591131
591163
591259
591271
591287
591319
591391
591403
591407
591431
591443
591499
591523
591559
591599
591611
591623
591659
591691
591739
591743
591751
591779
591791
591827
591847
591863
591887
591959
592019
592027
592087
592099
592139
592199
592219
592223
592303
592307
592343
592351
592367
592387
592391
592451
592463
592483
592507
592531
592547
592639
592643
592663
592723
592727
592747
592759
592763
592843
592903
592919
592931
592939
592967
592987
593003
593051
593059
593071
593083
593111
593119
593143
593171
593179
593183
593207
593227
593231
593251
593291
593323
593387
593399
593407
593447
593479
593491
593507
593519
593531
593539
593587
593603
593627
593647
593651
593707
593711
593767
593783
593839
593851
593863
593899
593903
593951
593987
594023
594047
594091
594103
594107
594119
594151
594163
594179
594203
594211
594227
594271
594283
594287
594299
594311
594359
594367
594379
594403
594427
594467
594499
594511
594523
594551
594563
594571
594667
594679
594739
594751
594823
594827
594899
594911
594931
594959
595003
595039
595043
595087
595123
595139
595159
595183
595207
595247
595267
595271
595291
595303
595319
595339
595351
595363
595379
595411
595451
595519
595523
595547
595571
595579
595627
595687
595703
595711
595807
595843
595927
595939
595943
595951
595963
595967
596027
596047
596059
596083
596119
596143
596147
596159
596179
596227
596231
596243
596251
596279
596291
596363
596399
596419
596423
596503
596507
596579
596587
596599
596611
596623
596663
596671
596707
596767
596779
596803
596831
596839
596851
596863
596879
596899
596927
596963
596983
596987
597031
597059
597127
597131
597239
597263
597271
597307
597367
597383
597391
597403
597407
597419
597451
597523
597539
597551
597559
597599
597643
597659
597671
597679
597767
597803
597823
597827
597859
597899
597923
597967
598007
598051
598079
598099
598123
598127
598151
598159
598163
598187
598219
598303
598307
598363
598379
598387
598399
598427
598439
598447
598463
598487
598571
598643
598651
598687
598691
598711
598727
598783
598799
598867
598883
598891
598903
598931
598963
598967
598987
598999
599003
599023
599087
599143
599147
599191
599231
599243
599251
599303
599359
599371
599383
599387
599399
599407
599419
599479
599491
599519
599551
599591
599603
599611
599623
599663
599699
599719
599759
599779
599783
599803
599831
599843
599891
599899
599927
599939
599959
599983
599999
600011
600043
600071
600091
600167
600203
600239
600247
600283
600307
600311
600319
600359
600367
600371
600403
600407
600451
600463
600487
600623
600631
600659
600703
600727
600751
600791
600823
600827
600883
600931
600947
600959
600979
600983
601031
601039
601043
601067
601079
601127
601147
601187
601207
601219
601231
601247
601259
601267
601283
601291
601319
601339
601379
601411
601423
601439
601451
601487
601507
601543
601591
601607
601631
601651
601687
601747
601751
601759
601763
601771
601807
601819
601823
601831
601883
601903
601943
602039
602047
602083
602087
602099
602111
602143
602179
602227
602267
602279
602311
602351
602383
602411
602431
602479
602543
602551
602603
602627
602639
602647
602687
602711
602743
602759
602779
602831
602839
602867
602887
602891
602947
602951
602971
602983
602999
603011
603023
603047
603091
603103
603131
603191
603203
603227
603283
603311
603319
603391
603431
603443
603467
603487
603503
603523
603563
603607
603623
603667
603679
603719
603731
603739
603791
603847
603851
603859
603899
603907
603919
603923
603931
603947
604007
604031
604063
604171
604223
604243
604259
604291
604319
604339
604343
604379
604411
604427
604547
604559
604579
604603
604619
604651
604699
604711
604727
604759
604787
604811
604819
604823
604859
604867
604883
604907
604931
604939
605023
605039
605051
605071
605123
605147
605167
605191
605239
605323
605347
605411
605443
605471
605503
605531
605543
605551
605599
605603
605639
605687
605707
605719
605779
605867
605879
605887
605947
605987
606031
606059
606079
606083
606091
606131
606223
606247
606251
606299
606311
606323
606379
606383
606443
606503
606527
606539
606559
606587
606607
606643
606659
606731
606743
606791
606811
606839
606847
606863
606899
606919
606943
606959
606967
606971
607003
607007
607043
607063
607067
607091
607127
607147
607151
607163
607199
607219
607303
607307
607319
607331
607339
607363
607423
607471
607531
607583
607619
607627
607667
607703
607723
607727
607819
607823
607843
607883
607931
607939
607951
607967
607991
608011
608087
608099
608123
608131
608147
608191
608207
608299
608303
608339
608347
608359
608371
608383
608411
608423
608431
608459
608471
608483
608519
608527
608591
608611
608659
608743
608759
608767
608819
608831
608843
608851
608863
608887
608899
608903
608947
608987
608999
609043
609047
609067
609071
609079
609107
609143
609163
609179
609199
609227
609283
609307
609359
609379
609391
609403
609407
609443
609487
609503
609527
609571
609599
609607
609619
609683
609743
609751
609779
609803
609859
609887
609907
609911
609923
609979
609991
610031
610063
610123
610163
610187
610199
610219
610243
610271
610279
610327
610331
610339
610391
610439
610447
610523
610543
610559
610567
610579
610583
610619
610639
610651
610667
610699
610703
610739
610763
610783
610787
610823
610843
610847
610867
610879
610891
610919
611011
611027
611071
611111
611131
611147
611207
611263
611279
611323
611411
611419
611459
611467
611483
611531
611543
611551
611587
611603
611671
611707
611791
611803
611827
611839
611879
611887
611903
611927
611939
611951
611999
612011
612023
612043
612067
612071
612083
612107
612223
612259
612263
612307
612319
612331
612371
612383
612407
612439
612511
612583
612611
612643
612671
612679
612719
612727
612751
612763
612791
612811
612823
612847
612923
612947
612967
612971
613007
613099
613163
613199
613219
613231
613243
613247
613267
613279
613363
613367
613427
613439
613447
613451
613463
613471
613499
613507
613523
613559
613607
613651
613667
613699
613747
613759
613763
613807
613883
613903
613967
613999
614051
614063
614071
614143
614147
614167
614179
614183
614219
614267
614279
614291
614387
614483
614503
614527
614531
614543
614563
614611
614623
614639
614659
614671
614683
614687
614743
614759
614827
614843
614851
614863
614927
614963
614983
615019
615031
615047
615067
615103
615107
615151
615187
615259
615299
615343
615367
615379
615403
615427
615431
615479
615491
615539
615599
615607
615623
615679
615731
615739
615743
615751
615767
615799
615827
615883
615887
615907
615919
615971
616003
616027
616051
616079
616103
616111
616139
616171
616207
616211
616219
616223
616243
616307
616327
616367
616387
616391
616411
616439
616459
616463
616507
616519
616523
616547
616579
616639
616643
616703
616723
616783
616787
616799
616843
616871
616943
616951
616991
616999
617011
617027
617039
617051
617059
617087
617107
617119
617131
617147
617191
617231
617311
617327
617339
617359
617363
617387
617411
617447
617467
617471
617479
617531
617579
617587
617647
617651
617699
617707
617719
617723
617731
617759
617767
617791
617819
617843
617879
617887
617951
617959
617963
617971
617983
618031
618083
618119
618131
618199
618227
618271
618287
618311
618323
618347
618407
618439
618463
618547
618559
618571
618587
618619
618643
618671
618679
618703
618707
618719
618799
618823
618847
618859
618883
618971
618979
618991
619007
619019
619027
619067
619079
619111
619139
619159
619187
619207
619247
619279
619303
619331
619363
619391
619471
619511
619543
619583
619603
619607
619687
619711
619739
619763
619771
619807
619811
619819
619831
619867
619967
619979
619987
619999
620003
620051
620099
620111
620159
620171
620183
620227
620239
620251
620303
620311
620351
620359
620363
620383
620467
620491
620507
620519
620531
620567
620579
620603
620623
620639
620647
620663
620671
620731
620743
620759
620771
620827
620831
620887
620911
620947
620999
621007
621031
621043
621059
621083
621139
621143
621223
621227
621239
621259
621343
621347
621359
621371
621419
621427
621431
621443
621451
621527
621583
621611
621619
621631
621671
621679
621703
621739
621779
621799
621871
621883
621923
621983
622019
622043
622051
622067
622091
622103
622123
622151
622159
622187
622243
622247
622331
622351
622367
622399
622423
622483
622519
622547
622571
622603
622607
622619
622639
622663
622723
622751
622879
622927
622943
622967
622987
623003
623023
623059
623071
623107
623171
623263
623279
623291
623299
623303
623327
623351
623383
623387
623423
623431
623531
623563
623591
623671
623683
623699
623719
623723
623743
623759
623767
623771
623803
623839
623851
623867
623879
623923
623947
623963
623983
624007
624031
624047
624067
624119
624139
624163
624191
624199
624203
624251
624259
624271
624311
624319
624331
624347
624391
624419
624443
624451
624467
624479
624487
624539
624599
624607
624643
624667
624683
624707
624727
624731
624763
624787
624791
624803
624839
624847
624851
624859
624983
625007
625063
625087
625103
625111
625171
625187
625199
625231
625267
625279
625283
625307
625319
625343
625351
625367
625451
625483
625507
625543
625591
625627
625631
625643
625663
625699
625763
625811
625819
625831
625871
625883
625927
625939
625943
625979
626011
626051
626063
626147
626159
626191
626207
626239
626251
626323
626347
626363
626443
626519
626539
626599
626611
626623
626627
626663
626683
626687
626711
626723
626771
626783
626887
626947
626959
626963
626987
627059
627071
627083
627091
627119
627131
627139
627163
627191
627227
627251
627271
627379
627383
627391
627479
627491
627511
627547
627559
627611
627619
627643
627659
627667
627787
627791
627799
627811
627859
627911
627919
627943
627947
628051
628063
628127
628139
628171
628183
628207
628219
628231
628267
628319
628363
628379
628391
628399
628423
628427
628447
628487
628499
628547
628583
628591
628651
628679
628687
628699
628759
628783
628787
628799
628811
628819
628939
629003
629011
629023
629059
629143
629171
629203
629243
629263
629311
629339
629351
629371
629383
629411
629467
629483
629491
629567
629591
629611
629623
629683
629687
629711
629723
629743
629747
629767
629779
629803
629807
629819
629843
629891
629899
629903
629927
629939
629963
629987
630023
630043
630067
630107
630127
630151
630163
630167
630247
630263
630299
630307
630319
630391
630451
630467
630523
630559
630583
630587
630607
630659
630719
630803
630823
630827
630863
630871
630899
630907
630911
630919
630967
631003
631039
631139
631151
631171
631187
631223
631247
631259
631271
631291
631307
631339
631387
631391
631399
631459
631471
631483
631487
631507
631531
631559
631583
631619
631643
631667
631679
631711
631723
631739
631751
631819
631843
631847
631859
631867
631903
631927
631931
631979
631987
631991
632083
632087
632123
632147
632227
632231
632251
632267
632299
632323
632327
632347
632351
632363
632371
632447
632459
632483
632503
632591
632623
632627
632647
632683
632699
632743
632747
632839
632843
632851
632911
632923
632939
632971
632987
633067
633079
633091
633151
633187
633263
633271
633287
633307
633359
633379
633383
633407
633427
633463
633467
633487
633559
633571
633583
633599
633623
633667
633739
633751
633767
633791
633799
633803
633823
633883
633923
633931
633943
633967
633991
634003
634031
634079
634091
634103
634159
634187
634199
634211
634223
634247
634267
634279
634307
634327
634331
634343
634367
634471
634483
634499
634511
634519
634523
634531
634567
634603
634643
634651
634679
634687
634703
634727
634747
634759
634807
634859
634871
634891
634903
634927
634939
634943
634979
635003
635039
635051
635087
635119
635147
635203
635207
635251
635263
635267
635279
635287
635291
635339
635347
635351
635359
635363
635387
635423
635431
635471
635483
635507
635519
635527
635563
635567
635599
635603
635639
635659
635707
635711
635731
635867
635879
635891
635923
635939
635959
635983
636023
636043
636059
636071
636107
636211
636247
636263
636283
636287
636319
636331
636343
636359
636403
636407
636499
636539
636547
636563
636619
636631
636719
636731
636739
636763
636851
636863
636919
636931
636947
636967
636983
637003
637067
637079
637139
637163
637171
637199
637243
637271
637283
637291
637319
637327
637339
637379
637423
637447
637459
637463
637471
637499
637519
637531
637543
637603
637607
637627
637691
637699
637711
637723
637727
637751
637771
637783
637787
637831
637883
637939
638023
638047
638051
638059
638063
638123
638147
638159
638171
638179
638263
638303
638327
638347
638359
638371
638423
638431
638459
638467
638527
638567
638587
638663
638699
638719
638767
638819
638839
638923
638959
638971
638999
639007
639011
639043
639083
639091
639143
639151
639167
639211
639259
639263
639299
639307
639311
639371
639391
639439
639451
639487
639491
639511
639547
639563
639571
639599
639631
639647
639671
639679
639703
639719
639731
639739
639839
639851
639907
639911
639959
639983
640007
640019
640027
640039
640043
640099
640127
640139
640151
640163
640219
640223
640231
640247
640259
640267
640279
640303
640307
640363
640411
640463
640483
640499
640531
640579
640583
640631
640663
640667
640687
640691
640727
640771
640847
640859
640891
640907
640919
640943
640963
640967
641051
641083
641131
641143
641167
641203
641227
641239
641279
641287
641299
641327
641371
641387
641411
641419
641467
641471
641479
641491
641519
641551
641579
641623
641639
641747
641791
641803
641819
641827
641843
641863
641867
641891
641923
641959
642011
642071
642079
642151
642163
642199
642211
642223
642247
642359
642403
642407
642419
642427
642487
642527
642547
642563
642623
642683
642739
642779
642791
642799
642871
642899
642907
642931
642947
643031
643039
643043
643051
643087
643099
643183
643187
643199
643231
643243
643303
643403
643439
643463
643507
643523
643547
643567
643583
643619
643639
643651
643691
643703
643723
643751
643847
643859
643879
643883
643919
643927
643991
644047
644051
644107
644123
644131
644143
644159
644191
644227
644239
644291
644327
644359
644363
644383
644411
644431
644443
644447
644491
644507
644519
644531
644563
644599
644647
644671
644687
644731
644747
644767
644783
644843
644863
644867
644899
644911
644923
644951
644999
645011
645019
645023
645067
645083
645091
645131
645179
645187
645347
645367
645383
645419
645431
645443
645467
645499
645503
645527
645571
645583
645599
645611
645647
645683
645691
645703
645727
645739
645751
645763
645787
645803
645839
645851
645907
645979
646003
646027
646039
646067
646099
646103
646147
646159
646183
646199
646259
646267
646271
646291
646307
646339
646379
646403
646411
646423
646519
646523
646543
646571
646619
646631
646643
646687
646771
646823
646831
646843
646859
646879
646883
646927
646979
646991
647011
647039
647047
647099
647111
647131
647147
647219
647263
647303
647327
647359
647363
647371
647399
647503
647527
647531
647551
647579
647587
647627
647651
647659
647663
647687
647719
647723
647743
647747
647771
647783
647839
647851
647891
647951
647963
647987
648007
648019
648047
648059
648079
648107
648119
648191
648199
648211
648239
648259
648283
648331
648343
648371
648379
648383
648391
648563
648607
648619
648631
648671
648719
648731
648763
648779
648803
648859
648863
648871
648887
648911
648931
648971
649007
649039
649063
649079
649087
649123
649147
649151
649183
649279
649283
649291
649307
649379
649403
649423
649427
649471
649483
649487
649499
649507
649511
649559
649567
649619
649631
649639
649643
649651
649739
649751
649771
649783
649787
649799
649843
649867
649871
649879
649907
649991
650011
650059
650071
650099
650107
650179
650183
650227
650291
650327
650347
650359
650387
650479
650483
650519
650543
650563
650567
650591
650599
650623
650627
650759
650779
650827
650851
650863
650911
650927
650971
650987
651019
651043
651067
651071
651103
651127
651139
651143
651179
651191
651223
651239
651247
651251
651271
651323
651331
651347
651439
651487
651503
651587
651647
651667
651683
651727
651731
651767
651803
651811
651839
651863
651943
651971
652019
652039
652063
652079
652087
652207
652243
652279
652283
652291
652319
652331
652339
652343
652411
652447
652451
652499
652507
652543
652559
652567
652591
652607
652627
652651
652667
652699
652723
652727
652739
652747
652759
652787
652811
652831
652871
652903
652931
652943
652991
652999
653083
653111
653143
653203
653207
653243
653267
653311
653339
653363
653431
653491
653503
653507
653519
653539
653563
653579
653623
653647
653651
653659
653687
653707
653711
653743
653819
653831
653879
653899
653903
653927
653951
653963
654011
654019
654023
654047
654067
654107
654127
654163
654167
654187
654191
654223
654307
654323
654343
654371
654427
654439
654491
654499
654527
654539
654571
654587
654611
654623
654671
654679
654727
654739
654743
654767
654779
654799
654803
654827
654839
654923
654931
654943
654967
654991
655003
655043
655087
655103
655111
655211
655219
655223
655243
655267
655283
655331
655351
655379
655387
655399
655439
655471
655507
655511
655531
655547
655559
655579
655583
655643
655651
655687
655723
655727
655807
655847
655859
655883
655927
655943
655987
656023
656039
656063
656119
656147
656171
656263
656267
656291
656303
656311
656323
656347
656371
656407
656423
656459
656471
656479
656483
656519
656527
656587
656599
656603
656651
656671
656683
656687
656707
656771
656783
656791
656819
656839
656891
656923
656939
656951
656959
657047
657071
657079
657091
657127
657131
657187
657299
657311
657323
657347
657383
657403
657431
657439
657451
657491
657499
657523
657539
657583
657607
657659
657703
657707
657719
657743
657779
657827
657863
657911
657931
657947
657959
657983
658043
658051
658079
658111
658123
658127
658139
658159
658187
658199
658211
658219
658247
658279
658303
658319
658327
658351
658367
658379
658391
658403
658447
658487
658507
658547
658579
658591
658607
658639
658643
658663
658703
658751
658783
658807
658831
658871
658883
658907
658919
658943
658963
658979
658991
659011
659023
659047
659059
659063
659159
659171
659231
659251
659279
659299
659327
659371
659419
659423
659467
659531
659539
659563
659591
659611
659639
659671
659723
659759
659783
659819
659831
659843
659863
659899
659947
659951
659963
659983
659999
660047
660067
660071
660103
660119
660131
660167
660199
660227
660251
660271
660299
660347
660367
660379
660391
660403
660503
660547
660559
660563
660599
660607
660619
660643
660659
660683
660719
660727
660731
660787
660791
660799
660811
660851
660887
660899
660923
660983
661019
661027
661091
661099
661103
661139
661183
661187
661231
661259
661267
661327
661343
661439
661459
661483
661547
661603
661607
661663
661679
661823
661879
661883
661931
661939
661951
661987
662003
662047
662059
662063
662083
662107
662111
662143
662203
662227
662231
662251
662267
662287
662323
662327
662339
662351
662407
662443
662483
662491
662527
662531
662539
662551
662567
662591
662639
662647
662671
662719
662743
662771
662819
662839
662843
662867
662899
662939
662947
662951
662999
663007
663031
663071
663127
663163
663167
663191
663203
663239
663263
663283
663319
663331
663359
663371
663407
663463
663539
663547
663563
663571
663583
663587
663599
663631
663659
663683
663763
663787
663823
663827
663907
663959
663967
663979
663983
663991
664019
664043
664067
664091
664099
664123
664151
664199
664211
664243
664271
664319
664331
664379
664403
664427
664459
664471
664507
664511
664571
664579
664583
664603
664619
664663
664667
664679
664687
664691
664711
664739
664771
664799
664843
664847
664879
664891
664967
665011
665039
665047
665051
665111
665123
665131
665179
665207
665239
665251
665267
665279
665299
665303
665311
665351
665359
665387
665419
665447
665479
665503
665507
665527
665563
665591
665603
665659
665719
665723
665747
665783
665803
665843
665923
665947
665983
666019
666023
666031
666067
666079
666091
666119
666139
666143
666167
666187
666191
666203
666403
666427
666431
666439
666467
666511
666527
666559
666599
666607
666643
666647
666667
666671
666683
666707
666727
666751
666811
666823
666871
666959
666979
666983
667019
667091
667103
667123
667127
667171
667211
667243
667283
667351
667363
667367
667379
667423
667427
667463
667487
667507
667519
667531
667547
667559
667631
667643
667687
667691
667699
667727
667819
667859
667867
667883
667903
667963
667987
667991
667999
668047
668051
668111
668159
668179
668203
668243
668303
668347
668407
668471
668527
668531
668539
668543
668567
668579
668599
668611
668623
668671
668687
668699
668719
668747
668791
668803
668851
668867
668879
668903
668939
668947
668959
668963
668999
669023
669091
669107
669127
669167
669247
669271
669283
669287
669311
669359
669371
669379
669391
669419
669451
669463
669479
669527
669551
669607
669611
669659
669667
669679
669707
669763
669787
669791
669839
669847
669859
669863
669887
669923
669931
669943
669947
669971
670031
670039
670051
670099
670139
670147
670199
670211
670223
670231
670279
670303
670343
670363
670379
670399
670447
670471
670487
670507
670511
670543
670559
670583
670619
670627
670639
670711
670727
670739
670763
670811
670823
670867
670903
670919
670931
670951
670963
670987
670991
671003
671039
671059
671063
671087
671123
671131
671159
671219
671287
671299
671303
671323
671339
671383
671431
671443
671467
671471
671519
671591
671603
671647
671651
671743
671779
671791
671831
671851
671887
671903
671911
671939
671947
671971
671999
672019
672043
672059
672079
672103
672107
672127
672131
672143
672151
672167
672223
672227
672251
672271
672283
672311
672323
672379
672439
672443
672499
672587
672643
672667
672703
672743
672767
672779
672787
672799
672803
672811
672823
672827
672863
672871
672883
672943
672967
672983
673019
673039
673063
673091
673111
673199
673207
673223
673247
673271
673291
673327
673339
673391
673399
673403
673411
673427
673447
673451
673459
673487
673499
673567
673579
673619
673639
673643
673667
673747
673787
673811
673879
673891
673943
673951
673979
673991
674059
674071
674083
674099
674123
674131
674159
674183
674227
674231
674239
674263
674299
674347
674363
674371
674419
674431
674483
674551
674563
674603
674647
674683
674699
674711
674719
674731
674759
674767
674771
674827
674831
674851
674867
674879
674903
674987
675067
675071
675079
675083
675131
675151
675163
675179
675187
675239
675247
675251
675263
675271
675299
675319
675347
675391
675407
675419
675463
675511
675539
675551
675559
675607
675611
675643
675739
675743
675751
675823
675827
675839
675859
675863
675923
675931
675959
675979
676007
676031
676043
676051
676099
676103
676111
676147
676171
676211
676219
676259
676279
676339
676363
676387
676391
676411
676427
676463
676523
676679
676703
676727
676747
676751
676763
676771
676807
676859
676883
676891
676903
676919
676927
676931
676943
676967
676979
676987
677011
677107
677111
677119
677147
677167
677227
677231
677239
677311
677323
677371
677387
677423
677447
677459
677471
677531
677539
677543
677563
677587
677627
677639
677647
677683
677687
677767
677779
677783
677791
677827
677891
677927
677947
677959
677983
678023
678047
678103
678179
678191
678199
678203
678211
678299
678343
678367
678371
678383
678407
678451
678463
678479
678499
678563
678599
678607
678611
678631
678647
678659
678719
678731
678739
678763
678767
678779
678823
678859
678871
678883
678907
678943
678959
678971
679039
679051
679067
679087
679111
679123
679127
679171
679183
679207
679219
679223
679279
679319
679363
679403
679423
679451
679463
679487
679519
679531
679603
679607
679639
679691
679699
679747
679751
679807
679823
679843
679859
679867
679879
679883
679891
679907
679919
679951
679999
680003
680027
680039
680059
680083
680107
680123
680159
680203
680263
680291
680299
680327
680347
680387
680399
680411
680431
680443
680503
680507
680531
680539
680567
680587
680611
680623
680651
680707
680759
680767
680783
680803
680831
680879
680959
680971
680987
681011
681019
681047
681067
681091
681127
681151
681167
681179
681251
681259
681271
681311
681367
681371
681403
681407
681419
681427
681451
681487
681523
681539
681563
681607
681623
681631
681647
681719
681727
681731
681763
681787
681823
681839
681883
681899
681931
681943
681971
681979
681983
682063
682079
682147
682151
682183
682207
682219
682247
682259
682291
682303
682307
682327
682411
682427
682439
682447
682463
682471
682483
682511
682519
682531
682547
682607
682679
682699
682723
682739
682751
682763
682811
682819
682943
682951
682967
683003
683047
683071
683083
683087
683119
683143
683159
683231
683251
683299
683303
683323
683351
683407
683447
683471
683479
683483
683503
683567
683591
683603
683651
683687
683699
683719
683731
683747
683759
683783
683807
683819
683831
683843
683863
683887
683899
683911
683923
683939
683983
684007
684091
684119
684127
684163
684191
684239
684287
684311
684347
684379
684407
684419
684427
684443
684451
684527
684547
684559
684587
684599
684643
684647
684683
684727
684731
684751
684767
684791
684799
684923
685019
685031
685039
685051
685063
685099
685103
685123
685199
685231
685247
685271
685319
685339
685367
685427
685459
685471
685511
685519
685547
685591
685631
685679
685723
685739
685747
685759
685819
685859
685907
685939
685963
685987
685991
686003
686011
686027
686039
686051
686087
686099
686131
686143
686267
686339
686359
686363
686423
686479
686503
686519
686551
686563
686611
686639
686671
686687
686723
686731
686843
686863
686879
686891
686911
686947
686963
686971
687007
687019
687023
687031
687083
687107
687131
687139
687151
687163
687179
687223
687299
687307
687311
687331
687343
687359
687383
687403
687431
687443
687499
687523
687551
687559
687623
687647
687679
687683
687691
687707
687767
687779
687787
687823
687839
687847
687923
687931
688003
688027
688031
688063
688067
688087
688111
688139
688147
688159
688187
688223
688339
688379
688403
688411
688423
688447
688451
688511
688531
688543
688591
688627
688631
688679
688747
688763
688783
688799
688867
688871
688907
688939
688951
688979
688999
689063
689071
689107
689131
689167
689219
689267
689279
689291
689383
689411
689431
689459
689467
689551
689587
689599
689603
689699
689723
689771
689779
689803
689807
689827
689831
689851
689867
689879
689891
689903
689951
689959
689963
689987
690059
690103
690119
690127
690139
690143
690163
690187
690259
690271
690323
690367
690407
690419
690427
690439
690467
690491
690511
690583
690607
690611
690719
690787
690839
690871
690887
690919
691051
691063
691079
691111
691147
691151
691183
691199
691231
691267
691343
691363
691399
691451
691463
691499
691531
691583
691591
691631
691651
691687
691723
691727
691739
691759
691763
691787
691799
691843
691871
691891
691903
691907
691919
691931
691979
691991
692051
692059
692063
692071
692099
692147
692191
692239
692287
692299
692327
692347
692371
692387
692399
692407
692423
692431
692459
692467
692539
692543
692567
692591
692647
692651
692663
692707
692711
692743
692771
692779
692851
692863
692927
692963
692983
693019
693079
693103
693127
693167
693179
693223
693283
693323
693359
693403
693431
693487
693503
693523
693527
693571
693607
693619
693659
693683
693691
693727
693731
693739
693743
693779
693799
693827
693851
693859
693871
693943
693967
694019
694039
694079
694087
694091
694123
694207
694223
694259
694271
694319
694327
694339
694367
694387
694391
694427
694471
694483
694487
694511
694523
694559
694567
694571
694591
694619
694651
694747
694763
694783
694831
694867
694871
694879
694919
694951
694979
694987
694999
695003
695047
695059
695087
695099
695111
695131
695171
695207
695239
695243
695263
695323
695327
695347
695371
695407
695411
695447
695467
695491
695503
695567
695599
695603
695627
695659
695663
695687
695719
695743
695771
695791
695839
695843
695867
695879
695899
695927
695939
695999
696019
696067
696079
696083
696107
696119
696239
696263
696271
696323
696343
696359
696379
696403
696427
696491
696503
696523
696547
696607
696611
696623
696659
696679
696691
696719
696743
696763
696811
696823
696827
696851
696887
696907
696991
697019
697063
697079
697087
697111
697127
697211
697259
697267
697271
697303
697327
697351
697379
697387
697399
697423
697447
697507
697511
697519
697523
697579
697583
697591
697603
697643
697687
697691
697703
697727
697759
697787
697819
697831
697891
697951
697967
697979
697999
698039
698051
698083
698111
698171
698183
698239
698251
698263
698287
698311
698339
698359
698371
698387
698419
698447
698471
698483
698491
698507
698527
698531
698539
698543
698567
698591
698723
698779
698827
698891
698899
698903
698923
698939
698983
699007
699059
699119
699151
699187
699191
699211
699271
699287
699299
699319
699323
699343
699367
699379
699383
699427
699443
699463
699511
699527
699539
699571
699631
699719
699767
699791
699823
699863
699931
699943
699947
699967
700027
700067
700079
700087
700099
700103
700127
700171
700199
700211
700223
700279
700303
700307
700319
700331
700339
700363
700367
700387
700391
700423
700459
700471
700499
700523
700571
700591
700627
700639
700643
700703
700751
700759
700811
700831
700871
700883
700907
700919
700963
701011
701023
701047
701147
701159
701179
701219
701227
701279
701291
701299
701359
701383
701399
701419
701443
701447
701479
701507
701527
701531
701579
701611
701627
701671
701699
701711
701719
701731
701783
701791
701819
701863
701903
701951
701963
702007
702011
702067
702127
702131
702139
702179
702199
702203
702211
702239
702283
702311
702323
702347
702379
702391
702407
702431
702439
702451
702503
702511
702523
702539
702551
702587
702599
702607
702623
702671
702679
702683
702707
702731
702743
702787
702803
702827
702847
702851
702887
702983
702991
703039
703123
703127
703139
703211
703223
703231
703243
703267
703327
703331
703379
703411
703447
703459
703463
703471
703499
703531
703559
703631
703643
703663
703679
703691
703699
703711
703763
703819
703883
703903
703907
703943
703991
704003
704023
704027
704059
704087
704111
704131
704183
704219
704243
704251
704279
704287
704299
704303
704399
704419
704447
704507
704527
704551
704567
704579
704603
704647
704663
704687
704719
704731
704747
704771
704779
704783
704807
704819
704839
704863
704867
704947
704983
704999
705011
705031
705043
705079
705119
705127
705163
705167
705191
705247
705259
705307
705403
705427
705491
705499
705559
705631
705643
705751
705763
705779
705787
705827
705863
705871
705883
705899
705919
705967
706003
706019
706039
706051
706067
706099
706151
706159
706183
706207
706267
706283
706291
706403
706427
706463
706487
706499
706507
706523
706547
706603
706631
706679
706703
706747
706751
706763
706787
706847
706883
706907
706919
706943
706987
706999
707011
707027
707071
707099
707111
707131
707143
707159
707191
707219
707279
707299
707359
707383
707407
707431
707459
707467
707527
707543
707563
707627
707647
707671
707683
707711
707723
707747
707767
707827
707831
707887
707911
707923
707939
707951
707983
708007
708011
708023
708031
708047
708091
708119
708131
708139
708163
708179
708199
708223
708251
708283
708287
708311
708343
708347
708359
708371
708403
708479
708527
708559
708563
708583
708599
708647
708667
708703
708751
708803
708823
708839
708859
708899
708907
708923
708943
708959
708979
708991
709043
709123
709139
709151
709211
709231
709271
709279
709283
709307
709351
709447
709451
709507
709519
709531
709547
709603
709607
709651
709663
709679
709691
709703
709739
709799
709823
709831
709843
709847
709871
709879
709927
709963
709967
709991
710023
710027
710051
710119
710207
710219
710299
710323
710327
710351
710371
710383
710399
710443
710459
710483
710491
710503
710519
710527
710531
710599
710603
710623
710627
710663
710683
710779
710791
710839
710851
710863
710867
710887
710903
710911
710951
710959
710971
710987
711019
711023
711131
711143
711163
711187
711223
711259
711287
711299
711307
711371
711427
711463
711479
711499
711523
711539
711563
711583
711679
711691
711707
711727
711731
711751
711811
711839
711847
711859
711899
711923
711947
711959
711967
711983
712007
712051
712067
712171
712183
712199
712219
712279
712303
712319
712331
712339
712427
712447
712483
712499
712507
712511
712531
712571
712603
712631
712651
712687
712711
712739
712807
712819
712843
712847
712883
712891
712927
712939
712951
712967
713039
713059
713107
713147
713159
713171
713183
713191
713227
713239
713243
713267
713287
713311
713347
713351
713399
713407
713411
713467
713491
713563
713599
713611
713627
713663
713743
713747
713771
713807
713827
713831
713863
713891
713903
713927
713939
713987
714107
714139
714143
714151
714163
714199
714223
714227
714247
714283
714443
714463
714479
714487
714503
714551
714563
714619
714691
714719
714739
714751
714787
714827
714839
714851
714887
714907
714911
714919
714943
714947
714971
714991
715019
715031
715063
715087
715123
715151
715159
715171
715223
715243
715259
715303
715339
715423
715439
715499
715523
715567
715571
715579
715639
715643
715651
715679
715699
715727
715739
715811
715823
715843
715859
715867
715879
715903
715919
715927
715943
715963
715991
715999
716003
716063
716087
716123
716143
716171
716279
716291
716299
716351
716383
716399
716411
716447
716459
716479
716483
716491
716531
716543
716563
716591
716659
716663
716671
716687
716707
716731
716743
716747
716783
716819
716827
716899
716951
716959
716987
717011
717047
717091
717103
717127
717139
717151
717191
717259
717271
717323
717331
717419
717427
717443
717463
717491
717511
717527
717539
717551
717559
717631
717659
717667
717679
717683
717719
717751
717803
717811
717851
717883
717887
717919
717923
717967
717979
718007
718043
718051
718087
718139
718163
718171
718183
718187
718259
718271
718303
718331
718343
718379
718387
718391
718411
718423
718427
718463
718511
718547
718559
718579
718603
718691
718703
718723
718747
718759
718807
718847
718871
718919
718931
718943
718999
719011
719027
719063
719071
719119
719143
719167
719179
719183
719203
719227
719239
719267
719351
719419
719447
719483
719503
719567
719599
719639
719659
719671
719683
719699
719723
719731
719779
719791
719839
719903
719911
719947
719951
719959
720007
720019
720023
720059
720091
720127
720151
720179
720211
720283
720299
720311
720319
720359
720367
720403
720407
720439
720491
720527
720547
720571
720607
720611
720619
720683
720703
720743
720763
720767
720779
720791
720847
720887
720899
720931
720943
720947
720971
720983
720991
721003
721043
721051
721079
721087
721111
721139
721159
721163
721199
721207
721219
721223
721243
721267
721283
721291
721307
721319
721351
721363
721379
721387
721439
721451
721499
721547
721571
721619
721631
721663
721687
721703
721739
721783
721843
721859
721883
721891
721951
721979
721991
722011
722023
722027
722047
722063
722119
722123
722147
722159
722167
722243
722287
722291
722299
722311
722363
722411
722431
722459
722467
722479
722539
722563
722599
722611
722639
722663
722723
722783
722791
722807
722819
722899
722903
722963
722971
722983
723031
723043
723067
723071
723103
723119
723127
723167
723227
723259
723263
723271
723287
723319
723379
723391
723407
723439
723451
723467
723479
723491
723551
723559
723563
723587
723607
723623
723727
723739
723791
723799
723803
723823
723839
723851
723859
723907
723923
723959
723967
724007
724079
724099
724111
724123
724187
724211
724219
724259
724267
724291
724303
724331
724403
724447
724459
724487
724499
724519
724531
724547
724567
724583
724627
724631
724639
724643
724651
724723
724747
724751
724783
724807
724847
724879
724903
724939
724967
724991
725071
725099
725111
725119
725147
725159
725303
725323
725327
725359
725371
725399
725423
725447
725479
725507
725519
725531
725579
725587
725603
725639
725663
725671
725687
725723
725731
725807
725827
725863
725867
725891
725939
725983
725999
726007
726023
726043
726071
726091
726107
726139
726163
726191
726287
726307
726331
726367
726371
726379
726391
726419
726431
726463
726487
726527
726559
726599
726611
726619
726623
726647
726659
726679
726707
726751
726779
726787
726811
726839
726899
726911
726923
726983
726991
727003
727019
727063
727079
727123
727159
727183
727211
727247
727267
727271
727327
727343
727351
727399
727427
727451
727459
727471
727483
727487
727499
727667
727691
727703
727711
727747
727759
727763
727799
727807
727823
727843
727847
727879
727891
727939
728003
728027
728047
728087
728131
728191
728207
728267
728303
728383
728423
728471
728527
728551
728579
728627
728639
728647
728659
728687
728699
728723
728731
728743
728747
728771
728831
728839
728843
728851
728867
728891
728899
728911
728927
728947
728971
729019
729023
729059
729139
729143
729187
729191
729199
729203
729271
729331
729359
729367
729371
729403
729451
729503
729511
729527
729551
729559
729571
729587
729607
729643
729671
729679
729719
729779
729787
729791
729851
729871
729907
729919
729931
729943
729947
729979
729991
730003
730091
730111
730139
730187
730199
730283
730339
730363
730399
730447
730451
730459
730487
730559
730567
730571
730591
730603
730619
730663
730679
730727
730747
730783
730799
730811
730819
730823
730843
730867
730879
730943
730999
731047
731183
731191
731219
731243
731251
731267
731287
731299
731327
731359
731363
731447
731483
731503
731531
731539
731567
731587
731603
731611
731623
731639
731651
731683
731711
731719
731767
731779
731803
731807
731827
731831
731839
731851
731911
731923
731999
732023
732079
732187
732191
732211
732239
732271
732283
732287
732299
732311
732323
732331
732439
732467
732491
732631
732703
732731
732799
732827
732863
732911
732923
732943
732959
732967
732971
733003
733067
733099
733111
733123
733127
733147
733283
733307
733331
733339
733351
733387
733391
733399
733427
733459
733511
733519
733559
733591
733619
733639
733651
733687
733751
733807
733823
733847
733867
733871
733879
733883
733919
733939
733963
733991
734003
734047
734087
734131
734143
734159
734171
734203
734207
734263
734267
734291
734303
734347
734411
734423
734431
734443
734471
734479
734543
734567
734627
734647
734659
734663
734687
734707
734743
734759
734771
734803
734807
734819
734879
734887
734911
734959
734971
735019
735043
735067
735071
735083
735107
735139
735143
735187
735211
735239
735247
735263
735271
735283
735307
735311
735331
735359
735367
735391
735419
735431
735439
735443
735451
735467
735479
735491
735571
735659
735719
735731
735739
735751
735871
735883
735919
735979
735983
736007
736027
736039
736051
736063
736091
736111
736147
736159
736187
736243
736247
736259
736279
736363
736367
736387
736399
736403
736447
736471
736511
736607
736639
736679
736691
736699
736787
736823
736843
736847
736867
736871
736903
736927
736951
736987
737039
737047
737059
737083
737111
737119
737131
737147
737159
737179
737183
737203
737207
737251
737263
737279
737287
737291
737327
737339
737351
737411
737423
737431
737479
737483
737507
737531
737563
737567
737591
737663
737683
737687
737719
737747
737767
737819
737843
737887
737927
737999
738011
738043
738071
738083
738107
738151
738163
738211
738223
738247
738263
738319
738379
738383
738391
738403
738443
738487
738499
738523
738539
738547
738583
738623
738643
738707
738743
738791
738811
738827
738839
738847
738851
738863
738919
738923
739003
739027
739031
739051
739087
739099
739103
739111
739163
739171
739183
739187
739199
739283
739303
739307
739327
739331
739351
739363
739379
739391
739399
739439
739463
739507
739511
739523
739579
739603
739631
739699
739723
739751
739759
739771
739787
739799
739847
739859
739931
739943
739951
739967
740011
740023
740059
740087
740099
740123
740143
740171
740191
740227
740279
740287
740303
740323
740351
740359
740371
740387
740423
740483
740527
740591
740599
740603
740651
740659
740671
740687
740711
740891
740903
740923
740939
740951
741007
741011
741031
741043
741071
741079
741119
741127
741131
741163
741187
741227
741283
741343
741347
741431
741467
741479
741491
741547
741563
741599
741667
741679
741683
741691
741787
741803
741827
741847
741859
741883
741967
741991
742031
742111
742127
742151
742199
742211
742219
742243
742283
742307
742327
742351
742439
742499
742507
742519
742531
742559
742579
742591
742607
742619
742663
742699
742711
742723
742759
742783
742891
742943
742967
742991
742999
743027
743047
743059
743111
743123
743131
743143
743159
743167
743179
743203
743251
743263
743279
743339
743363
743423
743447
743507
743551
743579
743591
743671
743711
743731
743747
743779
743791
743803
743819
743851
743891
743923
743947
743987
744019
744043
744071
744083
744127
744179
744187
744199
744203
744239
744251
744283
744371
744391
744407
744431
744451
744503
744511
744539
744547
744559
744599
744607
744659
744707
744727
744739
744767
744791
744811
744823
744859
744911
744959
745027
745051
745067
745103
745187
745231
745243
745247
745307
745343
745379
745391
745471
745531
745543
745567
745631
745699
745711
745727
745747
745751
745859
745903
745931
745939
745951
745999
746023
746047
746099
746107
746167
746171
746183
746191
746203
746227
746231
746243
746267
746287
746303
746363
746371
746411
746479
746483
746503
746507
746531
746563
746659
746671
746723
746743
746747
746791
746807
746839
746843
746891
746899
746903
746939
746951
746959
747107
747139
747199
747203
747223
747239
747259
747283
747287
747319
747323
747343
747391
747407
747427
747451
747463
747499
747547
747563
747583
747587
747599
747611
747619
747647
747679
747731
747743
747763
747811
747827
747839
747863
747871
747919
747979
747991
748003
748019
748039
748091
748183
748199
748207
748211
748219
748271
748283
748331
748339
748343
748379
748387
748463
748471
748487
748499
748523
748567
748603
748639
748687
748691
748703
748711
748723
748763
748807
748819
748823
748831
748871
748883
748963
748987
749011
749027
749051
749083
749143
749167
749171
749183
749219
749267
749279
749299
749323
749339
749347
749351
749383
749423
749431
749443
749467
749471
749543
749587
749659
749711
749747
749779
749803
749807
749843
749851
749863
749891
749899
749923
749927
749939
749971
750019
750059
750083
750119
750131
750151
750163
750179
750203
750223
750287
750311
750383
750419
750487
750571
750599
750667
750679
750691
750707
750719
750787
750791
750803
750863
750943
750983
751007
751027
751087
751103
751123
751139
751147
751151
751183
751199
751207
751259
751291
751307
751319
751327
751343
751351
751363
751367
751379
751411
751423
751447
751463
751523
751567
751579
751627
751631
751643
751691
751711
751727
751739
751747
751759
751763
751787
751799
751823
751867
751871
751879
751943
751987
752023
752083
752107
752111
752183
752203
752207
752251
752263
752287
752291
752299
752303
752351
752359
752383
752431
752447
752459
752483
752503
752519
752527
752603
752627
752639
752651
752683
752699
752707
752747
752771
752803
752819
752831
752867
752891
752903
752911
753007
753019
753023
753031
753079
753091
753127
753139
753143
753187
753191
753307
753367
753383
753427
753439
753463
753499
753527
753547
753583
753587
753611
753619
753631
753647
753659
753679
753691
753707
753719
753743
753751
753799
753803
753811
753839
753847
753859
753931
753947
753959
753979
753983
754003
754027
754043
754067
754099
754111
754123
754183
754207
754211
754223
754267
754279
754283
754343
754367
754379
754399
754427
754451
754463
754483
754531
754583
754627
754639
754651
754703
754711
754723
754739
754751
754771
754811
754891
754903
754907
754931
754939
754967
754979
754991
755071
755087
755107
755143
755147
755171
755203
755239
755267
755311
755351
755371
755387
755399
755483
755539
755551
755567
755627
755663
755707
755719
755759
755767
755771
755791
755863
755879
755899
755903
755959
756011
756023
756043
756127
756131
756139
756167
756179
756191
756199
756227
756247
756251
756271
756319
756323
756331
756403
756419
756443
756463
756467
756527
756563
756571
756607
756667
756683
756703
756719
756727
756739
756799
756839
756887
756919
756923
756967
756971
757019
757039
757063
757067
757111
757151
757171
757243
757247
757259
757271
757291
757307
757319
757327
757331
757343
757363
757387
757403
757487
757507
757543
757579
757583
757607
757651
757699
757711
757727
757751
757763
757807
757811
757819
757879
757903
757927
757943
757951
758003
758071
758083
758099
758111
758159
758179
758203
758227
758231
758243
758267
758279
758299
758323
758339
758363
758383
758411
758431
758491
758503
758519
758551
758579
758599
758671
758687
758699
758707
758711
758731
758743
758767
758783
758819
758827
758851
758867
758887
758899
758963
758971
758987
759019
759047
759103
759131
759167
759179
759223
759263
759287
759359
759371
759431
759463
759467
759491
759503
759523
759547
759559
759571
759599
759623
759631
759659
759691
759719
759727
759739
759763
759799
759911
759923
759947
759959
760007
760043
760063
760079
760103
760147
760163
760183
760187
760211
760231
760267
760343
760367
760411
760423
760447
760499
760511
760519
760531
760567
760579
760607
760619
760723
760759
760783
760807
760843
760847
760871
760891
760927
760939
760951
761003
761023
761051
761087
761119
761179
761183
761203
761207
761227
761251
761263
761291
761347
761351
761363
761399
761407
761443
761459
761471
761483
761531
761543
761567
761591
761603
761611
761623
761671
761711
761731
761779
761807
761863
761879
761927
761939
761963
761983
762007
762031
762187
762211
762227
762239
762319
762367
762371
762379
762407
762479
762491
762499
762539
762547
762563
762571
762583
762599
762647
762659
762667
762743
762779
762791
762823
762847
762871
762899
762919
762959
762967
763027
763031
763039
763043
763067
763111
763123
763159
763183
763223
763267
763271
763303
763307
763339
763391
763403
763423
763447
763471
763523
763559
763579
763583
763619
763627
763663
763699
763739
763751
763771
763787
763811
763823
763843
763859
763879
763883
763907
763927
763943
763967
763999
764003
764011
764051
764059
764111
764131
764143
764171
764251
764327
764339
764399
764431
764447
764459
764471
764539
764551
764563
764587
764591
764611
764623
764627
764683
764719
764723
764783
764839
764887
764891
764899
764903
764947
764971
764999
765007
765031
765043
765047
765059
765091
765103
765131
765139
765143
765151
765199
765203
765211
765227
765251
765283
765287
765307
765319
765379
765383
765439
765467
765487
765503
765539
765587
765619
765623
765659
765707
765727
765763
765767
765823
765827
765847
765851
765859
765899
765907
765931
765971
765983
765991
766039
766067
766079
766091
766111
766127
766163
766187
766211
766223
766231
766247
766387
766399
766439
766471
766487
766511
766531
766543
766559
766583
766639
766651
766679
766687
766739
766763
766807
766811
766867
766891
766907
766939
766943
766967
766999
767051
767071
767111
767131
767147
767167
767203
767243
767279
767287
767323
767339
767359
767399
767423
767443
767471
767527
767539
767551
767587
767603
767623
767647
767707
767747
767759
767783
767827
767831
767843
767863
767867
767951
768059
768107
768127
768139
768167
768191
768199
768203
768259
768263
768319
768323
768343
768347
768359
768371
768419
768431
768479
768491
768503
768563
768571
768623
768631
768643
768671
768727
768751
768767
768787
768799
768811
768851
768923
768931
768979
768983
769003
769007
769019
769039
769091
769123
769147
769151
769159
769207
769231
769243
769247
769259
769319
769339
769387
769411
769423
769459
769463
769487
769543
769547
769579
769591
769619
769627
769663
769687
769723
769739
769751
769799
769807
769871
769903
769919
769927
769943
769963
769987
769999
770027
770039
770047
770059
770111
770123
770167
770179
770183
770191
770207
770227
770239
770291
770311
770359
770387
770447
770459
770503
770519
770527
770551
770579
770587
770591
770611
770639
770647
770663
770767
770771
770839
770843
770863
770867
770927
770951
770971
771011
771019
771031
771047
771079
771091
771143
771163
771179
771227
771283
771299
771359
771403
771427
771431
771439
771499
771503
771527
771583
771587
771607
771619
771623
771643
771679
771691
771703
771739
771763
771863
771887
771899
771971
772003
772019
772091
772127
772139
772147
772159
772207
772231
772279
772339
772367
772379
772391
772403
772439
772451
772459
772567
772571
772591
772619
772631
772663
772691
772703
772771
772843
772847
772859
772867
772903
772907
772963
772987
772991
773023
773027
773039
773063
773083
773147
773159
773207
773231
773239
773251
773287
773299
773363
773371
773387
773407
773447
773491
773567
773579
773599
773603
773611
773659
773683
773719
773723
773767
773779
773803
773831
773863
773867
773879
773939
773951
773987
773999
774023
774047
774071
774083
774107
774119
774127
774131
774143
774199
774223
774239
774283
774343
774427
774439
774463
774467
774491
774511
774523
774551
774583
774643
774667
774671
774679
774691
774703
774779
774791
774799
774803
774811
774863
774919
774931
774959
775007
775043
775063
775079
775087
775091
775147
775163
775259
775267
775343
775363
775367
775451
775507
775531
775603
775627
775639
775711
775739
775787
775807
775811
775823
775871
775919
775939
775963
775987
776003
776047
776059
776099
776119
776143
776159
776179
776183
776219
776267
776287
776327
776467
776471
776483
776507
776551
776563
776599
776627
776651
776683
776719
776759
776819
776851
776879
776887
776899
776947
776983
776987
777011
777031
777071
777103
777143
777151
777167
777187
777191
777199
777247
777251
777383
777391
777419
777431
777451
777463
777479
777551
777571
777583
777619
777643
777671
777683
777731
777743
777787
777839
777859
777863
777871
777911
777919
777979
778027
778051
778079
778091
778111
778123
778163
778187
778223
778247
778307
778319
778363
778391
778403
778439
778507
778511
778523
778559
778567
778579
778643
778663
778667
778699
778727
778759
778763
778819
778831
778847
778871
778879
778903
778907
778927
778951
778963
778979
779003
779011
779039
779063
779111
779131
779159
779231
779239
779267
779327
779347
779351
779507
779531
779543
779563
779579
779591
779599
779659
779663
779699
779707
779731
779747
779767
779771
779791
779827
779879
779887
779899
779927
779939
779971
779983
780047
780119
780127
780163
780179
780191
780211
780223
780287
780323
780343
780347
780371
780379
780383
780499
780523
780583
780587
780631
780667
780671
780679
780683
780707
780719
780799
780803
780823
780851
780887
780931
780971
780991
781003
781007
781043
781051
781063
781087
781111
781127
781139
781163
781171
781199
781211
781243
781247
781271
781283
781307
781327
781351
781367
781387
781399
781423
781427
781483
781511
781519
781523
781531
781559
781567
781607
781619
781631
781771
781799
781819
781867
781883
781919
781951
781967
781987
781999
782003
782011
782071
782083
782087
782107
782123
782147
782183
782191
782219
782231
782251
782263
782267
782311
782339
782371
782387
782443
782519
782539
782611
782659
782671
782687
782707
782711
782723
782783
782791
782839
782891
782911
782963
782983
783007
783011
783019
783023
783043
783119
783131
783143
783151
783191
783227
783247
783259
783283
783323
783359
783379
783407
783487
783527
783571
783599
783619
783647
783691
783703
783707
783719
783743
783763
783767
783779
783787
783791
783799
783803
783931
784039
784087
784103
784171
784183
784211
784219
784243
784283
784307
784327
784351
784367
784379
784387
784411
784423
784447
784451
784463
784471
784543
784547
784583
784603
784627
784687
784723
784727
784799
784831
784859
784867
784919
784939
785003
785107
785119
785123
785143
785159
785167
785203
785207
785219
785227
785287
785299
785303
785311
785347
785363
785423
785431
785459
785483
785503
785527
785579
785591
785623
785627
785651
785671
785731
785779
785803
785839
785879
785903
785923
785947
785951
785963
786031
786047
786059
786127
786151
786167
786179
786211
786223
786251
786271
786307
786311
786319
786371
786407
786419
786431
786491
786547
786551
786587
786659
786691
786703
786707
786719
786739
786763
786803
786823
786859
786887
786931
786959
786971
786979
786983
787043
787051
787067
787079
787091
787099
787123
787139
787187
787207
787243
787331
787427
787439
787447
787483
787519
787547
787639
787667
787711
787747
787751
787771
787783
787807
787811
787823
787879
787883
787903
787907
787939
787999
788023
788027
788071
788087
788107
788159
788167
788231
788267
788287
788351
788363
788383
788387
788399
788419
788467
788479
788527
788531
788563
788603
788651
788659
788687
788719
788779
788819
788863
788867
788891
788903
788927
788947
788959
788971
788999
789031
789067
789091
789227
789251
789311
789323
789331
789343
789367
789391
789407
789419
789443
789491
789511
789527
789571
789587
789611
789623
789631
789671
789683
789731
789739
789823
789847
789851
789883
789959
789967
789979
790003
790043
790051
790063
790087
790099
790171
790199
790219
790271
790291
790327
790331
790351
790379
790403
790451
790459
790519
790523
790547
790567
790583
790607
790651
790703
790739
790747
790819
790831
790843
790871
790879
790883
790927
790967
790991
791003
791047
791099
791111
791159
791191
791227
791251
791291
791311
791347
791363
791387
791411
791419
791431
791443
791447
791519
791543
791563
791599
791627
791663
791699
791783
791803
791827
791851
791887
791891
791899
791927
791951
791971
792023
792031
792067
792107
792119
792131
792151
792163
792179
792223
792227
792247
792263
792283
792299
792307
792359
792371
792383
792443
792479
792487
792551
792559
792563
792643
792647
792667
792679
792691
792703
792731
792751
792871
792907
792919
792959
792983
792991
793043
793099
793103
793123
793139
793159
793187
793207
793279
793327
793343
793379
793399
793439
793447
793487
793511
793519
793547
793591
793607
793627
793691
793699
793711
793739
793787
793843
793867
793927
793931
793939
793967
793979
793999
794011
794023
794039
794063
794071
794111
794119
794179
794191
794203
794207
794231
794239
794327
794363
794383
794399
794407
794471
794483
794491
794531
794543
794551
794579
794587
794659
794711
794743
794779
794831
794879
794887
794923
794999
795007
795023
795071
795079
795083
795103
795127
795139
795187
795203
795211
795239
795251
795299
795307
795323
795343
795427
795467
795479
795503
795527
795539
795551
795643
795647
795659
795667
795679
795703
795727
795763
795791
795799
795803
795827
795871
795931
795943
795947
795979
795983
796063
796067
796091
796139
796151
796171
796247
796259
796267
796291
796303
796307
796339
796363
796379
796387
796391
796447
796451
796459
796487
796531
796567
796571
796583
796591
796619
796687
796699
796711
796751
796759
796799
796819
796847
796867
796871
796931
796951
796967
797003
797039
797051
797063
797119
797131
797143
797171
797207
797287
797311
797359
797383
797399
797507
797539
797551
797567
797579
797591
797611
797627
797647
797711
797743
797747
797767
797851
797887
797911
797947
797987
798023
798043
798059
798067
798071
798079
798131
798139
798143
798151
798179
798191
798199
798223
798227
798251
798263
798271
798319
798331
798383
798403
798443
798451
798487
798503
798527
798599
798647
798667
798691
798727
798751
798799
798823
798871
798887
798911
798923
798943
799003
799031
799063
799091
799103
799147
799151
799171
799219
799223
799259
799291
799303
799307
799343
799363
799427
799471
799483
799507
799523
799543
799619
799651
799679
799723
799727
799739
799759
799807
799859
799891
799979
799991
799999
800011
800083
800119
800123
800131
800143
800159
800171
800231
800243
800287
800291
800311
800351
800399
800407
800419
800447
800483
800519
800539
800587
800599
800623
800647
800651
800659
800663
800687
800707
800711
800731
800743
800759
800783
800879
800903
800923
800959
800971
800999
801007
801011
801019
801079
801103
801107
801127
801179
801187
801247
801331
801371
801379
801403
801407
801419
801487
801503
801539
801551
801571
801607
801611
801631
801683
801707
801791
801811
801859
801883
801947
801959
802007
802019
802027
802031
802103
802127
802147
802159
802163
802183
802231
802279
802283
802331
802339
802387
802463
802471
802499
802511
802523
802531
802583
802603
802643
802651
802667
802751
802759
802783
802787
802799
802811
802831
802951
802979
802987
803027
803059
803087
803119
803171
803207
803227
803251
803287
803311
803323
803347
803359
803399
803443
803447
803479
803483
803519
803587
803591
803611
803623
803651
803659
803687
803731
803819
803867
803911
803927
803939
803963
803987
804007
804031
804043
804059
804091
804107
804119
804127
804179
804191
804203
804211
804239
804259
804283
804367
804371
804383
804443
804511
804523
804571
804607
804611
804619
804703
804743
804751
804767
804803
804823
804847
804919
804943
804983
805019
805027
805031
805067
805099
805111
805159
805187
805219
805223
805267
805271
805279
805327
805331
805339
805403
805451
805463
805471
805487
805499
805507
805523
805531
805559
805583
805639
805687
805703
805711
805723
805799
805807
805811
805843
805859
805867
805891
805967
805991
806011
806023
806027
806051
806059
806087
806107
806111
806159
806203
806263
806291
806363
806371
806383
806447
806467
806483
806503
806543
806579
806639
806671
806719
806783
806791
806807
806903
806947
806951
806999
807011
807071
807083
807119
807127
807151
807187
807203
807251
807259
807299
807371
807379
807383
807403
807407
807419
807427
807463
807479
807487
807491
807511
807523
807539
807559
807571
807607
807647
807707
807731
807787
807871
807907
807923
807931
807943
808019
808039
808111
808147
808187
808211
808267
808307
808343
808351
808363
808391
808399
808439
808459
808523
808559
808579
808603
808627
808651
808679
808699
808739
808747
808751
808771
808867
808919
808991
809023
809051
809063
809087
809143
809147
809203
809231
809239
809243
809323
809339
809359
809383
809399
809407
809423
809443
809447
809491
809507
809527
809563
809579
809587
809603
809707
809719
809747
809759
809771
809779
809803
809827
809839
809843
809891
809903
809983
810023
810059
810071
810079
810091
810151
810191
810223
810239
810259
810307
810319
810343
810367
810379
810391
810419
810427
810443
810487
810503
810539
810547
810571
810583
810587
810643
810659
810671
810763
810791
810839
810871
810907
810923
810967
811039
811067
811099
811123
811127
811147
811163
811171
811183
811199
811207
811231
811259
811351
811379
811387
811411
811511
811519
811523
811583
811607
811619
811627
811651
811667
811691
811703
811747
811763
811771
811799
811819
811871
811879
811919
811931
811991
812011
812047
812051
812167
812179
812183
812191
812267
812299
812347
812351
812359
812363
812387
812431
812443
812467
812491
812503
812519
812527
812587
812599
812627
812639
812671
812699
812711
812731
812759
812807
812939
812963
813023
813083
813091
813107
813167
813199
813203
813227
813251
813283
813287
813299
813311
813343
813367
813383
813419
813427
813443
813499
813503
813511
813559
813583
813623
813647
813707
813767
813811
813847
813863
813871
813907
813931
813971
813991
814003
814007
814019
814031
814043
814063
814067
814127
814139
814171
814183
814199
814211
814243
814279
814327
814367
814379
814399
814403
814423
814447
814531
814543
814559
814579
814603
814631
814643
814687
814699
814747
814763
814771
814783
814799
814823
814859
814883
814903
814927
814939
814943
814991
815047
815063
815123
815159
815231
815251
815279
815291
815351
815411
815431
815459
815471
815491
815519
815527
815539
815543
815587
815599
815623
815627
815663
815671
815687
815819
815831
815851
815891
815923
815939
815963
816019
816043
816047
816091
816103
816131
816163
816191
816203
816223
816227
816239
816251
816271
816367
816427
816443
816451
816499
816539
816547
816559
816587
816667
816691
816703
816743
816763
816779
816811
816839
816847
816859
816883
816887
816899
816911
816919
816947
816971
817027
817039
817051
817087
817111
817123
817127
817147
817151
817163
817183
817211
817279
817291
817303
817319
817331
817379
817403
817463
817483
817519
817567
817603
817651
817679
817711
817723
817727
817783
817787
817823
817867
817871
817891
817907
817919
817951
817979
817987
818011
818099
818123
818143
818171
818219
818231
818239
818287
818291
818303
818327
818339
818347
818359
818371
818383
818399
818579
818603
818659
818683
818687
818707
818723
818819
818827
818887
818947
818959
818963
818999
819031
819083
819131
819167
819187
819239
819251
819263
819271
819307
819311
819319
819367
819391
819407
819419
819431
819443
819463
819487
819491
819499
819503
819523
819563
819583
819607
819619
819647
819659
819691
819719
819739
819787
819799
819811
819823
819827
819899
819911
819943
819991
820051
820067
820163
820187
820223
820231
820243
820247
820271
820279
820319
820331
820343
820367
820399
820411
820427
820459
820559
820619
820627
820643
820679
820691
820711
820723
820747
820759
820763
820891
820907
820927
820991
821003
821027
821039
821063
821099
821131
821143
821147
821167
821207
821263
821291
821311
821383
821411
821459
821467
821479
821507
821519
821551
821603
821647
821651
821663
821747
821759
821771
821803
821819
821827
821851
821879
821911
821939
821971
821999
822007
822011
822067
822079
822131
822139
822163
822167
822191
822223
822259
822299
822323
822343
822347
822379
822383
822391
822407
822431
822539
822551
822571
822587
822599
822607
822611
822631
822667
822671
822683
822691
822727
822739
822743
822763
822791
822803
822823
822839
822883
822907
822971
823003
823051
823127
823183
823219
823231
823243
823271
823283
823351
823399
823447
823451
823483
823499
823519
823547
823591
823619
823643
823651
823663
823679
823703
823723
823727
823747
823759
823787
823799
823819
823831
823843
823903
823967
824039
824063
824099
824123
824147
824179
824183
824191
824227
824231
824287
824339
824399
824419
824443
824459
824531
824539
824563
824591
824647
824651
824671
824683
824699
824723
824779
824843
824899
824911
824939
824947
824951
824983
825007
825047
825059
825067
825107
825131
825191
825199
825203
825247
825259
825283
825287
825343
825347
825403
825439
825443
825467
825479
825491
825527
825547
825551
825611
825647
825679
825739
825763
825779
825791
825827
825883
825919
825947
825959
825971
825983
825991
826019
826039
826051
826087
826151
826171
826211
826271
826283
826303
826339
826351
826363
826379
826391
826403
826411
826499
826559
826571
826583
826603
826607
826663
826667
826699
826711
826723
826759
826783
826799
826807
826811
826831
826867
826879
826883
826907
826927
826939
826963
826967
826979
827023
827039
827063
827087
827131
827143
827147
827227
827231
827251
827303
827311
827327
827347
827423
827443
827447
827539
827591
827599
827639
827699
827719
827767
827779
827791
827803
827843
827851
827867
827899
827903
827923
827927
827987
828007
828011
828043
828059
828067
828071
828119
828127
828131
828199
828239
828371
828379
828383
828407
828431
828523
828547
828587
828643
828691
828703
828731
828743
828787
828811
828823
828859
828871
828899
828923
828967
829063
829111
829123
829151
829159
829187
829211
829223
829267
829319
829399
829463
829511
829519
829547
829627
829639
829643
829687
829723
829727
829811
829819
829831
829847
829867
829883
829967
829979
829987
830003
830051
830099
830111
830131
830143
830191
830267
830279
830311
830327
830339
830359
830363
830383
830387
830411
830419
830447
830483
830503
830551
830567
830579
830587
830591
830639
830719
830743
830827
830839
830887
830891
830899
830911
830923
830939
831023
831031
831043
831067
831071
831091
831139
831163
831167
831191
831239
831287
831323
831367
831371
831407
831431
831443
831503
831539
831547
831559
831583
831587
831599
831619
831631
831643
831647
831659
831679
831683
831707
831731
831739
831751
831799
831811
831847
831851
831863
831899
831911
831967
831983
832003
832063
832079
832103
832123
832151
832159
832211
832291
832327
832331
832339
832367
832379
832399
832411
832427
832451
832483
832487
832499
832519
832583
832591
832607
832627
832631
832639
832679
832687
832703
832747
832763
832771
832787
832879
832883
832919
832927
832943
832963
832987
833023
833047
833099
833171
833179
833191
833219
833251
833299
833347
833363
833467
833479
833491
833563
833659
833711
833719
833747
833759
833783
833839
833843
833887
833923
833927
833947
833999
834007
834023
834059
834107
834131
834143
834151
834199
834259
834283
834287
834299
834311
834367
834439
834487
834503
834511
834523
834527
834571
834599
834607
834611
834623
834643
834671
834703
834787
834811
834859
834947
834959
834983
834991
835019
835039
835099
835123
835139
835207
835271
835319
835327
835379
835391
835399
835427
835451
835459
835511
835531
835559
835591
835603
835607
835643
835663
835687
835739
835759
835811
835819
835823
835831
835847
835859
835927
835931
835951
835979
835987
836047
836063
836071
836107
836131
836159
836183
836191
836203
836219
836239
836243
836267
836291
836299
836327
836347
836351
836387
836471
836491
836567
836611
836623
836663
836683
836699
836707
836747
836807
836839
836863
836879
836939
836951
836971
837043
837047
837059
837071
837079
837107
837139
837191
837203
837271
837283
837307
837359
837367
837379
837439
837451
837467
837503
837583
837611
837619
837631
837659
837667
837679
837731
837779
837847
837887
837923
837931
837943
837979
838003
838039
838043
838063
838091
838099
838139
838171
838207
838247
838351
838363
838367
838379
838391
838399
838403
838447
838459
838463
838471
838483
838547
838571
838583
838631
838667
838687
838711
838751
838771
838807
838919
838927
838931
838939
838951
838963
838991
839051
839071
839087
839131
839203
839207
839227
839303
839323
839327
839351
839459
839471
839483
839491
839519
839539
839551
839563
839599
839603
839611
839651
839723
839731
839767
839771
839791
839831
839879
839887
839899
839903
839911
839959
839963
839999
840023
840067
840083
840139
840163
840179
840187
840223
840239
840299
840319
840331
840347
840439
840451
840467
840479
840491
840523
840547
840571
840611
840643
840683
840703
840727
840743
840767
840823
840839
840859
840863
840907
840911
840923
840943
840967
840979
840991
841003
841019
841063
841079
841091
841103
841147
841207
841219
841223
841231
841259
841283
841307
841327
841391
841411
841427
841447
841459
841559
841651
841663
841691
841727
841751
841859
841879
841927
841931
841979
841987
842003
842047
842063
842071
842087
842111
842147
842159
842167
842183
842203
842267
842279
842291
842311
842323
842339
842351
842371
842383
842399
842407
842419
842423
842447
842483
842507
842519
842531
842551
842587
842599
842623
842627
842747
842759
842767
842771
842791
842819
842879
842887
842923
842939
842951
842987
843043
843067
843079
843091
843103
843127
843131
843179
843211
843299
843307
843331
843347
843371
843379
843383
843443
843487
843503
843527
843539
843559
843587
843607
843643
843679
843763
843779
843811
843823
843883
843907
843911
844043
844087
844111
844127
844139
844163
844183
844187
844199
844243
844247
844279
844351
844427
844439
844447
844463
844483
844499
844507
844511
844523
844603
844619
844631
844639
844643
844651
844763
844771
844847
844867
844891
844903
844927
844999
845003
845027
845083
845099
845111
845167
845179
845183
845203
845219
845231
845279
845287
845303
845347
845363
845371
845387
845431
845447
845459
845491
845531
845567
845599
845623
845659
845683
845723
845771
845863
845879
845927
845951
845983
845987
846059
846067
846179
846187
846247
846259
846271
846323
846343
846359
846383
846403
846407
846427
846487
846499
846563
846647
846667
846739
846751
846779
846823
846851
846871
846919
846931
846943
846983
847031
847043
847051
847079
847103
847139
847151
847163
847219
847247
847271
847279
847283
847339
847367
847423
847499
847507
847519
847531
847543
847607
847663
847687
847703
847727
847787
847871
847883
847919
847967
847991
848051
848087
848119
848123
848131
848143
848203
848227
848251
848359
848363
848383
848387
848399
848423
848443
848467
848531
848567
848579
848591
848599
848611
848647
848651
848671
848699
848707
848747
848779
848791
848803
848807
848839
848843
848851
848879
848923
848927
848959
848983
849019
849047
849083
849103
849119
849127
849131
849143
849179
849203
849223
849271
849311
849347
849383
849391
849419
849427
849467
849523
849539
849571
849587
849599
849691
849703
849727
849731
849743
849763
849767
849839
849883
849923
849931
849943
849967
849991
850027
850043
850063
850139
850147
850207
850211
850243
850247
850271
850303
850331
850351
850387
850403
850427
850439
850567
850571
850631
850679
850691
850711
850727
850807
850823
850879
850891
850943
850951
850979
851051
851087
851131
851159
851171
851203
851231
851239
851251
851267
851303
851327
851351
851359
851363
851387
851419
851423
851471
851491
851507
851519
851603
851623
851639
851647
851659
851671
851723
851731
851803
851831
851839
851843
851863
851891
851899
851971
852011
852031
852079
852139
852143
852151
852167
852179
852191
852199
852211
852239
852259
852263
852287
852323
852347
852367
852391
852427
852463
852559
852563
852583
852623
852671
852751
852763
852799
852827
852847
852851
852871
852959
853007
853031
853079
853091
853103
853123
853159
853187
853211
853283
853291
853319
853339
853387
853403
853427
853439
853543
853547
853571
853663
853667
853687
853703
853739
853759
853763
853799
853807
853819
853823
853843
853903
853999
854039
854047
854083
854099
854111
854123
854159
854171
854263
854299
854303
854323
854327
854351
854363
854383
854387
854407
854419
854423
854431
854443
854459
854467
854479
854527
854587
854599
854647
854683
854747
854771
854807
854899
854923
854927
854951
854963
854999
855031
855059
855067
855079
855119
855131
855143
855187
855191
855199
855203
855271
855307
855311
855331
855359
855391
855419
855427
855431
855467
855499
855511
855527
855607
855619
855667
855671
855683
855719
855727
855731
855739
855787
855851
855863
855887
855919
855923
855947
855983
856043
856099
856111
856139
856147
856187
856279
856343
856351
856391
856411
856459
856483
856487
856507
856519
856547
856567
856571
856627
856699
856703
856711
856759
856787
856799
856811
856831
856847
856903
856927
856939
856943
857011
857027
857039
857047
857083
857099
857107
857167
857203
857267
857287
857347
857407
857411
857419
857431
857459
857471
857539
857551
857567
857579
857663
857671
857687
857707
857711
857723
857743
857827
857839
857851
857867
857903
857951
857959
857963
858043
858083
858103
858127
858167
858223
858239
858251
858259
858307
858311
858427
858463
858467
858479
858503
858527
858563
858623
858631
858691
858707
858763
858787
858859
858883
858899
858911
858919
858931
858943
859003
859031
859051
859091
859223
859259
859267
859279
859363
859423
859447
859459
859559
859567
859603
859619
859667
859679
859751
859783
859787
859799
859823
859891
859919
859927
859939
859987
860011
860051
860059
860063
860071
860087
860107
860143
860239
860267
860291
860311
860323
860351
860383
860399
860423
860479
860507
860543
860579
860599
860623
860647
860663
860747
860759
860779
860791
860819
860843
860887
860891
860911
860927
860939
860971
861019
861031
861043
861059
861079
861083
861131
861139
861163
861167
861191
861199
861239
861299
861347
861391
861439
861491
861499
861547
861551
861559
861563
861571
861599
861647
861659
861691
861703
861719
861739
861743
861799
861803
861823
861871
861899
861907
861947
861979
862031
862067
862123
862139
862159
862171
862187
862207
862219
862231
862259
862283
862307
862319
862331
862343
862387
862399
862423
862447
862471
862483
862487
862559
862567
862571
862583
862607
862627
862651
862703
862727
862739
862783
862811
862819
862879
862907
862919
862943
862987
862991
863003
863047
863087
863119
863123
863131
863143
863179
863231
863251
863279
863287
863299
863323
863363
863479
863491
863539
863671
863711
863743
863767
863771
863783
863803
863843
863851
863867
863879
863887
863899
863959
863983
864007
864011
864047
864079
864091
864103
864107
864119
864131
864151
864167
864191
864203
864211
864223
864251
864299
864307
864319
864323
864359
864379
864407
864419
864427
864439
864491
864503
864511
864551
864583
864587
864623
864631
864679
864691
864707
864803
864811
864883
864887
864911
864947
864959
864967
864979
865003
865043
865087
865091
865103
865159
865211
865231
865247
865259
865307
865327
865339
865343
865363
865379
865483
865499
865511
865591
865619
865639
865643
865687
865747
865751
865771
865783
865807
865819
865847
865859
865867
865871
865979
866003
866011
866051
866083
866087
866119
866123
866183
866231
866279
866311
866399
866431
866443
866471
866519
866623
866639
866683
866707
866743
866759
866783
866819
866843
866851
866927
866963
867007
867011
867023
867059
867067
867079
867091
867131
867143
867151
867203
867211
867227
867259
867263
867271
867319
867343
867371
867431
867443
867463
867467
867487
867511
867547
867563
867571
867619
867623
867631
867679
867719
867743
867803
867827
867871
867887
867943
867947
867959
867991
868019
868039
868051
868103
868111
868123
868151
868171
868199
868211
868267
868271
868291
868327
868331
868379
868423
868451
868459
868487
868531
868559
868583
868603
868639
868663
868691
868727
868739
868771
868783
868787
868799
868867
868883
868891
868939
868943
868951
868999
869039
869059
869119
869131
869179
869203
869251
869291
869299
869303
869339
869371
869399
869419
869443
869467
869471
869543
869551
869563
869579
869587
869599
869663
869683
869707
869747
869779
869807
869819
869863
869879
869887
869899
869927
869951
869959
869983
870007
870031
870047
870059
870083
870127
870131
870151
870211
870223
870239
870271
870283
870323
870367
870391
870403
870407
870431
870479
870491
870547
870643
870679
870691
870703
870731
870739
870743
870787
870811
870823
870847
870871
870907
870911
870931
870967
870983
871027
871103
871147
871159
871163
871231
871259
871271
871303
871439
871459
871463
871531
871571
871639
871643
871679
871687
871727
871763
871771
871823
871867
871883
871919
871931
871963
871987
872023
872071
872099
872107
872143
872159
872203
872227
872231
872243
872251
872323
872351
872383
872387
872411
872419
872471
872479
872563
872567
872587
872611
872623
872647
872659
872671
872687
872731
872747
872791
872843
872863
872923
872947
872951
872959
872999
873043
873079
873083
873091
873139
873247
873251
873263
873319
873331
873343
873359
873403
873407
873419
873427
873463
873527
873539
873571
873619
873643
873659
873667
873671
873707
873727
873739
873767
873787
873863
873959
873979
873991
874063
874087
874091
874099
874103
874127
874151
874267
874271
874303
874331
874343
874351
874387
874403
874427
874459
874487
874543
874547
874567
874583
874619
874639
874651
874711
874723
874739
874763
874771
874799
874807
874823
874831
874847
874859
874879
874891
874919
874967
874987
875011
875027
875107
875183
875239
875243
875263
875267
875299
875323
875327
875339
875363
875419
875443
875447
875491
875503
875519
875543
875579
875591
875627
875647
875659
875663
875683
875711
875731
875759
875779
875783
875803
875851
875923
875947
875983
876011
876019
876023
876067
876079
876103
876107
876131
876191
876199
876203
876263
876287
876307
876311
876331
876371
876431
876443
876479
876523
876607
876611
876619
876643
876647
876719
876731
876751
876787
876791
876823
876851
876871
876947
876971
877003
877027
877043
877091
877111
877187
877199
877223
877267
877291
877343
877351
877367
877379
877399
877403
877411
877423
877463
877531
877543
877567
877619
877651
877699
877739
877771
877783
877823
877843
877867
877871
877879
877883
877907
877939
878011
878023
878039
878083
878099
878107
878131
878147
878159
878167
878183
878191
878239
878279
878287
878291
878299
878359
878387
878411
878419
878443
878467
878539
878551
878567
878651
878659
878663
878699
878719
878743
878783
878831
878851
878863
878939
878987
879007
879023
879031
879103
879119
879143
879167
879199
879227
879239
879247
879259
879271
879283
879287
879299
879331
879343
879371
879391
879523
879539
879583
879607
879623
879667
879679
879691
879707
879743
879799
879839
879859
879863
879919
879979
880007
880027
880031
880043
880067
880091
880127
880151
880199
880211
880219
880223
880247
880259
880283
880303
880331
880343
880367
880423
880427
880483
880487
880519
880531
880543
880559
880571
880603
880667
880687
880699
880703
880723
880727
880751
880799
880819
880823
880871
880883
880903
880907
880939
880951
881003
881071
881099
881119
881143
881147
881159
881171
881191
881207
881219
881311
881327
881351
881407
881411
881471
881479
881527
881539
881591
881611
881663
881707
881711
881743
881779
881899
881911
881939
881963
881983
881987
882019
882031
882047
882067
882071
882083
882103
882139
882179
882187
882199
882239
882247
882251
882263
882359
882367
882391
882439
882451
882491
882551
882571
882587
882599
882631
882659
882703
882719
882727
882751
882779
882823
882851
882863
882883
882907
882923
882943
882967
882979
883087
883111
883163
883187
883231
883247
883279
883307
883327
883331
883339
883343
883391
883411
883423
883451
883471
883483
883579
883627
883639
883667
883691
883699
883703
883739
883763
883783
883807
883871
883963
883979
883991
884003
884011
884087
884111
884131
884159
884167
884171
884183
884227
884231
884243
884251
884267
884287
884311
884363
884371
884423
884483
884491
884579
884591
884651
884699
884743
884791
884803
884827
884831
884899
884951
884959
884987
884999
885023
885083
885091
885103
885107
885127
885163
885187
885223
885239
885251
885263
885307
885331
885359
885371
885383
885403
885427
885487
885503
885551
885607
885611
885623
885679
885727
885791
885803
885811
885823
885839
885883
885919
885923
885931
885943
885947
885959
885967
885971
885991
886007
886019
886031
886043
886163
886183
886199
886243
886247
886271
886283
886307
886339
886367
886387
886427
886463
886471
886511
886519
886547
886583
886591
886607
886619
886643
886651
886663
886667
886747
886751
886759
886799
886807
886819
886859
886867
886891
886967
886979
886987
886999
887059
887143
887171
887191
887203
887267
887291
887311
887323
887387
887399
887423
887459
887479
887483
887503
887543
887567
887599
887651
887659
887671
887707
887743
887759
887819
887827
887839
887867
887903
887911
887923
887947
887987
888011
888047
888059
888091
888103
888143
888163
888179
888203
888211
888247
888263
888271
888287
888319
888323
888359
888427
888431
888443
888451
888479
888499
888623
888631
888659
888683
888691
888751
888779
888799
888827
888871
888887
888919
888931
888959
888967
888983
889027
889039
889043
889051
889087
889123
889139
889171
889211
889247
889271
889279
889327
889351
889363
889367
889391
889411
889439
889519
889579
889631
889639
889687
889699
889703
889727
889747
889783
889871
889879
889891
889907
889951
889963
890003
890011
890027
890063
890083
890107
890111
890119
890147
890159
890231
890287
890291
890303
890371
890419
890459
890467
890531
890543
890551
890563
890671
890683
890707
890711
890803
890843
890863
890867
890887
890927
890963
890999
891047
891067
891091
891103
891151
891179
891223
891239
891251
891287
891311
891323
891379
891391
891427
891439
891487
891491
891523
891551
891559
891563
891571
891587
891643
891647
891659
891679
891707
891743
891763
891767
891799
891823
891827
891851
891859
891887
891899
891907
891923
891967
891983
891991
892019
892027
892079
892091
892103
892123
892159
892219
892267
892271
892291
892351
892387
892391
892439
892471
892523
892531
892547
892559
892579
892603
892627
892643
892663
892667
892747
892763
892783
892919
892951
892987
892999
893003
893023
893051
893059
893099
893107
893111
893119
893131
893147
893183
893219
893227
893339
893351
893359
893363
893383
893407
893419
893479
893567
893591
893603
893671
893719
893723
893743
893839
893863
893903
893939
893999
894011
894059
894067
894119
894139
894151
894167
894191
894203
894211
894227
894239
894247
894259
894287
894343
894371
894391
894403
894407
894419
894427
894431
894451
894503
894511
894527
894547
894559
894611
894643
894667
894731
894763
894779
894791
894811
894871
894923
894947
895003
895007
895039
895051
895079
895087
895127
895151
895159
895171
895211
895231
895243
895247
895283
895291
895319
895343
895351
895387
895423
895463
895471
895507
895571
895579
895591
895627
895651
895667
895691
895703
895771
895787
895799
895823
895879
895903
895927
895987
896003
896047
896107
896111
896123
896143
896167
896191
896263
896299
896323
896327
896347
896443
896447
896479
896491
896531
896543
896587
896647
896719
896723
896771
896783
896803
896867
896879
896927
896947
896963
896983
897007
897011
897019
897059
897067
897103
897119
897163
897191
897223
897251
897263
897271
897307
897319
897359
897443
897467
897499
897527
897563
897571
897607
897647
897671
897691
897703
897707
897727
897751
897779
897847
897887
897899
897907
897931
897947
897971
897983
898019
898063
898067
898091
898147
898171
898199
898211
898223
898231
898243
898259
898279
898283
898291
898307
898319
898327
898423
898427
898439
898459
898483
898519
898523
898543
898607
898663
898691
898727
898763
898787
898819
898823
898867
898927
898951
898987
899051
899123
899159
899179
899183
899263
899291
899387
899447
899467
899491
899519
899531
899611
899659
899671
899687
899711
899719
899779
899791
899807
899831
899851
899863
899891
899903
899939
899971
900007
900019
900091
900103
900139
900143
900187
900259
900283
900287
900307
900331
900443
900491
900511
900539
900551
900563
900583
900587
900607
900623
900659
900671
900719
900743
900751
900763
900803
900863
900931
900959
900971
901007
901063
901067
901079
901111
901171
901183
901207
901211
901247
901279
901339
901367
901399
901403
901423
901427
901447
901451
901471
901499
901547
901567
901591
901643
901679
901687
901739
901751
901787
901811
901819
901891
901907
901919
901931
901963
902039
902047
902087
902119
902179
902191
902227
902263
902299
902303
902311
902347
902351
902471
902483
902507
902563
902579
902591
902599
902611
902639
902659
902687
902719
902723
902767
902771
902807
902827
902903
902963
902971
902987
903079
903103
903143
903151
903163
903179
903211
903223
903251
903311
903323
903347
903359
903367
903391
903403
903407
903443
903451
903479
903527
903547
903563
903607
903691
903751
903803
903827
903871
903883
903899
903919
903967
903979
904019
904027
904067
904087
904103
904147
904207
904219
904283
904303
904399
904459
904483
904499
904511
904523
904531
904559
904619
904627
904643
904663
904667
904679
904727
904759
904811
904823
904847
904867
904879
904903
904907
904919
904931
904987
904999
905011
905059
905071
905083
905087
905111
905123
905143
905147
905167
905171
905207
905227
905291
905299
905339
905347
905491
905507
905551
905587
905599
905647
905651
905659
905683
905687
905719
905759
905767
905783
905803
905819
905843
905923
905951
905959
905963
905999
906007
906011
906023
906043
906107
906119
906179
906187
906203
906211
906259
906263
906331
906343
906371
906383
906391
906403
906427
906431
906487
906523
906539
906679
906691
906707
906727
906751
906767
906779
906823
906839
906847
906911
906923
906931
906943
907019
907031
907063
907099
907111
907139
907163
907183
907199
907211
907223
907259
907267
907279
907331
907363
907367
907391
907399
907427
907447
907471
907507
907567
907583
907651
907663
907667
907691
907703
907723
907727
907759
907807
907811
907831
907843
907871
907891
907927
907967
907999
908003
908071
908179
908183
908287
908359
908363
908419
908459
908471
908491
908503
908527
908539
908543
908591
908603
908623
908627
908671
908711
908723
908731
908759
908771
908807
908819
908851
908863
908879
908911
908927
908959
909019
909023
909031
909043
909047
909071
909091
909107
909119
909151
909203
909239
909247
909287
909299
909319
909331
909343
909371
909379
909383
909451
909463
909539
909547
909599
909611
909631
909679
909683
909691
909731
909743
909767
909787
909791
909803
909859
909863
909899
909907
909911
909971
910003
910031
910051
910099
910103
910127
910139
910171
910199
910207
910219
910279
910307
910447
910451
910471
910519
910523
910583
910603
910619
910627
910631
910643
910691
910711
910747
910751
910771
910787
910799
910807
910883
910939
911003
911011
911023
911039
911063
911087
911111
911147
911159
911167
911171
911179
911219
911227
911231
911291
911303
911311
911327
911359
911363
911371
911419
911459
911503
911507
911527
911663
911671
911683
911707
911719
911723
911783
911819
911831
911839
911851
911879
911899
911903
911947
911951
911959
912007
912031
912047
912083
912103
912167
912187
912211
912227
912239
912251
912287
912343
912367
912391
912403
912451
912463
912467
912487
912491
912511
912523
912539
912559
912631
912647
912727
912763
912799
912823
912839
912851
912859
912871
912911
912959
912971
912979
912991
913027
913039
913063
913067
913103
913139
913151
913183
913247
913259
913279
913327
913331
913447
913483
913487
913571
913579
913639
913687
913723
913739
913771
913799
913811
913907
913943
913999
914027
914047
914131
914191
914219
914239
914279
914327
914339
914351
914359
914363
914371
914443
914467
914491
914519
914579
914591
914611
914647
914723
914731
914783
914791
914819
914827
914843
914867
914887
914891
914951
914971
915007
915067
915071
915139
915143
915191
915199
915203
915223
915247
915251
915259
915283
915311
915367
915379
915391
915451
915479
915487
915527
915539
915547
915587
915611
915623
915631
915659
915683
915703
915727
915731
915763
915799
915839
915851
915911
915919
915947
915991
916031
916099
916103
916127
916183
916187
916219
916259
916291
916319
916339
916367
916387
916411
916451
916463
916471
916507
916511
916571
916583
916651
916679
916703
916771
916787
916831
916859
916871
916879
916907
916931
916939
916999
917003
917039
917051
917083
917123
917159
917179
917219
917227
917239
917243
917251
917291
917327
917363
917407
917443
917459
917471
917503
917519
917591
917611
917659
917687
917759
917767
917771
917783
917803
917827
917831
917843
917887
917923
917927
917951
917971
918011
918019
918067
918079
918103
918131
918139
918143
918199
918223
918259
918263
918283
918319
918347
918371
918431
918439
918443
918539
918563
918583
918587
918647
918679
918683
918751
918763
918767
918779
918787
918823
918839
918899
918943
918947
918959
918971
919019
919031
919063
919067
919111
919147
919183
919223
919231
919267
919319
919351
919423
919427
919447
919511
919519
919531
919559
919571
919591
919631
919679
919691
919703
919759
919799
919811
919823
919859
919871
919883
919903
919927
919939
919951
919979
920011
920039
920107
920123
920147
920167
920203
920219
920263
920267
920279
920291
920323
920371
920399
920407
920411
920419
920443
920467
920519
920539
920651
920687
920707
920743
920783
920791
920807
920827
920863
920891
920947
920951
920963
920971
920999
921007
921031
921079
921091
921143
921191
921199
921203
921223
921259
921287
921331
921379
921407
921463
921467
921491
921499
921523
921563
921611
921643
921647
921667
921703
921743
921751
921779
921787
921839
921871
921887
921911
921919
921931
921959
922027
922039
922043
922067
922079
922087
922099
922123
922211
922223
922247
922283
922291
922303
922331
922351
922367
922391
922423
922451
922463
922487
922499
922511
922531
922619
922627
922631
922639
922643
922667
922679
922699
922739
922807
922907
922931
923023
923047
923051
923107
923123
923147
923171
923179
923183
923203
923227
923239
923311
923347
923371
923387
923399
923407
923411
923467
923471
923539
923543
923551
923567
923579
923591
923599
923603
923687
923711
923719
923743
923851
923903
923939
923947
923959
923963
923971
923983
923987
924019
924023
924031
924043
924059
924083
924139
924151
924191
924283
924299
924323
924359
924383
924403
924419
924431
924463
924499
924503
924523
924527
924551
924643
924659
924683
924719
924727
924731
924743
924751
924779
924811
924827
924871
924907
924967
925019
925027
925039
925051
925063
925079
925087
925103
925147
925159
925163
925271
925279
925291
925307
925339
925387
925391
925399
925423
925447
925487
925499
925523
925559
925579
925607
925619
925663
925679
925783
925823
925831
925843
925891
925943
925979
925987
926027
926087
926099
926111
926131
926171
926179
926183
926203
926227
926239
926251
926327
926351
926399
926411
926423
926467
926503
926507
926567
926587
926623
926659
926671
926707
926747
926767
926803
926819
926843
926851
926867
926879
926899
926903
926963
926971
926983
927007
927083
927167
927187
927191
927259
927287
927323
927403
927431
927439
927491
927587
927631
927643
927671
927683
927727
927743
927763
927779
927791
927803
927847
927863
927967
928043
928051
928063
928079
928099
928111
928139
928159
928163
928223
928231
928267
928271
928307
928331
928351
928399
928423
928427
928463
928471
928547
928559
928607
928619
928643
928651
928679
928699
928703
928771
928787
928799
928819
928859
928871
928883
928903
928927
928979
929003
929011
929023
929051
929059
929063
929083
929087
929171
929207
929239
929251
929303
929311
929323
929399
929419
929431
929459
929483
929507
929527
929587
929623
929627
929639
929647
929671
929743
929791
929807
929843
929891
929963
929983
930011
930043
930071
930079
930119
930179
930187
930191
930199
930211
930283
930287
930323
930379
930467
930491
930499
930547
930551
930571
930583
930619
930667
930707
930719
930763
930779
930827
930847
930859
930863
930911
930931
930991
931003
931067
931087
931123
931127
931163
931199
931267
931303
931319
931351
931363
931387
931487
931499
931543
931571
931639
931691
931727
931739
931747
931751
931783
931811
931859
931883
931907
931943
931967
931999
932003
932039
932051
932119
932131
932203
932207
932219
932227
932231
932303
932419
932431
932447
932471
932483
932563
932567
932579
932587
932647
932651
932663
932683
932779
932783
932803
932819
932839
932863
932879
932887
932923
932927
932947
932951
932963
932983
932999
933019
933047
933059
933067
933151
933199
933259
933263
933319
933403
933407
933463
933479
933523
933551
933563
933607
933643
933671
933703
933707
933739
933787
933811
933839
933847
933851
933883
933923
933931
933943
933967
933979
934039
934051
934067
934079
934111
934127
934151
934159
934187
934223
934243
934259
934291
934319
934343
934387
934399
934403
934463
934487
934499
934523
934543
934547
934567
934579
934603
934607
934639
934723
934763
934771
934799
934811
934831
934883
934891
934907
934919
934939
934943
934951
934979
935003
935023
935059
935063
935071
935107
935147
935167
935183
935243
935303
935339
935359
935399
935423
935443
935447
935507
935531
935587
935591
935603
935639
935651
935687
935699
935707
935719
935771
935791
935819
935827
935839
935843
935899
935903
935971
935999
936007
936119
936127
936151
936179
936203
936223
936227
936259
936283
936311
936319
936379
936391
936407
936451
936487
936499
936511
936527
936539
936587
936599
936619
936647
936659
936667
936679
936731
936739
936779
936811
936827
936907
936911
936919
936967
937003
937007
937031
937067
937127
937147
937151
937171
937187
937207
937231
937243
937331
937351
937379
937459
937463
937511
937571
937591
937627
937639
937663
937667
937679
937747
937751
937819
937823
937847
937883
937891
937903
937919
937927
937943
937991
938023
938027
938051
938059
938071
938083
938099
938107
938183
938207
938219
938243
938251
938263
938279
938323
938347
938351
938359
938387
938447
938459
938491
938507
938563
938591
938611
938659
938747
938803
938807
938827
938831
938843
938879
938939
938947
938963
938983
939007
939011
939019
939091
939119
939167
939179
939203
939247
939287
939299
939347
939359
939391
939431
939439
939443
939451
939487
939511
939551
939599
939611
939623
939707
939739
939767
939791
939823
939839
939847
939871
939923
939931
939971
940003
940019
940031
940067
940087
940127
940183
940223
940259
940271
940279
940319
940327
940351
940399
940403
940483
940523
940531
940543
940547
940607
940619
940691
940703
940727
940739
940759
940783
940787
940871
940879
940903
940931
941011
941023
941027
941099
941119
941123
941131
941159
941167
941179
941207
941251
941263
941267
941299
941323
941351
941359
941383
941407
941467
941471
941491
941503
941519
941599
941663
941671
941683
941723
941747
941771
941791
941839
941879
941903
941911
941947
941971
941999
942031
942043
942079
942091
942143
942163
942167
942187
942199
942223
942247
942311
942367
942371
942439
942479
942527
942583
942607
942659
942691
942719
942727
942763
942779
942787
942811
942827
942847
942859
942883
942899
942943
942979
942983
943003
943031
943043
943079
943091
943127
943139
943183
943199
943219
943231
943303
943307
943343
943363
943367
943387
943403
943471
943499
943511
943543
943567
943571
943603
943651
943699
943751
943763
943783
943799
943819
943843
943871
943903
943931
943951
943967
944003
944039
944071
944123
944143
944147
944179
944191
944239
944263
944387
944399
944431
944467
944491
944519
944527
944543
944551
944563
944579
944591
944651
944659
944687
944711
944731
944803
944887
944899
944963
944987
945031
945059
945103
945143
945151
945179
945211
945227
945331
945359
945367
945391
945431
945463
945479
945547
945587
945631
945647
945671
945731
945739
945767
945787
945799
945811
945823
945851
945883
945887
945899
945907
945943
945983
946003
946031
946079
946091
946111
946123
946163
946207
946223
946291
946307
946327
946331
946367
946391
946411
946459
946487
946507
946511
946579
946607
946663
946667
946727
946783
946819
946823
946859
946919
946931
946943
946987
947027
947083
947119
947171
947183
947203
947239
947263
947299
947327
947351
947383
947407
947411
947423
947431
947483
947539
947579
947603
947627
947647
947651
947659
947707
947711
947719
947743
947747
947783
947803
947819
947851
947911
947927
947959
947963
947987
948007
948019
948067
948091
948139
948151
948187
948247
948263
948287
948331
948391
948403
948407
948427
948439
948443
948487
948547
948551
948659
948671
948707
948767
948799
948839
948847
948887
948907
948943
948947
948971
949019
949043
949051
949111
949147
949159
949171
949211
949243
949303
949307
949387
949391
949423
949427
949439
949451
949471
949523
949567
949583
949607
949631
949643
949651
949667
949687
949691
949699
949759
949771
949811
949891
949903
949931
949939
949951
949967
949979
949987
950023
950039
950071
950083
950099
950111
950179
950207
950227
950231
950239
950251
950347
950363
950423
950447
950459
950479
950483
950507
950519
950527
950531
950611
950639
950647
950671
950699
950723
950743
950783
950791
950819
950839
950867
950879
950927
950947
950959
951019
951023
951047
951059
951079
951091
951107
951131
951151
951259
951283
951299
951331
951343
951367
951407
951427
951479
951491
951571
951583
951623
951647
951659
951787
951791
951803
951851
951859
951887
951911
951943
951959
951967
952087
952111
952123
952151
952163
952183
952199
952207
952219
952247
952279
952291
952363
952379
952423
952439
952487
952507
952547
952559
952583
952619
952667
952687
952691
952739
952771
952811
952823
952843
952859
952883
952927
952943
952967
952979
953023
953039
953111
953131
953171
953179
953191
953243
953347
953399
953431
953443
953483
953503
953507
953539
953543
953551
953567
953639
953647
953651
953671
953699
953707
953731
953747
953791
953831
953851
953923
953983
953987
954007
954011
954043
954067
954103
954131
954139
954167
954203
954259
954263
954287
954307
954319
954323
954367
954379
954391
954451
954491
954539
954571
954599
954619
954623
954671
954719
954727
954743
954763
954827
954847
954851
954871
954911
954923
954971
954979
954991
955039
955051
955063
955091
955103
955127
955139
955147
955183
955211
955223
955243
955267
955271
955307
955319
955363
955379
955391
955439
955483
955511
955607
955711
955727
955807
955819
955879
955883
955891
955919
955939
955951
955963
955967
955987
955991
956003
956051
956083
956107
956119
956143
956147
956231
956303
956311
956383
956387
956399
956503
956587
956699
956723
956759
956831
956843
956903
956951
956987
956999
957031
957043
957059
957071
957091
957107
957119
957139
957211
957247
957263
957331
957403
957419
957431
957499
957547
957563
957587
957599
957611
957643
957659
957703
957731
957751
957811
957823
957851
957871
957959
957991
958007
958039
958043
958051
958063
958123
958159
958163
958183
958259
958319
958327
958339
958343
958351
958367
958423
958439
958459
958487
958499
958519
958523
958543
958547
958627
958667
958679
958687
958739
958787
958807
958819
958843
958871
958883
958931
958963
958967
959083
959099
959131
959143
959159
959183
959207
959219
959227
959263
959267
959279
959323
959339
959351
959363
959383
959467
959471
959479
959579
959603
959627
959659
959719
959723
959759
959779
959831
959863
959867
959879
959887
959911
959927
959947
960019
960031
960059
960119
960131
960139
960151
960191
960199
960251
960259
960299
960331
960383
960419
960467
960499
960523
960527
960587
960643
960647
960667
960691
960703
960763
960803
960863
960931
960983
960991
961003
961063
961067
961087
961091
961099
961123
961139
961151
961159
961183
961187
961243
961283
961319
961339
961399
961427
961447
961451
961459
961487
961507
961511
961531
961547
961567
961619
961627
961643
961663
961679
961687
961691
961703
961739
961747
961783
961811
961847
961871
961879
961927
961943
961991
962011
962051
962063
962099
962119
962131
962243
962267
962303
962363
962431
962447
962459
962471
962503
962543
962587
962603
962623
962627
962671
962683
962743
962747
962779
962783
962791
962807
962839
962867
962903
962911
962959
962963
962971
963019
963031
963043
963047
963103
963143
963163
963187
963191
963211
963223
963227
963239
963283
963299
963311
963323
963331
963343
963367
963379
963419
963427
963491
963499
963559
963607
963643
963659
963667
963691
963707
963719
963731
963751
963763
963779
963799
963811
963839
963847
963863
963871
963899
963943
963979
964027
964039
964151
964199
964207
964219
964259
964267
964283
964303
964339
964351
964363
964423
964463
964499
964507
964519
964531
964559
964571
964583
964679
964703
964783
964787
964823
964871
964879
964883
964927
964939
964967
965023
965047
965059
965087
965131
965147
965171
965179
965191
965227
965267
965291
965303
965399
965407
965411
965423
965443
965467
965483
965491
965507
965519
965551
965567
965603
965611
965623
965639
965647
965659
965711
965759
965779
965791
965843
965851
965927
965963
965983
966011
966139
966191
966211
966227
966271
966307
966319
966323
966347
966379
966419
966431
966439
966463
966491
966499
966527
966547
966583
966619
966631
966659
966727
966751
966803
966863
966871
966883
966907
966919
966923
966971
966991
967003
967019
967111
967139
967171
967259
967319
967327
967363
967391
967427
967451
967459
967507
967511
967567
967583
967607
967627
967663
967667
967699
967739
967751
967763
967787
967819
967823
967831
967843
967847
967859
967903
967919
967931
967951
967979
967999
968003
968027
968063
968111
968147
968159
968239
968251
968263
968267
968291
968299
968311
968419
968423
968431
968459
968467
968479
968503
968519
968567
968647
968659
968663
968699
968731
968819
968827
968831
968879
968911
968939
968959
968963
968971
969011
969071
969083
969131
969139
969167
969179
969239
969259
969271
969343
969347
969359
969403
969407
969431
969443
969467
969503
969559
969599
969667
969671
969679
969719
969743
969763
969767
969791
969851
969863
969907
969911
969919
969923
970027
970031
970043
970051
970063
970087
970091
970111
970147
970219
970231
970247
970259
970267
970279
970303
970351
970391
970423
970447
970583
970603
970643
970667
970687
970699
970747
970787
970799
970847
970859
970867
970883
970903
970927
970939
970943
970967
970987
970999
971027
971039
971051
971063
971099
971111
971143
971171
971207
971251
971263
971279
971291
971339
971371
971387
971419
971479
971483
971491
971563
971591
971639
971651
971683
971699
971723
971759
971767
971783
971851
971863
971899
971903
971939
971951
971959
972031
972047
972071
972079
972091
972119
972131
972163
972199
972227
972259
972263
972271
972319
972343
972347
972403
972407
972427
972431
972443
972599
972611
972623
972679
972683
972787
972799
972823
972827
972847
972887
972899
972943
972967
972991
973003
973031
973051
973067
973099
973151
973187
973279
973283
973331
973367
973387
973411
973439
973459
973487
973523
973547
973591
973631
973691
973727
973759
973787
973823
973891
973919
974003
974063
974107
974123
974143
974147
974159
974167
974179
974279
974359
974383
974387
974411
974419
974431
974443
974459
974507
974531
974539
974551
974563
974591
974599
974651
974707
974711
974747
974803
974819
974863
974867
974879
974887
974891
974923
974927
974959
974971
974983
974999
975011
975071
975083
975151
975187
975199
975259
975263
975287
975323
975343
975367
975379
975383
975427
975439
975463
975523
975551
975599
975619
975643
975671
975691
975731
975739
975743
975803
975811
975823
975827
975847
975883
975899
975907
975943
975967
975991
976039
976091
976103
976127
976147
976187
976211
976231
976271
976279
976303
976307
976351
976403
976411
976439
976447
976471
976483
976559
976571
976607
976639
976643
976699
976727
976799
976823
976883
976919
976951
976991
977023
977047
977087
977107
977147
977167
977183
977191
977203
977239
977243
977299
977323
977351
977359
977363
977407
977411
977447
977507
977539
977567
977591
977611
977671
977719
977723
977747
977791
977803
977819
977831
977923
977927
977971
978007
978011
978031
978067
978071
978079
978091
978151
978179
978203
978223
978239
978283
978287
978323
978343
978347
978359
978403
978427
978463
978479
978491
978511
978599
978611
978619
978643
978647
978683
978727
978743
978799
978839
978851
978863
978871
978883
978907
978931
978947
979031
979063
979103
979159
979163
979171
979207
979211
979219
979283
979291
979327
979343
979379
979403
979423
979439
979471
979519
979543
979567
979651
979691
979747
979787
979807
979819
979831
979883
979907
979919
979987
980027
980047
980071
980107
980131
980159
980179
980219
980299
980327
980363
980423
980431
980459
980471
980491
980503
980579
980587
980591
980599
980687
980711
980719
980731
980803
980827
980831
980851
980887
980899
980911
980963
980999
981011
981023
981067
981091
981139
981151
981187
981199
981263
981271
981283
981287
981311
981319
981391
981419
981439
981443
981451
981467
981523
981527
981587
981599
981623
981683
981691
981703
981707
981731
981811
981823
981887
981919
981947
981979
981983
982063
982067
982087
982099
982103
982147
982151
982171
982183
982187
982211
982231
982271
982339
982343
982351
982363
982403
982559
982571
982603
982643
982687
982703
982759
982783
982819
982843
982847
982867
982871
982903
982931
982939
982967
983063
983083
983119
983123
983131
983179
983239
983243
983267
983299
983327
983347
983363
983371
983407
983431
983443
983447
983491
983519
983527
983531
983579
983659
983699
983771
983783
983791
983803
983819
983863
983911
983923
983951
983987
984007
984047
984059
984083
984091
984119
984127
984167
984199
984211
984299
984307
984323
984359
984367
984383
984391
984407
984427
984491
984539
984563
984583
984587
984611
984667
984703
984707
984847
984859
984911
984923
984931
984947
984959
985003
985007
985027
985063
985079
985151
985219
985279
985291
985307
985331
985339
985351
985379
985399
985403
985447
985451
985463
985471
985483
985487
985499
985519
985531
985547
985571
985631
985639
985667
985679
985703
985723
985759
985783
985799
985807
985819
985867
985871
985903
985951
985979
985991
986023
986047
986071
986131
986143
986147
986191
986207
986239
986267
986287
986339
986351
986411
986471
986507
986519
986543
986563
986567
986599
986659
986707
986719
986759
986767
986779
986819
986851
986903
986927
986959
986963
986983
987023
987043
987067
987079
987083
987127
987143
987191
987199
987211
987227
987251
987299
987383
987391
987463
987491
987523
987559
987587
987599
987607
987631
987659
987739
987803
987851
987911
987971
987979
987983
987991
988007
988051
988067
988111
988147
988199
988219
988231
988243
988271
988279
988319
988343
988367
988439
988459
988483
988511
988571
988579
988583
988591
988607
988643
988651
988711
988727
988759
988763
988783
988859
988951
988963
988979
989011
989059
989071
989099
989119
989123
989171
989231
989239
989251
989279
989323
989327
989347
989411
989419
989423
989467
989479
989507
989579
989623
989647
989663
989671
989687
989719
989743
989783
989803
989827
989831
989839
989887
989939
989951
989959
989971
989999
990023
990043
990151
990163
990179
990211
990239
990259
990287
990307
990323
990331
990359
990371
990383
990463
990487
990503
990511
990523
990547
990559
990599
990631
990643
990707
990719
990767
990799
990851
990887
990923
990967
991027
991031
991043
991063
991079
991091
991127
991147
991171
991187
991223
991327
991343
991387
991427
991447
991483
991499
991511
991531
991547
991567
991579
991603
991607
991619
991643
991651
991663
991703
991723
991751
991811
991867
991871
991883
991927
991931
991943
991951
991979
991987
991999
992011
992023
992051
992087
992111
992179
992183
992219
992231
992263
992267
992359
992363
992371
992539
992591
992603
992623
992659
992707
992723
992819
992843
992863
992867
992891
992903
992923
992947
992963
992983
993011
993079
993103
993107
993199
993203
993211
993247
993283
993287
993319
993323
993367
993407
993431
993451
993467
993479
993527
993611
993647
993679
993683
993703
993763
993779
993823
993827
993851
993887
993907
993919
993943
993983
994027
994039
994051
994067
994087
994163
994183
994199
994247
994271
994303
994307
994319
994339
994363
994391
994447
994471
994559
994571
994579
994583
994603
994663
994667
994691
994699
994711
994723
994751
994811
994831
994867
994871
994879
994907
994927
994963
994991
995023
995051
995119
995147
995167
995219
995227
995243
995303
995327
995339
995347
995363
995387
995399
995431
995443
995447
995471
995531
995539
995551
995567
995587
995591
995611
995623
995651
995663
995699
995719
995747
995783
995791
995887
995903
995927
995959
995983
995987
996011
996019
996067
996103
996119
996143
996167
996187
996211
996263
996271
996311
996323
996367
996403
996407
996431
996487
996511
996539
996551
996563
996571
996599
996631
996647
996703
996739
996763
996803
996811
996847
996859
996871
996883
996887
996899
996967
996979
997019
997043
997091
997099
997103
997111
997123
997147
997151
997163
997207
997219
997247
997259
997267
997279
997307
997319
997327
997343
997379
997391
997427
997439
997463
997511
997547
997583
997627
997651
997663
997699
997727
997739
997751
997783
997807
997811
997879
997891
997963
997991
998027
998071
998083
998111
998147
998167
998219
998243
998287
998311
998399
998411
998419
998423
998443
998471
998527
998539
998551
998623
998651
998687
998743
998759
998779
998819
998831
998839
998843
998927
998947
998951
998983
999007
999023
999043
999067
999083
999091
999199
999239
999287
999307
999331
999359
999371
999431
999451
999491
999499
999563
999599
999611
999623
999631
999667
999671
999683
999727
999763
999863
999883
999907
999931
999959
999979
999983
