class_index,class_id,t3,t7,t11,t23,G,uncovered_pairs,crt_residue,point_index,n,active_pairs,T,mask_offset,mask_sha256
0,CAL-216,2,41,74,504,216,191,626828474,0,184673186354,407,31,128,1848eb34e5d2f9c230b3bc4e4af5e205b7aacefc07550133043c076e69dc110e
0,CAL-216,2,41,74,504,216,191,626828474,1,185802305114,407,32,179,cd194191255b4a0aecf67fd5a1983408724ef80d1b349cfa64ad48822aa25e77
0,CAL-216,2,41,74,504,216,191,626828474,2,186931423874,407,33,230,b923916f692fe8e700c97be6ff5bb96f6b42c9439611c908b53fa935cb4d789f
0,CAL-216,2,41,74,504,216,191,626828474,3,188060542634,407,23,281,5a6c3c97224181ec95cebf9dc3143e577e77085338bdd985503163fb563bb8c8
0,CAL-216,2,41,74,504,216,191,626828474,4,189189661394,407,34,332,d1470bc4b5dc8074df3b95820c148776afa5c68f81e6072b1285b3bd71b7b577
0,CAL-216,2,41,74,504,216,191,626828474,5,190318780154,407,35,383,7aec937ddac80342b4262d63f20bd93952fae9f2c9a69947f96878b0e5bf731f
0,CAL-216,2,41,74,504,216,191,626828474,6,191447898914,407,30,434,f613154293b287c17bc9a6f6dc4da8ae2685a6719bdcfc08ae67697b3d8f7301
0,CAL-216,2,41,74,504,216,191,626828474,7,192577017674,407,34,485,07b972ce7327eefceb8efb0334339afced7189bbae947a1ddb102df0d411c9a4
0,CAL-216,2,41,74,504,216,191,626828474,8,193706136434,407,30,536,6e08458e6a8c0caa49cfc052e94f76a8310054ed2e85a781c8de008d74b5a676
0,CAL-216,2,41,74,504,216,191,626828474,9,194835255194,407,23,587,6a49b7abd0120854cb23868fc9e3b73294579fa8c0a595cd2e66be05930d522a
0,CAL-216,2,41,74,504,216,191,626828474,10,195964373954,407,22,638,ab0c8977c5afad8c342fcc71fe19cf3ddbb40e0c8f74630df562be2f0a82882b
0,CAL-216,2,41,74,504,216,191,626828474,11,197093492714,407,26,689,546bf7e8184dbdb30bd10e7111c032ab2b732f4b786980f0c0adc3d9cc30fbd1
0,CAL-216,2,41,74,504,216,191,626828474,12,198222611474,407,27,740,25e0d48dca0b8536b08a412f2f19d2fdbfa22738f722888371be6c60f6f5c185
0,CAL-216,2,41,74,504,216,191,626828474,13,199351730234,407,30,791,4e1c4e36cc8562e0cee79a621875dad03d6570b1e704f1c574c00fa83e1e5df9
0,CAL-216,2,41,74,504,216,191,626828474,14,200480848994,407,39,842,e2dd345ef045025ea50e23f293bb2255939f94498bde885d7fcfa0e9d49e98cb
0,CAL-216,2,41,74,504,216,191,626828474,15,201609967754,407,33,893,4c869f09fbd72009a714de7a851b5f663b1f2830b58d47aa1cfbba79f5abd133
0,CAL-216,2,41,74,504,216,191,626828474,16,202739086514,407,31,944,892a02db13f221fd5a2ae437d83b23c93f7a44dcf7a1f49a9cdd5c87984089f4
0,CAL-216,2,41,74,504,216,191,626828474,17,203868205274,407,38,995,13c2a89a21aa8ae224804cbc86360010ad3e4ad6794d8894b9365cd05e4ac197
0,CAL-216,2,41,74,504,216,191,626828474,18,204997324034,407,28,1046,012ebec09d485774cec3957e8e1acd34d01a0612b213e03ac773f5d16438a294
0,CAL-216,2,41,74,504,216,191,626828474,19,206126442794,407,30,1097,80ba64858ab7142512bdde743fd523d8db24de83c912b6f31adf31cdd5236bad
0,CAL-216,2,41,74,504,216,191,626828474,20,207255561554,407,37,1148,90a1ecb6471b39cf01f1b78309275c494b4904e979a5483d7ecfbc4c0b80d9f6
0,CAL-216,2,41,74,504,216,191,626828474,21,208384680314,407,29,1199,23660bf972bbc570604c5b694fff3895b121a40e5d5bf43baecbf3d8c79243bf
0,CAL-216,2,41,74,504,216,191,626828474,22,209513799074,407,28,1250,5b69f28df99a634c29dffa890208f8cf3012837c097f97e6d4e2fb5a450ec0d1
0,CAL-216,2,41,74,504,216,191,626828474,23,210642917834,407,33,1301,a7dbf5001bd94cbfeadf58177a38aed8ebc984cb1b6e3e0b923f918293ec7d71
0,CAL-216,2,41,74,504,216,191,626828474,24,211772036594,407,32,1352,462e419026cd9582c167394ab596cf0b7b7f7d284efb91581c7826530fbdee0e
0,CAL-216,2,41,74,504,216,191,626828474,25,212901155354,407,31,1403,c19884c7c00f29ecaaf819e94713a17409f349d99b73af6e96e2722d13bf8cd7
0,CAL-216,2,41,74,504,216,191,626828474,26,214030274114,407,37,1454,7ef4a6edec790180afb0aeac9a33624adbc96c5fd237dfbf870cc5b0f3d4e1f2
0,CAL-216,2,41,74,504,216,191,626828474,27,215159392874,407,26,1505,51d7736768ccda730007d0f3227834cb89955f7e56d120ae1e665611bc36a340
0,CAL-216,2,41,74,504,216,191,626828474,28,216288511634,407,34,1556,a197c55c5be5562c99e801d6eb46a0f5004fb6de5c90baf533b780be6697cdc0
0,CAL-216,2,41,74,504,216,191,626828474,29,217417630394,407,37,1607,ca42aec2c77f0f532d51d2e9b9c2d9b02fcc7dbdfa0ca16bbb0191259a5c181b
0,CAL-216,2,41,74,504,216,191,626828474,30,218546749154,407,32,1658,4944b0d782b0ae2d37db70ef18c4bb3e34dd5142964a0288410188b052e6119d
0,CAL-216,2,41,74,504,216,191,626828474,31,219675867914,407,22,1709,366150b5c1d200a07679e2d1f04231bd0d6d622bcff8ce73fb668cff3568c664
0,CAL-216,2,41,74,504,216,191,626828474,32,220804986674,407,28,1760,f4666fa68a2d5aa2be0087d53d1bf71d6ce61b9e3a153d03facae7f2ce62205e
0,CAL-216,2,41,74,504,216,191,626828474,33,221934105434,407,30,1811,bb4aaed44aad680f94b9da38f10da196233ac9885d6826fc4d60eb956a9c5c90
0,CAL-216,2,41,74,504,216,191,626828474,34,223063224194,407,28,1862,23fde9bbf607a28f5669042d488062747b8250a1c6fac5fa88815dbec317ebf0
0,CAL-216,2,41,74,504,216,191,626828474,35,224192342954,407,40,1913,cc255b0b571817cb48a8188e29b5f636d211ea66fbb68ed3c1f85b5a52ade089
0,CAL-216,2,41,74,504,216,191,626828474,36,225321461714,407,30,1964,ba5bcd10c5df9a9a317484cf1e1c924d72cbcd629a385711504760bc253523cb
0,CAL-216,2,41,74,504,216,191,626828474,37,226450580474,407,29,2015,8742eebdcd15d7d80a317ce30d8b94ffb9669f803ac5eb85775f9056f4b41a0a
0,CAL-216,2,41,74,504,216,191,626828474,38,227579699234,407,37,2066,107a8314017207f22a1c9568127951d00e20771bde536bf1d673401c46dbb1b0
0,CAL-216,2,41,74,504,216,191,626828474,39,228708817994,407,25,2117,aa7e0fb5eeb9d2539e453ac8472f9facaf7af312c5abfc5d25a888eab1f99614
0,CAL-216,2,41,74,504,216,191,626828474,40,229837936754,407,27,2168,6473fa0b16ee9828ebac256751dfc95cab9a4a4472e4798011e2eb643ddd1846
0,CAL-216,2,41,74,504,216,191,626828474,41,230967055514,407,38,2219,d2e636b263c3a7cf013a3f6de3c725143537580be47e638825245355b57bd0c3
0,CAL-216,2,41,74,504,216,191,626828474,42,232096174274,407,36,2270,86f3efc8637a13816d5dc4a3cb79cd997b35c1261f965ff3d8a49c0ab0332f70
0,CAL-216,2,41,74,504,216,191,626828474,43,233225293034,407,29,2321,84c0b235121bf11ab8add23bb29a8fc8d7eb4bcdf66f61e93ab541d35ec3abe5
0,CAL-216,2,41,74,504,216,191,626828474,44,234354411794,407,32,2372,b92ced7229c9d5be7f7fe7169876cefa7946ef4976c45c8464bfa4f160310876
0,CAL-216,2,41,74,504,216,191,626828474,45,235483530554,407,31,2423,731da7dd4ab4eaa1b53a3cd92c0cc24b8870187e13c9902ff0fa75f0188a29d0
0,CAL-216,2,41,74,504,216,191,626828474,46,236612649314,407,30,2474,e67931c9442e0c893b08cf2038562f22ea24ae147311274265cc73286384e063
0,CAL-216,2,41,74,504,216,191,626828474,47,237741768074,407,27,2525,d4494c14127b138c32f8b9ef4a43ebfdfa43332f90b421237a26d7ddb83e7366
0,CAL-216,2,41,74,504,216,191,626828474,48,238870886834,407,23,2576,787edf2d443cfdc0485799888801a307acb02d09d7997ec8475a26380a0bf1f4
0,CAL-216,2,41,74,504,216,191,626828474,49,240000005594,407,16,2627,19e8cdc45fcb45593a6cfc9bb4494e51a6d056466b3ccd4dd3b38f4e5d936912
0,CAL-216,2,41,74,504,216,191,626828474,50,241129124354,407,36,2678,c9d266620e6e9cf3a584bdd0ca842af80d1406a26edae46ca4fc55aee051ebfc
0,CAL-216,2,41,74,504,216,191,626828474,51,242258243114,407,25,2729,789c5fe8407b7278c78993587af760c5335f1dd4cb2f2ee0102ba4055b7de6e5
0,CAL-216,2,41,74,504,216,191,626828474,52,243387361874,407,28,2780,0b6f6fc765619484d47af00b0791a391f5f32af39c62b5bd08acb410bbc1103c
0,CAL-216,2,41,74,504,216,191,626828474,53,244516480634,407,33,2831,89b746a5c7a0b70d9442389ef25f0d037e8ea43adc5bb2a772917a8408da50ad
0,CAL-216,2,41,74,504,216,191,626828474,54,245645599394,407,30,2882,bbfb7649bf7f1d9a59ed34a0d37cf49a07574401cef1d2f4c3d11092852a7f48
1,CAL-227,2,41,50,504,227,180,169582034,0,184215939914,407,26,2933,4594d4e50d47968e9b111de5bf61c290fa4631eb86d1f54b8fd037e56fd405e3
1,CAL-227,2,41,50,504,227,180,169582034,1,185345058674,407,19,2984,e2ebf488576bcb503dfb29460c43006b11857fdf381c2641ac551af5a596908a
1,CAL-227,2,41,50,504,227,180,169582034,2,186474177434,407,21,3035,d564e4d42573aba4898f3e87b311f1d8dfa24e694d9efb61ac4bf0fbd238819a
1,CAL-227,2,41,50,504,227,180,169582034,3,187603296194,407,30,3086,8cb8fe550a9a9f5b71e0c2e8b8c6ac78459e31814cafc46445c94b25f68082e2
1,CAL-227,2,41,50,504,227,180,169582034,4,188732414954,407,31,3137,9ea3bb24e77f7631af6d1ac70cf5e0d5b6353a3ec3855deb5319e796bb9d98e7
1,CAL-227,2,41,50,504,227,180,169582034,5,189861533714,407,22,3188,3ea20741b1fa1a40b27a2cb9f6b27adba6b6e2ce2ed259f75d08de5e350dcea0
1,CAL-227,2,41,50,504,227,180,169582034,6,190990652474,407,31,3239,74e99e5bd65fbd3b7b1b118898fd8efb36e75ca0c339f825cad6d48263dd2069
1,CAL-227,2,41,50,504,227,180,169582034,7,192119771234,407,34,3290,1471bfc7fd6a926bb62540e6f54357b3493ddd6781540b8859e6aec21ece124a
1,CAL-227,2,41,50,504,227,180,169582034,8,193248889994,407,28,3341,4f8d9d52dc836244c43a7e5351ade5dccae06e20396d2c18b64fe1830134f856
1,CAL-227,2,41,50,504,227,180,169582034,9,194378008754,407,29,3392,f1ea5ebf8cbdf16cfe0aa4e85fa05a42793ff4bbe19417ed36005156b01d666d
1,CAL-227,2,41,50,504,227,180,169582034,10,195507127514,407,27,3443,25a17f5c04a35e1d1b3ff2fb70e8012cb156e76fab0bab9917f16c0ebd74f3e8
1,CAL-227,2,41,50,504,227,180,169582034,11,196636246274,407,27,3494,b4e5bcfa3db6cb899f6b763b9bde5d57c9701aea6b20768a3811b7475d1ffeb3
1,CAL-227,2,41,50,504,227,180,169582034,12,197765365034,407,31,3545,bd611446420ebcfc7cf9c802badcb29ca61a235298ad9cda8b62502164871137
1,CAL-227,2,41,50,504,227,180,169582034,13,198894483794,407,25,3596,8b7234c0b9accccadd54bc46dae06f345e42be65dad0f0a50085647537fbef2a
1,CAL-227,2,41,50,504,227,180,169582034,14,200023602554,407,27,3647,423d78326ff2e03f2844c1d5625b70a5f2d6a174677ab1c44a527efe0d8f26a2
1,CAL-227,2,41,50,504,227,180,169582034,15,201152721314,407,33,3698,edb2ee8e9af28d470c9467276d845b205fe254ccf523920c5993a6f93499f6f1
1,CAL-227,2,41,50,504,227,180,169582034,16,202281840074,407,27,3749,3a3da8c8c0d47e3611d8e290d95912b2f5f855f604d374158bdb86cef065b1e1
1,CAL-227,2,41,50,504,227,180,169582034,17,203410958834,407,24,3800,1794732b0a72e32f1a4f0aaec29808bfe35ec77982642bfa4ef9b96b520224f2
1,CAL-227,2,41,50,504,227,180,169582034,18,204540077594,407,31,3851,a1b5dea27b91cd190cb9f3e1f4bc8f973fc4b6586e46e74b595a50295d5f9ca0
1,CAL-227,2,41,50,504,227,180,169582034,19,205669196354,407,24,3902,98859216e312ff355acfcdec6713b0d19b0a8bb58c9a0ca62f7d8f506d97765b
1,CAL-227,2,41,50,504,227,180,169582034,20,206798315114,407,18,3953,21e4c67c58abadc6b18cac490038982d7bc318b62de99c8e10d66b67bcc3b2f9
1,CAL-227,2,41,50,504,227,180,169582034,21,207927433874,407,29,4004,bc46a41804d75f598c4b5a272cf4ac92ee312c9bc7b14f3fbf8c78237a00ef9a
1,CAL-227,2,41,50,504,227,180,169582034,22,209056552634,407,22,4055,035ec9014bae407e9898541ebfafda046cc4cd4badbca86da43b2182b76f8cb8
1,CAL-227,2,41,50,504,227,180,169582034,23,210185671394,407,19,4106,9f1dfbc6ff79b35cd2635957786c832c955c9172aa1408dd9d15f87abbae9428
1,CAL-227,2,41,50,504,227,180,169582034,24,211314790154,407,28,4157,d73272385814fe42b40428682da97115fe995de40a4166e2a1c74e9ed9a09628
1,CAL-227,2,41,50,504,227,180,169582034,25,212443908914,407,27,4208,66aaedcdc85bd331f6891a42013765fc269fdc37330643b54185f452fba8709a
1,CAL-227,2,41,50,504,227,180,169582034,26,213573027674,407,33,4259,1e71f41090942088a24d852d9df7fbbfa6943978950c73c8d4b9c0adeb3e95b3
1,CAL-227,2,41,50,504,227,180,169582034,27,214702146434,407,32,4310,28fc57a8d478876c28f44f5c652c7a6fb86e85ae62a17915bfc46a5db360764a
1,CAL-227,2,41,50,504,227,180,169582034,28,215831265194,407,26,4361,e78679b6a32a5341e05f24bacd9c3835d2589bad0304f62e950a56be7d89d1ae
1,CAL-227,2,41,50,504,227,180,169582034,29,216960383954,407,25,4412,5a261b2ddc96c0cf4e7d03487d6da6cf6173bf464639103e472d21260274fab5
1,CAL-227,2,41,50,504,227,180,169582034,30,218089502714,407,29,4463,5a471ded7aedd2277fc9e8c8f9594aa599455d31a120fa7a1b3bf521ce0d1f0c
1,CAL-227,2,41,50,504,227,180,169582034,31,219218621474,407,32,4514,6ecc3f3dea4b74e348479489954cb40c60b06f28c58a4d69ef70ed7751fa2291
1,CAL-227,2,41,50,504,227,180,169582034,32,220347740234,407,29,4565,fff7e9f360b7c0cb7eb96dec0d97401e362d933a891fa6c773e8da3aa7b53a5d
1,CAL-227,2,41,50,504,227,180,169582034,33,221476858994,407,30,4616,d99a960128dc8964385033bf40bc48f6ef4fe7795778f7826e72b813014c5919
1,CAL-227,2,41,50,504,227,180,169582034,34,222605977754,407,26,4667,6ba07fd75983b6e1055921731127c998fc6f8ff822917606530071a76eba806a
1,CAL-227,2,41,50,504,227,180,169582034,35,223735096514,407,20,4718,57cf1221bacc1ce02fa61a3fc2bc8f8d35f0239faaf1b6174c6e35208ed98c98
1,CAL-227,2,41,50,504,227,180,169582034,36,224864215274,407,29,4769,4fbf6a26d894d2d405311165b437fce84328f079bd14888657e4b0b0e3031eb2
1,CAL-227,2,41,50,504,227,180,169582034,37,225993334034,407,23,4820,95888bcc28f526d4ef3d16bc75e3ce29d90c52da9d4339659bc5f4846e4a7a5c
1,CAL-227,2,41,50,504,227,180,169582034,38,227122452794,407,26,4871,5ba8ffb6f22aedd5cc5d75885a40aff48b49c1129d2a255be47e31744e1014b2
1,CAL-227,2,41,50,504,227,180,169582034,39,228251571554,407,30,4922,70c69e2ce44bd3d3eb5a3eff5902e853ac0207642f7ea534e6f608339d40a1cd
1,CAL-227,2,41,50,504,227,180,169582034,40,229380690314,407,24,4973,319c02056b623c572bf5aa68dfd0fc7ff1d68ed3ac8858329f9cfe2a581a3eb8
1,CAL-227,2,41,50,504,227,180,169582034,41,230509809074,407,20,5024,2f59a7f77729c6194f212b6ef0fe123f424e1b39ae330474db80a98e98dc0db9
1,CAL-227,2,41,50,504,227,180,169582034,42,231638927834,407,34,5075,eae986042f11386a1793d0a8e875891e367386cdb6091f81b1c37dcadf71cf13
1,CAL-227,2,41,50,504,227,180,169582034,43,232768046594,407,24,5126,8d9f253b1727cb4d6d1f3c89fa69baaeb9675131f6153ec443b9a552c3379c14
1,CAL-227,2,41,50,504,227,180,169582034,44,233897165354,407,29,5177,07a5dcb00815761124fae167e1fc3efbf0b2a3b076de1995c38ed7fb8f5d3488
1,CAL-227,2,41,50,504,227,180,169582034,45,235026284114,407,30,5228,a79d8cb5437aabac76d608d45cdea6b5c325b4a85c423d06996cd69a272b90ed
1,CAL-227,2,41,50,504,227,180,169582034,46,236155402874,407,22,5279,3af2d984d5693142c504312f46c8292c8b55f48f05fad032d77bc187b71b26cb
1,CAL-227,2,41,50,504,227,180,169582034,47,237284521634,407,22,5330,1b3bec8c8031b50b1386d2bfca65e7220ed96243f1901de92fc8aa56e8dfb2a7
1,CAL-227,2,41,50,504,227,180,169582034,48,238413640394,407,34,5381,4c35d5d7d1d19fdbee6d09e52337f95c5ac5e4d0c00e24a6db8fd3a55899ecb5
1,CAL-227,2,41,50,504,227,180,169582034,49,239542759154,407,26,5432,db645ca21f34073ced67762bfde4837d8ae0bf4a21a050d0aaace90f0bbeadfc
1,CAL-227,2,41,50,504,227,180,169582034,50,240671877914,407,25,5483,69a3cc660dac20c9688da28d40a242729e94ccb2d30846801704019ee3da6c06
1,CAL-227,2,41,50,504,227,180,169582034,51,241800996674,407,32,5534,6502c147a89dca37fcf04932f262c4fb9326c6e72fcd3f9246e87b3585904bf1
1,CAL-227,2,41,50,504,227,180,169582034,52,242930115434,407,32,5585,978650eee135251396938a7483c333b807d1af53a15b2456a139f1d0f9986b00
1,CAL-227,2,41,50,504,227,180,169582034,53,244059234194,407,32,5636,ad7f8905b367fd5d0a04b546554ec9fd653b0ada87789760ad01c73f09a67959
1,CAL-227,2,41,50,504,227,180,169582034,54,245188352954,407,27,5687,33065897f52b755658f17e967381aaafdfd8e5ba102c305ef61e773d3d5dfe4b
1,CAL-227,2,41,50,504,227,180,169582034,55,246317471714,407,28,5738,38f8c4f9d432b6990d68d24a63661bd27a101601298a8d765a10b1ad3d83f813
2,CAL-230,2,7,32,504,230,177,143491754,0,184189849634,407,27,5789,637ec37baf3aa98a3fd04eb1e3f14d69dda7dadb9293629f956b84de9b88beb3
2,CAL-230,2,7,32,504,230,177,143491754,1,185318968394,407,33,5840,bf15201f5a3aace48b74e3f77f86b7a020a34ed99a4e0910d0847b6eb7711d4c
2,CAL-230,2,7,32,504,230,177,143491754,2,186448087154,407,32,5891,493de0622a71917cc5bdb9aa216c645f6efdf487a05fcfa8bed20affb761b093
2,CAL-230,2,7,32,504,230,177,143491754,3,187577205914,407,26,5942,6abbac3347f473c07b60f8a37db0299d120f48cc199c4113cdf611fb9c5ed791
2,CAL-230,2,7,32,504,230,177,143491754,4,188706324674,407,33,5993,539254421269fa52196675e0d47f261feb3fe2aa147ca176d296dad43afc6f48
2,CAL-230,2,7,32,504,230,177,143491754,5,189835443434,407,36,6044,02ffd6fa82fb59274623a25ddcaff58a6643a9bd683a69002dacf11c0f330162
2,CAL-230,2,7,32,504,230,177,143491754,6,190964562194,407,30,6095,9232046c63dec4d6250f95ca5aaf19f5bb3a1eb02ba37b3591ee733aebaa6e86
2,CAL-230,2,7,32,504,230,177,143491754,7,192093680954,407,36,6146,6e099b21ee0a7ef766af2e5f8541711c04dfeeb7152d2a9bbe6c570509ff5e85
2,CAL-230,2,7,32,504,230,177,143491754,8,193222799714,407,39,6197,620abe5a9a44fe24880ae506d2e4baa40b9306f76cd000b5be1b37a5ba386dd4
2,CAL-230,2,7,32,504,230,177,143491754,9,194351918474,407,34,6248,ea875eac393210b60d0206b53a04e5a0dfda2be3f5c04fba4bde57029acb119b
2,CAL-230,2,7,32,504,230,177,143491754,10,195481037234,407,31,6299,7ae83099cf8cd8b54afcf9d502a0315eccfd2a8a7cafb9efdfd8959e62db5ccb
2,CAL-230,2,7,32,504,230,177,143491754,11,196610155994,407,41,6350,e6f51bbaf426c7ad062ba5a98cb4280f56f15ac4a6267c16238c01960ca93558
2,CAL-230,2,7,32,504,230,177,143491754,12,197739274754,407,37,6401,b3a4c37e6ece9c1d87133a1ea64d6aa1319bd24b123d1e07ca4656f604a55927
2,CAL-230,2,7,32,504,230,177,143491754,13,198868393514,407,32,6452,ed2056a26803b06ee4daa600d515936eab927311b31ca9790dab3aacdf0049f6
2,CAL-230,2,7,32,504,230,177,143491754,14,199997512274,407,39,6503,cd661fd9b5bb8eb416d053e9967a640bf05563e9d3aac7083420ea208fee98f4
2,CAL-230,2,7,32,504,230,177,143491754,15,201126631034,407,39,6554,4bea45fad1f22b5db5cee8e1cfa8645c4fd7cdce00058f071a54b85ef3c235bb
2,CAL-230,2,7,32,504,230,177,143491754,16,202255749794,407,30,6605,90553ed05e3c167ae5c32ac9cfe9930963c52e38df26317e66d844fe63ac9c92
2,CAL-230,2,7,32,504,230,177,143491754,17,203384868554,407,33,6656,90be6b4ae3eacb855199615610fe11011af3e9007e4dc9c3bcc6e567789ccf3b
2,CAL-230,2,7,32,504,230,177,143491754,18,204513987314,407,33,6707,71f0b4e76db41fed9e73f06b7c46611099daad27e4862c754b883b6a00b26d60
2,CAL-230,2,7,32,504,230,177,143491754,19,205643106074,407,39,6758,e769d8be219919b174d4006fd2f20a83f7b355427cce56a36d0e2d32380a277f
2,CAL-230,2,7,32,504,230,177,143491754,20,206772224834,407,33,6809,ff823743246bfd9e5afe2ff66b138e478309274eb6fbd0142249a57e06b95630
2,CAL-230,2,7,32,504,230,177,143491754,21,207901343594,407,27,6860,08b9cded7ff29e10ac45a00658b369b884081fca242b70c2d425bb8d9095ef0f
2,CAL-230,2,7,32,504,230,177,143491754,22,209030462354,407,31,6911,e920175aef32e1ddd4d73219d32550895b6c6fe8604e7795d26aee10e9fb3fd8
2,CAL-230,2,7,32,504,230,177,143491754,23,210159581114,407,34,6962,ae8e3dffedc83e8811ab3fa2f1c7dbc08a9aeda8ff905286af0563de94a3f2fe
2,CAL-230,2,7,32,504,230,177,143491754,24,211288699874,407,30,7013,d6524f6423d769d78b73f6fb3fab770dac854767a7fdb27f9fad9fb76e82e800
2,CAL-230,2,7,32,504,230,177,143491754,25,212417818634,407,34,7064,9034682570130ff90b75bf598f78c8ae835b5630d7175b222064e6ef30a69f90
2,CAL-230,2,7,32,504,230,177,143491754,26,213546937394,407,34,7115,e25ea75551116e6a715ba1dc0acd5c0b0f41e2732dfbf3c4d1c9928e557b0b20
2,CAL-230,2,7,32,504,230,177,143491754,27,214676056154,407,31,7166,fd47ea2f9f2d999a38dd39b32619010220cce8617c4b3a02204c0769c7b3a797
2,CAL-230,2,7,32,504,230,177,143491754,28,215805174914,407,27,7217,4967ba21023df351c03627bc28bdae4192553ae5c4be6983eb501cad4d487ca4
2,CAL-230,2,7,32,504,230,177,143491754,29,216934293674,407,31,7268,0fc3f3a3ae8443bd5f52a5509080616c0ab4cf29142dadca686f0ca4550548a5
2,CAL-230,2,7,32,504,230,177,143491754,30,218063412434,407,33,7319,0bc14c2f808b13f4da842516bb7627fbe3712a7c97b3e20642e74bb868542ee3
2,CAL-230,2,7,32,504,230,177,143491754,31,219192531194,407,33,7370,5ceadf047c8570861863a710defaee9b5e2bf7a085608049a0249f162189997f
2,CAL-230,2,7,32,504,230,177,143491754,32,220321649954,407,42,7421,48925b55aa1cfca9b866fed2e1a1382de0d06693a0dcb14090985bb690bded23
2,CAL-230,2,7,32,504,230,177,143491754,33,221450768714,407,34,7472,017c8d7e0cd5ed5809f68f81d738a1c5c088cbcd62c7c1780d84b1936a86a07e
2,CAL-230,2,7,32,504,230,177,143491754,34,222579887474,407,33,7523,3aa391d6936c8d934c053f10a357c4e443eb8605b7611bc3850087b7b1bf2fbb
2,CAL-230,2,7,32,504,230,177,143491754,35,223709006234,407,42,7574,1a1d8d9a32fb4e778187fdabebcd357342678e89d5e965523781f990ecc8b056
2,CAL-230,2,7,32,504,230,177,143491754,36,224838124994,407,29,7625,c4d041a6c54ea212437e978ec15af4dfc7795a8a81e34aab23aebadcfb7cb834
2,CAL-230,2,7,32,504,230,177,143491754,37,225967243754,407,29,7676,06945d8e767c92409086da9c5ba026959180aeb49af01176587502a7a7f29879
2,CAL-230,2,7,32,504,230,177,143491754,38,227096362514,407,33,7727,757f7a4b4f5c01732dd61f43b9fb698cc593d8982ba163704fc963fc7fb6a5a2
2,CAL-230,2,7,32,504,230,177,143491754,39,228225481274,407,26,7778,a2ed2b03b295350bb3ce10b00bdc866743927c49e498bf25d224a3d1c8c3b5fb
2,CAL-230,2,7,32,504,230,177,143491754,40,229354600034,407,31,7829,4405621b7e9221654c867d03b43670cb23cc91a624e14faf0c762c7a31edc4bd
2,CAL-230,2,7,32,504,230,177,143491754,41,230483718794,407,37,7880,ea736b3c393ff7a0f5bf046c3dd57e1ce02916af5607e664b84a7502297ea7bf
2,CAL-230,2,7,32,504,230,177,143491754,42,231612837554,407,38,7931,0333fd9cdfc88444aabb8bbdfe239662c1d2b695fa119cc68d46f3659eb08e77
2,CAL-230,2,7,32,504,230,177,143491754,43,232741956314,407,41,7982,989098bfaaf87d56f9434ac845e81f2e7afc6ada2a4f5e25dd35985f4fdb7718
2,CAL-230,2,7,32,504,230,177,143491754,44,233871075074,407,36,8033,e4ee73b0490412144e2d761aee75bd584639c3e4ea5ac0b4bf0c3f246f968c98
2,CAL-230,2,7,32,504,230,177,143491754,45,235000193834,407,34,8084,0d9a93d21be80198d4430e9e7a5b0791a21f9cebd83e1f07a79e90fb4f0b9125
2,CAL-230,2,7,32,504,230,177,143491754,46,236129312594,407,34,8135,d2b852d88a85ddd66072addf6a3580393661a946e046fcdef3ca0451b3ada46f
2,CAL-230,2,7,32,504,230,177,143491754,47,237258431354,407,38,8186,5e0b481c228edb0e027bb6c3c639c19e932c806e20ee2378c394d3f9abef75a2
2,CAL-230,2,7,32,504,230,177,143491754,48,238387550114,407,40,8237,9e466adb08c8c2380cef92259f9d1973b38182b0976ca18e00fcd18a3edf65f6
2,CAL-230,2,7,32,504,230,177,143491754,49,239516668874,407,31,8288,11c4bfb31735650f9834589bfce4f331b23cafca5809c55ea877fabc518e2a4e
2,CAL-230,2,7,32,504,230,177,143491754,50,240645787634,407,31,8339,74841a598d64b0c023082f17f511aed06e76e64a4111083e8d759024ec949300
2,CAL-230,2,7,32,504,230,177,143491754,51,241774906394,407,37,8390,64df074cf9f7a2f914d63e1f419c52363abf4fe6785b7436dcfc0e55f9f8ff85
2,CAL-230,2,7,32,504,230,177,143491754,52,242904025154,407,37,8441,5a31ea1daafe118d4910df73da4d063414c1e5db4e6c8112ec8e9903d7fe00e4
2,CAL-230,2,7,32,504,230,177,143491754,53,244033143914,407,33,8492,554750a193be6dc7630fdb9f1ff3a2b7aee8232ba453438129172b9458f6a37d
2,CAL-230,2,7,32,504,230,177,143491754,54,245162262674,407,34,8543,81c50a78cb45e106266bd9c4fc5c584b40d22d327708caed7f298d45574e34fd
2,CAL-230,2,7,32,504,230,177,143491754,55,246291381434,407,30,8594,43d6eed1c0bc07d1d236f62fa833b978012e43bd9ddf83b24fca5804fcaa3fa1
3,MAX-001,2,7,50,17,231,176,361028234,0,184407386114,407,34,8645,93b6d2dda311d2c8dc101aeac7bfbbfce2a9c50fd43bf1f9d2c2e2589cb21504
3,MAX-001,2,7,50,17,231,176,361028234,1,185536504874,407,27,8696,385b24fc3c291371398183b3d81ec414acf3bac9105fdabbe11cc86b7dd798b8
3,MAX-001,2,7,50,17,231,176,361028234,2,186665623634,407,31,8747,0ea3bba78bc778513fddfd84c588ca928251618e50298b77d5bd30e8c51c2455
3,MAX-001,2,7,50,17,231,176,361028234,3,187794742394,407,39,8798,1a3d79d95240ed7f18a22cea0ba8976abe2cb4326086bbcc50a8f0f6007cbbfe
3,MAX-001,2,7,50,17,231,176,361028234,4,188923861154,407,33,8849,261b06182a161c9af26ec5b671cc4f12f234f33d722a39a0b3c628ad377b7700
3,MAX-001,2,7,50,17,231,176,361028234,5,190052979914,407,40,8900,fb6dc129619a96cd1a92eda7471a2d1d600900d0acf325ed792fb0e82411f2b4
3,MAX-001,2,7,50,17,231,176,361028234,6,191182098674,407,35,8951,1b049aaa287782bd4da110215ba1ab177a08cf2e5796e9bbbf6e7ac04aa7d29a
3,MAX-001,2,7,50,17,231,176,361028234,7,192311217434,407,32,9002,6eca121f3d818eaeeb404ddd92a24af6eb54ca3e81ef820915ee4e6e52fe6472
3,MAX-001,2,7,50,17,231,176,361028234,8,193440336194,407,36,9053,d553e452a1af3ea2f3d11219a987dea7420089ce62b4f007129226e825696930
3,MAX-001,2,7,50,17,231,176,361028234,9,194569454954,407,39,9104,1a1ba15bd11a660b1bf4b4dcb02cbd9eda9ab9e86c71cf99057584788376360f
3,MAX-001,2,7,50,17,231,176,361028234,10,195698573714,407,33,9155,2879bea1ca5ac14186504a54f09fa90804919d95a3a521bc1b5175cd90de759a
3,MAX-001,2,7,50,17,231,176,361028234,11,196827692474,407,35,9206,601eadcfd57368a88b7ec9aab4ed25c102a6f2c91299eb2ceb13bffbb533c43e
3,MAX-001,2,7,50,17,231,176,361028234,12,197956811234,407,34,9257,8933b486ffaa98e6809a405b8eb009a6d497eac85694c9639d75ad590621b8f5
3,MAX-001,2,7,50,17,231,176,361028234,13,199085929994,407,33,9308,1d8e48a64328cef0f12ee20540221f8b57509d0b53680ca15c6f295f38273d40
3,MAX-001,2,7,50,17,231,176,361028234,14,200215048754,407,29,9359,b7ba2095b3462fd079240a46cf09499a3d4883c880ca8b54935c3cfcc0f863a5
3,MAX-001,2,7,50,17,231,176,361028234,15,201344167514,407,40,9410,d4a7054c401c4c51e8f6695432e4104ecc3d3255a7964226200ac1820073bdec
3,MAX-001,2,7,50,17,231,176,361028234,16,202473286274,407,20,9461,9285cd49484fc139554dfee5342f374a0c55d957dfb9556c690a31fda795f43b
3,MAX-001,2,7,50,17,231,176,361028234,17,203602405034,407,32,9512,997a323734e004f5821768e7723c4efe9fe5c3f6a5369a0d4741d2bdbe69a716
3,MAX-001,2,7,50,17,231,176,361028234,18,204731523794,407,39,9563,5bd2ced491bc75b124acc9398da86e6c3781de414025e67499e1bf56f93c62f2
3,MAX-001,2,7,50,17,231,176,361028234,19,205860642554,407,34,9614,e957ea137f6fea9c1253bce72ecb3ab71cdd2d397306697f828e4bac77ed1e83
3,MAX-001,2,7,50,17,231,176,361028234,20,206989761314,407,33,9665,6f29490f3f1926b69ad9bdc4f141f724ddf2fe0b060ed142a8ad13b00e56252f
3,MAX-001,2,7,50,17,231,176,361028234,21,208118880074,407,33,9716,3a7383bd889494b8ca3c4950c59c7e580e5b75d912be0356125f3dd79ee57b0b
3,MAX-001,2,7,50,17,231,176,361028234,22,209247998834,407,32,9767,0b30034aadeda64b0586cec7a2ba98fb04c5d10367bf71772c73ea8631abffdc
3,MAX-001,2,7,50,17,231,176,361028234,23,210377117594,407,38,9818,de331b34a98e90d437f565dfbbc431346eaa73fcbf4b2119058321460ff80051
3,MAX-001,2,7,50,17,231,176,361028234,24,211506236354,407,32,9869,86714306d98c927a4e1d40298e595356a153341540db8603852b21b324bc3d77
3,MAX-001,2,7,50,17,231,176,361028234,25,212635355114,407,28,9920,dd636161efa20d4a80fe024103fed1df4f6c0c8dfc99c3e9975c1ba0bbde021b
3,MAX-001,2,7,50,17,231,176,361028234,26,213764473874,407,40,9971,d5aa9365205f0ca98c48bedcdd5eb82d34b014463ce8f93d74d48e94f174df1c
3,MAX-001,2,7,50,17,231,176,361028234,27,214893592634,407,34,10022,ffb15247a660aef1334f5fa2871a1e5aabe07b500e7aaf40678cf63f1710d80c
3,MAX-001,2,7,50,17,231,176,361028234,28,216022711394,407,32,10073,51bdd7e0b9f13322b147502e98de817a675ce7ea8635f16e6584146acef7006d
3,MAX-001,2,7,50,17,231,176,361028234,29,217151830154,407,33,10124,830e4997eaef0604d6cfa01ebab0e96cff389b3e543ac2446fa74444050e2226
3,MAX-001,2,7,50,17,231,176,361028234,30,218280948914,407,37,10175,19e46d7d318b0d6c7c6b1e43e099ea2720e443abd86e0d79d569dc90e6f5e705
3,MAX-001,2,7,50,17,231,176,361028234,31,219410067674,407,46,10226,2534d157b96912ac0fa00a7330a436fc4876d116c3bd2e47a488220033a87d1f
3,MAX-001,2,7,50,17,231,176,361028234,32,220539186434,407,34,10277,ae99b6eb58b0f2fa359e741f69bca2b84564fe75bc0261c542df7f47f0bddc97
3,MAX-001,2,7,50,17,231,176,361028234,33,221668305194,407,38,10328,62f04332d32006c09678334ab20560ecb75654bac615022cf133b653b0e46e25
3,MAX-001,2,7,50,17,231,176,361028234,34,222797423954,407,29,10379,09a77e4d8b8fec57bc794d4130f75531edbfaa8487c3762daacdfd374ea6254f
3,MAX-001,2,7,50,17,231,176,361028234,35,223926542714,407,36,10430,4794002bb4851354319c4cb2afccc08744031554b245563b83f99d00646325a1
3,MAX-001,2,7,50,17,231,176,361028234,36,225055661474,407,34,10481,86db3819e6b42982f4a192c47a19eb766f198c1d08e0f3d00f8017e3019e5051
3,MAX-001,2,7,50,17,231,176,361028234,37,226184780234,407,29,10532,6a29abc5042eb978937fe9f918c3a6c2422325e07f1be6e5aa4d66d3d1c3a2fe
3,MAX-001,2,7,50,17,231,176,361028234,38,227313898994,407,31,10583,d3fe91d6bdc36e2498d8a607acea4f680c7a5e8daa608c9cce48919b55fd9412
3,MAX-001,2,7,50,17,231,176,361028234,39,228443017754,407,41,10634,859eefba3aa2aabcbf6dc6b2d1e564f27b7f2aab37b2b8a65d057e891cd8309d
3,MAX-001,2,7,50,17,231,176,361028234,40,229572136514,407,27,10685,fcac2abd234edf40f726404b165ef2fba6640d20d9dd1cd482abce44e9e421c6
3,MAX-001,2,7,50,17,231,176,361028234,41,230701255274,407,34,10736,1cb43571f953a0f487595ddd2f8cada119c9ef160253c18a4bc7e86a90923cbb
3,MAX-001,2,7,50,17,231,176,361028234,42,231830374034,407,38,10787,cff94c5c918ea5e718d6ad76d5397b83b5d863ccfdf16ab6ff122dfcf2797731
3,MAX-001,2,7,50,17,231,176,361028234,43,232959492794,407,29,10838,7b5e84b86b028acb3e09fcded73ee192e770bda553d1daa1b7a8a0e8dc4a562a
3,MAX-001,2,7,50,17,231,176,361028234,44,234088611554,407,29,10889,04a58fbc0d57bab7a268a76b29c4237673af25e6ba9ab3174ba45740f147b831
3,MAX-001,2,7,50,17,231,176,361028234,45,235217730314,407,22,10940,f51eef3229a52bc7f33987729ba6a750c42eb5378497f1636fd078e4c3b878b5
3,MAX-001,2,7,50,17,231,176,361028234,46,236346849074,407,30,10991,da8e041e3882e4b6e62bcc7fca3e8910c7f49c503ec70a6178a6f3aec6353556
3,MAX-001,2,7,50,17,231,176,361028234,47,237475967834,407,32,11042,c63be08992b93100cfa736d05675dee5fee9db13d4f66f92bd0d1702d973e714
3,MAX-001,2,7,50,17,231,176,361028234,48,238605086594,407,35,11093,d72e7b3b1da7d62af27d5ed9eae0067f939bad3badf3aa9dc3540dc3467654b8
3,MAX-001,2,7,50,17,231,176,361028234,49,239734205354,407,40,11144,10e70e83fb69df7f915f258cd284c135f2a55cdef260a75106cfc50743c29c2d
3,MAX-001,2,7,50,17,231,176,361028234,50,240863324114,407,42,11195,420a9c35299de4f8761c036fac73ee7a91c1d5b976d19887c088cdaec8baaca3
3,MAX-001,2,7,50,17,231,176,361028234,51,241992442874,407,37,11246,05870edd51e8824acc9ec230161a2e05726c37a22e90135fc0e69d1c5b61242e
3,MAX-001,2,7,50,17,231,176,361028234,52,243121561634,407,34,11297,1631af0b90a1e4227bd04f1a7b308d76ba12372273e88d9127e5203f31035f18
3,MAX-001,2,7,50,17,231,176,361028234,53,244250680394,407,26,11348,5ced1db8234bd82154c4a8535feabda0123cb9c0b563816042553b64213b0b3e
3,MAX-001,2,7,50,17,231,176,361028234,54,245379799154,407,38,11399,ecd91fedf57d667b598b3e7d65ad93e68feb3964eb3ce84f976b24205ca2fd03
3,MAX-001,2,7,50,17,231,176,361028234,55,246508917914,407,32,11450,5575fcccb513325ef2c0cae8fd69cf319b4da6b7e142ed6ea8284003a71adfe7
4,MAX-002,2,7,50,40,231,176,164659754,0,184211017634,407,33,11501,b2d0ae15555c614d4c02d9b6e4da56e9c77e6a7a6e948dc57f5f34e85ec2e470
4,MAX-002,2,7,50,40,231,176,164659754,1,185340136394,407,25,11552,823eee2959791271c048b5e3fa399038bbb6deefe99ccc21a15a2687a20f11d5
4,MAX-002,2,7,50,40,231,176,164659754,2,186469255154,407,32,11603,4d7f8714c10d8f7ba26d288152a15443c60cde4ffe9b39fc5eb99dfa37bab2e6
4,MAX-002,2,7,50,40,231,176,164659754,3,187598373914,407,35,11654,9ca42b3ee3ac093dec19c012879f893fd393f74d8ac9812c8ab9bcb5d93e4641
4,MAX-002,2,7,50,40,231,176,164659754,4,188727492674,407,33,11705,d080ff0721f5d6274148c619842d6000c27cdfec53f9a18f43c8f9fe71691144
4,MAX-002,2,7,50,40,231,176,164659754,5,189856611434,407,33,11756,d84bc6a856b13a2b0324a5311aba52ffe8c27d3f472a171e5da38d698672e7c6
4,MAX-002,2,7,50,40,231,176,164659754,6,190985730194,407,37,11807,18d4eaf30a10304704d1437bc95599fafc62f8af17ae37c1253c9edad7dbc7e3
4,MAX-002,2,7,50,40,231,176,164659754,7,192114848954,407,28,11858,bc8d2c6b04954f0608a0c317e0051930daeeaa0ec2fe4c6ef565957013a9cfe2
4,MAX-002,2,7,50,40,231,176,164659754,8,193243967714,407,36,11909,afb9227c1aea3414b14691a2a002d47036c601bfe63c5a0f1b79bcfc7f839b06
4,MAX-002,2,7,50,40,231,176,164659754,9,194373086474,407,34,11960,7c52bedc5c0b5aa81d40faf4d6895699fd97a9376d8f4eac84df69f057c7d80f
4,MAX-002,2,7,50,40,231,176,164659754,10,195502205234,407,29,12011,78fdd1ede746b5157b9556f00692619e5d5d35f4c01c271bbe3aee137c890faf
4,MAX-002,2,7,50,40,231,176,164659754,11,196631323994,407,36,12062,4fffd8367e0b663ca12cfcb35bd5e8a966d2c1aa58cfac806e9919d04aa90942
4,MAX-002,2,7,50,40,231,176,164659754,12,197760442754,407,38,12113,ef21baba9bea7f62e2f3dd4954309ffcfeb4252e020690d6ac41f6b64ab29460
4,MAX-002,2,7,50,40,231,176,164659754,13,198889561514,407,31,12164,8dad3d909499f4bc4aa7192fe5be5341dea737692973d1f0231451823cdbed30
4,MAX-002,2,7,50,40,231,176,164659754,14,200018680274,407,39,12215,e785fd3c761fac9cc9fdb8c9579273921628bc755d3435171d8ba87fbb11e8f5
4,MAX-002,2,7,50,40,231,176,164659754,15,201147799034,407,23,12266,96b1ded68169f581973070d9fced4be72696bfe0ef57a41c47a49d2a06bcc2c4
4,MAX-002,2,7,50,40,231,176,164659754,16,202276917794,407,29,12317,c93efc0cb3fec8340dabfe213db2e60339cc9fc09ed01bc6f4cc0d27e0fa5329
4,MAX-002,2,7,50,40,231,176,164659754,17,203406036554,407,30,12368,76e1a39468173cdc3322241696e4eaf0ee5e97f95adabf0853c138f31954780a
4,MAX-002,2,7,50,40,231,176,164659754,18,204535155314,407,33,12419,d835f61a3f57a8922cc6bee339687ebcd007d5de546036d719601719f94c9c2c
4,MAX-002,2,7,50,40,231,176,164659754,19,205664274074,407,32,12470,51f45242b9da3445bf76866940cf56fcb6ea63d6d807b4e6432589ce5803e61c
4,MAX-002,2,7,50,40,231,176,164659754,20,206793392834,407,38,12521,689acdc71e35832ad838b2dd7b10451963f47a0aacdf08f21885141baf59311e
4,MAX-002,2,7,50,40,231,176,164659754,21,207922511594,407,39,12572,eefb329c627aa450d7d4cdb4cbcb1e071f9ad9bf9878711cf38f1112eb8b5cd0
4,MAX-002,2,7,50,40,231,176,164659754,22,209051630354,407,39,12623,282300f974753495e304df8ab690b5e8e9ccfaa6c1681ee583c338c59fc293a9
4,MAX-002,2,7,50,40,231,176,164659754,23,210180749114,407,34,12674,5172b88458e1405143086a4516c530fd6273f37444bdda36f3413f77c1829c62
4,MAX-002,2,7,50,40,231,176,164659754,24,211309867874,407,27,12725,ec941aa4ab85c94fb70ef424b9642bde74b9593a17543114041679e7c3aa7db6
4,MAX-002,2,7,50,40,231,176,164659754,25,212438986634,407,32,12776,51f1f1d697f6fb7b22dff7decf6a182d8dcbfddc9f6e9429d319ce1b710c0307
4,MAX-002,2,7,50,40,231,176,164659754,26,213568105394,407,38,12827,16a85adae150cebb1f77af93e0baeafa5d9f62d647ec7ae85641af842ba5189a
4,MAX-002,2,7,50,40,231,176,164659754,27,214697224154,407,33,12878,91761b6315ca49b73933d257f36427b65b65728b89a42c0c93ef80791c38641a
4,MAX-002,2,7,50,40,231,176,164659754,28,215826342914,407,32,12929,0693ad968701507fbd5340de2f0addce5ad52d32879a5026d07a335b9d4788fb
4,MAX-002,2,7,50,40,231,176,164659754,29,216955461674,407,34,12980,8eb6177cfa6403cdfe913f9f95485d9b4c6a926e3146f5ed7a5047bc9be43b65
4,MAX-002,2,7,50,40,231,176,164659754,30,218084580434,407,42,13031,0adcb7ce079523cc97487c29c2fb1ad5a72dc2be1cc497654a4cc00d4b9e9f90
4,MAX-002,2,7,50,40,231,176,164659754,31,219213699194,407,35,13082,1358e4e4ee8e2752fb41cb07cf714742720530f1109ec57d2a1fb720fe20edfc
4,MAX-002,2,7,50,40,231,176,164659754,32,220342817954,407,39,13133,15895a4069166e5496d4cbe74e089d30aa3360867c1820e8bee8c7fad7bd3100
4,MAX-002,2,7,50,40,231,176,164659754,33,221471936714,407,28,13184,3f613f5aecf1ea717503d8a33af70b545dadcb2ec078278dae505ac448d51d85
4,MAX-002,2,7,50,40,231,176,164659754,34,222601055474,407,30,13235,054ada4e73e6dc55af41d59029f1a533fe1c51fd875f9fc073994960cad42f4f
4,MAX-002,2,7,50,40,231,176,164659754,35,223730174234,407,41,13286,19b125c51e1fd3c437a9a026e37a63dafd91e9e8c6e9210d7accf7bc12902b8f
4,MAX-002,2,7,50,40,231,176,164659754,36,224859292994,407,32,13337,e39458ef83b6f4c0dfa1bdbe62d6e5767d7ba9b7aa36822e17bb93555d86b7a7
4,MAX-002,2,7,50,40,231,176,164659754,37,225988411754,407,29,13388,097021b31630fb43a2775fc35cdb4aa7369c8e9a9b0417709e32d7621a4a15ac
4,MAX-002,2,7,50,40,231,176,164659754,38,227117530514,407,38,13439,4c8aad7662d39dee9ed0eb8f63ebe0dba4908a13501b7f30dfa2abe660151dfe
4,MAX-002,2,7,50,40,231,176,164659754,39,228246649274,407,41,13490,49095c35bbf1f38e0f4282effd3e369a791c3cfd16ef78ac23fb705ab4c0a872
4,MAX-002,2,7,50,40,231,176,164659754,40,229375768034,407,33,13541,2ed446d45a813eff844cd4c7abce092039f6447b0e08ee777f7f1a5d4c0cb705
4,MAX-002,2,7,50,40,231,176,164659754,41,230504886794,407,36,13592,ee9ccea21898f54d49126d5d8214b368bca2f3d61321ffd592f68e2fcad86c5e
4,MAX-002,2,7,50,40,231,176,164659754,42,231634005554,407,23,13643,1d2b5c8ee819c57f0f2da7dea154949242b4e45376853596d26d22553b56fc83
4,MAX-002,2,7,50,40,231,176,164659754,43,232763124314,407,36,13694,0a0f09c6b59b9c499f02b640c73a786e40da4b04f9690381f0e8df552f964b31
4,MAX-002,2,7,50,40,231,176,164659754,44,233892243074,407,32,13745,ad0242eec00d5f11aea0494c005f9e04df92e0a9226511dd47335779dc4980c3
4,MAX-002,2,7,50,40,231,176,164659754,45,235021361834,407,34,13796,a1b1dd0d8af3b0deab1e4c46747d8edf0b1c439bdb8ff9b47375055aa73018a6
4,MAX-002,2,7,50,40,231,176,164659754,46,236150480594,407,34,13847,31552be00dcec4507b81f0be579d30052c7695be9878d9a5ae16d247898c06c2
4,MAX-002,2,7,50,40,231,176,164659754,47,237279599354,407,42,13898,0f64948cb4cbcd997de3f2b5f7760aeed8031add405b960e86ce8a33e8921026
4,MAX-002,2,7,50,40,231,176,164659754,48,238408718114,407,25,13949,8123a2771ded17c4344300994bd93cf22a60b19bf5b17a46f212035fb48a949d
4,MAX-002,2,7,50,40,231,176,164659754,49,239537836874,407,33,14000,51b0daf3575a214bc0cd5a2ddc374ad86e06114d691a1b123ecd04e32ea09e5a
4,MAX-002,2,7,50,40,231,176,164659754,50,240666955634,407,35,14051,0a6421593514e2b245a5d66f21e03af580254ab4a1aeee9b4af9a9de68f9ad85
4,MAX-002,2,7,50,40,231,176,164659754,51,241796074394,407,37,14102,6c2735ed3b61c82dd745cb71aa867d7904425726734a0533621d85a9ae36b387
4,MAX-002,2,7,50,40,231,176,164659754,52,242925193154,407,35,14153,64a6a4ccee0978ed51aa33a1d3fdb150946d543f168bebbb2322983d129d8084
4,MAX-002,2,7,50,40,231,176,164659754,53,244054311914,407,39,14204,ffa76e4e488875fae2f2c268461b8f2fe3881eaff77a22a555e3198b52a070e9
4,MAX-002,2,7,50,40,231,176,164659754,54,245183430674,407,31,14255,da282fba4c301d8e78b683ca090945ee6735ec18f793759689e3a0773e873114
4,MAX-002,2,7,50,40,231,176,164659754,55,246312549434,407,21,14306,d3b29e9f1685df4e18fa19ef2f80c9b92c3556c86369fb313ada6fa2d1093ff0
5,MAX-003,2,7,50,109,231,176,704673074,0,184751030954,407,43,14357,3e0e66f19fad4aeb894a60ddd727c6efa5aa8c246fd67e2af822031eeafecd18
5,MAX-003,2,7,50,109,231,176,704673074,1,185880149714,407,43,14408,a771071fd983c42c6a89bf1b2796beff01f3aaf641444f952044cfa77b496aea
5,MAX-003,2,7,50,109,231,176,704673074,2,187009268474,407,35,14459,8375c1160adb0730ac3c94ba82109b684013f648411145000cc65467c1a21dd5
5,MAX-003,2,7,50,109,231,176,704673074,3,188138387234,407,31,14510,702f303b5477de7529916a57cd07a91f40f87b13826e26bfe61acf0209b5a400
5,MAX-003,2,7,50,109,231,176,704673074,4,189267505994,407,31,14561,52a61f74460dec407ce5956b41cd555ff23a61a6c5a3de49bc673557e4b0a4bf
5,MAX-003,2,7,50,109,231,176,704673074,5,190396624754,407,32,14612,adb935d97e3a2fcb0dad33337c770de56c70ff1e396f18ff50b0a849be1b1b11
5,MAX-003,2,7,50,109,231,176,704673074,6,191525743514,407,30,14663,5072c8175d7709e78126a0e7d788fba71d656e65ea7e1f83e253cdea7ba7db53
5,MAX-003,2,7,50,109,231,176,704673074,7,192654862274,407,35,14714,c719c6107bf904f6b15228c9b32831d5db0f0f7b4bcb253e7283094f3a93ea69
5,MAX-003,2,7,50,109,231,176,704673074,8,193783981034,407,31,14765,5132b18b34dec50a7da5fd53067264899ea72952c3be7d20d8144bbb5bad17d5
5,MAX-003,2,7,50,109,231,176,704673074,9,194913099794,407,31,14816,df01896472f8b8e6a340b7b8d0db0687f06c51bd0fa52c80ca7dfbae6c61a614
5,MAX-003,2,7,50,109,231,176,704673074,10,196042218554,407,40,14867,6254d7458bdd39fc4bc713d449b1f71137399ff78277e26f47cb7482ba773043
5,MAX-003,2,7,50,109,231,176,704673074,11,197171337314,407,37,14918,696ffdb5bcef9ae3196862db0ffbb471e84cbc5accf80dc7fada6be25c7c92b2
5,MAX-003,2,7,50,109,231,176,704673074,12,198300456074,407,24,14969,706e3ca9e7231d386a1ab9deae085e045fd66a8c0b5c5bc85a129b4a3d09c0b3
5,MAX-003,2,7,50,109,231,176,704673074,13,199429574834,407,35,15020,d8f2b45fe15c8432087af36ded36cd0a2088c22364e25a02a331f4bf8c549c2f
5,MAX-003,2,7,50,109,231,176,704673074,14,200558693594,407,26,15071,e5da4979624453b7b8518a4ae76354a10faf11e5c6a5b97a325183d51761a994
5,MAX-003,2,7,50,109,231,176,704673074,15,201687812354,407,26,15122,d1319184e41e59bb8d72208eb2df32e455cd3132a57e081279d455348e375e8b
5,MAX-003,2,7,50,109,231,176,704673074,16,202816931114,407,43,15173,408058b5a32a50daf4803ac3d24c3f879403527183b011ba9a2d53006bb3e05d
5,MAX-003,2,7,50,109,231,176,704673074,17,203946049874,407,30,15224,134c0e7b8afa2747243377d9b02bdb71d78090f8afef5cab7660c75f9ca1c668
5,MAX-003,2,7,50,109,231,176,704673074,18,205075168634,407,34,15275,e54582416dd12a3fb05afb162e91daa60cd2302fe541646ebc0f52d8e7b9fd45
5,MAX-003,2,7,50,109,231,176,704673074,19,206204287394,407,39,15326,a2400008cadba4903d68e9dd0d17ac794a39a3c939442c3664dea279a54b8b6c
5,MAX-003,2,7,50,109,231,176,704673074,20,207333406154,407,33,15377,5027e951b660cd1278a85db6d19b13f6e8ae461da75babe902cb49a49ce2dccf
5,MAX-003,2,7,50,109,231,176,704673074,21,208462524914,407,33,15428,f1a485fc4a76ee6d0f772636ce4e80a41bb36275a2f2b56e3e214b0ccfbcd7dd
5,MAX-003,2,7,50,109,231,176,704673074,22,209591643674,407,35,15479,f606dd548be69d5224b0a7e955b70b97d813f1f5d3935f3ed8034e5d245297b7
5,MAX-003,2,7,50,109,231,176,704673074,23,210720762434,407,28,15530,b2997c7ba5b87f8a9ab42375cbbb4fb4e89ed870b68b251422df0f2e82dff722
5,MAX-003,2,7,50,109,231,176,704673074,24,211849881194,407,26,15581,530ef601bbe5037af6464332a8cdf8097c01ec3062549a0d90a2c61e6591e387
5,MAX-003,2,7,50,109,231,176,704673074,25,212978999954,407,40,15632,9eb52437fb8679b21ab81e01b31cc8ed25e8973c22b6ed6a2e47cd9c797c9a42
5,MAX-003,2,7,50,109,231,176,704673074,26,214108118714,407,43,15683,d3372bfcd74a678c542ebf20a23ec365213443be11818eaa369828ad7053532a
5,MAX-003,2,7,50,109,231,176,704673074,27,215237237474,407,34,15734,5e545e9652629f126b558c4c5cf6c6a98710265f46cc681ede9463a70933fdd4
5,MAX-003,2,7,50,109,231,176,704673074,28,216366356234,407,43,15785,5d9e1acaad6bc297d20ebcddcf5b726fbece3a1742daae9e694b3736b95bdd56
5,MAX-003,2,7,50,109,231,176,704673074,29,217495474994,407,27,15836,695c379a47726f7cecb86239059e1fc53773e519d50a7a3dfa97b9481be4cb00
5,MAX-003,2,7,50,109,231,176,704673074,30,218624593754,407,33,15887,cb0f1047fd2b5d9972c716e087b634c705e1a3983b1066a9098caef9fccc42c2
5,MAX-003,2,7,50,109,231,176,704673074,31,219753712514,407,30,15938,69afd72b1c366dc1583e21c7471a1b815fefc180e2a919a244add06dc5378c74
5,MAX-003,2,7,50,109,231,176,704673074,32,220882831274,407,34,15989,9fd810cc5ff40952358c83a690f1de6f941ee18b3b708f5ea5c2baa200424c40
5,MAX-003,2,7,50,109,231,176,704673074,33,222011950034,407,29,16040,d1d52dee321a3636937f3d8fdab6d5a2fc772e5bd6cb74c84ffefe08145c70a8
5,MAX-003,2,7,50,109,231,176,704673074,34,223141068794,407,28,16091,dad9be003be5eb5a2c5556c9abb20d8d267e4ea93fdd8eaee8f311d5ab8f5958
5,MAX-003,2,7,50,109,231,176,704673074,35,224270187554,407,35,16142,424023a4690ebdfddd0cdf85f77fb3e23d208151c96c9ceb2db723eff9b3f5ed
5,MAX-003,2,7,50,109,231,176,704673074,36,225399306314,407,34,16193,23a909c380b0d85c8a584c5c143c085edab0323c9b98ae894bfb33983d9fc70d
5,MAX-003,2,7,50,109,231,176,704673074,37,226528425074,407,33,16244,c933cc73337415b09f7cef7c13e9cc745a2bc07f3d83682a0d5d3e00d966cb22
5,MAX-003,2,7,50,109,231,176,704673074,38,227657543834,407,30,16295,0c736d83661e7d1e0be679b4d98b88a380a41285670a3a7b02d990dc38046ed0
5,MAX-003,2,7,50,109,231,176,704673074,39,228786662594,407,31,16346,122a13c2b992c726194d5b2dffe7697425e0a3f308cb29f46c8f73600a6d25ee
5,MAX-003,2,7,50,109,231,176,704673074,40,229915781354,407,30,16397,9fa73e5efccad6bd26132ebfd193bfcfbfcaf5e5253d317fa26238bf9c636c8c
5,MAX-003,2,7,50,109,231,176,704673074,41,231044900114,407,33,16448,e5e3af1a1fd24868b1c53f0a8158948b7d638886249ccfe2ded1e12d06b85b90
5,MAX-003,2,7,50,109,231,176,704673074,42,232174018874,407,26,16499,70e27179174ce2e8bf4e2e013395a108f987f6c994ce4fc1273c0fc7c8d754b1
5,MAX-003,2,7,50,109,231,176,704673074,43,233303137634,407,32,16550,1e09d9a876661dbf5c5b462e36b29a116e97f23f1ff75654462c6f26798a49eb
5,MAX-003,2,7,50,109,231,176,704673074,44,234432256394,407,35,16601,dc4f51c4e7756e3adca262f9ceaf810a74a5875cba72ed2961933986fdd793d2
5,MAX-003,2,7,50,109,231,176,704673074,45,235561375154,407,25,16652,8740defdff0ae4d8f5a6b988d467644c229ff541872aac3283b306033e6b832b
5,MAX-003,2,7,50,109,231,176,704673074,46,236690493914,407,35,16703,109d39b069a00d6f8398b6c19740d6cc0dc4f4df6bc0d79bc9a412a19f3c8235
5,MAX-003,2,7,50,109,231,176,704673074,47,237819612674,407,34,16754,1bec509ad330cb25b002b3b6dfe1794ddfdcd782d5c3411ce7181892fc1788a4
5,MAX-003,2,7,50,109,231,176,704673074,48,238948731434,407,34,16805,148a9a81d70ff1144d342a0910c5d8cae473d91aa0025f943c2ad957e39f4632
5,MAX-003,2,7,50,109,231,176,704673074,49,240077850194,407,38,16856,ee811433382e643d5c900e03a0dca6a04a1f115c7296cbc5beadf4488bd27e51
5,MAX-003,2,7,50,109,231,176,704673074,50,241206968954,407,29,16907,3a9fd0459aec781e5cb32809a0dd5d5f8ec223d430d55d75dd05f08f169d36c4
5,MAX-003,2,7,50,109,231,176,704673074,51,242336087714,407,31,16958,c302b333a398d58729bf4e1ec45ebf03ddbde0c2ac1b522dc65cb0c014d845c6
5,MAX-003,2,7,50,109,231,176,704673074,52,243465206474,407,38,17009,d76a1cdc1274b3f3057ddf946c4d4cc83f9895fdae8b9467e8cf985c60ab99bd
5,MAX-003,2,7,50,109,231,176,704673074,53,244594325234,407,33,17060,edcf0ef4b01f731c229422ff904e37fdd2388de5970d24da03ecc2ed243f0521
5,MAX-003,2,7,50,109,231,176,704673074,54,245723443994,407,29,17111,4674ed9f5aca32d9f6d3bfe7b1a58531a0025316487bd2b4608b4750cce299d2
6,MAX-004,2,7,50,178,231,176,115567634,0,184161925514,407,30,17162,234ed0b14caaf5bebc8017899a95cb7ab479cf5500adc1bba7f7136e4b33bfbd
6,MAX-004,2,7,50,178,231,176,115567634,1,185291044274,407,36,17213,4a6fe3455e38341de86123fd183acc05de35ec2e2f0fa5b36b48e64759fc29de
6,MAX-004,2,7,50,178,231,176,115567634,2,186420163034,407,32,17264,ebd2cd23b704377645d18de1c0113a8a61223aadbc4166cbb752183f277a78e7
6,MAX-004,2,7,50,178,231,176,115567634,3,187549281794,407,27,17315,65fa37fc526ff0139640baaf03a702e48fdd097dc7c0935d22abddccc159da9d
6,MAX-004,2,7,50,178,231,176,115567634,4,188678400554,407,43,17366,56ec7e111738b41043504b41265b38d05b7d92c9529a33c2d0002af577f38f4b
6,MAX-004,2,7,50,178,231,176,115567634,5,189807519314,407,41,17417,e3e38aba705f349de64505a1163069731baf6a712882fea64f8b477db4b92679
6,MAX-004,2,7,50,178,231,176,115567634,6,190936638074,407,27,17468,f230e8a8dcd8ef3e2bf13437653aaef2ca9af495b7e343ed2bc41714161bfbd4
6,MAX-004,2,7,50,178,231,176,115567634,7,192065756834,407,36,17519,42f7ef9645ab955cfa5be31c8734f0220660fea76d363414b86c911bccdc7ce5
6,MAX-004,2,7,50,178,231,176,115567634,8,193194875594,407,32,17570,1204cf6bfda91ee86db0f24ef429f92b6c69cd579c3038f344dea7830e3947f2
6,MAX-004,2,7,50,178,231,176,115567634,9,194323994354,407,28,17621,f0e7cc7f0f8772de7f3c56eb3cf513931fea4e9f67af65632c70368b422049ec
6,MAX-004,2,7,50,178,231,176,115567634,10,195453113114,407,37,17672,891cb7b0480d099ba54ad0722932ea809f47ad61e54fb0ba643f7a4d3ffc340b
6,MAX-004,2,7,50,178,231,176,115567634,11,196582231874,407,33,17723,6849a9c2f7924e02c51875763af85f4ab31ad418c4b9f31f6e8650679f9e9ba1
6,MAX-004,2,7,50,178,231,176,115567634,12,197711350634,407,34,17774,977bf8f74fecaf6da42088f1aa509e215fb70f65c70bba5c847cc677336bf03a
6,MAX-004,2,7,50,178,231,176,115567634,13,198840469394,407,31,17825,82732f24d60bba750e6bc84133afb364548835d3eaa7dfca1d4f71eb31ecfb5a
6,MAX-004,2,7,50,178,231,176,115567634,14,199969588154,407,31,17876,544156f89761ebd77a367b3741e4ce567ce18b38af6cdc32d06d0dd610503ac6
6,MAX-004,2,7,50,178,231,176,115567634,15,201098706914,407,37,17927,e24432a2e7cb72140aafbb69d28ee4a87651206a5dc92631cfb678839d538243
6,MAX-004,2,7,50,178,231,176,115567634,16,202227825674,407,37,17978,e2e1bea3cdbaca92b4ff14fd221045a0becf6a4f1d94b549f5dcd7039f7ecdbf
6,MAX-004,2,7,50,178,231,176,115567634,17,203356944434,407,26,18029,3414ae1e04c2ac1027dca78174330b6cea6abeac9333aae0d9c473db14cfca2d
6,MAX-004,2,7,50,178,231,176,115567634,18,204486063194,407,32,18080,c9e4fccad30ab6e0f61efc8f173f329d0d05eea62e6ba763b3f2c27ed12b332c
6,MAX-004,2,7,50,178,231,176,115567634,19,205615181954,407,41,18131,c86100e005d713c197929331243b679d95a1fe8cc6637ddaee71cdf9c99051bb
6,MAX-004,2,7,50,178,231,176,115567634,20,206744300714,407,31,18182,1e073fe492c8736410df2ba54ca1d0bc102adc0303ce16b7d382c0ac9459be52
6,MAX-004,2,7,50,178,231,176,115567634,21,207873419474,407,34,18233,5a2068d9d19d6d1699fe3799166ade04114ba406d77ee3a1f72fe7eb2f8de741
6,MAX-004,2,7,50,178,231,176,115567634,22,209002538234,407,42,18284,6e5017ded9dd0b9b69af6ab393d709de5e001243da16d3ca6701b60e35c96490
6,MAX-004,2,7,50,178,231,176,115567634,23,210131656994,407,40,18335,ad83912b87891a3afd16f02eb1c0b7299ba1753e43659690347e1bc9a8931473
6,MAX-004,2,7,50,178,231,176,115567634,24,211260775754,407,38,18386,7a6ce1982c6121458f6407c0cff3595c1df35abc11ab5b0129fff2008a9cb3a0
6,MAX-004,2,7,50,178,231,176,115567634,25,212389894514,407,36,18437,88a1d03cddb1d91aefc866d71e0803751ad18568b7b221a4a4a2bdca567a7f43
6,MAX-004,2,7,50,178,231,176,115567634,26,213519013274,407,29,18488,bb08493cf5bb45d254280a0ef4ae50c41bc9d4cfadbae170167c80709d734b30
6,MAX-004,2,7,50,178,231,176,115567634,27,214648132034,407,31,18539,c733fe9a63325e86a559665614ed6d49c3719529c300c970f15bdf525b647071
6,MAX-004,2,7,50,178,231,176,115567634,28,215777250794,407,33,18590,3fb9c4869154cbbbec125415e13f347834a95795ef6945107463dc8ead46f883
6,MAX-004,2,7,50,178,231,176,115567634,29,216906369554,407,33,18641,3103f6044fae6305ecd05c3ab03f285cfede4d318fcce0f569492352c3cff27d
6,MAX-004,2,7,50,178,231,176,115567634,30,218035488314,407,28,18692,c6fa13f8405f7e92a5b30c916559dbe3f8489db4f27e6a4898749f73bc9ee5ff
6,MAX-004,2,7,50,178,231,176,115567634,31,219164607074,407,42,18743,6ccbac559750b8f092b15d2013b2226718c267341faf2f9b1df1cb177c851265
6,MAX-004,2,7,50,178,231,176,115567634,32,220293725834,407,35,18794,d801996923184f9ec899bac0f84478e2ef920417199627d3f55a0b8f6b1e5c5c
6,MAX-004,2,7,50,178,231,176,115567634,33,221422844594,407,34,18845,be894cd459d959d3c5873165b30c3e1f3a03d58c7cffa375f885356be26e4146
6,MAX-004,2,7,50,178,231,176,115567634,34,222551963354,407,30,18896,232515e197f63bfab3575dba62130ac9cff8934d20ae7ad80221127db8d6cb74
6,MAX-004,2,7,50,178,231,176,115567634,35,223681082114,407,27,18947,cfbd0dc4ed9a8adb4c19c812dff6fc9d860fa3b28d01d776cc7c5fe8ae7e81c3
6,MAX-004,2,7,50,178,231,176,115567634,36,224810200874,407,34,18998,973347debcd42256cb77a91ed79d60fc7a188e41d2d79f28f46407322e22ba3c
6,MAX-004,2,7,50,178,231,176,115567634,37,225939319634,407,33,19049,da89cff2b36a7c89610dc92c84116b34d62ea57de16996e08e6285219e0aadb6
6,MAX-004,2,7,50,178,231,176,115567634,38,227068438394,407,29,19100,99427d487f0add06a0cc3409b33dba3084f8c02fa820f5d43a44078d59937d8a
6,MAX-004,2,7,50,178,231,176,115567634,39,228197557154,407,33,19151,b48566ef4693eed4d61713d86f196be6ae638ab162e30006b8f6736accc3afa6
6,MAX-004,2,7,50,178,231,176,115567634,40,229326675914,407,34,19202,9c23026cd91f68c59838587a2bef839664920df8f22c3c5558a95dd0bb7235cf
6,MAX-004,2,7,50,178,231,176,115567634,41,230455794674,407,33,19253,b609748c1104f9b8cef698a00bf56d78a8f2d9ac768831cf4211f74d5c811685
6,MAX-004,2,7,50,178,231,176,115567634,42,231584913434,407,32,19304,bfe579407624f386d14551e4088d290578638107377bbfc451b1ba076c9fca97
6,MAX-004,2,7,50,178,231,176,115567634,43,232714032194,407,33,19355,0a0e8cd69b86c2d591077f7f2cb8f931b1bb17261b7fb99eb13de79630e3aed9
6,MAX-004,2,7,50,178,231,176,115567634,44,233843150954,407,29,19406,673aa04c28ddc6e644929ac813846fdafeeed32d0791ecb3a8d501e305e7d364
6,MAX-004,2,7,50,178,231,176,115567634,45,234972269714,407,30,19457,6acbcc69767c76f98522bdf1e91326ba0173d6f27d6797b632a52b9c59e218ef
6,MAX-004,2,7,50,178,231,176,115567634,46,236101388474,407,39,19508,31faeca1f6d121099bf58b07e04e4a9ca7894b6e5766f3baa0eb721254f7c0db
6,MAX-004,2,7,50,178,231,176,115567634,47,237230507234,407,28,19559,867079ee0b4132f183c4c064d92f57b6ed5cb6589836153dafe767aa00974368
6,MAX-004,2,7,50,178,231,176,115567634,48,238359625994,407,31,19610,d90d6096c656a4069d211ae82d0ae74eb3fddb8371fa011d59df1647e19a04c3
6,MAX-004,2,7,50,178,231,176,115567634,49,239488744754,407,38,19661,6f1dbf53c0cbaef0845c1a061de74ccbb2e41c8adfd713b140223d1414e72d92
6,MAX-004,2,7,50,178,231,176,115567634,50,240617863514,407,36,19712,f3413dd0e2b388fc4c65cbf1742103ce45419baa7011bb415c95edcd712394a9
6,MAX-004,2,7,50,178,231,176,115567634,51,241746982274,407,33,19763,30f64db425fe4a8a797446e39a2753c0b3f8161da1b4095457f6cf40d480f9cf
6,MAX-004,2,7,50,178,231,176,115567634,52,242876101034,407,34,19814,9a0b99fece2f1185a1bdfa475f21028d5a8c240df09130e79757dffc386ef045
6,MAX-004,2,7,50,178,231,176,115567634,53,244005219794,407,31,19865,f1be89f61d5895fc222b7663c374e7cb1608662d2b8a697efb84fd9ad5210755
6,MAX-004,2,7,50,178,231,176,115567634,54,245134338554,407,23,19916,8f8e2437b1c44f66da3d697711ae75d2727342f9655e42c30e0759ef597d3796
6,MAX-004,2,7,50,178,231,176,115567634,55,246263457314,407,36,19967,664843cfb0565dd37be1015c7fb59d592c02f7cc4941a81828a7b5d82f3a9189
7,MAX-005,2,7,50,224,231,176,851949434,0,184898307314,407,29,20018,e163a377da5e38cb773f512bee834f2536e7e1c187900721c66c9eb5931f6f45
7,MAX-005,2,7,50,224,231,176,851949434,1,186027426074,407,33,20069,affdcabbf404ad6dd331107b1964e650a64b9c114a49771e40cbd96e47716a1f
7,MAX-005,2,7,50,224,231,176,851949434,2,187156544834,407,32,20120,3ca2e9893a44f263ab5f8efbe19ab6a39c293e34de098402e997261a0fe41dc5
7,MAX-005,2,7,50,224,231,176,851949434,3,188285663594,407,27,20171,b53d3104124968976a1835aa9a0af258e97fa35ff3df295697824a8852b98cac
7,MAX-005,2,7,50,224,231,176,851949434,4,189414782354,407,39,20222,3182b1d9cd2efbec034dbd42419a754851748a3c92161231bf796509e4280dff
7,MAX-005,2,7,50,224,231,176,851949434,5,190543901114,407,31,20273,201cd2430cf136febbd4f637a595131d1276b381ed1964cfa31fb144ca5deafb
7,MAX-005,2,7,50,224,231,176,851949434,6,191673019874,407,33,20324,4a082c1f2dcbf11602ea9ba21574f90bf3309f2e0f23216619ede99df4c70044
7,MAX-005,2,7,50,224,231,176,851949434,7,192802138634,407,40,20375,8d382d2ac53a25a4dbfae2bc1d1efa1bf03a74ab7118accae9fa56e2fbf76743
7,MAX-005,2,7,50,224,231,176,851949434,8,193931257394,407,25,20426,0cdbc1b2b29627379545c1ae8bf2f0283c391d91abcdc7ea27bb1d7138009794
7,MAX-005,2,7,50,224,231,176,851949434,9,195060376154,407,33,20477,7e982120272aa647bb6393e25caf7571dcdaf076e680b13d621b334503c524b5
7,MAX-005,2,7,50,224,231,176,851949434,10,196189494914,407,38,20528,ba92fba40382970bfbc598e9155a7edabed9ba0895ae4315ed49444692707866
7,MAX-005,2,7,50,224,231,176,851949434,11,197318613674,407,23,20579,8d25a57afc34091b70202ff999527e67eab893662fa6fa1d47691e587dcda05d
7,MAX-005,2,7,50,224,231,176,851949434,12,198447732434,407,38,20630,0a6affb4342e83e691d4a97c8083312aee81422b2383560ae1455528a4e84cc9
7,MAX-005,2,7,50,224,231,176,851949434,13,199576851194,407,36,20681,680d8e88f0e2876488ffe709a235fceda26ca830c3e8e788b23619a87a6db72e
7,MAX-005,2,7,50,224,231,176,851949434,14,200705969954,407,33,20732,8437895d9ac3f438523d7d3bb9309108d725a397748e8569f1c60653ec95f97e
7,MAX-005,2,7,50,224,231,176,851949434,15,201835088714,407,27,20783,36516e03e8bf5efc0c9df4b5aafaa1eaaf57d091648081e35d62dc55873f0c90
7,MAX-005,2,7,50,224,231,176,851949434,16,202964207474,407,38,20834,54824c64b69aee0926fb3f123eca87588c732cca172840fe4b5d02bad807e90e
7,MAX-005,2,7,50,224,231,176,851949434,17,204093326234,407,32,20885,d7bf922f8f57da90da242b9ad0ebffb2ab460f1d396c5f94f752286f3355da75
7,MAX-005,2,7,50,224,231,176,851949434,18,205222444994,407,30,20936,07d86b25a403348fbe882d6aa0a6551f28db71f2821cba813a3d42831ab5dc63
7,MAX-005,2,7,50,224,231,176,851949434,19,206351563754,407,33,20987,bd2bbcb265ee5acd6d7a2787a4c8b8ad30350694aa6b4bb507f3d083b8a6a2dc
7,MAX-005,2,7,50,224,231,176,851949434,20,207480682514,407,33,21038,56690b8de51adf4cdc36d95e190558257c404e18d78749ac160833e2e2cf77fa
7,MAX-005,2,7,50,224,231,176,851949434,21,208609801274,407,33,21089,ced66a66eec4e18c124c6920e4cc3ed6dfa2566bd04f767ee506392504da44ff
7,MAX-005,2,7,50,224,231,176,851949434,22,209738920034,407,38,21140,d5d637c11e068eabd79a589bb8a07eec9d24029f548f84fee60ade8643542380
7,MAX-005,2,7,50,224,231,176,851949434,23,210868038794,407,38,21191,482f1164a9b1d3cbd016ccc0cc03276d16d40d2265be2ca8119e654ef6dbd327
7,MAX-005,2,7,50,224,231,176,851949434,24,211997157554,407,26,21242,831e5883e919cacdd1e4dc0d26daa5d229a7786e0ce758199cbd6e0956105acb
7,MAX-005,2,7,50,224,231,176,851949434,25,213126276314,407,36,21293,2c88985d41cd26d4ac06d9662c5e6fa61fc24cb3516b136f2ea5fabe16296d98
7,MAX-005,2,7,50,224,231,176,851949434,26,214255395074,407,30,21344,f62c98d4fb2580d191be832f6f85a11f2532d75b152c63b333c7406657891b94
7,MAX-005,2,7,50,224,231,176,851949434,27,215384513834,407,21,21395,7bf1aed9311053789c732856e53c8f516868e9a52a9d0dac9e5b4140193efb67
7,MAX-005,2,7,50,224,231,176,851949434,28,216513632594,407,40,21446,41d7c7364600d488a60512e78ce8bbf2ab89e7be873799809ba4d73cdf8174b3
7,MAX-005,2,7,50,224,231,176,851949434,29,217642751354,407,39,21497,5a8bad479b332e7ac1f6ef4c788a4d5f1bf28a2c324ee2673e4990a504746287
7,MAX-005,2,7,50,224,231,176,851949434,30,218771870114,407,27,21548,d99b396f9a015ea1ca407b948e9df23d43d36b3a00618f277fa68cac2d4485a0
7,MAX-005,2,7,50,224,231,176,851949434,31,219900988874,407,35,21599,53e62d6e5fab1ce3a18ee8e34ed31fc8132e7ce2f04eaa4a767d5628ec46108a
7,MAX-005,2,7,50,224,231,176,851949434,32,221030107634,407,23,21650,032281198f263694cc376f445bae13dfb8210a3ff630cd3e8248cb63fe1e350e
7,MAX-005,2,7,50,224,231,176,851949434,33,222159226394,407,36,21701,8e72bf9f0dc5a731b46156baf35edc4550d487c081e31fcb1e83f13ed40cbfd7
7,MAX-005,2,7,50,224,231,176,851949434,34,223288345154,407,32,21752,4d7e2c511570a3f3f5e89a00977d7c03e7f2d791b1e85644d1acf0a0515c830a
7,MAX-005,2,7,50,224,231,176,851949434,35,224417463914,407,30,21803,b189253132ab631d491ecc48adf798d91a75d371f993fb1076009bed7e009577
7,MAX-005,2,7,50,224,231,176,851949434,36,225546582674,407,27,21854,186b2f2ae3bffde557a03bd3f2778f80ad2c1ad53bfc389626a9945f0e937eac
7,MAX-005,2,7,50,224,231,176,851949434,37,226675701434,407,33,21905,564c0dae109eb6694ddae78b5d7b1bf6322416bb29477750d0ec2a22383fff08
7,MAX-005,2,7,50,224,231,176,851949434,38,227804820194,407,36,21956,0b0206b5016e47854e241e844ca0df2b078e18738f0f291c045fbf391d4b1f75
7,MAX-005,2,7,50,224,231,176,851949434,39,228933938954,407,32,22007,7cc444a70c09f449a36fc0fe5255084ba724a002a3a063312f2c83d1e1b6301f
7,MAX-005,2,7,50,224,231,176,851949434,40,230063057714,407,39,22058,c83ef0c9b10bbc4f5b0359b3fabf47eeba522f0b84126f1be35c144ee3117ca6
7,MAX-005,2,7,50,224,231,176,851949434,41,231192176474,407,33,22109,276b82afbaecb363ac90e02eac3e8c5b1a2038d918daeee0e7ee09d5f7ef56f6
7,MAX-005,2,7,50,224,231,176,851949434,42,232321295234,407,27,22160,78f652c40168ffcdebf837e770b2c754ca8d411baec17494f3900c4c29db44ed
7,MAX-005,2,7,50,224,231,176,851949434,43,233450413994,407,39,22211,380a738b720e6cef8944fb0cd24f64791f028e9ac97ffcb739ed9df0a8118be6
7,MAX-005,2,7,50,224,231,176,851949434,44,234579532754,407,27,22262,984536a6222aad9fc11674f5cd04d50e7bf46307b224d2625d7ff2231f8b47c3
7,MAX-005,2,7,50,224,231,176,851949434,45,235708651514,407,33,22313,c727dc426ba66cb14bc2160f127657870198e4565c16e28035da9ace37c3c359
7,MAX-005,2,7,50,224,231,176,851949434,46,236837770274,407,37,22364,3b3ca12a36631e16e2484f63cfeb84c5b8d8eea11fa7584bda9ce0b9fd4a57dd
7,MAX-005,2,7,50,224,231,176,851949434,47,237966889034,407,42,22415,e0bb3c672eb187bd0046632a583738f7bc5d942317ae6d497e7289e8d830b232
7,MAX-005,2,7,50,224,231,176,851949434,48,239096007794,407,38,22466,c0cc674c994ea5de55cf0af11cf0a7c4940b8c9a0631131eedc6e8dcbf4f8445
7,MAX-005,2,7,50,224,231,176,851949434,49,240225126554,407,32,22517,4a5098775951639db0b7377ee3a200bca706229d2166aca4a460cacd733417bf
7,MAX-005,2,7,50,224,231,176,851949434,50,241354245314,407,27,22568,e07ab8160cf9d4ccebcbeb458dec528e499d01ee270bb314cc2f401c994e98e7
7,MAX-005,2,7,50,224,231,176,851949434,51,242483364074,407,33,22619,f161dbbb836d04483215520e495b229d9d283be0143985e23fb75d29c58fb399
7,MAX-005,2,7,50,224,231,176,851949434,52,243612482834,407,36,22670,c4bfb4b950fd18d03b1729522398485442362ba0249f049684c0187b212cd0d0
7,MAX-005,2,7,50,224,231,176,851949434,53,244741601594,407,31,22721,558aac9cb2a4cf5b3be3eedecba8e2fa06bb49b977e3b4f41c35a724411b36c4
7,MAX-005,2,7,50,224,231,176,851949434,54,245870720354,407,25,22772,62b48d25088ed4c40581b1d07524720deaf74a44dc49163f16796a0e2ef31090
8,MAX-006,2,7,50,247,231,176,655580954,0,184701938834,407,39,22823,e45509e40da48d0b2f8ff7c676e8a5744255ca4d3ac3262aa8fc231de7747500
8,MAX-006,2,7,50,247,231,176,655580954,1,185831057594,407,38,22874,5c1bea3450750702aa27cec369f8bd9bbac01d9e00f85d7c334adf6763f2e768
8,MAX-006,2,7,50,247,231,176,655580954,2,186960176354,407,25,22925,d393a65f6dc501669e21f853bbb511853cc6990ac0a61c4f685fc5ca7042168c
8,MAX-006,2,7,50,247,231,176,655580954,3,188089295114,407,32,22976,640b1508293d730e4a918b5c90666acbfde35b5899f3c3337402f54dfa7a7409
8,MAX-006,2,7,50,247,231,176,655580954,4,189218413874,407,30,23027,80ffa7fb95d30618102abce11521e58f4da282be8551d089fa9319614ada5c05
8,MAX-006,2,7,50,247,231,176,655580954,5,190347532634,407,27,23078,a877b51b4f33957a18a8bd2d85768b04ac9b8bb779a96f784323187a11b2a366
8,MAX-006,2,7,50,247,231,176,655580954,6,191476651394,407,41,23129,97e5a6218f74dfbf2ea36db91fe89bffd7072b9b5d8d84a0d1fe02ac38372a54
8,MAX-006,2,7,50,247,231,176,655580954,7,192605770154,407,33,23180,f8abfdb11bd75f42b2865bce601ed494c7597f7c6944e004b9a6be7cf96264ee
8,MAX-006,2,7,50,247,231,176,655580954,8,193734888914,407,32,23231,7a5fb7002cf6b3afcf7e14334a175c6390c6663d29d764acc78d7138a715a3f1
8,MAX-006,2,7,50,247,231,176,655580954,9,194864007674,407,37,23282,5c582f76656bef9d02cfdfc1f7ef32feb113e3387ee90d841671ee8f94b3d685
8,MAX-006,2,7,50,247,231,176,655580954,10,195993126434,407,33,23333,bf4beab57bc72e7ecdf39240119c6b3af04940d96ac920a6daf27f8f19c6f3f7
8,MAX-006,2,7,50,247,231,176,655580954,11,197122245194,407,40,23384,61cb66592d8638b1f8806cb0dc639ed088076fe4758cc5733f5366b4af70581e
8,MAX-006,2,7,50,247,231,176,655580954,12,198251363954,407,34,23435,d5af1c17205e1565429513004888ac2e9b08e63fb27a75d9429dc4feb8964bbc
8,MAX-006,2,7,50,247,231,176,655580954,13,199380482714,407,32,23486,0d3c8150d3d74e0d77beab4ce6842d2f0c303d3c0f0fa26b1400080d0bbbd893
8,MAX-006,2,7,50,247,231,176,655580954,14,200509601474,407,31,23537,992f72ea946aa912103e304158fda94541e6875eb9a664455e48861025b5b20a
8,MAX-006,2,7,50,247,231,176,655580954,15,201638720234,407,38,23588,b10a98b070379537648081ef75a39c59dd58b4fa72c8adfe7115936653b35807
8,MAX-006,2,7,50,247,231,176,655580954,16,202767838994,407,27,23639,c00789acb46e8f5d60eb3b2b59d2e2dd77de337d5536f794bc3e905d52c9ca63
8,MAX-006,2,7,50,247,231,176,655580954,17,203896957754,407,28,23690,edefaf54ac5392200657f1c32587a3f4dd4fd4d27e1df6a748e910af435d435a
8,MAX-006,2,7,50,247,231,176,655580954,18,205026076514,407,33,23741,c5e1c02eb79398de096881ef84b44058dc71348449c7598b592d7fffda55395d
8,MAX-006,2,7,50,247,231,176,655580954,19,206155195274,407,37,23792,1f1ffe51bfae661bfd7b8a9bc833796c810620a3be7e166869c78df2a3e2eb99
8,MAX-006,2,7,50,247,231,176,655580954,20,207284314034,407,35,23843,3f905cd336aad66c0cc285c4a83ed2e705145a1eea43b27f2af8cf1dda417972
8,MAX-006,2,7,50,247,231,176,655580954,21,208413432794,407,40,23894,066de5afe201722f101a9ac506e5524ed292fda12b67d051aedff22662a30ba2
8,MAX-006,2,7,50,247,231,176,655580954,22,209542551554,407,32,23945,c7496ca1ce84e66e85dc6cf80a8ca49538a3dbdfafbd8d9ed99879ca43cdcb12
8,MAX-006,2,7,50,247,231,176,655580954,23,210671670314,407,36,23996,60b893215f79df732bef34f239da58e5ae0498d7717fa43af48aed3ee4f620d1
8,MAX-006,2,7,50,247,231,176,655580954,24,211800789074,407,43,24047,2464e5edc21850496eae83e35c21535901d2515f606d15bbd6b7f754d0b84ecf
8,MAX-006,2,7,50,247,231,176,655580954,25,212929907834,407,29,24098,4fb5b3cbc08d02e4c4cb7d9a135600ad3e3f0126fcfd53e88d5889b42482d9d0
8,MAX-006,2,7,50,247,231,176,655580954,26,214059026594,407,28,24149,1a0eec23955a33d987754acbefa0263a44985314b038a6674eb0ee4253f76962
8,MAX-006,2,7,50,247,231,176,655580954,27,215188145354,407,32,24200,009952e7e87d0182c445041a2ff5197ed877020c8212722e9f6f06c363924b39
8,MAX-006,2,7,50,247,231,176,655580954,28,216317264114,407,32,24251,d42ca19f2399d5a57232bb42260526668f7e718b3e97d147eb3c25f000404f1f
8,MAX-006,2,7,50,247,231,176,655580954,29,217446382874,407,38,24302,bb4f1959aa53078e5d72b5736235dd744cddcc3512721d2e1493c79731104aa9
8,MAX-006,2,7,50,247,231,176,655580954,30,218575501634,407,33,24353,d0cae5076c78631c99a18c3ac86839af3290763a729dbe48c51a257c5f3e8653
8,MAX-006,2,7,50,247,231,176,655580954,31,219704620394,407,29,24404,ca0751de6e4dd570f41d89fef3f0c9a3bd9cc4f46cd267cc4dbcf1970b0c38d9
8,MAX-006,2,7,50,247,231,176,655580954,32,220833739154,407,30,24455,153b5475c0da629eeb3106922d612d976168c97a1ed9bf0350a807c96d0cc435
8,MAX-006,2,7,50,247,231,176,655580954,33,221962857914,407,37,24506,4bae58cf9f2872f2c9664026e8696b610c0b22ed633a1e721eeecf0d857e1aac
8,MAX-006,2,7,50,247,231,176,655580954,34,223091976674,407,37,24557,b6cb4e424bb0b69ed833b6b814c404ba837c0b4905ca24edce83987cc8db32d7
8,MAX-006,2,7,50,247,231,176,655580954,35,224221095434,407,39,24608,6a53d7bf9108105ccd08560b5bc10c7d2db711bf6abe297aef5e2bd303e754ab
8,MAX-006,2,7,50,247,231,176,655580954,36,225350214194,407,35,24659,0ab861b7d426f16ee23f810914cc6e9948f1daf5aff170999311c042a5656763
8,MAX-006,2,7,50,247,231,176,655580954,37,226479332954,407,41,24710,d9b0f965f1baa7fe35679611f28d0b51c502c03b5130af6b2160f4da421c452c
8,MAX-006,2,7,50,247,231,176,655580954,38,227608451714,407,34,24761,a7d7bd692e409aa12cdab1f1bce02d8b345546530f27d66e511cda58bb0a2a77
8,MAX-006,2,7,50,247,231,176,655580954,39,228737570474,407,38,24812,f1e877e86db32f619e38f284cfbc6625d7add173b24b8544f6261920c2385277
8,MAX-006,2,7,50,247,231,176,655580954,40,229866689234,407,28,24863,199619d9edcc2f2211aef80502bfbbbada370e987187dbdbfe0b7ce941658403
8,MAX-006,2,7,50,247,231,176,655580954,41,230995807994,407,32,24914,972eccf148e0272ecc89094a68d3e7a9e25aa68555a14c1ea21a111c4ef976a9
8,MAX-006,2,7,50,247,231,176,655580954,42,232124926754,407,40,24965,5d713db90ea048ab074581e3ea61ab5f7ed60f259441f13d2331b941e1746f08
8,MAX-006,2,7,50,247,231,176,655580954,43,233254045514,407,35,25016,5a1a0f240b4631fec1a8edc25090ff445397409c964412d1055fbd869b2cacc4
8,MAX-006,2,7,50,247,231,176,655580954,44,234383164274,407,26,25067,4c465064d0d4139fe615e73429e407833a6c046c3e6387ae494eb0df6fc60b01
8,MAX-006,2,7,50,247,231,176,655580954,45,235512283034,407,41,25118,cca8575a5fa15305bbddc8f2fb4495f4229532118ca2b6f94eec3a58af671a36
8,MAX-006,2,7,50,247,231,176,655580954,46,236641401794,407,38,25169,85ae70d45cfd701826f47bfa46fed7bcc75bad3dd6bc5ab7681e67bd1101d60d
8,MAX-006,2,7,50,247,231,176,655580954,47,237770520554,407,32,25220,4c71bdd2c0194a44c9a754370400b14d7ed91d0b9ffae1206ec56c9d3f8866ac
8,MAX-006,2,7,50,247,231,176,655580954,48,238899639314,407,40,25271,92f7400e318fc7c3aab6a24a75b1f8d82c2cd557def96ed3bbd09c6d154f5547
8,MAX-006,2,7,50,247,231,176,655580954,49,240028758074,407,29,25322,1253f9fa9d31232016fd8d676e420ca169f27a71d1fe392f1bb45188ab8bc8c5
8,MAX-006,2,7,50,247,231,176,655580954,50,241157876834,407,39,25373,48cca69bc1eac9c93b84c7533dcc037dfe4dbc6f8f98adf06308ecd5bab75d7a
8,MAX-006,2,7,50,247,231,176,655580954,51,242286995594,407,35,25424,ebc258c951f8bc8900a0d0326c7f141265a68ad3e4a2661b93007de3a59dca8e
8,MAX-006,2,7,50,247,231,176,655580954,52,243416114354,407,34,25475,56113fb8b11c765eb6e2aa35edd8cd1e924ac26686e5a33cc30c47f5beaee647
8,MAX-006,2,7,50,247,231,176,655580954,53,244545233114,407,35,25526,c346321af6fa27f7e155eb748622c1a0e3652c4b84b8fb4fff4661dcb34e25ae
8,MAX-006,2,7,50,247,231,176,655580954,54,245674351874,407,40,25577,adc69473c6098428e1f9effce0b37bed35159c8726823779b82f1344d4588a04
9,MAX-007,2,7,50,270,231,176,459212474,0,184505570354,407,36,25628,373de9521c97b88b3ac5c67f3b63421adbe99c032833084c1d61f7ad4b2d28bb
9,MAX-007,2,7,50,270,231,176,459212474,1,185634689114,407,36,25679,386d534d2a4c53922bf30c50245892f862933ec31ce25eda0b2748fba990887d
9,MAX-007,2,7,50,270,231,176,459212474,2,186763807874,407,32,25730,aef6fefcc01ba24b2ed846ac0bc76b09ff63130ec185b94b6925b585e75d4bd9
9,MAX-007,2,7,50,270,231,176,459212474,3,187892926634,407,34,25781,f6314f2221e0efc9483ccdf844880eca88d087ce4ee5eee313c959d40c27fd6e
9,MAX-007,2,7,50,270,231,176,459212474,4,189022045394,407,29,25832,6697ea3e3e4e752f9b49a5b540e497fcf4355c62e18a240a52436a6d033704a6
9,MAX-007,2,7,50,270,231,176,459212474,5,190151164154,407,34,25883,b3cbb9b09d7d5f0dbb175ee560d1c541a6755f0e9c304e5e725a78aec0788725
9,MAX-007,2,7,50,270,231,176,459212474,6,191280282914,407,35,25934,6f48c2c0edcb448c600ebf0316e565b3af57639116881f2970c41719d7666d4b
9,MAX-007,2,7,50,270,231,176,459212474,7,192409401674,407,31,25985,7d59795b99e56d595698e317fbbc757fa76bc5a51bf78ad6fbf743fbc646aa01
9,MAX-007,2,7,50,270,231,176,459212474,8,193538520434,407,42,26036,4d6efd39b76b1f3dc3f4f0efe1fc85110a4078d3ccdbb20bb07319cac3deba34
9,MAX-007,2,7,50,270,231,176,459212474,9,194667639194,407,28,26087,f8e03896f85734e8621179a94353e3df8188122b96177f808762cfdcbd1f088d
9,MAX-007,2,7,50,270,231,176,459212474,10,195796757954,407,33,26138,d5871c59b34d88c4cb2e6955968528c8aeb05bf908d2e9fe49045069166650d0
9,MAX-007,2,7,50,270,231,176,459212474,11,196925876714,407,25,26189,fccd7d00b4674fbdbc2c4afc91043218fa3754772a8d61400341de9feaaee14c
9,MAX-007,2,7,50,270,231,176,459212474,12,198054995474,407,31,26240,2bc71cb15ae3015c6bfd6168da28bd7a2e2f5fae7ba40d783a7cc335679b4c2a
9,MAX-007,2,7,50,270,231,176,459212474,13,199184114234,407,30,26291,c59ab16a6577c1ea61c11a16fe1dfa1be2584ccfa70eb6fecd83974193b747ce
9,MAX-007,2,7,50,270,231,176,459212474,14,200313232994,407,40,26342,45240a576ed8369a4bb021478a0743fc0e66047b261b4e6883a43130f3bee7f8
9,MAX-007,2,7,50,270,231,176,459212474,15,201442351754,407,36,26393,8b4f5d40a6375047003d2bf17ab4781407110d246740e88456e621c65ea84229
9,MAX-007,2,7,50,270,231,176,459212474,16,202571470514,407,32,26444,61d9926dbe20146d0d92b174c28ca4a608292632d42a852f21e728862cf4947a
9,MAX-007,2,7,50,270,231,176,459212474,17,203700589274,407,33,26495,8d164276907d58939fc66c8ff19c5157031a3d3d7847cd069824f5bda03e438b
9,MAX-007,2,7,50,270,231,176,459212474,18,204829708034,407,35,26546,25c300266f6a8f37d847c789d3cdb3839cc88d7f19c5735143447012254b11f9
9,MAX-007,2,7,50,270,231,176,459212474,19,205958826794,407,38,26597,a0fb8ea2ee147f9d02bd2e653a2cacff97dd33b6b17e7c2b456ccf8adfa817b9
9,MAX-007,2,7,50,270,231,176,459212474,20,207087945554,407,41,26648,21d9bc11ffb59130f691e93497b43f549f51407365c2f2f58b57ad42912cf87a
9,MAX-007,2,7,50,270,231,176,459212474,21,208217064314,407,35,26699,4afab33985d73b29c121fa3c2d727b20de74b51f2237648c8249e1e3ed101f52
9,MAX-007,2,7,50,270,231,176,459212474,22,209346183074,407,35,26750,335e124299141998ee59bf7036e16d18710f0563d8b1cd47d57b704327fc77a2
9,MAX-007,2,7,50,270,231,176,459212474,23,210475301834,407,36,26801,0264db14b62ada1d2988c03fced5787ca563cbd7fe56a28501e0bc589b798954
9,MAX-007,2,7,50,270,231,176,459212474,24,211604420594,407,27,26852,d88da1a70918aa56bc0fdaabc67ceae185c599b6a8419bb187f4eb0188568d54
9,MAX-007,2,7,50,270,231,176,459212474,25,212733539354,407,28,26903,cf705c32ea770e07c1b9f0087c908055dc67cda06f6b91ac538d8235c93c0e0a
9,MAX-007,2,7,50,270,231,176,459212474,26,213862658114,407,35,26954,21718d044dde6fed7f26939bffd63fff959c4a94658b6b60395e1e12627c7954
9,MAX-007,2,7,50,270,231,176,459212474,27,214991776874,407,41,27005,eeb6711bc522720fe9f2206a606879021df93b320b205629759f552c90c57735
9,MAX-007,2,7,50,270,231,176,459212474,28,216120895634,407,30,27056,56961e074b6aaf6dd982f1c3492c0c164dbb9098bb5ba62e32355f43e33fa443
9,MAX-007,2,7,50,270,231,176,459212474,29,217250014394,407,38,27107,7d2dd2ea15acf05ae4c112f36032da51f5611aa9c3a64be8cfd7470421bfee21
9,MAX-007,2,7,50,270,231,176,459212474,30,218379133154,407,27,27158,36ffb7e3192210eae6ab44e43ab3d6fed56d83f7a783f3e3e872f25a4affd747
9,MAX-007,2,7,50,270,231,176,459212474,31,219508251914,407,31,27209,c578fae321b0199c481f7599745cc14aca5bdf360a77f6a54ef22bc6f6b26b2b
9,MAX-007,2,7,50,270,231,176,459212474,32,220637370674,407,37,27260,f625975982ba4f52c4cd27913246a13785eb7338ec94e9984912f05039002e6a
9,MAX-007,2,7,50,270,231,176,459212474,33,221766489434,407,24,27311,4b7056901878b72dc337b59c23557e70b4ec2fd5b81e730ffd21b3803ed6c925
9,MAX-007,2,7,50,270,231,176,459212474,34,222895608194,407,28,27362,2f9732181a407c8288099c188335fc667f7fef1d17ba828eaaa84d994e9ea732
9,MAX-007,2,7,50,270,231,176,459212474,35,224024726954,407,32,27413,1f571555849fea241498a14983417b107a4e5abf93c4d4a7cec995bd0870af7e
9,MAX-007,2,7,50,270,231,176,459212474,36,225153845714,407,33,27464,2578e338a83b5f9fef5b8e721ca7a23cff0e1721f79824e1f868191c1e2a7925
9,MAX-007,2,7,50,270,231,176,459212474,37,226282964474,407,39,27515,83b532d70d537e44a9c265521ef0875ca4751fec17929ae772b0f927fe459e9c
9,MAX-007,2,7,50,270,231,176,459212474,38,227412083234,407,37,27566,05926236a785193be9e336a3e3eaad091e65a3b5606461339e563bfa59c13cd1
9,MAX-007,2,7,50,270,231,176,459212474,39,228541201994,407,42,27617,c57d9b8516d66018f37d9dc703220f920584924daa719b08f757e9e21d59623b
9,MAX-007,2,7,50,270,231,176,459212474,40,229670320754,407,31,27668,548139545cd3489a00e0b22a6bee1bda45d34a349f137fc1094cbc73752f4de6
9,MAX-007,2,7,50,270,231,176,459212474,41,230799439514,407,33,27719,5050225970728d13fe5281536ae331fe63142968522f9139e3d3af706e965a13
9,MAX-007,2,7,50,270,231,176,459212474,42,231928558274,407,24,27770,294cc44fb29c9121a76120374c768bc6b39ba5d2a6bf9205c54643a3ac222449
9,MAX-007,2,7,50,270,231,176,459212474,43,233057677034,407,29,27821,a13bcbdf98705362c7b0472af8fac1bb96906609fd89d0e8ab777ea73b06a917
9,MAX-007,2,7,50,270,231,176,459212474,44,234186795794,407,34,27872,40f6a248ed97e0014339f244f742897a75836972850cbfbb10db5934d234aaf9
9,MAX-007,2,7,50,270,231,176,459212474,45,235315914554,407,29,27923,c73e25e263a1fd8857b06ef54380f0ebcea45ab7e4e58d8586fc125506c43528
9,MAX-007,2,7,50,270,231,176,459212474,46,236445033314,407,33,27974,ebb1b35e37b18a46f9e245e37c2539e4db19cdedd7dbbe3466c601974507d8ab
9,MAX-007,2,7,50,270,231,176,459212474,47,237574152074,407,39,28025,d7d0c99b6300b66a724269388892ba498c45e0646e46372d7395d2e594c4bd85
9,MAX-007,2,7,50,270,231,176,459212474,48,238703270834,407,32,28076,911eadb821fc7947bc533763bb0410b5c5074ba0c720d3039516c3cf96b47dfe
9,MAX-007,2,7,50,270,231,176,459212474,49,239832389594,407,26,28127,7f9f84107c2fe55305cba4686d2d03834e3d319cd311973d8cc354721afd6ba5
9,MAX-007,2,7,50,270,231,176,459212474,50,240961508354,407,37,28178,c45c9e2cf74445bc51f5df95eda343a0bdc6b0c764fb4f83a8eb5062a6a9edf9
9,MAX-007,2,7,50,270,231,176,459212474,51,242090627114,407,29,28229,d58d44affe82e3639d65d6954f8c3e2ba9c74761f0164288798015e4b57c35b9
9,MAX-007,2,7,50,270,231,176,459212474,52,243219745874,407,27,28280,f0af4585e326d5a3efa776c8b81908801789376e87470ea3a4f68e78c2e4016c
9,MAX-007,2,7,50,270,231,176,459212474,53,244348864634,407,35,28331,9ddf678a02765ed38d88792e97fea5ca5edf5c2ac82482832601fb85161c5dd3
9,MAX-007,2,7,50,270,231,176,459212474,54,245477983394,407,34,28382,c6326a851fe36afa48a165c8a052c16b6046341425645ee9fe1dbc55b68fe1a3
9,MAX-007,2,7,50,270,231,176,459212474,55,246607102154,407,36,28433,cf797c0dd756d8af039d1535f288e00906368bae0cd3616ae39b841135f3383e
10,MAX-008,2,7,50,316,231,176,66475514,0,184112833394,407,36,28484,1520b6921cba5dbfbf94874c82554743e45aa80b5cd100538bf2c76a83beb108
10,MAX-008,2,7,50,316,231,176,66475514,1,185241952154,407,32,28535,e734d5e7ae95587b730f3b846c674093281974d6a4af81a155488cf438cb3f8e
10,MAX-008,2,7,50,316,231,176,66475514,2,186371070914,407,27,28586,97e7652df801bd710c33feffa2f3d7e7dda817316b28450d2213cde9cbdf6e21
10,MAX-008,2,7,50,316,231,176,66475514,3,187500189674,407,42,28637,264472822524117e4bbfa44799e7d55120162871af30937c94dabf74690db7b9
10,MAX-008,2,7,50,316,231,176,66475514,4,188629308434,407,33,28688,aaab0bdada892af955d46b9711a87d067bc0770712bddbbb66d4e49312b74aa2
10,MAX-008,2,7,50,316,231,176,66475514,5,189758427194,407,35,28739,2a0ade10e99b33c00290a441e8c24f65ba823c10a43968bccec64acad656c108
10,MAX-008,2,7,50,316,231,176,66475514,6,190887545954,407,36,28790,25765cbd5c9e3249d18c05e94950fbc3c384a3adae767cb6b06b09003515376e
10,MAX-008,2,7,50,316,231,176,66475514,7,192016664714,407,36,28841,a4fb12340e4b9617932c0843bdab12ca230b2a6e4ddb9fb5cc40b5afa4bb36cd
10,MAX-008,2,7,50,316,231,176,66475514,8,193145783474,407,40,28892,1836ac1a72305e6efb57f8be43c7c22346ce031d2e7b2c814b6780379000dc45
10,MAX-008,2,7,50,316,231,176,66475514,9,194274902234,407,37,28943,88663da57c83e748dcc9ac24fa58016d68de1a0643867e80b80b3661a7aa5455
10,MAX-008,2,7,50,316,231,176,66475514,10,195404020994,407,29,28994,939232d5e419807523fbb0d547051b4fac346b74cd7fdb3a0eb5b3cb57626ead
10,MAX-008,2,7,50,316,231,176,66475514,11,196533139754,407,23,29045,ef35b012c476bedd06d5323a2ba365d676519631590d8f31545ec95a668e59b8
10,MAX-008,2,7,50,316,231,176,66475514,12,197662258514,407,36,29096,f806d89111b7c2e9d616a25b5fec68a0eb1c37a0247fe218b0fad21588de797d
10,MAX-008,2,7,50,316,231,176,66475514,13,198791377274,407,31,29147,2e9dd94c399d088aac9c0ad251787a02fa7b0c78f6afc828c519dc106b45936a
10,MAX-008,2,7,50,316,231,176,66475514,14,199920496034,407,26,29198,64ed64e6eb0d71f518d52db612f9b2b37291bfa89f4c0fbf814c2fe27b0e0af9
10,MAX-008,2,7,50,316,231,176,66475514,15,201049614794,407,41,29249,a61bc841adfa6fd7d9446eeda00fba1a1e0223b5281d35a3101bffd9b5851013
10,MAX-008,2,7,50,316,231,176,66475514,16,202178733554,407,35,29300,7052a152ed0760e46d0ba93f106d5065a7c830a69361b7270899258c0818c188
10,MAX-008,2,7,50,316,231,176,66475514,17,203307852314,407,36,29351,03eb51b0a85828dad0625806549119b7961399164c482f6ca024dc8a3a13d1c3
10,MAX-008,2,7,50,316,231,176,66475514,18,204436971074,407,32,29402,c40704bd9a15303f19f4364b8ce906912ddea47d3cf9e69e85159ed5b006884e
10,MAX-008,2,7,50,316,231,176,66475514,19,205566089834,407,33,29453,5d20bc43ec14fbf70a194b1ff3387ed28b31a064e76bc1fb253a6668a407b3b1
10,MAX-008,2,7,50,316,231,176,66475514,20,206695208594,407,34,29504,3fa9d6c4dad26d3ce2972efe23c222da7d56b78ba9aee571b7dd222e258adaa6
10,MAX-008,2,7,50,316,231,176,66475514,21,207824327354,407,31,29555,35bb0424fb3efdd413269f0a816bb058e5cce397728e00deb13637970d1d7aae
10,MAX-008,2,7,50,316,231,176,66475514,22,208953446114,407,25,29606,9e96d10f67ca1658b6cf60c5c3a092dd70fcdfacab49a8dbac2bea59828dc2f3
10,MAX-008,2,7,50,316,231,176,66475514,23,210082564874,407,30,29657,cdc7b085407d0416cd00fc31db06a580bc7dabe5b82a4deaa93fcc52d42744bf
10,MAX-008,2,7,50,316,231,176,66475514,24,211211683634,407,39,29708,25582c1be244ea30e01ccf086a3b19d766e84432df6159b813f0287e3fa7335e
10,MAX-008,2,7,50,316,231,176,66475514,25,212340802394,407,38,29759,3464a093c7af8c67391afa9e3a00178dfc6f644a04f4345bb9c84d32be8482a5
10,MAX-008,2,7,50,316,231,176,66475514,26,213469921154,407,32,29810,42d118227bf0d209889d2e25e8f68ddb5f60ef557161663f2c3857c9cf61cb91
10,MAX-008,2,7,50,316,231,176,66475514,27,214599039914,407,30,29861,308cefc666b21491971a51ad255de8f925760408a5990045f883deaa8edb48d1
10,MAX-008,2,7,50,316,231,176,66475514,28,215728158674,407,23,29912,9ecde86e7fda104fdf4ca9b94c983a5e247b1f20442d5626d575ad1fb5570402
10,MAX-008,2,7,50,316,231,176,66475514,29,216857277434,407,38,29963,0994967aa0d29180cb0272706f2e71d286938ff03ea1c94f67bff005cc3cc46f
10,MAX-008,2,7,50,316,231,176,66475514,30,217986396194,407,30,30014,c062c91dde5a21219abcba254153cded0f75f2881d44f7716b6bda9d835cdbbc
10,MAX-008,2,7,50,316,231,176,66475514,31,219115514954,407,32,30065,30f086683d66eef057925d41ba00df70d0a2d443af69e294a349f6226bff62bb
10,MAX-008,2,7,50,316,231,176,66475514,32,220244633714,407,33,30116,6e3fdd2cb690a0561f93a25d9b3b8ab2562ced0ab8cdc3746430e19445f52a77
10,MAX-008,2,7,50,316,231,176,66475514,33,221373752474,407,39,30167,b849483795719a73b4f2fd7c76a09c3e7c7d79ad170dc45abca4a2b8adabc947
10,MAX-008,2,7,50,316,231,176,66475514,34,222502871234,407,30,30218,e0717dbe82409a4ecf0cb732bbf6847c7ad9439dafe212fa9dc1faec91eb27ed
10,MAX-008,2,7,50,316,231,176,66475514,35,223631989994,407,33,30269,5119742a9a100dca5721af1ef59161bc71ea548a6fd473befed4ece9f7542f86
10,MAX-008,2,7,50,316,231,176,66475514,36,224761108754,407,37,30320,f41e6fcd4c86f393e08e62d2a73be2b32b1a7afe9fa278c28b7b3cd17d1888a9
10,MAX-008,2,7,50,316,231,176,66475514,37,225890227514,407,32,30371,9463609561a83806aa69014200618f56320cd23cfe5011b91cf373dce13b7fa8
10,MAX-008,2,7,50,316,231,176,66475514,38,227019346274,407,35,30422,a65a0dd6c433d06a871f31d8069c2da38b2fafa4a060b3f207a48c23cc5e3764
10,MAX-008,2,7,50,316,231,176,66475514,39,228148465034,407,38,30473,375b8328c29840ea1c985122ba017490bce80c868a440ac29aee1f47b746c806
10,MAX-008,2,7,50,316,231,176,66475514,40,229277583794,407,31,30524,f656e9765b301d4c352e0d1df29ae84f24f53c8842ab0de96b585b2958cc634f
10,MAX-008,2,7,50,316,231,176,66475514,41,230406702554,407,29,30575,c508494b12f653dde7ddb70f1fe83bcfc884511e89050ff246b4b6fe45676190
10,MAX-008,2,7,50,316,231,176,66475514,42,231535821314,407,39,30626,bf484a0dcf10b51dd2b0ee0e94c5610e2dfd4532d854421980e0e1f8cdeddf4f
10,MAX-008,2,7,50,316,231,176,66475514,43,232664940074,407,34,30677,9d860878cd7fb18f2c66c36e03a8c347320ea3ad367cd873775cea9d80c10f00
10,MAX-008,2,7,50,316,231,176,66475514,44,233794058834,407,32,30728,191551f0ea4b042705f572d4926242d6502b321e6d5417bcc68ad3148d0d61ba
10,MAX-008,2,7,50,316,231,176,66475514,45,234923177594,407,36,30779,1051e59187279a53f622d52cb7d29da754022512d3e23f7296ef8a4310075ff4
10,MAX-008,2,7,50,316,231,176,66475514,46,236052296354,407,33,30830,e44348295ab2886cc4f181d5806a97b83bff22e689efdec8b2bc9c67bc691ddf
10,MAX-008,2,7,50,316,231,176,66475514,47,237181415114,407,30,30881,7fbc1d4954b2fc10c61892187e148d4a36440da9b710437e63e6814af0b880bd
10,MAX-008,2,7,50,316,231,176,66475514,48,238310533874,407,39,30932,6c2ef53f435b293c523a75b7bad602d8caa986312160f806690b4b8d871c4721
10,MAX-008,2,7,50,316,231,176,66475514,49,239439652634,407,35,30983,258ce80f2551d5d3ea1a35a77db9a5092c48f923e4d5ed698d09640a6d77db11
10,MAX-008,2,7,50,316,231,176,66475514,50,240568771394,407,28,31034,9aa2260054f77a447ae2e659638c626f606e22410a1fa710be0377a1d511b586
10,MAX-008,2,7,50,316,231,176,66475514,51,241697890154,407,35,31085,eef36508483c5ff40af54686df354b933661b362ab6a0db3590f1d348a77d4ef
10,MAX-008,2,7,50,316,231,176,66475514,52,242827008914,407,40,31136,25d7c94224466f091f963b367b9ee6bbf4978a4ad18307cb137b02637a92c21a
10,MAX-008,2,7,50,316,231,176,66475514,53,243956127674,407,32,31187,0e4b31b5144b96305dafaf68636a830f9e40bd027074d0bb2bc60c488e61ab00
10,MAX-008,2,7,50,316,231,176,66475514,54,245085246434,407,42,31238,64eadf31312dc31d1c672abf510c74fa1034eab10f4e79c0dbfc4b39d308a6b5
10,MAX-008,2,7,50,316,231,176,66475514,55,246214365194,407,28,31289,fd30f7309bc957ce32aaa607149121d089512fe85c635ffbbc7c3df21ebc85b9
11,MAX-009,2,7,50,339,231,176,999225794,0,185045583674,407,30,31340,82faa9393ecd05905a2a8dce59a5914eb2912edd5bdc252e16887e02fcecd268
11,MAX-009,2,7,50,339,231,176,999225794,1,186174702434,407,31,31391,4f881a93e2a9e3b268dfabe7e5ad4fe1d480480c4d8dcbf9d88917fa0fb924ef
11,MAX-009,2,7,50,339,231,176,999225794,2,187303821194,407,26,31442,4873804474e606781ada663c9ea51b79db864a75bff21e4fefde7cfba4521f82
11,MAX-009,2,7,50,339,231,176,999225794,3,188432939954,407,28,31493,ae5e440ae93f4cc5e812858899b8cc4c33383d4c96e700f7f20965789c4ad006
11,MAX-009,2,7,50,339,231,176,999225794,4,189562058714,407,37,31544,e168c48cdff484719c6112bd65e85d9e08a5181d72527eb9239a993555b2849c
11,MAX-009,2,7,50,339,231,176,999225794,5,190691177474,407,32,31595,8659c0fd125f3b97bfc7c6adb99730759f834d70cdd3f822f9a34b3902f05bb8
11,MAX-009,2,7,50,339,231,176,999225794,6,191820296234,407,34,31646,0aa4869cc95cf33e2ac4c6c694eb69ea9f540f7aa7b25d4fdadee61a80c12693
11,MAX-009,2,7,50,339,231,176,999225794,7,192949414994,407,38,31697,cffa4d739658cc249aa6c320295cd0012b9087e00d7da3e98e15ee76a83e885a
11,MAX-009,2,7,50,339,231,176,999225794,8,194078533754,407,26,31748,055991c2a778c1e8a63dcfa53a7e49057a3c5d65dacabc822397c3b52401cf05
11,MAX-009,2,7,50,339,231,176,999225794,9,195207652514,407,34,31799,f4ccc473cc4d98f68cb94e8161e099d902041e1e748bb144d583244ae513071e
11,MAX-009,2,7,50,339,231,176,999225794,10,196336771274,407,36,31850,4a4714e696a827738ca05d55076611b09de17b8d3b95cf2817ea197e840767b2
11,MAX-009,2,7,50,339,231,176,999225794,11,197465890034,407,28,31901,8db7a28ce15c3c446590f6d1ba41255cd92bdc2097bd7fe1d06cf9f0a8e44ade
11,MAX-009,2,7,50,339,231,176,999225794,12,198595008794,407,34,31952,3a61f7f7ca415803debf374171f234512820cb6d05fa6e6e0a19cb0e880c5e62
11,MAX-009,2,7,50,339,231,176,999225794,13,199724127554,407,33,32003,bf23f7c65cac1aa66ca3d0cf198ed5e82a72a2a9db599d3a4e7b8dd88dbf438e
11,MAX-009,2,7,50,339,231,176,999225794,14,200853246314,407,38,32054,b6af0abc7669fbe1c3013f178d80909657f0b824a9e9ac8c0fac8f0b36282b86
11,MAX-009,2,7,50,339,231,176,999225794,15,201982365074,407,43,32105,81d783a4e14570d9bbc43456d4864de387f48372f26a353d1f54929082c1db7b
11,MAX-009,2,7,50,339,231,176,999225794,16,203111483834,407,36,32156,84d99e5a934c1e6762386420e0bfce87def456d95d129f52564e5d5d197c6835
11,MAX-009,2,7,50,339,231,176,999225794,17,204240602594,407,28,32207,bb0bd08d2eadf747546106cb9d14c7e46e17afb1d5e5d17d584a5ed70ac2df21
11,MAX-009,2,7,50,339,231,176,999225794,18,205369721354,407,36,32258,db535b82fb43c613fee39368652ebd4f6900e488bcf71ac1ac736fd5cca09bad
11,MAX-009,2,7,50,339,231,176,999225794,19,206498840114,407,39,32309,5d484035b025d08daae2a30fc6fa77b8533ae3bebaacb6046c6506e628de99f9
11,MAX-009,2,7,50,339,231,176,999225794,20,207627958874,407,38,32360,58c22f37257503aa5d40a8cffc269d342f5607403a76193563a43a38efc9f0bc
11,MAX-009,2,7,50,339,231,176,999225794,21,208757077634,407,26,32411,8cd1a86c77c01f91d625ddd6231af87151eb37f3c944e3529f133cd6dcbc9685
11,MAX-009,2,7,50,339,231,176,999225794,22,209886196394,407,34,32462,58488e5fc1f3487fff3f0ff2677d4ac63fb360b2a0cd6b646f3727750910a0ca
11,MAX-009,2,7,50,339,231,176,999225794,23,211015315154,407,43,32513,4d1287a41a061f931b3f184722be019207d2dd6b4854634a898e5c1d56d040d5
11,MAX-009,2,7,50,339,231,176,999225794,24,212144433914,407,28,32564,a2ce27e105f9379698767b7611d7fca96636dc0e8219f2bd5986a1b199f4f334
11,MAX-009,2,7,50,339,231,176,999225794,25,213273552674,407,35,32615,2eb3bba403a042b86911dd3cc20aecd8be40cc1862b2bb6e46e57e5d6554239e
11,MAX-009,2,7,50,339,231,176,999225794,26,214402671434,407,26,32666,15b8e417b9b7e72f1b0d8281338eabeb4a9da1c85fafd2fa960231a3f11d9f80
11,MAX-009,2,7,50,339,231,176,999225794,27,215531790194,407,37,32717,a0f53c476c5623c23286dd067972c6c27e87c4569d101b3c2dbfde81841a6e01
11,MAX-009,2,7,50,339,231,176,999225794,28,216660908954,407,33,32768,91cc18dbda1ef9b2c44d1cdeea1d53c7656680a1b8ebb9f5c178b2cfa2a17b2a
11,MAX-009,2,7,50,339,231,176,999225794,29,217790027714,407,33,32819,9d0f0c95feb23603fcab56f8f6c2891bcbd5f0042719607751ee75f2751481d9
11,MAX-009,2,7,50,339,231,176,999225794,30,218919146474,407,22,32870,1d5346a8f32f08257e3c6a55d54e0f12d86ec411e04883f7c96d1480e56b9dcf
11,MAX-009,2,7,50,339,231,176,999225794,31,220048265234,407,42,32921,9ba01ad7676ddf187d05ecf1150222501e5456fa3f90486dcb9e6a93e592be8b
11,MAX-009,2,7,50,339,231,176,999225794,32,221177383994,407,30,32972,0c8074fd1bc4d107bfe4dcef7d83709e1275c3a174f0bcc9c5889c443f254b08
11,MAX-009,2,7,50,339,231,176,999225794,33,222306502754,407,39,33023,1811a0dcff8108d01f60af2937f479161e31475337ec80a6672ddf8a6149fa0d
11,MAX-009,2,7,50,339,231,176,999225794,34,223435621514,407,36,33074,ba5b9d30e3ea809263c993fc9914817f14237dea1de0e6b5f7f7554f72e5978c
11,MAX-009,2,7,50,339,231,176,999225794,35,224564740274,407,28,33125,42721fbd339e7eebcf3a339f4783407630806305b8e58eb43a498eedac0612ee
11,MAX-009,2,7,50,339,231,176,999225794,36,225693859034,407,24,33176,5fd731a7b627110b34f913d50aa410137c7f533b5c1f18816725d56b0c736f95
11,MAX-009,2,7,50,339,231,176,999225794,37,226822977794,407,33,33227,4597031a3f0c48fbd0390a2b717744d9e7383d35f78b408b10a659941875e78c
11,MAX-009,2,7,50,339,231,176,999225794,38,227952096554,407,27,33278,c63d82da44749fb2812f63c462a6629de1705b090d1f08552d72f363b5c0bad8
11,MAX-009,2,7,50,339,231,176,999225794,39,229081215314,407,24,33329,33e4ba62f32445a90beacf1c360e654ce9ba328ba6c9d82474d05ce3cb5e7fdf
11,MAX-009,2,7,50,339,231,176,999225794,40,230210334074,407,35,33380,9a28acff5f7e6ef45f0b927d3bf6878748983abc6afb096350ea671c80cc304e
11,MAX-009,2,7,50,339,231,176,999225794,41,231339452834,407,37,33431,0b74c2c073c449b4030d7bb671652970d16ac26ca92999cbd1aa5526b8a80477
11,MAX-009,2,7,50,339,231,176,999225794,42,232468571594,407,46,33482,2905ba3d81ab8b527f0e9ea1e0584afa5e5b0075bae0aaad1a510078ebda4d65
11,MAX-009,2,7,50,339,231,176,999225794,43,233597690354,407,31,33533,207c73bfc8b0bfb5ff08134c458022a1cbc759f4e188f051e8389d2891f23fb6
11,MAX-009,2,7,50,339,231,176,999225794,44,234726809114,407,27,33584,9a30369eec889d57d1dec2aa60d68033496e7ecb53eccb27ff2ae2e468577c3c
11,MAX-009,2,7,50,339,231,176,999225794,45,235855927874,407,33,33635,9f77335b25d7b60ad206bb355ff5dd3c30001c9d38aa7b0660349b79758a88e9
11,MAX-009,2,7,50,339,231,176,999225794,46,236985046634,407,27,33686,b0c299c8f54c6447ac31940ed5a7a7645ef08278e725f5329f155c578ae5658d
11,MAX-009,2,7,50,339,231,176,999225794,47,238114165394,407,24,33737,4d2ab10784c4787a99f6ce7744c7fdaa7afb3cdf04ce39ac6eaa4c6771143f82
11,MAX-009,2,7,50,339,231,176,999225794,48,239243284154,407,24,33788,e15c42aeca1182516c852f62511e78ec7cf92ae8b1e0d0ace131146ef9f9a288
11,MAX-009,2,7,50,339,231,176,999225794,49,240372402914,407,37,33839,a29705a98b9bf83e7095dbe6129fded51442196fae572172048aa4baed876dee
11,MAX-009,2,7,50,339,231,176,999225794,50,241501521674,407,32,33890,e1356d96ba92ccd0ed10444147347d107cdfb1775f093fed33cb7f93cc8a033f
11,MAX-009,2,7,50,339,231,176,999225794,51,242630640434,407,27,33941,2e2b047afcc8f796ca3564f91c51da22f05f4d8b35b0dd768641eec67a7ef494
11,MAX-009,2,7,50,339,231,176,999225794,52,243759759194,407,38,33992,64a9e4532a5951abf0c00b728166a0b06bd440b32041c8da8e824f705a8e7e3d
11,MAX-009,2,7,50,339,231,176,999225794,53,244888877954,407,29,34043,c203e41049b915b43d67d97b8ce4d48779ce8c9d74526a381182c684e3ea1498
11,MAX-009,2,7,50,339,231,176,999225794,54,246017996714,407,34,34094,530b7d4c76dbfe9af924415c1bbca3458bf6443d22ef01667ad4fc71a4581c18
12,MAX-010,2,7,50,362,231,176,802857314,0,184849215194,407,36,34145,c50b216e864fefc17e1a84039cbc5cfd3c28a69cb73969ac8985b10a49102212
12,MAX-010,2,7,50,362,231,176,802857314,1,185978333954,407,30,34196,57163f94e88e678a41adcce5706bcea12659a2823be28d4f82303cc616bf2241
12,MAX-010,2,7,50,362,231,176,802857314,2,187107452714,407,29,34247,bca9d6bd317fbbb19f1f2d9f1a5a3d232bb7e27f0b5d7ef09667b44512dcb92a
12,MAX-010,2,7,50,362,231,176,802857314,3,188236571474,407,43,34298,092efb1da527cd2776ceada54a6989dca213fdede1b1a0ca356cd74a30b17da9
12,MAX-010,2,7,50,362,231,176,802857314,4,189365690234,407,28,34349,6fb29271e47554d937b9618ffed8b444a558373e3b9a95dcd8b429e77f559253
12,MAX-010,2,7,50,362,231,176,802857314,5,190494808994,407,37,34400,b697afe937e9e32474037c052950d045d4e4d87cf11228b06b2585e6853a1b98
12,MAX-010,2,7,50,362,231,176,802857314,6,191623927754,407,43,34451,3491ef5fe6ae4ae296cb541b21e22425b27bd87405315d0ef6a04f6688022be5
12,MAX-010,2,7,50,362,231,176,802857314,7,192753046514,407,34,34502,e28b4d8124380c575af92a6568fe7c2c989a8411be2cadb26c8b2e80023ed48d
12,MAX-010,2,7,50,362,231,176,802857314,8,193882165274,407,30,34553,3b5e0d87c6e6856aec6b0f8d3ddced05a926e3851aeeebd94367cdcf29af659c
12,MAX-010,2,7,50,362,231,176,802857314,9,195011284034,407,33,34604,ce33ece32d5de6903cc4e4f4d68d40ced6295f379a8bd166053ffa319c9216e1
12,MAX-010,2,7,50,362,231,176,802857314,10,196140402794,407,31,34655,a79390111892032b802cb3862ccbf1a4448777906b69a3ffe5a1c01802de7e38
12,MAX-010,2,7,50,362,231,176,802857314,11,197269521554,407,32,34706,4706bceba3edfca87ea59b118a391774cd25b5b3e69931b2e206b58ba31d6e69
12,MAX-010,2,7,50,362,231,176,802857314,12,198398640314,407,36,34757,0cd21dbc7b6955cc03742dd2729b3af161abbd43001b68a0defaad82d270009a
12,MAX-010,2,7,50,362,231,176,802857314,13,199527759074,407,31,34808,0286800098afb4e2b1182bd985d72d78dcb148d186949c6063c48c4aa0987925
12,MAX-010,2,7,50,362,231,176,802857314,14,200656877834,407,37,34859,21a4bf1e61cf8495f5544f9b50d352c98a4eb1d56143394b553f3be75b27b02a
12,MAX-010,2,7,50,362,231,176,802857314,15,201785996594,407,42,34910,3fd530edd8b77d894c605d4e656331dcd3daefcdd84710c68d4317965c383eca
12,MAX-010,2,7,50,362,231,176,802857314,16,202915115354,407,33,34961,f946d6e88bcfa9c4aa2f1b9f170397d77c4c61bac2da9715411926819147a120
12,MAX-010,2,7,50,362,231,176,802857314,17,204044234114,407,23,35012,68795185986bff1665c1621e83610c552618a30edd6bf09ce565fd1ccb9c4cb8
12,MAX-010,2,7,50,362,231,176,802857314,18,205173352874,407,36,35063,212a1daff99f3927366037a9ad8eb96a5a04306037d02fbdc021d1c24987110e
12,MAX-010,2,7,50,362,231,176,802857314,19,206302471634,407,35,35114,cf741f8020ed4913cbfc4d887b96abd998e22b4c22445ab85dc9060df758703f
12,MAX-010,2,7,50,362,231,176,802857314,20,207431590394,407,38,35165,18ad71537791951219616b06b3137566da3adbf6094984ae8c61499b87fa1ed5
12,MAX-010,2,7,50,362,231,176,802857314,21,208560709154,407,36,35216,7157ac9008435d83707e3741380ba1586e72ee7c915b6e1c39f830445d91e0d3
12,MAX-010,2,7,50,362,231,176,802857314,22,209689827914,407,42,35267,5ed48b4d7a4d29d04b69ad47c4ad68b7a237fd058d10139328b3ce84dfd59305
12,MAX-010,2,7,50,362,231,176,802857314,23,210818946674,407,40,35318,c8928a821fd552e72c297c542d84494ee91a1605b32ac6dd9735aa6defd78f95
12,MAX-010,2,7,50,362,231,176,802857314,24,211948065434,407,30,35369,24fc3fd9b2fd964ecd30fedad31965f90bad46eb8b8b66e0aa9f2b994ad597d2
12,MAX-010,2,7,50,362,231,176,802857314,25,213077184194,407,30,35420,ccab41e94864755eeb80a094011a8e7cb35c7cb73f2bed8b41ef3715ad281999
12,MAX-010,2,7,50,362,231,176,802857314,26,214206302954,407,29,35471,3b5be2ce78043b1463a9d10ae4dc819bc0847a386ca91a524746500bcf17c790
12,MAX-010,2,7,50,362,231,176,802857314,27,215335421714,407,40,35522,b27a0ca16b72a7e0c0544e86d7471fd4381cc2f44e8135bbaa805feb2ce594ce
12,MAX-010,2,7,50,362,231,176,802857314,28,216464540474,407,29,35573,2f434301db156c0374caea2a899d1be105ed785e456dcd852743dcea4fea821b
12,MAX-010,2,7,50,362,231,176,802857314,29,217593659234,407,24,35624,c7b9a2d8f687acb27555532b77f8e616b58ce3848b5bfba2ce810baff848c795
12,MAX-010,2,7,50,362,231,176,802857314,30,218722777994,407,38,35675,93835332a7575da5d1b2d78f09d96976e45ffa124ddb7ca36e5232b4cb12fe57
12,MAX-010,2,7,50,362,231,176,802857314,31,219851896754,407,29,35726,9a3118e3448d47ca68d2ebadadd5867cf70f95fe8a34e735cced0d3eb804f288
12,MAX-010,2,7,50,362,231,176,802857314,32,220981015514,407,32,35777,b9356b45cf82db0f78801548a0aaa3e58d936f570edcc4a0da4f023a2604a015
12,MAX-010,2,7,50,362,231,176,802857314,33,222110134274,407,36,35828,5c8714c8663585d159fb43a020b58f69cd675cf6222d5d811e907cc6d4ac5b8e
12,MAX-010,2,7,50,362,231,176,802857314,34,223239253034,407,39,35879,3d98458dd01f6284d339f4b09239db2b5db0b4c081c505d313b6881aaeb03648
12,MAX-010,2,7,50,362,231,176,802857314,35,224368371794,407,33,35930,ab65d218e0a0d62c43ed484d1c3347fde3347dedf5bbf7a2a5475237ce50cf12
12,MAX-010,2,7,50,362,231,176,802857314,36,225497490554,407,38,35981,ce3ffe0c6a673780220fd6aa1a6265f3ab073d9a3c2ede85c6a958bc16714b58
12,MAX-010,2,7,50,362,231,176,802857314,37,226626609314,407,30,36032,bab6c53f3b4680e1a5019e1ec7dbcdafa2867c916f2594820bc9046d25384fe2
12,MAX-010,2,7,50,362,231,176,802857314,38,227755728074,407,35,36083,7a241c604861953d5f10cd4f774c51998bbbde5649d92db94da923a247ae6641
12,MAX-010,2,7,50,362,231,176,802857314,39,228884846834,407,34,36134,b87836da19e692070f0a4ca11fdc86b6ff79461026b252192ee0a227c873f9c9
12,MAX-010,2,7,50,362,231,176,802857314,40,230013965594,407,37,36185,4b3b58de58c04a0f9636e27dfc3487283980242d793824eb5dd39ac08433193a
12,MAX-010,2,7,50,362,231,176,802857314,41,231143084354,407,38,36236,a037633acf390174b215a00677b25b82593ee7126cd6f4883f9fefa34632c7ec
12,MAX-010,2,7,50,362,231,176,802857314,42,232272203114,407,35,36287,b8b5382f6b1385cc99334ef69195b9c6f18aea13080335946866f4c746318d1f
12,MAX-010,2,7,50,362,231,176,802857314,43,233401321874,407,31,36338,6ec97ee65b8072649f9cb7b78d8e4f24d5341297cecff97bd06e79f5a3e5c2f6
12,MAX-010,2,7,50,362,231,176,802857314,44,234530440634,407,31,36389,3918e8d477a0f0ba87aa79e11944ecc850340689ab783cb231f990663e6b1dfd
12,MAX-010,2,7,50,362,231,176,802857314,45,235659559394,407,35,36440,ec50d8bfd986b61bcc31a4d4be17ee5695636711465b6446f8768c4fd20be952
12,MAX-010,2,7,50,362,231,176,802857314,46,236788678154,407,32,36491,1024de6050c5d4082fb50daf156edb5f49c477f41dcab4a718b694a7478c3e89
12,MAX-010,2,7,50,362,231,176,802857314,47,237917796914,407,27,36542,becbd92100bdfda900e4ef7d6a503d06944fab38769ba80752bd1e584c16acf9
12,MAX-010,2,7,50,362,231,176,802857314,48,239046915674,407,34,36593,a7ce7ad2161e8f5e18369d547d281fabd3d293daa320bdb2a61a5fe079f005fd
12,MAX-010,2,7,50,362,231,176,802857314,49,240176034434,407,30,36644,d5e898adcf86ac4da0a51dd7653312433c9d5319647b77fdbe92aec1520a5674
12,MAX-010,2,7,50,362,231,176,802857314,50,241305153194,407,35,36695,b06fc9261b45422a799209bd3e555dc3486366a19a70b1578085c2a85d293d5a
12,MAX-010,2,7,50,362,231,176,802857314,51,242434271954,407,32,36746,ee1409935fc98437bc59c633c968ede3ad4ad6e4f867a702d7252cf2af0a943a
12,MAX-010,2,7,50,362,231,176,802857314,52,243563390714,407,26,36797,cdeb120c9682c8dca8d6d02fc45b61d5509d96de7de0ab4f73dadab86b9c2c8a
12,MAX-010,2,7,50,362,231,176,802857314,53,244692509474,407,28,36848,2e7a05e58796edf75986cf2332faebb38f04679f119f7bd10b286202d2013640
12,MAX-010,2,7,50,362,231,176,802857314,54,245821628234,407,41,36899,2f3ff489f52eff6488800541e36cdb9a8939b1635a673a3213506108f92d47c7
13,MAX-011,2,7,50,385,231,176,606488834,0,184652846714,407,32,36950,cd5395c5810d75011ab2a22ce46859dbb7dcd8e24b518c68530fbd1fc0b6c079
13,MAX-011,2,7,50,385,231,176,606488834,1,185781965474,407,32,37001,1e45589ed336e2d5c51ff27bc975690ff4dbc3ab12439da86355c9cee7ffa93b
13,MAX-011,2,7,50,385,231,176,606488834,2,186911084234,407,32,37052,5786c1185e2c5a75042d2c0b12530528e3b666357045d19b730edc07d38aa2fc
13,MAX-011,2,7,50,385,231,176,606488834,3,188040202994,407,31,37103,80fef85045d025ed3d0e7898ed6a95210a519685174d4d2abce0ce0d9391d3fb
13,MAX-011,2,7,50,385,231,176,606488834,4,189169321754,407,32,37154,08f9ce73c9042b8fdf22f1c60323e0e88db4bd3af1ced059759918a49b5fc5af
13,MAX-011,2,7,50,385,231,176,606488834,5,190298440514,407,36,37205,62d617096f62986a678579eca461789ee09c057195ac44384040976fde6d65b6
13,MAX-011,2,7,50,385,231,176,606488834,6,191427559274,407,28,37256,a4a7569c1d8ba89c2650b77056cab7c70b13e36fa52171df763aa23dfb06baaa
13,MAX-011,2,7,50,385,231,176,606488834,7,192556678034,407,31,37307,3a6d8077f3db79b1b71d89f6c83e9d939286ed88918ca80eb2af2c4cf839a6d9
13,MAX-011,2,7,50,385,231,176,606488834,8,193685796794,407,36,37358,1639a1a062560511e8d7b2a65602817ddff441dcad72a80c7957f38084d7591b
13,MAX-011,2,7,50,385,231,176,606488834,9,194814915554,407,31,37409,42e80bc6028dca077c5c878c350fb4eeb9ed91875589a4f717169b7401992422
13,MAX-011,2,7,50,385,231,176,606488834,10,195944034314,407,23,37460,6deb5c14f92e4ded73046c1315c71cd700dc46f98b00428512ef587033194615
13,MAX-011,2,7,50,385,231,176,606488834,11,197073153074,407,37,37511,26344f842c792ba65432e1bd3160521bc6635ac8bf395b9ed7d9f3ca68b5fc52
13,MAX-011,2,7,50,385,231,176,606488834,12,198202271834,407,35,37562,923428c8bc71086927b18a2571f31ec227c2424d152e5cc3a9179846879ef6d0
13,MAX-011,2,7,50,385,231,176,606488834,13,199331390594,407,34,37613,822c9cb38c631baff0bc053535de4a1ed4b427359074744f6dd1d680acb36fb3
13,MAX-011,2,7,50,385,231,176,606488834,14,200460509354,407,34,37664,12b4c62e366e2566db94fd983d7c498dce54bce9ec684a7ace841878fd2bd173
13,MAX-011,2,7,50,385,231,176,606488834,15,201589628114,407,34,37715,895ae0a11eb60e0b94dc9893be3126b585d334c1ce01a544d833d5e916fd4a84
13,MAX-011,2,7,50,385,231,176,606488834,16,202718746874,407,34,37766,ee6d14e58a1b178bb7d8c0abf2d33d74dd1d79d575f3a158037a8eddd7e4824e
13,MAX-011,2,7,50,385,231,176,606488834,17,203847865634,407,33,37817,84a31286257ec4e7429d976c6f22b6a43b70ad2233d957514dd869f22c68a3ae
13,MAX-011,2,7,50,385,231,176,606488834,18,204976984394,407,26,37868,481cb40e8a6a6f3ec9381d0199432657c65dda8473f857d3f5ae9acd17a96b9a
13,MAX-011,2,7,50,385,231,176,606488834,19,206106103154,407,27,37919,cdb2433bfe2fc6155c00e970fd6174702fe06b203f8746c0091c0ffd635d86c5
13,MAX-011,2,7,50,385,231,176,606488834,20,207235221914,407,32,37970,d5f6e7ada72ade94aadb7faa10548c75369bbf916eb63eb3c534776a827963bb
13,MAX-011,2,7,50,385,231,176,606488834,21,208364340674,407,36,38021,623adb1e4e36285b333090d484b84e210b12ca825df0e52555347fedee868d97
13,MAX-011,2,7,50,385,231,176,606488834,22,209493459434,407,34,38072,f220752f4b8fe0ee4135a1fa7a33b2d9c3b54c3fc76f060f47c59699033310b1
13,MAX-011,2,7,50,385,231,176,606488834,23,210622578194,407,24,38123,13083ef7f0f0ed3648b4e0eb2cb2e069d5540a5c3d1228017973851aff85da75
13,MAX-011,2,7,50,385,231,176,606488834,24,211751696954,407,33,38174,095652baad4117638205da434b555320f6495da29160784c8e0ac99bc59cd42c
13,MAX-011,2,7,50,385,231,176,606488834,25,212880815714,407,29,38225,a869e69a8b7bab80d661caef5e1fe03e26a454a5c2d54772313bc01245593316
13,MAX-011,2,7,50,385,231,176,606488834,26,214009934474,407,40,38276,a2851e7eb1448d0ff9a43756d4338f4f204b2d4ba2b334b8d90b5f17fc5ab936
13,MAX-011,2,7,50,385,231,176,606488834,27,215139053234,407,25,38327,51b0eb18687a989223f01bd53ff4d4acb34e89cbd4d038961b9015bdb5309c62
13,MAX-011,2,7,50,385,231,176,606488834,28,216268171994,407,33,38378,cc7f137e56feefb1cbdb206f3ce7c086d79dc670a5296731355d6f51013ee636
13,MAX-011,2,7,50,385,231,176,606488834,29,217397290754,407,30,38429,a6092f7911ee21bc65b07d1f86e4f1d5f55702027ff24ad20fdf8d8a152842e7
13,MAX-011,2,7,50,385,231,176,606488834,30,218526409514,407,32,38480,2a16dec5dfe239b6323cf84b9169a754552355919dd1034d8223587d48e19fab
13,MAX-011,2,7,50,385,231,176,606488834,31,219655528274,407,36,38531,e12075dbc92ebb7b565d2d6ef949a23e6dbf5be6a0859d7544f18705f0cf4d7a
13,MAX-011,2,7,50,385,231,176,606488834,32,220784647034,407,30,38582,eb07a70ae7e68590e79e87be4f594817669faef63b7097c9713de80ac8100821
13,MAX-011,2,7,50,385,231,176,606488834,33,221913765794,407,38,38633,10d4fc98008411136a864bb964100e3c7f22de0ccb10e023b0655590694ff8fa
13,MAX-011,2,7,50,385,231,176,606488834,34,223042884554,407,32,38684,7f8d29f4eb1e9be89c3f6a419e41bd457f14d1f9e81567bcc9d7661d91ab7247
13,MAX-011,2,7,50,385,231,176,606488834,35,224172003314,407,38,38735,142f0d056e99060038c9d689a06a801861bd08d05fea2629b4903e6e6038e427
13,MAX-011,2,7,50,385,231,176,606488834,36,225301122074,407,33,38786,3b231bab7e91767ad25f5aba493f5eb2878a83045b746fdd554fe028013d9b0f
13,MAX-011,2,7,50,385,231,176,606488834,37,226430240834,407,34,38837,97ae91cc67a14e0f4ef9c166bc090089ebff089e67b2529639a3f7d1270b7da2
13,MAX-011,2,7,50,385,231,176,606488834,38,227559359594,407,33,38888,41025efaf16730ed88f4f13ade96693ff04afbf1f8b93cea374db2c7ff208cab
13,MAX-011,2,7,50,385,231,176,606488834,39,228688478354,407,46,38939,df48631a496feaf06125723103a5a3df9f0b583349bd94dcccc3d587d760d246
13,MAX-011,2,7,50,385,231,176,606488834,40,229817597114,407,35,38990,7e91290496e147afcb7c5dd8ae126ed271eda6be67618b43357ae37d3403c95b
13,MAX-011,2,7,50,385,231,176,606488834,41,230946715874,407,32,39041,b97a0089f0242113a0b763ef5ccdb4461b00416fdd41952a679f4d8bfc44fa0b
13,MAX-011,2,7,50,385,231,176,606488834,42,232075834634,407,33,39092,deca88ab04c9499276903201a2c76ee8ab25823300740255c5849c5936c989c4
13,MAX-011,2,7,50,385,231,176,606488834,43,233204953394,407,34,39143,ad3fb774b0fb0b37d7f30b842f8bd832420148e2dca6ba24b5bd51e8a6a1b118
13,MAX-011,2,7,50,385,231,176,606488834,44,234334072154,407,39,39194,306a09e33c91e430a9cd6a2115d5b714b290c99dca17754d53d1f8a465caef6f
13,MAX-011,2,7,50,385,231,176,606488834,45,235463190914,407,32,39245,1c0ec96016ec476732ef422ebe02cbb7c4246707e6abfcbfe4a381e377764fbf
13,MAX-011,2,7,50,385,231,176,606488834,46,236592309674,407,30,39296,6df9dbc305b745365aa91cf44e0d2864eeaf2773943f295131810a732654b526
13,MAX-011,2,7,50,385,231,176,606488834,47,237721428434,407,27,39347,44b8de53eb0be653b821b13d7ff8d4b0195986d190951871a1fd0116ee4afd9a
13,MAX-011,2,7,50,385,231,176,606488834,48,238850547194,407,33,39398,cf542b29bfe2bdde0cb4d1c84caf225339c33ef7e71293b23a554fff02e6522b
13,MAX-011,2,7,50,385,231,176,606488834,49,239979665954,407,31,39449,4e57584fa0993a573e2ee6420ec96fc97c0f73a6de64e5cd0110338dcc3bd602
13,MAX-011,2,7,50,385,231,176,606488834,50,241108784714,407,43,39500,aaac4a1411b5ef04da61e3e10f17fef7930739d0e9e699e5735f1cbf3af9dc81
13,MAX-011,2,7,50,385,231,176,606488834,51,242237903474,407,32,39551,33f796b98a534d73accd98ae54574cc687356aecd6b84d44025a6f544d527e2f
13,MAX-011,2,7,50,385,231,176,606488834,52,243367022234,407,33,39602,c91bd7bf828cb74327d303a68c5c09a6c6583f826875da3a65c9e49ae9818e99
13,MAX-011,2,7,50,385,231,176,606488834,53,244496140994,407,32,39653,db08e90d9512dda2f8f0e8bff7e3653aa2ebc2ef8424d2571f6de899badcf1b0
13,MAX-011,2,7,50,385,231,176,606488834,54,245625259754,407,28,39704,2552884a4d247951bf31555d801127fb2fc6fc3d9e9961cfaec384bc2cf3e96d
14,MAX-012,2,7,50,431,231,176,213751874,0,184260109754,407,38,39755,04fd7521b52e45dd50c75be2550b8883e0e9910bf9ed75cbed42baa43191f61a
14,MAX-012,2,7,50,431,231,176,213751874,1,185389228514,407,32,39806,cbdcb876a85664c72d4f5af83429331c3b985600fb8ce5a260a42135a2d4b5ce
14,MAX-012,2,7,50,431,231,176,213751874,2,186518347274,407,39,39857,21df0c8014258a37b241832e2d97c8f1ab8b359d1ca35e9c836a25fa5cd255e7
14,MAX-012,2,7,50,431,231,176,213751874,3,187647466034,407,31,39908,07d9d2b218db49dfb7d5a95dd6c80f4d670691580066cf7d4555c137325d9557
14,MAX-012,2,7,50,431,231,176,213751874,4,188776584794,407,33,39959,a8f7d247bf56b7e6d5d2ed353443ed6b24e16e359fd4f4a122ac1d0b5a736f97
14,MAX-012,2,7,50,431,231,176,213751874,5,189905703554,407,27,40010,df79f885e0c7beb48404c8c03ad735e2bd157dc6e4e36ab16a04f9ecb1bc50bc
14,MAX-012,2,7,50,431,231,176,213751874,6,191034822314,407,38,40061,b9a629233f1134e308656f1e07846f288b57a600c3795283c94e7d6ced8b1266
14,MAX-012,2,7,50,431,231,176,213751874,7,192163941074,407,36,40112,71610421916991cdd1f7f320be5905a10fa630a304ea631f9ff4dba36b01a81b
14,MAX-012,2,7,50,431,231,176,213751874,8,193293059834,407,21,40163,b0087800d77439b6a1dea8ff87773833c72edd64931e6bc1d766af5bc180f355
14,MAX-012,2,7,50,431,231,176,213751874,9,194422178594,407,36,40214,fcf6a6e439575ca959a20e93d9f657936d8c3fc973a0048ffd7bdda973237353
14,MAX-012,2,7,50,431,231,176,213751874,10,195551297354,407,40,40265,284f45e76263cb5885a29ca182eac4e6001fecb8b784cb87873c23b17bfa9983
14,MAX-012,2,7,50,431,231,176,213751874,11,196680416114,407,25,40316,cbbf3a104fb78b3053fb2269be5e56d5cbfc8b6841b28ae13b5c2d0523f7b5fe
14,MAX-012,2,7,50,431,231,176,213751874,12,197809534874,407,41,40367,06ecf791deb97426abb97e772e57eeb3ff472d0339cbdb1c3e2cffc79079b224
14,MAX-012,2,7,50,431,231,176,213751874,13,198938653634,407,24,40418,15b1b54c0a9f92c6150357bb3964d23056535b82342268b323525e2982493004
14,MAX-012,2,7,50,431,231,176,213751874,14,200067772394,407,33,40469,301810f8f58247654af77debd51dea37ac6a0aad966c696c4d24e6e53d9485bd
14,MAX-012,2,7,50,431,231,176,213751874,15,201196891154,407,36,40520,669aed09c530eb0b8008fb6ef0a90458d823d0582f242bba810f6de67de04fa4
14,MAX-012,2,7,50,431,231,176,213751874,16,202326009914,407,31,40571,d5e0320df8f797bf82f7cc0c2eff4556ab5a11a8ee57643758a1dff8c6f495b3
14,MAX-012,2,7,50,431,231,176,213751874,17,203455128674,407,31,40622,3097f31ae42930704752c1b60086e33ffa66eecf71df3922b0bf76027aea9d94
14,MAX-012,2,7,50,431,231,176,213751874,18,204584247434,407,37,40673,6de8af3a56c345672a013308981327be1b297d82760f31d99b16ae63ad26ded5
14,MAX-012,2,7,50,431,231,176,213751874,19,205713366194,407,38,40724,cd41e7be33e1c48b90f610353002901af8124060a083d4d95e88c8696cac51be
14,MAX-012,2,7,50,431,231,176,213751874,20,206842484954,407,31,40775,5ceb6776b0178ca2fe751bd5435c02602caf55eaab805fbe418f87c17be15a5d
14,MAX-012,2,7,50,431,231,176,213751874,21,207971603714,407,36,40826,eccec3a7b069a1ef5f1827e6dc4e1c33b8419e5ea20d3dbb686fc9e176b5645b
14,MAX-012,2,7,50,431,231,176,213751874,22,209100722474,407,35,40877,000eb0bde2ed3426be01051dedff7401c1d8823e58362d02de12891f1cee8fff
14,MAX-012,2,7,50,431,231,176,213751874,23,210229841234,407,33,40928,b10fdc13d4a6a29bcf6d5826898ef32bf53d399b0a8c2efd04b8c512885da506
14,MAX-012,2,7,50,431,231,176,213751874,24,211358959994,407,33,40979,c983358225e0448bfed4cf67c1f6d15d50d6a5eb53ba0005975940cd14bb51f6
14,MAX-012,2,7,50,431,231,176,213751874,25,212488078754,407,27,41030,835876caad7d6be86ccdff93e677b2f26804adf4c06228c9d3c99874e17948c3
14,MAX-012,2,7,50,431,231,176,213751874,26,213617197514,407,38,41081,c1d476243e6425b3538b2a1e6db00c96d8584fce3b19f6b4fdb6b509cfef0294
14,MAX-012,2,7,50,431,231,176,213751874,27,214746316274,407,34,41132,42dcac8dafa5fd5fd04e86af1ac8a8ad8b196700dadcbb6bac2ed69870badfd9
14,MAX-012,2,7,50,431,231,176,213751874,28,215875435034,407,38,41183,4cdb53179d63ca320c975fc9298376b5a18a229adb81e375d9297b8e4252ff75
14,MAX-012,2,7,50,431,231,176,213751874,29,217004553794,407,39,41234,17eb3c60bd012449836225663d63e3acdc1a9d385f481b87053a7657c1a2e809
14,MAX-012,2,7,50,431,231,176,213751874,30,218133672554,407,35,41285,af5665bab15258322e057aaeb3053072ca277c55de1a7eb252efe09b3b01e07c
14,MAX-012,2,7,50,431,231,176,213751874,31,219262791314,407,39,41336,8e55dfe3a67811482e68ab13af14e18d18b9d625a192f33f35779ef5c94de2d3
14,MAX-012,2,7,50,431,231,176,213751874,32,220391910074,407,29,41387,00f91bece5f1a80bcc47919cda2e4a383a34aa7ffcbe2dfc6cb58b5137ae397b
14,MAX-012,2,7,50,431,231,176,213751874,33,221521028834,407,32,41438,b5b43778bf69a815fee4df43541b2e700113e06481884f2445dca7bc684b0e25
14,MAX-012,2,7,50,431,231,176,213751874,34,222650147594,407,29,41489,85ee6bc5a8f4b7e1299db3c402c5dc2dded510f61f409f9db6b742f7dfd2e52b
14,MAX-012,2,7,50,431,231,176,213751874,35,223779266354,407,27,41540,fef41eedda2fffba821cee6c3270fd886174f01dbb0b10f3080bff491c967566
14,MAX-012,2,7,50,431,231,176,213751874,36,224908385114,407,30,41591,a86c404803abac7cfea9a817c896cb485f9b22f4bc1d5e86bd3ac4984299e97a
14,MAX-012,2,7,50,431,231,176,213751874,37,226037503874,407,41,41642,af439625d8b17981e22a4fd692857010fac8a3145aae91daf0cb08adb474786f
14,MAX-012,2,7,50,431,231,176,213751874,38,227166622634,407,37,41693,40c84620fd8f189d6aa54c1330e02a01579307948dc66fffe65f782b4dd7b9d1
14,MAX-012,2,7,50,431,231,176,213751874,39,228295741394,407,35,41744,29d15e6652b3a8cb90f7a88fd4b2042b5521dc294a43f029dc5eb6e4722b9539
14,MAX-012,2,7,50,431,231,176,213751874,40,229424860154,407,30,41795,5f389dad0b23ecfdb3bc798676eeb4375c90c51a962f07c1af961bc6f1988264
14,MAX-012,2,7,50,431,231,176,213751874,41,230553978914,407,35,41846,301eee4b0e742e9496ff6eac2328c9a4e3711d877b22ac33585dd73b2d9aca07
14,MAX-012,2,7,50,431,231,176,213751874,42,231683097674,407,35,41897,b980e0a1a2029a1dd6441c09904624738cf047b47077b1db12a6c3741c4fac68
14,MAX-012,2,7,50,431,231,176,213751874,43,232812216434,407,35,41948,f02b9eb150eb4af3fef9673932093638f7e7d91691f9d9b2d5bbfd9230c58d2c
14,MAX-012,2,7,50,431,231,176,213751874,44,233941335194,407,31,41999,b032f0353810c379b1de790536c41007729844055449bbc8c820b5a9b5cd46b1
14,MAX-012,2,7,50,431,231,176,213751874,45,235070453954,407,28,42050,8ef0ec5ccb7e444dc896c1809807ddd6513db80caa92deb4e3d01f3a01e242a9
14,MAX-012,2,7,50,431,231,176,213751874,46,236199572714,407,33,42101,75993c36689fc1969dc96f7c3eacfcac8a4edbe3f335566cd16c5d30e9fba320
14,MAX-012,2,7,50,431,231,176,213751874,47,237328691474,407,31,42152,b96422f51a34a8452f70338c483b5d7d617cab61818d02dbd7b660fc01901aed
14,MAX-012,2,7,50,431,231,176,213751874,48,238457810234,407,41,42203,83ac249ec61042661cb87f1ffe99302fa92a17efecb413f5d644ca4eca9f2e7e
14,MAX-012,2,7,50,431,231,176,213751874,49,239586928994,407,24,42254,6198bf4faf0c15bfe41ef2b8fd02823dda85634b515c0e9ff49cc073da8d58e3
14,MAX-012,2,7,50,431,231,176,213751874,50,240716047754,407,28,42305,d8570bf9562153075b57d433c2998d3fcdd54067e91681567fc16939d24b95f1
14,MAX-012,2,7,50,431,231,176,213751874,51,241845166514,407,35,42356,b76ae48936d011e3f457ac5dca4503d0e8ec7e6b2081fd38affcfe80009d432d
14,MAX-012,2,7,50,431,231,176,213751874,52,242974285274,407,30,42407,a2f9d74b35fd8d4cabaed4e17cb84a37d088880c247933f955ac441cccaa6ee1
14,MAX-012,2,7,50,431,231,176,213751874,53,244103404034,407,31,42458,888e8f1886293a6a0160d1b8470f31a51831d9c037e345407e8d3138e32411c6
14,MAX-012,2,7,50,431,231,176,213751874,54,245232522794,407,32,42509,62d4b7dabe0f823745adb6e40b145fbc15e59b2f62a240384b7bd65ceedd9fd8
14,MAX-012,2,7,50,431,231,176,213751874,55,246361641554,407,37,42560,414ff96cf929498ac9631b57abd39557efc3d3e2299fcf86b9400235bf218951
15,MAX-013,2,7,50,454,231,176,17383394,0,184063741274,407,41,42611,e78d30fcc40489b2ee616f2512603ff0f5ce905719eb0d0b5c979a2e91797733
15,MAX-013,2,7,50,454,231,176,17383394,1,185192860034,407,39,42662,d8141b585a4404fbd8f5c0547085a897e4868573e2cc6dd0baf37519e3574c6b
15,MAX-013,2,7,50,454,231,176,17383394,2,186321978794,407,39,42713,8f94b7f58272009d3cf5b895c2cfb716235463acd5ccbfd9211668fc60141cf0
15,MAX-013,2,7,50,454,231,176,17383394,3,187451097554,407,25,42764,dd4158c2ffe2dd0527f131302627902daf0192e6ed172b9586b9477cb69399e4
15,MAX-013,2,7,50,454,231,176,17383394,4,188580216314,407,35,42815,9633b86957855c75ce6e387d60f7579d0f270254b1d6f7f91bbd0011140a478a
15,MAX-013,2,7,50,454,231,176,17383394,5,189709335074,407,37,42866,70e44835ed5d713e71dabffeef2148cc75d44d8ae9e23212f145bfc2996d5628
15,MAX-013,2,7,50,454,231,176,17383394,6,190838453834,407,28,42917,73b04ab982689009e0bb627c1da291d339ee5ad0d7f345cfc23db8965b2423a0
15,MAX-013,2,7,50,454,231,176,17383394,7,191967572594,407,28,42968,f0fdf8916ada3a1252a2ab63a64c4ed31b9ebc31c9069f67c96820ab03ee8b22
15,MAX-013,2,7,50,454,231,176,17383394,8,193096691354,407,33,43019,3b3aa5c8826783d821d35c816f086ecf86f00c9a8d9deac8f965ece7a0a2e415
15,MAX-013,2,7,50,454,231,176,17383394,9,194225810114,407,27,43070,bba015bf8ad615af3bb61e558cb599136823da0a7b460a56f9ab5e78e1281639
15,MAX-013,2,7,50,454,231,176,17383394,10,195354928874,407,37,43121,c5f74fc092a6f5c0db5a1f2ac48da24f773b4c46fa8e424ef56c3e5f0cd5221c
15,MAX-013,2,7,50,454,231,176,17383394,11,196484047634,407,37,43172,626b69536a6b579ee785d9d5d3b4db81749f85b59467c5ed8929e91b457259d2
15,MAX-013,2,7,50,454,231,176,17383394,12,197613166394,407,32,43223,ff6854fa111c0648807fd5d50d7d9d2ec3a429f5b58e9807110b6bc95abbcb36
15,MAX-013,2,7,50,454,231,176,17383394,13,198742285154,407,36,43274,92601e54dc587673fe7dd4bced2c1c42482b23ace91047ca1173e192753ddbc1
15,MAX-013,2,7,50,454,231,176,17383394,14,199871403914,407,37,43325,ee9fa3e4bcbf933aeff2cca38134a8f3e0813a3d45170d6a0ad6c1faa44fc992
15,MAX-013,2,7,50,454,231,176,17383394,15,201000522674,407,29,43376,5159a62db57e963f55ae1a81bbde1ee50915e6c642e6a1ba320ffadca307179b
15,MAX-013,2,7,50,454,231,176,17383394,16,202129641434,407,37,43427,1df402a36b449dc0edee4a6342c13a3d9b20b1042af0cbf04e548e81dd8827d7
15,MAX-013,2,7,50,454,231,176,17383394,17,203258760194,407,42,43478,8e9bcbe7d107a952d06b07d703480055ab566a79fd752d471578ee233ce7b037
15,MAX-013,2,7,50,454,231,176,17383394,18,204387878954,407,40,43529,3e2b2c8325b017d59f8cebc7c8a1bb8cae8d120a9cf3d9c1242d18f97e37e5f3
15,MAX-013,2,7,50,454,231,176,17383394,19,205516997714,407,34,43580,76e6ff5b06b4a7a85df21a33ea220b0e70dfae8cc29203e7cfcbb08b1947f4e2
15,MAX-013,2,7,50,454,231,176,17383394,20,206646116474,407,39,43631,87fda95aba7d1701f2b84ad5bd28cf7ae5eb48d5931e3be1fe532789594c636c
15,MAX-013,2,7,50,454,231,176,17383394,21,207775235234,407,32,43682,9ffd2f8f9e22c3fa1069f8bd52756b3d381a053a121c103497ebb40e7e1eaffa
15,MAX-013,2,7,50,454,231,176,17383394,22,208904353994,407,33,43733,753c9bc1bcd072bbaef23524cbae79943911b5c388781ae67bbf67701b55b667
15,MAX-013,2,7,50,454,231,176,17383394,23,210033472754,407,30,43784,3264397d0807523daa4da95aec116d1ede80853d94239918650a6817598897e5
15,MAX-013,2,7,50,454,231,176,17383394,24,211162591514,407,38,43835,a10514fa6c65688b3c69881811a401e0c23cbf8f5170a9a893523c0d02d01464
15,MAX-013,2,7,50,454,231,176,17383394,25,212291710274,407,33,43886,03045f4107fc9b23dea3821d66fff9c54c249c1804d30361aea4fd19657db3bd
15,MAX-013,2,7,50,454,231,176,17383394,26,213420829034,407,37,43937,f7f9359b1d8433a631a8bd28011ece076161ff39a0bb08e3dc5d1c934e17a567
15,MAX-013,2,7,50,454,231,176,17383394,27,214549947794,407,36,43988,0fabea1dba053df2b1d8f6ba3102b59a6adaa2072222c08f34f272190f17af16
15,MAX-013,2,7,50,454,231,176,17383394,28,215679066554,407,29,44039,d31ef561d4ab2a6401bb8f0e5321152819849df0c861f210d7521aba30fa578e
15,MAX-013,2,7,50,454,231,176,17383394,29,216808185314,407,27,44090,eeac9743e712429186887d9bdc1f4c4c401780a0d7bfb9e416af0a9032b65a5a
15,MAX-013,2,7,50,454,231,176,17383394,30,217937304074,407,23,44141,3f52151810598e562edf10d706ec8fac1fe87e96d172d1701c8352293d03b57c
15,MAX-013,2,7,50,454,231,176,17383394,31,219066422834,407,28,44192,c143b024437bba73f71effe2f916d10efccce68bee0a61d9f2c82390eb1abab4
15,MAX-013,2,7,50,454,231,176,17383394,32,220195541594,407,43,44243,c3b37b3dbdfa988d11c23fef7e2b6292440eba14291d285a5a1f7aa51f5dd086
15,MAX-013,2,7,50,454,231,176,17383394,33,221324660354,407,27,44294,8de9a58aad31e0c8336098a097dcea8a3e5fe22aa8e252d46b7bb61c3d434642
15,MAX-013,2,7,50,454,231,176,17383394,34,222453779114,407,33,44345,286eac570e3733e65380a715a5123fc412d61a10fa76d3df9637dc005ec1e452
15,MAX-013,2,7,50,454,231,176,17383394,35,223582897874,407,28,44396,3d636cc813beec0e170bd447bfa26686cebdb8da125d244730e03c17ca12f78e
15,MAX-013,2,7,50,454,231,176,17383394,36,224712016634,407,41,44447,1bed69535404c358829e2afcdb8ff408c9e64fdf566adf1449c8252a90b1a0f2
15,MAX-013,2,7,50,454,231,176,17383394,37,225841135394,407,33,44498,f5ac7d4945dba176216aba43ee46508dc4378012e01626b4fb164de1d20fc295
15,MAX-013,2,7,50,454,231,176,17383394,38,226970254154,407,44,44549,37053c1f9da8189d8cb8c9365aab0c924f22d994f10b34aece5f70f86ead6dec
15,MAX-013,2,7,50,454,231,176,17383394,39,228099372914,407,33,44600,8f29c4fa26940b3fafc3b4dbc59615ba76a18276ec912fd290f67be641e1cf92
15,MAX-013,2,7,50,454,231,176,17383394,40,229228491674,407,32,44651,5b5fac1e04637d8bb63aebf7cf42d15ce19b0e836bea49c54a4d461838eacacd
15,MAX-013,2,7,50,454,231,176,17383394,41,230357610434,407,32,44702,ff3ec48021fa65336f148fda2df0e846eb8faf2d7ae6d32290dc962152e3f9d9
15,MAX-013,2,7,50,454,231,176,17383394,42,231486729194,407,30,44753,396a5a7e911074a73f54652b672c0dfc53697c356658992246df948be2a39de9
15,MAX-013,2,7,50,454,231,176,17383394,43,232615847954,407,32,44804,47509cbd87a676272c08da37151bbad90943f04bb692948494e8024fdb950f40
15,MAX-013,2,7,50,454,231,176,17383394,44,233744966714,407,43,44855,af0d6f1edd257c58b12822960287acfa132d75b51d96e427229dfc39865e9f28
15,MAX-013,2,7,50,454,231,176,17383394,45,234874085474,407,45,44906,00cf2714a9b843d2709a469f6314d8245f250be53f194fd911a0293a474f41f2
15,MAX-013,2,7,50,454,231,176,17383394,46,236003204234,407,28,44957,97a7e010ae8e8b42e1cd0582f31f86aec708306375717a7e31788a7d6c090b35
15,MAX-013,2,7,50,454,231,176,17383394,47,237132322994,407,35,45008,54195aed4109cd97f5dd97cee810ddbd468dd6895639b6579f79fb57351b70ed
15,MAX-013,2,7,50,454,231,176,17383394,48,238261441754,407,32,45059,c5903f501cb4729cbb52bb72af71779e5547a6499f3d257835d868441e84fe9f
15,MAX-013,2,7,50,454,231,176,17383394,49,239390560514,407,35,45110,5c044beb77675f6db4e247f3faf373a4e9f8c18b5e5ab08e643d5519c3043675
15,MAX-013,2,7,50,454,231,176,17383394,50,240519679274,407,41,45161,2cf9f5a86844ee97f99878e3778e4f555312d5e235cd5776f8dcf81a41f1e1bc
15,MAX-013,2,7,50,454,231,176,17383394,51,241648798034,407,28,45212,1d0ce1b65caa61599730735429141f9bdf23a67d694a30db961092ec6b221364
15,MAX-013,2,7,50,454,231,176,17383394,52,242777916794,407,30,45263,070face45af9229eab719b49aaf91e33d99767b79a44b19eaf6138729d9d2c64
15,MAX-013,2,7,50,454,231,176,17383394,53,243907035554,407,40,45314,25aef3713c2928eb5fe6c218874ec8acad3c9e8f723de963eb92390d3f8555f4
15,MAX-013,2,7,50,454,231,176,17383394,54,245036154314,407,27,45365,60e063345f2c9477eff853d0f57241ebac4d697e116ae6e17f28ebad7e9107fd
15,MAX-013,2,7,50,454,231,176,17383394,55,246165273074,407,31,45416,6878ca319d772a3db26f0a9435df8bf17933431df25ab945c09aa95d383c5298
16,MAX-014,2,7,50,523,231,176,557396714,0,184603754594,407,33,45467,b8c52916bc218e755dfabce42cb00ccce9e8fed1a5f3da07dcff9fd87c81951a
16,MAX-014,2,7,50,523,231,176,557396714,1,185732873354,407,40,45518,9472229769289874c142ffb289ca546459e84c05ce0814ae3ae8f018ec804602
16,MAX-014,2,7,50,523,231,176,557396714,2,186861992114,407,31,45569,2581424d6781a2f2355b4c88fd700e4babc743c28592163d0748d4e4a676b837
16,MAX-014,2,7,50,523,231,176,557396714,3,187991110874,407,38,45620,f0d27f166484d3b437dc5b2ab783bbfd032ae0b7ca99d9f3a89116b6962ef7ee
16,MAX-014,2,7,50,523,231,176,557396714,4,189120229634,407,37,45671,039bb68eb3300dfffac53cbba4da16657ecd4ec6393377f06e1b34518db279b3
16,MAX-014,2,7,50,523,231,176,557396714,5,190249348394,407,38,45722,96d4774a201223b24b4c17c10fd04a555563fdbbc7492d784b2547ebe91e655d
16,MAX-014,2,7,50,523,231,176,557396714,6,191378467154,407,31,45773,3ef252d2499600208d70e3fe3bd666b47d6032465b75ec3d1b2769f6d1901cb5
16,MAX-014,2,7,50,523,231,176,557396714,7,192507585914,407,32,45824,cb71e0de12dd2968a57f0c03de49389fabcdbd554613dc311b9c02faf2de0c75
16,MAX-014,2,7,50,523,231,176,557396714,8,193636704674,407,29,45875,4b32e879906ce5165f86654f0ff1287f2eec8213ed1f95ecb19e2a8b02fe4b6c
16,MAX-014,2,7,50,523,231,176,557396714,9,194765823434,407,41,45926,536f172b4e8b2489ea4c4eaa35cf44850c40cf08d3dd80b75afbcc4b1717da7d
16,MAX-014,2,7,50,523,231,176,557396714,10,195894942194,407,33,45977,ee277848081a8eeec7eeda85ff03a1b8508b3b73bb98872a246730f0c6d2dfc5
16,MAX-014,2,7,50,523,231,176,557396714,11,197024060954,407,33,46028,122561ba57763a5e38436c03958eae1f0722ba2c65fe988e2ea259486b7d7173
16,MAX-014,2,7,50,523,231,176,557396714,12,198153179714,407,27,46079,fb4839ca2ebd5667917146b89ef849fdac143e798d31e40d2eab858f39e2d95a
16,MAX-014,2,7,50,523,231,176,557396714,13,199282298474,407,36,46130,77e21e28b6c6f2fc594d8f7533709c1ed17866c0aac45a53b365f148f463e3f6
16,MAX-014,2,7,50,523,231,176,557396714,14,200411417234,407,45,46181,5e5a391244b7c8c1dd248101bfda13ba25b1f486a344cc6e68e58908a0fcd2b5
16,MAX-014,2,7,50,523,231,176,557396714,15,201540535994,407,32,46232,4c18f8233394ae9a3c0a48a7c5057d9ed4b5980fa4f9ae14485308b10733aa0c
16,MAX-014,2,7,50,523,231,176,557396714,16,202669654754,407,29,46283,b621bb3b92f046c714c8b1a05551daf5032f64df00ce83aa57a94adf2f6f1424
16,MAX-014,2,7,50,523,231,176,557396714,17,203798773514,407,26,46334,b4c3acf52f060f4f36d5905cbe229e0afaf09660affcb90e6d3a2d272ad79b43
16,MAX-014,2,7,50,523,231,176,557396714,18,204927892274,407,26,46385,5dad74b07f9987986efbefbd06c836d29922648d4c22df8a260c02e1193afdaa
16,MAX-014,2,7,50,523,231,176,557396714,19,206057011034,407,29,46436,294c179a91065e25ee7e9d1de715b2b5df3c7830fc350881942a3a7d84f19d01
16,MAX-014,2,7,50,523,231,176,557396714,20,207186129794,407,26,46487,ea2bdfe42a4a830db73cc23dd12200daf428fb6056e268bcf86d783dbe1beafd
16,MAX-014,2,7,50,523,231,176,557396714,21,208315248554,407,32,46538,e3ee7b7d29c1a3bbac1a27ae940be9da442c34e90d57f5c738dd6be2e023c63b
16,MAX-014,2,7,50,523,231,176,557396714,22,209444367314,407,36,46589,573c72d3b4b83fb1544e3049d1718b925f2c92cc9f8441ad845c3ab965bf2b0d
16,MAX-014,2,7,50,523,231,176,557396714,23,210573486074,407,25,46640,86e957ba0f1a056b0e9c794d1f760a204c953bd3549d379e396f39065687bc9a
16,MAX-014,2,7,50,523,231,176,557396714,24,211702604834,407,35,46691,3b0b9f90589a3a94560c19469063ea798fdcc99d2e1473137b5ac167e73ca4e9
16,MAX-014,2,7,50,523,231,176,557396714,25,212831723594,407,33,46742,c060a3f4d1b5247d3150e66515d8123ab4bde001349d946f0e6185d4c5bf75df
16,MAX-014,2,7,50,523,231,176,557396714,26,213960842354,407,31,46793,df17ae1576be23ceabff8dc5d2c8a6716c411f6678a1ae8c93176d83ddf9cb55
16,MAX-014,2,7,50,523,231,176,557396714,27,215089961114,407,39,46844,d647248ba0ea942c66979592c89ea26317e817d7302a6bcef71998f8b9faf313
16,MAX-014,2,7,50,523,231,176,557396714,28,216219079874,407,30,46895,5d14cf06bdbb655b86a985de635df07446e691eb0004d291ed8a9431ea016698
16,MAX-014,2,7,50,523,231,176,557396714,29,217348198634,407,28,46946,da0e83857cfb0b46bda0633bf397551e1b148b26f99af500079259d7f14245d0
16,MAX-014,2,7,50,523,231,176,557396714,30,218477317394,407,38,46997,afaabb34228ae1c26fc3d180ed4dba6d87c5cd800e31a048de665e12b16b490d
16,MAX-014,2,7,50,523,231,176,557396714,31,219606436154,407,33,47048,2c3539ec5c663b751b0e63e5c68ef934c472331a6b0707ce15e57f59252956b9
16,MAX-014,2,7,50,523,231,176,557396714,32,220735554914,407,33,47099,4cda6444c94cb17e20ad7aa3b85ef40181298114e1aac264575bffdde762e276
16,MAX-014,2,7,50,523,231,176,557396714,33,221864673674,407,42,47150,88da0866170b14b83a8f9ef57cb49105913c4b0bbb11a5636245c3ed55bbd78c
16,MAX-014,2,7,50,523,231,176,557396714,34,222993792434,407,39,47201,3c3d6765bb556b045532a812d8716930699773b4e625534d6f00726c5f68f6de
16,MAX-014,2,7,50,523,231,176,557396714,35,224122911194,407,37,47252,8c22c895ebba2f0879a1cf31e6c3c96a28580c12351f40600ec6f7291a3baeec
16,MAX-014,2,7,50,523,231,176,557396714,36,225252029954,407,22,47303,33b2043daf4c289b29de34867ce6f3319d9fbdfa447f1858f98d2977b8b2e59a
16,MAX-014,2,7,50,523,231,176,557396714,37,226381148714,407,35,47354,5a5f04eb9c5fd2455deddacee559798a01e2d369332452727618152f7fb81d26
16,MAX-014,2,7,50,523,231,176,557396714,38,227510267474,407,24,47405,7a4f036911406316735a486df3381c205fc9bd56c65dc45e9bb1ac6ec8313d8e
16,MAX-014,2,7,50,523,231,176,557396714,39,228639386234,407,28,47456,b888ec009a93d28af7b380869123008ca01a8ea35b1d437d6968732aeca3d0b5
16,MAX-014,2,7,50,523,231,176,557396714,40,229768504994,407,34,47507,13661c66c4831833cc0a1601ec06a88cffdd769f6df23d58b4ba3db362fe9376
16,MAX-014,2,7,50,523,231,176,557396714,41,230897623754,407,39,47558,133885650b07d8744229741ff548d4c35bc99c1b955cddb1aa7a3b6781039fb7
16,MAX-014,2,7,50,523,231,176,557396714,42,232026742514,407,27,47609,91b2c03582aaf91fd9c6b5a26cb960b96311cc7e2d0fc5abfaeb4f193dfae95d
16,MAX-014,2,7,50,523,231,176,557396714,43,233155861274,407,37,47660,e754e8bfb271b68ca0bd6b2fdd13df2fbf8e4520d7e3ff0da233bc1b8cfd56d9
16,MAX-014,2,7,50,523,231,176,557396714,44,234284980034,407,33,47711,14c68c56d3f5cb4d877b2155d8df4d8090c0066a2b29f8c8c30252216e6526c0
16,MAX-014,2,7,50,523,231,176,557396714,45,235414098794,407,29,47762,3229e1cdcd4b3f1890fa48e97568ad93f1e7f833b7b93cf4c93012628544f0ec
16,MAX-014,2,7,50,523,231,176,557396714,46,236543217554,407,29,47813,47016f83063ace34a728e4915a1e235b64f3b9d8e879851f7cb412fddc432445
16,MAX-014,2,7,50,523,231,176,557396714,47,237672336314,407,40,47864,c15e53e371f58c645081c19eaca6bbd435dca39cd83e5c62a9d1e22b4b20856c
16,MAX-014,2,7,50,523,231,176,557396714,48,238801455074,407,32,47915,5bdc9ace795b1b3e28b7a48618ed406e4b351a9af594fe46ae21dd96a5cddbd5
16,MAX-014,2,7,50,523,231,176,557396714,49,239930573834,407,32,47966,854b1af1052b1c63257bd471438c22e09a4e06f58e36afa9e2e3c7c7764e84fb
16,MAX-014,2,7,50,523,231,176,557396714,50,241059692594,407,32,48017,79657d3441eda88d4e7b089c11483ad1fdcb15ab1060f46963ed09f7ae5c3d1e
16,MAX-014,2,7,50,523,231,176,557396714,51,242188811354,407,37,48068,f4a8b20ef5680d1fd424daea50eb9815943d90bce4e4ca5b0bf0b6e3d9a3ec5c
16,MAX-014,2,7,50,523,231,176,557396714,52,243317930114,407,40,48119,449720c958950506d32c318ee87502f0448142cfc879ce4e4147510daa41de41
16,MAX-014,2,7,50,523,231,176,557396714,53,244447048874,407,34,48170,a69be8c925bdaae536041e24d906c02ffa157e43c67ac9187e627b709c6e11b4
16,MAX-014,2,7,50,523,231,176,557396714,54,245576167634,407,37,48221,e0d0ef2eaa9330787223ad92607e85b087bb6095838dcd3c2496f91c8bdc3902
16,MAX-014,2,7,50,523,231,176,557396714,55,246705286394,407,37,48272,df946c96dfbace20b15282992ad49656b22449e15be641ee480aa63319eb362c
17,MAX-015,2,7,61,17,231,176,53086754,0,184099444634,407,33,48323,80c60b5442d44a4008b672086a747b7fe77c6aaa71fb42473c55863b08f0010f
17,MAX-015,2,7,61,17,231,176,53086754,1,185228563394,407,31,48374,6b8257bdfd40bbef7e6ef8d3b99fdc670c33f895c112ad12f8580e5d3f967d05
17,MAX-015,2,7,61,17,231,176,53086754,2,186357682154,407,28,48425,20b7d6dc6eb6926f296fa8f013df4ca297cad1ac23188bae63a8c92ac9a50653
17,MAX-015,2,7,61,17,231,176,53086754,3,187486800914,407,38,48476,96f76664fde9330fcfb78e9608e007c57cadaf162ed14817f6a2a8203dbecec8
17,MAX-015,2,7,61,17,231,176,53086754,4,188615919674,407,27,48527,e575beb61d4f5db30ca01729b434e195e9bb2a5f135a4b3331b7e1128095f650
17,MAX-015,2,7,61,17,231,176,53086754,5,189745038434,407,31,48578,97c2a8c4d17e6116502d14affd34f913450558b8581f5d576786e5258b6ffc61
17,MAX-015,2,7,61,17,231,176,53086754,6,190874157194,407,29,48629,b9efbae20b92064d5a8cd394b45a550b630a4c8de50d302846b356905755459f
17,MAX-015,2,7,61,17,231,176,53086754,7,192003275954,407,28,48680,0abdb22269795ff4a3c603dc104a0ae846d9683f238cc12511097a1edf161e75
17,MAX-015,2,7,61,17,231,176,53086754,8,193132394714,407,24,48731,3858c277ad2f9dd1446d8bea4945e1f9ee47ca327c09d68050bbbe3bc41d1936
17,MAX-015,2,7,61,17,231,176,53086754,9,194261513474,407,37,48782,0dd34dcd2ad2718b7cba89fbf84dc9a8d182574b724c0efa5b3e7aac4643a580
17,MAX-015,2,7,61,17,231,176,53086754,10,195390632234,407,39,48833,7f241d1ce3e47a94722a57280c0375bfc95b6700da06ac19fd92748394d6d415
17,MAX-015,2,7,61,17,231,176,53086754,11,196519750994,407,40,48884,d74ae411c0b5e680f7465a753d0666a61869d048b702aa140653055f9a401d33
17,MAX-015,2,7,61,17,231,176,53086754,12,197648869754,407,35,48935,33a15330a3d9ec67b6ceb578449c3f5ed1cd1bf9a78e592e63ab53f6b80975dc
17,MAX-015,2,7,61,17,231,176,53086754,13,198777988514,407,34,48986,66ed40b92684eda63dd7f8aaf45e2458529816e03d756c3f7390eb5abce45ed2
17,MAX-015,2,7,61,17,231,176,53086754,14,199907107274,407,27,49037,ab5675bb13ac8e998510d4698e8e943f09c572f424b2093611400ff27d910ebf
17,MAX-015,2,7,61,17,231,176,53086754,15,201036226034,407,36,49088,4b6d26bbdbb27d9510d911148abfeae49768513b0f300ffec3ca621ace6f1e64
17,MAX-015,2,7,61,17,231,176,53086754,16,202165344794,407,34,49139,47538f4336bb570df404e890f507c87b560e93fba8f91af28f52984d39256197
17,MAX-015,2,7,61,17,231,176,53086754,17,203294463554,407,23,49190,1bce3805e79e561f2899cc0472e57acd636e51b767b3ea44d5d99b81b9872fd3
17,MAX-015,2,7,61,17,231,176,53086754,18,204423582314,407,38,49241,bbb185f81269b213c88e2cf5d4def153accbb00f96936d46f2e948c94ffae9aa
17,MAX-015,2,7,61,17,231,176,53086754,19,205552701074,407,41,49292,b3f710f7f5308de15f0aff9f877bb5b3c6c1a9ee65372bfcee5205234e44c754
17,MAX-015,2,7,61,17,231,176,53086754,20,206681819834,407,41,49343,b2a9cd0ea50c93ecd84e6d1be90378fe90d2e2923cc212d71c1ba1ce5501980a
17,MAX-015,2,7,61,17,231,176,53086754,21,207810938594,407,28,49394,a5eb3bf721e8bbb4511000a18da6b07b751e7e10ef91bc4c354b5a4568b8fafd
17,MAX-015,2,7,61,17,231,176,53086754,22,208940057354,407,33,49445,e0e201ff21f02d20ad278fcfdebb5173802109424ad5c0237e7cdb160ecb4e55
17,MAX-015,2,7,61,17,231,176,53086754,23,210069176114,407,29,49496,11cf042020325373564952ef1099b65e0ad36b4ac0cde8d7099c54d5cbf3b68b
17,MAX-015,2,7,61,17,231,176,53086754,24,211198294874,407,42,49547,f0c92fc8ed63eec43591b0658af4a3eb3a1d669fcd1bb11928932674352ea2cb
17,MAX-015,2,7,61,17,231,176,53086754,25,212327413634,407,38,49598,2507ca9a37b70378382ba9c4887f93609688fbdb2c2c8e90cd1d9e1a5e557d1c
17,MAX-015,2,7,61,17,231,176,53086754,26,213456532394,407,33,49649,6c369ec27e902156e505d03b1b54564da084896687d0027ffd9945c94757a45a
17,MAX-015,2,7,61,17,231,176,53086754,27,214585651154,407,39,49700,2a75c69aa74377ab9e08507d76e40a12e5557fb2b443119520cafe9c57503e30
17,MAX-015,2,7,61,17,231,176,53086754,28,215714769914,407,36,49751,de10eb11f4efb3ddcc2bd0d451dd591647b9a1056de6365c446c9eac8ae8eba5
17,MAX-015,2,7,61,17,231,176,53086754,29,216843888674,407,32,49802,c3d446c6958567ba3a277b3e43da5900ad333f865c4d4a1493b2b09624b28db8
17,MAX-015,2,7,61,17,231,176,53086754,30,217973007434,407,35,49853,f73fa7be87fffc34d73ed6a944ce193811fbcfe13fb8842a931ec0ae20b57b9c
17,MAX-015,2,7,61,17,231,176,53086754,31,219102126194,407,28,49904,1990a391fbaa781173c86032e89cf9fcbbdfe8b3b7272e8ddbc03b93e5d7906e
17,MAX-015,2,7,61,17,231,176,53086754,32,220231244954,407,40,49955,ac030eca3b5ab61cefd762366279bac5927e99e39eb26abb391d15c574e0a4d0
17,MAX-015,2,7,61,17,231,176,53086754,33,221360363714,407,30,50006,bcdf875c0ff636419e70a4cb0e1a3925b42584fcb47bfd1d87b5200d39c42860
17,MAX-015,2,7,61,17,231,176,53086754,34,222489482474,407,23,50057,d816ac89ddd93edc212554dae4aa68d7f2969f0581b85e0da685d9e7a2aa799d
17,MAX-015,2,7,61,17,231,176,53086754,35,223618601234,407,31,50108,07d489e96abfc5d73cb3949d69fc0038a47b5514c5c595b1521d7e19e156ffd8
17,MAX-015,2,7,61,17,231,176,53086754,36,224747719994,407,34,50159,772fe7b66b877ef822d069541035152b49dc88882baaec07641429ac67f840cf
17,MAX-015,2,7,61,17,231,176,53086754,37,225876838754,407,31,50210,871e6e67459c2b4828035dca0f3b1cf029fb83e460bfaa86be5bfdd27efe7379
17,MAX-015,2,7,61,17,231,176,53086754,38,227005957514,407,38,50261,65f27f02fa1605d1d92362a431b06b9b53f4bb69e43925329cbd079ead11941c
17,MAX-015,2,7,61,17,231,176,53086754,39,228135076274,407,35,50312,daa4cedbdcb35ee61c7d0867f7b9d95ebd6c4a2fde00ccceeb3131147d431dc0
17,MAX-015,2,7,61,17,231,176,53086754,40,229264195034,407,33,50363,d223946dfd7aeee6bb677804dbc6e1df4fe4805b1e9ddd5b12df4022dd2e710d
17,MAX-015,2,7,61,17,231,176,53086754,41,230393313794,407,25,50414,4df9ad1f0aa4e3eef346aaeaadd73a7c6ca3132bea61223e3aec643b45c4a284
17,MAX-015,2,7,61,17,231,176,53086754,42,231522432554,407,37,50465,dbbfd499104601fee6e0e5efb92ee2389dfdf688f25f3a7798539cfef49e4c26
17,MAX-015,2,7,61,17,231,176,53086754,43,232651551314,407,34,50516,4b02b7321b692ec29178881fee540e25ae42f96d22663432385dc459f6967d64
17,MAX-015,2,7,61,17,231,176,53086754,44,233780670074,407,32,50567,47963092941ac3bac740e266ff9be6c929006d8ea0d9741cd2371bf3452a35dd
17,MAX-015,2,7,61,17,231,176,53086754,45,234909788834,407,36,50618,03ea3151648a2788eb43c75ba7ff3522b975b3003c7478e8bcccfe8f40e4e31c
17,MAX-015,2,7,61,17,231,176,53086754,46,236038907594,407,36,50669,6bc2d90ad4061ca98f63a204ef314235dd6d7bb4b544dd3942d60038edda6f10
17,MAX-015,2,7,61,17,231,176,53086754,47,237168026354,407,32,50720,eecc95636543c7856b2956bb22078b39edc0b928fa7a9ecd232804d6319d2ab2
17,MAX-015,2,7,61,17,231,176,53086754,48,238297145114,407,34,50771,046de633aeba5adc0b1f0379925ba24a8b1dd959ca6db0be7c48dc6b5502511d
17,MAX-015,2,7,61,17,231,176,53086754,49,239426263874,407,25,50822,e47eadf1e9ea6f16aacbb83e68bb1281f8abe4b7ded45139bb38dd0fa8ba748f
17,MAX-015,2,7,61,17,231,176,53086754,50,240555382634,407,29,50873,5fa271c501cd7d114388e8a1260090fc286d76656350c372877c16a58845943b
17,MAX-015,2,7,61,17,231,176,53086754,51,241684501394,407,43,50924,ca5a05b386ee99c97fc97c50e89f7975be49be431a18a16ea3e5687bdef54af1
17,MAX-015,2,7,61,17,231,176,53086754,52,242813620154,407,34,50975,f13cb84e54766f46b96e28767c0fa95f0009a76c6369fc2e8d12a0a9ce2b54eb
17,MAX-015,2,7,61,17,231,176,53086754,53,243942738914,407,26,51026,86a78379f6fa5faf49202ddceedb3a375b651887e09b6b82247a04c8c31fd882
17,MAX-015,2,7,61,17,231,176,53086754,54,245071857674,407,34,51077,e5c157e8f1b580f023796798a2a5d13ddb5f2acd36054f7d952ae44ce5358349
17,MAX-015,2,7,61,17,231,176,53086754,55,246200976434,407,32,51128,d4851961fa8e04f8827abd9c9857ffcaa5b1e551740b168bcf3632e0a7aeb164
18,MAX-016,2,7,61,40,231,176,985837034,0,185032194914,407,30,51179,bf9a3e161a6452265673e57f760693498e7adcde079ce6caefe2dd0d190a144c
18,MAX-016,2,7,61,40,231,176,985837034,1,186161313674,407,39,51230,ddea0f58b71c59a32a2b6d9bdfef6c9d92ea58ebbf1016b5d4bf19416c4a02c3
18,MAX-016,2,7,61,40,231,176,985837034,2,187290432434,407,35,51281,d55a04a085f5ade53268092d96d5f1c8f07419517d12d34bd58d667468094813
18,MAX-016,2,7,61,40,231,176,985837034,3,188419551194,407,35,51332,07475abf7701b65c355c374143adef4d7e5d85dacd2b60c6d266adc2a08fb971
18,MAX-016,2,7,61,40,231,176,985837034,4,189548669954,407,40,51383,55f0bbe59d2d3fb3f9b13e3fcc0f8b384d022fc270b2a1c9a932ce74a756c38d
18,MAX-016,2,7,61,40,231,176,985837034,5,190677788714,407,37,51434,460e5d31a157b7e4ba3c4b82474a61da6afb02c62029a1898507dc25d38f502d
18,MAX-016,2,7,61,40,231,176,985837034,6,191806907474,407,30,51485,0003149b99a672884ff754610df15660c3d81f36f37daf739b1beaec11a7fd91
18,MAX-016,2,7,61,40,231,176,985837034,7,192936026234,407,32,51536,58af3e4f04bfa0b1b7334078cdd2e424ed8462c436b9dcbdde7fd16d3c4b8a5e
18,MAX-016,2,7,61,40,231,176,985837034,8,194065144994,407,32,51587,b351f9f381321a276ba50e0e14d63a9282fe88ce47f6469ea31684522fe00755
18,MAX-016,2,7,61,40,231,176,985837034,9,195194263754,407,38,51638,7e7744be73a211cda1df98b472554211fd6e35c470bc8217cc015f49e3301ff1
18,MAX-016,2,7,61,40,231,176,985837034,10,196323382514,407,27,51689,d981ca77be9d7f2e48507cce6fd65e3a00b51e6eda03b7db5c607f25418dee84
18,MAX-016,2,7,61,40,231,176,985837034,11,197452501274,407,32,51740,5c65867bdec4536c0ac3f556dc812ee8c42ee8b977734bdf5acead98eb8236f0
18,MAX-016,2,7,61,40,231,176,985837034,12,198581620034,407,28,51791,5290d134d69e2edfbf317e39816458fe3b4b0aea16a26bc67f2447fd5d94aae1
18,MAX-016,2,7,61,40,231,176,985837034,13,199710738794,407,37,51842,3b4938aa8af425b7f0b9dbab5df93c51ab68dc83a7408568a43703a5a2992dd2
18,MAX-016,2,7,61,40,231,176,985837034,14,200839857554,407,39,51893,22114f6ede7974b2cd90fcae5b8d883737c08d7f8a9ef6e402cf7d3228810f53
18,MAX-016,2,7,61,40,231,176,985837034,15,201968976314,407,28,51944,6816fbef5b4dfa299e92d7de078aac442364a2d3d4bd94eeeaad1e34114e14cf
18,MAX-016,2,7,61,40,231,176,985837034,16,203098095074,407,41,51995,af6cbe9d309a4db00acad48f1e7a5c54919b41ba09c33ab4830dff1d7286cbee
18,MAX-016,2,7,61,40,231,176,985837034,17,204227213834,407,29,52046,cc9bf48e5815b7962648c6fa8d50da68359882662de42dc1a23f50dba3735c80
18,MAX-016,2,7,61,40,231,176,985837034,18,205356332594,407,34,52097,c614cbebb5635f3dd10914995edeb8828005315fcbe8dea388ec88c959946be1
18,MAX-016,2,7,61,40,231,176,985837034,19,206485451354,407,33,52148,c73d69de225da74b57d05e55b8e62483e326eb8bd01ed9ec3e89cf26303f207c
18,MAX-016,2,7,61,40,231,176,985837034,20,207614570114,407,27,52199,066144d6e0962079303075bd65053a46d3591784168a52ad32d80a118f9f41c7
18,MAX-016,2,7,61,40,231,176,985837034,21,208743688874,407,28,52250,1b196e3250c528e39988e3cbe963b95bd618bab14c743d945d1e5131f155b369
18,MAX-016,2,7,61,40,231,176,985837034,22,209872807634,407,44,52301,46cb59225962cde62fbdcf449b804f6c681d0c845381915ed1fa68757570cbda
18,MAX-016,2,7,61,40,231,176,985837034,23,211001926394,407,27,52352,0d1b121fd5d2c119b156d5ec814844f9cd13ddeb4fb506d6a56d631323575121
18,MAX-016,2,7,61,40,231,176,985837034,24,212131045154,407,32,52403,8811fef3b37115bb23f413055c5ac3d5f63345e84e09dfdbf42fa82142301a3c
18,MAX-016,2,7,61,40,231,176,985837034,25,213260163914,407,37,52454,a8241ca7c0e8351e8a89feec22d5f9118ca75bb4d02619eca46dc9d85045f87f
18,MAX-016,2,7,61,40,231,176,985837034,26,214389282674,407,27,52505,7fbf25c845d37c63f783086d3a134d4be74470443710984cfb8b57bb0ed732e0
18,MAX-016,2,7,61,40,231,176,985837034,27,215518401434,407,36,52556,338ef48e2e4571d50273ba53d7e8001d1f20981af5056d29046b1f3fed8a2a65
18,MAX-016,2,7,61,40,231,176,985837034,28,216647520194,407,36,52607,90cadd98930d55d19e595fff5d47c71fbcf7992fb0b4ae7fd1b81cf9d81825c0
18,MAX-016,2,7,61,40,231,176,985837034,29,217776638954,407,38,52658,bbc363c82aa7726a42123b1c5abd45b61d32857b71b5236198b95f69929fb8e2
18,MAX-016,2,7,61,40,231,176,985837034,30,218905757714,407,28,52709,ede6ae6951eeaa37bae30311a42b873e3af7a428f4031dc7995d9588c542b2f5
18,MAX-016,2,7,61,40,231,176,985837034,31,220034876474,407,40,52760,b398f91dfd620d713d9d145671469ebb3b0fca93509fcd7f9602525de6963407
18,MAX-016,2,7,61,40,231,176,985837034,32,221163995234,407,31,52811,bff4da4d4da864ce5b6b98550aa763fc842714727b88aeca5e02e83c67bc4914
18,MAX-016,2,7,61,40,231,176,985837034,33,222293113994,407,36,52862,3dfca3e1aec540b4acb87500482a19035fe283db427d13a5ed1394c997ee147c
18,MAX-016,2,7,61,40,231,176,985837034,34,223422232754,407,37,52913,64659d8f927acd4828670776272b9fbd0ac6f2fbe49f7b87a3a56ddf99faed61
18,MAX-016,2,7,61,40,231,176,985837034,35,224551351514,407,36,52964,a6a9970461bdb405c34a0d1237577855e042a5616a2836cc1293b40dfd94fb02
18,MAX-016,2,7,61,40,231,176,985837034,36,225680470274,407,31,53015,f032d31067a19da480595f7976f52c71024912dd9a2d12eac280d5e72c3b115d
18,MAX-016,2,7,61,40,231,176,985837034,37,226809589034,407,44,53066,b90c7cb5eae16dacc6441f2d6e58ab19b01039c41cba696b0e8eebd1bd006081
18,MAX-016,2,7,61,40,231,176,985837034,38,227938707794,407,29,53117,66bcabe8bb9576c693f165d31fe968a6d69e2af75810be448b73b967d3f2d8f0
18,MAX-016,2,7,61,40,231,176,985837034,39,229067826554,407,26,53168,6ee4d1003d5b8724bcb4c49fc25a5a1cd0c40006441aa6ba0692575116685a09
18,MAX-016,2,7,61,40,231,176,985837034,40,230196945314,407,36,53219,71914d428c027d83c075e0db49e5c204bb859a4c181d14042c785a5d1c99356f
18,MAX-016,2,7,61,40,231,176,985837034,41,231326064074,407,30,53270,418867b39baeaa7b4a81fb928e89c8c233f0ee974c2e61153f4c8e92defd54a4
18,MAX-016,2,7,61,40,231,176,985837034,42,232455182834,407,26,53321,d4ac46613be48a100d2c9b083c63562d9dcf3d319bc3ade606d9d41e1b9785c7
18,MAX-016,2,7,61,40,231,176,985837034,43,233584301594,407,39,53372,de66c4ab7883d69f811fb04b65f54a47579c5da7129d4e8482c6bd7b5ea1421d
18,MAX-016,2,7,61,40,231,176,985837034,44,234713420354,407,35,53423,debf32f81aee3a7a0a73166abc4849ad9102fb11a8d1009fa0f8f58cfc149d75
18,MAX-016,2,7,61,40,231,176,985837034,45,235842539114,407,36,53474,d95f215904a850c90dbfae6a9c969b535e3e7ddf1723fdd6d7c8991327872b9d
18,MAX-016,2,7,61,40,231,176,985837034,46,236971657874,407,32,53525,f8b61e52668af93f1aeee3c7f39c3176f207ecbfc41867fa24a889479e8e6f68
18,MAX-016,2,7,61,40,231,176,985837034,47,238100776634,407,24,53576,6f8296e713f75fc95fd0b332b1a55d400828e4b851529bafbf2f2b5b6a490e0f
18,MAX-016,2,7,61,40,231,176,985837034,48,239229895394,407,33,53627,175d6f8bb49af6d5c63c0a0bb62fa692470be5c6b3b2305dad13b4d96e804cd5
18,MAX-016,2,7,61,40,231,176,985837034,49,240359014154,407,29,53678,76a8d962d03d138f80fa6af05000599ea0a7ff5f240a95e74c2d138513710b72
18,MAX-016,2,7,61,40,231,176,985837034,50,241488132914,407,22,53729,1d8d9fd497c3f8052d877db0bf34723d68f0f91a9dd907f861bdfe0cee449d5f
18,MAX-016,2,7,61,40,231,176,985837034,51,242617251674,407,34,53780,59fbf59b237c95641303d77546203ebb1be71f40ff949ad4adee27f1221de5ed
18,MAX-016,2,7,61,40,231,176,985837034,52,243746370434,407,29,53831,0a5d51930ee5a66e7a0808e4b580c0bd398ac54da43f25da7833f2f7f49602e3
18,MAX-016,2,7,61,40,231,176,985837034,53,244875489194,407,34,53882,5450142467613c1f8ec45b93688caf4fccc9bc84847a5852e5ad8e7b44b7d6e9
18,MAX-016,2,7,61,40,231,176,985837034,54,246004607954,407,41,53933,294905c9be46ebe9d376e48aa89d8db52627669a26eb181c2271c3aed8470073
19,MAX-017,2,7,61,109,231,176,396731594,0,184443089474,407,33,53984,6e2af5be2ef3a7004db44b5f95fb170e011f352e67447818c7b8b332778805c8
19,MAX-017,2,7,61,109,231,176,396731594,1,185572208234,407,32,54035,3640b1d65f8b3a915ef2fec620853f661b28a1e1dbe7684ba7228299d23665e5
19,MAX-017,2,7,61,109,231,176,396731594,2,186701326994,407,33,54086,6bfa2af7251e2460c81bee78549e0957a74e24d16a0b9166fcdcb64bbed6a4c6
19,MAX-017,2,7,61,109,231,176,396731594,3,187830445754,407,29,54137,797b237aaf5972aca41c3598dfdb665366c88c72d6678121751d9355aadcd3c0
19,MAX-017,2,7,61,109,231,176,396731594,4,188959564514,407,35,54188,ecdf26a271985f9df60f7905d31537243cf2141775e0ac9999a81c442a8bcf3b
19,MAX-017,2,7,61,109,231,176,396731594,5,190088683274,407,32,54239,0b09db271d42e87d5e288c4eb90f53578512fbde9bf2c80320aaf02ab5ca11e6
19,MAX-017,2,7,61,109,231,176,396731594,6,191217802034,407,29,54290,deb3eb4f7e3c3b3bf6a6b3ab8273bbf9529000d559336fa3903e23c0dc867873
19,MAX-017,2,7,61,109,231,176,396731594,7,192346920794,407,37,54341,ee5b03bfed6617b96e7461f185d3e7eb1f48bda6363bbe9c8db3e6a5403f2429
19,MAX-017,2,7,61,109,231,176,396731594,8,193476039554,407,32,54392,d7723fdb4812bcbfb1cd0b703921773bbc32348b8224a292c1eac99de29dee56
19,MAX-017,2,7,61,109,231,176,396731594,9,194605158314,407,37,54443,99d567811a1dc8376385eaa74393002ed98022ead5bc533c4c17d573eafaba46
19,MAX-017,2,7,61,109,231,176,396731594,10,195734277074,407,37,54494,cfe047ed3631ccec72bb2fbc60fd5fa7ef4ae7a780b46f7d9878521649a539fc
19,MAX-017,2,7,61,109,231,176,396731594,11,196863395834,407,24,54545,d47b05b6c53b790dc9c032d678ab715550005c081463124a79f257c1a5b0cc92
19,MAX-017,2,7,61,109,231,176,396731594,12,197992514594,407,37,54596,d01a214c5c8d48a1192581e65c325fc45d91726c056eeaf091bfd86560a5f607
19,MAX-017,2,7,61,109,231,176,396731594,13,199121633354,407,35,54647,937705b8341287983cebaee7ffaa4f0ed56a3ebfc564d92ef146c1431e8378a4
19,MAX-017,2,7,61,109,231,176,396731594,14,200250752114,407,31,54698,c4f7f83dce79294585b1f566962cbffef3c8d06303e50c1db58351ebd8f384b5
19,MAX-017,2,7,61,109,231,176,396731594,15,201379870874,407,34,54749,9e299b082b84a406984c8ea599a23713e2bcd988ef402cba31ea778655e4c883
19,MAX-017,2,7,61,109,231,176,396731594,16,202508989634,407,42,54800,1f97cd4b26075bd72085a4245b450da4f6b686dffcc035c3de74cffbd51eaa91
19,MAX-017,2,7,61,109,231,176,396731594,17,203638108394,407,33,54851,afc106386fd3f762cce6582a033b3faabeb24ddbfae72e51da9c976dcaa6119c
19,MAX-017,2,7,61,109,231,176,396731594,18,204767227154,407,29,54902,0ca9cde3e2be2d4723513fa8b71170482aec053dec49aa91dd767a03502b0191
19,MAX-017,2,7,61,109,231,176,396731594,19,205896345914,407,38,54953,b079bc37b8a55f13f3f3448f9d6e6c2c6bb191d63fbf09ed45910d223b05f82a
19,MAX-017,2,7,61,109,231,176,396731594,20,207025464674,407,21,55004,93a8ad858a6f3668abcbd528630778c45e1feb5acc3ccbf57721f0fdbf246503
19,MAX-017,2,7,61,109,231,176,396731594,21,208154583434,407,30,55055,e7270b9324fc0a18600102d06d9c0f658a5f7a813ea9093127138657fdcd41c2
19,MAX-017,2,7,61,109,231,176,396731594,22,209283702194,407,38,55106,e33a108e46f1e5ac48ca29fdaefbcc0cd3f9664a8e5ae8bdf32089d66e9ac1e2
19,MAX-017,2,7,61,109,231,176,396731594,23,210412820954,407,42,55157,1f99a09682db24374edb5680db3297a7417c85fb4728e3e4b15b61ab3195eb33
19,MAX-017,2,7,61,109,231,176,396731594,24,211541939714,407,30,55208,9d0dcfaab80003227cb0c680c130b834bddbaabc26b7d3f155ca3414ba612914
19,MAX-017,2,7,61,109,231,176,396731594,25,212671058474,407,36,55259,be1b4f4c11a4bd4e332c859a9be3d5cc8c35294fedc7793874f646eb6430d25d
19,MAX-017,2,7,61,109,231,176,396731594,26,213800177234,407,34,55310,1c3455f5f741cdb904116bf809000a38088b5888ee3be79b3fefd1e5bf3b4c10
19,MAX-017,2,7,61,109,231,176,396731594,27,214929295994,407,36,55361,ce8229aabc7159d768c92d96dc8ab648c3d6b4bb465072373c156a7c0f07f1c9
19,MAX-017,2,7,61,109,231,176,396731594,28,216058414754,407,45,55412,6ce290b443493749fbee3eace3633f63161455ade2a41a460ac711f55d00cb21
19,MAX-017,2,7,61,109,231,176,396731594,29,217187533514,407,30,55463,467ba4dd1f7473087f72c38cdbe99dcc6f7a9a4eb2348de6c70eea9505978908
19,MAX-017,2,7,61,109,231,176,396731594,30,218316652274,407,27,55514,5cb4f00e8d45ba4a537180069e081e9c7b9dddc90ceb07a91e093a0c6db11baa
19,MAX-017,2,7,61,109,231,176,396731594,31,219445771034,407,37,55565,2edfee8cb534131afaa0b8f3d9b2584784485cce94f4241a046d40d7914f90c2
19,MAX-017,2,7,61,109,231,176,396731594,32,220574889794,407,36,55616,922cdde8cec18f6c7e0e115685b4f16c3af398f97e41b6e396171fac4e064ef1
19,MAX-017,2,7,61,109,231,176,396731594,33,221704008554,407,38,55667,b0b2e4384189d976883a510d9f6ef8ea6994212573e5690c78c4d8e4f24b7e46
19,MAX-017,2,7,61,109,231,176,396731594,34,222833127314,407,41,55718,6e7e32eabc0e1990b62a0bda6ce0679d58cef6108373c693b53e0ae4f00e9e5b
19,MAX-017,2,7,61,109,231,176,396731594,35,223962246074,407,30,55769,5ece1d297aec86b21a4985b180be6af70831dafc8090db508fe533b8f849776d
19,MAX-017,2,7,61,109,231,176,396731594,36,225091364834,407,28,55820,08c65081d5c809a011edec55078be574dbbdd479e2525e97ded9e07d2158b31d
19,MAX-017,2,7,61,109,231,176,396731594,37,226220483594,407,34,55871,99867aafee9c6447d04b25a26d0961094ab1baac105105713cb9c32f5bf78807
19,MAX-017,2,7,61,109,231,176,396731594,38,227349602354,407,31,55922,a2998db058008d53ddd174eaafaf19e90b5f8cf8b0ec548125be91915b6dc1fd
19,MAX-017,2,7,61,109,231,176,396731594,39,228478721114,407,28,55973,5bc88e225b2c806776ed669c86a190c6fdefef129f685f5405069d90e313758e
19,MAX-017,2,7,61,109,231,176,396731594,40,229607839874,407,39,56024,5709247927062a97d1b05a1e6ec2d04b5dca87607773e09725a3f8a07132eb75
19,MAX-017,2,7,61,109,231,176,396731594,41,230736958634,407,32,56075,795566fe6aa80ca85dbf952b9b39669512b40b0cc3a477d6a5fa93c5346295b6
19,MAX-017,2,7,61,109,231,176,396731594,42,231866077394,407,41,56126,42370029747b90d66894e04d227a19c073b817a9b7bd90a737bf736e5d67fcea
19,MAX-017,2,7,61,109,231,176,396731594,43,232995196154,407,39,56177,551ef66e39ad13261dcca74fcd98e41b486bfbc7a097ddcbce601541b1e966e1
19,MAX-017,2,7,61,109,231,176,396731594,44,234124314914,407,32,56228,e3c314613276e7420a75b8fda1a2e18ab23da22130aed2e29df3573ec127b206
19,MAX-017,2,7,61,109,231,176,396731594,45,235253433674,407,33,56279,84df314c7230fdfebdcecb25cdc5db38feee62f4ffebda2aa69405f395d8c21f
19,MAX-017,2,7,61,109,231,176,396731594,46,236382552434,407,38,56330,210290e18c20a53be43b6010b44ad713b46396cfe68b084107cc62f18a9d737b
19,MAX-017,2,7,61,109,231,176,396731594,47,237511671194,407,33,56381,ea3d2d60b18e9d25a694c0698bee1dfa615e0405e0b7b1f06efff9d03f4166fe
19,MAX-017,2,7,61,109,231,176,396731594,48,238640789954,407,25,56432,ecd7c9bdfb76476dafcb2f9d4e078eeef124e05a250785716b20a71ec4c69ee3
19,MAX-017,2,7,61,109,231,176,396731594,49,239769908714,407,32,56483,21a7139ba1fd8c696f24d4ff31e3bbcb80e79c06c68ef0eabb4252c2a0d00ddc
19,MAX-017,2,7,61,109,231,176,396731594,50,240899027474,407,36,56534,f4685e36d292bba1085b180f21a53c252c2b47cb35338aa8a2f5d351c3c52138
19,MAX-017,2,7,61,109,231,176,396731594,51,242028146234,407,29,56585,8a852e3abd979459859a299f4d24e6cd98929474b56f3ee2bcb4b2609fe9d6af
19,MAX-017,2,7,61,109,231,176,396731594,52,243157264994,407,30,56636,60585fdbc3eb76eca374015458308c38c1cba2b2695a198c129bd1fa54c33847
19,MAX-017,2,7,61,109,231,176,396731594,53,244286383754,407,36,56687,f6022e0c84c4105a41ab32dbde2800fd05ca40053a1dda51d7026d826309b0ee
19,MAX-017,2,7,61,109,231,176,396731594,54,245415502514,407,28,56738,593b026685f3278d9113e89116aa3e093742e34537491d354fdf15a2025482a8
19,MAX-017,2,7,61,109,231,176,396731594,55,246544621274,407,39,56789,3de5a24b21c46ee8189566277ca60d9a81f59bf6dceb5b19d2b04beebb4ecc27
20,MAX-018,2,7,61,178,231,176,936744914,0,184983102794,407,46,56840,c22d30fdebfffd8f3df1323536a9a6fa792f6e11f625d0c95ab94b2e9a42dda0
20,MAX-018,2,7,61,178,231,176,936744914,1,186112221554,407,29,56891,58b15cb512804856ebced197f185ec726589f8730dcc850dd2e513c42191c9a2
20,MAX-018,2,7,61,178,231,176,936744914,2,187241340314,407,36,56942,5ad94ee2709a345c8d9e6d5ea840fd0e424512bcd00cd54d1359dae4695cf395
20,MAX-018,2,7,61,178,231,176,936744914,3,188370459074,407,30,56993,6b7fc37ac0a1859e4b06baf380bc86667786d57e2d1dd032e9621ec7ec0944fd
20,MAX-018,2,7,61,178,231,176,936744914,4,189499577834,407,27,57044,1884c635c5b75914fa2860f3bb480b68c439cedd58244c0c48aa8e33cc41642f
20,MAX-018,2,7,61,178,231,176,936744914,5,190628696594,407,35,57095,91ec6fecd239a48b29a4ab6c8060d23f96705e25d89f0f5b1308dc4e0e1ab4d8
20,MAX-018,2,7,61,178,231,176,936744914,6,191757815354,407,37,57146,221da5269bea6ae6b073e5c68db27e8e50e9d67a375057aefb3bbdbb2da656c9
20,MAX-018,2,7,61,178,231,176,936744914,7,192886934114,407,28,57197,e84c5f8fc45ce1cf81e8598bd349695bec0e5890a8b231b49d292a4d07ffc633
20,MAX-018,2,7,61,178,231,176,936744914,8,194016052874,407,34,57248,3ea0163acad75dd83799b612c0eedd3a17053224f145054e1d6803141a1c78c3
20,MAX-018,2,7,61,178,231,176,936744914,9,195145171634,407,35,57299,f561504f0c680ae730ee6618a6ef74e0cba72a2cfccbb03ab4f92eebc5e5ccd7
20,MAX-018,2,7,61,178,231,176,936744914,10,196274290394,407,32,57350,0f8024616ebed495dd71f78ed7b80371830826c520e20f94d4f077807c5bc773
20,MAX-018,2,7,61,178,231,176,936744914,11,197403409154,407,32,57401,d30f6451f1a596bb8c0d19051f2d149102098dfe08fb748d2c1b6e638e4c64c5
20,MAX-018,2,7,61,178,231,176,936744914,12,198532527914,407,38,57452,33c1faed1b4629335457e20426ac78c871ebb1e73133c5acf28b4d879b50cd12
20,MAX-018,2,7,61,178,231,176,936744914,13,199661646674,407,35,57503,9df0c0aeb8145ddc1759d44589c1d7baf8498235258b1a5bf94ccd43e98fdf4a
20,MAX-018,2,7,61,178,231,176,936744914,14,200790765434,407,30,57554,49cd3093a4d0de34b3e9f2bd4ca6989759ec6f89e6ed9b6f37053438c92b0d7c
20,MAX-018,2,7,61,178,231,176,936744914,15,201919884194,407,41,57605,e4f2485b5932838d0fe1cf3c92cde31423209cf1da6a3e3b07fa28c68f9a06b0
20,MAX-018,2,7,61,178,231,176,936744914,16,203049002954,407,30,57656,aaa78659a343107d844c16072389f8ed0777ee674b1cab2872a3b199c176e6fa
20,MAX-018,2,7,61,178,231,176,936744914,17,204178121714,407,33,57707,9df8e8284c3acb222272cb4ddc84298e363fbf44ac888de0c1fd34840b934469
20,MAX-018,2,7,61,178,231,176,936744914,18,205307240474,407,37,57758,1dce331a37f737f9498251236a361bbb817ba248f0c633db4d5755570d79b67b
20,MAX-018,2,7,61,178,231,176,936744914,19,206436359234,407,33,57809,8d268c304cf40349ef2cb5b3e4838a4b4e1ec6c87b9ae10085164ea5008ff7d1
20,MAX-018,2,7,61,178,231,176,936744914,20,207565477994,407,29,57860,b12ce963b8e7b8c94b528fcb6373fee45b37eea56f13902aaa30e082292cc1ed
20,MAX-018,2,7,61,178,231,176,936744914,21,208694596754,407,47,57911,bfa7c0e42492c1839b8f093b84ca75fcccd6aea72b7b4245781fff7f1b4017db
20,MAX-018,2,7,61,178,231,176,936744914,22,209823715514,407,33,57962,3f628f3418b94ea29505b4680bc1447aade7101bdea6a98ae0c68c92dfc3993d
20,MAX-018,2,7,61,178,231,176,936744914,23,210952834274,407,28,58013,5227e0e09216dd0c61ce461935210fd37f9ed7a56785ccdfaab7e5f37e059cb1
20,MAX-018,2,7,61,178,231,176,936744914,24,212081953034,407,36,58064,af9831696ab2e398171b0cb34ed0ced5b333de1ddb8826a8a446d7891680fffe
20,MAX-018,2,7,61,178,231,176,936744914,25,213211071794,407,32,58115,8b657d94972b0218de8434e16ee6e65380228502815bd349ccd140ea9c88ce05
20,MAX-018,2,7,61,178,231,176,936744914,26,214340190554,407,29,58166,606b34ae207b46e977bfeaae9a0c9aef772bac1724c0b60e38800edd174fc1c6
20,MAX-018,2,7,61,178,231,176,936744914,27,215469309314,407,28,58217,c2df84ba079bf21031dca27684790965214270bdc2f6c09438ae89b38188b68f
20,MAX-018,2,7,61,178,231,176,936744914,28,216598428074,407,43,58268,8a0509935e0211e57181af5753139d6d9287a9dd3bbdc9bdabdf3ec13dab6d60
20,MAX-018,2,7,61,178,231,176,936744914,29,217727546834,407,37,58319,75b7bbb31b0e1c006e7f7a1ada457b6c62147040b70c21c9b180ed28f7a0a22e
20,MAX-018,2,7,61,178,231,176,936744914,30,218856665594,407,36,58370,e9e672a630033f88f438ecbb91bf84819f6d8d9b98f7fa83a799a6ab10eb51a5
20,MAX-018,2,7,61,178,231,176,936744914,31,219985784354,407,31,58421,65b39e85a80a4be56d35ec4f36dd5f7e72eb5eb3f232215d86f62baceb141833
20,MAX-018,2,7,61,178,231,176,936744914,32,221114903114,407,35,58472,be336070aebcf9d28b2c0d0782260e7f5e1f0c41df912e78c24f3811f7e847f2
20,MAX-018,2,7,61,178,231,176,936744914,33,222244021874,407,36,58523,b551790675553546781a5962ed8091b0ac32903e05eb2b8e6275feb535ad921e
20,MAX-018,2,7,61,178,231,176,936744914,34,223373140634,407,37,58574,47fdc354736e99dbef134d8162adc4c602949e9c0bf3305a11e0d13107169f7f
20,MAX-018,2,7,61,178,231,176,936744914,35,224502259394,407,23,58625,3e7ab6dd0c6c9af66c50b6bd70a523d9ef6320601ffc9eca30ecf5fe5c550513
20,MAX-018,2,7,61,178,231,176,936744914,36,225631378154,407,37,58676,d433e294189e6ee99b9b6726d41170cb65c4b70612ba5f9df2a6d87d8be20939
20,MAX-018,2,7,61,178,231,176,936744914,37,226760496914,407,43,58727,0d05ab8038cf495c295fc587de973130d6fd8f7a548b645d3ba6b4337c705d05
20,MAX-018,2,7,61,178,231,176,936744914,38,227889615674,407,39,58778,1563f5c3a2b1cc68b3b4e264741448c77f79c4210fa61527ece6a959af435257
20,MAX-018,2,7,61,178,231,176,936744914,39,229018734434,407,38,58829,d8c019855754e049e4d84cb8c6592ff67601e7c4aa64a6ccb28ef038146dab38
20,MAX-018,2,7,61,178,231,176,936744914,40,230147853194,407,26,58880,76a5f0baa84c492511b9bca7e6a5d45e1a468214bbad2a083d485c658ce87100
20,MAX-018,2,7,61,178,231,176,936744914,41,231276971954,407,30,58931,3bf9cbbaaa69d6fefe296ac13321384d4b4208efd97725d578a3265faff14df3
20,MAX-018,2,7,61,178,231,176,936744914,42,232406090714,407,41,58982,3e541568fabb9bad32bb37ab7057c3c7c50cd528fdac5b6037856f51001f9a50
20,MAX-018,2,7,61,178,231,176,936744914,43,233535209474,407,28,59033,5c6b8b93a9b9f5ae52d6a13e9e69b5b48566369235670d7dcd3773ca7c88061a
20,MAX-018,2,7,61,178,231,176,936744914,44,234664328234,407,31,59084,ba0a32182a072b98feb548aebbae43322b0187a7d7e73f44b8caa845bcfdf276
20,MAX-018,2,7,61,178,231,176,936744914,45,235793446994,407,33,59135,93c39d3064b0c29085e46a8c00c84bb35aaa3a83811891d640e2edc5bf234d85
20,MAX-018,2,7,61,178,231,176,936744914,46,236922565754,407,31,59186,3627194d955e01394575cb9a5d39cf5fa808a079b477b932e965295012102a09
20,MAX-018,2,7,61,178,231,176,936744914,47,238051684514,407,32,59237,6e9d37a8f061614b8de9857955db67490c33e1679462f3001ac67e202a1f94dd
20,MAX-018,2,7,61,178,231,176,936744914,48,239180803274,407,46,59288,7e3bc2f8b59bd6baf0a23fcf1282b7bbc56f947226f08f736800610f3e3f7145
20,MAX-018,2,7,61,178,231,176,936744914,49,240309922034,407,30,59339,199405350a3c3296e123c9dfb8cd3bf97feee6b268e5b8b2d8e1057d9e2741a3
20,MAX-018,2,7,61,178,231,176,936744914,50,241439040794,407,29,59390,eef59a80efeccc84438508fc0d4812ac2aeb2d03dee2949bb53fdcbcbeb5bb89
20,MAX-018,2,7,61,178,231,176,936744914,51,242568159554,407,36,59441,14b39fab2c727058d52878f416a81e77ac8cae0273f02d41def619ebdcdd41ca
20,MAX-018,2,7,61,178,231,176,936744914,52,243697278314,407,25,59492,159625de1daaf7017546ad6756b1047aa464ed46602cdb4c8d7eced433e82f35
20,MAX-018,2,7,61,178,231,176,936744914,53,244826397074,407,29,59543,e8f32e1cfba1319c731112c33e405a4a60bdced11119ad6dc1c923f74708bbac
20,MAX-018,2,7,61,178,231,176,936744914,54,245955515834,407,37,59594,c45452cc04a5d3ea24537b4f34c7d72a628b0f40d451509a08b56671fb01fa98
21,MAX-019,2,7,61,224,231,176,544007954,0,184590365834,407,46,59645,7a2cd6d5deff2b20a428029b565d9e006c6473903d564f750319680e74986a87
21,MAX-019,2,7,61,224,231,176,544007954,1,185719484594,407,45,59696,63dd4a9f1780dc92bd81ea98439adf2a040fabdf7ffa838e2ff7c63bc1f823b2
21,MAX-019,2,7,61,224,231,176,544007954,2,186848603354,407,34,59747,7e50b3844aa5a62cbcbaa571e13c207171437d0159669d2fe9f03a28ba841c46
21,MAX-019,2,7,61,224,231,176,544007954,3,187977722114,407,29,59798,e71cc12c6c5b94523bc46523b9a060be5aae49e9491ed6223eb9c4da4fcd62df
21,MAX-019,2,7,61,224,231,176,544007954,4,189106840874,407,38,59849,d3c646414ba1b502814b7121202a770d9180f5904a9dffb21115e4907aed86d0
21,MAX-019,2,7,61,224,231,176,544007954,5,190235959634,407,27,59900,194f3531ff9a60b9015cc7d11bf74a56ff93dcd8db4a19d6aa7dcaadb7ad688d
21,MAX-019,2,7,61,224,231,176,544007954,6,191365078394,407,29,59951,e880d00ec3dbbb6f2c878068a204f4f2062c5fc95c127a8d402ab89780bb7a7a
21,MAX-019,2,7,61,224,231,176,544007954,7,192494197154,407,36,60002,6e4d37f8272ba862c73effef39593cd904e25e6b16584019cce36b6c4bbc2a42
21,MAX-019,2,7,61,224,231,176,544007954,8,193623315914,407,40,60053,9f31132852500c02ec5c223b229be9dd46626b092193814bb2916d2ff0327203
21,MAX-019,2,7,61,224,231,176,544007954,9,194752434674,407,33,60104,e6a6b523bcfcf0739103d2fc2eae3fee6f5d047c764b9fdb9e226b8ad074bdeb
21,MAX-019,2,7,61,224,231,176,544007954,10,195881553434,407,32,60155,632b5dcc44d39071a51cb0260f7766a03524d3ac62a166042be51bccaa6205c4
21,MAX-019,2,7,61,224,231,176,544007954,11,197010672194,407,27,60206,d338fa9995c745c966dddc214c8ae1d30a6f1f4923d922b1b526671b83b56fcb
21,MAX-019,2,7,61,224,231,176,544007954,12,198139790954,407,29,60257,44d5e12cf53ee1ba81813160cc6c3ed50e3798e2408486a8a4897bebcb3dde59
21,MAX-019,2,7,61,224,231,176,544007954,13,199268909714,407,39,60308,28c0ea9991827960296ea22c170e165d90fd0ffd5fa292b2b37b37382043210b
21,MAX-019,2,7,61,224,231,176,544007954,14,200398028474,407,20,60359,0b202587aff7888902536d22042a4af1ae1b8a016d743aa56c035b4c69bbea72
21,MAX-019,2,7,61,224,231,176,544007954,15,201527147234,407,34,60410,7d00368c6fdce32d58926da1e2810e6478c146e72d159ffc044d37fbc67540be
21,MAX-019,2,7,61,224,231,176,544007954,16,202656265994,407,40,60461,9a362ceecc7f42e12fde06baf9c357715fa45e418b340d0f599f46435ea00f6d
21,MAX-019,2,7,61,224,231,176,544007954,17,203785384754,407,37,60512,df5ee6b9a088c195fbb2eb8f18daf24aae65d02d5b58cc4edc026b1fef89d001
21,MAX-019,2,7,61,224,231,176,544007954,18,204914503514,407,35,60563,cb141bc65e4d1557d25fec0007e0aa0ca498bd857d7e96158bac7e2f6028bae1
21,MAX-019,2,7,61,224,231,176,544007954,19,206043622274,407,37,60614,e1cc0098697450ed8e269ee1ff1d50837017ceec7902136314616e4606b7c669
21,MAX-019,2,7,61,224,231,176,544007954,20,207172741034,407,26,60665,c649e0bf6f3e32b3b565f6d3d58fd80e7e055986c0c12806054e31aa5cc26741
21,MAX-019,2,7,61,224,231,176,544007954,21,208301859794,407,34,60716,e2f648ed05bd8d1d38ab861776abee2e467de21e87b9e4d3514f862e9249defb
21,MAX-019,2,7,61,224,231,176,544007954,22,209430978554,407,38,60767,0f8ba7f27a2216ceddb56ac0f6b922dc882e3b79b15c31a33e847562c420d54b
21,MAX-019,2,7,61,224,231,176,544007954,23,210560097314,407,26,60818,f1666805bfa76efb14ddaaf11a9eeba774c2262b0ed92e0d5d4fa9c642933683
21,MAX-019,2,7,61,224,231,176,544007954,24,211689216074,407,35,60869,79a0677e4c7abfb8c6e7d5f4aab50f89e0da9cfbaaee5961bee5e1305d0256b9
21,MAX-019,2,7,61,224,231,176,544007954,25,212818334834,407,27,60920,d77a8e0671d6f115fc899876cdce564febef21c5119d25f7c2d5ee17345af580
21,MAX-019,2,7,61,224,231,176,544007954,26,213947453594,407,35,60971,10a26f41c3142adececb6713a8383da3ef43a896ab7c9e3b3f6f8b76e4f69e26
21,MAX-019,2,7,61,224,231,176,544007954,27,215076572354,407,33,61022,2fa9ea6b5b6c4d8a7cd28b8c48615fb6966a40873cc952bdec0ac9d986cb7906
21,MAX-019,2,7,61,224,231,176,544007954,28,216205691114,407,31,61073,0e7e7a61a57f4ad14e92d803fcfe4e99d6c7d7d252ba28ad9d6132eb5dff58ae
21,MAX-019,2,7,61,224,231,176,544007954,29,217334809874,407,24,61124,84084ef5a2e4ac920b95651fc12e988598be6435037584407addc9c31a2591ad
21,MAX-019,2,7,61,224,231,176,544007954,30,218463928634,407,31,61175,0e11de2d1022688b3d166cdf819b301145ea56070451b3378a0770c342b3f1a7
21,MAX-019,2,7,61,224,231,176,544007954,31,219593047394,407,29,61226,c5d862fe0b2328a7a58ec3abaa337c9d6c210cfd6ae9aa7ee9ad08167a3dbe58
21,MAX-019,2,7,61,224,231,176,544007954,32,220722166154,407,27,61277,bb20f98b77587336b4406bd64e940d056ca8ccec561abdd93b960263bc4532d7
21,MAX-019,2,7,61,224,231,176,544007954,33,221851284914,407,32,61328,0a603edc2a09c0457c84ec9c40ed588a1f05fa150ef78a74d717c1934c82753e
21,MAX-019,2,7,61,224,231,176,544007954,34,222980403674,407,47,61379,f11c3f861b84581caa7decb884af601479e13293e629dce004679d3ab1433066
21,MAX-019,2,7,61,224,231,176,544007954,35,224109522434,407,31,61430,4e113f95195fa78f25cc2d272da1d5a2c8855106c1297645e5d20c104f8d2b89
21,MAX-019,2,7,61,224,231,176,544007954,36,225238641194,407,37,61481,0480643300de20092c7665c0ff73918499769c4fdb154701f9493a026f488b06
21,MAX-019,2,7,61,224,231,176,544007954,37,226367759954,407,35,61532,f80fe361ab32f0144d89c5c5da12564f1229158aa445b0fc7ef10ddd9deb7d70
21,MAX-019,2,7,61,224,231,176,544007954,38,227496878714,407,25,61583,390253444fa9616df2e09df1bcdefbd950dbf7acc24f91034e23bbb32a8c942b
21,MAX-019,2,7,61,224,231,176,544007954,39,228625997474,407,37,61634,74e56c300e924a67f0f40695e14d243add29b3a6099cabda112618c371e2d958
21,MAX-019,2,7,61,224,231,176,544007954,40,229755116234,407,36,61685,a6f4fe34021182d5a6cc5bdd2294b61d28fcaefe8d895e798ddc61ebe11d8c9a
21,MAX-019,2,7,61,224,231,176,544007954,41,230884234994,407,23,61736,01811bbaba3d4b8b3d2cb4f6bc49eff5b8312f21ff8af54bf112927fa234a649
21,MAX-019,2,7,61,224,231,176,544007954,42,232013353754,407,35,61787,c1d55759eb5d0ee86df7b96bd7e2534093c30541d5fcd021298e375f64953aba
21,MAX-019,2,7,61,224,231,176,544007954,43,233142472514,407,38,61838,ff4b56ead9d325bce1d7db39a3a5745858312e394575745dca6807eacf44c5b5
21,MAX-019,2,7,61,224,231,176,544007954,44,234271591274,407,36,61889,a81f88d35cc5104cacf6e063f4a8ca2995e9f4f590a544a70c42ad0d043c846b
21,MAX-019,2,7,61,224,231,176,544007954,45,235400710034,407,31,61940,acb396d31838adc986663909b17ad9c16f7d2d66574a0f78a19d1e3e4a98976e
21,MAX-019,2,7,61,224,231,176,544007954,46,236529828794,407,33,61991,057ceb5691fd6abeb21b3717158b9770a354dc8faabc4c4e47ba587b00c97e6b
21,MAX-019,2,7,61,224,231,176,544007954,47,237658947554,407,30,62042,4be4a4363a08bdcb8c4712c84d36907186da345455e7658381ecc570382b051e
21,MAX-019,2,7,61,224,231,176,544007954,48,238788066314,407,29,62093,e6b089525b1af36cc919b40518011536f2bc672e78aa820a64ba99430c2238ba
21,MAX-019,2,7,61,224,231,176,544007954,49,239917185074,407,29,62144,0bf353fbc0df5caf612ded2f63cd17102816024c0c89b04fe5fae2bca77cd370
21,MAX-019,2,7,61,224,231,176,544007954,50,241046303834,407,29,62195,ac82b8d39c60f5b0d012acb4a72aff7a5dc7cf19186997ebe1ec8ad6d2fdc0c0
21,MAX-019,2,7,61,224,231,176,544007954,51,242175422594,407,35,62246,8ae1265f6f841c907a6ccaaeb425bc887f55b8e2d6e1a912b0cfab52a5e93b6a
21,MAX-019,2,7,61,224,231,176,544007954,52,243304541354,407,32,62297,fe9f6fc6def2d700443bd833228f6ebe1698283fd192e7b392a7ec936cd1a4cb
21,MAX-019,2,7,61,224,231,176,544007954,53,244433660114,407,39,62348,34cd6c430ec2f0c85ce2acc3ca4c0479a1f3cda7704506705c2b7d192e3a14f9
21,MAX-019,2,7,61,224,231,176,544007954,54,245562778874,407,34,62399,ac4a9ddf548a6b42b7503826e110647fd7b7045a597acb7a30c323fd8f32d155
21,MAX-019,2,7,61,224,231,176,544007954,55,246691897634,407,35,62450,6def91ffd6d8ae330ae1847ea0f781bcf0b9ac5f853f5985813a61c9350f9ff9
22,MAX-020,2,7,61,247,231,176,347639474,0,184393997354,407,34,62501,62896fe3a41800a0412c9b4027c75bcd3c2b8338f2f0da4aa191c51bc2fd2074
22,MAX-020,2,7,61,247,231,176,347639474,1,185523116114,407,31,62552,9dbcde298a68f36fd31cd4db94c71dec0e6f4e9eed154af459c2f6e59d39fb22
22,MAX-020,2,7,61,247,231,176,347639474,2,186652234874,407,34,62603,7f647dca4cb11d8dc951216aa7ca3cccfde8d8994eb2a8ec31abd48136527f3b
22,MAX-020,2,7,61,247,231,176,347639474,3,187781353634,407,29,62654,f230c697b2e0a690526477139b2c3f48b58ed99d72d45b36b4f87b6f9de82dd2
22,MAX-020,2,7,61,247,231,176,347639474,4,188910472394,407,29,62705,ee75907559c29029bd93f63a534f6c102f744b6b277b6d55d75ad4a3daec1628
22,MAX-020,2,7,61,247,231,176,347639474,5,190039591154,407,34,62756,595794f69acd3dbc1809e9d8f738488843ada7196cc3def3a05ec3dfcb0591a4
22,MAX-020,2,7,61,247,231,176,347639474,6,191168709914,407,44,62807,62648549ca6bc5ee8d5ee18386f8a77dac72b66db0664cfcf2936964bf6dd109
22,MAX-020,2,7,61,247,231,176,347639474,7,192297828674,407,38,62858,2121f45ba8c6f5dd07db83e40bf523b767f8c49b1eb4bde076f4e736660df884
22,MAX-020,2,7,61,247,231,176,347639474,8,193426947434,407,42,62909,491444c58fa215a06198e9442bf8d6ffa1261a0d7fe4cd5a6ead2a744157e024
22,MAX-020,2,7,61,247,231,176,347639474,9,194556066194,407,28,62960,e54954484049a441044bbd05da375195339e847bdbd7e520dbda7240774c2f0b
22,MAX-020,2,7,61,247,231,176,347639474,10,195685184954,407,27,63011,cd59b22f1492ebfc9b199815be59d8e69ff0129c2b8d54cb75e10e25518afd68
22,MAX-020,2,7,61,247,231,176,347639474,11,196814303714,407,32,63062,4faa8b32f3e741d4d199826dfdf3b29a93ad7d89bb28c2f20a5b58634e25c423
22,MAX-020,2,7,61,247,231,176,347639474,12,197943422474,407,31,63113,27db1fa66abc4c12558ce46231bc7830cdd38e11dc8ca15aac754858573a15a6
22,MAX-020,2,7,61,247,231,176,347639474,13,199072541234,407,27,63164,b4e2d403f375d3f17facc2eedb296c41ceeb14a1ee7ae504168c34e4df0f8f63
22,MAX-020,2,7,61,247,231,176,347639474,14,200201659994,407,32,63215,ca9848d43a572b601b5f3b8dfe3d402e8bf2f73313a2523ba64ddbb8c5ce72e0
22,MAX-020,2,7,61,247,231,176,347639474,15,201330778754,407,35,63266,5297e34f00181bd4b07496826376be0b1be3a4ab11a4cbc0814082f604d0417a
22,MAX-020,2,7,61,247,231,176,347639474,16,202459897514,407,34,63317,b617cec52c8e8dba831d35f7233de5b2505242ecffe698760c86f465193fe263
22,MAX-020,2,7,61,247,231,176,347639474,17,203589016274,407,27,63368,85c5296d003e4cf3ce491fd1aef6a234dacc071be0420d84214e95320aa8408c
22,MAX-020,2,7,61,247,231,176,347639474,18,204718135034,407,37,63419,11a07fcfc2b7e5631457b132f51559effdf0fc211eeb55c2b3bc736e6aebb0b0
22,MAX-020,2,7,61,247,231,176,347639474,19,205847253794,407,27,63470,cfe58e0fa3032ebae06ff5b81814b730c2eaf70b1c07e020ddbbc18e5a699a2e
22,MAX-020,2,7,61,247,231,176,347639474,20,206976372554,407,34,63521,b9fb9ae501247709599fe1878682bfe6c1fe7bf93f7e1be43e1765c2173f4a3f
22,MAX-020,2,7,61,247,231,176,347639474,21,208105491314,407,35,63572,018f48c4bbb501a2eff7f9d09b3dce1bc1b79f24929d8140da680f92b4827926
22,MAX-020,2,7,61,247,231,176,347639474,22,209234610074,407,33,63623,01ee13a378243d3e497c4e5a1056debb92297d3b274555c0436b2104b5bf30f4
22,MAX-020,2,7,61,247,231,176,347639474,23,210363728834,407,30,63674,17ae940c4bf83d27cf7cc021531881fc41b8db1f840e4c62c262f64405467286
22,MAX-020,2,7,61,247,231,176,347639474,24,211492847594,407,42,63725,be63921fcd07f19caaefc57009fae509a6106cc0b91f93dd4cab2851a29591f5
22,MAX-020,2,7,61,247,231,176,347639474,25,212621966354,407,36,63776,1638772a39c7235b5ff2e604b0e129fa9682b70f2d0773efc67b5b77c5654dcb
22,MAX-020,2,7,61,247,231,176,347639474,26,213751085114,407,37,63827,4a2bfed8200e809ed9161091dc83efc4d4838c29217d040b754e5887dc640a1f
22,MAX-020,2,7,61,247,231,176,347639474,27,214880203874,407,34,63878,1be72fd457176359d266ed2ddd5d1510e16402345bc2dda9f1943e320c3526ad
22,MAX-020,2,7,61,247,231,176,347639474,28,216009322634,407,29,63929,265e5168aa09bbdc303419b76213acd397ac560382095860bee5405282af69b9
22,MAX-020,2,7,61,247,231,176,347639474,29,217138441394,407,26,63980,515c4237889e92cca9dd39d1ebe5d922d1fd1cf6a9f010c14ee1e9946948d323
22,MAX-020,2,7,61,247,231,176,347639474,30,218267560154,407,37,64031,12f3e2516663ada330ff4e8e1ea00884ba4ec6143751e418711e48b37004c2ad
22,MAX-020,2,7,61,247,231,176,347639474,31,219396678914,407,29,64082,1078b366012f37173c43b26d0c88f3091b4e0280c3cf1e6a5c912f344b5000e9
22,MAX-020,2,7,61,247,231,176,347639474,32,220525797674,407,37,64133,de4dcc698f29d79095dda082bea4b4ed33f541415738ea04decf30103746467a
22,MAX-020,2,7,61,247,231,176,347639474,33,221654916434,407,36,64184,b42450e3d97e16eb4fcdb91e7df8ad8704d2e6666644d5810b059dec6ab79586
22,MAX-020,2,7,61,247,231,176,347639474,34,222784035194,407,43,64235,39a55b005f532598819f013bf9a310306cd432edb3259694f37ea83af48905d7
22,MAX-020,2,7,61,247,231,176,347639474,35,223913153954,407,45,64286,385e358645c4af5005554104a212404718a1b450ed6242b956903a3b6f09d520
22,MAX-020,2,7,61,247,231,176,347639474,36,225042272714,407,37,64337,fb5c8dfabefafa7a0bd5094f87034e2ac575eb2584a24b0c58f50e4bcef934ad
22,MAX-020,2,7,61,247,231,176,347639474,37,226171391474,407,22,64388,4396339ef1875d145d71d0fdf5500ceb02a9c68fcb909c099fbd9d188cd97151
22,MAX-020,2,7,61,247,231,176,347639474,38,227300510234,407,29,64439,d50474fbe820fb110e57207421f58a60b8ba08d65f7ea04709f94d473f8958d7
22,MAX-020,2,7,61,247,231,176,347639474,39,228429628994,407,33,64490,96ca9c161710ae2aec33f9ab4178968776ab0d9fd3f6c0202e3d0c5c4d61d960
22,MAX-020,2,7,61,247,231,176,347639474,40,229558747754,407,37,64541,a1fa9bc609523fe417186f44ed10aa3c7696429142b71a97bbe7e47cd63b364c
22,MAX-020,2,7,61,247,231,176,347639474,41,230687866514,407,27,64592,827e1bc6d67ed1351c9dc366ef56e4310d746115eeeb57f2f6a887c4056aac77
22,MAX-020,2,7,61,247,231,176,347639474,42,231816985274,407,40,64643,704d2004d40c3919e044659d40b7dc52aee089b3f0cdeda77731aedba003528e
22,MAX-020,2,7,61,247,231,176,347639474,43,232946104034,407,37,64694,940394a72641c0570de37de191c6a25279ea617187f9a6d082d2780c15f52e4e
22,MAX-020,2,7,61,247,231,176,347639474,44,234075222794,407,35,64745,fc1cea5e7df302c0f7614906ea2f62e2834b3ea42993a7b4bd94c2cbc2601e8f
22,MAX-020,2,7,61,247,231,176,347639474,45,235204341554,407,40,64796,bebef0e0521c0cf5530118643abc5c38543df171ff9b5da13f91bcec15e4e7d0
22,MAX-020,2,7,61,247,231,176,347639474,46,236333460314,407,30,64847,b92889ea9589be31e99203a8f16f4ee5e7885e03f17bc0ae03e6bc696d89a37a
22,MAX-020,2,7,61,247,231,176,347639474,47,237462579074,407,30,64898,6d6aac441ff77c8fa24f2f1466fad9509be1e2e58c0011af65a13853c2d8a995
22,MAX-020,2,7,61,247,231,176,347639474,48,238591697834,407,37,64949,53dff8abb21cceecd3adab85fd5d0f96c7903beb6118dc9c42cca890918257bf
22,MAX-020,2,7,61,247,231,176,347639474,49,239720816594,407,24,65000,fb2c58e3fcb99e44a1cfafb4fd7815b17194b779e84510742ae812666b6c8c61
22,MAX-020,2,7,61,247,231,176,347639474,50,240849935354,407,30,65051,4bcbf14f336625cc6b09f45f24b47b2da4501c8e1f8849f107a1b1ab2292db01
22,MAX-020,2,7,61,247,231,176,347639474,51,241979054114,407,30,65102,d3a175fb83b1ca431e1a2c6e8d82efa9904d37bbac41baf649538b5b9ca5451d
22,MAX-020,2,7,61,247,231,176,347639474,52,243108172874,407,30,65153,0acf30f435eadb2ec9fb96f51f549ddb73602f39d9633ac1257752812d1238e6
22,MAX-020,2,7,61,247,231,176,347639474,53,244237291634,407,35,65204,14d71e8456feb3432625cde9e8e370a4aca12027da2f83320910fcd2f19e3512
22,MAX-020,2,7,61,247,231,176,347639474,54,245366410394,407,36,65255,acaca1e7416b8d2b8ff359f0940d272524d159f201d722888904979c2bd9a55a
22,MAX-020,2,7,61,247,231,176,347639474,55,246495529154,407,32,65306,70cf34bf8cbfaaa6de792be40046c6d628587b333a5dfef0440c40a4840a196e
23,MAX-021,2,7,61,270,231,176,151270994,0,184197628874,407,37,65357,5e56ebb6f031913067db239e309fdb3d3eed3c10a994331dd80f3a1430cb8248
23,MAX-021,2,7,61,270,231,176,151270994,1,185326747634,407,35,65408,13587190b12906bbb596ea3daf8b06ee82203fa7c3b93b7430fdc8f2f5fd264d
23,MAX-021,2,7,61,270,231,176,151270994,2,186455866394,407,41,65459,ec921a0d943d155c727b0036b7c219955669288af0fc19596a8f942ae889ca6c
23,MAX-021,2,7,61,270,231,176,151270994,3,187584985154,407,30,65510,335c476b5a3a89d7da878b4a28322cf67fe9dc18ba11daf823e237a44e36ac77
23,MAX-021,2,7,61,270,231,176,151270994,4,188714103914,407,24,65561,88d07f79cee11e652eeb2a6a0a36fa6f5bfe10da71c9873e98eb819db9df7777
23,MAX-021,2,7,61,270,231,176,151270994,5,189843222674,407,40,65612,52616916565e9063885b50661c389ea16314f5b6e0b8ba9101b9b83860406611
23,MAX-021,2,7,61,270,231,176,151270994,6,190972341434,407,36,65663,c247a7c0e797e3245016d9c3d69ec74ee7741d241be87cdf314f66d80addd760
23,MAX-021,2,7,61,270,231,176,151270994,7,192101460194,407,33,65714,cfc74fbc1b78d6c758b270bf6eb886719ff933652fc1b1273765b80afcfbc656
23,MAX-021,2,7,61,270,231,176,151270994,8,193230578954,407,36,65765,b27611ab7519a7a420ec903e9cdba3438138686d3baef88835f9cd16939dbc79
23,MAX-021,2,7,61,270,231,176,151270994,9,194359697714,407,29,65816,6e7b245e0182cb6ac11e6460b106395337dd74d7830968711971ccb9f2a52145
23,MAX-021,2,7,61,270,231,176,151270994,10,195488816474,407,33,65867,57958f63d6e0da36ab29ebfa33a655d40f855a7d73610ccfd41e2be1dda00558
23,MAX-021,2,7,61,270,231,176,151270994,11,196617935234,407,30,65918,1ff316aba9e2eb9361d744ac62a91684447cb40b4cacb39d7a472f23f521c13e
23,MAX-021,2,7,61,270,231,176,151270994,12,197747053994,407,36,65969,abf1a80bba862dac8f61428d969366bb04c02c1a3ad1b1eeade36edca7d81cd9
23,MAX-021,2,7,61,270,231,176,151270994,13,198876172754,407,30,66020,8c7c1c15ebc5c8b7cd820c51ccbf80f4baa0735df6eff33f085790d91fc21ec6
23,MAX-021,2,7,61,270,231,176,151270994,14,200005291514,407,34,66071,829257028344af49fdf4160f9c0ba7b92ddc9d20d248afb64930eeba25956785
23,MAX-021,2,7,61,270,231,176,151270994,15,201134410274,407,42,66122,a26eb7b54c9f79cc98e44f12baa52f7e762ac76252062515a6145c04edff6825
23,MAX-021,2,7,61,270,231,176,151270994,16,202263529034,407,36,66173,c573ff891c9c95cc4b7f3bb5772344e78f72b89e65b269162ef303c83349564a
23,MAX-021,2,7,61,270,231,176,151270994,17,203392647794,407,30,66224,7fe578704fb0f118a00b95153c76beb286cc3cf6bdbf84ae23e85d4dcd44fdde
23,MAX-021,2,7,61,270,231,176,151270994,18,204521766554,407,34,66275,9119d40450174e2a59e0304997d2638435ed0224027d70a655ec500bf4723abd
23,MAX-021,2,7,61,270,231,176,151270994,19,205650885314,407,29,66326,26b76c4ce26e7b28dbbc44a356fc49ca94e60ecce2319dc106af019d0095d686
23,MAX-021,2,7,61,270,231,176,151270994,20,206780004074,407,37,66377,a3ade2faa81a36c030bf547a48e37b3325705cda31bf0e8e5a5342e1920f373c
23,MAX-021,2,7,61,270,231,176,151270994,21,207909122834,407,35,66428,5ba25586f367ca6697cccaab9cc759c419b225cab9f3031d56b4b9491c5bc85f
23,MAX-021,2,7,61,270,231,176,151270994,22,209038241594,407,38,66479,7010df4a72b72195f406c0cfe252ef413cfcad483a48ba5dffade1532a32dc31
23,MAX-021,2,7,61,270,231,176,151270994,23,210167360354,407,34,66530,95b48e000eb912ba54db3b58a4bb34648d755a8c8f5378f7ffde632955188540
23,MAX-021,2,7,61,270,231,176,151270994,24,211296479114,407,33,66581,566d06de915ac4c5b0f54c8bbc2bc0b1b8be19938d7ba64ee8ff942fdd1f0364
23,MAX-021,2,7,61,270,231,176,151270994,25,212425597874,407,29,66632,6dc82c7d765e6dc88fcb6304d29fa1ffe7f4d84e428d9a374e891faf4827d049
23,MAX-021,2,7,61,270,231,176,151270994,26,213554716634,407,45,66683,f4a88bef7334518f89ad23137dc250587ba413d7ce1fed25d2175ef16b1ec8e0
23,MAX-021,2,7,61,270,231,176,151270994,27,214683835394,407,30,66734,b13f3fff33fb675cc9d9173c3c5a1d9b1d82dac60f6c8cdd70c08f6cadeb112f
23,MAX-021,2,7,61,270,231,176,151270994,28,215812954154,407,31,66785,80a7562bed8c93fd933708e6c9613ac2402373f1aa6e5994545d4da21298361c
23,MAX-021,2,7,61,270,231,176,151270994,29,216942072914,407,35,66836,cd23bbd9fd16cebb6ed2835a3f1c108486c6846502d5c830cad9c52529a4935d
23,MAX-021,2,7,61,270,231,176,151270994,30,218071191674,407,27,66887,f63ca9fa09cedb3a23d6dda44fc1fde1f6c7a9073c9c616d658bcbeaebd53303
23,MAX-021,2,7,61,270,231,176,151270994,31,219200310434,407,40,66938,84c6ac9bf5388f2e301f38d59589597c924dfc8302b2e1245cdb63e7f4c417da
23,MAX-021,2,7,61,270,231,176,151270994,32,220329429194,407,44,66989,436cdef42e4bf4c2a9b9e35fab8c9cc65b3b2de7a046be980bf26e8ff02f359e
23,MAX-021,2,7,61,270,231,176,151270994,33,221458547954,407,45,67040,fd0b7de41daa6af6e42c76810a17463eb664045d89a48ad10c2a29dfbdb69d96
23,MAX-021,2,7,61,270,231,176,151270994,34,222587666714,407,44,67091,da192992657421bf53938dacbba3c51e04aebbf798fa1e2a33d9c6811655e405
23,MAX-021,2,7,61,270,231,176,151270994,35,223716785474,407,31,67142,e7e97cecc8a259f18775843e899b622208b3e357f5df2aac2e6f44919bfed701
23,MAX-021,2,7,61,270,231,176,151270994,36,224845904234,407,31,67193,3d7ad60f05994924f2186ca00b036969b4223119f9d9e14d1faea2114b58b62d
23,MAX-021,2,7,61,270,231,176,151270994,37,225975022994,407,27,67244,d4f7e752848bcfb82ebac945e30af75d0177b190e75c3b3492e40043de25aa08
23,MAX-021,2,7,61,270,231,176,151270994,38,227104141754,407,37,67295,60ca852ce750466289369a0e1623b6706dbd1a55996f0b103b63b7bd2ad52869
23,MAX-021,2,7,61,270,231,176,151270994,39,228233260514,407,28,67346,8d92671c9b33be5d413cddb6be369a1dcbc884bbd97314e1f546da4ee91e59c4
23,MAX-021,2,7,61,270,231,176,151270994,40,229362379274,407,33,67397,6585cc5dcf6f472a16ae9b6fb226c61e1f0601ded6bb681f0d0eaaad80d52ab9
23,MAX-021,2,7,61,270,231,176,151270994,41,230491498034,407,37,67448,87ca67446fcdd42e4bf770432ed0c8ec376fba9ecd45d4eab240c8c9e7613d95
23,MAX-021,2,7,61,270,231,176,151270994,42,231620616794,407,36,67499,43aef33de2f91f85b51dfa80d27b426697ffb71ca7e736eb5f3a86d51baafa6e
23,MAX-021,2,7,61,270,231,176,151270994,43,232749735554,407,25,67550,7e3c72684451736d698f7bfe819f39565760d36abda5319a83df624ae1324085
23,MAX-021,2,7,61,270,231,176,151270994,44,233878854314,407,37,67601,d34dfbf2c486f98fe85c36dcf34944fe17cc5a6d4be6ac916a5ff6d5dffde15c
23,MAX-021,2,7,61,270,231,176,151270994,45,235007973074,407,34,67652,f5546528a63b6303b066cc676f5a3d98c0ae917e600cd17fa0bc223d2bbfaec3
23,MAX-021,2,7,61,270,231,176,151270994,46,236137091834,407,36,67703,9e18713f8fac45af9495b3880db6f22fb5df795dc37af1d57837f152ae5b8691
23,MAX-021,2,7,61,270,231,176,151270994,47,237266210594,407,35,67754,5a3ca08b8f6d2bf23ac9419866e7b6ed478c842dc7adc0f02c46905888efa286
23,MAX-021,2,7,61,270,231,176,151270994,48,238395329354,407,33,67805,f008d6a855ded40d2cd66d35bdaf5bc89c41700e104593a8106a3ca869203130
23,MAX-021,2,7,61,270,231,176,151270994,49,239524448114,407,27,67856,5adae6b92e9213af7af1224fcf0e30fd1f1ee9f2cb7a0ebe9d994ad02bb35b4c
23,MAX-021,2,7,61,270,231,176,151270994,50,240653566874,407,36,67907,444e99a4c097c1ef93e6c14d23ac3e7ffdca512acc08e046ff6b34c62e6b4944
23,MAX-021,2,7,61,270,231,176,151270994,51,241782685634,407,33,67958,06b42400639a0c800a194dbb8ea877ea7b59c0b6dff5e2bb06b0c6bb79f7a71b
23,MAX-021,2,7,61,270,231,176,151270994,52,242911804394,407,36,68009,f58a2a7aeda4138d89dae9efa7e493c51fde6ed215ebb84d87ebb6f22041a314
23,MAX-021,2,7,61,270,231,176,151270994,53,244040923154,407,38,68060,eb6d02642ba833090e9c5e332114093df221ff062bfb485d3ac5a66f834f276f
23,MAX-021,2,7,61,270,231,176,151270994,54,245170041914,407,23,68111,a0f8954fd458617200a10a5a1a3a07872b1fbf1cbadd9e39af7b4afff9422742
23,MAX-021,2,7,61,270,231,176,151270994,55,246299160674,407,33,68162,e8364811ce6d4c63927533e5f9088b0f4857d56c15b84a38282471fb7460da0f
24,MAX-022,2,7,61,316,231,176,887652794,0,184934010674,407,32,68213,89f3d7476d7eccb049f8aad5454b4cc53a34d669790ab03ca5dae9b1e1b4c88c
24,MAX-022,2,7,61,316,231,176,887652794,1,186063129434,407,28,68264,12f2fef59d18919a09d63bea2493664b0616156757d7181a95f2d4c2b79b703d
24,MAX-022,2,7,61,316,231,176,887652794,2,187192248194,407,34,68315,9120d17609379d66115bf5bf4ed62a66b452bcb1e8238bc12120c85bffbc2833
24,MAX-022,2,7,61,316,231,176,887652794,3,188321366954,407,41,68366,59a46634f4ee6b17a7c177c1b211ecbd6fa28455de0443fce09476a536afd5a9
24,MAX-022,2,7,61,316,231,176,887652794,4,189450485714,407,38,68417,bb888549e4ca83bf6fc1a8a167f80e5f1e45a1487ed26eb65f9faa9ac5ca37cd
24,MAX-022,2,7,61,316,231,176,887652794,5,190579604474,407,30,68468,dd079549098d6155c5d928a83afd6ab4b43cc91123d683196171b93bed29fcf4
24,MAX-022,2,7,61,316,231,176,887652794,6,191708723234,407,33,68519,45eaf5c2fb4c199d28c7eddd58e8775369fd8fce2971100bc0d62dfb24602d5f
24,MAX-022,2,7,61,316,231,176,887652794,7,192837841994,407,35,68570,aaf8481a7c1921c926ae2c5ab7c648dd8df7d7bb2491634f8c758fe34b8c18a0
24,MAX-022,2,7,61,316,231,176,887652794,8,193966960754,407,35,68621,8e12675f051ab6b342484086d04ec8eed37ca3a8cc318c27cbf7f248df680a75
24,MAX-022,2,7,61,316,231,176,887652794,9,195096079514,407,30,68672,30e90ad37af6d14b302210228b5fd85c0fdf86ce40a0e1e729b1dc361cc13c8c
24,MAX-022,2,7,61,316,231,176,887652794,10,196225198274,407,28,68723,e0c2eeaf2da45f49068e7627bf641720e05e797c2c7cb5f15967169676a1c649
24,MAX-022,2,7,61,316,231,176,887652794,11,197354317034,407,35,68774,08d6f9c2023ecc94af238923b5f73f15692d554b261e81e47c6d736a7ac9ae06
24,MAX-022,2,7,61,316,231,176,887652794,12,198483435794,407,27,68825,b55d48770b96e425d7c0e0948b0634db8b2412daddc68ea52f29480b28fdfa57
24,MAX-022,2,7,61,316,231,176,887652794,13,199612554554,407,31,68876,4fbfbfe04e27506a1f605d95d3e8c319b0ab35843b58328de172be2b75521495
24,MAX-022,2,7,61,316,231,176,887652794,14,200741673314,407,38,68927,201d927d79caf6614a4ef8945b5ad013d5068369507d0afdd5719e0908477c32
24,MAX-022,2,7,61,316,231,176,887652794,15,201870792074,407,32,68978,4401e2b7acad808e8983164469c00c0049336efc48b1c169a4a8353a21e6cafd
24,MAX-022,2,7,61,316,231,176,887652794,16,202999910834,407,34,69029,dd08fb113df24563f09d1af59be2956999e81a704f57e2b9b37a44160fd19ecf
24,MAX-022,2,7,61,316,231,176,887652794,17,204129029594,407,34,69080,9aaca8d5385c3bab7446bf3c20e67f1cf6044bd547d049f24b464c0a4626f60c
24,MAX-022,2,7,61,316,231,176,887652794,18,205258148354,407,34,69131,642e30604bb3c376d9e87437bdd2393df3f4c2f16ba6c52955d22b934c30a290
24,MAX-022,2,7,61,316,231,176,887652794,19,206387267114,407,35,69182,14217a525cc453dd538e1259103bc8b80a2926c9a67948aed6d88c4ff7ed8a3b
24,MAX-022,2,7,61,316,231,176,887652794,20,207516385874,407,35,69233,6aa99bc9e05de91fff6fc1cde3cc3073930ee2479efdcbdde3a99b61e298bdda
24,MAX-022,2,7,61,316,231,176,887652794,21,208645504634,407,36,69284,3e2f1dd8809de8f31dfa0985f35a02e7df4d66b95df5c3779210d3bdb0f0750b
24,MAX-022,2,7,61,316,231,176,887652794,22,209774623394,407,32,69335,b0924f34fe7d242fa773bcdffc18b4b2007080e18116876f1747f5a2fa3a7be3
24,MAX-022,2,7,61,316,231,176,887652794,23,210903742154,407,41,69386,e9e9aa4bda324f86a11b6e66fc1862c1972d9d2cd7c6f400e9981d2b60e67496
24,MAX-022,2,7,61,316,231,176,887652794,24,212032860914,407,31,69437,2c93b8d3515b3da3fd66241b06b05a59de226ba04ac0efbe991c46f50193901a
24,MAX-022,2,7,61,316,231,176,887652794,25,213161979674,407,27,69488,3c07e23e75cd1e90ea5b284575323d0de3fc3d29d01fb4a8d3457fc885ac4aa0
24,MAX-022,2,7,61,316,231,176,887652794,26,214291098434,407,32,69539,97b7d42b5e90fff5be78fcc7cd9bc5340334971bdfe16ecb1cdd5735ec8d1245
24,MAX-022,2,7,61,316,231,176,887652794,27,215420217194,407,31,69590,1e1f34972dce8e971ae664712fccb8135149cf6f4e19c34ba8b7737f9ab3d254
24,MAX-022,2,7,61,316,231,176,887652794,28,216549335954,407,32,69641,eb45a08117b5c9c125e445986378728e23dfe54eb1ba1779ed93ee66b76d25ea
24,MAX-022,2,7,61,316,231,176,887652794,29,217678454714,407,36,69692,9325edf6487371aa6d51df7560b60bb7cc27371d7ffa5d094fe98330e92ada94
24,MAX-022,2,7,61,316,231,176,887652794,30,218807573474,407,30,69743,c9bf718ca3ce00c73e4c8cdd39426bcd171fb3e670575e52c7747e528f83dbff
24,MAX-022,2,7,61,316,231,176,887652794,31,219936692234,407,38,69794,074fa0606e6654668a8ccf3e1691d5def50494f2e80a586edac290cf5abd02c7
24,MAX-022,2,7,61,316,231,176,887652794,32,221065810994,407,39,69845,d32887ee4b5710612a5eac972ac46c7169cf638db0e68c640689107b6113292b
24,MAX-022,2,7,61,316,231,176,887652794,33,222194929754,407,26,69896,a78e8761b1657ffad2658b787a35f8e440ca15ba8ec25124d5fdeef9f4aedaec
24,MAX-022,2,7,61,316,231,176,887652794,34,223324048514,407,29,69947,77e5059741083e35801a4332075a4d37cedb4c5c49984f1da6cdcef81d98c55d
24,MAX-022,2,7,61,316,231,176,887652794,35,224453167274,407,38,69998,7253b8820c188b4eae5e9aff65fdcb1a207dfd43ebe8645e97a2df14d510a493
24,MAX-022,2,7,61,316,231,176,887652794,36,225582286034,407,24,70049,7815f414da2228ed576b8ccb8458d36f7d4c445e6451c497f4c2a5cf0bbdb4f1
24,MAX-022,2,7,61,316,231,176,887652794,37,226711404794,407,28,70100,da6b4427d5b2ac8a3bc55947139f51f696a00b319de96cfa247ef81d084d5c58
24,MAX-022,2,7,61,316,231,176,887652794,38,227840523554,407,39,70151,3f12492b8ec32372797102ca5c7d6de11076f56a2203e596086ff6077b3af11e
24,MAX-022,2,7,61,316,231,176,887652794,39,228969642314,407,43,70202,ae3ec023d927c6460dcc5edd5aa2d49ff31904a39780ff338d8ef99f889f6756
24,MAX-022,2,7,61,316,231,176,887652794,40,230098761074,407,30,70253,6c2420a6ea35547dee6721a6a4cbfb8de4e3b09f709cf266756a1ecd4d24df99
24,MAX-022,2,7,61,316,231,176,887652794,41,231227879834,407,36,70304,8c2ea88df35c070179e45bf0ea2dbdb82d9a1760c16621d826d92f988db8f121
24,MAX-022,2,7,61,316,231,176,887652794,42,232356998594,407,30,70355,b3c927e2018fd0a6b03d138a2ee787531f263e7ae46e185da73df2edcd7e88ee
24,MAX-022,2,7,61,316,231,176,887652794,43,233486117354,407,31,70406,bc0c5b5ed0c3f56d752ed772a5a72924497d2eff47dee396bc8692c576da5962
24,MAX-022,2,7,61,316,231,176,887652794,44,234615236114,407,35,70457,406f91434d071fd0397fb4cc57a63f19d82fb30efa54a9fb2cb4bd4810205376
24,MAX-022,2,7,61,316,231,176,887652794,45,235744354874,407,29,70508,3866e654a4448568d6e1868338a37520f627c1e35cf10d6e854991601db0b554
24,MAX-022,2,7,61,316,231,176,887652794,46,236873473634,407,25,70559,f2c35f1ac4ec3d10207a52e2a7e64924f80757d7d478ccd00cec69e053eb11d5
24,MAX-022,2,7,61,316,231,176,887652794,47,238002592394,407,39,70610,82520c99d8f602299c705dfbe77876658a61a689a2ca6dbd5d8825491b95ac29
24,MAX-022,2,7,61,316,231,176,887652794,48,239131711154,407,25,70661,e86dc3d609c67f8b43acfbaffa1cc4b0d02b33f3890f0c6c5c864fc89ce9d5cf
24,MAX-022,2,7,61,316,231,176,887652794,49,240260829914,407,28,70712,fc0d3c9496d74f3d537f50251e7311b37b0112181d35d6b543d2088ad625e890
24,MAX-022,2,7,61,316,231,176,887652794,50,241389948674,407,35,70763,67e7afe4f497c9590f82881414790a4b882c8d99352f7c1f36e8d0a298a2263e
24,MAX-022,2,7,61,316,231,176,887652794,51,242519067434,407,31,70814,4aa3ccbd8f8fbbed9e9ae4c202305e99d5ee6b84532a294c0c7ddb77df87772f
24,MAX-022,2,7,61,316,231,176,887652794,52,243648186194,407,30,70865,c42e5e53f44adcf890885590a379e371d9505047c57aca0098522ba4c551c101
24,MAX-022,2,7,61,316,231,176,887652794,53,244777304954,407,35,70916,27ae1ca68725494cab2d6555f9964e0f99c7e8959e5c5f16a7579d16a8128296
24,MAX-022,2,7,61,316,231,176,887652794,54,245906423714,407,30,70967,84f036b662694747d575bc473889c9bbb85eb849ce79d79abcbaf5be726a5492
25,MAX-023,2,7,61,339,231,176,691284314,0,184737642194,407,29,71018,dd9c3a9b5b2471f97d2354d14fdbd8a9bffd32372138f1235410320282fbcced
25,MAX-023,2,7,61,339,231,176,691284314,1,185866760954,407,40,71069,957aab1e414734bfe6c8e09d6326f8ba3ed46d118af4bd338ffa9234b942f137
25,MAX-023,2,7,61,339,231,176,691284314,2,186995879714,407,37,71120,ca5c2bce82b342a74869fcd4e6f76ca397c99ec4057ed0098a18a78f67e1af29
25,MAX-023,2,7,61,339,231,176,691284314,3,188124998474,407,28,71171,0e7d2bd405ecb2e8d7657ebb7d3205a0420be2f3abe0a5d4dcaaa7e8510633a2
25,MAX-023,2,7,61,339,231,176,691284314,4,189254117234,407,35,71222,e4121df54e2742862ab44c4a96a45e92eb54e2d91b5dd2fcf5685b382011400d
25,MAX-023,2,7,61,339,231,176,691284314,5,190383235994,407,34,71273,c1772ebdd6961996cd897b1df636502c8cf7898c83d39cab07013e633455406f
25,MAX-023,2,7,61,339,231,176,691284314,6,191512354754,407,28,71324,2a9c81c62dbf0572c89b61ad9fc43920549ea6974d0d92da0d4d2de1115d7065
25,MAX-023,2,7,61,339,231,176,691284314,7,192641473514,407,31,71375,f7e72562d1aa58da39e5d21126a0042b26ebc92f0ae1f44b305b902ccecc4f01
25,MAX-023,2,7,61,339,231,176,691284314,8,193770592274,407,33,71426,48340654d76407aad7ec2aa62e90dce38e2a858b5c0e9a8aa27c22c140420cdb
25,MAX-023,2,7,61,339,231,176,691284314,9,194899711034,407,20,71477,a4230834c6bb72f90e5c2814ef020e50ecd4b8973b58e69ab76da376a9e9dfbb
25,MAX-023,2,7,61,339,231,176,691284314,10,196028829794,407,39,71528,4dbdac3b457b072e0ffd65b8d2707d6cab71a7de2a5a1383fa1c57f4ceabe240
25,MAX-023,2,7,61,339,231,176,691284314,11,197157948554,407,38,71579,c4b23433dcacc955c8c14f08528a2713352e5e1f854c9db6e4fbe6a328eebd86
25,MAX-023,2,7,61,339,231,176,691284314,12,198287067314,407,29,71630,0e61e1b05adeea4816ea79586507cf483e4b0fbde5400a6fe1d47214b7ca6ace
25,MAX-023,2,7,61,339,231,176,691284314,13,199416186074,407,34,71681,ef8d774d78305eb6eaab6421fe6e0321f0bdc8d04c2e6a125082a75717cb62f5
25,MAX-023,2,7,61,339,231,176,691284314,14,200545304834,407,28,71732,b126cebb32f88288d06a454ab5e06543797c24cf555ac23045a7a8bd08d2a950
25,MAX-023,2,7,61,339,231,176,691284314,15,201674423594,407,26,71783,7953310b3c0d45bf33a66bfef02efa09fd202c220f55e02cc5917b38dcf34667
25,MAX-023,2,7,61,339,231,176,691284314,16,202803542354,407,36,71834,527ac3eda29a792f50a53f63106ac8d72d50b16b3147767e8918755638e8a28f
25,MAX-023,2,7,61,339,231,176,691284314,17,203932661114,407,27,71885,2f9c890ff2bab8281bd5dcba7f46c3cc95dc5d740db0607b8d58622af72bd69e
25,MAX-023,2,7,61,339,231,176,691284314,18,205061779874,407,29,71936,28fb7e1affe1ce1aacf878f544b627a39edc510b24fe47c2d8308c18a9d15409
25,MAX-023,2,7,61,339,231,176,691284314,19,206190898634,407,35,71987,a5df1ea877d425953e95762f17ef9454f6fb120207ced2856f1a27701087bac1
25,MAX-023,2,7,61,339,231,176,691284314,20,207320017394,407,31,72038,ce7fb4d58037fc8dde8a4cdcd9414ac03d724f9e8b1e4f3a31e7565fb70fd22b
25,MAX-023,2,7,61,339,231,176,691284314,21,208449136154,407,34,72089,2959bf813e4157c609a1ac3c7b2ed8a713a7612c170a821c0bcb1e93f8f4513e
25,MAX-023,2,7,61,339,231,176,691284314,22,209578254914,407,25,72140,be2d896eac3f03b1f466702bf648bc8b7a5aed7adfdcfea96163b036d1880140
25,MAX-023,2,7,61,339,231,176,691284314,23,210707373674,407,31,72191,e5453bf0c17dfb2035448deaf40c7824d347ce8d235e96618cd0a9972cc8fac1
25,MAX-023,2,7,61,339,231,176,691284314,24,211836492434,407,37,72242,82e545595fa2cc8c2a592989c938d6a8304a9ecc8248048e3ca3b626e649674b
25,MAX-023,2,7,61,339,231,176,691284314,25,212965611194,407,32,72293,2ec25e63530f11160452b5c0f832d8bd0f3cfcf9e4aaf1c0bfbdce7a2dccf666
25,MAX-023,2,7,61,339,231,176,691284314,26,214094729954,407,30,72344,03a57983c766c1f0b5a32da85b70d6eee853319812d87c69d47de33d922e5888
25,MAX-023,2,7,61,339,231,176,691284314,27,215223848714,407,29,72395,9286b72b95e567c9614bcb64427f08752cbd26ff4d92e0fbe9517de7be2d567a
25,MAX-023,2,7,61,339,231,176,691284314,28,216352967474,407,35,72446,834674f5ced84b2c3c465f958031d5f0a12e385d08fa3ba4f8a61f9738522f47
25,MAX-023,2,7,61,339,231,176,691284314,29,217482086234,407,42,72497,a98f18ca0b0300fc893f2b49bd9c2d26c94232643a5cde212c98817017ebdd04
25,MAX-023,2,7,61,339,231,176,691284314,30,218611204994,407,31,72548,51714ffd1bbe989e7f5de30e41fe5cc124ac3eceed2791c4cfad86b7802e2769
25,MAX-023,2,7,61,339,231,176,691284314,31,219740323754,407,36,72599,f5cf7b0b2c9926e34ee0c140c0613a9be775a57ee9f72150d2f2e2f15d2f4cd9
25,MAX-023,2,7,61,339,231,176,691284314,32,220869442514,407,28,72650,03d924782695d82f3cfa83b4c5dae9d826a3ffc43e5eb3e0a4a9547a2f87304a
25,MAX-023,2,7,61,339,231,176,691284314,33,221998561274,407,28,72701,ab5e1f506b4c9b9d1c945fca7f2c7fdbdcdc1c381dbcd61fca2206bf5e299806
25,MAX-023,2,7,61,339,231,176,691284314,34,223127680034,407,32,72752,5b100af3ee946793ca3ce448871ff4c1fbfd13c521e7c6a66c4634f3f6a756c8
25,MAX-023,2,7,61,339,231,176,691284314,35,224256798794,407,33,72803,a17ccfd845887e37cbaa0d0ada3a5e1dbf8d1532b77f6ce0c402cf0f34c6efcd
25,MAX-023,2,7,61,339,231,176,691284314,36,225385917554,407,32,72854,ee1888b40d81572704a43f3618fd2a24579d870648fa8871f367417b555e3abd
25,MAX-023,2,7,61,339,231,176,691284314,37,226515036314,407,38,72905,39e799ca699739e8879739a95ff9406e78a1a82f874cf210a03532e09496cc07
25,MAX-023,2,7,61,339,231,176,691284314,38,227644155074,407,33,72956,edd48ca44e56a6c131ffbbeb5ef7b7823f9189f9f5dcb1b361b26e73a3c1f635
25,MAX-023,2,7,61,339,231,176,691284314,39,228773273834,407,34,73007,5da6a6ff7911331ce608fc4ffdd58ce58c83a193272e932cfef93143877741ea
25,MAX-023,2,7,61,339,231,176,691284314,40,229902392594,407,46,73058,ca2218f747ff0825d814f77549bc06634a1dffe6e5dbe4489e3b168de2d90867
25,MAX-023,2,7,61,339,231,176,691284314,41,231031511354,407,28,73109,0bb4640ea9922b474ca83513a921c61931ef77f077735bc27ea7db5760e3b50a
25,MAX-023,2,7,61,339,231,176,691284314,42,232160630114,407,28,73160,105b2e77560e168070e9d7962d254ed781063cff54365e9c435be4c429639d1d
25,MAX-023,2,7,61,339,231,176,691284314,43,233289748874,407,39,73211,a2e5a5f5bfb5e0122ae0ee7b92853b52185dd91741082811056738a11a6b5fd4
25,MAX-023,2,7,61,339,231,176,691284314,44,234418867634,407,25,73262,83d86ae6dcecb72e0f3e70702d4edf165f1597be3fe91036ffba8f29100fa001
25,MAX-023,2,7,61,339,231,176,691284314,45,235547986394,407,28,73313,e1f203dcaaab86fe58a2ee9b0f12241db52481ae0ea3054f3eb78a9f7a6d1035
25,MAX-023,2,7,61,339,231,176,691284314,46,236677105154,407,38,73364,52d3946df96d44e08043905900ce53a35a588f80220d4556e79edd63374fee16
25,MAX-023,2,7,61,339,231,176,691284314,47,237806223914,407,31,73415,d38f07538304e8892b472b04f47d2df8917ae25c8d3036cb5e51c2a14c23d342
25,MAX-023,2,7,61,339,231,176,691284314,48,238935342674,407,44,73466,b3455f0d3e0eb02f95f6968739944be0b278f02804a11252b69e4c93e9c0ac76
25,MAX-023,2,7,61,339,231,176,691284314,49,240064461434,407,26,73517,ad1e242cb0036fa4261ca1581d467f3ef4acf9be780f14aca2893da43c0ee11a
25,MAX-023,2,7,61,339,231,176,691284314,50,241193580194,407,32,73568,0f12e9a64258c70325c5175a7b4ecd7aa90a9128cc539d33891a71eb154d3312
25,MAX-023,2,7,61,339,231,176,691284314,51,242322698954,407,28,73619,9ef228b5f5d854f389b90704f6468dec85a598e415ffd656d39148fbec853ed2
25,MAX-023,2,7,61,339,231,176,691284314,52,243451817714,407,30,73670,3a3ac6a3405ef643a5f865dad06bf8c9ccfe274a19f9881278cd87a71e09ff30
25,MAX-023,2,7,61,339,231,176,691284314,53,244580936474,407,34,73721,66af2f924a93f687d100bedbcbbeb47cb28bbba1bfca4a092de4f3bc211d2c62
25,MAX-023,2,7,61,339,231,176,691284314,54,245710055234,407,37,73772,4ea42f3b9db44a9ec3bbe2f472ae4803c75fbb6c2cd7f0d23e8db781b43c0cb3
26,MAX-024,2,7,61,362,231,176,494915834,0,184541273714,407,36,73823,1b853ed088432f7ce97a752c6ae4d693aee33ca1c5c9422b15f599698032b062
26,MAX-024,2,7,61,362,231,176,494915834,1,185670392474,407,39,73874,54d10ecb88b2527feeeb976082144bd637aced14b51ba1299adbc420db1cd06d
26,MAX-024,2,7,61,362,231,176,494915834,2,186799511234,407,27,73925,201bc04a51f7ce83e2dafa0604ae8c7776862073cf68b35c6e7426495192a790
26,MAX-024,2,7,61,362,231,176,494915834,3,187928629994,407,38,73976,23a31f378d86aa38c529ddef254240905efeac44db588b1bda9dada66bb0e9c7
26,MAX-024,2,7,61,362,231,176,494915834,4,189057748754,407,29,74027,b1aac27b05fd4ed84c165a1a25d182c1f190870065fb231de4948fc8b051a69b
26,MAX-024,2,7,61,362,231,176,494915834,5,190186867514,407,27,74078,cd22d329d6dbf7d02fbd070d3059b8da8f28440bc8338c74323d1623bf5767d8
26,MAX-024,2,7,61,362,231,176,494915834,6,191315986274,407,35,74129,d825a34109db51d484510de079f70bbf25596688061a03d8f66c453fcf432abe
26,MAX-024,2,7,61,362,231,176,494915834,7,192445105034,407,35,74180,67e5e18791381db2643ef087184e334535fc13311cbd36d1ae8395874e435bc2
26,MAX-024,2,7,61,362,231,176,494915834,8,193574223794,407,29,74231,59b2bb427491de8f6f1567aec62f02f72d2ae526df8cf85756e80b3358bbf881
26,MAX-024,2,7,61,362,231,176,494915834,9,194703342554,407,36,74282,05e2803ad43968eb7aff187ed00e99164ab8932a86a99033899c44b6dcc1f317
26,MAX-024,2,7,61,362,231,176,494915834,10,195832461314,407,30,74333,0148cd1ccdd056c413610a7cd00a6ff19ef4905b2aa8f9da368770ae5b4f41e7
26,MAX-024,2,7,61,362,231,176,494915834,11,196961580074,407,29,74384,f52991ef4fce7e0c9febb095b034c1a8fb5916542744bd0e19627888ed894dcb
26,MAX-024,2,7,61,362,231,176,494915834,12,198090698834,407,37,74435,494e97d8aa95b9b0e56c73c6260bd219a7b92dbc00e94e27749056179c83fcda
26,MAX-024,2,7,61,362,231,176,494915834,13,199219817594,407,31,74486,bb6641dc053477928ba4c660576fb5611aeb9355e4850295eb012a91002a547f
26,MAX-024,2,7,61,362,231,176,494915834,14,200348936354,407,28,74537,36493eaed47a6af8baaf2ac6386133b4e28cf5befed2cf7337214ccc28ec5e0f
26,MAX-024,2,7,61,362,231,176,494915834,15,201478055114,407,41,74588,de3d5e7864529df01ba44f3f4f62abffee23f23cc86678477e78c1846d419c56
26,MAX-024,2,7,61,362,231,176,494915834,16,202607173874,407,28,74639,6750ddf74559913ec737677be81d0d50ebe92ec69684e52d049069e3c739be44
26,MAX-024,2,7,61,362,231,176,494915834,17,203736292634,407,26,74690,e235909474f05e87adb9f33662812c1f19a3f793c580864698ff77cad913d963
26,MAX-024,2,7,61,362,231,176,494915834,18,204865411394,407,36,74741,4380b7c4fae72c0283e484394743df706fd108f619d43507e318ca8a04f68ed7
26,MAX-024,2,7,61,362,231,176,494915834,19,205994530154,407,32,74792,998cbe7a77dffdb5c85c5cadb3ebc9b315d833cb240d7f39a88c7a900fe5a36b
26,MAX-024,2,7,61,362,231,176,494915834,20,207123648914,407,39,74843,15ee856fe4f96e1ef640e948483f2823300bfc6aafd1f466d4966df501b76190
26,MAX-024,2,7,61,362,231,176,494915834,21,208252767674,407,29,74894,1adb4f38795e6d01e932a6aba64efbcb03a4df5df5d769bc203e4cc7bd1a2892
26,MAX-024,2,7,61,362,231,176,494915834,22,209381886434,407,26,74945,18749f375377d63cd676d92e219da715a2dd5a6ae4de080c71480d8808769cd7
26,MAX-024,2,7,61,362,231,176,494915834,23,210511005194,407,29,74996,a4ff25312898496114e765c39e4c295c59f7f8b96a879a93317a99acae9727cd
26,MAX-024,2,7,61,362,231,176,494915834,24,211640123954,407,37,75047,d986d123ea7a828573fa90687634961ad0ef9607b9fc75318c51b092ed3d7397
26,MAX-024,2,7,61,362,231,176,494915834,25,212769242714,407,36,75098,bdb162b1c4ab6df1243ac09f22e021d23593d3adaca3671d0315a0199008c05a
26,MAX-024,2,7,61,362,231,176,494915834,26,213898361474,407,24,75149,cd0048205ded77344c0e491f97a83019e2a7158030fbe8aeac6778c0f95f4063
26,MAX-024,2,7,61,362,231,176,494915834,27,215027480234,407,39,75200,dbd9a02e5bd7cf39f34e36315af231528cf2621e16229b2658e59f1d9868def8
26,MAX-024,2,7,61,362,231,176,494915834,28,216156598994,407,39,75251,c17ff208ac50f4d3cf71c2b0a9a1749fb87b5c8f0ec763b48f31766dd218589e
26,MAX-024,2,7,61,362,231,176,494915834,29,217285717754,407,32,75302,2f2a8f4d16e9fe8bb610d9d978298b6c6db7a24712b9113abb3219c877bdcb45
26,MAX-024,2,7,61,362,231,176,494915834,30,218414836514,407,45,75353,fb577e4ac6a963d9c65e4138b570f10aa13ec635eb4dbcd480a29783e535165f
26,MAX-024,2,7,61,362,231,176,494915834,31,219543955274,407,29,75404,fc99d6bdda846b59d44d8e44b7cbedca13d2252bd2d913813ab8cc4e56dc4395
26,MAX-024,2,7,61,362,231,176,494915834,32,220673074034,407,36,75455,f9fffb980e32b28b2e91bf1d621d820e464e393512d09b7eac53b81bd74ab8e5
26,MAX-024,2,7,61,362,231,176,494915834,33,221802192794,407,31,75506,ee1d70824303dfe1b2abeb0332e38a42a01107618193d1c75c21a5340132ea46
26,MAX-024,2,7,61,362,231,176,494915834,34,222931311554,407,30,75557,f811f049cbcd257a5f8775b4e07e91f45df9fc61c7a85e592ada50f35202d7d5
26,MAX-024,2,7,61,362,231,176,494915834,35,224060430314,407,29,75608,f66c586a306a6a51ab62af7c60a9d7f69ecda52920d35b807ea889b5bcab0f0a
26,MAX-024,2,7,61,362,231,176,494915834,36,225189549074,407,43,75659,952037d4cbbc18e6f60c25bb5dce4e17734332ea7f994e176a5fe0f516990abb
26,MAX-024,2,7,61,362,231,176,494915834,37,226318667834,407,33,75710,abad8dcdd1d848fc2140705ba4d89719a7c77d67c5cf2388fed242de9c377995
26,MAX-024,2,7,61,362,231,176,494915834,38,227447786594,407,27,75761,68e26a1f83e62e793aa5667203c2d3789da57b3ccc9a747d9e194fbb35ac33a9
26,MAX-024,2,7,61,362,231,176,494915834,39,228576905354,407,38,75812,1f99e530f9c42e4fb7c41290fddc9bd0af2109778ed07dc0541b9f8faadaa7ec
26,MAX-024,2,7,61,362,231,176,494915834,40,229706024114,407,34,75863,a9a52f84a7c6e0927e175aacd8022cfd78ca3a27c52aac588d6946225d27c1dc
26,MAX-024,2,7,61,362,231,176,494915834,41,230835142874,407,33,75914,f956e8b3fdefd196892c63e45927bc5785970d05a0319b918c9f5c4aab02bf3d
26,MAX-024,2,7,61,362,231,176,494915834,42,231964261634,407,34,75965,c2a796ea24656b98eca0daca49566b4b2e7dde96a092f58da89b75bb1221d060
26,MAX-024,2,7,61,362,231,176,494915834,43,233093380394,407,39,76016,ca57aae72d2f33c044e9de2116d95ff0f384bb8cdc60124f5b477532df7bd67e
26,MAX-024,2,7,61,362,231,176,494915834,44,234222499154,407,34,76067,e734fdf3ae0974c4a39b093ffde32b1550762833e2754a813bd2f2f7b338500e
26,MAX-024,2,7,61,362,231,176,494915834,45,235351617914,407,42,76118,f437c28bcff41aa513d72ef1a205db79b099cc5adf55ff8a5f74391f9fb3c083
26,MAX-024,2,7,61,362,231,176,494915834,46,236480736674,407,44,76169,e7a277cb46cb7f6cc7a32342f2f875ed0256e042cb5d98d0b8ff129c9f81d93e
26,MAX-024,2,7,61,362,231,176,494915834,47,237609855434,407,36,76220,64d2b896c6410f7d6863580b665b4bebdb146e69b63b31c260ec4a5075fc84b6
26,MAX-024,2,7,61,362,231,176,494915834,48,238738974194,407,29,76271,b2fed54f2c1aee0e2305879d7b9e02cf1d680a4cfb29f27ff155a031472048de
26,MAX-024,2,7,61,362,231,176,494915834,49,239868092954,407,36,76322,3430c48378415e69e3322a2f364616227e3189de6aab8849d98af8abe80e3c88
26,MAX-024,2,7,61,362,231,176,494915834,50,240997211714,407,23,76373,89fcb46ebaf62a89fec4efc4a0ffe1b63011015656c1b477b16bff45598425bf
26,MAX-024,2,7,61,362,231,176,494915834,51,242126330474,407,39,76424,a01fb1b35bd2cd331d5287fb7da8a1d36b731538d469613f13ef2bf103333375
26,MAX-024,2,7,61,362,231,176,494915834,52,243255449234,407,24,76475,5347f0fe83af765d2d9d18dced346eaa8bfed8180f41a918a870711ecd60c7b6
26,MAX-024,2,7,61,362,231,176,494915834,53,244384567994,407,30,76526,9bce5a2b1d146650554089f5ac44a993a27dc86e9ab22cbd6c545cb0c5bcaf55
26,MAX-024,2,7,61,362,231,176,494915834,54,245513686754,407,32,76577,ab039dd6353088358b6d1b537f9b39fefb4092252e9fcf9b7eaced98c75aead1
26,MAX-024,2,7,61,362,231,176,494915834,55,246642805514,407,36,76628,f59010d1f402313cb5b2bc87c3c2f83859e959bc0a74c173036cae80c04639bd
27,MAX-025,2,7,61,385,231,176,298547354,0,184344905234,407,41,76679,8bec4445f2fa9ec5e7429962edba49f255a68cdc88a636103da1c90572c96c7e
27,MAX-025,2,7,61,385,231,176,298547354,1,185474023994,407,26,76730,0ecd0a6498d75721d27c7d13999a03cd4ef93a2fbfe848dd22a86fb032f4bb21
27,MAX-025,2,7,61,385,231,176,298547354,2,186603142754,407,46,76781,1cc0299cb6b21ead700db665e693b850c61d7cb81c5ae1316559fd316a2a25ef
27,MAX-025,2,7,61,385,231,176,298547354,3,187732261514,407,33,76832,6a8337bc6eb3d3e4bf064dc487fda7c01f1027923fac7209c63a6c96b2f31ca3
27,MAX-025,2,7,61,385,231,176,298547354,4,188861380274,407,28,76883,d12e659b5e9e2841a01080e0a662e2e539de9c00edaae135bed024b1aa5dbd9c
27,MAX-025,2,7,61,385,231,176,298547354,5,189990499034,407,37,76934,aa5a2e0f2a0f4bedd4d4884320125cfe7e126ee173dbeaa5ecbbadad3863f79f
27,MAX-025,2,7,61,385,231,176,298547354,6,191119617794,407,37,76985,8a0861a81cdc017e772d3965984d3178779548306177cc4695e8b9f688a9500a
27,MAX-025,2,7,61,385,231,176,298547354,7,192248736554,407,36,77036,bfd177bf9ba50ec97954fe08b4ef64e587724fbffe49543af119d659f66103ac
27,MAX-025,2,7,61,385,231,176,298547354,8,193377855314,407,34,77087,295b14d3d581eed10fd9a60d7892101afbcc3b6171affb7fbb42e5c3da09216a
27,MAX-025,2,7,61,385,231,176,298547354,9,194506974074,407,33,77138,f53e7bb84a46c0cff9f1669e76df2aff4f74b3bf7ac1d8373c1bbf2a37ae04c6
27,MAX-025,2,7,61,385,231,176,298547354,10,195636092834,407,29,77189,6b12589266d57daa72ae39311b0aa450080dc4fec809f61626d5f7c5c536a37b
27,MAX-025,2,7,61,385,231,176,298547354,11,196765211594,407,33,77240,baec68b829a6579d4fa50aa0150e9c828e7c3fe3bc2dbac026cbf1106cf18344
27,MAX-025,2,7,61,385,231,176,298547354,12,197894330354,407,25,77291,cb5c00fb12029b68d2ea57bb72a666d816ae983d1bf6a0942a3cf8a313cb98c2
27,MAX-025,2,7,61,385,231,176,298547354,13,199023449114,407,31,77342,e174ee760f21e617bbd7a4a4933143970283930a3ee20dd224e21ae5a16eb834
27,MAX-025,2,7,61,385,231,176,298547354,14,200152567874,407,40,77393,cae653c440a1b93a7c409b4c6a22cee3b8568010c570297b352f9984b1b3d09e
27,MAX-025,2,7,61,385,231,176,298547354,15,201281686634,407,24,77444,b1fb42ba60ccaf3d6873d2ad74429c257891df60c755d2330472b5d0962553fb
27,MAX-025,2,7,61,385,231,176,298547354,16,202410805394,407,30,77495,5361afa78eb4cac1227273b24e3a2ef9bd54d876820aa12ffbd5aa44bf069e25
27,MAX-025,2,7,61,385,231,176,298547354,17,203539924154,407,41,77546,69702bfda7230d7c5024a75bb8b1865911de66f4af6a62d01e47b27997118b56
27,MAX-025,2,7,61,385,231,176,298547354,18,204669042914,407,34,77597,d7655817fd5540408fd0dfde552d22042127d373fe14c84856daf2bd93805f60
27,MAX-025,2,7,61,385,231,176,298547354,19,205798161674,407,39,77648,6ba57f2479ee9aa87d74ff6d8c12ac06832342c5b71beecc9ee189a23357f1f9
27,MAX-025,2,7,61,385,231,176,298547354,20,206927280434,407,43,77699,87301808a395e78b7c4d6218cb69df0e3193e6f246036318ff33e7539deb74c9
27,MAX-025,2,7,61,385,231,176,298547354,21,208056399194,407,32,77750,f98c30f70eed3ac7b3321f5735c18122e9e0e987b35fee08762ae357aafcd455
27,MAX-025,2,7,61,385,231,176,298547354,22,209185517954,407,30,77801,8d158d687e1eec323af0b00db9e53bf1133c4ee5fee0df529b7be83056a2a649
27,MAX-025,2,7,61,385,231,176,298547354,23,210314636714,407,40,77852,0643254440cf114bf604222785d295585e223941d5a9fef9416c757209a3a2d0
27,MAX-025,2,7,61,385,231,176,298547354,24,211443755474,407,32,77903,3881875cf6b808d3bdd2a65f69c9758bbe10e70002bed57b4c234e6198436322
27,MAX-025,2,7,61,385,231,176,298547354,25,212572874234,407,37,77954,a652a8bb5ced668795ac462a35263844171ed220167399d365ad21d6be1561c5
27,MAX-025,2,7,61,385,231,176,298547354,26,213701992994,407,42,78005,e48432b846b78f430c32fb1e9516a48371058ee6ce73566c59cfbf8497e7b132
27,MAX-025,2,7,61,385,231,176,298547354,27,214831111754,407,39,78056,62be8ce449bc5d7d3d0db8bc5518df850b649147db8ecb92dfa71fea9c9653a0
27,MAX-025,2,7,61,385,231,176,298547354,28,215960230514,407,37,78107,f04a1eb61ca1871402642ea1619330369a669cf5f0106313cc181155df49057c
27,MAX-025,2,7,61,385,231,176,298547354,29,217089349274,407,34,78158,d7ca54dc6ce37c2c8435603b73405ee5cb439142780523049cd59855d0f6d217
27,MAX-025,2,7,61,385,231,176,298547354,30,218218468034,407,29,78209,aca8cc4f9d778dce33595182aa4d6849f8b117f10758da06111f01560eb097b2
27,MAX-025,2,7,61,385,231,176,298547354,31,219347586794,407,29,78260,0de449a0f208658e7d636c9e9f3b559e929443f64e70c26c44ca2bff2db3449b
27,MAX-025,2,7,61,385,231,176,298547354,32,220476705554,407,34,78311,451b13ef2e49e9bdcfbbbc8f3dca67eb812261d785d7b8b8ef3266b0b32752b2
27,MAX-025,2,7,61,385,231,176,298547354,33,221605824314,407,32,78362,c8184c2f71857468ce2d3247f6c7d5f620eb75ca4ea9b1b60926e4799d316610
27,MAX-025,2,7,61,385,231,176,298547354,34,222734943074,407,28,78413,c067de601904407292d1c434ec7b62eff9dd85bf98d0af3d8403454c860951f0
27,MAX-025,2,7,61,385,231,176,298547354,35,223864061834,407,38,78464,b7d696374815b410f153bbabf57f8148648f6f36c6fce3285e122cfc7d6451dc
27,MAX-025,2,7,61,385,231,176,298547354,36,224993180594,407,36,78515,26d33291af0f8ff5e0dbdb1f1fe21959276448cf299187fcb7e8e39862715970
27,MAX-025,2,7,61,385,231,176,298547354,37,226122299354,407,41,78566,40c856af034b0cb4bf7208ed80464397abe7eb3795f5d9b4867f88edf4495201
27,MAX-025,2,7,61,385,231,176,298547354,38,227251418114,407,36,78617,caac1656708485ee0ccf7d3b592e32dfbaa323e936bb985f6625860601bc896b
27,MAX-025,2,7,61,385,231,176,298547354,39,228380536874,407,25,78668,5abb1741fd4d5f0467b1048ab0ff3753da074ca6640eec36839d0135669d6fa6
27,MAX-025,2,7,61,385,231,176,298547354,40,229509655634,407,34,78719,6f18462a4b56766a9902f6a25575467633acf61f30291a65cfcf4303cc11ece5
27,MAX-025,2,7,61,385,231,176,298547354,41,230638774394,407,31,78770,47b6274631c41201d35863bc4388d5df617d17026378e75bd5838ead1f89bd11
27,MAX-025,2,7,61,385,231,176,298547354,42,231767893154,407,24,78821,1e8904464abc511267a2b1d4cb384b2448e5b619d71008dc3279d47c0c30bf33
27,MAX-025,2,7,61,385,231,176,298547354,43,232897011914,407,33,78872,6c1f411cefb0fc0a84eb70ac963628bd4b36f6bb31823766ca60b4ba09fce7d6
27,MAX-025,2,7,61,385,231,176,298547354,44,234026130674,407,43,78923,9e598504cb8896f4f31c4eade562fc4d26a04e4490077ca5fcb355c64918c326
27,MAX-025,2,7,61,385,231,176,298547354,45,235155249434,407,34,78974,c4a247647d2126271f471ce69a1dea32fbdf3a8e1680332974165a0dfcccbda2
27,MAX-025,2,7,61,385,231,176,298547354,46,236284368194,407,30,79025,8ec250e7ef7afc7448270d1265298ad6aa8a120063fe672b8ddf7166d33e0189
27,MAX-025,2,7,61,385,231,176,298547354,47,237413486954,407,40,79076,5f0c49ddd8e94048d9072698a6cb525554b1b2338d9b88e68b5014bc165c180c
27,MAX-025,2,7,61,385,231,176,298547354,48,238542605714,407,30,79127,9779c6125163bf829999a7abed66a219c4216a15a193b6fc2580d11bf61211c5
27,MAX-025,2,7,61,385,231,176,298547354,49,239671724474,407,29,79178,31f05cdd6455650640e07542705d6729482a9b80e99adfcc63335198256fb8ef
27,MAX-025,2,7,61,385,231,176,298547354,50,240800843234,407,35,79229,13325c6b5e732497bfabd2ff31c9f9b67b7f5f977d5c1d8f9c4b5412ae4767a9
27,MAX-025,2,7,61,385,231,176,298547354,51,241929961994,407,29,79280,db7fe899e204197bb2f76e5f0aeaf56696c63bf6f8ac4a82de155e234a9e4e02
27,MAX-025,2,7,61,385,231,176,298547354,52,243059080754,407,24,79331,8a7a28f89101d547b1ceaacd715f6e68d334eae73df587d773ff888341cf1cbc
27,MAX-025,2,7,61,385,231,176,298547354,53,244188199514,407,37,79382,286383a986aa7a97fa6d2757a51ec35c50c87f70ef7c5c08fe19dac368ef0397
27,MAX-025,2,7,61,385,231,176,298547354,54,245317318274,407,42,79433,627f1161a9b8b12dfd9085a2fea74616239cf409b15e6fe92c842c21d1d46ec9
27,MAX-025,2,7,61,385,231,176,298547354,55,246446437034,407,36,79484,fb0c0172df44effb1a2acb867b85e5c7f329d3bfd7a0250387fb48b00807b5c4
28,MAX-026,2,7,61,431,231,176,1034929154,0,185081287034,407,35,79535,47d697b91173e95190739bcb4bbc58fd0f7860e618c22379681f41ec8eb0ac7b
28,MAX-026,2,7,61,431,231,176,1034929154,1,186210405794,407,34,79586,530770e29517faf0c64af34d9e947135001bda1e2d32383a92f1e786981a53fb
28,MAX-026,2,7,61,431,231,176,1034929154,2,187339524554,407,39,79637,f5cfa433c2b65328283df39a5b3f9a9e9ea99e54cd1b12300cb0e6b592d30c65
28,MAX-026,2,7,61,431,231,176,1034929154,3,188468643314,407,33,79688,faa07977e09a9bc3769afafb8b1abc7f1412bbd51c2ecefee445ad524b7f3978
28,MAX-026,2,7,61,431,231,176,1034929154,4,189597762074,407,33,79739,1bc09a38ee254b57fdba39f20b8f26a15e848de83138a13d83c1f63c8bd7f88c
28,MAX-026,2,7,61,431,231,176,1034929154,5,190726880834,407,33,79790,0d37952685247d20de8c15b7a5c7072e157e933a1cb1c4f62d936002c38e259e
28,MAX-026,2,7,61,431,231,176,1034929154,6,191855999594,407,40,79841,8ebcd1d7ce1a2fdcfca8b5ea271772a8162ddabc5bd53a883de11a3a40820dff
28,MAX-026,2,7,61,431,231,176,1034929154,7,192985118354,407,26,79892,06359cb1a9e410cfc47e0b688a08b60e601f6c618ac55811cd3113f14e76857a
28,MAX-026,2,7,61,431,231,176,1034929154,8,194114237114,407,33,79943,b7b3a6a2e61935adeea70eb1a46d5d95b6bb9ed588edea1e122cc3b85a6e5dc1
28,MAX-026,2,7,61,431,231,176,1034929154,9,195243355874,407,26,79994,77e01203e3f1df30ea0d3bd798149a1c403ae70351ef52ce4cb665d26d7c2eeb
28,MAX-026,2,7,61,431,231,176,1034929154,10,196372474634,407,29,80045,f0ea519d995f7c24e490f5787fc98f9d6a9b54e58d8aeecf4288a72f3819599b
28,MAX-026,2,7,61,431,231,176,1034929154,11,197501593394,407,37,80096,f0fd110a3efe16161196b9e308145c428cb8b21781b183b229b8e7c5c8055820
28,MAX-026,2,7,61,431,231,176,1034929154,12,198630712154,407,31,80147,e505a0d057b371b70ed2cfed5fe9db44612c2702df686e18bd22246cd5688d95
28,MAX-026,2,7,61,431,231,176,1034929154,13,199759830914,407,29,80198,318abab0fa3b8586edcb89e854e5b5bef9929cd85f93a3f5f2f3a93d8f40c57b
28,MAX-026,2,7,61,431,231,176,1034929154,14,200888949674,407,35,80249,602ff12f7bdf26df605d014446c158d499a1e1935da175491b79bc7d8a5446c4
28,MAX-026,2,7,61,431,231,176,1034929154,15,202018068434,407,37,80300,968af2156b24dbf721b076bb8150b209e03bb33551ca2b67b6c529fa569fd2c1
28,MAX-026,2,7,61,431,231,176,1034929154,16,203147187194,407,36,80351,56636747a611274c52cc540559d123ec4ea79d0c74281f65cbddb4423a87b020
28,MAX-026,2,7,61,431,231,176,1034929154,17,204276305954,407,38,80402,3e5f0d0702adc8d5d966a0d5e2ebd2cde1c52773ac621d6967446ce111f04f15
28,MAX-026,2,7,61,431,231,176,1034929154,18,205405424714,407,33,80453,d5908d2ab09250c3717157c7a6d225d9784728dcac29ff30e5a1f562a9482853
28,MAX-026,2,7,61,431,231,176,1034929154,19,206534543474,407,36,80504,d2dc773bcc036429254ed91f405bbb22bd1cdd1d93efbb4f4eba35d5896fbde5
28,MAX-026,2,7,61,431,231,176,1034929154,20,207663662234,407,40,80555,d848fe62bb135dfa8ef2720a96ba6567db59526fc1eb51899a950ea92b15a448
28,MAX-026,2,7,61,431,231,176,1034929154,21,208792780994,407,31,80606,263eda1f894c84dacb249f701d6d8493c2dbdbd49fee39c4fde1f6b921c64402
28,MAX-026,2,7,61,431,231,176,1034929154,22,209921899754,407,28,80657,ed95f4af43025d748dec22e0ba12516b59f30e5f4dceda660587e61e63796a69
28,MAX-026,2,7,61,431,231,176,1034929154,23,211051018514,407,39,80708,b3def009664e34095e7aa07078eada631ee774bd18225afa06c94d9e26eb277f
28,MAX-026,2,7,61,431,231,176,1034929154,24,212180137274,407,39,80759,2744f3bad4da7722077876ba419cd213d379b133ab73e6f533d0c691b7ee7beb
28,MAX-026,2,7,61,431,231,176,1034929154,25,213309256034,407,30,80810,f710fb69ef64967c2574cf6fc76baf3f75f18834f10d80499903645c2e457140
28,MAX-026,2,7,61,431,231,176,1034929154,26,214438374794,407,33,80861,77d1f2475ff79c2c0cf491b0660e6feebb80cffc85b5091c9e0e4418dbfdded7
28,MAX-026,2,7,61,431,231,176,1034929154,27,215567493554,407,35,80912,6bf76a56c4db40f430d47aec35b36fe5ac0bbc7643c8894b8f220d47a27569a6
28,MAX-026,2,7,61,431,231,176,1034929154,28,216696612314,407,32,80963,824bc3c560c0adb1189b132196a6c734fa2a10088a657705cea5b890d307071d
28,MAX-026,2,7,61,431,231,176,1034929154,29,217825731074,407,37,81014,d53a7514e1ae1780f87ce263b9307b0a70f9a450dee74599e9c09db76fc5d21c
28,MAX-026,2,7,61,431,231,176,1034929154,30,218954849834,407,30,81065,adf53e0d164f01bbfbf95fb2301b34c214be3dfd017ad0ab9403b6939c8b667b
28,MAX-026,2,7,61,431,231,176,1034929154,31,220083968594,407,26,81116,e95777d4fb5ff777c7e76c8f06d08dbecd062c89741c35a2bc193206a97b7048
28,MAX-026,2,7,61,431,231,176,1034929154,32,221213087354,407,31,81167,247f68876c7c3d2001955920b83f0e9781247de503581b8da84dea2a27b79a2c
28,MAX-026,2,7,61,431,231,176,1034929154,33,222342206114,407,35,81218,f487734cf0a79b12ad942cc1a21ecb69006c2763269468344e0136b618e23c3c
28,MAX-026,2,7,61,431,231,176,1034929154,34,223471324874,407,29,81269,8bd2594bdbcc6d11bbbb439288cdd48ecfc68c367c6c17b28ed50aad5c5a8183
28,MAX-026,2,7,61,431,231,176,1034929154,35,224600443634,407,28,81320,80a7fc22ba08157bbd42b9414ba648f4d3021f90d3d7fad86dd8b9f3e5038fda
28,MAX-026,2,7,61,431,231,176,1034929154,36,225729562394,407,29,81371,9a499378fefcc9ba64863c831ba2d5f3e61ccd58ef9b2af9947d68e5c33d6a73
28,MAX-026,2,7,61,431,231,176,1034929154,37,226858681154,407,31,81422,7e2b6172bcc849bda71e9556225fa3b8a8e72222d7ad57b68e939ee62a459dfa
28,MAX-026,2,7,61,431,231,176,1034929154,38,227987799914,407,30,81473,813bd47daf287c349e33bd2c92e51603094c3a637dc2397cb8c0168488998f41
28,MAX-026,2,7,61,431,231,176,1034929154,39,229116918674,407,26,81524,357ea560246b6ea7fb874e7330f7fa75fefd8d25d235ef40f6ff5c8c09e97291
28,MAX-026,2,7,61,431,231,176,1034929154,40,230246037434,407,23,81575,590c40b3b89a29aa49e90da4eca178aaf2aebc517a8b5654f01ab531dbc66fd4
28,MAX-026,2,7,61,431,231,176,1034929154,41,231375156194,407,36,81626,755b8807cc8c914078c7f789b70f2c8107154e5f82eb6c8a30e13d4c5a0abdc7
28,MAX-026,2,7,61,431,231,176,1034929154,42,232504274954,407,35,81677,c7976069b26036e3d4a8df2caee7ce7c816f45ea2a9d8640387cb822ea625866
28,MAX-026,2,7,61,431,231,176,1034929154,43,233633393714,407,34,81728,3d06afb9896bf2f4daa7d16f1fb2ada2bbbf1376b2a1704ac64c10745986e87f
28,MAX-026,2,7,61,431,231,176,1034929154,44,234762512474,407,38,81779,0a0fd724ecd9131d9ecfda23d548389cd6ec3cf20d6c099a11771257a8a6b073
28,MAX-026,2,7,61,431,231,176,1034929154,45,235891631234,407,22,81830,7821cc6c03d29f2c5717b2737d7f0469336353a99c71cafa094c3194c8f1e9e2
28,MAX-026,2,7,61,431,231,176,1034929154,46,237020749994,407,30,81881,d4e5a3a3f496e899a2ea0cf4b05caeb34be127a2c5388eb64ffad4954d28973b
28,MAX-026,2,7,61,431,231,176,1034929154,47,238149868754,407,35,81932,1b3ac136ee4042a74eae5e76412d3c95767a4ef94b492424b319e77ad7fc8f3a
28,MAX-026,2,7,61,431,231,176,1034929154,48,239278987514,407,37,81983,7ee01c8b6bacd589dc0e9ee5b0742f97bebbaae9fe4fbb2496b1f85bc1156dfc
28,MAX-026,2,7,61,431,231,176,1034929154,49,240408106274,407,23,82034,7a0bc7a99b292b61e618c936f2ca26898c622d37046d0f0230c2b7ef9a50306c
28,MAX-026,2,7,61,431,231,176,1034929154,50,241537225034,407,32,82085,16fafbdeb8e978735488aae4475b053e2dd3af160180073aa28807d2a133dbf9
28,MAX-026,2,7,61,431,231,176,1034929154,51,242666343794,407,39,82136,2198b8b4aea58554c0d1bcecba9ce7aec3cea331c433964561fde35726d8f3c3
28,MAX-026,2,7,61,431,231,176,1034929154,52,243795462554,407,29,82187,1310125b23e006b1ce488eb490e55d70a0d47253d739a06fea721a7b32ede37b
28,MAX-026,2,7,61,431,231,176,1034929154,53,244924581314,407,35,82238,21316806c9d5068d632cc9ef910c61b142c8f6bdd9a18d330c9194fa7a9a3577
28,MAX-026,2,7,61,431,231,176,1034929154,54,246053700074,407,27,82289,6e1de63c1e3f1a7711a03b4665e5b3d1b38ee90b7f40e8024a479e93d8dd9cde
29,MAX-027,2,7,61,454,231,176,838560674,0,184884918554,407,30,82340,e59e1736ea95167fb91c6b81d49e9692d1bab242385a68e8f24f8e3d124924d4
29,MAX-027,2,7,61,454,231,176,838560674,1,186014037314,407,35,82391,9ef348d09ec0fc22f95160a0b1d68d92df97f7e430f1c1c2166fc2466bb85e82
29,MAX-027,2,7,61,454,231,176,838560674,2,187143156074,407,37,82442,30742b851bdcddc4eae005348f07052202c0e876fec459f7852edfe0d3624a8e
29,MAX-027,2,7,61,454,231,176,838560674,3,188272274834,407,30,82493,be722f1e6f7c043b6a443bb6e0f8abc4ffaf20ec5461105d89482e341f3dafab
29,MAX-027,2,7,61,454,231,176,838560674,4,189401393594,407,39,82544,58756eba0eadb80098559c0b1958633109cabbf68ca35f01f48cb0b4b76ff3e4
29,MAX-027,2,7,61,454,231,176,838560674,5,190530512354,407,31,82595,0d8c84344b3e4bab54be70aeedf4a17056592ffc70fd8c7ddd6fe7817e7e4775
29,MAX-027,2,7,61,454,231,176,838560674,6,191659631114,407,34,82646,c2fff3db232821d48d626fcb8e9e36aafd9c631af7a91038ed035a2abc20c721
29,MAX-027,2,7,61,454,231,176,838560674,7,192788749874,407,33,82697,80d5e2291b2cbd036e53e6bdd6c02a68cb4166f0d661a42cf5bee233b4eaff96
29,MAX-027,2,7,61,454,231,176,838560674,8,193917868634,407,31,82748,c077910a030e3a81176e7ba5830febfa47d60d7119a602e9bd5dbd2f3aaf82e8
29,MAX-027,2,7,61,454,231,176,838560674,9,195046987394,407,33,82799,c021b14d2a36f5c9f35632dbcbb357d404d7469a8dcdb5c9c595d7a384b6489b
29,MAX-027,2,7,61,454,231,176,838560674,10,196176106154,407,36,82850,f6e5f0013b3cdbf7645304b3423b0129b83ff37980324a6898696afd87e0705b
29,MAX-027,2,7,61,454,231,176,838560674,11,197305224914,407,35,82901,b1ee70fb86d1985dc6e365b4ff81a9f8075bce9dd225f986b5a42e36afeceb25
29,MAX-027,2,7,61,454,231,176,838560674,12,198434343674,407,25,82952,5efee60877f53900a5d1fa37d81c55bce7e302e6adcd5e20139416230c85d2d5
29,MAX-027,2,7,61,454,231,176,838560674,13,199563462434,407,35,83003,6152b46992a086e38048dac3f3eb539e29ca0c3a553954a46d58d573d6fa211c
29,MAX-027,2,7,61,454,231,176,838560674,14,200692581194,407,36,83054,a682de803a0a7d2c57e558ec1d3462b138f506958834c7e82ba827ab8e10a9f4
29,MAX-027,2,7,61,454,231,176,838560674,15,201821699954,407,38,83105,3079c437b7436f112cfa6733cad2d1019106fd4bf451fe472df939bb775a0307
29,MAX-027,2,7,61,454,231,176,838560674,16,202950818714,407,37,83156,0ffebeaeaeaf029c426079f34a8d345cbd97f7602908e928fb5fc87a1e6fc847
29,MAX-027,2,7,61,454,231,176,838560674,17,204079937474,407,28,83207,6aa6e00b4fbd5aab2ebfa2bfe3d6a6e07957177fce0dc4fbba92a2989bde79c7
29,MAX-027,2,7,61,454,231,176,838560674,18,205209056234,407,33,83258,03807d53f9988e77fefce19fc51bd9f3b25e26e16ec49bfb27b27e2c1fcf9146
29,MAX-027,2,7,61,454,231,176,838560674,19,206338174994,407,38,83309,3cd839a87788ed73271d8336de7d91fc39a68b41d29cb7e4790048d4f51b1a3f
29,MAX-027,2,7,61,454,231,176,838560674,20,207467293754,407,34,83360,e180fa232c4e1284a9e0822ace02e4025811598806977f99c593b17706d6d154
29,MAX-027,2,7,61,454,231,176,838560674,21,208596412514,407,28,83411,9e8f90c514cd964010e007015f8749a5e61760c1b3207b90d89edf530a476f6e
29,MAX-027,2,7,61,454,231,176,838560674,22,209725531274,407,36,83462,5b2394690060dcf2ef39190735d84fe2c0e3ed24314d5a4fa394dc56e70e5e12
29,MAX-027,2,7,61,454,231,176,838560674,23,210854650034,407,28,83513,4c45e589fa95ded22b71c5afbd0b94330e963795f6d67f399cbd085868c35336
29,MAX-027,2,7,61,454,231,176,838560674,24,211983768794,407,34,83564,3bb6f96b365b7c2921e0447c1d8429cd92b5db1d74079842b8e45215cc310fb5
29,MAX-027,2,7,61,454,231,176,838560674,25,213112887554,407,35,83615,82098bd8c13fed76bdc55f3af46ff075d631e737f051f02e50f82ec8e8667210
29,MAX-027,2,7,61,454,231,176,838560674,26,214242006314,407,32,83666,d15851ffaf1e1f5c0a16c1fc602175bdf13a25ba00046fc3f13dc855f6e3c096
29,MAX-027,2,7,61,454,231,176,838560674,27,215371125074,407,36,83717,1ef9514943b2f78c382683a02f19253d6168644493c45a55c7f5d9aa45b80cd2
29,MAX-027,2,7,61,454,231,176,838560674,28,216500243834,407,44,83768,57a19f02fabcbf01c17bf90f5abf3cb499c922207708f2a64ff0099df117be09
29,MAX-027,2,7,61,454,231,176,838560674,29,217629362594,407,31,83819,436a20624e8fc5fd7f64724f3ee68c98483685ca00b2753f63ffba809a685a4a
29,MAX-027,2,7,61,454,231,176,838560674,30,218758481354,407,27,83870,24996f9d2b1aa5f49a8a6fb6230b4af651e3249dba638ea0c73bd01ffc1ad332
29,MAX-027,2,7,61,454,231,176,838560674,31,219887600114,407,37,83921,a326cd2ef8ae29270e6c0c67a5397d796f61572a3887a0352e194bd3da33a8a0
29,MAX-027,2,7,61,454,231,176,838560674,32,221016718874,407,37,83972,f9dba3adc0f5f182b839461c9992d652688237fc772052cf4fabd2bc8bf2228e
29,MAX-027,2,7,61,454,231,176,838560674,33,222145837634,407,34,84023,b4ff8c61d5632f58a276473a14df97823d199f1fbce9da4d24e97076bde01692
29,MAX-027,2,7,61,454,231,176,838560674,34,223274956394,407,32,84074,b6fcde27201105a90c80cc5e1ffff201f18b691d2bda8f9be3018a79d4271c42
29,MAX-027,2,7,61,454,231,176,838560674,35,224404075154,407,34,84125,9dcf09ab4ec4a11614cf93823de1b937cdca6e504669ed105ecbdbf7856a793d
29,MAX-027,2,7,61,454,231,176,838560674,36,225533193914,407,37,84176,936ecf54ba98bf10d9122b0664a2b7941bf3f82551cbdd34dab02ca8c39357a4
29,MAX-027,2,7,61,454,231,176,838560674,37,226662312674,407,28,84227,e28c0b0058ad9ef9f02f7fae898ed81a887724a9b56844d075fbc0141f60dcd4
29,MAX-027,2,7,61,454,231,176,838560674,38,227791431434,407,25,84278,8c11d16c78dc69c90119277cd2e6192646f085da2b98467121321940e8fca2f8
29,MAX-027,2,7,61,454,231,176,838560674,39,228920550194,407,29,84329,9ebcd81cdf420b1497696b82cc0ebb8522b59fd8f4520c8e0043e1ebfb1eb363
29,MAX-027,2,7,61,454,231,176,838560674,40,230049668954,407,44,84380,18bb1e255ce30882d2b66d0e5a4e9eaa28b0df094b962d6516df4c56d4829b2c
29,MAX-027,2,7,61,454,231,176,838560674,41,231178787714,407,29,84431,067d9f3f10820de4f2441d8be5b1889df03fb21c35913e13ffd4c3fe1acf472f
29,MAX-027,2,7,61,454,231,176,838560674,42,232307906474,407,25,84482,8a86d35e5a16a184cda99f472ef2521c8098ea300739cdc387cb93d773ecfe52
29,MAX-027,2,7,61,454,231,176,838560674,43,233437025234,407,36,84533,3f1a6a548ad7f660432708e6c2e3f0a03c213537c66ffbff56da590d42d59459
29,MAX-027,2,7,61,454,231,176,838560674,44,234566143994,407,32,84584,0f65d765fbb379bce8e29be1ee49d00634412ca708e143ce5421eb5b42356b6e
29,MAX-027,2,7,61,454,231,176,838560674,45,235695262754,407,27,84635,8c47356decddd65a237ba79ec6e118d4cc8ad99495da249dd02e3457caa76b3a
29,MAX-027,2,7,61,454,231,176,838560674,46,236824381514,407,36,84686,2aff1fd07d6dc5afb120e6231a2460a26a0c74ff3136fe5050d26cfa568ee7ea
29,MAX-027,2,7,61,454,231,176,838560674,47,237953500274,407,34,84737,811c7d8d360f167ce332bda1851780aa1cf0ad4d641bee3fe6ec32eb3c59ddd0
29,MAX-027,2,7,61,454,231,176,838560674,48,239082619034,407,24,84788,20badcae2a7356348600453d106ee5abcac96fca553fa7f0a10ca6aafb51e0cb
29,MAX-027,2,7,61,454,231,176,838560674,49,240211737794,407,26,84839,4d398046cf00997b367a2ac3e671713652ae074310c6aa6deed46f420b6b6861
29,MAX-027,2,7,61,454,231,176,838560674,50,241340856554,407,34,84890,27d7aaf1e4156cbbb038efad780e2532688937682e432092519d7413765afc74
29,MAX-027,2,7,61,454,231,176,838560674,51,242469975314,407,36,84941,a300f0d6d615f4e8dd13f7087aac7ca454535951ed3407b8d69f9ec43807523f
29,MAX-027,2,7,61,454,231,176,838560674,52,243599094074,407,39,84992,4d9f6a2499fbef8bf4d220eabfa48cb059ef7705139171566992c8ef48f5b529
29,MAX-027,2,7,61,454,231,176,838560674,53,244728212834,407,24,85043,12b18b9e727ea1c7cb56ff912877f37b04abdbe3d38775ce5f13317b047ae16a
29,MAX-027,2,7,61,454,231,176,838560674,54,245857331594,407,28,85094,0f422b2cfb8bf42447c3c56fdc6ff42d6926c827331e52727559677000c52c2c
30,MAX-028,2,7,61,523,231,176,249455234,0,184295813114,407,30,85145,27e78130249cd3935960522509518681dbdfa8ea3ab01bd022c6d7d1afec9331
30,MAX-028,2,7,61,523,231,176,249455234,1,185424931874,407,34,85196,f38511a611252017f701a3ffe74cd329b7b5e96aa5b4c455472cf54ad446a261
30,MAX-028,2,7,61,523,231,176,249455234,2,186554050634,407,37,85247,7d533082ea2b74a67c4b1057225b52fffd7db2d736a418a0f4add1cdc1cea851
30,MAX-028,2,7,61,523,231,176,249455234,3,187683169394,407,25,85298,85bf8e7bc4e24f58fd1261866641beb623517a5a6d06f0820e0af949c8e1ecf3
30,MAX-028,2,7,61,523,231,176,249455234,4,188812288154,407,32,85349,dc7d7efd591b24cee486e2b5e3cfd94bf975c6d200b41b8f6aed621e22bbd81e
30,MAX-028,2,7,61,523,231,176,249455234,5,189941406914,407,32,85400,7eb93c17eb0b4894b8392cb404c2794900503533d4567839949a301b809a97f1
30,MAX-028,2,7,61,523,231,176,249455234,6,191070525674,407,34,85451,fa797be817d4994b29462fdd38a73ffd5ca8dcda60c4fe7fc9b77b18174cf5e9
30,MAX-028,2,7,61,523,231,176,249455234,7,192199644434,407,27,85502,b0a4defc855a414e9dbfd69c665e04878e54906945191acf0e5f16e7644058ae
30,MAX-028,2,7,61,523,231,176,249455234,8,193328763194,407,27,85553,8617a607749a931ca7130f08efe8801956782cf3af7d762dd80b6cde6e6a9f47
30,MAX-028,2,7,61,523,231,176,249455234,9,194457881954,407,24,85604,b2e09ca0443b9c92c3b5008d125b0a34b203d7811321f2d349eb2439dd00ac5a
30,MAX-028,2,7,61,523,231,176,249455234,10,195587000714,407,41,85655,ec1f07f320c1d5d97763669ce3adb77eb39c72d7c5347de0bb957a360e045480
30,MAX-028,2,7,61,523,231,176,249455234,11,196716119474,407,35,85706,cfd614b22fddd33bb23aa420c0e64cefc21947511207bc7249851d5cadde7bcf
30,MAX-028,2,7,61,523,231,176,249455234,12,197845238234,407,38,85757,9139e5667fa2438a2044ecc04cc6df555bd0170224a7d6ad0d79a0501005ad23
30,MAX-028,2,7,61,523,231,176,249455234,13,198974356994,407,29,85808,b55d8acd7f84ed2ba1278edea0a93cf85f09ecf7085fa88ec64ed70c90af41b4
30,MAX-028,2,7,61,523,231,176,249455234,14,200103475754,407,29,85859,48a1bf49e13d50ea0ffd529defb1eb0c5295fea74364310bd03e1384327dc7c7
30,MAX-028,2,7,61,523,231,176,249455234,15,201232594514,407,36,85910,4211fa82c64e61046111a5ca0428c070952a4beb469281cc0f1b57a90d9a71a5
30,MAX-028,2,7,61,523,231,176,249455234,16,202361713274,407,33,85961,f8b5791844c9e4d73c105b2bc4aa4dc9b319940eeefb3d8c0cdb5cb671372cf9
30,MAX-028,2,7,61,523,231,176,249455234,17,203490832034,407,28,86012,e12fa5631738512589586c505f3850afa321aa3f236197565e2fabf27b064dfc
30,MAX-028,2,7,61,523,231,176,249455234,18,204619950794,407,33,86063,39bd7f88435b403955886a696768aed151cc5737e8ebca33ee32dd85e1921d1e
30,MAX-028,2,7,61,523,231,176,249455234,19,205749069554,407,37,86114,3673014b0ebf794473ee4b3bfd9dd3dc072d75209372635a34cb8602eff7ffa2
30,MAX-028,2,7,61,523,231,176,249455234,20,206878188314,407,32,86165,369beafc6d8621e4a76179f53205e93693c12667b5e59b900d333f1807c3c2df
30,MAX-028,2,7,61,523,231,176,249455234,21,208007307074,407,38,86216,44f6c428518402454a3ce84176a3ff7d65b691a60eee8a9a4733fdcb0521cd72
30,MAX-028,2,7,61,523,231,176,249455234,22,209136425834,407,37,86267,82300a4b43478e411ea913cb287e2517afd23e6e1b070521c6dc4b397211aee4
30,MAX-028,2,7,61,523,231,176,249455234,23,210265544594,407,26,86318,2e4f78930ba0a4d8de4eed2ccd4c6e1785abd42e95411f0486d89658c5edde96
30,MAX-028,2,7,61,523,231,176,249455234,24,211394663354,407,25,86369,604c2e2e6bc13f4314fdaf36e28322c0e30f7cd2964f867c1fa167516074afde
30,MAX-028,2,7,61,523,231,176,249455234,25,212523782114,407,31,86420,ec7da8fd200878fbf451c6b04e08401c3f40385f18941ce5a497e76e6211ec95
30,MAX-028,2,7,61,523,231,176,249455234,26,213652900874,407,32,86471,7839122ce6ec05c9c8305b852cc481408bc754b11b1b5e837432b4ba0e46e86e
30,MAX-028,2,7,61,523,231,176,249455234,27,214782019634,407,31,86522,e0f68ec1221f6eb94cf12125cae7bc1858f48faacab2753e22881f9f4762eedd
30,MAX-028,2,7,61,523,231,176,249455234,28,215911138394,407,30,86573,4b7449b097d0c9493303dc9de8fa5b0836f4584e6fe26f8c6ebe44ba2dda2207
30,MAX-028,2,7,61,523,231,176,249455234,29,217040257154,407,34,86624,95d076cece66c5ffb70ae9e0fc3b030d3d85248e679f038519f2cbef418f06e5
30,MAX-028,2,7,61,523,231,176,249455234,30,218169375914,407,32,86675,f666ff632e6eaa32d393e16c07c168ed9bbc0151ba7973fe37ab673fd1bcf27e
30,MAX-028,2,7,61,523,231,176,249455234,31,219298494674,407,37,86726,0e7ea380734ee20f8b81f63f59466374ffd9e111c58647131c6b9d6538cffdee
30,MAX-028,2,7,61,523,231,176,249455234,32,220427613434,407,31,86777,ccfb5506e687df20215083304235bfeb81685303e4a68f7904dca0643ac596b2
30,MAX-028,2,7,61,523,231,176,249455234,33,221556732194,407,34,86828,890c42af6ae556c1a0534653212cb101d94c78f33a721e1a6848ee15c3a6df53
30,MAX-028,2,7,61,523,231,176,249455234,34,222685850954,407,33,86879,12dd94dfa75ce20a30cca6457aadb74e903e7dc889fb5c3f49604bc30dca8473
30,MAX-028,2,7,61,523,231,176,249455234,35,223814969714,407,32,86930,7ba4ad5040aa3452e6055d8c39d465f1bf8f10d888dd0a0884e5144fbb5ca77c
30,MAX-028,2,7,61,523,231,176,249455234,36,224944088474,407,32,86981,38f8a9c757b8b0ecc7761cdef4664fdf2862148e001e2118e45907113282f10d
30,MAX-028,2,7,61,523,231,176,249455234,37,226073207234,407,35,87032,8c6cbd041595f23592e5571046dd43f6b172e4994e274707da87ed4c5f6bf6f7
30,MAX-028,2,7,61,523,231,176,249455234,38,227202325994,407,31,87083,52b4438c1cc9cf8f0296d6b9b5ada4c5f66647d00e702ffdff01418c4cede495
30,MAX-028,2,7,61,523,231,176,249455234,39,228331444754,407,32,87134,fdfe958e15060fcd62ece3443687c10c215036156f3ef37a80ea6d30774cfa91
30,MAX-028,2,7,61,523,231,176,249455234,40,229460563514,407,38,87185,d229ebd3d8874a41534542e9225023121561b6389092631357bf48b96f1fa564
30,MAX-028,2,7,61,523,231,176,249455234,41,230589682274,407,27,87236,8dc875b20c889accf799b919092885514186b60c4f3990891f3556e449780553
30,MAX-028,2,7,61,523,231,176,249455234,42,231718801034,407,37,87287,ada9e8314e635af4645a3dd8f954d60831bb70dba45d23e95af43a5ffd8f55b1
30,MAX-028,2,7,61,523,231,176,249455234,43,232847919794,407,34,87338,c6e70203bbc499e396848440dabbea014b48509a58da5d1496f6783b4840373c
30,MAX-028,2,7,61,523,231,176,249455234,44,233977038554,407,23,87389,30a1f8c69e0a858de82fab354dbb4f6e7f5c78bd8abfd6be472735c58c91ed9a
30,MAX-028,2,7,61,523,231,176,249455234,45,235106157314,407,23,87440,2c6a229d51289d7325dc3f741b00a700346527ac9f5d055bb4ddc609124a9a9a
30,MAX-028,2,7,61,523,231,176,249455234,46,236235276074,407,38,87491,6b2274991de1c1da43b6a21e5de5b1ba8faf574b8b871802d7b42b6837349ecc
30,MAX-028,2,7,61,523,231,176,249455234,47,237364394834,407,37,87542,3d1c51cd2569d22999c031d4df1d7b77f2a8e6de280b1bbb874532a379cc3b26
30,MAX-028,2,7,61,523,231,176,249455234,48,238493513594,407,29,87593,95ad381bc587725e293f579d63fc83f2c5e3db9fd1bf904b74d5b8c71e0f086f
30,MAX-028,2,7,61,523,231,176,249455234,49,239622632354,407,40,87644,3ba037b2e6a5e9417e46b6892a7faba76b8d4887c4d64722a2c4e92502b3fbe2
30,MAX-028,2,7,61,523,231,176,249455234,50,240751751114,407,30,87695,76a5a7985b5fa4445df61a669677e5272d34c7d0c69bc15ee05567b8496a10a1
30,MAX-028,2,7,61,523,231,176,249455234,51,241880869874,407,31,87746,d3e8d1616ea0adb094df5a7a26296cb2df41aa7417b6d2b0231e4e4908e883aa
30,MAX-028,2,7,61,523,231,176,249455234,52,243009988634,407,34,87797,ee350d3d5e6479d7c1f5fad82c82e958129b19ef13a2748e6a94a4fa87333acd
30,MAX-028,2,7,61,523,231,176,249455234,53,244139107394,407,33,87848,ddc285211d29837951752167dcff5d0c0da7f44e0f748a998bb9ca2215724afc
30,MAX-028,2,7,61,523,231,176,249455234,54,245268226154,407,27,87899,3f87660e200f5e1bcec82711ac0a78f1c239f6ac5511df1c5f8af6fe027ae84d
30,MAX-028,2,7,61,523,231,176,249455234,55,246397344914,407,40,87950,a0b43272d7bd3846132715861b1e148dcfc6f32cdb5b34e3536d326094b1c3a7
31,MAX-029,2,7,72,17,231,176,874264034,0,184920621914,407,32,88001,90092a5a5e9e2fc9fd6dfdd50cafcfb9c8e0e5a7f8750c16b4dad8ac32293c11
31,MAX-029,2,7,72,17,231,176,874264034,1,186049740674,407,33,88052,a72512b7d53d87e54e58cbe39cac2c8855edbb7ac26b49eabf0af8a6b0521430
31,MAX-029,2,7,72,17,231,176,874264034,2,187178859434,407,39,88103,797cd5a9b266fddd0d98f7dd0db2145a1fe16590598a87d3911d203b830a432f
31,MAX-029,2,7,72,17,231,176,874264034,3,188307978194,407,27,88154,1e56ce765f60d6281963d23fe067d427bb0ae1af2a6935f048e13cf9dd8900f5
31,MAX-029,2,7,72,17,231,176,874264034,4,189437096954,407,27,88205,12821a1d5f92a03d04ffa1764c224910c569978c67d88cc9ebb8b58f65f5abfb
31,MAX-029,2,7,72,17,231,176,874264034,5,190566215714,407,30,88256,9d23e8952d613d90fcae8ebabb25bae981ae096163db5f6c55ab49fca527241e
31,MAX-029,2,7,72,17,231,176,874264034,6,191695334474,407,46,88307,cad3f58724e8cc0ce7a56ad0b5fd392054f074e774128cb603a8c91acf614491
31,MAX-029,2,7,72,17,231,176,874264034,7,192824453234,407,35,88358,177d55985f1d10f26ed6097bfe3c0f5b4e1b46e337de5c0c8f9c5d58ba762886
31,MAX-029,2,7,72,17,231,176,874264034,8,193953571994,407,39,88409,0fbcad484b9976202435d33652dbfd6092bc1dbb35c98e312656642449547794
31,MAX-029,2,7,72,17,231,176,874264034,9,195082690754,407,33,88460,584ac50e237c23309dade9dad1216f83dd9e0ce68741fdd04860c9e71c79b55f
31,MAX-029,2,7,72,17,231,176,874264034,10,196211809514,407,24,88511,8b646c909bdff1b22fad2b1d4c2ffb44c84b1b42de0a477fa69f03713ad941ab
31,MAX-029,2,7,72,17,231,176,874264034,11,197340928274,407,42,88562,a0f860c659d77bd528e5314be19b68084ea6e30b5b776f826d867ac41b694d6f
31,MAX-029,2,7,72,17,231,176,874264034,12,198470047034,407,31,88613,c63350e7bb8f1731a1fd76ad088290ab3894657faf2588ea18be0626aff47c61
31,MAX-029,2,7,72,17,231,176,874264034,13,199599165794,407,31,88664,3e3744b0c99fef56ae3a9d0fed4d705fd9cedc8c58a34c4b17ccf7c826624583
31,MAX-029,2,7,72,17,231,176,874264034,14,200728284554,407,36,88715,59d56936b79734265f773b8b112d25db8849315c0f9fbaff64d5086546394431
31,MAX-029,2,7,72,17,231,176,874264034,15,201857403314,407,33,88766,82ba1677cb3c0e8fbc9ba7113f2dd6e63c13c6d9cb06c59a6d354963ced0eac6
31,MAX-029,2,7,72,17,231,176,874264034,16,202986522074,407,30,88817,7d985f84c70af7a8b9e00ec5e3a5447cd7f30d1096cdf05203add7846175aa60
31,MAX-029,2,7,72,17,231,176,874264034,17,204115640834,407,38,88868,7e1482e7661acb0b7491d5cea276e0b7fb341d97117d1ec97a2e2fa1a73bc126
31,MAX-029,2,7,72,17,231,176,874264034,18,205244759594,407,35,88919,7fa668084799a058b9595fb5afa5086ce3fcd17715dd0f56544a420388d5714c
31,MAX-029,2,7,72,17,231,176,874264034,19,206373878354,407,33,88970,831421f311c83c93998d8ddcb6a6631f8e6821b7e5c6a411b04a2904b7d7f43b
31,MAX-029,2,7,72,17,231,176,874264034,20,207502997114,407,38,89021,dcb6f16aa918a5cd578a096cf1bb7c9de2a2bc507e42a7acee8eff8377a19017
31,MAX-029,2,7,72,17,231,176,874264034,21,208632115874,407,30,89072,d14cbda89a2c1276e7235ed44d7a44679ccdc5c293883a0f0713c7b49dadedd8
31,MAX-029,2,7,72,17,231,176,874264034,22,209761234634,407,30,89123,d20d32b6f2651c0962afcea361dc7c491daae3eb3c273057824fd9ef6ce4f320
31,MAX-029,2,7,72,17,231,176,874264034,23,210890353394,407,36,89174,88af84fe25b55143b66242f2d62e55bd725183992c56ce208af7e1333bd6dfa3
31,MAX-029,2,7,72,17,231,176,874264034,24,212019472154,407,29,89225,ce9727668476ce919faebaeef2e52d4b4a4a3de37ee6722bd684f0d78cc765f0
31,MAX-029,2,7,72,17,231,176,874264034,25,213148590914,407,41,89276,879d35b405933cdae7e1696eeeafb28cfd3a7765fec88b9fe5796a6e544c59e5
31,MAX-029,2,7,72,17,231,176,874264034,26,214277709674,407,41,89327,401fc2dd91d488e8bd534d7f1cd8f8d81fe70a8c2e0e27855d0b2ecac84e4bb6
31,MAX-029,2,7,72,17,231,176,874264034,27,215406828434,407,27,89378,5e03f7ac21ea6ed8bf0459ee1bd58b162c26419b023d48d17c4734d5de1fb7e7
31,MAX-029,2,7,72,17,231,176,874264034,28,216535947194,407,27,89429,269db659948a0d0c0388d3de19887115b3371f1c2dad0c97997ae8107a0dc30f
31,MAX-029,2,7,72,17,231,176,874264034,29,217665065954,407,34,89480,598e55bf34cb5caf497b775fe3986dc2da19efe0a7d271fb080224abc4e37c80
31,MAX-029,2,7,72,17,231,176,874264034,30,218794184714,407,23,89531,9b88a2d091f20540300a3d3e10c3ef88cfbef843dc57d4ae82f67a1c102436b9
31,MAX-029,2,7,72,17,231,176,874264034,31,219923303474,407,32,89582,21ac234db31c75b271938e17ee7ba5572aeeb04fad32ee3b047df4d42478ed16
31,MAX-029,2,7,72,17,231,176,874264034,32,221052422234,407,36,89633,908c87d03a8572c6dc0cf05521a3a580a2042312662701de117187faa3d21bb2
31,MAX-029,2,7,72,17,231,176,874264034,33,222181540994,407,36,89684,c10177760e660bbde33a556635e89f8370c2bf048fc607fb9870f0b6999baa2a
31,MAX-029,2,7,72,17,231,176,874264034,34,223310659754,407,29,89735,0e050038f9479a58b240d3920bef81146619593c2737a1c1a2fbaf27fc38e2e2
31,MAX-029,2,7,72,17,231,176,874264034,35,224439778514,407,36,89786,407f6b60b4418adb03cffeb0ff95b30030445e2b6bd7cb461ec0daa49790609a
31,MAX-029,2,7,72,17,231,176,874264034,36,225568897274,407,24,89837,f770b429ed0482069edfc0f6f42dac1c329275ec7d4a355aff0918801b65d1cb
31,MAX-029,2,7,72,17,231,176,874264034,37,226698016034,407,28,89888,e3f576ca1c056ad6d611f6c661a9cd3cbccc49ea1c51f440d6bd260f3918ab29
31,MAX-029,2,7,72,17,231,176,874264034,38,227827134794,407,33,89939,1d8b7c155c6fd5638fa44a5c5707466707a9f4de92fad420a228dbff22e90701
31,MAX-029,2,7,72,17,231,176,874264034,39,228956253554,407,29,89990,b81ac7bf6e9c02ff55e6c7e7accb477fae2a67388fab3d4353818c6e9d74e91e
31,MAX-029,2,7,72,17,231,176,874264034,40,230085372314,407,31,90041,5a7df6bd1de864b95a60f2be5939a73738adef2a2d685948ef68469c4821e42f
31,MAX-029,2,7,72,17,231,176,874264034,41,231214491074,407,30,90092,f4c5d6a76935e4f037fd504f29f134f7acc037f2c6c7ac31377b6f824bf9cad1
31,MAX-029,2,7,72,17,231,176,874264034,42,232343609834,407,36,90143,99be5e8dcff9a60d7e584df94feac8e8cfaf884cb5093feb878876c3de81d59d
31,MAX-029,2,7,72,17,231,176,874264034,43,233472728594,407,33,90194,5a47338e3ce97c0fe13b8a6e05bbdc0ce91c70298bf81a0f7f8807f75494029b
31,MAX-029,2,7,72,17,231,176,874264034,44,234601847354,407,41,90245,976b292208fd74a0a830e2062a24b619af084b824a3ca047768bbdeea1e28dd6
31,MAX-029,2,7,72,17,231,176,874264034,45,235730966114,407,33,90296,7dcc84ed9d0f3d7400852b18170421ee5634a93f01268a0558cc7382a2ce5ecd
31,MAX-029,2,7,72,17,231,176,874264034,46,236860084874,407,33,90347,f13ab59ce75a2f9f95487de094dd0f43ae02ef57083644a540f3f1905d4b5335
31,MAX-029,2,7,72,17,231,176,874264034,47,237989203634,407,41,90398,02a418f992f055b6953367c8dd963777a2ca80d562aa3bb8237e061429f6262b
31,MAX-029,2,7,72,17,231,176,874264034,48,239118322394,407,33,90449,7f1ede7df9401ef1e5c3834e2d31c688d8721b61bf6ad7ff091fb2daf9265fc9
31,MAX-029,2,7,72,17,231,176,874264034,49,240247441154,407,31,90500,145577a627c77fed2312638c97134e922b40c0859eb0f7e19b3746f4b12ee329
31,MAX-029,2,7,72,17,231,176,874264034,50,241376559914,407,38,90551,8f982219665f01043f37f35e04cdc84697bca7cd8e58fbb7b9159709e91a16a8
31,MAX-029,2,7,72,17,231,176,874264034,51,242505678674,407,24,90602,f77b26b2d14cd2e0645fb1fd58e01d8c86e4a1c2ce48575705866042e8bc224e
31,MAX-029,2,7,72,17,231,176,874264034,52,243634797434,407,45,90653,30b0c923b9e0a70f5d7bd2e1ce45adda76f11d608e5940d6d23bd95f346d61c5
31,MAX-029,2,7,72,17,231,176,874264034,53,244763916194,407,37,90704,d61fd27abba3b3fc89a788e31e5b0e3388894e43ad44a25c233715fd293c4895
31,MAX-029,2,7,72,17,231,176,874264034,54,245893034954,407,36,90755,23c9df578657f4e650acd848a6856f04412664e5bddbef3acd801b6d9c43c7f5
32,MAX-030,2,7,72,40,231,176,677895554,0,184724253434,407,29,90806,02d215098297dd4da17c8ba6d02686f116ffae5e7d6c54ae3630921d94c22592
32,MAX-030,2,7,72,40,231,176,677895554,1,185853372194,407,34,90857,fc60f8b77753d1bac80a405adaa302fdfddb97ad51b897c20d8e6808d80c6b79
32,MAX-030,2,7,72,40,231,176,677895554,2,186982490954,407,39,90908,1610c79721b578ebdafc732c19b1fc55f63397c93bb49ccb66a81b8220c913b2
32,MAX-030,2,7,72,40,231,176,677895554,3,188111609714,407,30,90959,0fc965c7fc8fe4a8aa96f37bcde0a68a022fa6e8aa7c53c030a5270bb9a32e1e
32,MAX-030,2,7,72,40,231,176,677895554,4,189240728474,407,36,91010,61e36f87d49838d36479466f33fc48e41fb9805519b88293f77135334b43aa12
32,MAX-030,2,7,72,40,231,176,677895554,5,190369847234,407,33,91061,f9d753e3f24b162dfdbe0d80449fee5c6d2f12e07ef4ce023d6ad66f2cfb787e
32,MAX-030,2,7,72,40,231,176,677895554,6,191498965994,407,30,91112,303bfb96b3c57db6d50ad1166a4382e3eae32d4c99a8b6004fd7de58511bb402
32,MAX-030,2,7,72,40,231,176,677895554,7,192628084754,407,35,91163,e4d3d902cfe1bdc6d8d95a5b51b2fd448bdf24003142930e014c08aa34321636
32,MAX-030,2,7,72,40,231,176,677895554,8,193757203514,407,33,91214,044ca0f2dd0b45d0cd554a132dee21638986159ec712e87ca2051612b8aad32c
32,MAX-030,2,7,72,40,231,176,677895554,9,194886322274,407,32,91265,3e4edeb820978c2890db8dba4634ce0dfef2f47e71b06f974c0579fd3aa18ff8
32,MAX-030,2,7,72,40,231,176,677895554,10,196015441034,407,42,91316,2f0c8f51b6d406f20463e4c02645644473aa31bf4a9087a7dd1a2d1cf330821a
32,MAX-030,2,7,72,40,231,176,677895554,11,197144559794,407,37,91367,e5b79da5e359cc691d3470dd40aa5524aa98806b0c6eaca2519adc9512588b4d
32,MAX-030,2,7,72,40,231,176,677895554,12,198273678554,407,32,91418,72bf3dc6ae1dbcf4f3c205d591cb3f5d60f09ce382b9606413447a2eea660b49
32,MAX-030,2,7,72,40,231,176,677895554,13,199402797314,407,33,91469,3d07ca70d94bbf4d7d48e942118b3399e5ac53efa144273c98991b5b1daecb20
32,MAX-030,2,7,72,40,231,176,677895554,14,200531916074,407,43,91520,7fb3762d322b33ec345f34a965e17068689bfc6e6c1ad565b107b75a8e82677f
32,MAX-030,2,7,72,40,231,176,677895554,15,201661034834,407,28,91571,046e6fffc55146a6c9e5bc3f618f2a14c354899fb176706eb42b3a0994dc21c7
32,MAX-030,2,7,72,40,231,176,677895554,16,202790153594,407,35,91622,7bc90487b2f55bdd7b55f91f654e2535a7f96fe97f2de08556cd0de048562c8f
32,MAX-030,2,7,72,40,231,176,677895554,17,203919272354,407,30,91673,3460075474c24cfdf5aacb0305cf73195ba8ab18cf291942c4c1ab73b6b6dfd4
32,MAX-030,2,7,72,40,231,176,677895554,18,205048391114,407,34,91724,81efe4858a48ecea935ba6a97778ba10251c9faaaa13f7d8c22f9e6d163bfc6a
32,MAX-030,2,7,72,40,231,176,677895554,19,206177509874,407,35,91775,8c42f4f06026236dd08ee32f6e7415bc9f8f265724997ea8ef472f663867ff0e
32,MAX-030,2,7,72,40,231,176,677895554,20,207306628634,407,26,91826,fdb27c1adba169ea7a31b21386fb1d46f687d1253ecd8fa3a89c007ac9d59488
32,MAX-030,2,7,72,40,231,176,677895554,21,208435747394,407,21,91877,13e2b93d816d98f3e54a4ff483a49d596d43ce1e93c088b38795b65e19897806
32,MAX-030,2,7,72,40,231,176,677895554,22,209564866154,407,38,91928,65e7331f94ecfb097e0ad6b2da3a8aa5faf5eaea7404b3148411f6bb52c82e26
32,MAX-030,2,7,72,40,231,176,677895554,23,210693984914,407,39,91979,6fcb802a73c8dc2002fe2771e0ebf23a3bdb181e70e7402e8cb218a985346a16
32,MAX-030,2,7,72,40,231,176,677895554,24,211823103674,407,36,92030,0b88aa7c069a39c62901f3e1eecab105bb1fd71cd88cb86842b59c6b1b06834b
32,MAX-030,2,7,72,40,231,176,677895554,25,212952222434,407,26,92081,acb4d5b20431393e7fcfd0ff41cad6468b77f71febe7fc187c540121fa99a944
32,MAX-030,2,7,72,40,231,176,677895554,26,214081341194,407,41,92132,1963aceb516552d04900fac3bf9fa8b3badec13da55e1f996081e40811e2fd8e
32,MAX-030,2,7,72,40,231,176,677895554,27,215210459954,407,31,92183,1528ab5831b12e04974b05b1123dc8b7ca3847e95f98ae4992a0a2cae6aba76b
32,MAX-030,2,7,72,40,231,176,677895554,28,216339578714,407,32,92234,388e53d4dc7c47e32e8eb26b03d0c555cd610da4dff083c24882fe008c982137
32,MAX-030,2,7,72,40,231,176,677895554,29,217468697474,407,31,92285,ef142d48aa3c94c3c0d1bb8594b32ee47edaabb05ac009f441792067234f5112
32,MAX-030,2,7,72,40,231,176,677895554,30,218597816234,407,34,92336,501a580deb7abff5a6a80ceb77c0641cf25199ddfddf8f0b651d858f0fd101ec
32,MAX-030,2,7,72,40,231,176,677895554,31,219726934994,407,46,92387,a1afde1138a8b4c63b46a9a01d20bf8794452b47c85f08813751289ec9551b61
32,MAX-030,2,7,72,40,231,176,677895554,32,220856053754,407,39,92438,f345642d3128cb7f663716015502e5841fdf1c148778627744295977ce1edb24
32,MAX-030,2,7,72,40,231,176,677895554,33,221985172514,407,31,92489,d17fe28af31b836cd81dfd5b967ed8d4d9eb34c21f2969c4571ce94b16e444da
32,MAX-030,2,7,72,40,231,176,677895554,34,223114291274,407,36,92540,e530326a75188e0282374f1ce09d585a8aa0d4ccf133258933346d36d40d85f2
32,MAX-030,2,7,72,40,231,176,677895554,35,224243410034,407,26,92591,551f8256260a2a7c88e355f92cdbbf7d53a67bb201653f2c727818fe8114ef69
32,MAX-030,2,7,72,40,231,176,677895554,36,225372528794,407,35,92642,dbfd90ee4f34093f0eb68f03418029372ad0a62b505107659a6faa96e6bcda1b
32,MAX-030,2,7,72,40,231,176,677895554,37,226501647554,407,31,92693,dca6468d85bdefc003083be89da8ca794748a365cf1cd1b475f6acd1317e032e
32,MAX-030,2,7,72,40,231,176,677895554,38,227630766314,407,23,92744,9cb70dd604a644289384e8d0d81acf86218e22125f53d0d5198562497519080d
32,MAX-030,2,7,72,40,231,176,677895554,39,228759885074,407,25,92795,fc088bf83e014ca70c3316cb6883892bd2d42a7d4751fb6848e875806c5024ff
32,MAX-030,2,7,72,40,231,176,677895554,40,229889003834,407,23,92846,b159df40c16604f85e3d870e31f46bd76fc42408bfef9752074d62bb98791629
32,MAX-030,2,7,72,40,231,176,677895554,41,231018122594,407,31,92897,3694eb4acec51c6febb46837405893aabb4fa703270bf2048f386b22c066f0d2
32,MAX-030,2,7,72,40,231,176,677895554,42,232147241354,407,26,92948,b3862f78c8411098cba6dfa7b2c3bdbfb3559cf52c7b580dffc003d8f6d60848
32,MAX-030,2,7,72,40,231,176,677895554,43,233276360114,407,30,92999,38e5167b2b51ec3378e97080fd77da6e7697ade3b305d4a12b027120ae96f4eb
32,MAX-030,2,7,72,40,231,176,677895554,44,234405478874,407,31,93050,d36b58a58d13fa0d38b5b00b73c6ff80c39631f82c6ebf8e617c0bb801d8b25b
32,MAX-030,2,7,72,40,231,176,677895554,45,235534597634,407,28,93101,f27dd02dbe3ab245ff420ec1a14bdccadf58c0fc1ba387563d1c8174aa97c4c3
32,MAX-030,2,7,72,40,231,176,677895554,46,236663716394,407,40,93152,120aafac184c7154532dd0147e8a6559d41f33c8784c9f0db8454111027e5e91
32,MAX-030,2,7,72,40,231,176,677895554,47,237792835154,407,26,93203,76229e38207c2d2c429e8417de249c54a34ccb0325a3e95f321257c28c387c48
32,MAX-030,2,7,72,40,231,176,677895554,48,238921953914,407,30,93254,e71974cadb46428747467565bc19192d40e7b4e9bef007c551bd7e93e9520360
32,MAX-030,2,7,72,40,231,176,677895554,49,240051072674,407,44,93305,2d816b4ed2baf1131ce41ad1d3712f87bac1a65725918c5c17dedae6c65ea727
32,MAX-030,2,7,72,40,231,176,677895554,50,241180191434,407,32,93356,4d8f3a0e0f9d7f96916ea940ef9c08abdb8074c09efdca2deeef39ee8efa755d
32,MAX-030,2,7,72,40,231,176,677895554,51,242309310194,407,30,93407,4d33800658a02b8dfd4a2a48b3575fc3036e2f0d080352bf87470cbe617f2149
32,MAX-030,2,7,72,40,231,176,677895554,52,243438428954,407,43,93458,00d6ce13e8c529e0e87622c54b0359f4ea73790de90d341657883c7aefd0f807
32,MAX-030,2,7,72,40,231,176,677895554,53,244567547714,407,32,93509,a6c26ef06a8df61db916970d08c1b0c812c606ace337b060439577d37ee38ed7
32,MAX-030,2,7,72,40,231,176,677895554,54,245696666474,407,33,93560,16d070fd5e10933a737ab7b66f52f3997ddc73af68e4c5fe5398cb0c83616214
33,MAX-031,2,7,72,109,231,176,88790114,0,184135147994,407,23,93611,c7e24cdab92a112aee5715660565ca2f68c76100cf2390340a83bb9b112faa07
33,MAX-031,2,7,72,109,231,176,88790114,1,185264266754,407,31,93662,3de30032ea4a35d2aceea21f410e53ccfc8b8eadc3893bc99cccfe7478e047a8
33,MAX-031,2,7,72,109,231,176,88790114,2,186393385514,407,38,93713,6d95bb620c965fb86c38d2c24aca02a93aa577ef6f407c40a16995e9c48bce71
33,MAX-031,2,7,72,109,231,176,88790114,3,187522504274,407,41,93764,4c330063155be69b2f1fd3a893dbbb48be48dc351c10bfdcbd35bbeef0645d21
33,MAX-031,2,7,72,109,231,176,88790114,4,188651623034,407,39,93815,54b2072d84643deaa14e8b7dc823d7aa0cac3f5771886ec08da7641ae8741498
33,MAX-031,2,7,72,109,231,176,88790114,5,189780741794,407,33,93866,803650681deaef1beaad9e64a1dded11246433a37c77d705cab7ddeb07e4f9e7
33,MAX-031,2,7,72,109,231,176,88790114,6,190909860554,407,37,93917,3cfea77eee1cddccc316a79d8c5649c305296178be6cbf70d16eac827f9085df
33,MAX-031,2,7,72,109,231,176,88790114,7,192038979314,407,36,93968,c804782d59ab598cf9e6491bcb0e24ecfc367309ed86bba13090ce65ce106723
33,MAX-031,2,7,72,109,231,176,88790114,8,193168098074,407,34,94019,f5066481c403741c5ad2534db3dbb9199241f7cb6859e2c64597dbe22d9784ad
33,MAX-031,2,7,72,109,231,176,88790114,9,194297216834,407,27,94070,b1bcffe1c19185ccb96b17c5cbbc766be28da0e3bda45d8c5ba9b9cf0a0ba242
33,MAX-031,2,7,72,109,231,176,88790114,10,195426335594,407,34,94121,39c602865a68dad3d80deabf19584441c2631968b5bcb3abdf4327fbe0f23d5a
33,MAX-031,2,7,72,109,231,176,88790114,11,196555454354,407,48,94172,550f8763a3a6156619cf7816ce10ec766c0e8c1c8cf41b2dad55b4a2eee688f5
33,MAX-031,2,7,72,109,231,176,88790114,12,197684573114,407,32,94223,3e1ca9d817930e04bb2576a6fe786c8738e7bb2b0c03497e9e7e4ef34d0e01d8
33,MAX-031,2,7,72,109,231,176,88790114,13,198813691874,407,38,94274,7012f4277eea1493faa84d526136052401dc3d49cc0bb10cb8c8158dfbff2e46
33,MAX-031,2,7,72,109,231,176,88790114,14,199942810634,407,33,94325,8797cd0022e9466259b4333a264e997f1a751453e6a88463ff3e961b48e352a9
33,MAX-031,2,7,72,109,231,176,88790114,15,201071929394,407,31,94376,8bddbb1640371525defc2d34543eb7b568152cebe51f69496bb6393d99ed21be
33,MAX-031,2,7,72,109,231,176,88790114,16,202201048154,407,31,94427,60a5db19ac45f3d330440677d54446b622c2a65c3587c05717d6f81f4f642bd9
33,MAX-031,2,7,72,109,231,176,88790114,17,203330166914,407,33,94478,6bef8e95a6a92b0e6c14c094f6ab73c2f617d012a3743063037b812712119703
33,MAX-031,2,7,72,109,231,176,88790114,18,204459285674,407,31,94529,bd24a975491ef3411e30df91309d0f0f6b7a7997e561396bf99a4b5b974860b5
33,MAX-031,2,7,72,109,231,176,88790114,19,205588404434,407,39,94580,7bc4dc9d87855b7b89f02818079b5396ac516afd9a430b1dfec45fe3d387f8e9
33,MAX-031,2,7,72,109,231,176,88790114,20,206717523194,407,34,94631,70b5079559aea1ec7c8f0743735ad6413a02559f218667e02eaa1000ff75222e
33,MAX-031,2,7,72,109,231,176,88790114,21,207846641954,407,36,94682,3a6f53a2fb2ed8dc945e474defdd9304d34d682e17c56eb7e253d02399c78b07
33,MAX-031,2,7,72,109,231,176,88790114,22,208975760714,407,43,94733,c47ffc3a49ed6cf282d9a59f8db2d671ce6def553fe2f68671f386445a46706d
33,MAX-031,2,7,72,109,231,176,88790114,23,210104879474,407,28,94784,61d0b7e073d0e87464f44d64cd8a0c7083faef5a113f5cedbf26d3b7b7207033
33,MAX-031,2,7,72,109,231,176,88790114,24,211233998234,407,31,94835,e7ae93a61d3887af79e3d804bf9af10ec8552fd97f168f4b56ce55be51c2a245
33,MAX-031,2,7,72,109,231,176,88790114,25,212363116994,407,34,94886,842e21b902636dfdb7f6c1a48c5c3106ad22338d73210bce40e052fa2c12e9ec
33,MAX-031,2,7,72,109,231,176,88790114,26,213492235754,407,29,94937,9223cb15d3233710d8f718ec702fb2695c801bd91d9afd88c2400981fbfcac23
33,MAX-031,2,7,72,109,231,176,88790114,27,214621354514,407,30,94988,94f49f37b4cf9af0ad734e6a5109b29605e7cf25b7617ee4c953be3b2266164d
33,MAX-031,2,7,72,109,231,176,88790114,28,215750473274,407,34,95039,cb0fbe30a962d3f799b36e43e443ac200c09f44913de84a99cd8ec01ce8c538c
33,MAX-031,2,7,72,109,231,176,88790114,29,216879592034,407,33,95090,586367f104589039a93ef9b6cf55ce31a7952380e3fb6eb375684828f4f0ae05
33,MAX-031,2,7,72,109,231,176,88790114,30,218008710794,407,43,95141,db25a1e351e2d58100c26924aa1c72d371339b01f49dae233d0ecced6367ba3f
33,MAX-031,2,7,72,109,231,176,88790114,31,219137829554,407,32,95192,7806830b090025a8623529bb464ad9d3d3d9590c9f3ac9f67a2bde9ef351071e
33,MAX-031,2,7,72,109,231,176,88790114,32,220266948314,407,35,95243,c9d58fb8769dc577799d9bc1d8ad30d4c00eace351402d7edeb4570945853279
33,MAX-031,2,7,72,109,231,176,88790114,33,221396067074,407,24,95294,e8773ad79ab3a0b5aba375c6c4983ed0f4d20f1e19eae936f8b49eccbd2f99c0
33,MAX-031,2,7,72,109,231,176,88790114,34,222525185834,407,41,95345,5246f813245536af9b926441b69c5162b7d19b1082fe9df905793d2c4a969799
33,MAX-031,2,7,72,109,231,176,88790114,35,223654304594,407,31,95396,d97e8cb735fff4038ff8885a705955df5c8733a9c0e0f9eb168cad65f4458da0
33,MAX-031,2,7,72,109,231,176,88790114,36,224783423354,407,28,95447,fe687501a7e442bfcb7b31dfaf60a9b0d8d7cebeff50b18013602075aa594a13
33,MAX-031,2,7,72,109,231,176,88790114,37,225912542114,407,38,95498,673d197d10a171ebe329a0cc7e41e51bea44bd0d6d3245e9f8f37a7df870745e
33,MAX-031,2,7,72,109,231,176,88790114,38,227041660874,407,37,95549,2aca4e3805c837837235d285ec90802e0f380fdfbee5cd66c9cb86d2fbdcf2be
33,MAX-031,2,7,72,109,231,176,88790114,39,228170779634,407,26,95600,0eb4cccf3dcfcd8162a123acdfc2d3cf8877e9b0d62b67d15b76ac7528ee5805
33,MAX-031,2,7,72,109,231,176,88790114,40,229299898394,407,36,95651,e3c931bd57fd89f00c20819039f9df85dd76eaca2253bb101b43b84733e866e3
33,MAX-031,2,7,72,109,231,176,88790114,41,230429017154,407,36,95702,bea85072a0da7d820086340ae848ce6713f79d11be5c013b3a0b779fd65f8b5c
33,MAX-031,2,7,72,109,231,176,88790114,42,231558135914,407,31,95753,ebbefd3078997a17e9dc8a0581118fadfc73f18e0a5571e4e54286a428a53e16
33,MAX-031,2,7,72,109,231,176,88790114,43,232687254674,407,38,95804,5c4b6de2208f285edacbace2eb4a66602d56fc217193dedcea89bb7660ced1e0
33,MAX-031,2,7,72,109,231,176,88790114,44,233816373434,407,30,95855,a14fb4b4eb16b4d61dc338bbc5b8d9ad8900b70ca86e3493a58a84396774390b
33,MAX-031,2,7,72,109,231,176,88790114,45,234945492194,407,31,95906,dded03825dfc838efef0675cacb8c2af05d830d27e02bc38e5ca946be08a69d1
33,MAX-031,2,7,72,109,231,176,88790114,46,236074610954,407,37,95957,83ab75d79334150799c0b3e041c22d8d6fe732f4e1802430e19f1cb2da231668
33,MAX-031,2,7,72,109,231,176,88790114,47,237203729714,407,37,96008,2d3e82e8b5b809abab2e6af981670fe83224d3fbe036b483c72526af80d5a4ac
33,MAX-031,2,7,72,109,231,176,88790114,48,238332848474,407,41,96059,b728ed78c132d1c2832082e57180ad1a6ca6520ed7782cf36863f7938ada39b7
33,MAX-031,2,7,72,109,231,176,88790114,49,239461967234,407,35,96110,b29e044eb1e4440630f9391974791aa9cb2ea60096ac2c9028720afd2b956baa
33,MAX-031,2,7,72,109,231,176,88790114,50,240591085994,407,30,96161,cbee0f8b0392bfc48167316bf50710772639460dca06186b846ba64eb4a52ca2
33,MAX-031,2,7,72,109,231,176,88790114,51,241720204754,407,27,96212,7916ca6c8a3a55c8a2c182971c97a40f16ca21e1fb0b87c5217d9f67a07bf34b
33,MAX-031,2,7,72,109,231,176,88790114,52,242849323514,407,37,96263,66be8d7b5362d2f8dac6147c28f1776143a3594073aaf413603878dbaafcf20d
33,MAX-031,2,7,72,109,231,176,88790114,53,243978442274,407,34,96314,fba715503a34e08380e8e1fe107d203aae3b5fc072c28e8e476f480a1c9410ee
33,MAX-031,2,7,72,109,231,176,88790114,54,245107561034,407,23,96365,2afdd1d9a97276340a70b72c33f8b25d8f01dcf5318b81050398aae6ecfc75aa
33,MAX-031,2,7,72,109,231,176,88790114,55,246236679794,407,44,96416,8c593fba88fee0ed1db9ba32467c813297d2f08176b41da1935b55e0c92fe52c
34,MAX-032,2,7,72,178,231,176,628803434,0,184675161314,407,34,96467,f127f85a877455ab913947cfbac5d1972e49281e0a33a21c97707151e4974d7b
34,MAX-032,2,7,72,178,231,176,628803434,1,185804280074,407,39,96518,bee66436072ac4a297443c8327a7f5c528c10b3e1b4b1352cf253143d877f5c7
34,MAX-032,2,7,72,178,231,176,628803434,2,186933398834,407,37,96569,f56466bd670b7212dcdac0affb6f09c763384bbea6f6d8720d416a3ee1ec59fa
34,MAX-032,2,7,72,178,231,176,628803434,3,188062517594,407,35,96620,c31e9bee59e953555096e800fa6d34fe51ffa24b2bcc0b4ec2714c6c529ce06f
34,MAX-032,2,7,72,178,231,176,628803434,4,189191636354,407,31,96671,de87bf16a9afdf0d2aae89e56fd5819d9558badd265e1405e9c2c6770c0db16e
34,MAX-032,2,7,72,178,231,176,628803434,5,190320755114,407,33,96722,285475266a4e3581bc6881173fbd46d96a8fc49e317b656726a5f2783b4106c7
34,MAX-032,2,7,72,178,231,176,628803434,6,191449873874,407,32,96773,4a19670a129bb9160136f1761e9fe8d74351e648f286680fdbb116565680dfbb
34,MAX-032,2,7,72,178,231,176,628803434,7,192578992634,407,42,96824,a099adcc8aa1d7cf06a4fed7eef1d053b82622bce1b3ca383d01fd90f63403cf
34,MAX-032,2,7,72,178,231,176,628803434,8,193708111394,407,31,96875,8f17b82021c9a804790dcacee47b6a857845f858169b307592f483d2981a0cd1
34,MAX-032,2,7,72,178,231,176,628803434,9,194837230154,407,42,96926,063275219a8b20d83f146e3d67116b42d71b6082a51d18246f7eb6c700595739
34,MAX-032,2,7,72,178,231,176,628803434,10,195966348914,407,30,96977,aadfe284e42c62238e3ec688de91c90580b8429f011c4d955f1a032d2fe6870a
34,MAX-032,2,7,72,178,231,176,628803434,11,197095467674,407,29,97028,43b1919b01de27b7e346a6afef9383e2b723e501a4a9e95e7ceb7896f9c6546d
34,MAX-032,2,7,72,178,231,176,628803434,12,198224586434,407,34,97079,257b974d700167ee38d08a06f315241129d316bf0db3ad360656a7dff801aa11
34,MAX-032,2,7,72,178,231,176,628803434,13,199353705194,407,33,97130,224d7e8a6302eb8afcc797efd17a80229ae7856430febef53b78b9afb2f8b2aa
34,MAX-032,2,7,72,178,231,176,628803434,14,200482823954,407,28,97181,c2b4e9c78a668b559fd32081035d2784e879474aef405ce2f1b9d58368a25dd4
34,MAX-032,2,7,72,178,231,176,628803434,15,201611942714,407,32,97232,fe59b843fed2665e51d7fe17b400059824dfd79d636fa2af7d179e2691835a5f
34,MAX-032,2,7,72,178,231,176,628803434,16,202741061474,407,33,97283,8eda9ea97f3877347b7a592ca269f77edc758b023c9275f28afb83264a29d420
34,MAX-032,2,7,72,178,231,176,628803434,17,203870180234,407,39,97334,5a165d4ce0fd8a0cb91b0ac365ba9b521bf572ed028377802c02178d406e51c8
34,MAX-032,2,7,72,178,231,176,628803434,18,204999298994,407,44,97385,a3a6c4cc1b378f16d21f66b7f06106383e8d77621d52fbd74537787021690fe6
34,MAX-032,2,7,72,178,231,176,628803434,19,206128417754,407,35,97436,e95fd70e834eb12c3974275fa2fd822c1a0553e7266757c4494de3eed6458052
34,MAX-032,2,7,72,178,231,176,628803434,20,207257536514,407,23,97487,1d620c2fd3f01b0d84bab750e0bd4723cbc65924abc126da5788cd278656845a
34,MAX-032,2,7,72,178,231,176,628803434,21,208386655274,407,28,97538,b80981c137502396b791d00773304c26f1b82ed82c71dc17c52834fb2c9aa6fb
34,MAX-032,2,7,72,178,231,176,628803434,22,209515774034,407,29,97589,61a23b5f89e4aa0a679ef58ba8504649130606b68e7a9a57ee2acdb56a4ac877
34,MAX-032,2,7,72,178,231,176,628803434,23,210644892794,407,31,97640,2bd2c151da0e3bf8f5872c3ae334c84196fb453d12dc2f9e0fa1084dd7ec0f4f
34,MAX-032,2,7,72,178,231,176,628803434,24,211774011554,407,37,97691,14c9c7279867eb72bd5c67c6879757af120a80d71cc840bf8ed6ca6b0a51f455
34,MAX-032,2,7,72,178,231,176,628803434,25,212903130314,407,47,97742,d83b0d9ea6f0436d87a41b9f5729078bd7649f4364455fe4319dcebb007a9657
34,MAX-032,2,7,72,178,231,176,628803434,26,214032249074,407,36,97793,e827912ca2486bbf307d2f68b45a2e0c25e159dadcdf092694ea013b2dc4af29
34,MAX-032,2,7,72,178,231,176,628803434,27,215161367834,407,36,97844,7719f8c7c9cb44bcf609bc2a0e31b45580836f08e98334721c24b7199598e3db
34,MAX-032,2,7,72,178,231,176,628803434,28,216290486594,407,26,97895,ec7ed6c18a70bd8fac9db6ec2d9a2f06265a9a82c7912734224ced8dbcb32cd6
34,MAX-032,2,7,72,178,231,176,628803434,29,217419605354,407,30,97946,c7d6ed9672ceb11edede3698b968d3c7375e21c9024edbdef58aecc31d7bbb32
34,MAX-032,2,7,72,178,231,176,628803434,30,218548724114,407,38,97997,d3945fa12b28995c9cb53c239d8b19bdeccc3c34f20294300554f7ee223b212b
34,MAX-032,2,7,72,178,231,176,628803434,31,219677842874,407,30,98048,7217bc2ec3bb6369a443c932b4861c0b7335b9a0095762cf5f1148a79b664d38
34,MAX-032,2,7,72,178,231,176,628803434,32,220806961634,407,26,98099,69c2150bbac40edacd23c5bb52ca60cb3e73eebd10ffb93e68641e500cc83f9e
34,MAX-032,2,7,72,178,231,176,628803434,33,221936080394,407,32,98150,c938b6604ff69b0708c03957acaae7d5df7e3b5fbadcfe0a68c65f1a1775779d
34,MAX-032,2,7,72,178,231,176,628803434,34,223065199154,407,35,98201,743f4d2ec970e905e8c76d7ea4c208d0ae0c7ef2df309d3679d978bf181e6a68
34,MAX-032,2,7,72,178,231,176,628803434,35,224194317914,407,31,98252,3d58539247d174f9c315711584142b98e3a9f6d5c2e2cf753819b768244160e2
34,MAX-032,2,7,72,178,231,176,628803434,36,225323436674,407,33,98303,5923f66c83a92fd31369e5ee7faa7305d83b9a023cefa65c8cfbb45086804ae2
34,MAX-032,2,7,72,178,231,176,628803434,37,226452555434,407,31,98354,019706f52ba01e8cf737b87438042837f75a191a71386710f89eac9863bf62ff
34,MAX-032,2,7,72,178,231,176,628803434,38,227581674194,407,31,98405,403b099ba1e3a3a2f0462cabd28e57bb9591a44475fad9443b2b0d0d28d536cf
34,MAX-032,2,7,72,178,231,176,628803434,39,228710792954,407,36,98456,0b44968d32c6eb65d65b37da92acecba40f93d544a3efcc2007c80f2d3408630
34,MAX-032,2,7,72,178,231,176,628803434,40,229839911714,407,27,98507,b9a14d3baf28b98d2528803939f8969da237d2ecae1d167ca6551cf4c23cfaea
34,MAX-032,2,7,72,178,231,176,628803434,41,230969030474,407,28,98558,c7e430b20306f5cb22226e2e32bfc96ff23d3762534fe12b0837f24a7b6a64ea
34,MAX-032,2,7,72,178,231,176,628803434,42,232098149234,407,36,98609,5bf7b2dea66d239baca35723776e7f3a661ca7a203f4862a8b8cd343c425e0c4
34,MAX-032,2,7,72,178,231,176,628803434,43,233227267994,407,40,98660,4e9e327197b1d0e5292c7951d05140c6b069b3ae55c5f84ba121b51987fd40ee
34,MAX-032,2,7,72,178,231,176,628803434,44,234356386754,407,33,98711,a7ad7118564fc52cda956f6715be8c703e81c68618f34173b51bb96e1552aedb
34,MAX-032,2,7,72,178,231,176,628803434,45,235485505514,407,34,98762,ff8a439bb7aa15a6e4c33f8605d440c072c19f70f60e8976330d756c8a19febb
34,MAX-032,2,7,72,178,231,176,628803434,46,236614624274,407,35,98813,90e15cc9355d1c780cb372608bb2e77b3c40e4b3238fe112ce74d83dd905ac08
34,MAX-032,2,7,72,178,231,176,628803434,47,237743743034,407,30,98864,2a9bebe53d2c0558e74c5f2ad6cc2b2357b63be9ccd8f9df0c5293a4b559483b
34,MAX-032,2,7,72,178,231,176,628803434,48,238872861794,407,28,98915,6b5fb00c48890070ba95f5a24847809ebabc0fa0f6383caee104960d70ec121f
34,MAX-032,2,7,72,178,231,176,628803434,49,240001980554,407,32,98966,ad11d0a83f756b4fdb8d4c78fd1fc8b298466b38bcf977a95e4ec5f38a03b906
34,MAX-032,2,7,72,178,231,176,628803434,50,241131099314,407,28,99017,762352e4127518581453b943c32ea0fce1c76df2bdc7d3b328ee59a465620711
34,MAX-032,2,7,72,178,231,176,628803434,51,242260218074,407,45,99068,9829f9b32b758cdbab12878a3a55073f803d4cabd4e9693c72242c9e4bcf73be
34,MAX-032,2,7,72,178,231,176,628803434,52,243389336834,407,31,99119,6bfdb8c4d0456c175a830c6dd80d768d68b15d2e4d4d2e9d14996ed2a8c09163
34,MAX-032,2,7,72,178,231,176,628803434,53,244518455594,407,29,99170,db49f5c2e1ad6c30f37e64aab5cc723366db202a5563a06c23f92eaaa255d4f5
34,MAX-032,2,7,72,178,231,176,628803434,54,245647574354,407,34,99221,906224283718baabdc56c353d3614945e38e779564955c54958437098966ae44
35,MAX-033,2,7,72,224,231,176,236066474,0,184282424354,407,34,99272,54bfb7ead62a1b5e56cec2ae2cdab6c1a935043dec3aef7577b6440e932a84bf
35,MAX-033,2,7,72,224,231,176,236066474,1,185411543114,407,40,99323,d9d2f146d5589f653643c8d23840817b377b363e574ee1d29dfbdb8930a9b1d9
35,MAX-033,2,7,72,224,231,176,236066474,2,186540661874,407,36,99374,c35c1aaaf27c2e4ea7ceedd0062db1cb8ca0085ea0ffc4dc9bc9efd8255993be
35,MAX-033,2,7,72,224,231,176,236066474,3,187669780634,407,39,99425,c260ab50ff9b76cfa631c5483ef502747bf322730519d3d67ee2e57e28703a63
35,MAX-033,2,7,72,224,231,176,236066474,4,188798899394,407,27,99476,7a1aa4ece9985b8db163f8b3671b91498b5ed51ce2ea72b1940de8e3f0b06dd4
35,MAX-033,2,7,72,224,231,176,236066474,5,189928018154,407,36,99527,ccffddd17126e1e5d2a9250eb1d8e7984582b60837cc6535440fb3c41393192c
35,MAX-033,2,7,72,224,231,176,236066474,6,191057136914,407,29,99578,23866033553610d5458833fe608af3c9b7c778fced3b1dc5ff8d0dfcbc7e39f7
35,MAX-033,2,7,72,224,231,176,236066474,7,192186255674,407,31,99629,cd2f2b3ffcc5925ec7a148c021ea72563fca2c223f2ebd68abca66e907ec47c7
35,MAX-033,2,7,72,224,231,176,236066474,8,193315374434,407,33,99680,423495faf49fdcb5ea042d4cbcf0770f8fe92014c130e34855d7c38f57d6c4a5
35,MAX-033,2,7,72,224,231,176,236066474,9,194444493194,407,34,99731,4a13a497c754145419960eb868dff79c57b8a05d1b648662f00f1e79b9740456
35,MAX-033,2,7,72,224,231,176,236066474,10,195573611954,407,35,99782,1395ff4250c1d81826275244b0e281a3c3523d14e754dcf1b4a178eb8e9b6601
35,MAX-033,2,7,72,224,231,176,236066474,11,196702730714,407,36,99833,91f92e0c7f4d90df90fef77d392329fef1da6787cc8b91224e1dc195282b7c83
35,MAX-033,2,7,72,224,231,176,236066474,12,197831849474,407,33,99884,ae6a4de0c4f2e2bc57d558e360b95e095b05ce8e5eb7611e1f02671635196d39
35,MAX-033,2,7,72,224,231,176,236066474,13,198960968234,407,34,99935,14de99b34d8184c16a6fea51b074fd205f5930c7429116af5ea150d5bfecad81
35,MAX-033,2,7,72,224,231,176,236066474,14,200090086994,407,38,99986,1a1bf7dd6c3cfc8e1ffbc3b637fa173aaa547406e47e9f6b99fdcf6e56418136
35,MAX-033,2,7,72,224,231,176,236066474,15,201219205754,407,37,100037,4b7e8f7c7300461df09895828bb90dd3f267c9f8295446d6cfd8636b28a1bb7b
35,MAX-033,2,7,72,224,231,176,236066474,16,202348324514,407,42,100088,bd37bdaad729e6b1f355522a746346cef1dc1d3198e2b9496612f2ee8c3616be
35,MAX-033,2,7,72,224,231,176,236066474,17,203477443274,407,37,100139,f155e21db893d46e05f45fb951f718ca8f82fcb36378b493b18caffbbf2e6e6e
35,MAX-033,2,7,72,224,231,176,236066474,18,204606562034,407,29,100190,b0c40b53e8edc43f009b0758718704f020822114b98a29ddd7dfa036a0aec2a1
35,MAX-033,2,7,72,224,231,176,236066474,19,205735680794,407,33,100241,65043526229990cc56a5caa9624fc359861924b74a8b297496dafbfc3251593f
35,MAX-033,2,7,72,224,231,176,236066474,20,206864799554,407,34,100292,febf064cd2dc9c20f37399a180a3d519eb61abb1ba0d8d7417808c1742e814d2
35,MAX-033,2,7,72,224,231,176,236066474,21,207993918314,407,24,100343,4d4d18cbe25923607b3fdeca3a78c282298f2420a962396a6766cc127520ce5a
35,MAX-033,2,7,72,224,231,176,236066474,22,209123037074,407,36,100394,e6cfa7cadb6ad153f9b3b4b98be9d0f090d129af97035db3c300db35f362a438
35,MAX-033,2,7,72,224,231,176,236066474,23,210252155834,407,34,100445,651cccc5d24201579c9076c26f41212fbc98756f9ff83488d8b43a105a59f4b5
35,MAX-033,2,7,72,224,231,176,236066474,24,211381274594,407,34,100496,119b01bdd7cf3b4d45a03143172e97e4581e298033ebcc428801ea3eae0a5e3c
35,MAX-033,2,7,72,224,231,176,236066474,25,212510393354,407,32,100547,fb29d70615360c82cfff917643f239bd7605d4a0fb90e2618b0c3be1d05906f5
35,MAX-033,2,7,72,224,231,176,236066474,26,213639512114,407,34,100598,0c95af55dd39d804b5111e876c97beb479da4c516b19aa78955e528ad5bc3633
35,MAX-033,2,7,72,224,231,176,236066474,27,214768630874,407,34,100649,3724f24d6699f83c341c7ff6876aba7d84ad5520c46d1249abd9336ea329c0b7
35,MAX-033,2,7,72,224,231,176,236066474,28,215897749634,407,29,100700,0e0c76cbead7dcebd986d8ceb3392be2c90866d6042cb94e11cb3c66eeff33fc
35,MAX-033,2,7,72,224,231,176,236066474,29,217026868394,407,32,100751,a42ec10de94ef046e38b86730755c8a98fcae909798eab342b5e9e3a880262e0
35,MAX-033,2,7,72,224,231,176,236066474,30,218155987154,407,30,100802,f053f6eecf8e633886ab544a28cbd3b0742f9b541ddfe2a15cc3ad4521a75b4b
35,MAX-033,2,7,72,224,231,176,236066474,31,219285105914,407,32,100853,1caced6790a5701b0e99b56b295a5a36bf944787d276c737a0c234f90f9ad4af
35,MAX-033,2,7,72,224,231,176,236066474,32,220414224674,407,45,100904,86d000bd00d127df45374c5b85f7cc3d44af68063cc1e7f0144993564bf743bf
35,MAX-033,2,7,72,224,231,176,236066474,33,221543343434,407,37,100955,c0a8d6a84f3f8b8ed5a3096d7c9ca368aabe6128de013f158802460ce4876230
35,MAX-033,2,7,72,224,231,176,236066474,34,222672462194,407,36,101006,f8e63eded3375e366628e238e51dcd65c6de0316df774fc0c39c28efc9e20754
35,MAX-033,2,7,72,224,231,176,236066474,35,223801580954,407,32,101057,a41247a3c320cefb683da4d91d4dba12e4b5ad9debc337d9d8955dfad8c27188
35,MAX-033,2,7,72,224,231,176,236066474,36,224930699714,407,29,101108,d69ecedc449001c5d3ce62a630efddeed752e13869eadbaa9e351906a2ce1444
35,MAX-033,2,7,72,224,231,176,236066474,37,226059818474,407,39,101159,018ab2497e5ad5c35fee93a2a5f824b152816ad36641fbb1577ba1b83336d6e2
35,MAX-033,2,7,72,224,231,176,236066474,38,227188937234,407,31,101210,9359a8644e4efb1a0378def0dcd0d320510321212a4ee4d65b7a7a5810bba3ed
35,MAX-033,2,7,72,224,231,176,236066474,39,228318055994,407,28,101261,f49a6ffa8499b6bcd87485593c8100e0bed3467cd6f80ddd8356c24b229586e8
35,MAX-033,2,7,72,224,231,176,236066474,40,229447174754,407,32,101312,73ff3b00b3c3d30aa8e7721f6a31686d2ff905d7dea12b3eebfba0e6828f2ab3
35,MAX-033,2,7,72,224,231,176,236066474,41,230576293514,407,29,101363,726977b8a88e52c97f17f8eba241663a29ba48593f745990daebc35f0bef9c47
35,MAX-033,2,7,72,224,231,176,236066474,42,231705412274,407,33,101414,e0c0882a971ce621e3ddee852f0248b5a70c0abfa19d80970c142ef05e3654ba
35,MAX-033,2,7,72,224,231,176,236066474,43,232834531034,407,37,101465,2e1834086ee42562948ffd50d994a86bfdc54bbfa931174358792aa9ab635517
35,MAX-033,2,7,72,224,231,176,236066474,44,233963649794,407,31,101516,813f6458b0323182dcc006a7aa298e7118569fc5f81e83ea9e308103fe68cb79
35,MAX-033,2,7,72,224,231,176,236066474,45,235092768554,407,29,101567,73d1dd5180218b0bb69704bb1ef65fbe654cee78abfec31f474576b4efb2c04b
35,MAX-033,2,7,72,224,231,176,236066474,46,236221887314,407,34,101618,e95a2043c181d94988740d02970fc76954171617808314d55cc8e8e9a1c3c45c
35,MAX-033,2,7,72,224,231,176,236066474,47,237351006074,407,30,101669,cbce5b82df9670ffd5db934a354fd59cfab75279f248938fd843b92337c9b982
35,MAX-033,2,7,72,224,231,176,236066474,48,238480124834,407,41,101720,d3be1536c435530868c36d643f67c2e3ee0b827f19c8ca42a7095748ed1570f1
35,MAX-033,2,7,72,224,231,176,236066474,49,239609243594,407,35,101771,e9e55e0514e3f22aeb19cee79e528f77d02d01e55417656c05257dd380af832f
35,MAX-033,2,7,72,224,231,176,236066474,50,240738362354,407,31,101822,6032c2c320d30fb0ed5086982f44c94e7b47ef4f4cfccb4656ba633b58351771
35,MAX-033,2,7,72,224,231,176,236066474,51,241867481114,407,31,101873,4febeb2ab684a1814d64b7528d5b1d5e08633bf55602231da64665ee407434db
35,MAX-033,2,7,72,224,231,176,236066474,52,242996599874,407,37,101924,fbb3c4afbef1b1a9b5236a5522f3469e772b321739d21d053cc84fbfedd7617b
35,MAX-033,2,7,72,224,231,176,236066474,53,244125718634,407,37,101975,2c6f8b03e9d11851f64ec3c1e51cb6752a8b4fc077ddafe79088ed532eb6205d
35,MAX-033,2,7,72,224,231,176,236066474,54,245254837394,407,38,102026,284450f48d1039a385d1de95bc952a8982642d5873ae28cff1216230f57c8486
35,MAX-033,2,7,72,224,231,176,236066474,55,246383956154,407,35,102077,5a630762f88fb8d0efb5f28ceb294ddf9f42617c4917b35c7177fc90cfa2504e
36,MAX-034,2,7,72,247,231,176,39697994,0,184086055874,407,39,102128,f71dcc46bd5ee3f4e3992cec23237c5435d523f6ffd4612c0f1ba217f5b01022
36,MAX-034,2,7,72,247,231,176,39697994,1,185215174634,407,23,102179,5c345bb31e183bc60ba54bdb371830e10c43d274612f6830540208ac2d2949b9
36,MAX-034,2,7,72,247,231,176,39697994,2,186344293394,407,36,102230,5ccce8ea514fff2284b2bb8ba0a2b96a538a02fc0d0ec4d4f1e755ed63bcb215
36,MAX-034,2,7,72,247,231,176,39697994,3,187473412154,407,36,102281,dd8785749bbb6d942096359474409543257227d833bb3a48541870b102b3dc84
36,MAX-034,2,7,72,247,231,176,39697994,4,188602530914,407,39,102332,67e2287c2054e2dee5822c355dce6b7fdf729d4dd032f3c18a2e0129b8cb0943
36,MAX-034,2,7,72,247,231,176,39697994,5,189731649674,407,27,102383,4060f1024efef8d06421d003491a99136aabc613516fad3848e71ec0bbc14d06
36,MAX-034,2,7,72,247,231,176,39697994,6,190860768434,407,41,102434,d791b4995431d639ad41f14b65f706226e4e1be914a036dc59fad0b8a1202f2f
36,MAX-034,2,7,72,247,231,176,39697994,7,191989887194,407,29,102485,942575dfdcc59017b2b5f7e23b74a197f3cede476130f53b02f597a710b77e56
36,MAX-034,2,7,72,247,231,176,39697994,8,193119005954,407,30,102536,fb0a7dc4d12c7308dfae4215ab0adfae2be0bba6d5c9bc1f2969bfb8649d677d
36,MAX-034,2,7,72,247,231,176,39697994,9,194248124714,407,37,102587,b1a36c631b23add723907a85da42d1c52d3428a4010e73b5fcccafef13d6bf79
36,MAX-034,2,7,72,247,231,176,39697994,10,195377243474,407,30,102638,1ac57dd9d25fa8baac2fc6c6a98415b0821b1bf84120a524c1becf64d74f7112
36,MAX-034,2,7,72,247,231,176,39697994,11,196506362234,407,23,102689,99a50957c431c2b8b90531b3d430202e8335e8808093e506e913d73717462b09
36,MAX-034,2,7,72,247,231,176,39697994,12,197635480994,407,29,102740,2cd100c2f094d1187f3db9dd8cc635976fe931e72c1ec44f3f1628520a577bda
36,MAX-034,2,7,72,247,231,176,39697994,13,198764599754,407,39,102791,c38fa9f34ddb8eefb71a4d415cca1a6dd99bf00b1b1944c344acfea6bb3970b8
36,MAX-034,2,7,72,247,231,176,39697994,14,199893718514,407,35,102842,137e8a10d0968a3701d2cb57de5e930b1c46040bc12a71886a5d41820f3c3a8b
36,MAX-034,2,7,72,247,231,176,39697994,15,201022837274,407,32,102893,f6a8f21ab2691e8c3f339aa4d9b6c82f10664632381dd82bc11514c2dbd086e0
36,MAX-034,2,7,72,247,231,176,39697994,16,202151956034,407,32,102944,dd9876a15feb708fe9fc38666349e0f7ba3a02a57e09588b43bad89ca36b332d
36,MAX-034,2,7,72,247,231,176,39697994,17,203281074794,407,28,102995,64b3eb2a7a085d64c9d6dec2b6c3f601d178c303efa3750a0e5b4d947653812f
36,MAX-034,2,7,72,247,231,176,39697994,18,204410193554,407,34,103046,ddabfde106e721e7378bd77c188e43e1b9a46cde6d972d842086adf7f0bc48d2
36,MAX-034,2,7,72,247,231,176,39697994,19,205539312314,407,39,103097,5c603247b6585969f2c62ba667448a851fe817ca1f4b1dab0b96e602819a2c72
36,MAX-034,2,7,72,247,231,176,39697994,20,206668431074,407,33,103148,c7d789e247f5322b56990a6f3fa72b26219560c1749216b03a874e7fd98ddc20
36,MAX-034,2,7,72,247,231,176,39697994,21,207797549834,407,38,103199,c83e78ce631a84d152f6265d40dfcfd1004c4c7fab0a0cf81d90828a8e8568c9
36,MAX-034,2,7,72,247,231,176,39697994,22,208926668594,407,33,103250,0e0221959574119ba1427b511bf29902f94859cc570637770995ae545d88feeb
36,MAX-034,2,7,72,247,231,176,39697994,23,210055787354,407,36,103301,7efe23e5ffc88d265b67a45a6dda9e86a3ce8d5c49f37df93c2af8686c297c7c
36,MAX-034,2,7,72,247,231,176,39697994,24,211184906114,407,38,103352,5daa4ef6cbe308d97825467039fc15e4d739ddac54728f3e2a98fd0f819ded3e
36,MAX-034,2,7,72,247,231,176,39697994,25,212314024874,407,36,103403,e78b4b02aebc16b5f02f8dfefc3d0131d4cad0e492089e10292a195b93526004
36,MAX-034,2,7,72,247,231,176,39697994,26,213443143634,407,36,103454,4474ae0eb3922e517424ae40cb692c86074ebe2ba102823280248b5bae902211
36,MAX-034,2,7,72,247,231,176,39697994,27,214572262394,407,36,103505,31656636a09ade30101d92a08481b267ccc95ac43cf0bb30137af88742d324aa
36,MAX-034,2,7,72,247,231,176,39697994,28,215701381154,407,23,103556,50db323020924731fe5160c1b0bebe18adfe04382329bb2d58cbfb7d35de6802
36,MAX-034,2,7,72,247,231,176,39697994,29,216830499914,407,32,103607,e7b3fd65ea21505b0cea8979d8c590337b5cce1f53cd544b8dce7545c8c136ff
36,MAX-034,2,7,72,247,231,176,39697994,30,217959618674,407,34,103658,df003dd12e4eb4224ee1156075769e51349e998b1205fd4ef16f3c2b8f623563
36,MAX-034,2,7,72,247,231,176,39697994,31,219088737434,407,37,103709,0c66840e9e20c5d4b3d247a50bcb0f13b6846a70c24618a7a71c247797dd94c4
36,MAX-034,2,7,72,247,231,176,39697994,32,220217856194,407,27,103760,05a298ba1e3a46e669bc819f20d1fca5fb824bb2dc2ac9987a04fa74755fe78d
36,MAX-034,2,7,72,247,231,176,39697994,33,221346974954,407,35,103811,2219674215081ba371668dbb79b9eef6caf47c1dd224db2f360ee1304f420443
36,MAX-034,2,7,72,247,231,176,39697994,34,222476093714,407,31,103862,c40facdf5c48c472818fcaf019b90d37a52216fa8bbaf823502e22806d8cca9f
36,MAX-034,2,7,72,247,231,176,39697994,35,223605212474,407,28,103913,c8d9d62711a01dd166685521c87ba80e85e9f879cbcc9f40cd1efb15bf3ba6ab
36,MAX-034,2,7,72,247,231,176,39697994,36,224734331234,407,36,103964,acdc92dfd0fba1132474d0683914df998bdc7105d0a34543a9617ef8ff54d81e
36,MAX-034,2,7,72,247,231,176,39697994,37,225863449994,407,38,104015,eb9a809304a16df0b3c60b9f5a6a03cb883939a3bb7dfa8494648fb11fe3df09
36,MAX-034,2,7,72,247,231,176,39697994,38,226992568754,407,27,104066,6d4791e4c6448ecb346f950a0886a454a5f3e10adfebe55b0a71db10f8da257e
36,MAX-034,2,7,72,247,231,176,39697994,39,228121687514,407,39,104117,d246e8b6bda56bde94b2fdc06a330ffb4a8a036d5aeab0a95dab073962d1d939
36,MAX-034,2,7,72,247,231,176,39697994,40,229250806274,407,36,104168,42ec38f1d0f38fd14a14d961c0ba5e61c09d7213b35daafcf38e695e009b98b4
36,MAX-034,2,7,72,247,231,176,39697994,41,230379925034,407,40,104219,b19e8a3d25219056a17a86b975938bee9b0a9a42bd50816181d3409dd2c5622f
36,MAX-034,2,7,72,247,231,176,39697994,42,231509043794,407,36,104270,1a258245f27984bf1acead2ff48164290f63377d00915e304d28b4bf7b0dcb4a
36,MAX-034,2,7,72,247,231,176,39697994,43,232638162554,407,40,104321,45135d934a5fd3809a91a15b43129ea729d7dfc450ce494aa7d9589af33abcd6
36,MAX-034,2,7,72,247,231,176,39697994,44,233767281314,407,35,104372,8b0f15ea2daf1c1d7ae6a059aab3ed9bfe0bbf00efdde992340ee0d679d7121a
36,MAX-034,2,7,72,247,231,176,39697994,45,234896400074,407,44,104423,bf36199838505fa02c04be7bc84ad9994f61bc6d007d2c32cb09d560c7984dbe
36,MAX-034,2,7,72,247,231,176,39697994,46,236025518834,407,28,104474,53139543b1c21c83a8a41caee0baaef3ce4cc1254bfe4471c42477e2a571c3c3
36,MAX-034,2,7,72,247,231,176,39697994,47,237154637594,407,32,104525,45cbf74569f309065e12f3ffc9097e41670a53574572b022e50594f74c38950c
36,MAX-034,2,7,72,247,231,176,39697994,48,238283756354,407,39,104576,4ef2b73d2baf916650812045bb518c0975196eed019aea2468f73243084168e7
36,MAX-034,2,7,72,247,231,176,39697994,49,239412875114,407,33,104627,43c787b6c5b8074b568c829fb43cf4a7ba30d0e8955a9ccb48c9531a5f00e842
36,MAX-034,2,7,72,247,231,176,39697994,50,240541993874,407,36,104678,9e21a4738c7f67f2abf3750ec639eeb4a8cd0e6719d0b5d7cfd5932810ef1276
36,MAX-034,2,7,72,247,231,176,39697994,51,241671112634,407,39,104729,bc44447a7111324a1ff60b61236edd41145841dbcaee4f4e57589790dbe84a10
36,MAX-034,2,7,72,247,231,176,39697994,52,242800231394,407,23,104780,4b4793e129d1f7a4a0cca25e697e4f598d0693773a63a2f8a4d5240e9ec3512b
36,MAX-034,2,7,72,247,231,176,39697994,53,243929350154,407,30,104831,688ca7093740c626756c008680751826b9bc7e498ffd11a33b4c6077a9ada511
36,MAX-034,2,7,72,247,231,176,39697994,54,245058468914,407,28,104882,9add63b6f7c6915a977825c5f9da0571f69bc577982f7a98dbf87430aac53a10
36,MAX-034,2,7,72,247,231,176,39697994,55,246187587674,407,29,104933,2e981829e78b7fa0bc82c8c92c3eaf43e17036f5a99238dfc3fb2f6e637b8e00
37,MAX-035,2,7,72,270,231,176,972448274,0,185018806154,407,30,104984,6568386ced54dd298b46697ad208d5fee00bb3411a99f4cd76fcbd8ab4d4debd
37,MAX-035,2,7,72,270,231,176,972448274,1,186147924914,407,30,105035,03e5cf225055c822837fbb83bbb8c446c8aaac23b1e022589364d25324ab3965
37,MAX-035,2,7,72,270,231,176,972448274,2,187277043674,407,36,105086,01e02ea52e3da61a1dad2e8beece7c38f0e1ff24596a2b515fe7b89e20654046
37,MAX-035,2,7,72,270,231,176,972448274,3,188406162434,407,29,105137,37b0d9af4937de3196710cffcac0f11261ba124b29cb0453214321759e73235a
37,MAX-035,2,7,72,270,231,176,972448274,4,189535281194,407,36,105188,1d46320af1d58d83526ec5807ae16746365972f0e44a1e781b14536d2f4bcc49
37,MAX-035,2,7,72,270,231,176,972448274,5,190664399954,407,24,105239,28f5acb73c193f463cf9834e439ae770b146fdf3cef64a215df811a652ce619a
37,MAX-035,2,7,72,270,231,176,972448274,6,191793518714,407,29,105290,f4ac4fd3bafc63552afd17083e2f358f1f4fb160e11034248a4917d568a1a3ff
37,MAX-035,2,7,72,270,231,176,972448274,7,192922637474,407,29,105341,70ad3d58646cb41955a66259661a1c2adf90f1b06f2e7f9b080e1c756acb990a
37,MAX-035,2,7,72,270,231,176,972448274,8,194051756234,407,29,105392,6226e2bdca5f7356fc83572ec94d8ad40bdd43da8787cdc8f5db06351a3d0e4c
37,MAX-035,2,7,72,270,231,176,972448274,9,195180874994,407,32,105443,e75f3fdfef0267a23d96a397d248c517fb74b848412a737d61ffc5011b30de8c
37,MAX-035,2,7,72,270,231,176,972448274,10,196309993754,407,35,105494,86157d1c0e8da1a28147071787c32bfc695ac504524175c61ee0fd76a2929ee0
37,MAX-035,2,7,72,270,231,176,972448274,11,197439112514,407,39,105545,a7995166cb762b039b3a58f9a94e6e9691778570fdbb461ee592bc11cdb533e5
37,MAX-035,2,7,72,270,231,176,972448274,12,198568231274,407,35,105596,10171e7d80dfc1223e785c7bb1a1228fdecbc9b5bae0ac85bb5cb6e920ef47ae
37,MAX-035,2,7,72,270,231,176,972448274,13,199697350034,407,37,105647,4ae29fa78639f25a218768a5f00f736e7da930c71a3a60f1c47817f4a34f09d5
37,MAX-035,2,7,72,270,231,176,972448274,14,200826468794,407,36,105698,3a713defacc86573dc686fe50687a1ffc6d5f9157efb25a725217dc6627094bf
37,MAX-035,2,7,72,270,231,176,972448274,15,201955587554,407,31,105749,b6a755020c6a447ab1a136cbaf7f53936b03fd0549540758d21d5f7f56a40e5b
37,MAX-035,2,7,72,270,231,176,972448274,16,203084706314,407,36,105800,51dd3f9939b8bf02bfdfbfa89063be1608de118d321816831ca323d0cb99df86
37,MAX-035,2,7,72,270,231,176,972448274,17,204213825074,407,32,105851,5e19516ae2e689e1c0d4ff766a7037341b95c771f3d4fc92381a31c8d29eedac
37,MAX-035,2,7,72,270,231,176,972448274,18,205342943834,407,30,105902,9551fe85ec7eb1d8fae63c24c72d7a7c6775ef3f953311f1af38bd7b37e62751
37,MAX-035,2,7,72,270,231,176,972448274,19,206472062594,407,36,105953,382c5481f5bda0350df54cb3244d12df8c496d9a98b21b968b80d2b6eb6ad15c
37,MAX-035,2,7,72,270,231,176,972448274,20,207601181354,407,42,106004,46dec72fcde4b397d553fbb9d9bad804b575dbdd294ef5126e43a2e1b2090a4f
37,MAX-035,2,7,72,270,231,176,972448274,21,208730300114,407,33,106055,8f8f1e141f55c7e836b0b4ab7fe40c10c5ed501e5a26236574a7eeff0fef3cc8
37,MAX-035,2,7,72,270,231,176,972448274,22,209859418874,407,38,106106,030211edc2d5b149a389673dbb371d9f5f957dece0b3dae41763c6fa2286f7aa
37,MAX-035,2,7,72,270,231,176,972448274,23,210988537634,407,34,106157,d9ae38862e2b2a927c45af594f33a2239b6b43daf33901b69a0d503711c75eaa
37,MAX-035,2,7,72,270,231,176,972448274,24,212117656394,407,27,106208,8f472873a54c9989eebeb6705447cd5a8ac3089ee3a6d636b4b44e52afbb730e
37,MAX-035,2,7,72,270,231,176,972448274,25,213246775154,407,29,106259,7bc4b48ce3acaeb0902d1df6c7c545ed511d3158d44b7eed81c1b86b3e804230
37,MAX-035,2,7,72,270,231,176,972448274,26,214375893914,407,35,106310,1b53a2684515b96d54fa92e5c399dce02a1e8ddb7e8700e7222e2be6258c3deb
37,MAX-035,2,7,72,270,231,176,972448274,27,215505012674,407,30,106361,9eeba4f993722777e3573a760718dae8283b606588d651cbaacec22945838b1f
37,MAX-035,2,7,72,270,231,176,972448274,28,216634131434,407,26,106412,370ecbce0306803d7141dc7b360e305fd56f458d1095b9c9de006ecb557c1aba
37,MAX-035,2,7,72,270,231,176,972448274,29,217763250194,407,39,106463,cbbee58527c82ebc3b5a73a2c51fff5e9756a92c3858ca74d6b3a26c0db2e1d4
37,MAX-035,2,7,72,270,231,176,972448274,30,218892368954,407,29,106514,01da6551fabd467a7005cf55f735038dc2d92c0c01cd452b9f5458802173d18e
37,MAX-035,2,7,72,270,231,176,972448274,31,220021487714,407,33,106565,6ddf6e4f58ce51a464d04f7cbdf093afba74065803f4071cf43ca151563ae921
37,MAX-035,2,7,72,270,231,176,972448274,32,221150606474,407,32,106616,8f3bb5c730710cd1fba10a51dfda74e21b1e96d790c1336b3427ed2adc6af017
37,MAX-035,2,7,72,270,231,176,972448274,33,222279725234,407,25,106667,0538c43208f91627b8fa5c9cd450d843a3a513d401489912e49d7d5bf124ca49
37,MAX-035,2,7,72,270,231,176,972448274,34,223408843994,407,34,106718,a8769b9290a535a2b1d9a01edccead47d047091c77d5b896f580f0dcc31fc2fd
37,MAX-035,2,7,72,270,231,176,972448274,35,224537962754,407,34,106769,975d4020b79dbb7051a6c7faeba16cf8e9193ebf4d76951348b61914642dcea7
37,MAX-035,2,7,72,270,231,176,972448274,36,225667081514,407,29,106820,f71e0b46a7d58a44ae89f61a81a9268b9dabf53a202f07b183777ee082668ec2
37,MAX-035,2,7,72,270,231,176,972448274,37,226796200274,407,35,106871,50f886f406cfb0c32747faf3b8d17c420126f4cec838918af3a540e5f0230e27
37,MAX-035,2,7,72,270,231,176,972448274,38,227925319034,407,31,106922,9aae18da55482ff1affd3de6f1556acfdce8651fa007e4b8a59edd7a79567889
37,MAX-035,2,7,72,270,231,176,972448274,39,229054437794,407,35,106973,4464c3cf8959280fe6f8f7be1937e6b5310c5969dd6fbeafe60fbaba018f0e99
37,MAX-035,2,7,72,270,231,176,972448274,40,230183556554,407,45,107024,c3ec4aba2efc84b112d8d16d2fc0748982324aba4fd3ccb700d913e55ba99bb7
37,MAX-035,2,7,72,270,231,176,972448274,41,231312675314,407,23,107075,0de002c2dbc92993f30d83ffef38de7b7e805efc413cc14c25704494896f68a0
37,MAX-035,2,7,72,270,231,176,972448274,42,232441794074,407,30,107126,d573ede8bbdad882c11af1cf71f31030f50d93bde650a87ff7a3134d4eadda0d
37,MAX-035,2,7,72,270,231,176,972448274,43,233570912834,407,28,107177,a97fccf6badf60797bb61f7312a0ef8550e1171b487dc0cbfbdb87988958ea86
37,MAX-035,2,7,72,270,231,176,972448274,44,234700031594,407,32,107228,183a6123120f4fca53d6ea71cd82a73f624a389d03f5dfacaeb2871a96520077
37,MAX-035,2,7,72,270,231,176,972448274,45,235829150354,407,31,107279,3693eb3b66c9c6af1426704ef690b57ddadb9119bc134889756d540f80744b9b
37,MAX-035,2,7,72,270,231,176,972448274,46,236958269114,407,32,107330,c56382be32ce28b36eafd6d6d055c206a43062f798b6dc48cf6399b3ed861438
37,MAX-035,2,7,72,270,231,176,972448274,47,238087387874,407,39,107381,8dcd0dbbbde2e06387df4e81454dc115550ccd92f373a1e95f1489e0a20edf15
37,MAX-035,2,7,72,270,231,176,972448274,48,239216506634,407,36,107432,1ce1003dcc28af237b754b63c841cb599a488d0864148b0be2651f11f8637a4f
37,MAX-035,2,7,72,270,231,176,972448274,49,240345625394,407,32,107483,3b587fd69d7cd7803a76ddc414bdd70958ab25d10169cd8299a69e36050363f0
37,MAX-035,2,7,72,270,231,176,972448274,50,241474744154,407,31,107534,939bfb84d85d5906145c3f1527013c7aea17bf7ee9af98718c024a96153ecec1
37,MAX-035,2,7,72,270,231,176,972448274,51,242603862914,407,31,107585,505feb583bfdebfe65ee8c4e9cddbac63639d6295b48767efa1fcae4b97c66df
37,MAX-035,2,7,72,270,231,176,972448274,52,243732981674,407,35,107636,c42095e1725170d9b720678863a9d483ccea5d4130beb8c6a19ef1177740e10e
37,MAX-035,2,7,72,270,231,176,972448274,53,244862100434,407,36,107687,b5f1c62a5485642a13be6612855fae25a114288e36d5133f8ee8eb1ae484e9bb
37,MAX-035,2,7,72,270,231,176,972448274,54,245991219194,407,26,107738,a85b8b216454190d73dbf588c7e1fa978fd751d0b06476dc0252bbea193420f7
38,MAX-036,2,7,72,316,231,176,579711314,0,184626069194,407,42,107789,a159edfd81f6fab6c2c971f2084a2f1f95e39dc62fee5f03f40175352e8c9e32
38,MAX-036,2,7,72,316,231,176,579711314,1,185755187954,407,27,107840,b3c6f422b0729ed423528da68955b59a72e1fe0694d082b35146f0917ae1c2f8
38,MAX-036,2,7,72,316,231,176,579711314,2,186884306714,407,38,107891,d801ea606f27392f3ca48a86314edca4fd4095ee27081dcec46d33974256bff0
38,MAX-036,2,7,72,316,231,176,579711314,3,188013425474,407,39,107942,14b5d307b6eca9c0b2b9b7ea1bdf3e5e02e610d7eb4f2fa5f6fd2905ab2d1798
38,MAX-036,2,7,72,316,231,176,579711314,4,189142544234,407,27,107993,3565404ed9471515df7dc919d22b7572b38a143542797b29c9c51368ad144b6c
38,MAX-036,2,7,72,316,231,176,579711314,5,190271662994,407,35,108044,2fd618e7a2ee061d5f895eec8f7f6cd6e46971fb40cfd938e89031da485582af
38,MAX-036,2,7,72,316,231,176,579711314,6,191400781754,407,26,108095,91fd3ade58e9880a7b53ab46b512a0a203ae779b0f5b1694021226c05710409f
38,MAX-036,2,7,72,316,231,176,579711314,7,192529900514,407,29,108146,5c3a1cd8805017aeb300d4a49dd06b07d67f7affb9f91ebb9466508b4d428a61
38,MAX-036,2,7,72,316,231,176,579711314,8,193659019274,407,37,108197,19b3e0cd4802fcd01b8a8284ef8f2f1de921923fd642fa1f164dd547d0a9f250
38,MAX-036,2,7,72,316,231,176,579711314,9,194788138034,407,29,108248,f694df10283c1e57650c1152eb7b1e4d878d182aa2752388e33add78fd950db4
38,MAX-036,2,7,72,316,231,176,579711314,10,195917256794,407,31,108299,787a3fc363990a47bbcb54b3e48a2de3dcb1cd3ed0910fbde0ea43c3bbdc94c8
38,MAX-036,2,7,72,316,231,176,579711314,11,197046375554,407,35,108350,d32b96091dde2b81ff0605e1dbf149d229d9020172e0f49eaaa9d29544321102
38,MAX-036,2,7,72,316,231,176,579711314,12,198175494314,407,29,108401,c56e46437938902638972e593cce7ac77b5011dc2d57e862d846f6b0450c5d23
38,MAX-036,2,7,72,316,231,176,579711314,13,199304613074,407,33,108452,35da3cbd1509031965fd921ee5e338b238ea8c82905725a1f9296bb4ebb0dd3f
38,MAX-036,2,7,72,316,231,176,579711314,14,200433731834,407,36,108503,a68cfa9bbbb4d8d486d2b1108065705ce3312e27d25957382cfcbaa8eb17d255
38,MAX-036,2,7,72,316,231,176,579711314,15,201562850594,407,32,108554,be1402ec22f9ecbe29672943846c0f768c20b6139eed3f6b9d96c32fed120043
38,MAX-036,2,7,72,316,231,176,579711314,16,202691969354,407,29,108605,8330b199f1a0dad2d7b80c2e06a92deb059370256812a407b083fc0b634a6bb1
38,MAX-036,2,7,72,316,231,176,579711314,17,203821088114,407,39,108656,30d6ed27d5490914ac34a9216c265ad626eeb05ba75c8c1d0361fa92a939abf3
38,MAX-036,2,7,72,316,231,176,579711314,18,204950206874,407,33,108707,32dfb0852ea8b8cd18fa0ab9882dd2bc0a1dff1df692c34b66e7ad86d11b892c
38,MAX-036,2,7,72,316,231,176,579711314,19,206079325634,407,32,108758,e94608940dcd9b168aa791d4927f74dea363dc4edd046cff52e8ccb4718257f9
38,MAX-036,2,7,72,316,231,176,579711314,20,207208444394,407,30,108809,3fd0a1857d27326e5be1a15961a654602ec8e1ebc04be146b2428a0d87d4ef2f
38,MAX-036,2,7,72,316,231,176,579711314,21,208337563154,407,27,108860,8dbbe7cca01bc94f8ba6362a29f5dca76c64b1c2dffc95393063908a239961b3
38,MAX-036,2,7,72,316,231,176,579711314,22,209466681914,407,36,108911,1232b6fb91b0eba73ff85e70ba984226ea5756be4de7d403b8b62d37f1b853ba
38,MAX-036,2,7,72,316,231,176,579711314,23,210595800674,407,35,108962,d312703e68dc88b5b5af601a8f9908a01f320d96cf8e289a6d8ba93300ee291c
38,MAX-036,2,7,72,316,231,176,579711314,24,211724919434,407,36,109013,1ee540ba2df78a9bfd876eeda86c0ad3cc50dd9702b1c66588f165f718361abf
38,MAX-036,2,7,72,316,231,176,579711314,25,212854038194,407,29,109064,a3ec556d1682e9a40c59798e68943c8dc8c067695eb46954902a16c7bdd9e6bc
38,MAX-036,2,7,72,316,231,176,579711314,26,213983156954,407,41,109115,ee74a98a80dfec7f799ef7777749cd47d4cbe155a99861b871a54718e7536e4f
38,MAX-036,2,7,72,316,231,176,579711314,27,215112275714,407,36,109166,eca2dd244a77a876b7918e58dde10ca58ea01d5ff038fd09b7d91fabfc193874
38,MAX-036,2,7,72,316,231,176,579711314,28,216241394474,407,35,109217,4239a34bb8a53f394621eb30a15033e279fa5c133e42f8ca7ee41b5ebf45e779
38,MAX-036,2,7,72,316,231,176,579711314,29,217370513234,407,40,109268,ebc992c69445a23fc9569709097d6aa362aa924c5d9f740f230307a5c86269ce
38,MAX-036,2,7,72,316,231,176,579711314,30,218499631994,407,33,109319,3c2b13deecd7557a8eb8d22b205e3617f8e72d1ac103b1840683d9848ee2747e
38,MAX-036,2,7,72,316,231,176,579711314,31,219628750754,407,32,109370,67e15518120cfa9978e7488b6cb535669164059cf2be53718b0cb572f8dc847b
38,MAX-036,2,7,72,316,231,176,579711314,32,220757869514,407,44,109421,a21ad9191d157f42b68f1bc2f11706d0a2124a3adc9ea3e07da67a20f21a49aa
38,MAX-036,2,7,72,316,231,176,579711314,33,221886988274,407,33,109472,01abfe25916baddbd035af77ee9873ac48fc1b10ac7a16924cbac1fb08ab2d98
38,MAX-036,2,7,72,316,231,176,579711314,34,223016107034,407,31,109523,1c4c65a16309492fada16e8c1ff12d127386b76d49518cd6a37ba6f1817de953
38,MAX-036,2,7,72,316,231,176,579711314,35,224145225794,407,34,109574,a72e1c37ef66162e381ced29387b7270efdf6a2adae4a5e59ad6e1c7f99b5d4b
38,MAX-036,2,7,72,316,231,176,579711314,36,225274344554,407,35,109625,bb18543af0f8052386e19a4036fc480addd97b0364d08bc38e3657f00a56da59
38,MAX-036,2,7,72,316,231,176,579711314,37,226403463314,407,44,109676,3b465a6b408efe97e14f2eeaf4a696cb44bbdcf001e094583b4f708676cc8bf5
38,MAX-036,2,7,72,316,231,176,579711314,38,227532582074,407,42,109727,2568b2d363bbd0db576c1d8ccb19cb2db8cf90041d0e5831237bb18a521cc9c9
38,MAX-036,2,7,72,316,231,176,579711314,39,228661700834,407,32,109778,14855ddd3fcbde97ed8eb867f80b08dcdea82ea3cbd5b6e0c0853e6c02fa6171
38,MAX-036,2,7,72,316,231,176,579711314,40,229790819594,407,34,109829,f1dfc08d70d0594e5c4f32853bd886c5c108293ccfcf7e993424a27dbd05860d
38,MAX-036,2,7,72,316,231,176,579711314,41,230919938354,407,41,109880,fbaf0a786b437cb5eccbb459bef1c34152848bd297b08ffbb545a0f80b2c27c7
38,MAX-036,2,7,72,316,231,176,579711314,42,232049057114,407,27,109931,e18f11a7624cd98a00f032d8189b28afc1a6a660704db160e614d52c984f2e25
38,MAX-036,2,7,72,316,231,176,579711314,43,233178175874,407,30,109982,63b64a23be3cc31c83c22255139ef642824651a92af5037d8fac8b356aee64af
38,MAX-036,2,7,72,316,231,176,579711314,44,234307294634,407,36,110033,3e46c8f6fd714a3c7f554c89d51dd96d997a88159b97bc924a6e6ded77aad98b
38,MAX-036,2,7,72,316,231,176,579711314,45,235436413394,407,37,110084,8352f2be48f857eef451f97fc25adf6c47ac582aecf1044f21ea3824df008bc0
38,MAX-036,2,7,72,316,231,176,579711314,46,236565532154,407,34,110135,aa991e1b4d0cb1339f0f89cfe3389b7bd07223bd13137475f2c9eb84a17dcf40
38,MAX-036,2,7,72,316,231,176,579711314,47,237694650914,407,31,110186,4f17f3ae530fb3733f49e5a6bf8f4e2bc934cf85ce9dc1f64b3011ce1f28b6b1
38,MAX-036,2,7,72,316,231,176,579711314,48,238823769674,407,25,110237,74361d5e20b3a81eade677c30e063ec943cbb5cf140d6f73e85a6511fc767d53
38,MAX-036,2,7,72,316,231,176,579711314,49,239952888434,407,29,110288,05a960f40ee6b6a0662f894db8fcef295b5d2f0f8ffa0cc5a5601782ac72593f
38,MAX-036,2,7,72,316,231,176,579711314,50,241082007194,407,34,110339,db758268c9b1be0cb3b03544314377f73fff6e6513f35cefe4824c3daf5c98a9
38,MAX-036,2,7,72,316,231,176,579711314,51,242211125954,407,27,110390,85404c206fc31346a549f2289b24d5c159f11a666efaa25ae4fb41f35f8a50ca
38,MAX-036,2,7,72,316,231,176,579711314,52,243340244714,407,30,110441,0fea921557f3a8185dbf709e381a4941b1181317d0bfe68386211ee747d329e4
38,MAX-036,2,7,72,316,231,176,579711314,53,244469363474,407,37,110492,7eb6832dcbb7868e4e59513546b2b2128ed44f4f89ed5668ee9ed2d2d71bd972
38,MAX-036,2,7,72,316,231,176,579711314,54,245598482234,407,42,110543,0a7b0948f53740e78dfebe590135642370c094237b0445812c274de301bf2728
38,MAX-036,2,7,72,316,231,176,579711314,55,246727600994,407,29,110594,c7efc3b2318bf4fdf5fdaae25aa232c332696c0e72abe46341b338dea3699fc6
39,MAX-037,2,7,72,339,231,176,383342834,0,184429700714,407,28,110645,e156dad8dd759f6543c7c40beaf9f748f1717bf046934b29d8d40b6bbe3fd762
39,MAX-037,2,7,72,339,231,176,383342834,1,185558819474,407,36,110696,aaad06e010395f05d51f5fb0a57c451150742c27a4e2c210d643e098911591f0
39,MAX-037,2,7,72,339,231,176,383342834,2,186687938234,407,33,110747,98516f2df4d58579032378a96f1a45587e4cc2550986b4178aa69071965332ed
39,MAX-037,2,7,72,339,231,176,383342834,3,187817056994,407,30,110798,c42e8325a339d20db7b8410bed7ae6d7517ac852434a06e714422918fa970793
39,MAX-037,2,7,72,339,231,176,383342834,4,188946175754,407,42,110849,96a84c5db0dc30c217b49d7f7425b18c067f3144df98cbce57fa8c326ed00551
39,MAX-037,2,7,72,339,231,176,383342834,5,190075294514,407,29,110900,fa08af2419b83096aac0b34c942ee671fc1fe6d710ac8dd5f898c885a90c7748
39,MAX-037,2,7,72,339,231,176,383342834,6,191204413274,407,30,110951,f08635666e48996b17b5b6d4bb629e9f522732ccf666d9681d75eea1ea7d7d4d
39,MAX-037,2,7,72,339,231,176,383342834,7,192333532034,407,36,111002,be11a2167c51dff4ff4daf534734d3fc6a8ca5a588c8f5ac441c8f08c7eab23e
39,MAX-037,2,7,72,339,231,176,383342834,8,193462650794,407,32,111053,3358b509228219314bfb22c55a91c28f43d66fefd3ba9dbadb7cd0ccf1df03ee
39,MAX-037,2,7,72,339,231,176,383342834,9,194591769554,407,39,111104,ad55dfb0b2df02669aa972cc2022e638628e35e852b6120ab7f44bdf727cd4cd
39,MAX-037,2,7,72,339,231,176,383342834,10,195720888314,407,32,111155,e1146db002c172da6127b0e27781b363643f9ab4de8fa7a8b3fd230c8a43095f
39,MAX-037,2,7,72,339,231,176,383342834,11,196850007074,407,28,111206,d4e8acf622cd7020c231062c8b1eb60b0d3fd7bf72553945d7513df55cfa7c93
39,MAX-037,2,7,72,339,231,176,383342834,12,197979125834,407,33,111257,217ad23c666c37ad95fc49e10473bec78ea594d40aca31ac6ff4182447e1b81c
39,MAX-037,2,7,72,339,231,176,383342834,13,199108244594,407,30,111308,1dcfe3e5ed2f672bb239164ff39673f6ae5c805e8a9b0295e4a86ec9b968c57a
39,MAX-037,2,7,72,339,231,176,383342834,14,200237363354,407,36,111359,332871a0f41f4c6ac79398615ab363ccf4722ce16c68e402dd6f95c7f997448c
39,MAX-037,2,7,72,339,231,176,383342834,15,201366482114,407,24,111410,7de2147fe941343f1ba0f55f12437b37e06142116920a925eb80c008e34f1f12
39,MAX-037,2,7,72,339,231,176,383342834,16,202495600874,407,42,111461,86b19c7ecd591a83e5c976218633f0b9975937f8fd9ac1b8ad7b0028316b27c8
39,MAX-037,2,7,72,339,231,176,383342834,17,203624719634,407,39,111512,c887c36587d75c4ed254433582e9ff1611c5aca6e234e1aeebbb1dcf397444a4
39,MAX-037,2,7,72,339,231,176,383342834,18,204753838394,407,37,111563,d88a8a1d74e694395816352b0afc74c0f12902818ac830726698b8dac6e253d7
39,MAX-037,2,7,72,339,231,176,383342834,19,205882957154,407,27,111614,9e7d38ff7cba499ec4a47969bda93a91a40df251651b89540a424c3c5393989f
39,MAX-037,2,7,72,339,231,176,383342834,20,207012075914,407,26,111665,dc03c042948eb07f5cb3656685c659a2c26fbcd659d681cd818f92b3303e02d5
39,MAX-037,2,7,72,339,231,176,383342834,21,208141194674,407,30,111716,5ccfd339200561d0bcd88c6869b553a6e33c0b2976f31009f36e5f64340ebd58
39,MAX-037,2,7,72,339,231,176,383342834,22,209270313434,407,38,111767,9963ced452152c3eb67e3f22d8af29c67a705d724d795976db10ca3255dd3817
39,MAX-037,2,7,72,339,231,176,383342834,23,210399432194,407,32,111818,b2937bee90522ccf81082a049981fd2e5e159a3f7c17c14ebc891cd250484a10
39,MAX-037,2,7,72,339,231,176,383342834,24,211528550954,407,29,111869,f1b7bb5147223094d2a0f2308b3d9d98efc960f90deb3909053eedf283b0b83e
39,MAX-037,2,7,72,339,231,176,383342834,25,212657669714,407,35,111920,6a7daa0fc7e2dbe06221db79a44bcd5626a875bbf0fae21121771634f99801ca
39,MAX-037,2,7,72,339,231,176,383342834,26,213786788474,407,34,111971,fab59d54e7e0825aee116b6dcf10f3394b87124d0dd2083d524b45e08062c2ec
39,MAX-037,2,7,72,339,231,176,383342834,27,214915907234,407,25,112022,683dc97d39f3bdec1033afa3e7b74336d266f734d08b676d21a0ae7d463485b9
39,MAX-037,2,7,72,339,231,176,383342834,28,216045025994,407,37,112073,92c59a8f54776e112a2bf4648db7594a486827f9c63501b447020bca110bd812
39,MAX-037,2,7,72,339,231,176,383342834,29,217174144754,407,25,112124,e609d3e009f3df9b89c0d939827a3cd66813b095c7e73a34881d332a6d6fbff9
39,MAX-037,2,7,72,339,231,176,383342834,30,218303263514,407,33,112175,41cb183d465fc6fc3a3f5ab3149c9d57d5e2b8e0c1f604311cab82981f9348c6
39,MAX-037,2,7,72,339,231,176,383342834,31,219432382274,407,34,112226,b62adada7ff66232f093898bf830d341ee305e2c30d69f326037898105e655cc
39,MAX-037,2,7,72,339,231,176,383342834,32,220561501034,407,35,112277,513d28c5beaa951214186c14a6cc00f5f58a3ad3dbb57350706cf0e40660ee42
39,MAX-037,2,7,72,339,231,176,383342834,33,221690619794,407,28,112328,b53383fa8936b2549fb641ccc4fbbf1b7d19cfac2ce4107e088bd4c00f3b5723
39,MAX-037,2,7,72,339,231,176,383342834,34,222819738554,407,39,112379,aeaee2850350b6575433363ffe6aabb65235150933153387ba3ca1d5d821785a
39,MAX-037,2,7,72,339,231,176,383342834,35,223948857314,407,34,112430,dba6d3a9941d446c4d52fafe035073cb56b48e2b673b1e3ed3ecb63fcf510202
39,MAX-037,2,7,72,339,231,176,383342834,36,225077976074,407,29,112481,08690366e5f2421fb02ae683615318d7af17f0fb3f50e62ee49912d7579d71b4
39,MAX-037,2,7,72,339,231,176,383342834,37,226207094834,407,38,112532,edbe1afbc9e8214e139205b360211777374849e694f0d67c7889c0359eaf46b3
39,MAX-037,2,7,72,339,231,176,383342834,38,227336213594,407,33,112583,7b44dac2b68676a47206c9edf076de9a5ceed7386de8df6822c35b4225987f40
39,MAX-037,2,7,72,339,231,176,383342834,39,228465332354,407,29,112634,5e9b694d11cfea515b674d6cf78b759cec9dadf2f60cb30f71f344a20dcf624a
39,MAX-037,2,7,72,339,231,176,383342834,40,229594451114,407,41,112685,79beb3a1d88ce27d001a07fc6b467a2f657ce05e9221dd130a06fedb224cefd4
39,MAX-037,2,7,72,339,231,176,383342834,41,230723569874,407,36,112736,ce87fb37c6234d90b9b1d5ca81cc02e1996738e619e6d3b44752bde12b05b9a4
39,MAX-037,2,7,72,339,231,176,383342834,42,231852688634,407,31,112787,6468777f0a341c45931cb28397ef46853e26b0ddd91ac37450e10604e7fa6ba8
39,MAX-037,2,7,72,339,231,176,383342834,43,232981807394,407,41,112838,21360b614a60d5ac2b8c30422c238980bb0d6d9a6807ae734c3982eb4cf37cec
39,MAX-037,2,7,72,339,231,176,383342834,44,234110926154,407,45,112889,1ecebf3348a6cdef9df9fcb4065becceeb857c8c50915834fc255dd7312a1273
39,MAX-037,2,7,72,339,231,176,383342834,45,235240044914,407,38,112940,9b766c1d78eb3a7a083e2f80b9d8bfbffde6be6a3da2d20e023bb09f0df88f6a
39,MAX-037,2,7,72,339,231,176,383342834,46,236369163674,407,34,112991,614e273177e303eba517722cbc2409f0dc419daeff35114275926f727e308a32
39,MAX-037,2,7,72,339,231,176,383342834,47,237498282434,407,28,113042,2b8e53ce1d68ebbc069e7b2f700576ca159cbae214623cbb708706ffb32648b9
39,MAX-037,2,7,72,339,231,176,383342834,48,238627401194,407,36,113093,b0ca9c6a45206fd36aaf4bbbf5d51859facf474e7d6ba745034a61a7b270627a
39,MAX-037,2,7,72,339,231,176,383342834,49,239756519954,407,35,113144,aec0bcaf44eafb8b0e201952075f4739ccb29b0bdc0ad1845eb84c137880b233
39,MAX-037,2,7,72,339,231,176,383342834,50,240885638714,407,31,113195,ed9fa043f4417c4fa15fc4a5fd0914b616fd8bfea7804e24e324e986c0873c16
39,MAX-037,2,7,72,339,231,176,383342834,51,242014757474,407,28,113246,b0e106f58d726efa7e4c217f7c67f9b9a5718dd4d6d2f831ef40af8d3d9ea1e9
39,MAX-037,2,7,72,339,231,176,383342834,52,243143876234,407,35,113297,6732205d9a2916010093cc0628c4e320f91f45aaf06b89d0d43503123d7276ce
39,MAX-037,2,7,72,339,231,176,383342834,53,244272994994,407,34,113348,f88fa2658e29fd30a7c9db72f3afbb9e051ab1afaa26e9f7f2656a33c61645e1
39,MAX-037,2,7,72,339,231,176,383342834,54,245402113754,407,37,113399,d1e0af7373aa6178345842b1253fc27153f65ee7ab902ec81eaa875d805ad18e
39,MAX-037,2,7,72,339,231,176,383342834,55,246531232514,407,28,113450,9b154e5123e2aa9c0f1af29ce38f61942a463ca54d81507162c74790e6c9c186
40,MAX-038,2,7,72,362,231,176,186974354,0,184233332234,407,39,113501,796278110ab5a3efaf07f6232225eb93802a3c7544b472f4b2ac54ea1f6223c1
40,MAX-038,2,7,72,362,231,176,186974354,1,185362450994,407,26,113552,39ace46a3ef0ad35e1453e5e6c902ca521ef89874ac387eeed7d915c6f24a8c1
40,MAX-038,2,7,72,362,231,176,186974354,2,186491569754,407,31,113603,984b08bfb2e56c067888ccaaac770080bed7284e8720fd6c8f14cad1d7d0abde
40,MAX-038,2,7,72,362,231,176,186974354,3,187620688514,407,39,113654,2c2e8d85757787b3e6c90e4c0a39e3f02592ecf7a5b2e9c9abdfb27de5ebfb81
40,MAX-038,2,7,72,362,231,176,186974354,4,188749807274,407,34,113705,d4228cd7c8a9d291b0764f86ac133ee051d1416a00ae5db31f77a6a54eb7081a
40,MAX-038,2,7,72,362,231,176,186974354,5,189878926034,407,35,113756,696e9e71b6bd26f1d94b185fc6e7e6d6c0e8e7d1e390ec3abed494e7576c9f8c
40,MAX-038,2,7,72,362,231,176,186974354,6,191008044794,407,39,113807,2c1751f038c741d9ba470e73534cc0e05dc73f87629a25ef9db723c13fa20222
40,MAX-038,2,7,72,362,231,176,186974354,7,192137163554,407,29,113858,b90e4a0a1b70783b81fc945b473da72f4c3a16ad45dab8bfda2e2d657c20cb12
40,MAX-038,2,7,72,362,231,176,186974354,8,193266282314,407,35,113909,fd972f17e78d57e3b54d31880fbf285868e056f36430ae2c8b8f420c7ef18b20
40,MAX-038,2,7,72,362,231,176,186974354,9,194395401074,407,32,113960,af148e5e7bf662649bc3c9e954066268dc934e3071fd67167ccfa1e032a881b9
40,MAX-038,2,7,72,362,231,176,186974354,10,195524519834,407,32,114011,98b1476240e3c99988a780630ba8b1ade70b291e1b453342b054582027830f2c
40,MAX-038,2,7,72,362,231,176,186974354,11,196653638594,407,15,114062,0b990e3a4a537300d8dde29ebae88728adcc511a2672c8ce62a0cdb02ae06a8d
40,MAX-038,2,7,72,362,231,176,186974354,12,197782757354,407,37,114113,378155c619938a4fe6e1349d3d7754a4e67e2fee2866b469c8654d679037fc58
40,MAX-038,2,7,72,362,231,176,186974354,13,198911876114,407,30,114164,5a182e7533607e0543341ab394eec151253cf0046fa6595a90f69bdfb82c6f10
40,MAX-038,2,7,72,362,231,176,186974354,14,200040994874,407,31,114215,ab96a816ceb26f96352da3245ba171945b88449cd8ba5df9a1c905c021450a50
40,MAX-038,2,7,72,362,231,176,186974354,15,201170113634,407,35,114266,697fdd268399e331b0e2eeb15545ada3a2b6be69f1b4383bb9b30189c41b6136
40,MAX-038,2,7,72,362,231,176,186974354,16,202299232394,407,36,114317,b8b8f98aedfc26cd2e6585c64bcc20c1b7d1870f609271a1d6af8c2a72ff9f2d
40,MAX-038,2,7,72,362,231,176,186974354,17,203428351154,407,40,114368,4a8878cfa3af9e4880c03300bc184d946c77be94caea2b12f920a27e15d60130
40,MAX-038,2,7,72,362,231,176,186974354,18,204557469914,407,42,114419,9443d520a0d317af30a0f803c22d4890df7f141bd217a13e05c5b650c5a02865
40,MAX-038,2,7,72,362,231,176,186974354,19,205686588674,407,34,114470,087559b5015a70091271f456b7a1dbd6ef4881e57473a2fda3cd48c0285fa5bc
40,MAX-038,2,7,72,362,231,176,186974354,20,206815707434,407,38,114521,cc124c60ab32c922f770f89c3f180d28caa279e93ed732640740d92b27a0afd2
40,MAX-038,2,7,72,362,231,176,186974354,21,207944826194,407,29,114572,cddd3bb56f11cac5baa4d086749a237dc3f7eb5d39523fdfbeaa1eeeee59d16b
40,MAX-038,2,7,72,362,231,176,186974354,22,209073944954,407,33,114623,cbd8f6ace82df1afa55ac8dadc3c358deed00c3b879c30e7594ab0793d990855
40,MAX-038,2,7,72,362,231,176,186974354,23,210203063714,407,32,114674,055cc8fe0ca56b7c50a364be6651c94fb0dd05bf5dfe363d2d475baba3001a8b
40,MAX-038,2,7,72,362,231,176,186974354,24,211332182474,407,42,114725,71a53a8484dae3661f43715d39f71dbdcdeceb9002ac9c4183320a09dd4179e6
40,MAX-038,2,7,72,362,231,176,186974354,25,212461301234,407,30,114776,b81aafca00f094ed815ab68190b4f74425a46ca83514c1635cd0df08997eb2ea
40,MAX-038,2,7,72,362,231,176,186974354,26,213590419994,407,28,114827,38423c7775604971b60e2380a20161d298d41e2f48a85ae3f0b86e0416af3e9a
40,MAX-038,2,7,72,362,231,176,186974354,27,214719538754,407,41,114878,683f656b055b6c95a99ccdab3a5e329a6dcdba2c25c273bd381d5a2cdbf36fb6
40,MAX-038,2,7,72,362,231,176,186974354,28,215848657514,407,28,114929,78cf5793c055087bb5c0709e6f01320304d1802c4f04af59d27d463d85cdf088
40,MAX-038,2,7,72,362,231,176,186974354,29,216977776274,407,35,114980,a2bb1b6b06c1c941aa7f10859acff2858a14de8d7334de2dd1dfe5e004660538
40,MAX-038,2,7,72,362,231,176,186974354,30,218106895034,407,38,115031,42cd3e59f7da93e7addbb697ba5e2cf1178126054f1852111627f789a99bc67f
40,MAX-038,2,7,72,362,231,176,186974354,31,219236013794,407,27,115082,d36060419066de8e730d92a639c073792bacbcc9aaf031e4eef3f255c979ef1e
40,MAX-038,2,7,72,362,231,176,186974354,32,220365132554,407,29,115133,52e960da5a7141603b40da850943f38a98993d8752e17cd5ba734aaa1cfacdbf
40,MAX-038,2,7,72,362,231,176,186974354,33,221494251314,407,33,115184,b5a01d54d5e24e3fd0e3c9b4d6b02c7722787994b82181cc2a8624f434970ff5
40,MAX-038,2,7,72,362,231,176,186974354,34,222623370074,407,39,115235,bdd3ea7aa2ec66fae5e6988354cd33407178b6dad49df33f5e44ea0134d9c538
40,MAX-038,2,7,72,362,231,176,186974354,35,223752488834,407,36,115286,954e37ebb870b248dddbb76445b8c2057172552f0dad40c05467bdb9709675d7
40,MAX-038,2,7,72,362,231,176,186974354,36,224881607594,407,19,115337,3597513bbce5dca7b53ffd2c9afe135635ff2d180f4377440b4f4aaf0eb01f55
40,MAX-038,2,7,72,362,231,176,186974354,37,226010726354,407,35,115388,708138aca82fa1969e44289058151168880fb91733a4c048f8536eff8ac841a7
40,MAX-038,2,7,72,362,231,176,186974354,38,227139845114,407,33,115439,6e0f05262d6bc3f66128e7c2e3b02923999ff4513e372c0bebd2b981102b34cd
40,MAX-038,2,7,72,362,231,176,186974354,39,228268963874,407,39,115490,df99faf5cd7471cccb65c646fa27e10b17d420b7954b7a3ed307ae5cc415f7f3
40,MAX-038,2,7,72,362,231,176,186974354,40,229398082634,407,27,115541,853d70e1a5cd419ebc8771164a5cc2709d2960594b5062f82748ed602411bff9
40,MAX-038,2,7,72,362,231,176,186974354,41,230527201394,407,29,115592,a551b1c06d3fbc6dc8dd9b2cb76ce2c9c56541eaa7fa7a924d963c05f7737ddb
40,MAX-038,2,7,72,362,231,176,186974354,42,231656320154,407,38,115643,42d5957510a63e988522d4195456800719db23f3945544e6b23a17768ed88f2d
40,MAX-038,2,7,72,362,231,176,186974354,43,232785438914,407,41,115694,5208666b6e86e46f50d69f02d89628e3bdd1403b5d2917122c73fcffa336a456
40,MAX-038,2,7,72,362,231,176,186974354,44,233914557674,407,42,115745,fe9878a23ca53af690f9d1340ec9252e19289eddda9e911da37b1aed98b20824
40,MAX-038,2,7,72,362,231,176,186974354,45,235043676434,407,42,115796,30298e99a5d4d92ab8fdd5dbaa4ff7797fa42095636e66f39b45d49127ef2a1e
40,MAX-038,2,7,72,362,231,176,186974354,46,236172795194,407,25,115847,544426b452aaccc900532d143490b389e43f3393da1bb94a4c169f6392b2ef1a
40,MAX-038,2,7,72,362,231,176,186974354,47,237301913954,407,27,115898,e9b177acbc924b306d6fb7576a08ea0047eb90457cc568fd5c82287edeb530ab
40,MAX-038,2,7,72,362,231,176,186974354,48,238431032714,407,34,115949,8e6a9991e78c842ee76db2aff2ecc0c5887c0ad05024d11ea92d402eb0d394d2
40,MAX-038,2,7,72,362,231,176,186974354,49,239560151474,407,29,116000,0d3750a7570a1af15775ad65236aa6ce70f9a3ec822c89440feef3a17799073a
40,MAX-038,2,7,72,362,231,176,186974354,50,240689270234,407,31,116051,4ec2fd684588c583f09cb070cce23afbe1133d89328d33e60aeee33451a7557c
40,MAX-038,2,7,72,362,231,176,186974354,51,241818388994,407,41,116102,9bc0cc22bb14cda6d8a31dee2e9e74bd8395ed78258b6109a82c409d26e78603
40,MAX-038,2,7,72,362,231,176,186974354,52,242947507754,407,40,116153,39fe35153793c048de0dd86ab3520714413f891a80d8aa8bc5e20c69a6c639a4
40,MAX-038,2,7,72,362,231,176,186974354,53,244076626514,407,31,116204,dc359cf79f946315a126a5e85e0599d32c50cdc2683de6471b63ac07d1292fb7
40,MAX-038,2,7,72,362,231,176,186974354,54,245205745274,407,37,116255,336105541a4a108a4f10505ff85cd5f8603f13339525aadb7fa934bd63c3ab30
40,MAX-038,2,7,72,362,231,176,186974354,55,246334864034,407,31,116306,1ba0c14519cb298b121edee2dd93fe6d1022081a35cf09295c55e67c3ace0fa5
41,MAX-039,2,7,72,385,231,176,1119724634,0,184036963754,407,24,116357,80e11ecbcaaacbba8d6c7398b2e0e81d565a432d7350d28627595fe7a92db47b
41,MAX-039,2,7,72,385,231,176,1119724634,1,185166082514,407,36,116408,223ba75ddee8f733cee2bc82fb7546b0822c4598eaea4de0e5025e905f746fa2
41,MAX-039,2,7,72,385,231,176,1119724634,2,186295201274,407,38,116459,a398528437ddfca614fccb59ab1ea1cbd33c7ee235465ccd02c33ea19987f37f
41,MAX-039,2,7,72,385,231,176,1119724634,3,187424320034,407,25,116510,460bd9707f3e2fdb36b90277f72672c52e9fac0463e2d549bf84d0ce96a4fd13
41,MAX-039,2,7,72,385,231,176,1119724634,4,188553438794,407,29,116561,e0a87b7a2ca655612e2b2c7bc90c3609ebe5c71e826072bbc78f3630f138a0e1
41,MAX-039,2,7,72,385,231,176,1119724634,5,189682557554,407,38,116612,b5b84c0808585da82361b9f2433a0982824aa1112c346debc126d04c3de95f74
41,MAX-039,2,7,72,385,231,176,1119724634,6,190811676314,407,32,116663,a2463af6eb38cade78e74e934a8fa611285cd35ca73dc742a284e81e8ba5f8ce
41,MAX-039,2,7,72,385,231,176,1119724634,7,191940795074,407,28,116714,f31cf009277b754331742e95c4d9714e2d33fa9ffefcf5fe2f01bc458a8bfbd1
41,MAX-039,2,7,72,385,231,176,1119724634,8,193069913834,407,35,116765,8ac24645ab48d9d975b6769787d372223eec6015e415b9c67ce86a6dbab59178
41,MAX-039,2,7,72,385,231,176,1119724634,9,194199032594,407,28,116816,186cdcb404b25bd8714f80663b2cdf22eb1eea35a81a08c28a5dccc551bc9b15
41,MAX-039,2,7,72,385,231,176,1119724634,10,195328151354,407,31,116867,4ae4ca16ec3e689fb233d6345c3021429383d3c289ce0330bb9ffca933fe2292
41,MAX-039,2,7,72,385,231,176,1119724634,11,196457270114,407,41,116918,66864978557ff6fc03cd79053693181bbf896dc1a4c827e530c4594279869138
41,MAX-039,2,7,72,385,231,176,1119724634,12,197586388874,407,30,116969,f2bd27e96b87071fba41c4416bd9c6477ed60a7d5544c64a5a9bdd9d3eb52777
41,MAX-039,2,7,72,385,231,176,1119724634,13,198715507634,407,27,117020,8b62cc612833b18155748281118ab26025844ae2da02d0f719785b0af5ff3269
41,MAX-039,2,7,72,385,231,176,1119724634,14,199844626394,407,37,117071,d6bcf3f0123ce118d9883d99943a6c2119d8712a20d1a44b59160dd4d43558dc
41,MAX-039,2,7,72,385,231,176,1119724634,15,200973745154,407,31,117122,fb3ec98f6398f45f8c5c2e0dbf4df106659416c8923487739f177bcaadb3c3c6
41,MAX-039,2,7,72,385,231,176,1119724634,16,202102863914,407,41,117173,94e62fdf92b13e10f09311100a76cfc3fe52ecde28747380e83f2e77018908dc
41,MAX-039,2,7,72,385,231,176,1119724634,17,203231982674,407,33,117224,dc9dde9b8fc9a4c73f7ea6985032f7d5194daf0d0f69334cebd0fd8d04f76870
41,MAX-039,2,7,72,385,231,176,1119724634,18,204361101434,407,35,117275,f2475e3d1743133f718bc19436c41ad26e27a541c9e3e7e722c5fa547c561534
41,MAX-039,2,7,72,385,231,176,1119724634,19,205490220194,407,30,117326,57f9f8fc9ffe98a1940b876639288ba9ac6370e20d19cc5adcd0124951ff6a5a
41,MAX-039,2,7,72,385,231,176,1119724634,20,206619338954,407,34,117377,c2ad595476dfcc76029bdf09749fbdf4eb22571ac705c44cb636fa9a75ba6194
41,MAX-039,2,7,72,385,231,176,1119724634,21,207748457714,407,28,117428,298cd48e67998fd4d7f0086592633baf7f0611864e68b76c1649dde47cf5110e
41,MAX-039,2,7,72,385,231,176,1119724634,22,208877576474,407,20,117479,f5d8aeb74f385a5b373f2fdc994c34fe0ed1f71159e1424bcc5b4f49f47752cb
41,MAX-039,2,7,72,385,231,176,1119724634,23,210006695234,407,39,117530,fd34c92fdecc3587cc4e2100fd4cbeb1fe039bfe85cd07f92cf0593022902b95
41,MAX-039,2,7,72,385,231,176,1119724634,24,211135813994,407,40,117581,ebb654d9f8d43699c369a4e73b9c787dfb2d077a7e0ff4de8279c18840cf90d3
41,MAX-039,2,7,72,385,231,176,1119724634,25,212264932754,407,27,117632,f5941420bb3d3e4fa7011d38cad1562b54681a4e2abf8aad31b6d95d692112f5
41,MAX-039,2,7,72,385,231,176,1119724634,26,213394051514,407,27,117683,67845b3f535d33b491721dee586715a07039324794296a49db5d951f358f347d
41,MAX-039,2,7,72,385,231,176,1119724634,27,214523170274,407,32,117734,e76346e1f108b890ef9591f2b1cb77c7d57015ff46c940feff532ea1a70a61ea
41,MAX-039,2,7,72,385,231,176,1119724634,28,215652289034,407,30,117785,5d58b1f52f77069eb6dbeb2a7d6ccb02934d0ac02a5dc6c682e610db6b45a0e9
41,MAX-039,2,7,72,385,231,176,1119724634,29,216781407794,407,34,117836,e118173007d7ee9caeabdb94117907e792482d5416e9eddf3b223c5439d17a68
41,MAX-039,2,7,72,385,231,176,1119724634,30,217910526554,407,33,117887,179e1a6a281eb8420b34ee6c2be4fe2940759a7cf7692a49870af18870acc400
41,MAX-039,2,7,72,385,231,176,1119724634,31,219039645314,407,26,117938,387e8b98dabf14cae0d443ad94b289971c9518b64d25f17f3a4ed4f3f0426e9a
41,MAX-039,2,7,72,385,231,176,1119724634,32,220168764074,407,43,117989,282ff157512db024782c85f45402ad0631f8ccf556c498adf691b60557453258
41,MAX-039,2,7,72,385,231,176,1119724634,33,221297882834,407,39,118040,3d2b428f6ee4795de1aa719bcc2be87846b3d3d3cdd5453715157e079d54ba24
41,MAX-039,2,7,72,385,231,176,1119724634,34,222427001594,407,37,118091,d89b1bc44f9d4254efdd0f83affaeb1fd1eb7bbe3715e07850ae4eb3208e8a1b
41,MAX-039,2,7,72,385,231,176,1119724634,35,223556120354,407,33,118142,230b14a4513d549bedac155d72b18c35370b6944c19995530f919c185915d9cc
41,MAX-039,2,7,72,385,231,176,1119724634,36,224685239114,407,29,118193,fd65edc512568730cd71832e2b3a2ada68c19f7f094216b269d11c976fdee935
41,MAX-039,2,7,72,385,231,176,1119724634,37,225814357874,407,35,118244,609e3eb942575008689431a405fa4a81bea7227eb141720576a7f5c1874c3cf9
41,MAX-039,2,7,72,385,231,176,1119724634,38,226943476634,407,39,118295,7bd20a530bd3a58b261d0ebe2868f5163c7df51a9de7a17cc0f6c7a2f62eba39
41,MAX-039,2,7,72,385,231,176,1119724634,39,228072595394,407,33,118346,812eb86d64b8622c2c72219c7a5b113176ca866f1326824de7acaf8bd01233c8
41,MAX-039,2,7,72,385,231,176,1119724634,40,229201714154,407,30,118397,c4d6cc3724bafb2d812e377485ab5f759d8362442b96d4e580b81cd1c4d2e5dc
41,MAX-039,2,7,72,385,231,176,1119724634,41,230330832914,407,40,118448,40edecbc1b70c2858594e0660779cced39e8f723efc68d38bc77bbc65edfb74d
41,MAX-039,2,7,72,385,231,176,1119724634,42,231459951674,407,43,118499,dc8a19c1c6b91ecebe99c7eb4613a4aff3f9f003f0831571faefe5370f9595c0
41,MAX-039,2,7,72,385,231,176,1119724634,43,232589070434,407,31,118550,f0480e61cd9c78d19b2bff76aef5598a11f98a2d7b38b334d4bfb3db20adb3dd
41,MAX-039,2,7,72,385,231,176,1119724634,44,233718189194,407,38,118601,1eb5e14dccfad492efaf1cf14802c5beb6a94a07eab2e2d5883184a76665e2c8
41,MAX-039,2,7,72,385,231,176,1119724634,45,234847307954,407,32,118652,05515a39e8371a7159a96ea2c3e4fc48b80d3eb37db8e9d0f74bbba2fe5f3411
41,MAX-039,2,7,72,385,231,176,1119724634,46,235976426714,407,37,118703,61767c68e8960bfbe860f407df6c7e1397d3229f0925fdd27717b9faaab86ff2
41,MAX-039,2,7,72,385,231,176,1119724634,47,237105545474,407,30,118754,92502e2749b4ce9225132900b96d991afc57981492e80f88adea9a331971146c
41,MAX-039,2,7,72,385,231,176,1119724634,48,238234664234,407,33,118805,b4bd2bb4534b7c899869d3294e5fe7577917ce0e5e180a7c2a881721f3413805
41,MAX-039,2,7,72,385,231,176,1119724634,49,239363782994,407,30,118856,62c187d3a46f4da288bedf47160ba858e07ce86e51b1679a538e4db7deec0963
41,MAX-039,2,7,72,385,231,176,1119724634,50,240492901754,407,33,118907,f7b006480a1e826871efb32d223246d0ad30782b50c7ff8f7858ae24c7496fe1
41,MAX-039,2,7,72,385,231,176,1119724634,51,241622020514,407,39,118958,9dea5ab2cbed0df63b9389a65df1ed212c3c1675e21f37c960a7cf21d55bac78
41,MAX-039,2,7,72,385,231,176,1119724634,52,242751139274,407,31,119009,3d2d0469a30d25f9b00f2dd4d1e31f79233492e3743a44c3f14e9d9ddfbf1737
41,MAX-039,2,7,72,385,231,176,1119724634,53,243880258034,407,39,119060,a2e53983cd86fbbd88e3d4eded81daf71ade01f219077632a09285220f603208
41,MAX-039,2,7,72,385,231,176,1119724634,54,245009376794,407,31,119111,3787e17538b68304c040af9c7cfeacecd7317a39526078c30140ea91810eb741
41,MAX-039,2,7,72,385,231,176,1119724634,55,246138495554,407,24,119162,8e0886d15315a3cde2b12b9a1734be88ef5a2001428ffd6955fed95b8f8252c9
42,MAX-040,2,7,72,431,231,176,726987674,0,184773345554,407,30,119213,5a3733555c05289d490b970fff873b70f0c88eb7414c24943556e9481c57b481
42,MAX-040,2,7,72,431,231,176,726987674,1,185902464314,407,36,119264,a9d1886b4d6c1a21f1b6b22eb6b105397dd08a9ec5a4e1b5ea0e60f75dafdf4e
42,MAX-040,2,7,72,431,231,176,726987674,2,187031583074,407,34,119315,62d1df45807d345e963131e6ee62290acbbdf662de110ec5e7496d421ebd01a2
42,MAX-040,2,7,72,431,231,176,726987674,3,188160701834,407,29,119366,417fa84853119e5110ee900a04f1e824d4204df79903265dd47f2de6faa81c3a
42,MAX-040,2,7,72,431,231,176,726987674,4,189289820594,407,26,119417,f595b4c57e6829709803a2a2e221620b5c6b260fe5410aaa648a1f71def2a7cf
42,MAX-040,2,7,72,431,231,176,726987674,5,190418939354,407,42,119468,a29ab6fc53b62260b1bb28ef3867bc9c0b1a269a768844a738ed47db14a316fa
42,MAX-040,2,7,72,431,231,176,726987674,6,191548058114,407,32,119519,725820c91d826b52f3b0821b0c826492e86ee99f44b80eb7a6509bf34fd80fbb
42,MAX-040,2,7,72,431,231,176,726987674,7,192677176874,407,35,119570,ee422c210adbb87cc081a02a12306f675a6958a2a713a01af3f36391569d411f
42,MAX-040,2,7,72,431,231,176,726987674,8,193806295634,407,37,119621,3976ca326f1e30a82b696f392bc243247652a546fc71fc94d909faa43bcd182b
42,MAX-040,2,7,72,431,231,176,726987674,9,194935414394,407,28,119672,99312e83ed59086ad96ca985bb603f823470577894177b1eb7e3d0d737588055
42,MAX-040,2,7,72,431,231,176,726987674,10,196064533154,407,30,119723,5185e129834f53d7abff778b6810b756d1273bf257976b7394904adce9c3fb20
42,MAX-040,2,7,72,431,231,176,726987674,11,197193651914,407,47,119774,520519556e907d6d9926dca5977a15e217bfec8a3de55f92ee0639445cdabbbd
42,MAX-040,2,7,72,431,231,176,726987674,12,198322770674,407,33,119825,6b4db15c9503042d7a8c9d035b11e4baa052cf923e0c01a56cdc47312b5c21bb
42,MAX-040,2,7,72,431,231,176,726987674,13,199451889434,407,37,119876,68b5f1ca5a9e6b8cebfaf9040092c9ddabd319cac6f3ae9e6142720543205cbc
42,MAX-040,2,7,72,431,231,176,726987674,14,200581008194,407,35,119927,28784bc47ca01bda5c0c042bcdf8d6345165722ef7096249f88515c6ab507561
42,MAX-040,2,7,72,431,231,176,726987674,15,201710126954,407,32,119978,def77f658ea2fde7f4126ddb972e1b64311736da379013745bd7e94a8a7e9c18
42,MAX-040,2,7,72,431,231,176,726987674,16,202839245714,407,35,120029,9e2aaf48a73c69faffa7d0a31d9c8091413db6c027763dcd5e9560cb1030be8a
42,MAX-040,2,7,72,431,231,176,726987674,17,203968364474,407,27,120080,9328cf1f41268732f2a4d6b2507fc03758bc9709c8937b93adee0937a41dd02f
42,MAX-040,2,7,72,431,231,176,726987674,18,205097483234,407,26,120131,da15ec63dec200d0f013bc56b48a61125dc672c9b049e7a0cabb5b5052d54b3f
42,MAX-040,2,7,72,431,231,176,726987674,19,206226601994,407,34,120182,f53ebd40a4315881ec7ac6fe1245242aaf01d95042d28dc987f3d0aea5740276
42,MAX-040,2,7,72,431,231,176,726987674,20,207355720754,407,34,120233,2966394aa3f30f78a07f9e97a4cfea32d4058a5d35f955cf9f394f91a2f2fdef
42,MAX-040,2,7,72,431,231,176,726987674,21,208484839514,407,36,120284,48d51dcf35bccba49358ae520ce5d15ef9d90118a7664adc19d4e13e40b86fac
42,MAX-040,2,7,72,431,231,176,726987674,22,209613958274,407,30,120335,ab30cd73c7505fe1bc67d56ef26bbe4b3120420c4d6c515b318e501625b1e4fc
42,MAX-040,2,7,72,431,231,176,726987674,23,210743077034,407,31,120386,0796868ac6f856898484474c7314c38973c9b3159c1815d789a0550c10e1e732
42,MAX-040,2,7,72,431,231,176,726987674,24,211872195794,407,43,120437,6353788a182a41b192906514786cbee6844d83bbbf401eb2c9ac1ecca4c07ba9
42,MAX-040,2,7,72,431,231,176,726987674,25,213001314554,407,24,120488,1fdffd0a52461cf7dbb38e56b7a3375c944ce372507da5ab7a82b25ac07178b7
42,MAX-040,2,7,72,431,231,176,726987674,26,214130433314,407,37,120539,4033e83568cbeac812b27471264bfc4191758c27221fa49dcf8a9738b03156ca
42,MAX-040,2,7,72,431,231,176,726987674,27,215259552074,407,28,120590,23d31184d7bdb76bbfb12227b15f699a6bf4a278dce67fdb33b359659949f2d2
42,MAX-040,2,7,72,431,231,176,726987674,28,216388670834,407,35,120641,9257d2170eda35982fb54ceb97b4741858a8c8983fbb1c27b51cad85a34d31df
42,MAX-040,2,7,72,431,231,176,726987674,29,217517789594,407,36,120692,8bf866f0b2cf50ac6239836d59ddc426adc1b0266c3b20f781faa2ecefad1e3c
42,MAX-040,2,7,72,431,231,176,726987674,30,218646908354,407,30,120743,299528c933bc803476138c5073c6be9f2ef24ac301406c05712a0f33da37010a
42,MAX-040,2,7,72,431,231,176,726987674,31,219776027114,407,33,120794,2cf1cdf06de8929c42cfc6285078e23d1c719eaeb6f68d3cb45cd6ba3bb0880b
42,MAX-040,2,7,72,431,231,176,726987674,32,220905145874,407,44,120845,7a974b14fdc650e30eb1f1d3637742259638606d9ec1d8a8002b604040159b5e
42,MAX-040,2,7,72,431,231,176,726987674,33,222034264634,407,33,120896,5fb49e55cf8be3179506fca6798f0a087425e73ad2ae023e058862499a350ca5
42,MAX-040,2,7,72,431,231,176,726987674,34,223163383394,407,34,120947,d27855b4f7d314d1acc896ebe4dde7200aec9128434c977100d3972720ab3849
42,MAX-040,2,7,72,431,231,176,726987674,35,224292502154,407,34,120998,7a00390ce8888bcba09d71400b1a8f6b6904fa1b9e2db6694fba1234ff2ef46f
42,MAX-040,2,7,72,431,231,176,726987674,36,225421620914,407,26,121049,93cc3afaae6afef22a3841fbb4f37cf34809516b3d5cbdf1d1bf1bbc01da6b77
42,MAX-040,2,7,72,431,231,176,726987674,37,226550739674,407,33,121100,fca02328150028abfea71daa5db9e001346ef515f5ae36a943b99b29071ca016
42,MAX-040,2,7,72,431,231,176,726987674,38,227679858434,407,42,121151,f8288bbd9762c7df3171d263e2c4d39e0e8be7164bad26284535d654e88d54e8
42,MAX-040,2,7,72,431,231,176,726987674,39,228808977194,407,32,121202,12517fb48ad55f1425f3b7e69056e270ee126d80f89fbf2f79b2410d21f24c85
42,MAX-040,2,7,72,431,231,176,726987674,40,229938095954,407,36,121253,7b1a134f6604791ab01cda10199bcb8f49c9899c8a633a10fb7d3a5b27b7faac
42,MAX-040,2,7,72,431,231,176,726987674,41,231067214714,407,35,121304,84903eb43ef02e033d6946591e08bb6db5beb02bab64064d1ce797aa745dcb66
42,MAX-040,2,7,72,431,231,176,726987674,42,232196333474,407,24,121355,6400a4a1302f497acfc161e8bbc7854dd36afa8d71f8c649fd2f3ed57c38d756
42,MAX-040,2,7,72,431,231,176,726987674,43,233325452234,407,28,121406,fdd290f0562fda5be252d2ba78abf87d586e55acea8e4a6e63829be87bab7a94
42,MAX-040,2,7,72,431,231,176,726987674,44,234454570994,407,31,121457,39ec6564749e8f36687e07783871bc3a3ba97f85e8c412a66a8f4511dd4a1824
42,MAX-040,2,7,72,431,231,176,726987674,45,235583689754,407,32,121508,653d50f2759ad6764fc11a3bde5b7ffc18eb21278c976476128fc00feb493338
42,MAX-040,2,7,72,431,231,176,726987674,46,236712808514,407,27,121559,6c29c3a42b3e77b58d70531d8cb2ff0aa77a47d8497a571020eb3e7e1a8e6c85
42,MAX-040,2,7,72,431,231,176,726987674,47,237841927274,407,40,121610,b86235f880b3e927ce51d2fda885e2c81c7ab1d3b395a9b2416f78ef9c57dcc7
42,MAX-040,2,7,72,431,231,176,726987674,48,238971046034,407,44,121661,ee1a7a411ffccf355c846c047ec90805755c71519c8eaa973cbf193ec54b6941
42,MAX-040,2,7,72,431,231,176,726987674,49,240100164794,407,30,121712,b507122146c6911c14b478040c431b39d278b34b6433e842805ac2ae5d13aa64
42,MAX-040,2,7,72,431,231,176,726987674,50,241229283554,407,30,121763,f1e87e71ea34c80459d3f8b9c328f01c11d46769b72d07b9c415d85c3b3ba1ec
42,MAX-040,2,7,72,431,231,176,726987674,51,242358402314,407,31,121814,a9351eb22c02e6ef8bdfa1d7f80b8d964ce618bc9152f21b69654f08bad7fb94
42,MAX-040,2,7,72,431,231,176,726987674,52,243487521074,407,22,121865,08aa9eb248bc7cda0d8802da11c5e55d263a84ddada61748d5966c08e860c439
42,MAX-040,2,7,72,431,231,176,726987674,53,244616639834,407,32,121916,c46e492515b36926797762076f64c209d2a78a0e9fda348f24f9b29979542f53
42,MAX-040,2,7,72,431,231,176,726987674,54,245745758594,407,20,121967,6d15ed69dca3affceb4a649b8393c50284f4cbad5c13330ddeee96ff6e3e6f69
43,MAX-041,2,7,72,454,231,176,530619194,0,184576977074,407,28,122018,a8c0f4bb3864fd80d91cd3a0ef9c1d260e36584e41dfbdf24f682001f45af007
43,MAX-041,2,7,72,454,231,176,530619194,1,185706095834,407,40,122069,10318589928c21bf4a3b681e9569361d8ff7da60ee331971f0deadbcf611adc0
43,MAX-041,2,7,72,454,231,176,530619194,2,186835214594,407,30,122120,4e017194763c31ef46e4b87d66b23814ce6409c4acdf585402ee7d302fa9323a
43,MAX-041,2,7,72,454,231,176,530619194,3,187964333354,407,37,122171,dde97c2f71ef83a93f98eb189549f2b04a1ef70edab56c2d829ac8c8ecdf42d8
43,MAX-041,2,7,72,454,231,176,530619194,4,189093452114,407,36,122222,85f51b5bca52a109bd0f6411fcea4cd0570e6272dafde3914345a136e244ee80
43,MAX-041,2,7,72,454,231,176,530619194,5,190222570874,407,30,122273,b1132769a41f5113468ea42e894e233a31a6cc29843dbf2dae2485dd20ab0ffe
43,MAX-041,2,7,72,454,231,176,530619194,6,191351689634,407,30,122324,77ac38edef90bca5b313a2a69d6607e91fa2550bd473ba796c302193a9cc9354
43,MAX-041,2,7,72,454,231,176,530619194,7,192480808394,407,36,122375,2b84fc8613440ce6be68b74f4c6287ed809e6368cd806bae962cca9433024a13
43,MAX-041,2,7,72,454,231,176,530619194,8,193609927154,407,25,122426,3a17ba16efde5d7b9e1c24cae290c9acfacd87536a58eaa55a2510c37351abe3
43,MAX-041,2,7,72,454,231,176,530619194,9,194739045914,407,29,122477,1b1ad358c6cd82b5b995fea0171401aaaf43bb1826ec1e9811bc55b819a708e3
43,MAX-041,2,7,72,454,231,176,530619194,10,195868164674,407,42,122528,91e2aba424b3016ee5c9c273b8e2a39fad7da1d109a333b251d25002f18b6218
43,MAX-041,2,7,72,454,231,176,530619194,11,196997283434,407,37,122579,2f400c83e6c3d71600247eba5205b17b218db24b8b6ffc605f6f39549538e952
43,MAX-041,2,7,72,454,231,176,530619194,12,198126402194,407,37,122630,d70e5b08917be0bf4a0ea2754c3f19a2d66ef1ddb04803dbf942c4d00a104219
43,MAX-041,2,7,72,454,231,176,530619194,13,199255520954,407,40,122681,f8238e639d8ccd8fdb7889a874b81f27ba90f3e08e336e58b80390b1975796da
43,MAX-041,2,7,72,454,231,176,530619194,14,200384639714,407,24,122732,5458366a98a94ed353d8bd7fa10ef6d7197da489ca7d7df96835e1604796eef0
43,MAX-041,2,7,72,454,231,176,530619194,15,201513758474,407,36,122783,a8963b8652091fa121260b1f7b7f2146c42a401f5746aaa83cf53758d1fb7509
43,MAX-041,2,7,72,454,231,176,530619194,16,202642877234,407,32,122834,4a3d90b0165aae7827318a1b024384d786b1605d0b48722de01cf395facaf3b2
43,MAX-041,2,7,72,454,231,176,530619194,17,203771995994,407,34,122885,d7aa7ba8d392048412565d47c78323ebbca13d975857dbf5ca42386f458b20b0
43,MAX-041,2,7,72,454,231,176,530619194,18,204901114754,407,29,122936,daa1cf324a91b9b7d26589d50f83cdeb5e6d97de7a9d7c86fa5e4f0df0e2ad66
43,MAX-041,2,7,72,454,231,176,530619194,19,206030233514,407,34,122987,b8c2ca9a80e2945fb03f430dfc7f7644ddf79d3d2695ecb2056650bc722dbd9d
43,MAX-041,2,7,72,454,231,176,530619194,20,207159352274,407,40,123038,002ee56dde15c0856cfbca4522ea1369c410be0466fdb29b97c65ebfb13742fc
43,MAX-041,2,7,72,454,231,176,530619194,21,208288471034,407,34,123089,3395d47a3ad64abce66d913f5888ce37ac7ff82d5a10f84be98a5456935c8b9d
43,MAX-041,2,7,72,454,231,176,530619194,22,209417589794,407,36,123140,8a8221721877d55ec4bde6774b781f9220bc534a8dec1fe5ffb5ae840c3fab22
43,MAX-041,2,7,72,454,231,176,530619194,23,210546708554,407,40,123191,5c0cb919531f482115962f35373f3c8c385b481bc6d902256456329e413f89a8
43,MAX-041,2,7,72,454,231,176,530619194,24,211675827314,407,28,123242,cbc10512887aac38faaced5c40d1419985ee5afe424f9a97506fc7ddcf43fc6a
43,MAX-041,2,7,72,454,231,176,530619194,25,212804946074,407,34,123293,cdaa1e231a5416565a3590af772361c57717dd5bf4994ffc5e9785a2dd6ddd12
43,MAX-041,2,7,72,454,231,176,530619194,26,213934064834,407,26,123344,863f93a859fb3d5164f347b6eb554a07b1625ebda2adc44751d827c2297aaa7f
43,MAX-041,2,7,72,454,231,176,530619194,27,215063183594,407,26,123395,6f3e2122ba6a7723b9dc5e327f35747089b07cd213f019f5d1d52b7ff4818562
43,MAX-041,2,7,72,454,231,176,530619194,28,216192302354,407,49,123446,d43c0fae6c60e550293cf5b28c0eaf0d934f41f2a1d914c10a2fe580a085cfa7
43,MAX-041,2,7,72,454,231,176,530619194,29,217321421114,407,31,123497,f00a06da5cfce18c2b331d8733d0428ab6bf847aadfe704f064c8ba433bda188
43,MAX-041,2,7,72,454,231,176,530619194,30,218450539874,407,39,123548,828613e68e4f8e2cf9593db7870a5d5ef039281f9a4e5e412830357740416e7d
43,MAX-041,2,7,72,454,231,176,530619194,31,219579658634,407,30,123599,cc610d55c0366d8b704c2be1661f12754c7e8d27e6b82e6c163c41ef23c57211
43,MAX-041,2,7,72,454,231,176,530619194,32,220708777394,407,32,123650,ab834fcea520459378537bf3f63f7239d26807dc4d0005c1b1913de7d9f075fa
43,MAX-041,2,7,72,454,231,176,530619194,33,221837896154,407,35,123701,9c965f011b35f2b9fd296fd9e7684bbc9fea71722ec20d28dd03626d938fb738
43,MAX-041,2,7,72,454,231,176,530619194,34,222967014914,407,35,123752,3649e141b0873d84db2f9fe37962345bb4e06c7a64c237fc5146294ac890ff84
43,MAX-041,2,7,72,454,231,176,530619194,35,224096133674,407,37,123803,3d0fbecc551d94b4040875e6c5f933d46d75b44b9a62a48fcf3be44af33c9206
43,MAX-041,2,7,72,454,231,176,530619194,36,225225252434,407,30,123854,efdd23fb8ec8465f0a2e7b413b302cf009835b26e6d418c580a5af17a7743152
43,MAX-041,2,7,72,454,231,176,530619194,37,226354371194,407,34,123905,420aa27cce47def19136c0bf08a350356d4a7318b86e184b312b22251bb27582
43,MAX-041,2,7,72,454,231,176,530619194,38,227483489954,407,31,123956,48dffbcb9672039927d39f8a4c00545b64e902fa4b69e8446caf01753135f3d0
43,MAX-041,2,7,72,454,231,176,530619194,39,228612608714,407,36,124007,562a6dfcb5c196e0f1db1feb9dd2d2d3859138ad0e9685dbc6e7094211e35a68
43,MAX-041,2,7,72,454,231,176,530619194,40,229741727474,407,38,124058,2d99a781fce1bfd2a5a75cb0acc51b73b372b59cd860918accf5a7490b3b668f
43,MAX-041,2,7,72,454,231,176,530619194,41,230870846234,407,39,124109,25fe27a4633f15313c4a443413f3fc7d23cf0e54b20e1c66f523a4d054251c0e
43,MAX-041,2,7,72,454,231,176,530619194,42,231999964994,407,32,124160,cab4ee9bfb80c10a11c82abc6841c18bb5ba5ee69098b49015d6266ad66ed1d0
43,MAX-041,2,7,72,454,231,176,530619194,43,233129083754,407,32,124211,e15f52a0aadf0c2a1e02c0febc525a70a57456c32e27099259dbf3642f8845cb
43,MAX-041,2,7,72,454,231,176,530619194,44,234258202514,407,31,124262,7f0bdd7662454584b2045966423c9a37c64776a0137e29070b0c94111fec6c18
43,MAX-041,2,7,72,454,231,176,530619194,45,235387321274,407,26,124313,53f4044b0ca7ac953dd29850a6bc7e7ffd6160f2547b6fcdad9338e56b684cc7
43,MAX-041,2,7,72,454,231,176,530619194,46,236516440034,407,37,124364,8cd0ee01dd473d80c0eff6583d67ad4cb2d6e0eddbc52b38924ee03d00bb8985
43,MAX-041,2,7,72,454,231,176,530619194,47,237645558794,407,34,124415,94a82a2985755f29d23948500e31dae1a33493a78cbcaf5e66915aa8c4add6ba
43,MAX-041,2,7,72,454,231,176,530619194,48,238774677554,407,36,124466,b49548cd0705f0403dc9cfaa94e59099ba7ec10acbd1a712094589fd19973eb7
43,MAX-041,2,7,72,454,231,176,530619194,49,239903796314,407,34,124517,91aaef441f92b7504242b71c8a5658fbb5ea5edb8ba20db27ecadcad027c8def
43,MAX-041,2,7,72,454,231,176,530619194,50,241032915074,407,26,124568,2772f047f8238167af573aad64486a708562e641141c22cf1208da7c6041dc3d
43,MAX-041,2,7,72,454,231,176,530619194,51,242162033834,407,31,124619,b10c00a62bed87e018731dd79892196c628dde1d0080a6e3fbc9e9fd698104a3
43,MAX-041,2,7,72,454,231,176,530619194,52,243291152594,407,39,124670,c6df0177b72ed7878063b197e0333061e517d6e6cb3f5546f49eee3050ea01f3
43,MAX-041,2,7,72,454,231,176,530619194,53,244420271354,407,23,124721,e89e2e382206a0053dc9c5991b273a3c24c6e688ce022a672f5dc403ec574d2b
43,MAX-041,2,7,72,454,231,176,530619194,54,245549390114,407,27,124772,463ddb5d72a8856d8242d246cce27dfb2508ba2c33802bb3b9d552d1986a8f4f
43,MAX-041,2,7,72,454,231,176,530619194,55,246678508874,407,41,124823,e3b1981b87893b32038644b86bed8b6a5c523490dce96624818b7c9e334af904
44,MAX-042,2,7,72,523,231,176,1070632514,0,183987871634,407,33,124874,db4e673a8a0d98568e7f0a06e29c362b84bbaf29596fc91a0d93d90bd2723ba5
44,MAX-042,2,7,72,523,231,176,1070632514,1,185116990394,407,32,124925,c0920ced6e2781b902a5c78c3672e44e23009d345ba83b51e667cf39962126dd
44,MAX-042,2,7,72,523,231,176,1070632514,2,186246109154,407,33,124976,32c04a017abed2ba54b48842005fd53d716101de93ae669f12954a9690472e9a
44,MAX-042,2,7,72,523,231,176,1070632514,3,187375227914,407,25,125027,abcb6c3a750df473e4d6c79c4fda419cb045a2b142564557ab2de30260ec6f8f
44,MAX-042,2,7,72,523,231,176,1070632514,4,188504346674,407,27,125078,f9e66ece330d2fb00bc59eeeee0d819976d431053e6807d3180fe32b5fd5147e
44,MAX-042,2,7,72,523,231,176,1070632514,5,189633465434,407,29,125129,4e298520f2055d887c25a2249ef3f4ac9bbdd64da6fe840d72192a549a7d0800
44,MAX-042,2,7,72,523,231,176,1070632514,6,190762584194,407,23,125180,be6be6ffbdcec427357b2ddfbe7f0425f7f2cd743e369085fdcb97c95a5eb11d
44,MAX-042,2,7,72,523,231,176,1070632514,7,191891702954,407,39,125231,ef58b9260cf5e0e6f3e171a2255f27fd7b3ef72d2fd29028cda1a180919ecce4
44,MAX-042,2,7,72,523,231,176,1070632514,8,193020821714,407,32,125282,b76fb1a83a7616eabf3efc3547a6e1ade7dd7342fb1855c5dfdc56f3cbd98975
44,MAX-042,2,7,72,523,231,176,1070632514,9,194149940474,407,39,125333,f776351ffc5791689c22590443ac904bfb543be6c25c7837ee301b40f06f76db
44,MAX-042,2,7,72,523,231,176,1070632514,10,195279059234,407,42,125384,b89845f33225fa768ded21e3d9e7fd83cc867f6c875cb080115237c980ed9dce
44,MAX-042,2,7,72,523,231,176,1070632514,11,196408177994,407,40,125435,beb56100fa56af4f952e0c55c1050ee952d57939750ff71d13def013a661d89c
44,MAX-042,2,7,72,523,231,176,1070632514,12,197537296754,407,30,125486,fdcffd2c7e33f20246e697d6845648f386874783442e441013ed908cb7b9429c
44,MAX-042,2,7,72,523,231,176,1070632514,13,198666415514,407,35,125537,db06993273a7a6126ff76fbfe8c01fb22bce65439ef80330076cbfdc76c43f79
44,MAX-042,2,7,72,523,231,176,1070632514,14,199795534274,407,29,125588,42eec1e3a4a9b3ca969de65b31727503c5874d4e55f8412facd5f25432fbbde1
44,MAX-042,2,7,72,523,231,176,1070632514,15,200924653034,407,31,125639,048838460189ee492b47377c43bbf141b2f357537e6977dbb9f6292f61e1d243
44,MAX-042,2,7,72,523,231,176,1070632514,16,202053771794,407,42,125690,4e90476c798a0e676f25ffdf9fa00a6c696253b93ae7d5564595c3983d1782cc
44,MAX-042,2,7,72,523,231,176,1070632514,17,203182890554,407,35,125741,d22784f0011fe454a2527fab3028e5f7803a974020d41c145d46afa7586d3d1d
44,MAX-042,2,7,72,523,231,176,1070632514,18,204312009314,407,37,125792,b874816d6006982246f2ff6e9c82ca5be2d6c3645d873fd67a14d90f05da350f
44,MAX-042,2,7,72,523,231,176,1070632514,19,205441128074,407,46,125843,596a69754d564c5fb436c639959f2c23c6c24013c39186b1c296c8e832230844
44,MAX-042,2,7,72,523,231,176,1070632514,20,206570246834,407,34,125894,9ee6dcecfc37962ff121d6cdee9ac95d28bd3ae8529c540df87bae88d49c2a9a
44,MAX-042,2,7,72,523,231,176,1070632514,21,207699365594,407,31,125945,6ef857cad701e62f4daa57add8718f63ceab86087c680a18870c482a12ba7572
44,MAX-042,2,7,72,523,231,176,1070632514,22,208828484354,407,32,125996,d7ac6c3eaa10ff5272d8a0cc55f35dc1cc4eb94bb6fb22f9925714f8a1a4a1a4
44,MAX-042,2,7,72,523,231,176,1070632514,23,209957603114,407,32,126047,52dd109affd1969a2f776667a62855fda834bc179892f57077f6e1b875bac030
44,MAX-042,2,7,72,523,231,176,1070632514,24,211086721874,407,34,126098,fba20d076c87d3ef91228dfbeab8cff7b6dd1fcf4f91c57d8e7da069a3b889e5
44,MAX-042,2,7,72,523,231,176,1070632514,25,212215840634,407,32,126149,0ec185cda212671169afcb6e0f66625ab6552ba785d73fa35e8326c839d06d1b
44,MAX-042,2,7,72,523,231,176,1070632514,26,213344959394,407,43,126200,ef9394976f84950d54f9c3336d065e04729422789da260903a5e266d97850093
44,MAX-042,2,7,72,523,231,176,1070632514,27,214474078154,407,36,126251,9182b02a54753ec05ab24b6739d09ec992d8c7d2ea122ae52011be8631c8b4e9
44,MAX-042,2,7,72,523,231,176,1070632514,28,215603196914,407,29,126302,54c993941995e1e1938a3766a5e068c6de7a906b0c7f04037b8723a8316da424
44,MAX-042,2,7,72,523,231,176,1070632514,29,216732315674,407,31,126353,c232a44acb3c8c95fe8f38da869dba67d1c2eb1f1e870c3bf4ab17c49f2c18c1
44,MAX-042,2,7,72,523,231,176,1070632514,30,217861434434,407,30,126404,fef4da49059cf4cd4736407022877c0c3e9a8c430fd8797ae5e2fd641e405ba3
44,MAX-042,2,7,72,523,231,176,1070632514,31,218990553194,407,33,126455,dab9235bcc0e41efe8abe81bd1745c599c3938e4bfa3c47ad0549535958f1438
44,MAX-042,2,7,72,523,231,176,1070632514,32,220119671954,407,34,126506,9768d58ba640a5a7ab1acf1a424790bb9952d0d2a8d26c36905dbbf5b210a29d
44,MAX-042,2,7,72,523,231,176,1070632514,33,221248790714,407,30,126557,95912a53a7e6fd6bc728bd4c27507baf1bb88e96dac8cb63cc5f89a41234d354
44,MAX-042,2,7,72,523,231,176,1070632514,34,222377909474,407,30,126608,1d01a0d04b81999428adba4abc70f5b6e7879c9855aad069e59cf9c5ffc5521e
44,MAX-042,2,7,72,523,231,176,1070632514,35,223507028234,407,39,126659,2bcc07e6812fecf58b32a0feb17f2e50024f95e6150eb90e6dd459883be72b3b
44,MAX-042,2,7,72,523,231,176,1070632514,36,224636146994,407,42,126710,8ded1bacfad85a561e1c46c94d52d1f7593a5ed97ec4d4846cb452122b515cbf
44,MAX-042,2,7,72,523,231,176,1070632514,37,225765265754,407,28,126761,4d7abe2eaa31dba11de8c26fecdae3490fc1db16006a70ea27bd84bba3b93e19
44,MAX-042,2,7,72,523,231,176,1070632514,38,226894384514,407,36,126812,13e6ca3a8bd081523684c3108cf1c6486228f687ae096ab5f49baf21c49a4abb
44,MAX-042,2,7,72,523,231,176,1070632514,39,228023503274,407,31,126863,86ea13a9f5d2acfc7311728a957806fd7b36266b25df2507311deeb637b2fe46
44,MAX-042,2,7,72,523,231,176,1070632514,40,229152622034,407,37,126914,506fa344ec6e6d52f222fc41ae9845d3e343cdaa28bccdfb348f3d042e1ea4e4
44,MAX-042,2,7,72,523,231,176,1070632514,41,230281740794,407,29,126965,65d913fbf8a6f127d4d53e85f29e1840962e5578fecc13ff6dfb3ebe9cd8c9ac
44,MAX-042,2,7,72,523,231,176,1070632514,42,231410859554,407,28,127016,11de86ba96ba5a4a13d82664011792b938451af5babea9c40c46f2f9309dd62c
44,MAX-042,2,7,72,523,231,176,1070632514,43,232539978314,407,35,127067,de820231b53ceeb5af3a9a48b2c73ac42a22711d9132d138eb8d6a2bb26a3b4a
44,MAX-042,2,7,72,523,231,176,1070632514,44,233669097074,407,39,127118,420c877b70463fc54965d19ab4735a696d4ee21e644359cca973b3c85cdcc2eb
44,MAX-042,2,7,72,523,231,176,1070632514,45,234798215834,407,32,127169,e1748bc521d59adbd2ddd15bb4a0e05ac42670f2f8a159083ef71d5b1f6bfc49
44,MAX-042,2,7,72,523,231,176,1070632514,46,235927334594,407,34,127220,5def8b18cb9d09c29819f7c5fcf735cbd6df2171f1c689def4fe6e6c7a8705ee
44,MAX-042,2,7,72,523,231,176,1070632514,47,237056453354,407,39,127271,77149639832f67f3b6e8cfdb20ef7b3a470ed8ab19ce4d07921cab3684402d93
44,MAX-042,2,7,72,523,231,176,1070632514,48,238185572114,407,31,127322,86a2c6ebc4abb8037915f2ca7a9176bb824b55358fdd635d0bd39e6a3ff9418d
44,MAX-042,2,7,72,523,231,176,1070632514,49,239314690874,407,44,127373,e88538c97f5f1d045d83049f385f7609c0364b95a17a77c1d8c4ab07ece3688a
44,MAX-042,2,7,72,523,231,176,1070632514,50,240443809634,407,26,127424,5e7692293ee1b8ea3fb6a7bad8032b1c0a732eaa30c75554ed231f1e48488e6a
44,MAX-042,2,7,72,523,231,176,1070632514,51,241572928394,407,33,127475,becb35a97d3bbb234b06e818412370843430a30a21a4d77dda0782f9d6d80f6c
44,MAX-042,2,7,72,523,231,176,1070632514,52,242702047154,407,33,127526,8340569caf4af53aa944095b9d4f184c80503f6c4d7746633059d3f09010c85d
44,MAX-042,2,7,72,523,231,176,1070632514,53,243831165914,407,30,127577,f9a32284057981f599782fe1f94eaa36c322623b5ccdcb1561fb60264e8ebf04
44,MAX-042,2,7,72,523,231,176,1070632514,54,244960284674,407,40,127628,e08b700760f17ae50d9248108fa572c392cf2690242a5aa8b37be4fd084f001c
44,MAX-042,2,7,72,523,231,176,1070632514,55,246089403434,407,34,127679,ea3370cf33118def30b024cd7489665901ff62ea87cf83c7795b30cb0da40698
45,MAX-043,2,7,83,17,231,176,566322554,0,184612680434,407,30,127730,407cda321005f55a362e2ca1041796cf4b2588be24bc28a76394d925ada35d62
45,MAX-043,2,7,83,17,231,176,566322554,1,185741799194,407,30,127781,7272d192dcf91f4bb78a0eff29bc1010cb0051af95739d0f3efe303c0d94fa3a
45,MAX-043,2,7,83,17,231,176,566322554,2,186870917954,407,43,127832,16bb3dbbba3ec37a7eed025c9d2ba017d9e45bcf99546e38725775336e8c7e21
45,MAX-043,2,7,83,17,231,176,566322554,3,188000036714,407,36,127883,48a606fb6834ece764b653301fa057469b46a3d2a10294c34a8d09d5e47b7c90
45,MAX-043,2,7,83,17,231,176,566322554,4,189129155474,407,28,127934,299c46e3bd73ce19aa3dba9d7aab0835a9e9790ae8d40d89e4739ce271515ad9
45,MAX-043,2,7,83,17,231,176,566322554,5,190258274234,407,32,127985,d2e23316ae0dcdfb70399e6887b70d5f38ba34b68b5f0feb24a4e597861e1060
45,MAX-043,2,7,83,17,231,176,566322554,6,191387392994,407,24,128036,f4e57c68b90f436c5640c4ffd63305c26b38bdbed076c697dbeae4026090316c
45,MAX-043,2,7,83,17,231,176,566322554,7,192516511754,407,32,128087,48830defa7cd1274016a0e7e98c03b188d703c75c1be1f8dff88bef805a6cf9d
45,MAX-043,2,7,83,17,231,176,566322554,8,193645630514,407,38,128138,3376cd38c2c489b5c505af6b0a07c56a158e12b8362ddf62d3e6252dc95b94f0
45,MAX-043,2,7,83,17,231,176,566322554,9,194774749274,407,27,128189,0ccda4216e791e11ebe29dc303a925ae304407d1050fa1fc67e9969d8c5564ae
45,MAX-043,2,7,83,17,231,176,566322554,10,195903868034,407,24,128240,f7746439c124348713b0351baf857702b9862f2826a527f4c133399ea0f13014
45,MAX-043,2,7,83,17,231,176,566322554,11,197032986794,407,41,128291,2660beb0cc929636d76464c8db377434b06504b8bbe3d639b341faaae67cab0c
45,MAX-043,2,7,83,17,231,176,566322554,12,198162105554,407,38,128342,4a919c4e78026c1692e15601854994fbcb858228b48a52d82a6f8dffa93daf16
45,MAX-043,2,7,83,17,231,176,566322554,13,199291224314,407,39,128393,aabd96e6931b8cc65a0b53eca588850af394561f51bb0056c678d9d41403261c
45,MAX-043,2,7,83,17,231,176,566322554,14,200420343074,407,37,128444,6c3c7e046957bb4bae8db51810a925659fe8d9294c8ebf65dff5e283c75a66da
45,MAX-043,2,7,83,17,231,176,566322554,15,201549461834,407,43,128495,9d7dfecdba41b51e15c282508d3a105cafc8a2c20aa1519012adfcaf2a6fa758
45,MAX-043,2,7,83,17,231,176,566322554,16,202678580594,407,37,128546,176776ed84b46ba78756d83ee5a2b150144638c337ae90f8b5d09895d74b3dc9
45,MAX-043,2,7,83,17,231,176,566322554,17,203807699354,407,36,128597,74eea97e6e12565fd7e89ce04d64890a0192de047992497db32da9636bddef4a
45,MAX-043,2,7,83,17,231,176,566322554,18,204936818114,407,23,128648,0d9e4e04c63e99442a459482d567a381d46cad0e00c50ee72aa2db01770ec821
45,MAX-043,2,7,83,17,231,176,566322554,19,206065936874,407,27,128699,cffdae595b761622732771522aa30e9f36d60fbe1597fd971959251790f0ec4b
45,MAX-043,2,7,83,17,231,176,566322554,20,207195055634,407,36,128750,28fe56505f4ed087405b4c8c345493e7d35229414fc2e0506dae93da78ee4610
45,MAX-043,2,7,83,17,231,176,566322554,21,208324174394,407,41,128801,50b13c11d3ae70f436b3edbad215675a01c79c8b0dc22cb22c536866cc823af6
45,MAX-043,2,7,83,17,231,176,566322554,22,209453293154,407,42,128852,ca4cece187b8a02f2fc2350cbb1c408596092cbc205d4b4903c62da43d909af7
45,MAX-043,2,7,83,17,231,176,566322554,23,210582411914,407,33,128903,0a78305f5db7f0640812e45e99e4f2433f58be7d5ce616758a4e9ce1a5afba84
45,MAX-043,2,7,83,17,231,176,566322554,24,211711530674,407,31,128954,4c06a094b6136299fcbe2bbe8cf4fff5cf8fd3052c233958b4145be7b6c7d3b2
45,MAX-043,2,7,83,17,231,176,566322554,25,212840649434,407,32,129005,8b750dcf1b6610ce31640abede8019dee34aa9c68a8a6afb3725881b2cc17dfc
45,MAX-043,2,7,83,17,231,176,566322554,26,213969768194,407,36,129056,7f2568a874faea68184654d6a024092eccae9425e22a2989200603b83ab2decf
45,MAX-043,2,7,83,17,231,176,566322554,27,215098886954,407,33,129107,5b8b80752c20b153ae56c3b861859ba0e1387a7089543ff20654ecd50f121f48
45,MAX-043,2,7,83,17,231,176,566322554,28,216228005714,407,26,129158,f1a29211711efc7445e00040462b2a1553d7fac9c10cdf41cf4e1ab670e58f1e
45,MAX-043,2,7,83,17,231,176,566322554,29,217357124474,407,36,129209,6ad2f08a48b6425d4cc44594e8c3d887bdc637c8b35df97eec1688474a9d5f7e
45,MAX-043,2,7,83,17,231,176,566322554,30,218486243234,407,47,129260,e6b794c62f0088903c37a1de5d2fc344c089e12e0bdecd228dcc80ad635ecde3
45,MAX-043,2,7,83,17,231,176,566322554,31,219615361994,407,37,129311,1245491a962eb2256c441a769a561d926b055229da7c1ebdd4a4bb835bf8317d
45,MAX-043,2,7,83,17,231,176,566322554,32,220744480754,407,38,129362,f7fc573af97c7c3b0a01afdf7fdfc09515d1fd78a7cd446466e935b7305c6f2d
45,MAX-043,2,7,83,17,231,176,566322554,33,221873599514,407,29,129413,6ae82de0506beb3c17b963bcc3f2515fc11ed093c66c6dc82f6b052ea3e878ab
45,MAX-043,2,7,83,17,231,176,566322554,34,223002718274,407,34,129464,4135f3149efb4c058e853a9aa58e649583c8ef6e4c05b3d3b4e440c7904bb14c
45,MAX-043,2,7,83,17,231,176,566322554,35,224131837034,407,30,129515,501ec6baa98d27d773c50d0fa7dc20e56a6e88774dc333b25bebfd3f434127f0
45,MAX-043,2,7,83,17,231,176,566322554,36,225260955794,407,31,129566,a7392f74252ea69e3f3ce751653ae42395f6f4ff33267c656a6595e9efd2398e
45,MAX-043,2,7,83,17,231,176,566322554,37,226390074554,407,28,129617,c1b3c75067b9a6682bdba3ee2b3e1a62bd20afdd314aa7fbc3e24506a6a6a4e0
45,MAX-043,2,7,83,17,231,176,566322554,38,227519193314,407,28,129668,5a5ecb248245a60f1ae7629b604766e8116b58ee8c1e85f6edec997e9f93c0bd
45,MAX-043,2,7,83,17,231,176,566322554,39,228648312074,407,33,129719,c659b749198c19ee9e236d4ea40bfd26411edce7c913c6827a81bc32ec833cb8
45,MAX-043,2,7,83,17,231,176,566322554,40,229777430834,407,37,129770,84fba357fd5d97c5b4a5c7635637540696aba3d4f7dfa2736ffd1bd9ff9898d4
45,MAX-043,2,7,83,17,231,176,566322554,41,230906549594,407,33,129821,fc13cd3d69bb19c490baf37414232f8077b25c768ab5409a0427ba1a65860969
45,MAX-043,2,7,83,17,231,176,566322554,42,232035668354,407,25,129872,93d0b4c5f8290e3e0c116f38a6952012e68343a1accb7d23c795d2e30210fba1
45,MAX-043,2,7,83,17,231,176,566322554,43,233164787114,407,28,129923,017b469d7a02cda8fb0556f154fd5891bf3548221e08c8702f5ed239cb265ef3
45,MAX-043,2,7,83,17,231,176,566322554,44,234293905874,407,25,129974,fb008ac327046a81374a6f9f6049c8c5e3c25ee8242e85b91453e5dc7338c9de
45,MAX-043,2,7,83,17,231,176,566322554,45,235423024634,407,30,130025,f902278ca3871922fc0d5364c92774de0456883bb81dc3175f84dd6468b9d636
45,MAX-043,2,7,83,17,231,176,566322554,46,236552143394,407,32,130076,bbffd5f1b6835fbd42cd51921e7eb0f4680c76628f624cf64cd7e20981d0888a
45,MAX-043,2,7,83,17,231,176,566322554,47,237681262154,407,37,130127,28144b42b87fdb18b2fb45356d65e9766564663f33f3892888c68201bf1484d2
45,MAX-043,2,7,83,17,231,176,566322554,48,238810380914,407,39,130178,b109f6a3692b4e5373e3c2eede968cee3d9a8fda75d225cd17376519d5204025
45,MAX-043,2,7,83,17,231,176,566322554,49,239939499674,407,32,130229,1d132a1006fd38d2229cb9a1fab6d2585b1de8d348083a6b04b5bbaee7204590
45,MAX-043,2,7,83,17,231,176,566322554,50,241068618434,407,30,130280,71dfa3ea66f995e75034084fbc1fb01e9b728d18ed689cd100506becbad515f4
45,MAX-043,2,7,83,17,231,176,566322554,51,242197737194,407,30,130331,18a31e97f4d1a764a3314fa1810819d256a9cdab6a92c74ff7bd55539f626b8c
45,MAX-043,2,7,83,17,231,176,566322554,52,243326855954,407,30,130382,11031b4debcf7f28665523e9410c1e6fa10a0317bc0f2e1b5a1e6d85c7a95dfa
45,MAX-043,2,7,83,17,231,176,566322554,53,244455974714,407,33,130433,c7efe0dfc0b6ce1ed4359e900b9952c390af8e0d5e20fdd5956029d0f753280e
45,MAX-043,2,7,83,17,231,176,566322554,54,245585093474,407,31,130484,83975d3dc442c777f0885ce89fe62bd149159d865938c2a114c0c0ea1cbddcef
45,MAX-043,2,7,83,17,231,176,566322554,55,246714212234,407,33,130535,2248e1f32ae283f19b3b73228505c78670e64fb838477a594453c335894ea88d
46,MAX-044,2,7,83,40,231,176,369954074,0,184416311954,407,40,130586,354bc1fc3e55d21d467d6057fa4c32539b8e37f2c04dd40dfbb7e0fcbafbd392
46,MAX-044,2,7,83,40,231,176,369954074,1,185545430714,407,26,130637,f64ec89f7f15b0187b743aa968d57aa9acbb54f53a4b65d4d78ef87cd4516b32
46,MAX-044,2,7,83,40,231,176,369954074,2,186674549474,407,30,130688,b79c264639be0b404810f87773526db25acebdb47aab14aabcc22534b8520f7f
46,MAX-044,2,7,83,40,231,176,369954074,3,187803668234,407,34,130739,3266858170904ddeade1fe256051ba8411131c065a4c1904e568a2e1140008a0
46,MAX-044,2,7,83,40,231,176,369954074,4,188932786994,407,42,130790,a6f627e62bd0a7ad0f5d199dcc726121b2106a9f443accea2e340c98fc369115
46,MAX-044,2,7,83,40,231,176,369954074,5,190061905754,407,32,130841,68695272fa4a1544b752bc2fcafca6c629bbc95e64100279947fa6bbe38c36d5
46,MAX-044,2,7,83,40,231,176,369954074,6,191191024514,407,33,130892,a536ce2cbbb1971612403e3ecea31f7b8773630af344266c7579f25c5c7dadb7
46,MAX-044,2,7,83,40,231,176,369954074,7,192320143274,407,42,130943,647a9f1f75e2da149df3ef111c00818ce27f48d6884a7ca3b01d6d82c344b6cc
46,MAX-044,2,7,83,40,231,176,369954074,8,193449262034,407,29,130994,941b72394a5bbed650dd2941f94138daa3e65cb524cb984b2b52f96c90404abf
46,MAX-044,2,7,83,40,231,176,369954074,9,194578380794,407,32,131045,83ec2df3636efaea9d70a68d805280202ba56767e9b7368fc06907afb61c2546
46,MAX-044,2,7,83,40,231,176,369954074,10,195707499554,407,35,131096,f7e5c194ab461fb0f6a551ef42473e16e38664ef59b2e032c8243479526abf83
46,MAX-044,2,7,83,40,231,176,369954074,11,196836618314,407,31,131147,5055963441eb937e7d00f728e7374d4d3d1916878bf554f2e4ee7a88aa75a74f
46,MAX-044,2,7,83,40,231,176,369954074,12,197965737074,407,38,131198,864383a09046b38d346c9dda9bdd10e6b9a74eeb6693f865a17681ebeb19fd84
46,MAX-044,2,7,83,40,231,176,369954074,13,199094855834,407,34,131249,da5180806c6288d0fca4a4acaf9562b563fdb5855a8e6410898119c50e0c9d3a
46,MAX-044,2,7,83,40,231,176,369954074,14,200223974594,407,29,131300,b363b63b39124e7a16138634eec80a7b1ef31929ecf55bb193da9677efe64b65
46,MAX-044,2,7,83,40,231,176,369954074,15,201353093354,407,34,131351,8b8ea27e3c24df8d4fca88e880d2e3b584515b77b20e344a09dbcfb034d188b6
46,MAX-044,2,7,83,40,231,176,369954074,16,202482212114,407,29,131402,45d229c10cc61cda47170e27259470a2db1c28f98efc8a44bb0e20b74ce46b10
46,MAX-044,2,7,83,40,231,176,369954074,17,203611330874,407,29,131453,3a666a93d3f58e29698b095da50687a98ad4c0a14427003ab447fb1a02146cbd
46,MAX-044,2,7,83,40,231,176,369954074,18,204740449634,407,20,131504,40233229c3876717ad4a8054822652ef876ba460a8685946034371247f6d1b4a
46,MAX-044,2,7,83,40,231,176,369954074,19,205869568394,407,38,131555,d74048faa14a2d73a4c5aff85e36cb84f5a8af1ee1191e43a75a1aea2bf2e558
46,MAX-044,2,7,83,40,231,176,369954074,20,206998687154,407,41,131606,9042f0dce3f34f13563829133308b1a46515dbe215061463eacb8b2b6953b3df
46,MAX-044,2,7,83,40,231,176,369954074,21,208127805914,407,42,131657,04459b46985ebcffd83a8f2e7946ea32ff712b0d2d11ff0be8486e541af3d169
46,MAX-044,2,7,83,40,231,176,369954074,22,209256924674,407,36,131708,d9c899fc80b5f006c1b11947d37d5614a57ece21e716b1fbaa1b17dbba7dd52a
46,MAX-044,2,7,83,40,231,176,369954074,23,210386043434,407,30,131759,1af268bad56cf17e1ed738bd77652ca1ad6ec3279f71f046f210db288501f691
46,MAX-044,2,7,83,40,231,176,369954074,24,211515162194,407,36,131810,b0562f09a5da2143967178d04ade2e14ea3ce83d5820d3ac6c39c1c0af7284db
46,MAX-044,2,7,83,40,231,176,369954074,25,212644280954,407,35,131861,a522059bd03b1a066ca0b1ba78a4ab96c476cff626b18af995b41e966248b807
46,MAX-044,2,7,83,40,231,176,369954074,26,213773399714,407,28,131912,1e302ed091dfec6afae4e63e41b4363f961e6c198108fc086d9b187902334596
46,MAX-044,2,7,83,40,231,176,369954074,27,214902518474,407,28,131963,4bdb9bb6c03de0b33151b332fb6441892313f37b2c00cb1184e67ae62c924064
46,MAX-044,2,7,83,40,231,176,369954074,28,216031637234,407,26,132014,cc3515c7351216f4b38eb7e63587eccfba6bc6cc11e6a2441a6a4d9914d35f82
46,MAX-044,2,7,83,40,231,176,369954074,29,217160755994,407,35,132065,f7dfd9e4941a850eda2d90ce21baf6888ae82edd01d67f607211f6a9e8dbfab3
46,MAX-044,2,7,83,40,231,176,369954074,30,218289874754,407,33,132116,7b92b745d296cded296776e0588cb1b37e92127c3064e07c5fbd769e4bec3454
46,MAX-044,2,7,83,40,231,176,369954074,31,219418993514,407,38,132167,68fbb8ab1701955a17f2a6becf3cb578b2662f47f9d432c1a597c8b8a2ffd8fe
46,MAX-044,2,7,83,40,231,176,369954074,32,220548112274,407,34,132218,b3bd4a3264c4d034fa07f310ef1bb5363c06dbabda4b511ee1130d864011b2fd
46,MAX-044,2,7,83,40,231,176,369954074,33,221677231034,407,28,132269,89b5b608ca4d77d35f629bdcb03d05c9f81e078914df7d6e80fb701647a84ba8
46,MAX-044,2,7,83,40,231,176,369954074,34,222806349794,407,38,132320,ab3deaa833a01d8ec392b9c54f804a3c0c5f8e5cea2b906a4cec87296e370f67
46,MAX-044,2,7,83,40,231,176,369954074,35,223935468554,407,31,132371,7b4633579b7df9db8e3062b5e313498c34b5dbc71bc6c099df86c16a13acdc1d
46,MAX-044,2,7,83,40,231,176,369954074,36,225064587314,407,35,132422,2b1949e73307771a0287c37912626c839e588f886dd12c123b50d21c8087c661
46,MAX-044,2,7,83,40,231,176,369954074,37,226193706074,407,38,132473,1e3e02fb8dd2ae1625ecd5451631a7d23316d68f2c3a80c5a46c43c52d3241c3
46,MAX-044,2,7,83,40,231,176,369954074,38,227322824834,407,32,132524,48626509987cf2ffff561deba7f239a660faadb36607a1b87f9f73a2802f4440
46,MAX-044,2,7,83,40,231,176,369954074,39,228451943594,407,34,132575,692369b0e2b87ba918da962a8bfdd76b6c9f1cd3b061565564f485d11832ea42
46,MAX-044,2,7,83,40,231,176,369954074,40,229581062354,407,42,132626,7dc3ae00018ca4765669df8aa5a185f3076199f13fdd6e49841ff42389b31261
46,MAX-044,2,7,83,40,231,176,369954074,41,230710181114,407,36,132677,ff2d358f507ba757ba84292e2c257cafecd7c82d018a9fae4309f937c56fb79e
46,MAX-044,2,7,83,40,231,176,369954074,42,231839299874,407,38,132728,607f5b105cc1a313a44dcc3723075e52aa3ec393c9e245ea7fec0c79b6f010cf
46,MAX-044,2,7,83,40,231,176,369954074,43,232968418634,407,39,132779,efbbe6056f859c6d395451765ed3c31cfac3c5514f892d62b1b7a48ecd7f4427
46,MAX-044,2,7,83,40,231,176,369954074,44,234097537394,407,24,132830,99d377f16c5f2c4239634ecc6ced8bc2693955440f0233463e20d12a47e32c9e
46,MAX-044,2,7,83,40,231,176,369954074,45,235226656154,407,29,132881,2afb947941f28c21893ab6fc756cd5394caad32be777f9abc97dc35c866db30f
46,MAX-044,2,7,83,40,231,176,369954074,46,236355774914,407,34,132932,8517329a81c27f7b61aca70d8fd62fe4d6a7b07b2d7099f49ca267090121a878
46,MAX-044,2,7,83,40,231,176,369954074,47,237484893674,407,33,132983,c109d4b50f4c1593910130583b18ba3289ad248cf8872802f287fa6146426544
46,MAX-044,2,7,83,40,231,176,369954074,48,238614012434,407,37,133034,6199ae9b31bbe2eec1a6f8c698c56013860928a92f69b08748b451b9d11d1fe4
46,MAX-044,2,7,83,40,231,176,369954074,49,239743131194,407,33,133085,4512405b86c52d5ee8cb718e98aba4720e4d63e0e0ac538e7ef1b4cdf68b00c4
46,MAX-044,2,7,83,40,231,176,369954074,50,240872249954,407,35,133136,f75152f4207c205e575d960799120a584da35d41fd490e6473802d02be99166e
46,MAX-044,2,7,83,40,231,176,369954074,51,242001368714,407,32,133187,3e90e87966dc4379b4f3e5d0fddfa324d523b73b5cc943e1348ff9383d416b4b
46,MAX-044,2,7,83,40,231,176,369954074,52,243130487474,407,41,133238,26a15ac42a925da4c179d3e8a07eeba1b84f4ad0051f6e08631334bf992a5f7e
46,MAX-044,2,7,83,40,231,176,369954074,53,244259606234,407,29,133289,106810203f657cb7dde14549118d599e0ea180958a8c065573a9f40b6134f466
46,MAX-044,2,7,83,40,231,176,369954074,54,245388724994,407,34,133340,1550d22f8e03ca150f68e1bbf2b08cd78356558b28147013ce9e5a49a1982162
46,MAX-044,2,7,83,40,231,176,369954074,55,246517843754,407,39,133391,0f6a664b6c0eb9d037c1717d8407ecb7189999da70f27f187248e08d71816be0
47,MAX-045,2,7,83,109,231,176,909967394,0,184956325274,407,30,133442,0b9d84b6a18bca074fc9764b35557dca20a3c1512060feb01d1648c803e3f187
47,MAX-045,2,7,83,109,231,176,909967394,1,186085444034,407,34,133493,a9aa70db49cefb36bafe091cf2b1e859ca2073e2386643f2348256de1a2ae846
47,MAX-045,2,7,83,109,231,176,909967394,2,187214562794,407,32,133544,7bc475ba782d4e514f20cdef207a97f520c8b1c297f310d0b6e578866449c63d
47,MAX-045,2,7,83,109,231,176,909967394,3,188343681554,407,40,133595,030f5956b2044f182d57cf58608a1deb244f9f4086396e20bf8916708523abc5
47,MAX-045,2,7,83,109,231,176,909967394,4,189472800314,407,20,133646,25eee9185ca558b0bc073d1038c85b08f8fa1c83794fed7bd02837062b91bbd1
47,MAX-045,2,7,83,109,231,176,909967394,5,190601919074,407,30,133697,39cc06309e2855f119486a952df9cf3b15840e6d37484a6556d85ea7d7bf4e1a
47,MAX-045,2,7,83,109,231,176,909967394,6,191731037834,407,41,133748,59dbb05c2e8ef74021d2f2f2d684eb2c430ea4c208180ffde79a11fa4f31f989
47,MAX-045,2,7,83,109,231,176,909967394,7,192860156594,407,30,133799,9040391322a5c87153cdbe98f975cda63399b74b30387e39186c3897e8677522
47,MAX-045,2,7,83,109,231,176,909967394,8,193989275354,407,40,133850,19771a67947ca434a542833c1c0ba9a0bcd42113d17795cc265f5b1da2108103
47,MAX-045,2,7,83,109,231,176,909967394,9,195118394114,407,33,133901,c94c252e3f16301f776023f1ff03e9e038699738f13592450d7d24fafe0d8ef3
47,MAX-045,2,7,83,109,231,176,909967394,10,196247512874,407,31,133952,04b3f797027e20c0ff73137871f931beb228c2bde9a7c76f9752339c1b8f5cf5
47,MAX-045,2,7,83,109,231,176,909967394,11,197376631634,407,33,134003,2c041a06cdec3b5dd4d5dde675c6c73f244fdf2ddaed61253dc4de07159a0653
47,MAX-045,2,7,83,109,231,176,909967394,12,198505750394,407,40,134054,893d38ec51755e7d3d5c7c40c2e4e4701641e816003a04e7d14f770d895906ff
47,MAX-045,2,7,83,109,231,176,909967394,13,199634869154,407,30,134105,867dc406360f67da219d9b3203bfce1a2f40fec6547c0821f5391a472cb92c96
47,MAX-045,2,7,83,109,231,176,909967394,14,200763987914,407,32,134156,354d5f494a64a9cbe5210ebc3346cb57207e8579de4dded378852e3afc86795c
47,MAX-045,2,7,83,109,231,176,909967394,15,201893106674,407,34,134207,770a464c578187dff767d958bb6f1236eaac82539c5a759384935f1c203ad102
47,MAX-045,2,7,83,109,231,176,909967394,16,203022225434,407,39,134258,dcbc0018eda74b492bd41b2b175058eb8c95deaaf3c88fc0657cc24a2d817167
47,MAX-045,2,7,83,109,231,176,909967394,17,204151344194,407,36,134309,0ee889c43814492aaff31855913e29996b1445562c196a9e589d7d76f52b532e
47,MAX-045,2,7,83,109,231,176,909967394,18,205280462954,407,37,134360,259f94388d9e2d832c52ebf5a5f67cb1cd9f407fcb3e78079b79089dc40c2533
47,MAX-045,2,7,83,109,231,176,909967394,19,206409581714,407,33,134411,31ce08ead95baa55fe3829ad4cf76ca3b29731f3ade22fcb6742657d320b39ed
47,MAX-045,2,7,83,109,231,176,909967394,20,207538700474,407,26,134462,46bab06e0123f47054eb47a8264105bee6ff0faf76e8bc794b89b951a3a12ea7
47,MAX-045,2,7,83,109,231,176,909967394,21,208667819234,407,36,134513,11387816fb5cdf9f98be1dc0f6b5b2402250dd4463281be781b60cbd4829a608
47,MAX-045,2,7,83,109,231,176,909967394,22,209796937994,407,33,134564,7635404dd3fa5271f1816def605251f75c3f03ef59c49b6540e00c1e88c2a9a5
47,MAX-045,2,7,83,109,231,176,909967394,23,210926056754,407,35,134615,eeba8e7b7ad4ae46c57b6aca6bcaf992b8ccaaf6203aa897f55415b4d12ab13b
47,MAX-045,2,7,83,109,231,176,909967394,24,212055175514,407,43,134666,ef20acbc64cefd0088989d1cb38772d198109ce179b5496ebcf10bb21cd59218
47,MAX-045,2,7,83,109,231,176,909967394,25,213184294274,407,38,134717,2aa9c058e2a99b409888d2aa48d2a2b93edff22af819326dd2f2984b30b7cff4
47,MAX-045,2,7,83,109,231,176,909967394,26,214313413034,407,29,134768,12c0de661cc8fd5d91e565e762a3532eefe022c5b113a8515c30c663740fcad2
47,MAX-045,2,7,83,109,231,176,909967394,27,215442531794,407,38,134819,b2b95c4788eb72e4e0897e1e517cf4f0ac1a8266c0c5a5d0d083aedd92ffe110
47,MAX-045,2,7,83,109,231,176,909967394,28,216571650554,407,34,134870,07041313babe229a9a400183154f0235d0188eb35602a8627d77f926f9dea4f8
47,MAX-045,2,7,83,109,231,176,909967394,29,217700769314,407,28,134921,b2ff2ecb8853093cedf6daa3f2f093cc01838e69baeb2c1e9b8f6f25bdd89d46
47,MAX-045,2,7,83,109,231,176,909967394,30,218829888074,407,39,134972,f8a881eb0d9a6b6ba047becff127b0dc53f3c7a9b3102aabaa14a143f13b77bd
47,MAX-045,2,7,83,109,231,176,909967394,31,219959006834,407,31,135023,12d0765b9bb622ab1eccf9d0968fd99e5b58869067d9f7689c54089efbaae7f2
47,MAX-045,2,7,83,109,231,176,909967394,32,221088125594,407,30,135074,de516159e16068a161b16ccb9a3438e224bb93842bec1f83b2640249fd2abf90
47,MAX-045,2,7,83,109,231,176,909967394,33,222217244354,407,33,135125,5e4b995d7d245b69a03ffb2f3d97a372557b741dee3f866be202b4745593af22
47,MAX-045,2,7,83,109,231,176,909967394,34,223346363114,407,28,135176,9d8c3e5aa96e5755a068ff26cbfb0a157930781d0f6a18fccb50a36b6138ad83
47,MAX-045,2,7,83,109,231,176,909967394,35,224475481874,407,39,135227,8455d5346b49677ed94d53c8155eb628e3dfc3122e94f5fc0cb4db61e7bd1a89
47,MAX-045,2,7,83,109,231,176,909967394,36,225604600634,407,30,135278,5717b70e0b80e88ad1c4ab129f5b4c7ac6e7f54719a9b00cc0f4602285875e0c
47,MAX-045,2,7,83,109,231,176,909967394,37,226733719394,407,33,135329,13dd83b75757d2d39926403c3cde15b73fca1f0520219c56e3ac7c9864b48b1c
47,MAX-045,2,7,83,109,231,176,909967394,38,227862838154,407,30,135380,11ed8b5bcb2c6566d28a3304827de0098261421be7d699625eaf47e6d3cf76c0
47,MAX-045,2,7,83,109,231,176,909967394,39,228991956914,407,32,135431,351f89e7d23cc81941ef1a142bfa242458c81845ad519baffd92830833f48f05
47,MAX-045,2,7,83,109,231,176,909967394,40,230121075674,407,29,135482,3fe007492fd0f67be69ee31c862c0c0019819613401469df5a5fa92ca5e2ac9c
47,MAX-045,2,7,83,109,231,176,909967394,41,231250194434,407,23,135533,f38777dab515b9818b6de9e000f8f41d800e9b08f52d0e8c0cd520ad8f20efca
47,MAX-045,2,7,83,109,231,176,909967394,42,232379313194,407,33,135584,a1301a3a18a086df9216c1c880b5858b805e7a408129d0c9ef36cc4b36af9409
47,MAX-045,2,7,83,109,231,176,909967394,43,233508431954,407,39,135635,fe00c026458185809de77dc4e20c99f03ac5b6d51ab19fe2dc8e28ceee062536
47,MAX-045,2,7,83,109,231,176,909967394,44,234637550714,407,32,135686,2c8a3f3864ac7d9827753b801e1fffca99cd4168ddf0f514178993da05504b28
47,MAX-045,2,7,83,109,231,176,909967394,45,235766669474,407,35,135737,c5bd1d32baaaa5d80ecb5923b0ffb9833242f3b06bc1cf779a0c87cbd0d7a894
47,MAX-045,2,7,83,109,231,176,909967394,46,236895788234,407,28,135788,6fabbd0b4b22aeceea085409ebac8e369e5d5dd3634abe5767ddbca987b4d93f
47,MAX-045,2,7,83,109,231,176,909967394,47,238024906994,407,25,135839,27b511730921dad0d32b4d2cace1e2bfc588d691bd31de5ef2ed9e7003c7674e
47,MAX-045,2,7,83,109,231,176,909967394,48,239154025754,407,44,135890,45a4ed07f63e91859fbde4c26d9f6f72b0bc8a3327e2b368e466408ec0f3a1b3
47,MAX-045,2,7,83,109,231,176,909967394,49,240283144514,407,27,135941,b79474f4a970b6530694498f025e98eb850af6b6a3a90f9af9271cb1a678e957
47,MAX-045,2,7,83,109,231,176,909967394,50,241412263274,407,30,135992,882c85c7a9d2c92abd69f58fc7ddea14d593e75b6e8656f91ffb27c906398952
47,MAX-045,2,7,83,109,231,176,909967394,51,242541382034,407,46,136043,193db80b1912e0e4b4e18f70e3154103eaeaa22952ed42492c83d9ba6f419f21
47,MAX-045,2,7,83,109,231,176,909967394,52,243670500794,407,36,136094,14939282a6161bc2d753332e4adb53ac49a9bbe73e637b57de7e8604dd60c368
47,MAX-045,2,7,83,109,231,176,909967394,53,244799619554,407,37,136145,3225107cdabc170148bf4b8cebb5e874d2ede1013153aad781ae7e216fa0d610
47,MAX-045,2,7,83,109,231,176,909967394,54,245928738314,407,37,136196,685f40a106eb6be7af52a5529e07ab3e4250c707d7cf2989741b3c32250110e5
48,MAX-046,2,7,83,178,231,176,320861954,0,184367219834,407,35,136247,1906a5ed68cd58ade773c9e22f8dfd923cbab1262c315abc8d15bbbcbd4abbae
48,MAX-046,2,7,83,178,231,176,320861954,1,185496338594,407,31,136298,5b8f67f0070c0216cb4daeff5cab101cc1eba3e97ec0733fa7c40ab1ae730875
48,MAX-046,2,7,83,178,231,176,320861954,2,186625457354,407,34,136349,0fa60164445565dab4418ef1cd90d100ab6adebb0e200e32d5a1c3cc568ef976
48,MAX-046,2,7,83,178,231,176,320861954,3,187754576114,407,43,136400,c974193d4a39dff02795ca0ef10590733e6e920629f762d75f389ca5603aced5
48,MAX-046,2,7,83,178,231,176,320861954,4,188883694874,407,33,136451,7478db9f87a81139cc18ebd8801cac886faa69ffdf7118d0afdcb52bd62f1db2
48,MAX-046,2,7,83,178,231,176,320861954,5,190012813634,407,39,136502,c53622b49790bcf82338a9e513b201ba76efd75bb50d98e1cdc768a7f707c849
48,MAX-046,2,7,83,178,231,176,320861954,6,191141932394,407,31,136553,7bf8cd940fc752da9cfcf1f8ea414eec8875d4cb21a42c23730b57748cb75884
48,MAX-046,2,7,83,178,231,176,320861954,7,192271051154,407,38,136604,0142a6f44f2e70c0e01fdee5031487ae16e03dc8e876b037a5e4b083132319c6
48,MAX-046,2,7,83,178,231,176,320861954,8,193400169914,407,32,136655,a80c4cf6d6aff70ce19e16d07f86cf10a65d5e7987621d4c63960bdbfd343ce3
48,MAX-046,2,7,83,178,231,176,320861954,9,194529288674,407,34,136706,785b9779bf2fca438b9d546bf154a886677a560a37f77b71a1af722450581bb9
48,MAX-046,2,7,83,178,231,176,320861954,10,195658407434,407,34,136757,3d390a79b7b891fbbf338d18e7a2590293d81dd2486ab5cc267c63871d8d6e33
48,MAX-046,2,7,83,178,231,176,320861954,11,196787526194,407,26,136808,a5c0d26471025831215c5da78a15042563d7f3c56aea25ca5d2354d9be1bbac4
48,MAX-046,2,7,83,178,231,176,320861954,12,197916644954,407,35,136859,c638a1dc88148129dc3fad1c0ec9467bb02012d5b179921383e61fa1148c7ea3
48,MAX-046,2,7,83,178,231,176,320861954,13,199045763714,407,36,136910,37ebd0b37c84d00f3c73851a3f5dfb624bc705f04550f00fbb8685b1c2443947
48,MAX-046,2,7,83,178,231,176,320861954,14,200174882474,407,34,136961,cf1b93d74c17d9b73a5b8788d9489869bbe98664c08584234a77aa3f2630437d
48,MAX-046,2,7,83,178,231,176,320861954,15,201304001234,407,43,137012,755cc2d686be419593671712ac75fe11eaeef4a44781f8d8b22ad1b39004a037
48,MAX-046,2,7,83,178,231,176,320861954,16,202433119994,407,26,137063,65c1574204b6e0247a8b4008392f7d44a8ff7b7804c4978965d75b9272ed8b00
48,MAX-046,2,7,83,178,231,176,320861954,17,203562238754,407,30,137114,becbfcb206abc9b2bb35b4266f7c704a63fb5f63acb627f55c771f34ec94b677
48,MAX-046,2,7,83,178,231,176,320861954,18,204691357514,407,40,137165,616106497ab1f4f18e47d42f33b606051686a0d797fb7b7b835894eb48665cf1
48,MAX-046,2,7,83,178,231,176,320861954,19,205820476274,407,36,137216,5aa96c56e479cb99dec8f7a0f7c27644ba1061689be50ce6a949fb1d4994a150
48,MAX-046,2,7,83,178,231,176,320861954,20,206949595034,407,35,137267,3f53459b91c66ac7416c426c7929cac780e6245977df0e5b61b2eb9c170d3207
48,MAX-046,2,7,83,178,231,176,320861954,21,208078713794,407,38,137318,e4be717c911e0bc81f747696d7c437f24f8ef895385e84b4c1e935d1f474fedc
48,MAX-046,2,7,83,178,231,176,320861954,22,209207832554,407,41,137369,6a89dedcec9899a55865921ebc8602961c2e1d8e9b6e943670e62268f9cdea10
48,MAX-046,2,7,83,178,231,176,320861954,23,210336951314,407,29,137420,3968b85e144e6e7f730ccf8f2143a3e8616d56c5a3fba9619bcf53f9a0588875
48,MAX-046,2,7,83,178,231,176,320861954,24,211466070074,407,32,137471,d65e48a86831cdc7de8cd75ecbff8c8ffe169b39668f9d63292be0e5e42b8928
48,MAX-046,2,7,83,178,231,176,320861954,25,212595188834,407,25,137522,8a83f1164ee12c185a3db49ca6bb7266a10734996accafeb40907fad0c1042ad
48,MAX-046,2,7,83,178,231,176,320861954,26,213724307594,407,38,137573,fea26f06bc4c495eaa7dc62a723495ce3887aa9857dae06afe3fd2c85b58bff3
48,MAX-046,2,7,83,178,231,176,320861954,27,214853426354,407,36,137624,4b507bcc3cd27346be6441991893e03ec94444d6a1bd6891c59c577889f8257f
48,MAX-046,2,7,83,178,231,176,320861954,28,215982545114,407,33,137675,3bd88f4f47339918ca33f8803845ef8b5c55c4a82691bf4edfe5756305186ea5
48,MAX-046,2,7,83,178,231,176,320861954,29,217111663874,407,26,137726,481f9422d96a7d505961f4a30b4ea54c12bed9b5c55903c998daea56f18cc372
48,MAX-046,2,7,83,178,231,176,320861954,30,218240782634,407,40,137777,73e0387d163b5701915a9dc22f3fe13458aa4644a6904c2f22aa571af56554d2
48,MAX-046,2,7,83,178,231,176,320861954,31,219369901394,407,26,137828,acdd7037f7018736c8e53350acf4e541844f03c1511d6248bb0ccdb38dc275f4
48,MAX-046,2,7,83,178,231,176,320861954,32,220499020154,407,37,137879,ee8c605ca4d9a4b765cae50e15bd286aeda6942ee026fe4745eaf1495c012c9c
48,MAX-046,2,7,83,178,231,176,320861954,33,221628138914,407,32,137930,90242834c36f35b3897f85633c4e56da6fc68de57ca7c0d871cdc3de4113b912
48,MAX-046,2,7,83,178,231,176,320861954,34,222757257674,407,32,137981,8adf0f281293b1938d9f2f02d0f99b0b0433340d399ba10a66823ec4e50d2acb
48,MAX-046,2,7,83,178,231,176,320861954,35,223886376434,407,26,138032,9df0d8b72aaedfcb119609631103dffdc673722751d73c78d256fced33bf9713
48,MAX-046,2,7,83,178,231,176,320861954,36,225015495194,407,35,138083,858199cec622689eec3bec36237d6b0110ff27cc06cfd44fcea212871238aefc
48,MAX-046,2,7,83,178,231,176,320861954,37,226144613954,407,32,138134,6422e6c6601d71c025b481b609bed7f7cf841948afc108d4fc3c04197264b1b0
48,MAX-046,2,7,83,178,231,176,320861954,38,227273732714,407,30,138185,16125c7b78b325a498258f16111f145e86db23f4a96e851b131b44b61d6dfbb4
48,MAX-046,2,7,83,178,231,176,320861954,39,228402851474,407,36,138236,66bbd816a6b1dd5422ddafbdc179118c0ffea0e9d3e9b7d6c3ef9c362fd08e16
48,MAX-046,2,7,83,178,231,176,320861954,40,229531970234,407,45,138287,b1250b1e64e0455256e9958ba2dc4e08a15fcfd34345b95950aca5cda92ed6a4
48,MAX-046,2,7,83,178,231,176,320861954,41,230661088994,407,34,138338,7f95a1dde7131a1cdbe48f37d19520583afe273d942f4ff4c3cb8c60789b8faf
48,MAX-046,2,7,83,178,231,176,320861954,42,231790207754,407,24,138389,aaa6dd34b4cb6d805c8a569fe07a27a5296baebdcac542fe33d3c2d58f1da785
48,MAX-046,2,7,83,178,231,176,320861954,43,232919326514,407,31,138440,775c1670b0a3a62daffad9671fedc3f8dc6b5a7adcb1b545ee851bb0529f8063
48,MAX-046,2,7,83,178,231,176,320861954,44,234048445274,407,31,138491,7e3ae560170988e1c0938781cef707ab1f1c06cc6f714fefe7254aeacb69be4f
48,MAX-046,2,7,83,178,231,176,320861954,45,235177564034,407,31,138542,a038aedd14827970b253ee9edcca04707e7f957e75c9b4489d5e05db78185eba
48,MAX-046,2,7,83,178,231,176,320861954,46,236306682794,407,34,138593,f81f4d133f5fd1e943d9e920158157b97d5cfec705a1e9b98b3683511ae9f066
48,MAX-046,2,7,83,178,231,176,320861954,47,237435801554,407,27,138644,6e6afde5ae740e3261424519f03fd1b30fb9dc8d02ce8e2597c25ab81236eb46
48,MAX-046,2,7,83,178,231,176,320861954,48,238564920314,407,36,138695,8ccd63c89966b018024d431f58606f7bb1f845fd600e540015230091d0fd7d1b
48,MAX-046,2,7,83,178,231,176,320861954,49,239694039074,407,30,138746,7065434d72ac44fbc60e0111cd32e749edfd7a817663c74e31b0760cdb8062e1
48,MAX-046,2,7,83,178,231,176,320861954,50,240823157834,407,35,138797,72400edc2581be00643dd442a92721adc843be004bcddc3b33d8457ba9c1ccdd
48,MAX-046,2,7,83,178,231,176,320861954,51,241952276594,407,41,138848,718a6dad522719696380b952eb27146a200c100b8cc380d3da4329d4b15c82d2
48,MAX-046,2,7,83,178,231,176,320861954,52,243081395354,407,26,138899,24a7328d6264e6820ab722dd4eb60a5ecb2e12565a4ca3a62dc97641508ad6b0
48,MAX-046,2,7,83,178,231,176,320861954,53,244210514114,407,35,138950,73a357d13d8f73d79db58ffaa51f71018f6dea58fd472c80ecd2478102b4c67b
48,MAX-046,2,7,83,178,231,176,320861954,54,245339632874,407,34,139001,8f7a318d945db2ffadd18a4f29a8fa4d2e9b0d6c00fb3bd6ca75116d01839ce7
48,MAX-046,2,7,83,178,231,176,320861954,55,246468751634,407,31,139052,90cef3eb1a88990b5339270475364fa4cb624909104ae874871d9ac8918d889d
49,MAX-047,2,7,83,224,231,176,1057243754,0,183974482874,407,32,139103,cf614a7c7237cfb3b9bf6ff6506a050b1f6d47f5e5a75ce8a57eebf1cdc028b2
49,MAX-047,2,7,83,224,231,176,1057243754,1,185103601634,407,40,139154,315e197b1fb8b73d597fa0aadf0e5667bdc291efedb4c77d8cbca23e20c3a002
49,MAX-047,2,7,83,224,231,176,1057243754,2,186232720394,407,40,139205,311e1470260dd4e8d780353989c7e3a9390f07a12ad90632f8055507480c9faa
49,MAX-047,2,7,83,224,231,176,1057243754,3,187361839154,407,38,139256,7fdd18b50f12acb68105648e44fac148c36d6badea1da7d0fe42ada9a8f90979
49,MAX-047,2,7,83,224,231,176,1057243754,4,188490957914,407,41,139307,cbe8cbd5a7bb2f3a65377107f4546b0ca2b2e60fb0eebb8c7bb6c2f077cdf099
49,MAX-047,2,7,83,224,231,176,1057243754,5,189620076674,407,34,139358,adbec2266bd0e2511146044a8dc01ef220fa94f48f72346514ea93db972cde32
49,MAX-047,2,7,83,224,231,176,1057243754,6,190749195434,407,27,139409,5fe4611834f1951c35bdd61b8e89878338762e0f0d53fbefa0bbb38a4f395458
49,MAX-047,2,7,83,224,231,176,1057243754,7,191878314194,407,39,139460,30ddaf5e73cfbdaab31581629de15fe28a8def93cfc9e61cf247ddee7cd135ec
49,MAX-047,2,7,83,224,231,176,1057243754,8,193007432954,407,32,139511,0d34d03158cc83e387814372fa62852b2ecda5add71113928c126e54295d2dcf
49,MAX-047,2,7,83,224,231,176,1057243754,9,194136551714,407,24,139562,be8596d04c070e012e9958616559a3c681d12b485b228ec11397813aab50fd3d
49,MAX-047,2,7,83,224,231,176,1057243754,10,195265670474,407,32,139613,40d6d502367ac5484f1732c9102bde65fb69a848a8d9d31357fe86cb987d0b65
49,MAX-047,2,7,83,224,231,176,1057243754,11,196394789234,407,37,139664,7b9ab93d099a248c13622481f230caaed84ac839420fa6cbbe06f3d8dcc7b291
49,MAX-047,2,7,83,224,231,176,1057243754,12,197523907994,407,40,139715,facd9f63e4d1ab6d1be7c1352df922b9299a69f9ea53c64547793c0e0ea6eff8
49,MAX-047,2,7,83,224,231,176,1057243754,13,198653026754,407,29,139766,94248f66966e67777b0b794c8aae7224504ed4b31603dc883f6d4ccbb5b5c65e
49,MAX-047,2,7,83,224,231,176,1057243754,14,199782145514,407,28,139817,bf5fe78c1e39d4b509abe015e375b596f1a5ba60d02b7ea42bfa482f6fd338d8
49,MAX-047,2,7,83,224,231,176,1057243754,15,200911264274,407,42,139868,1b5af683ab981204d586fb40427184d97ca7f364d938fbc1d3a9216d13ecd593
49,MAX-047,2,7,83,224,231,176,1057243754,16,202040383034,407,40,139919,2819e2329ed5c12ee972f9f62956238b1ef776798ce2f8fbaf7753b10cad5810
49,MAX-047,2,7,83,224,231,176,1057243754,17,203169501794,407,34,139970,cd1d59766699a6d7e443303621f3c230a758214824f22930a8f68997e3ddb796
49,MAX-047,2,7,83,224,231,176,1057243754,18,204298620554,407,31,140021,e90933a90fa1d9c252d4b36a1f46f714b9ce58da4195c047f34a97e9a2c6000e
49,MAX-047,2,7,83,224,231,176,1057243754,19,205427739314,407,29,140072,ba8fe4c6d40eff638b38e7d8b6cf91bdbe92711b8c33b681d9ae2f150b018e97
49,MAX-047,2,7,83,224,231,176,1057243754,20,206556858074,407,37,140123,5913cd2537ef80d872e791e46bdbd5afeb97546e9899c8f10aa13b472397f132
49,MAX-047,2,7,83,224,231,176,1057243754,21,207685976834,407,31,140174,74a71bb595d7c35d9834ff76654a6420665c4b8370df81faeaf1bd06d01a7f7a
49,MAX-047,2,7,83,224,231,176,1057243754,22,208815095594,407,35,140225,66883fd79c8f5e56d6083114938d69ae6ceddf7797b0638f128f1b70271f42f6
49,MAX-047,2,7,83,224,231,176,1057243754,23,209944214354,407,35,140276,b2d195f2cfa38ce9ecc87641d20a03ec9bcbca9cb82d5a3f46b1f865ae821e53
49,MAX-047,2,7,83,224,231,176,1057243754,24,211073333114,407,35,140327,768e989a8f93033b6bb6c2836cc3dd8f0e6e3d0d847208397b70339d6a9eb94d
49,MAX-047,2,7,83,224,231,176,1057243754,25,212202451874,407,33,140378,dc363c4038cd5e299ad2c0d1c190b414e5d068b3d4edeabc8ee2015e04fa9faf
49,MAX-047,2,7,83,224,231,176,1057243754,26,213331570634,407,31,140429,536fb57f8461a3310c5731bd8775be6f9cedda8fde50e5513b5a439d48b1c2c5
49,MAX-047,2,7,83,224,231,176,1057243754,27,214460689394,407,33,140480,7b0391dcf17de8e85f1321781492d9669c7750f678863b4a5f554aeb04a781fd
49,MAX-047,2,7,83,224,231,176,1057243754,28,215589808154,407,31,140531,dfccaea7d2c6e53454ed326da43639d6890a48d242f4989372484db7dc7962bd
49,MAX-047,2,7,83,224,231,176,1057243754,29,216718926914,407,32,140582,b3c6e3ae4b643c9fcbf5c82e387733778750f359e21f3838d81ef411dc48e36c
49,MAX-047,2,7,83,224,231,176,1057243754,30,217848045674,407,29,140633,e5e1185a44634a3294ad527dfa0427d1865d84e87d06aaead345bd6217712aa8
49,MAX-047,2,7,83,224,231,176,1057243754,31,218977164434,407,31,140684,7dd62f7ef2c94371a5482bf1130bb097e63c1e3d32c3fda40708b22ea00604e4
49,MAX-047,2,7,83,224,231,176,1057243754,32,220106283194,407,27,140735,7b3737810e7a8793ca34ad870b265f60307063bb1f7c9f447131d2b0da0a7f5e
49,MAX-047,2,7,83,224,231,176,1057243754,33,221235401954,407,28,140786,0df8f5302380c8edc2786e6175c83b48050cd925fe3a5f35f4aa621bfef56d35
49,MAX-047,2,7,83,224,231,176,1057243754,34,222364520714,407,38,140837,1a88fa8f70566dcf2dfece86cd977f1a778ce3a95a04b84464e15340051a7f3b
49,MAX-047,2,7,83,224,231,176,1057243754,35,223493639474,407,31,140888,02b6c83ace0b56c76b87818851f26c411643dfebe93bdac7bf0e8acce3aa2282
49,MAX-047,2,7,83,224,231,176,1057243754,36,224622758234,407,35,140939,28e86041f5dcb87da0944cdde88b49518d8f11d7df75bb6fa3e692046b7f425b
49,MAX-047,2,7,83,224,231,176,1057243754,37,225751876994,407,44,140990,dfb29bbaf0b5758fc6f39a89220b9cff5dbb2b5b8b2d66ae475434cebf695e38
49,MAX-047,2,7,83,224,231,176,1057243754,38,226880995754,407,39,141041,279abbfe11681c3b220c446b5bbbb5b801cef7ad63c0a4a496ad6144dac7915c
49,MAX-047,2,7,83,224,231,176,1057243754,39,228010114514,407,30,141092,42ca4bc0d4a2e57fe21a277d1ed78b5665b5a648ba96b8c6e0ee5e631d9df742
49,MAX-047,2,7,83,224,231,176,1057243754,40,229139233274,407,34,141143,8e462bb120419fa923bccb42230ffdf34e0b4d1add9a9ce07e294678209401dc
49,MAX-047,2,7,83,224,231,176,1057243754,41,230268352034,407,30,141194,3cc808e810b8b7764e05267cb33b965e0a41ecc4959cb1371490064d79f9584a
49,MAX-047,2,7,83,224,231,176,1057243754,42,231397470794,407,44,141245,76724154f0196b650668f54775b55d5718deca8b3ea300e45c1868cebf9d8928
49,MAX-047,2,7,83,224,231,176,1057243754,43,232526589554,407,34,141296,bb13ca1c10a82ce9710e72c357c16ebcd208c0a29fb05319d8c2056fccc2ac59
49,MAX-047,2,7,83,224,231,176,1057243754,44,233655708314,407,29,141347,d80bc6192b77b647793cc96ff264b13649bcaad9a6684149887d4d2b991d0586
49,MAX-047,2,7,83,224,231,176,1057243754,45,234784827074,407,26,141398,2f665ce8a4e6c3dc049092005c7d0d24fc066d7a8ee821254a59adaf68afe995
49,MAX-047,2,7,83,224,231,176,1057243754,46,235913945834,407,31,141449,1769794893dc8865f2df76406bb9f1b016f929bc08f5f083c2325f0d3126422d
49,MAX-047,2,7,83,224,231,176,1057243754,47,237043064594,407,39,141500,2b3e70d35fab58df5b2cb39e60a975f1c9a0a5866e21b6ac2f19a5d4e36d2ded
49,MAX-047,2,7,83,224,231,176,1057243754,48,238172183354,407,29,141551,0e0abf1231b1d3fb96d55f54f7885e8434a9cbc7ad85bce54c6d89083f4d0d74
49,MAX-047,2,7,83,224,231,176,1057243754,49,239301302114,407,38,141602,bc901513c86c1d1aa9d042ab99c849e8ced65c6e3ab77cf2ef3668f7fe594149
49,MAX-047,2,7,83,224,231,176,1057243754,50,240430420874,407,30,141653,61969398295b600f1d0dbea3896a31fbf1221f5c90b16555315898e2db9390e4
49,MAX-047,2,7,83,224,231,176,1057243754,51,241559539634,407,28,141704,3c8ec667780bc8b9b5e7400ed8690e7faeafdb399f4765d20deeb997c2cf1d19
49,MAX-047,2,7,83,224,231,176,1057243754,52,242688658394,407,35,141755,49f13490f9a744898c52244897e64e632a30b8a8aee4ddfc98e1937cc2b1ee2b
49,MAX-047,2,7,83,224,231,176,1057243754,53,243817777154,407,23,141806,652e30480da5304e817a4a963e37fca4dbe26922ef4440fca6b6b83e4c91dc0c
49,MAX-047,2,7,83,224,231,176,1057243754,54,244946895914,407,31,141857,3dbdce5d2dce188641a4aaad26d171d3b7500c8d7e4e6677c1fc4b2414520bea
49,MAX-047,2,7,83,224,231,176,1057243754,55,246076014674,407,35,141908,a50f60a5addfcf60562b906eaa3d2d603e8cbabdb02e45d540629e9b5a3dd209
50,MAX-048,2,7,83,247,231,176,860875274,0,184907233154,407,25,141959,2dc653aae2cb589012b6a37ca9b521f2f82756ed7647b6dabfd985c91b78c77d
50,MAX-048,2,7,83,247,231,176,860875274,1,186036351914,407,37,142010,0a85676464c6168de9ba8cc20183657cbc0214c193d8188ca1dd977c5ac159af
50,MAX-048,2,7,83,247,231,176,860875274,2,187165470674,407,36,142061,a9b9d2473a8c71290439d261516392c115250ae43214510767352f6d42b2013d
50,MAX-048,2,7,83,247,231,176,860875274,3,188294589434,407,31,142112,151a29615fd372f5e58c6e2ef67108058c4309741e3958b2b038910d1450eb03
50,MAX-048,2,7,83,247,231,176,860875274,4,189423708194,407,26,142163,306d1e53f8700321dda67ab2ef1eabb5d1c81404b86e85fcb5fd1b1f1c61fe16
50,MAX-048,2,7,83,247,231,176,860875274,5,190552826954,407,36,142214,4315683e3443c89d635c9a2cfd4d8a98f9a3d789087f21212c3f9c2a150a8e8f
50,MAX-048,2,7,83,247,231,176,860875274,6,191681945714,407,25,142265,858b8940d524cf5ec78d049bedae56b099190b4a11741460f8008c24fb7e733d
50,MAX-048,2,7,83,247,231,176,860875274,7,192811064474,407,37,142316,a76f3a2321b674fe0aac8626ba91f1655587b3a38a0cddc171b639a3620d47ff
50,MAX-048,2,7,83,247,231,176,860875274,8,193940183234,407,30,142367,a845e63eaf2722a168260613a3647b12a98de4bdbec015563d743d4db4870da0
50,MAX-048,2,7,83,247,231,176,860875274,9,195069301994,407,32,142418,03ac14bfe303d6bedf1231a827a427d89bcbaf39f3487083b8edcd9a970de2c9
50,MAX-048,2,7,83,247,231,176,860875274,10,196198420754,407,40,142469,46624a1be268d0e3d18b61b08f6d6b1f9a3bd51802bb773f41f5f6981dd24d7b
50,MAX-048,2,7,83,247,231,176,860875274,11,197327539514,407,30,142520,3fda4d068ac043eccb54eb3a3fb449726dc1a1cabad9107d06c59a31d2258bd2
50,MAX-048,2,7,83,247,231,176,860875274,12,198456658274,407,28,142571,2d27e05cc8779277c7403ae68661fe259fcda0e03e0a48927f9e45a299075244
50,MAX-048,2,7,83,247,231,176,860875274,13,199585777034,407,27,142622,ee11ddc3246bdb3553e9356b6a1f0ebc7a085826d60cba505a7333dac2e83add
50,MAX-048,2,7,83,247,231,176,860875274,14,200714895794,407,27,142673,dba3c5f6d23d2ca450d4d70d22db51ed844fa0fb358d0a6b5b5a8f9806381bc0
50,MAX-048,2,7,83,247,231,176,860875274,15,201844014554,407,32,142724,f1cbf5ad5ab22ae04fba91a67a76c2f117cd0ab8ac0879657d6d04c5dc202840
50,MAX-048,2,7,83,247,231,176,860875274,16,202973133314,407,30,142775,e83a492702816bbeef5d36505b7ba1d24a687cb975002a9d5e087a86c4f3972a
50,MAX-048,2,7,83,247,231,176,860875274,17,204102252074,407,36,142826,7d2dc0d3d016f66f2d0f5943c779341224ead0c2ecac86a8327e75123ae07cbd
50,MAX-048,2,7,83,247,231,176,860875274,18,205231370834,407,40,142877,d109747b8fcb2c21bc2a2c4732c92cec7654b3865253d40616b2afd11d858664
50,MAX-048,2,7,83,247,231,176,860875274,19,206360489594,407,31,142928,35ad3e8ba3f0d1a4441211f570a5cebabb3d5b7cc8d13004820f7be79db2c8ac
50,MAX-048,2,7,83,247,231,176,860875274,20,207489608354,407,41,142979,5bd7a0329af0c632ab827c4ad2df7e9c9e27bb2266a8568150fdccfacb20e553
50,MAX-048,2,7,83,247,231,176,860875274,21,208618727114,407,38,143030,8dc89ab9b1d4a1fa5149a183d224054ae4aaf38674c4bff77e4c838bbcd5a8be
50,MAX-048,2,7,83,247,231,176,860875274,22,209747845874,407,34,143081,5a89b134fa40f38855f698f105cc5d45722e1b01a1d390b0c1dac668640646b8
50,MAX-048,2,7,83,247,231,176,860875274,23,210876964634,407,30,143132,73d4da546ef108dbc04f03b7c1749c87c777cb49a7545e6bfe4c22a5c0a01722
50,MAX-048,2,7,83,247,231,176,860875274,24,212006083394,407,27,143183,87a242b3ac8ac5a93266e6c6b1e5d1e7f801bf7e8f6af0c457970cc7fac46bb9
50,MAX-048,2,7,83,247,231,176,860875274,25,213135202154,407,28,143234,e14c45a796ef897b4b6d9903efa145b6ac89bfbf1fd7021bf91bbd48ee12857a
50,MAX-048,2,7,83,247,231,176,860875274,26,214264320914,407,37,143285,631bddf3c38ddc79d3998ed16ea060c9ba2a4f59f4d41191271003ca1f125690
50,MAX-048,2,7,83,247,231,176,860875274,27,215393439674,407,31,143336,e27c0c6866de893b78c5f5ab5d69c917ce7c5e549afee4ac111dcf4ce7c66dc5
50,MAX-048,2,7,83,247,231,176,860875274,28,216522558434,407,36,143387,419ebaa2d981047f70ae2db649f326d5614bb081a447c48b365964b5e9254def
50,MAX-048,2,7,83,247,231,176,860875274,29,217651677194,407,37,143438,a07fccae19f150eb03f13d5bcdf7541435ba1f8ab5f5add43422a7b17522ea75
50,MAX-048,2,7,83,247,231,176,860875274,30,218780795954,407,27,143489,8bbb6ba33d11fd4b762f81c8f38f0b70ba696ed861e096c2546af2916f6c8c7f
50,MAX-048,2,7,83,247,231,176,860875274,31,219909914714,407,29,143540,8f5df19242999d253f88e9440b572fbf2ae824efdc06adc07fcf6f4ddee5b171
50,MAX-048,2,7,83,247,231,176,860875274,32,221039033474,407,30,143591,7b896dcbc207c37b97b2c40699695cb25f26642eb62597b3330e66396fe06794
50,MAX-048,2,7,83,247,231,176,860875274,33,222168152234,407,32,143642,b3cd96da618c665a2195dac7616f5da623a3911de7fda0ce754af496d15b913c
50,MAX-048,2,7,83,247,231,176,860875274,34,223297270994,407,30,143693,d6afd0dd6c2c48823b441ece0bbc800c43b4cc8e706c6831a39f87a0c5e44693
50,MAX-048,2,7,83,247,231,176,860875274,35,224426389754,407,38,143744,cf1cc810ea61ec4764b5939fd1204a62051c1c81e581dd262bcd1e38b72381af
50,MAX-048,2,7,83,247,231,176,860875274,36,225555508514,407,37,143795,c89c99dc793ea888552d5e1e20b021cd9a0ac791e09cb6542a6e9c95478e2245
50,MAX-048,2,7,83,247,231,176,860875274,37,226684627274,407,32,143846,7b1cbbf9b82b649de42315bcdac6de5634926defc6609a528cbeb6334157f931
50,MAX-048,2,7,83,247,231,176,860875274,38,227813746034,407,40,143897,f191d5f892d8ab5d7da2d599c9ec9ee5b96442d7a5ed31920454381b9b66dd11
50,MAX-048,2,7,83,247,231,176,860875274,39,228942864794,407,36,143948,f61676f0e416316e9f112f78acaca26807c5ca209b54a3dc43554b1e1f702799
50,MAX-048,2,7,83,247,231,176,860875274,40,230071983554,407,28,143999,4fbd9af7643e3a00f90e3f1524ff5de7da164e002020c643eef9c30c94a24ab0
50,MAX-048,2,7,83,247,231,176,860875274,41,231201102314,407,34,144050,bbeb3fd686bfc040ee894bd50748413465b17c730f093b50936e21a29c3744d8
50,MAX-048,2,7,83,247,231,176,860875274,42,232330221074,407,25,144101,233b8bdeb0cf9dd22a8eeb430cd41a83601dc1987085bf8b380b7bcd2cd6b148
50,MAX-048,2,7,83,247,231,176,860875274,43,233459339834,407,34,144152,0fce4ac2d1caa8e93a230cb7ca9920682cb9757a0191abc1b20f52f4dd1475ea
50,MAX-048,2,7,83,247,231,176,860875274,44,234588458594,407,27,144203,8ba68590e5bf4e82b955de42bab6bde2060cd36c6ad82ee2494ff35d2b2a549f
50,MAX-048,2,7,83,247,231,176,860875274,45,235717577354,407,37,144254,0e1cd6650e81f10c30f4cc4f47e21be397a78fbc4a4ff41619b78a6f40406ca4
50,MAX-048,2,7,83,247,231,176,860875274,46,236846696114,407,32,144305,01c9c98db1a8dcdafb5c74859db3146fc7bd24f633d073b0274894df46b63fd6
50,MAX-048,2,7,83,247,231,176,860875274,47,237975814874,407,36,144356,08b9df552a8fff32796ff7fcd1bf1a9a2457d1628cbc278fc302a7cc19124e9d
50,MAX-048,2,7,83,247,231,176,860875274,48,239104933634,407,32,144407,d1c4d5013f1737ff971744ee7d0320bea6b62388382bf771da20dd40d124b674
50,MAX-048,2,7,83,247,231,176,860875274,49,240234052394,407,29,144458,237d9ca21cd401707abdff829d2543747d7f4e3b8d245700512a9377fae8626b
50,MAX-048,2,7,83,247,231,176,860875274,50,241363171154,407,40,144509,7efd8ce388079b2517c9d6774b1e14c2ad32539c47da48e39e85547effac4954
50,MAX-048,2,7,83,247,231,176,860875274,51,242492289914,407,26,144560,7cfa1848ee1defab21620b737763ef2827fc6ac4f58ae5a436ad55c6ae71f379
50,MAX-048,2,7,83,247,231,176,860875274,52,243621408674,407,31,144611,97ea831a873128e15f6c9c047fed8c482311033a9a4d6e11784f11ef51389f6e
50,MAX-048,2,7,83,247,231,176,860875274,53,244750527434,407,27,144662,4376377d69c915306a41a62e1529adc1255a986ba2759f255c0a914c2ccfed29
50,MAX-048,2,7,83,247,231,176,860875274,54,245879646194,407,31,144713,a2b3fb4ee5399f5ab80521eb64ca7f012ee862df963bd26938b0152d4ca860bb
51,MAX-049,2,7,83,270,231,176,664506794,0,184710864674,407,29,144764,a57860efef0303e4a3ddaa0115d7e85ca1e09f26408d475c47442937cc3494de
51,MAX-049,2,7,83,270,231,176,664506794,1,185839983434,407,38,144815,969799d40acdb7a81a0044170c6a9c184ebe1033a618bd58bad1d7a878c6c318
51,MAX-049,2,7,83,270,231,176,664506794,2,186969102194,407,31,144866,3c91a45b5534c2fdce0c461d78ab7432e6879e3564f80ab78a27a66afb991e24
51,MAX-049,2,7,83,270,231,176,664506794,3,188098220954,407,33,144917,e6aaf9a1d6ed44c67b8a39a4169b0f3c4f9c3c189b923eb4d2fc02ba533acc8c
51,MAX-049,2,7,83,270,231,176,664506794,4,189227339714,407,33,144968,1d719fb6cf6411f9cdd95ef97d4187dccb20f329666bc395fc55e8b1d3938567
51,MAX-049,2,7,83,270,231,176,664506794,5,190356458474,407,34,145019,48c501d5061e785e0978d700af4554a8b6b0f53f4b3d2e2bb9e851a7b62a4770
51,MAX-049,2,7,83,270,231,176,664506794,6,191485577234,407,33,145070,3f3ca2154b6f85c98eb1c638f5360f9c75d78c16dc1b3c1008f16cea028bfbe5
51,MAX-049,2,7,83,270,231,176,664506794,7,192614695994,407,32,145121,a8a1866299feec8c9a922f28ec9a45be3d05b0297b3c5677d0d048b2f90eea53
51,MAX-049,2,7,83,270,231,176,664506794,8,193743814754,407,48,145172,2232a62377b1f67ab00451962175b26555839201b3e121483c8597dd3f281df2
51,MAX-049,2,7,83,270,231,176,664506794,9,194872933514,407,32,145223,885d42989e804b32641cc799d5ed4b9ffd4a7fa1e0d1b971ac9b166e4ca2c879
51,MAX-049,2,7,83,270,231,176,664506794,10,196002052274,407,37,145274,3becde10e1b74698cb737e0e16b200f970dbb5762766a4e62e3d4445b1172457
51,MAX-049,2,7,83,270,231,176,664506794,11,197131171034,407,26,145325,d77253fca669277cbce2f1c65bf1e6561167d723a4cedac6fa2977aa2f35f226
51,MAX-049,2,7,83,270,231,176,664506794,12,198260289794,407,24,145376,8a2dcddd13cf104631fe8021c327cadda1f75f171040f5974c28491ebb218108
51,MAX-049,2,7,83,270,231,176,664506794,13,199389408554,407,46,145427,2f934955f6102ee90887eb2f72f70ad7ab7527ef98853ed870867a57eb8f82c1
51,MAX-049,2,7,83,270,231,176,664506794,14,200518527314,407,32,145478,c306b881cb3371ccf812e897303aeb2c202605d8b441de5782587bfe60dacb50
51,MAX-049,2,7,83,270,231,176,664506794,15,201647646074,407,27,145529,b4acc36856e65d3d802326fd5c90c5133290d14a558b3275a4da74c78f5cf80e
51,MAX-049,2,7,83,270,231,176,664506794,16,202776764834,407,38,145580,fe4a4edd2e8a5834f926892368c19334f477befed99522a5365e695ca797eb9b
51,MAX-049,2,7,83,270,231,176,664506794,17,203905883594,407,37,145631,dc92f29d9dc7747edc8bb6918e7ce920aab93557e6ecf8e189c582d36eb98223
51,MAX-049,2,7,83,270,231,176,664506794,18,205035002354,407,30,145682,ba17b6277ae1fec19a08cbd6082567b62385a32b2c9b91ff2558f72d37c69e50
51,MAX-049,2,7,83,270,231,176,664506794,19,206164121114,407,42,145733,bb11163a9ad43342f534b5b201814f60e22e28612d962c34f900ddceff207ece
51,MAX-049,2,7,83,270,231,176,664506794,20,207293239874,407,32,145784,9083e627e20397443c0cd722c1ade51ad5bca4b666d36efd0ba6accf46afe3fa
51,MAX-049,2,7,83,270,231,176,664506794,21,208422358634,407,28,145835,13aaef46fa7d7f7cda6cd221559b05a07b2efb04eb7f689242bcf6f0cb0471ba
51,MAX-049,2,7,83,270,231,176,664506794,22,209551477394,407,39,145886,b65cf1233adc5aef0ab60806ea787d8640c44fa400341d84cb6ce9ac765ecc17
51,MAX-049,2,7,83,270,231,176,664506794,23,210680596154,407,39,145937,29286dc940e7a19e4da2b9a2c859859f71210d1d3cdda548b0192bc158cdf299
51,MAX-049,2,7,83,270,231,176,664506794,24,211809714914,407,37,145988,b73698dd1f8e546b078244cfd285363741d0be8e89552634f3674cd7844e9bb9
51,MAX-049,2,7,83,270,231,176,664506794,25,212938833674,407,37,146039,65e2b4714c4bebeaa534c8102072e851f9810f332a62438931ae6cdf8f4ce202
51,MAX-049,2,7,83,270,231,176,664506794,26,214067952434,407,32,146090,1c26bf97bd3686abd23e010e37a30b08d9590ea6dfe1d3731f2722799ddd911c
51,MAX-049,2,7,83,270,231,176,664506794,27,215197071194,407,37,146141,390743a43b6cd90e5bf0d153689915beff540194b41a6c169a21f97e010920e9
51,MAX-049,2,7,83,270,231,176,664506794,28,216326189954,407,34,146192,1ac3075e531e8518e317886dffe22c8184edcfea6ea9030fd0d46f363d5976bd
51,MAX-049,2,7,83,270,231,176,664506794,29,217455308714,407,31,146243,5e902911de5b3d4eea11b0e85b870d8f0f7f766b06b2f0962ae4a5e75b8676ec
51,MAX-049,2,7,83,270,231,176,664506794,30,218584427474,407,29,146294,0c02f85b82c82ce120bc3b0ec68373006a252cdb3f8845c704402c3be5c5b0ac
51,MAX-049,2,7,83,270,231,176,664506794,31,219713546234,407,33,146345,5cf1bb1a7e63fc3c47335d9d61802eba3d61c1d14589efcf25724168b1dc8c67
51,MAX-049,2,7,83,270,231,176,664506794,32,220842664994,407,30,146396,b095babaa2ae4580d7cf00909f88b814cbe1348e2bcbf3ce9db04d72f9839c36
51,MAX-049,2,7,83,270,231,176,664506794,33,221971783754,407,35,146447,3cd51c6f4fa2ec6616a7c6238a8cf9572d82b84c3fc85ac20bbc79584a14200c
51,MAX-049,2,7,83,270,231,176,664506794,34,223100902514,407,31,146498,95423e91e93f30b3d24798223625f2f12679c41c358126a858e2066a359ab62d
51,MAX-049,2,7,83,270,231,176,664506794,35,224230021274,407,45,146549,1b0bd50bcb2e785d2bac246e864488b39b6b2c1d408abd4fb8111109e88f83c7
51,MAX-049,2,7,83,270,231,176,664506794,36,225359140034,407,34,146600,90abc7ec87888d658fcc9af1ed58b250f6f4112216a370e962c42076b5618ce7
51,MAX-049,2,7,83,270,231,176,664506794,37,226488258794,407,34,146651,bbea23809e77e70eb42185c574802042bce2305eb9c542e98f27d808c1e9f96b
51,MAX-049,2,7,83,270,231,176,664506794,38,227617377554,407,33,146702,5a97fab0b93e9a47d3a6ca13347977c5abf381e9207c92c4c0caa2658b99860e
51,MAX-049,2,7,83,270,231,176,664506794,39,228746496314,407,35,146753,c6f0f114c1b0e2de85d3b1da2a20cf625ae0ef57ff8651bccf234a7978fe7cac
51,MAX-049,2,7,83,270,231,176,664506794,40,229875615074,407,35,146804,7e4ca86ec1c1aec0e1941441c174957b745a15dd9cc0022257b6164d59b3782e
51,MAX-049,2,7,83,270,231,176,664506794,41,231004733834,407,34,146855,79af01f024dc9a0796a8eb0e8d0702707cf7c97820775357b5cd9b850aae64d5
51,MAX-049,2,7,83,270,231,176,664506794,42,232133852594,407,28,146906,543ee3769a76bf575b0efcb51fe65c800df3341d530d2cdd34c3ef45fbb94f49
51,MAX-049,2,7,83,270,231,176,664506794,43,233262971354,407,39,146957,9533011e5e309f096c17bc24b77a48a776dab2a6dbde4d4bdfa5faed05625693
51,MAX-049,2,7,83,270,231,176,664506794,44,234392090114,407,32,147008,89a5b823d65a09cfc22ef403bb57079c046d71e3e47c539cf6b65cc30e519253
51,MAX-049,2,7,83,270,231,176,664506794,45,235521208874,407,34,147059,8667b3c87dd59057fd02caba9119c46bbf8a6b839878d7b5f64044ce3189e728
51,MAX-049,2,7,83,270,231,176,664506794,46,236650327634,407,32,147110,d6db52744564cc2ccc88b5b705cbc79ceb51e26cd4078e72e5e3bac561bd032a
51,MAX-049,2,7,83,270,231,176,664506794,47,237779446394,407,32,147161,4711051719fea59b457df9127ab4ca0705aa6555d750482cca7c0815943c2c6f
51,MAX-049,2,7,83,270,231,176,664506794,48,238908565154,407,27,147212,853f9719bfb182f6aefa6980a996d677a5fc514392c730b8016b8f6703d83cf1
51,MAX-049,2,7,83,270,231,176,664506794,49,240037683914,407,36,147263,7a3ebac45fdd895917f795b4aabce69de6b31d5ca8db91c2a2c9c7e56f136460
51,MAX-049,2,7,83,270,231,176,664506794,50,241166802674,407,29,147314,63250b36bd419eb0c17f5674ae5daba8385d34934856cf4ea41cebe497d2bbb6
51,MAX-049,2,7,83,270,231,176,664506794,51,242295921434,407,37,147365,d0dfb414daf3ab4c016de488f6c988f009d35fecbfb76cf2a5cdd8446f3eb4d7
51,MAX-049,2,7,83,270,231,176,664506794,52,243425040194,407,32,147416,ab98346f2f20f8a41bd234032a8ca82bde229f704922b35a8c164bd1be394596
51,MAX-049,2,7,83,270,231,176,664506794,53,244554158954,407,32,147467,03a51137b947e427eed5b347b4c072bbf64b5aee67856523379628f0df3ebe51
51,MAX-049,2,7,83,270,231,176,664506794,54,245683277714,407,37,147518,b27285ecc1037b6b8be4980a20429c1d8f7ea74c01aa10b3d9b7b4fea58a8071
52,MAX-050,2,7,83,316,231,176,271769834,0,184318127714,407,36,147569,447cd6d3625c0d951bd559be569ffe1d73ab5d3aa59be66876c21c5150c758f3
52,MAX-050,2,7,83,316,231,176,271769834,1,185447246474,407,34,147620,2c5a89feb420e19cdbee089557af4b3ff6b39f1699c64c242407cd19d398c1ac
52,MAX-050,2,7,83,316,231,176,271769834,2,186576365234,407,43,147671,0f3018e120a9e948f6deb4210e097cdc1b86152f5bef38f766635dedc2369ace
52,MAX-050,2,7,83,316,231,176,271769834,3,187705483994,407,29,147722,1e8c75c2a85deb54188278e31ac56d7ae07d895f25100b9ea8c5868c99455899
52,MAX-050,2,7,83,316,231,176,271769834,4,188834602754,407,30,147773,6788b534455be4da7a7d07470acfbbfcfe7e8f73e5514425a9889eebe68a6440
52,MAX-050,2,7,83,316,231,176,271769834,5,189963721514,407,31,147824,1c4cf9088ca507175cfd22d4078bfa75589dd3431a2d9760eb0e0843c8a0fa4f
52,MAX-050,2,7,83,316,231,176,271769834,6,191092840274,407,36,147875,9a1aa0458e863cd7e2afba5c8468d01917309058550846e8c51a762138e6db44
52,MAX-050,2,7,83,316,231,176,271769834,7,192221959034,407,39,147926,153c93637080576a76cc847b4d2bc0555cc04458db672f01163d6ce966e15fa2
52,MAX-050,2,7,83,316,231,176,271769834,8,193351077794,407,34,147977,9edeffa2f66658a89e64bc6e13b363df80b4604d4c1fcbb398d77e70abf4a98d
52,MAX-050,2,7,83,316,231,176,271769834,9,194480196554,407,31,148028,7f5bce37b501493b0f0c8b1a0c18bd59e558c7c6c8198a82eb3965657437ea62
52,MAX-050,2,7,83,316,231,176,271769834,10,195609315314,407,28,148079,e43b803da4dda0bfb742057abde0abeeaaee0abf95dde9db257611eee6707ef6
52,MAX-050,2,7,83,316,231,176,271769834,11,196738434074,407,32,148130,a9ceb4289f562cf618bcde5786488d4c43e2b7ba66875554f14c72236ea41815
52,MAX-050,2,7,83,316,231,176,271769834,12,197867552834,407,31,148181,1537290cdb4191f54560401ac2f460551846c95d1fd53df223b14107fd496de0
52,MAX-050,2,7,83,316,231,176,271769834,13,198996671594,407,30,148232,5bb4afc37546ab2fbc8e1f70244d06b3162061605626e519de256bfa04717946
52,MAX-050,2,7,83,316,231,176,271769834,14,200125790354,407,41,148283,9ecc9c634154c701facf45740ee57df3d071ba85562c3fdc8410182dee2dea17
52,MAX-050,2,7,83,316,231,176,271769834,15,201254909114,407,43,148334,39bd04d9a41eca6a1fab598a3cece852593455b9dcd8f308e2b8f4a7a414ae78
52,MAX-050,2,7,83,316,231,176,271769834,16,202384027874,407,24,148385,eb3b219730c6680ae5f422155b2c5711bdf142c8fcc2f4983f9ab44bfe24e9d4
52,MAX-050,2,7,83,316,231,176,271769834,17,203513146634,407,45,148436,f46865ba07a92d8e071e307ad7e25718c65659cdf4deddf2f5eab6df2d2e3b19
52,MAX-050,2,7,83,316,231,176,271769834,18,204642265394,407,29,148487,fb2b7194c03bdd720b913b430e31435c808901858d14afd7805db5afc1bd36e9
52,MAX-050,2,7,83,316,231,176,271769834,19,205771384154,407,34,148538,7ead279146949f3d18ccafa1ef848058d791a10f5ca9231dcd110c3994a5e376
52,MAX-050,2,7,83,316,231,176,271769834,20,206900502914,407,31,148589,2a05a6753c3ebb04de4a7d1ca9d733dcb6a8e69351b652ff76b6e32fad31c15b
52,MAX-050,2,7,83,316,231,176,271769834,21,208029621674,407,32,148640,6def51869ef77fd9b1a3918733b013bc41bd422b377bd77f6cef160a5fc4bb46
52,MAX-050,2,7,83,316,231,176,271769834,22,209158740434,407,31,148691,2a1baf8d54d0d587b019ac6b21dc2288979c55a87f76c970b92a2711c2b44484
52,MAX-050,2,7,83,316,231,176,271769834,23,210287859194,407,35,148742,0c26a70ec3f33d982f96b5da262ce18818df07b199046a2b77cecb28b7157ad7
52,MAX-050,2,7,83,316,231,176,271769834,24,211416977954,407,34,148793,9d6186fc300be849280918205560ae7906be0fcfe9d901592bb44cee64a8502f
52,MAX-050,2,7,83,316,231,176,271769834,25,212546096714,407,34,148844,a838e6d31a79354dc126f6706842ef09d01255afab0d1458c24b59ca5b87afca
52,MAX-050,2,7,83,316,231,176,271769834,26,213675215474,407,30,148895,8e25dd1d7d1334c9810d7a2789b6bb6524f8cf9fc0b44bb3efa7e4bda86324a3
52,MAX-050,2,7,83,316,231,176,271769834,27,214804334234,407,29,148946,d25e8f86b62b051e7c1e38cef58395ce3c70dd84ff7f153fdac93f128d3e79b3
52,MAX-050,2,7,83,316,231,176,271769834,28,215933452994,407,21,148997,fdbcd012df7749c24de13dd0c3045e6d8c6745f9db42993124d0bec0957cb211
52,MAX-050,2,7,83,316,231,176,271769834,29,217062571754,407,36,149048,83afc481049bb8c456661824c82550585b1ccd8500bf3affbc9c8f008e25d523
52,MAX-050,2,7,83,316,231,176,271769834,30,218191690514,407,29,149099,5950953ef8f5b7764fc12c087e38511f6983887f12b1ad2bba564db09986a5ea
52,MAX-050,2,7,83,316,231,176,271769834,31,219320809274,407,32,149150,9e582b535e6e086a0fca0afdf5647ae7dc0555d61756a4f29eeff9798b745356
52,MAX-050,2,7,83,316,231,176,271769834,32,220449928034,407,35,149201,87c3b9c24e0e8d3c625d88c78f6ec71fef276b6845fa0f1393beae7c6effccba
52,MAX-050,2,7,83,316,231,176,271769834,33,221579046794,407,36,149252,27cf5a4b88848b38f93950adb937f1bf0ca2a764992f709cded2880bde1b0d06
52,MAX-050,2,7,83,316,231,176,271769834,34,222708165554,407,34,149303,dd1f4a8009550ac04a06022aaa6e42bba444af6679b27ecd531b96cd61493e74
52,MAX-050,2,7,83,316,231,176,271769834,35,223837284314,407,35,149354,5530c1d40be9f79f9476c8135cdea249233b931bccdbf8b392afaf1a4e28ea3c
52,MAX-050,2,7,83,316,231,176,271769834,36,224966403074,407,31,149405,994d28e2b5208b122c085fd7ca43e14707795c2763e960a277ea2cb7f684b07f
52,MAX-050,2,7,83,316,231,176,271769834,37,226095521834,407,27,149456,b2d545a60db417745f8ca19436b48e0214e51b1fc0996b194a81e9fbbf6b4463
52,MAX-050,2,7,83,316,231,176,271769834,38,227224640594,407,41,149507,d5026a3b90054d7261d58dc7d544d41aed0cd5e2826fba9f1aa3ef76ce408017
52,MAX-050,2,7,83,316,231,176,271769834,39,228353759354,407,34,149558,1edf2aeded89c6e658a7046a775146fc5400d1ab1a2d178b1556779a799ab43e
52,MAX-050,2,7,83,316,231,176,271769834,40,229482878114,407,34,149609,86b6c762fcd33114c81c645349b09d1660ed7c21c8ea9d1c0edda40b1f923471
52,MAX-050,2,7,83,316,231,176,271769834,41,230611996874,407,39,149660,925713e29cf977cd240656c3b44bfc2db70bd483dfc85e02ba26e9a8d6fcc852
52,MAX-050,2,7,83,316,231,176,271769834,42,231741115634,407,40,149711,e4ad5c599dd9eec99c1ed045ddca41dfa14d2b5926434712191cfd15ba02ddff
52,MAX-050,2,7,83,316,231,176,271769834,43,232870234394,407,34,149762,334472a3abf1e93c468e7942877003393ae132a7bf474bafa65850ad9cabd308
52,MAX-050,2,7,83,316,231,176,271769834,44,233999353154,407,36,149813,55be73634693536f70897ea9bec4715ed8d4d9b09e5497bdda5aae5de1ee805c
52,MAX-050,2,7,83,316,231,176,271769834,45,235128471914,407,30,149864,7f85ffe9cdf3c86be702c62559b10d3195fbd5446f9cf81d9c6ffcc94abc887a
52,MAX-050,2,7,83,316,231,176,271769834,46,236257590674,407,30,149915,d1a334f0ce01feefa890a6d06f1437afe06de9007c47a345a349cd65bee97c97
52,MAX-050,2,7,83,316,231,176,271769834,47,237386709434,407,37,149966,7c5f4a0730a8bda9bbb6810bde2f34b9bde6eb2e8fa848f645fc650fd73754a3
52,MAX-050,2,7,83,316,231,176,271769834,48,238515828194,407,34,150017,072198a3d5177473d071a73da1025227d4aa3e1a135d3f51435d013660446c44
52,MAX-050,2,7,83,316,231,176,271769834,49,239644946954,407,27,150068,1ebf70a7420aa313435c4d54e17a50f5f4ce346fff4ba638ae6dd7f8bb688348
52,MAX-050,2,7,83,316,231,176,271769834,50,240774065714,407,32,150119,88e75ee7a004728bf4ef6bdea4b4d936ad51b6e2135015ee5995230bea8c2aab
52,MAX-050,2,7,83,316,231,176,271769834,51,241903184474,407,38,150170,7c93e72cc0d8ed09dcaddefb1f194c2ec0bbfbb8391727e42e8990e5154346aa
52,MAX-050,2,7,83,316,231,176,271769834,52,243032303234,407,34,150221,4b8783848c74f3e160f1e8e10aec251dd5df32148246ac2bbaeb910a854c685d
52,MAX-050,2,7,83,316,231,176,271769834,53,244161421994,407,36,150272,d09e09e7660d051d6f0865d3cbd48d0dddfcd2ccd437a5be80a7b0e80b747266
52,MAX-050,2,7,83,316,231,176,271769834,54,245290540754,407,38,150323,0b103aaaede5a71523592e32496b998c44bcabdc4687feb37301d5f61c89a785
52,MAX-050,2,7,83,316,231,176,271769834,55,246419659514,407,27,150374,67c5f9d8716c4b91da8ee1fa416e8b0ccc05403d7bc7b9ea53419f2d432cc3a2
53,MAX-051,2,7,83,339,231,176,75401354,0,184121759234,407,34,150425,5b656fa35bb116c3ea08141d5844e3a5a55bd84441016e54a574679570748b34
53,MAX-051,2,7,83,339,231,176,75401354,1,185250877994,407,43,150476,d41f7e6b63d951a3a5536996c0db20cdac5ecca767aab9a215bbbf7604d09475
53,MAX-051,2,7,83,339,231,176,75401354,2,186379996754,407,27,150527,9152145c0e474eb1a37c545b1babfbe43203d9ef5c51d49c19791e1ff9d356e7
53,MAX-051,2,7,83,339,231,176,75401354,3,187509115514,407,29,150578,bfb3eacc2cf6ee3e218ff3bd12f696303fc9c64cb73882d1925795601f519b21
53,MAX-051,2,7,83,339,231,176,75401354,4,188638234274,407,37,150629,64c255da034fad2548ee1a9a224fd81b22238bf1f3e5e445e45db4fef607c894
53,MAX-051,2,7,83,339,231,176,75401354,5,189767353034,407,41,150680,9b40105e16636647fa776489464af1b53b535980a14f321c712652741f6d6a93
53,MAX-051,2,7,83,339,231,176,75401354,6,190896471794,407,33,150731,aed7b8cc9c7cfae77191446d4fc7f5c645de2dad5e189600c6096d8c912eade9
53,MAX-051,2,7,83,339,231,176,75401354,7,192025590554,407,35,150782,287ae978dd0febf1399b3215c6d972e90a54442e9240aa8f013ff2f0c536f1ed
53,MAX-051,2,7,83,339,231,176,75401354,8,193154709314,407,23,150833,95aff750fcf39afb64ca3d0cdbceb3eb960fbbf896d565fcaf3cb7c2da49086a
53,MAX-051,2,7,83,339,231,176,75401354,9,194283828074,407,30,150884,8330ee978add6342aada2d3d4443673156801662deb95a736fd484634da9849c
53,MAX-051,2,7,83,339,231,176,75401354,10,195412946834,407,38,150935,7ea10902754be4dd391237a13d805dbcaad802229d94643791f04208e95cf77c
53,MAX-051,2,7,83,339,231,176,75401354,11,196542065594,407,25,150986,94944ae15547922e97012e9416d2c8fc0fa819748ccdc7a3882aba05bcfba752
53,MAX-051,2,7,83,339,231,176,75401354,12,197671184354,407,31,151037,a1fb1457942770f7bb7cb1469fe25e300d7bd75bd6daa95d41424fb29ab0ce4f
53,MAX-051,2,7,83,339,231,176,75401354,13,198800303114,407,30,151088,6afe3faf1be3fc930e26cd3646a016d251a6d71f0c5c1941aee3f5cab75f9ff3
53,MAX-051,2,7,83,339,231,176,75401354,14,199929421874,407,39,151139,51065bf92bd7ce4c4c9ff71156dbc8a88ba60a5c9746726999de047003fe1965
53,MAX-051,2,7,83,339,231,176,75401354,15,201058540634,407,25,151190,68ecc4f1d8f32bf764c01c4781f49118c6e396854778417c981ea69cb920d825
53,MAX-051,2,7,83,339,231,176,75401354,16,202187659394,407,35,151241,9d95cd696c73f82dcbf713946c34944e78dfeead1055002fbdba0291e17d06cb
53,MAX-051,2,7,83,339,231,176,75401354,17,203316778154,407,31,151292,8e96e496274874128a9b4bee231ae9d4520ee710005a66b4817bc107b2e84bbf
53,MAX-051,2,7,83,339,231,176,75401354,18,204445896914,407,32,151343,4b78c9a862f82bb11b9c0c8f814a3e4d3fce6e524aac50e34881e88b238b4495
53,MAX-051,2,7,83,339,231,176,75401354,19,205575015674,407,31,151394,e4ef34f470c043ac44458ebe7d0e516e60be15760a0ca0c6c9eed5e86ab45e96
53,MAX-051,2,7,83,339,231,176,75401354,20,206704134434,407,31,151445,af16a435553109769e05e2264db1336cdeb013f0534eefebd2aacdeeac87d09c
53,MAX-051,2,7,83,339,231,176,75401354,21,207833253194,407,25,151496,f8529119ee71fab669786565f9f0184eb029b51cce4ec20d48e2c1a0db693b3d
53,MAX-051,2,7,83,339,231,176,75401354,22,208962371954,407,32,151547,ec6d8343c1d6c0917686e812161dd93b73cc01fe59c87dc13b75319a0ca7fa18
53,MAX-051,2,7,83,339,231,176,75401354,23,210091490714,407,36,151598,b53522b6effc3afa2c648040a0bf6dca883d1ab959c49b27d0395806a90dc87e
53,MAX-051,2,7,83,339,231,176,75401354,24,211220609474,407,27,151649,bf5f4dfaebf4f1dd113dcd81ce8a041260571f52cf72d0e833503b59673c58b3
53,MAX-051,2,7,83,339,231,176,75401354,25,212349728234,407,31,151700,92ab7d1e6bd2cd31978ea52ef328b6e17c70a596af4b4fc0a1d65da7619bc718
53,MAX-051,2,7,83,339,231,176,75401354,26,213478846994,407,29,151751,6e9e5ba493420781871e7523cee92ca76615fabf099ca7119d51c7c2e4f4dccd
53,MAX-051,2,7,83,339,231,176,75401354,27,214607965754,407,32,151802,627da50f80c2764a877dcf7b0a5b10194c2928f01db8815366a12d88784f85bb
53,MAX-051,2,7,83,339,231,176,75401354,28,215737084514,407,39,151853,51876ce24d7c04e23d2c53531714ee596709c03483e0101910c8ec7b23071682
53,MAX-051,2,7,83,339,231,176,75401354,29,216866203274,407,38,151904,8719f757003fcd17cec9370b1c0944eb388a6ef4f899e0a8251d024a2c2fd633
53,MAX-051,2,7,83,339,231,176,75401354,30,217995322034,407,34,151955,0a5b3db17d2a9d697005aa44dee9438ecaf63d89785bdc3cb25f2648344a0f7f
53,MAX-051,2,7,83,339,231,176,75401354,31,219124440794,407,27,152006,64e8d5fc5da27739b74a0ad75ce09688c67fdaf4b2e1d0061a0ff425fe69b8f9
53,MAX-051,2,7,83,339,231,176,75401354,32,220253559554,407,45,152057,60bc816fe4ccc6a6f5f91fc7976e3febd73fd0a072b6daf5b2ea8ebb247d4fde
53,MAX-051,2,7,83,339,231,176,75401354,33,221382678314,407,40,152108,189f06eec9f2ef39aea822a277a685eae27be1fb67971233cbe9210a6c161ba1
53,MAX-051,2,7,83,339,231,176,75401354,34,222511797074,407,31,152159,574f46ddcb7887952e2915813a76868c831e7a6daa0298b31e7ed88cdfd1b351
53,MAX-051,2,7,83,339,231,176,75401354,35,223640915834,407,33,152210,f09fe36aaf1c13f8097a23a8142964b1204b147234266bab164be59881db77ac
53,MAX-051,2,7,83,339,231,176,75401354,36,224770034594,407,25,152261,60dc4b19b73aa4057deacacff1433875f39ad6a2718ea1cd342b3c6422e99780
53,MAX-051,2,7,83,339,231,176,75401354,37,225899153354,407,39,152312,236a3dd15a4c4904f96c8d129e74621a48d95d8d91c5008b667a70fe3bf171cd
53,MAX-051,2,7,83,339,231,176,75401354,38,227028272114,407,31,152363,0019ab3303465edcda9e11a5162e782136006265d1960a88d3b6243c07c44b37
53,MAX-051,2,7,83,339,231,176,75401354,39,228157390874,407,29,152414,c340ccd39635ef59f61a0e586482004ef0d55bda58af7b5fb3a201ea02b2a95f
53,MAX-051,2,7,83,339,231,176,75401354,40,229286509634,407,39,152465,506e0c5a20d91ff9ee9e798506d39a242f0f28c95ccbf66b1aa163242a42d033
53,MAX-051,2,7,83,339,231,176,75401354,41,230415628394,407,40,152516,035690ec7612a422f519d7a16f9bc875bf7c58bb69fc21b27e38263ad10efb15
53,MAX-051,2,7,83,339,231,176,75401354,42,231544747154,407,35,152567,cd814a66faf0d515dc24ee14742f2e0ef619c88009cf02cd436bb377c2673439
53,MAX-051,2,7,83,339,231,176,75401354,43,232673865914,407,41,152618,2112ec80faaca5a1c58f83ba19dd9bb8be5817655d7be7a480c77c25fa27b043
53,MAX-051,2,7,83,339,231,176,75401354,44,233802984674,407,33,152669,2cb4e1d0759c19ff7dc734e6310ac3d1851e8f72615f866a63790652c8a99e1b
53,MAX-051,2,7,83,339,231,176,75401354,45,234932103434,407,32,152720,2616c8a1b8edf4ece93f668d94958becc9f5b12bf82d3a00b9bafb43f2179fe5
53,MAX-051,2,7,83,339,231,176,75401354,46,236061222194,407,37,152771,f8dcd7a104443b7cfb79176fc3c048ace15af5dc0e63955bbbfa557c43124ff6
53,MAX-051,2,7,83,339,231,176,75401354,47,237190340954,407,36,152822,437369913256c84fc9a5e1d37011e7155f8c4a256a3707c89c4b7d4468971f99
53,MAX-051,2,7,83,339,231,176,75401354,48,238319459714,407,30,152873,7234717f4ca1a7dd0aaed308acf44d3380f1a85c4b89a3b0eb7943bda9aa4f95
53,MAX-051,2,7,83,339,231,176,75401354,49,239448578474,407,42,152924,b75b65739c1edcd1d505a88d73cb3a08f26892be69439f43055650544340bbdd
53,MAX-051,2,7,83,339,231,176,75401354,50,240577697234,407,30,152975,812b44440512b977cc2f47352a525094768f7671e0cb460fb7370e03ba02dfc6
53,MAX-051,2,7,83,339,231,176,75401354,51,241706815994,407,38,153026,4b4e60c8ee46908d00058a8e41b47cbf68a9488466d3bd2de10c150606982272
53,MAX-051,2,7,83,339,231,176,75401354,52,242835934754,407,27,153077,17774730b58e5237598ea77a34851403cac2b3c680fb6a78d4f0c874f3b72d67
53,MAX-051,2,7,83,339,231,176,75401354,53,243965053514,407,30,153128,f85b50c15f1af6ce2900511e94b23f569712219aa7f5f97fdab44a73694eceb6
53,MAX-051,2,7,83,339,231,176,75401354,54,245094172274,407,36,153179,f158ca82ca78550836a34c7bc095e6c369aef7b5d1b4ad903fa27fd1e61c40b5
53,MAX-051,2,7,83,339,231,176,75401354,55,246223291034,407,39,153230,ed0e496d365a10f03839788c873007d24802bb5f8a14c0a3fcb0a25a66ca3e10
54,MAX-052,2,7,83,362,231,176,1008151634,0,185054509514,407,34,153281,5a4f2c603ea3e12a5956d7d58d119f539fa46a509073e15acc42ab361a087ea8
54,MAX-052,2,7,83,362,231,176,1008151634,1,186183628274,407,31,153332,9c923266b2ac57070dc2e94feb39a6eb12358b344668e2a68328aa660503aa70
54,MAX-052,2,7,83,362,231,176,1008151634,2,187312747034,407,35,153383,24ba4c29b590285bc1f7df3a17b0da98115009d0fb93fae521a425d6c2468a9b
54,MAX-052,2,7,83,362,231,176,1008151634,3,188441865794,407,33,153434,ae21fb8f96e8eb223bc51cf040f9a22453d0a4c3dbbce82030252d29d65915ec
54,MAX-052,2,7,83,362,231,176,1008151634,4,189570984554,407,33,153485,97fa171fbc3a66301a1cbfee479f38270219cb285bc181586323ed50f369816d
54,MAX-052,2,7,83,362,231,176,1008151634,5,190700103314,407,34,153536,b7d9860ba57f225a687830414c9b4d3f63edd52bd05b907e35a6cb75caad0e0e
54,MAX-052,2,7,83,362,231,176,1008151634,6,191829222074,407,31,153587,571e7a54b2f05738a8ea2830702b4711709925c62034a972f67e4a306b236335
54,MAX-052,2,7,83,362,231,176,1008151634,7,192958340834,407,35,153638,82f84580a6b61e3517e98ca160a627152082706303f9b2ba57af9822c57da448
54,MAX-052,2,7,83,362,231,176,1008151634,8,194087459594,407,40,153689,4a863ffb50b0ebe0ff4c45390c7a8e7a9ba4dd2dea9599084063e5503e1ec105
54,MAX-052,2,7,83,362,231,176,1008151634,9,195216578354,407,30,153740,d5d954a2dfd9a6d37f477f4e0120ae5e01f447009e9c4ebf4445d3049c0e5c6d
54,MAX-052,2,7,83,362,231,176,1008151634,10,196345697114,407,29,153791,c6e5c75205d2a272f9905e76477e22348c4ddd53963e516740824492b4efdff5
54,MAX-052,2,7,83,362,231,176,1008151634,11,197474815874,407,38,153842,99ba92f7ecebc8793707e83e4092377834b2e8b6b4ba7efcb02079380d0218d1
54,MAX-052,2,7,83,362,231,176,1008151634,12,198603934634,407,45,153893,95c852da5397e8928bab7af13bd0388722afea7da2ac839d63f7c8dbe758dfc7
54,MAX-052,2,7,83,362,231,176,1008151634,13,199733053394,407,41,153944,9a13c31c6b2fee672e58a3d4f442172f4274afed7db4de3f638f2e9b29620b19
54,MAX-052,2,7,83,362,231,176,1008151634,14,200862172154,407,36,153995,6f33d534a1106b7d2ace4e81891493abc80fc957d23c0cc5b2246acbc5c6081c
54,MAX-052,2,7,83,362,231,176,1008151634,15,201991290914,407,27,154046,de42c85148bfcfbc632fd6164fb2b4244864e3f0746f3a7ac8eee401d255dedd
54,MAX-052,2,7,83,362,231,176,1008151634,16,203120409674,407,35,154097,eb45693783d0f6e09e10661c42eb7fc258a120ec4f0544c2a05648790edbbca2
54,MAX-052,2,7,83,362,231,176,1008151634,17,204249528434,407,33,154148,c12c023074b20a0054daf9e7e67d3f0342eca58b5dd1f68161e2bee4e281f968
54,MAX-052,2,7,83,362,231,176,1008151634,18,205378647194,407,24,154199,62da56cca6d12006bcaa7a2e514a7fcfca9e41025ef61542ac2434cfd6d48fb3
54,MAX-052,2,7,83,362,231,176,1008151634,19,206507765954,407,31,154250,9c6e20350a1831878624a747751ca374ddb8b8fb85d853a5bd01957d06f10239
54,MAX-052,2,7,83,362,231,176,1008151634,20,207636884714,407,41,154301,162020de912f61ffbb48d717874b272a8019b089be44677bb71d3c29458c0c41
54,MAX-052,2,7,83,362,231,176,1008151634,21,208766003474,407,33,154352,23ce9c267e5bffc5a066ddc257a19e10d8cb56e25636c3cc2ee0e3438a44323c
54,MAX-052,2,7,83,362,231,176,1008151634,22,209895122234,407,34,154403,cc2d9cdaec880686a7274a748325b09482329ef73a7c1ecdb0a6d6971911e231
54,MAX-052,2,7,83,362,231,176,1008151634,23,211024240994,407,36,154454,ac594aec0ca4897eee37cfffc3ab3d220c593c0afc1618558c22f68de5a898dd
54,MAX-052,2,7,83,362,231,176,1008151634,24,212153359754,407,32,154505,851d5420c9d154cf54ead7c850b18d8c08acb617a24c616d23e45c9903d193c1
54,MAX-052,2,7,83,362,231,176,1008151634,25,213282478514,407,34,154556,7ce7932be8ff60d98757ecbba052cce26594ba81a9a4e24fb3edf14e79d54076
54,MAX-052,2,7,83,362,231,176,1008151634,26,214411597274,407,41,154607,a1fa482ae3f91dbccd6224d58aa5bebec6a1307a54164fe6cb49f1319a4ff9b6
54,MAX-052,2,7,83,362,231,176,1008151634,27,215540716034,407,30,154658,d67e2fe7250e7a3c78ce7181063f3fd86828e99bc9ddf53f8aadf17b4e9d84e5
54,MAX-052,2,7,83,362,231,176,1008151634,28,216669834794,407,37,154709,fc77bfc8848414f908287d9c7851886c0bd1ba09aabf011ed215d90cf4377464
54,MAX-052,2,7,83,362,231,176,1008151634,29,217798953554,407,39,154760,f37a5afd2cea73ce00cf7f4a52709e3dd68d008c869a5972b2a7904c4edcb528
54,MAX-052,2,7,83,362,231,176,1008151634,30,218928072314,407,41,154811,7d92f4dc3b62b4eea6632c9d9254fcbf70dc49c1f6cd7d7a2ca45829f464312c
54,MAX-052,2,7,83,362,231,176,1008151634,31,220057191074,407,41,154862,0fc52bcebd3e5991c3fa7548428c4de33628881052ab716374d76e457507eadd
54,MAX-052,2,7,83,362,231,176,1008151634,32,221186309834,407,46,154913,7b116f3015dd78aad4e001697954a9acca4b806beb60ff2cf52f5a28d0e017c1
54,MAX-052,2,7,83,362,231,176,1008151634,33,222315428594,407,31,154964,c4ef5e943e8f971734040ae6c2a9ff4fd672ff64eaaa99f5850d37fc748e7174
54,MAX-052,2,7,83,362,231,176,1008151634,34,223444547354,407,28,155015,f5fee1649d281a2ca43e17522b13d8f4f89d5b3ded21ab8904973b0e57235876
54,MAX-052,2,7,83,362,231,176,1008151634,35,224573666114,407,43,155066,40700b0fb956066a7d9c30a3d2335794bc52eb5b06a87f7aee287e6a0af02ce9
54,MAX-052,2,7,83,362,231,176,1008151634,36,225702784874,407,27,155117,fd98ab3b62d92b68b6ef1f4e438a882907a42be0cb6326f597a576449557bcc9
54,MAX-052,2,7,83,362,231,176,1008151634,37,226831903634,407,31,155168,d6796de71f82436d786294b314401399c7f570ba02cf04121b351d051b2bc34c
54,MAX-052,2,7,83,362,231,176,1008151634,38,227961022394,407,31,155219,1febb7bd41fa7262f54b840eeddbe206811824ef668da0e691f03aadee7f88be
54,MAX-052,2,7,83,362,231,176,1008151634,39,229090141154,407,34,155270,fd664df6dfe0d3e95e0c1d65469ee9d629ad79204d4b55b268172648dfddc6cb
54,MAX-052,2,7,83,362,231,176,1008151634,40,230219259914,407,29,155321,969ae40cc609da602c25de39da0f36945c95b2af8016511b7de9e9e5293d680e
54,MAX-052,2,7,83,362,231,176,1008151634,41,231348378674,407,31,155372,d544fedecc4b676eb25dc0a6be44f571a28ea9683301cad1f007907203c7769b
54,MAX-052,2,7,83,362,231,176,1008151634,42,232477497434,407,30,155423,58a383bad7d45cc02196a1de8992bc524eaf1b3d3d9454dfe180248c4db82485
54,MAX-052,2,7,83,362,231,176,1008151634,43,233606616194,407,30,155474,62704e9897606b7e19856bb87715981b580ce4a306abfec8b4a6c02d7aaf356c
54,MAX-052,2,7,83,362,231,176,1008151634,44,234735734954,407,38,155525,8068b9e6944c7571189631666ac84e6d770f9acc7397f88f736c8edb903f0578
54,MAX-052,2,7,83,362,231,176,1008151634,45,235864853714,407,33,155576,f031868d055f2455f37c509dad6d086a907435593a3185ad697bcb0993a371dc
54,MAX-052,2,7,83,362,231,176,1008151634,46,236993972474,407,29,155627,4fc132e5cfed983cdf15baf727cbdcb10d752fe19406e02b2ab66162595d3cc2
54,MAX-052,2,7,83,362,231,176,1008151634,47,238123091234,407,35,155678,fb21a49582c087ec26555631869077dedd095b43a4924566b6fde919c93a2caa
54,MAX-052,2,7,83,362,231,176,1008151634,48,239252209994,407,29,155729,67584acbb8a3f70057df00a5d04bca4a4ee996532df2749535c85760f0928d9f
54,MAX-052,2,7,83,362,231,176,1008151634,49,240381328754,407,30,155780,bb024826f7250f79712e380fce236f1d8ca08b6ebf2de205e31f53c5192e2da4
54,MAX-052,2,7,83,362,231,176,1008151634,50,241510447514,407,30,155831,e616accec469eb6316b65da2554046d0a86c2bed817b9ffdd09626a172cb09ff
54,MAX-052,2,7,83,362,231,176,1008151634,51,242639566274,407,30,155882,66cc2749a304a1eb366e9fa10b6e5353c34e7fe6d4fb6889f0f9dbfb421e7d8d
54,MAX-052,2,7,83,362,231,176,1008151634,52,243768685034,407,30,155933,9f7bca6c496b106c95c6cfab0bc77bd4b7e3381f1cc6f7a72afae6f3f04a170d
54,MAX-052,2,7,83,362,231,176,1008151634,53,244897803794,407,41,155984,06377393209ea1cd99fe11cdce22684f461430b635d3d96f2dd39330d11d8919
54,MAX-052,2,7,83,362,231,176,1008151634,54,246026922554,407,29,156035,66efb2145dbda13fbfa1afb868d50172b42b8b73fa0de994e689914daa8a5612
55,MAX-053,2,7,83,385,231,176,811783154,0,184858141034,407,39,156086,c287defca542433a0dbb0402e120b7c78e01e44333bda2d1ebfbd9dd96b83d1d
55,MAX-053,2,7,83,385,231,176,811783154,1,185987259794,407,39,156137,b0e271a11d021652efc6a4cf9dbbb5b0e21a279e65a7a55614d3afcc3d072f69
55,MAX-053,2,7,83,385,231,176,811783154,2,187116378554,407,26,156188,45db1557bdcfa2fb9df1bc68f97040b95eb8d604c3378c0289c638d6500a3789
55,MAX-053,2,7,83,385,231,176,811783154,3,188245497314,407,34,156239,99a43e5726603e62c638b8f2227b7143bf098b76cb0768ecb6d57749a2eae0e5
55,MAX-053,2,7,83,385,231,176,811783154,4,189374616074,407,40,156290,bb2d407b3790a6aa93674072cb7078a61ba2655fcc7556074b196cdbf937fc0d
55,MAX-053,2,7,83,385,231,176,811783154,5,190503734834,407,32,156341,b827381981ca89c29f16dfb375cd0fb1beb82a418496125524928aa2869bc6e0
55,MAX-053,2,7,83,385,231,176,811783154,6,191632853594,407,30,156392,7cf9a4958fda115fad772e64ad02fcd173d1b785d86d0d3a81b3f43df15d42de
55,MAX-053,2,7,83,385,231,176,811783154,7,192761972354,407,30,156443,86e74d98353c4dedcf38f213014bfae4f0afebb666287370c7e5037f3464c5e4
55,MAX-053,2,7,83,385,231,176,811783154,8,193891091114,407,33,156494,b4abc9f69de42155064f268796670cfc2d0eb92569fcd9064e9b47e5940166fa
55,MAX-053,2,7,83,385,231,176,811783154,9,195020209874,407,26,156545,0fc66b45053bb735a2f3a0f1a314a71c3d87fe2999c7f4cf04274753f21b7792
55,MAX-053,2,7,83,385,231,176,811783154,10,196149328634,407,43,156596,dc5b74c373c9382eb2162aade485a66870560cdfb98aa6a23d70b96a5476e530
55,MAX-053,2,7,83,385,231,176,811783154,11,197278447394,407,30,156647,aaa0d06917a059e77f5f55dbde7ca18f876f6d0d9facb50d6f96b2a4669ba7af
55,MAX-053,2,7,83,385,231,176,811783154,12,198407566154,407,26,156698,df2e977b7a1bc091cc9f708e6ff787347ce0d65e693acc374b5cf8891e96f2b0
55,MAX-053,2,7,83,385,231,176,811783154,13,199536684914,407,35,156749,b30c4a1abb3e1d18c31996a1b6455fc4ea30429867b40f9ca97d128800061b51
55,MAX-053,2,7,83,385,231,176,811783154,14,200665803674,407,36,156800,413e77ad73c1f9977e52263126f78a506e77f60cef843808b4fea4a7b3e7cbd8
55,MAX-053,2,7,83,385,231,176,811783154,15,201794922434,407,30,156851,f77d743c73b830aeb6da4260f2d5c2af42ece3a77ac203a643986bc07011f2d1
55,MAX-053,2,7,83,385,231,176,811783154,16,202924041194,407,33,156902,da4f294ad6ad59ea9c2dbfc7ad4997169656fc63144005d8bc13e04d9b3ee823
55,MAX-053,2,7,83,385,231,176,811783154,17,204053159954,407,28,156953,b4393313e4a7bb32805a973c29408c6e009964898529ef790ee135d3e05e64ab
55,MAX-053,2,7,83,385,231,176,811783154,18,205182278714,407,34,157004,c8ad8efe6caa71b9a4ed94271bc3609737f0ee719c99c99bd95da01334f978e3
55,MAX-053,2,7,83,385,231,176,811783154,19,206311397474,407,35,157055,4da5bf0378fc2de870b7a9721d2bf942f963d9093cb7e5f84eb787b776cf13c5
55,MAX-053,2,7,83,385,231,176,811783154,20,207440516234,407,33,157106,2fc157be0eee8133312f098833284006a97a412d5dbf163ceb3e9378678c2aad
55,MAX-053,2,7,83,385,231,176,811783154,21,208569634994,407,39,157157,b70ca5f1cc8e21705567b62bfd429a01ff689508b752991da34225b6206f6f95
55,MAX-053,2,7,83,385,231,176,811783154,22,209698753754,407,35,157208,ee96a827f2a92f172f7bd00899fd632accaa54f74cb7e2fcc99347b6aec9602b
55,MAX-053,2,7,83,385,231,176,811783154,23,210827872514,407,23,157259,39aadee0bc6223af91c305ece65b28548dc5d230182b78b0f4d14b2c520f99ae
55,MAX-053,2,7,83,385,231,176,811783154,24,211956991274,407,31,157310,266c6d754517e945368f2724b0575ada0be0a180c63e51d3939020063e452686
55,MAX-053,2,7,83,385,231,176,811783154,25,213086110034,407,38,157361,0d372a051321b08842278f60ae59a7f676ca363d2d1654cc0b672d94804647bb
55,MAX-053,2,7,83,385,231,176,811783154,26,214215228794,407,31,157412,a280eaa49e78fa5ea1acdeabba02baf6c88ad19d9714a6a5afec22a035721a5f
55,MAX-053,2,7,83,385,231,176,811783154,27,215344347554,407,32,157463,ca1017fda90b5d46c792a1958cd9112d4cef9e523a25b33fe5f6750935e906fe
55,MAX-053,2,7,83,385,231,176,811783154,28,216473466314,407,40,157514,553c3a70c87806bc57e62e44a5fe5e28cb4320de0b29fe86e915f378de751e53
55,MAX-053,2,7,83,385,231,176,811783154,29,217602585074,407,32,157565,589e9de1f946bac1c2f467cc65133d779dd2270339338b5cfd9abdb8e183c21c
55,MAX-053,2,7,83,385,231,176,811783154,30,218731703834,407,35,157616,b830ec122e72632facc5af5bcb89b00144f9a25a9de7bd182b6a27cb2d2d546a
55,MAX-053,2,7,83,385,231,176,811783154,31,219860822594,407,32,157667,53fc8694937bd7d06fbd119ccae425e2fcf2580683610bad4e692a373d90c6c3
55,MAX-053,2,7,83,385,231,176,811783154,32,220989941354,407,28,157718,ac2e471cddd6c4589a74cebc7cb7d51515954c5e3ed60d690279cc93617026d8
55,MAX-053,2,7,83,385,231,176,811783154,33,222119060114,407,36,157769,b252ab63a2bb4cc30fe3672ec27e11df5c3549921b689482d5b9f4474b53fd00
55,MAX-053,2,7,83,385,231,176,811783154,34,223248178874,407,34,157820,fda864210da9daa6fd0d07bb7abfd2f8235098d5eb31c5ff08dd4e74a3535c76
55,MAX-053,2,7,83,385,231,176,811783154,35,224377297634,407,34,157871,5f22cb7d82a449b4c0fbdf2083753c9cd79f3a25ccab040b46ec5e0d78247b6d
55,MAX-053,2,7,83,385,231,176,811783154,36,225506416394,407,25,157922,b762b88e68d00e31ab19205566fc805592a52aaa9a42ad88a4e48aa51bfd1df1
55,MAX-053,2,7,83,385,231,176,811783154,37,226635535154,407,34,157973,aac48024873d5acc988fc080ae6e52610e12f4d22011f507bd87663f27b1b054
55,MAX-053,2,7,83,385,231,176,811783154,38,227764653914,407,31,158024,2001b75d82e66c289eabfa2c8b47dc7e5a53fad80866d18c4a9c3a4619d93fd6
55,MAX-053,2,7,83,385,231,176,811783154,39,228893772674,407,21,158075,bba387bea2a8909f008f6f1a76bbb90322e28d266110f16f00d74d2e59257c07
55,MAX-053,2,7,83,385,231,176,811783154,40,230022891434,407,32,158126,c24624bc94e8887e02df4f5ee0de846439b364e000f0735d81f4cb545b6ff057
55,MAX-053,2,7,83,385,231,176,811783154,41,231152010194,407,33,158177,7580b88d699a563b444751f4d8e2a9d7db01bfbc6a98d2caff6ccdf7ef64dc65
55,MAX-053,2,7,83,385,231,176,811783154,42,232281128954,407,24,158228,615212fe5d90b130c602e03d961f00af480d66c8accc7b23e29452115a99736d
55,MAX-053,2,7,83,385,231,176,811783154,43,233410247714,407,41,158279,9cd19305c9eb80cd91c595a4a0da3c3f918152264d35fc1c37914c8d8ada3321
55,MAX-053,2,7,83,385,231,176,811783154,44,234539366474,407,33,158330,c779a7a3458bf067da809a265a37f404e8835885ca00b2527d9840a9f0541ada
55,MAX-053,2,7,83,385,231,176,811783154,45,235668485234,407,32,158381,bd81b8d9c1637d3b7098766c91b8742cde72dff6a6f5c44e9c2c3971097f6248
55,MAX-053,2,7,83,385,231,176,811783154,46,236797603994,407,37,158432,8369fc9e85904c06128d5ec6b8906e3cf90f6d82d9dc5dad680b9997e41a4624
55,MAX-053,2,7,83,385,231,176,811783154,47,237926722754,407,35,158483,1022cff275355423dfe9dd5f200a2135996f29cf567ff31535ed7deb17b96e05
55,MAX-053,2,7,83,385,231,176,811783154,48,239055841514,407,41,158534,61a4bfba9df33988d5df17be0374ec28dda0af1680f3ae6cbd22999aa5d750d1
55,MAX-053,2,7,83,385,231,176,811783154,49,240184960274,407,38,158585,6dc6af78ac20fc9479aebd1356392137e9509f88d57a4729526e5312d68a3f3c
55,MAX-053,2,7,83,385,231,176,811783154,50,241314079034,407,24,158636,01d79dd14110d913e6d4cb56e969c3cf8387594c677144fd1e7caede09cf89a7
55,MAX-053,2,7,83,385,231,176,811783154,51,242443197794,407,30,158687,06d8d85db0d67f33a3c0652ce9cb276c4789cae6b16a6e41091d8cf6bdf53f58
55,MAX-053,2,7,83,385,231,176,811783154,52,243572316554,407,34,158738,c685d88bef2c9171b9e5327261040789e080dc46a8a45d005ce8e5a822794433
55,MAX-053,2,7,83,385,231,176,811783154,53,244701435314,407,32,158789,d2f118e951b2a341a7d1f383819f16f11611aa35e2e849985aa5c9492cc22fae
55,MAX-053,2,7,83,385,231,176,811783154,54,245830554074,407,28,158840,cedb5d2174cf40b22cb92c6fb0c8a2314a872dde63b9deb70f719d5b35f857f4
56,MAX-054,2,7,83,431,231,176,419046194,0,184465404074,407,38,158891,1b338f3ac398e692637eae3921132778bd31b3efed908f4c3c8dec0a4b2eb0c8
56,MAX-054,2,7,83,431,231,176,419046194,1,185594522834,407,40,158942,2d1b4b33310cb92420354acb323245ab398a571fb808a9aacd8db85d4adba31a
56,MAX-054,2,7,83,431,231,176,419046194,2,186723641594,407,35,158993,9a8d6a3042bc85f48580381079577ae047a3b5be7b6935bf91142425a6aaa5c5
56,MAX-054,2,7,83,431,231,176,419046194,3,187852760354,407,26,159044,1ff8cdd8597a28d52bf4451337131abc49add52a7abffd2092fd57b5ab42cfc7
56,MAX-054,2,7,83,431,231,176,419046194,4,188981879114,407,36,159095,699d7e1f3df3bfea5e71e997b62835f885e08467bd6da51d21a1872ef41151fb
56,MAX-054,2,7,83,431,231,176,419046194,5,190110997874,407,31,159146,193f1a904af51bdf91b54b97df904a59d45fd8b27e377538e4db4fbc902826bc
56,MAX-054,2,7,83,431,231,176,419046194,6,191240116634,407,28,159197,a3033345c8f00852c24e1955fe01e0c2d3874939b5028c9eddd194fda1bd8bf6
56,MAX-054,2,7,83,431,231,176,419046194,7,192369235394,407,34,159248,2a0b5ac733e85ff1e1f395c233af1416486671b3b2819be12781cea1adf34065
56,MAX-054,2,7,83,431,231,176,419046194,8,193498354154,407,28,159299,cf1481119fc64e427cced96f9989b46ed2e93b4dbee428c85b448d8b4429c9e6
56,MAX-054,2,7,83,431,231,176,419046194,9,194627472914,407,40,159350,15af9330b37627ddea7e996d3bde2144b8b4fd8f9ee4edf495985574aff9e487
56,MAX-054,2,7,83,431,231,176,419046194,10,195756591674,407,38,159401,018587233c4a4ddb9a5934e8d8f0b2027ac0b950a129df904eb49b942e361a5a
56,MAX-054,2,7,83,431,231,176,419046194,11,196885710434,407,41,159452,a3b2e7402852f8be5c2d1ba220d362a09f9fa3aa9fad82b7e3646525d3076bb1
56,MAX-054,2,7,83,431,231,176,419046194,12,198014829194,407,36,159503,04c95a24c9afdafe392cc7e05f5b5f230103268b6200a1b3d6208cf85415f7db
56,MAX-054,2,7,83,431,231,176,419046194,13,199143947954,407,36,159554,e87d4cd53b867047a93b2ce99f15c6a65644e1f4a05ef98979a2d1514e7ac40c
56,MAX-054,2,7,83,431,231,176,419046194,14,200273066714,407,36,159605,f45b54496c0ea07eb3b67c582869d66d685b4f732136a1e7a17161cda9233e2a
56,MAX-054,2,7,83,431,231,176,419046194,15,201402185474,407,29,159656,3309695add848bbcbd13ec46500fb8f7901fb43534c323eb2b5d707a5066d2b0
56,MAX-054,2,7,83,431,231,176,419046194,16,202531304234,407,34,159707,86a0b24c98d12c3424db385e6c1992a77961aa7adf3f7f374b00ed02090d9627
56,MAX-054,2,7,83,431,231,176,419046194,17,203660422994,407,36,159758,0bfb299d4a258e234aa32cbc4b2b76f97f0647439941a4011b69a2af1e78bdfc
56,MAX-054,2,7,83,431,231,176,419046194,18,204789541754,407,29,159809,8b06165c0ac9d610a4f9389b4a495571d0ad0b823515b95b27a1a9c3caec108d
56,MAX-054,2,7,83,431,231,176,419046194,19,205918660514,407,35,159860,7d1505aca689924d6696edcc672f265f6942424c5b39ddf79468a4c57b3730ce
56,MAX-054,2,7,83,431,231,176,419046194,20,207047779274,407,36,159911,7c6745cea8fb79a321b596e444405b7b5f1e6973ca03ff750f5e0f725871952a
56,MAX-054,2,7,83,431,231,176,419046194,21,208176898034,407,26,159962,c55bb29b09f2412f5102cf3e45e2afc01ce9ff6bd944777da08bae15986d54bd
56,MAX-054,2,7,83,431,231,176,419046194,22,209306016794,407,35,160013,3a6b680f285b5bc7a529c8b5494004caadf28bdc4d85fc4e37c21d8dacd0a55d
56,MAX-054,2,7,83,431,231,176,419046194,23,210435135554,407,37,160064,15744a6952968d90dafda84e8c7807581b6bbe43234bdbaeb58711abc8a137ea
56,MAX-054,2,7,83,431,231,176,419046194,24,211564254314,407,31,160115,baab3900575fb7069f5f9aac2ccaf2d5fec6f2eb1a972fa1a1c11b8ebdba995c
56,MAX-054,2,7,83,431,231,176,419046194,25,212693373074,407,30,160166,53c30e098847e212353f5a8fa35854d3a0513c494a11cc92ca4dc2bf36b059f5
56,MAX-054,2,7,83,431,231,176,419046194,26,213822491834,407,36,160217,dd39bb14e9eb6d0858db0c4632cf629085a4492efebbc8a82e25db3c5d326728
56,MAX-054,2,7,83,431,231,176,419046194,27,214951610594,407,36,160268,f9afeaccb475ef500e6821aa9f3ed189cf815c9835d704ba4637cc55747aad7f
56,MAX-054,2,7,83,431,231,176,419046194,28,216080729354,407,43,160319,0522fdaf2c31e6a24366db0add1ce19c2ad717434c9d1800d907dfe20e05ce6a
56,MAX-054,2,7,83,431,231,176,419046194,29,217209848114,407,38,160370,d05c4c3d5e8d4b828d1aba95322ecfe3583bb743dd1ccf3952564710cef3dab8
56,MAX-054,2,7,83,431,231,176,419046194,30,218338966874,407,37,160421,a3bf9aac93290ba4dd9bf7cd303061afa93d574d1ebe7e9ae010ad25ea21a927
56,MAX-054,2,7,83,431,231,176,419046194,31,219468085634,407,34,160472,ec1189f9201c5ea50672bcff46b9fe50b5201d86ca1a3834cb2432d214a84489
56,MAX-054,2,7,83,431,231,176,419046194,32,220597204394,407,31,160523,7a5f99b12ed6b63b9cd5398638252d50dc532853a76c36439d979c2c6c6b80f2
56,MAX-054,2,7,83,431,231,176,419046194,33,221726323154,407,27,160574,a01ea9259ead1109340ea37372c2dd4bf5771c323a37c43741ea4026688653cf
56,MAX-054,2,7,83,431,231,176,419046194,34,222855441914,407,32,160625,b1e125d974fd65ad6284eda51828e4d1cbbffcfbf0fcbdce383b3ad715561972
56,MAX-054,2,7,83,431,231,176,419046194,35,223984560674,407,32,160676,589f65f66709fde6a33e9b7fd0b60563c3268f87d3a842f29ca674c28ab4bb9e
56,MAX-054,2,7,83,431,231,176,419046194,36,225113679434,407,34,160727,244c4d662ec9707e27e7d718faa09b147bd4afe7bfe5315153d930883851d82e
56,MAX-054,2,7,83,431,231,176,419046194,37,226242798194,407,30,160778,9aba5776ae30e556e7bbd854f72f88415bbc69704eaa68f5bd96d3df227eb62a
56,MAX-054,2,7,83,431,231,176,419046194,38,227371916954,407,39,160829,e7d88f0fec7c9b0d1cf524bc8986e5bceca123de6c96ad5269a11c5a27722cc9
56,MAX-054,2,7,83,431,231,176,419046194,39,228501035714,407,22,160880,0fd90343b663968e0028051195d03d3fa74a2f9240d0a816843684d96a4d046e
56,MAX-054,2,7,83,431,231,176,419046194,40,229630154474,407,30,160931,56ad25aad71e41b3677180f309c0913be67e93ab46ddd97754af2782125e1400
56,MAX-054,2,7,83,431,231,176,419046194,41,230759273234,407,32,160982,e00eeb35eb0f37f57fe1ea2763b34a501d484765773230b128967f07aaf27e5c
56,MAX-054,2,7,83,431,231,176,419046194,42,231888391994,407,34,161033,10941bd702dd3842f838190565e405e4576386bcf5c12d64e7139435da7faf5d
56,MAX-054,2,7,83,431,231,176,419046194,43,233017510754,407,29,161084,2462358b323d9354861d63327de79808d7604fd9f041509af0015cb911d6bce7
56,MAX-054,2,7,83,431,231,176,419046194,44,234146629514,407,41,161135,ca38edffe31bc5766c46e16842287e7c47328e0fe50e8c6d8bf64e2ea4f51dfc
56,MAX-054,2,7,83,431,231,176,419046194,45,235275748274,407,34,161186,a3bc39703f9ca5b40151f5b20978d2fa6d080fbe395b9ad0726f6888905db6ee
56,MAX-054,2,7,83,431,231,176,419046194,46,236404867034,407,43,161237,e668508f4d8c35c7351a8b298bd5e447472f652b353ac8abee40d65ed237f55d
56,MAX-054,2,7,83,431,231,176,419046194,47,237533985794,407,38,161288,519866d4cc12710a834b44e6da9174f3103a9ba6abe195a543f4c8fb2454ba18
56,MAX-054,2,7,83,431,231,176,419046194,48,238663104554,407,32,161339,2f1c75227f18b7b105a79f66f3d6a4809ef0577619e1770850124d233f756b78
56,MAX-054,2,7,83,431,231,176,419046194,49,239792223314,407,31,161390,957c0d59e1b7f0b819db019ce8738bb15a68954ce50777ddb5ba96bfd5b4381b
56,MAX-054,2,7,83,431,231,176,419046194,50,240921342074,407,28,161441,5723a86fb5d148b623cce58ad6f6bcbd2e31448f8c6cddc42031bb355262e867
56,MAX-054,2,7,83,431,231,176,419046194,51,242050460834,407,27,161492,6b5443eb6dd4b61ed2bd2e2f29d8a704d201fc51ba1ca81728c9b4e58e5e8aae
56,MAX-054,2,7,83,431,231,176,419046194,52,243179579594,407,28,161543,bb680f9cfe49d003a4ff679fca3c8059ef640de05b11feaaed3ffbbccb057be3
56,MAX-054,2,7,83,431,231,176,419046194,53,244308698354,407,30,161594,6404f4dbdaa2d97d935344bf6384ed2e26a3dff7e0cc449db20960a2788d8d20
56,MAX-054,2,7,83,431,231,176,419046194,54,245437817114,407,44,161645,fa0fe527ee4d809d81042b931e03c5da59b73bce9c8724667ede3a04583d5667
56,MAX-054,2,7,83,431,231,176,419046194,55,246566935874,407,34,161696,c3a75cbc1c99723ae7d5e534a516a6b55000e7718fdf6cfcf1001253dd54c2bb
57,MAX-055,2,7,83,454,231,176,222677714,0,184269035594,407,38,161747,410873a8a66eb23aa8295746dd30a8796ea45cd23ab891d9e12c49baafaa52e4
57,MAX-055,2,7,83,454,231,176,222677714,1,185398154354,407,29,161798,dbfc743d721cb5378fb6491eee216aa3f9fcb02601e947ac281e4d411690726f
57,MAX-055,2,7,83,454,231,176,222677714,2,186527273114,407,27,161849,f9d6c943151da9fbdca3b1fc9335db01291ae4ee8a67a466f5676d878fc4b9ac
57,MAX-055,2,7,83,454,231,176,222677714,3,187656391874,407,27,161900,d5ba1f3371e7870abaf98a046a0a5880d842b19f29135daf4044e024e6d67df2
57,MAX-055,2,7,83,454,231,176,222677714,4,188785510634,407,32,161951,cd12e0ae7b1b541f13650992d0afa3147fb5bf7ff5356f8f30e4ccce9b79302e
57,MAX-055,2,7,83,454,231,176,222677714,5,189914629394,407,28,162002,bb16387be0c811b9f73fde9ecf88b5a4a5ac5c4f3bd897dfa4841bbd37626499
57,MAX-055,2,7,83,454,231,176,222677714,6,191043748154,407,30,162053,140d289fed901a073fbf8dca1a438bc0e05fd8cb7393d662531dea420d00cb15
57,MAX-055,2,7,83,454,231,176,222677714,7,192172866914,407,28,162104,cd5ee6fb2465051e7ca76858d73b803b1e4cae83d97048b9a0ff680f80846929
57,MAX-055,2,7,83,454,231,176,222677714,8,193301985674,407,44,162155,13d8ea1070b41c86b76cc80e52aad2fa4afbe3fbf895dc0f6f6eca17d2786bf9
57,MAX-055,2,7,83,454,231,176,222677714,9,194431104434,407,28,162206,50f484358ca5e09e18a3b57369b3b47020e12c038f371dd10ee6b6138c777149
57,MAX-055,2,7,83,454,231,176,222677714,10,195560223194,407,38,162257,a6d9553de7e7f8483e4a9c109515dd38ef1b8c6d9379bc4c2713817f88b61ec8
57,MAX-055,2,7,83,454,231,176,222677714,11,196689341954,407,31,162308,66141a4a05d58d8c7e7ac0ea784c566ffc2869e284d557ed1dafce3964a6e02e
57,MAX-055,2,7,83,454,231,176,222677714,12,197818460714,407,33,162359,191d0ff939a3e799c8c090a0ce7fcd8eacf2fa79fa57394ed32752278bf66a8c
57,MAX-055,2,7,83,454,231,176,222677714,13,198947579474,407,36,162410,a869b221e5515972b2faa35274a09bc5cc15b3f4f5fafb6002fc46a4e466295b
57,MAX-055,2,7,83,454,231,176,222677714,14,200076698234,407,34,162461,2894429189f86a4a800b4ba6a2ee862fa58bc437f0e28960b687f8c4a5d9d372
57,MAX-055,2,7,83,454,231,176,222677714,15,201205816994,407,27,162512,b5cce7b7e99632662123226eb6964eaacb8b5381c77a4a7df7a753d74eb27702
57,MAX-055,2,7,83,454,231,176,222677714,16,202334935754,407,38,162563,436aac21de814917716124a88c7af20adf9f6cb5d4eb4d1724c31ecc4d2bf30d
57,MAX-055,2,7,83,454,231,176,222677714,17,203464054514,407,35,162614,4107f9fb41c65a28d2a8765c0b7e10921c94cc2d6d8acebb185012f6285d6f2c
57,MAX-055,2,7,83,454,231,176,222677714,18,204593173274,407,35,162665,5329e34c55b64d044156f410e12d63dc4e5d4cf505c3a3bfbad9a8aaf79b534c
57,MAX-055,2,7,83,454,231,176,222677714,19,205722292034,407,35,162716,c4e35cd91185af5c063bd19a1e54fa40b0cd7f526acbfadc496742af4e360eb2
57,MAX-055,2,7,83,454,231,176,222677714,20,206851410794,407,35,162767,f03816b8233d22cf068aa766e5a86fd02ffca72bb55a175f709b43a924578c06
57,MAX-055,2,7,83,454,231,176,222677714,21,207980529554,407,29,162818,8dd1596891981af7ec97898f2c7674d45a4a905f54e0a03bb3970d98fca0daa2
57,MAX-055,2,7,83,454,231,176,222677714,22,209109648314,407,36,162869,2224f546d2d020de0da3749a251b2f991b22f1b6afa434abaf7ef6d659f92b8c
57,MAX-055,2,7,83,454,231,176,222677714,23,210238767074,407,21,162920,8ab1cc548b96f60fc0c8fc9193f55f019ae1dff7490bb3feaf0b63fa23fb1873
57,MAX-055,2,7,83,454,231,176,222677714,24,211367885834,407,32,162971,b3560e544468b738cd635ecf119cfc47fe164ed2e42afc91bf3faeb3e1564284
57,MAX-055,2,7,83,454,231,176,222677714,25,212497004594,407,34,163022,3d53b4844e6ccdd110e9dd3c5277afed5a8b403e41db3f66e5e74ef10a3f13d3
57,MAX-055,2,7,83,454,231,176,222677714,26,213626123354,407,37,163073,b5826458a110b1d79530d36b329004c9773d2653839b4653b6580381d6d9ade1
57,MAX-055,2,7,83,454,231,176,222677714,27,214755242114,407,30,163124,b85ea70362b2fa946f3e03fa4ce4e22c3e738419a5ca7db64bf0dd987d4327fe
57,MAX-055,2,7,83,454,231,176,222677714,28,215884360874,407,38,163175,0bdd2d904f04444655b462ab2c77cf73c542ac8abe40038fe2536a985794b536
57,MAX-055,2,7,83,454,231,176,222677714,29,217013479634,407,34,163226,88d9631afa422069e4cd05ae9d1f166b9ab2680b7266cc6f36fdbf982027b2a0
57,MAX-055,2,7,83,454,231,176,222677714,30,218142598394,407,31,163277,5fd651282b7987cc6300b7e17c107830ca9ce06e99649968f7d1000812fa54a3
57,MAX-055,2,7,83,454,231,176,222677714,31,219271717154,407,34,163328,3697deaf2a109793fef9f6d4ff3989e0022a31ad3c6e09d87f9231cc66ea3584
57,MAX-055,2,7,83,454,231,176,222677714,32,220400835914,407,32,163379,4d4663df46893340379b2ebb2ed69cee1121baf19385ea405e3667800e498801
57,MAX-055,2,7,83,454,231,176,222677714,33,221529954674,407,22,163430,fd5aeed04c84fe47d7264d245c72aad3d359de6f77bcfc8d934ad1276463b7ae
57,MAX-055,2,7,83,454,231,176,222677714,34,222659073434,407,34,163481,bdf5776639c2b882b88f482b7cee8e434da063fa931f100b278c14f6cd774509
57,MAX-055,2,7,83,454,231,176,222677714,35,223788192194,407,30,163532,b1db560ce0c8c1f1c848b90fc79cfad1cfbf816cce1d8cf08ac208f8a3df626c
57,MAX-055,2,7,83,454,231,176,222677714,36,224917310954,407,29,163583,9388cd4b5fcf1154b9dcbb2d87c87215cf30937eca6455b38181fee8a577fcc3
57,MAX-055,2,7,83,454,231,176,222677714,37,226046429714,407,38,163634,e10bbc41a1d2db84a86988abae4a809f62bfd24334471b1adac4d493709232af
57,MAX-055,2,7,83,454,231,176,222677714,38,227175548474,407,30,163685,3aee72c07e4e58762eb4e281bc4bef3caab3289e2f81171e46009ee860eedbe2
57,MAX-055,2,7,83,454,231,176,222677714,39,228304667234,407,30,163736,4a8946abe831f2851a73f64b015406dc33c69b212bb85010e741bba6d25d9dec
57,MAX-055,2,7,83,454,231,176,222677714,40,229433785994,407,34,163787,911c3586af9693800c0c042b724771df249ee46b4e0969ebb4720fed45108db9
57,MAX-055,2,7,83,454,231,176,222677714,41,230562904754,407,25,163838,4b4c04c9ec35d866b8d23d9c0ddf0475508464572afcd9c0cd815e82420c3a7e
57,MAX-055,2,7,83,454,231,176,222677714,42,231692023514,407,28,163889,6eae92aa2aa84afe068e4984fcb1bcf95b5b93dbef2c541906a6a38571dbceed
57,MAX-055,2,7,83,454,231,176,222677714,43,232821142274,407,31,163940,ed233435e7832770090117807b8a476829e14398f0ebbe8f5a8ac626674a7e92
57,MAX-055,2,7,83,454,231,176,222677714,44,233950261034,407,36,163991,16895b3c0c712e9a9ad4924c74531b4b9b6a47ae5fa608c858f948a3fedc2266
57,MAX-055,2,7,83,454,231,176,222677714,45,235079379794,407,34,164042,2c20519adaa35d512ccfc7e475e805db8034570955f97f26fddfd2e77aea79f1
57,MAX-055,2,7,83,454,231,176,222677714,46,236208498554,407,35,164093,9c0990e985bfa175c084759a35a34930c5827974329cb26f31e0589d55aee164
57,MAX-055,2,7,83,454,231,176,222677714,47,237337617314,407,29,164144,d9a41ef3bfcd762cb712a4b31961a3c6381315666cc7610b237de55c41280909
57,MAX-055,2,7,83,454,231,176,222677714,48,238466736074,407,45,164195,d36486d3c8798685065ddea93f1383eea5fa37274277018f92b1f20b9da43cd2
57,MAX-055,2,7,83,454,231,176,222677714,49,239595854834,407,42,164246,f2260d5a95f42f67051149f0ed7c68506538cad6cca96d7c3161326b87fc7301
57,MAX-055,2,7,83,454,231,176,222677714,50,240724973594,407,29,164297,13ceaa078d9a3619d1a77e80d3ba34f09a3789ed796cf7693b43fb513137136d
57,MAX-055,2,7,83,454,231,176,222677714,51,241854092354,407,27,164348,a5f689f64923504b81fe97af15e18fe9c92012ddaa0a8142e3ad6cb61236a13e
57,MAX-055,2,7,83,454,231,176,222677714,52,242983211114,407,37,164399,2a843c3a4f2a4992b18885552da69d48c1e333e4102e31c872a4e35bae91a50c
57,MAX-055,2,7,83,454,231,176,222677714,53,244112329874,407,39,164450,fc32ad46220a40836d9e9a93275e480992446b11e30dda2ec69e504cdb89a089
57,MAX-055,2,7,83,454,231,176,222677714,54,245241448634,407,26,164501,8faa8dbd0a21067b578798f4d19ea842a0a60b59fa80fc482d0e54ac4c5d5308
57,MAX-055,2,7,83,454,231,176,222677714,55,246370567394,407,36,164552,80e51b336287d7c1540d6227927cc0aaca02b0498dcd7d8691c28571c9066f1e
58,MAX-056,2,7,83,523,231,176,762691034,0,184809048914,407,35,164603,5e3c3e96f1c6445a0ed49f4e287db8c8c085b0a125db77f5840b68a6f418edb9
58,MAX-056,2,7,83,523,231,176,762691034,1,185938167674,407,35,164654,b4893240e1a9414d6e6325c6a1a53167cbd2d0b6d84efd33872ed232fa065bd7
58,MAX-056,2,7,83,523,231,176,762691034,2,187067286434,407,26,164705,fde239d47d88c2a6ffbf7b78ca7318ede6f41d4008fac985aa3b3d16715389dc
58,MAX-056,2,7,83,523,231,176,762691034,3,188196405194,407,35,164756,6298b8fbb6711be6d8abfe960b520a3ad7bdc9abfa00390fec29e668de6aeff3
58,MAX-056,2,7,83,523,231,176,762691034,4,189325523954,407,42,164807,b17f4ca468a7d68629017264b0728419fc36e4f5491f04a5ce1b2e93d24a36c7
58,MAX-056,2,7,83,523,231,176,762691034,5,190454642714,407,31,164858,efe826116db7c4263e2972cfe3f179206a33b794a5e2343ae31d7c30e05ec188
58,MAX-056,2,7,83,523,231,176,762691034,6,191583761474,407,36,164909,76b8496c05368441acd1e69e9fa24cc26ef827d1713cc4a1d64ab1b27cb61c49
58,MAX-056,2,7,83,523,231,176,762691034,7,192712880234,407,29,164960,614b42f36014a947471f7381fe68210af4f0fea14f50e47785b4835b148c8806
58,MAX-056,2,7,83,523,231,176,762691034,8,193841998994,407,28,165011,ff4aad528f61e805968f341d79ceaec1b97d186186a3ce067f8f0826c078f085
58,MAX-056,2,7,83,523,231,176,762691034,9,194971117754,407,33,165062,5a023f47a0f6b53691e36a09fc492e78bbf19045e5fd9bfa089f124782abbbe1
58,MAX-056,2,7,83,523,231,176,762691034,10,196100236514,407,35,165113,44211d655df5649ee3775b0536307761761ed03e467ca4d51ab2860f6c51b857
58,MAX-056,2,7,83,523,231,176,762691034,11,197229355274,407,38,165164,715b6e9dcab98193c50cb7690585aff3ecf3b230cba22fc09df3cd042227339b
58,MAX-056,2,7,83,523,231,176,762691034,12,198358474034,407,36,165215,b2f0d8c7e6735b30a68f9ed5568da00bcc8a1cefbf3a13f40651c5de4ab55e14
58,MAX-056,2,7,83,523,231,176,762691034,13,199487592794,407,35,165266,c16cf805bca385f803be1784383755bdebf2917c1bce3b2dcd86ccec6eb49bfc
58,MAX-056,2,7,83,523,231,176,762691034,14,200616711554,407,31,165317,a6cdf9f74f74605736a021adf67e2a6b8edc089677d2849a4ef9344e686c8dcc
58,MAX-056,2,7,83,523,231,176,762691034,15,201745830314,407,34,165368,d165bd6a26ddf2c2f9f118ea0579fb7a149d79b8253831179a6091384b8a84db
58,MAX-056,2,7,83,523,231,176,762691034,16,202874949074,407,31,165419,b14ff808f8ab143a8f5436fbeaaa9ec6db22c9e3bd8743cd2b8c899b3c022e40
58,MAX-056,2,7,83,523,231,176,762691034,17,204004067834,407,31,165470,148baff7d7ce950e8029169417a8248fd164fb077a50a34249e923a3c3d7fc1b
58,MAX-056,2,7,83,523,231,176,762691034,18,205133186594,407,37,165521,97bdce5275e3f5b8aae27cb628141ac73cdaf5152365c4608567e637bc938e56
58,MAX-056,2,7,83,523,231,176,762691034,19,206262305354,407,28,165572,f8d2f77ec064603e28985eecd5562e600ea7e13dcd0ad428a9a81dee193cdb80
58,MAX-056,2,7,83,523,231,176,762691034,20,207391424114,407,36,165623,cf4fe4e6fc773315c099c7796b4d07d65e1b5fe3771edd088df9a413b42c25b8
58,MAX-056,2,7,83,523,231,176,762691034,21,208520542874,407,39,165674,352cbaa925030a8da4faab4b898a385678d48192181d3bf99b6703633ff21706
58,MAX-056,2,7,83,523,231,176,762691034,22,209649661634,407,33,165725,62057831cd6c8af79c42849be6d988ca6ce3aba6f789fd282ecac00d356bd844
58,MAX-056,2,7,83,523,231,176,762691034,23,210778780394,407,37,165776,a50b8fd331e19ba616b6395542b71783988c657e7dbe627acf5bd1838a34ec93
58,MAX-056,2,7,83,523,231,176,762691034,24,211907899154,407,44,165827,4fa149616ae8e9a9b6aa10dcb6bcae4d922e4d2114258bd5521205ad36265829
58,MAX-056,2,7,83,523,231,176,762691034,25,213037017914,407,29,165878,6a59d4f174a96dca5b97eb0931192ba544d0fbd3fa2186a263d9b9a170ba684b
58,MAX-056,2,7,83,523,231,176,762691034,26,214166136674,407,35,165929,89ec036a5a9114920bb3c107104b8969f64639369a9cb3994111dd1dbb2a03a2
58,MAX-056,2,7,83,523,231,176,762691034,27,215295255434,407,37,165980,f86a200510934eef0b052b44512c2939f7cbfc5295d1ac6346ecd033db9da7cf
58,MAX-056,2,7,83,523,231,176,762691034,28,216424374194,407,29,166031,bf391f626584635f8baef0f1983ad6f9f2d5a386ba92473f4c055bf4c0beffd7
58,MAX-056,2,7,83,523,231,176,762691034,29,217553492954,407,35,166082,756ea0d9833c1370d4f65c97a8ada7256c40c44523c24475956998b9c6fd8b99
58,MAX-056,2,7,83,523,231,176,762691034,30,218682611714,407,35,166133,7ff0431260a92a9ffeb9b50a16549ebdb4bbdacf0555b44118d54ec54a269ac7
58,MAX-056,2,7,83,523,231,176,762691034,31,219811730474,407,44,166184,700be1d2c62243ced6c1e733db2df7a6aaeffe55c32175f5611b85c57b56a9ad
58,MAX-056,2,7,83,523,231,176,762691034,32,220940849234,407,27,166235,9c14e4cd79a7caa3603b72f4574cae9a9ecdfca9dac5dddd0132857185f2f44f
58,MAX-056,2,7,83,523,231,176,762691034,33,222069967994,407,35,166286,faf0cce92aca2398b83a9acb3966d0d0c6f826c012f434b2fea00aa179673a18
58,MAX-056,2,7,83,523,231,176,762691034,34,223199086754,407,28,166337,0658fd3989b4829861b9d8bc2aafc75b321df3521bd0f2d75a7b045dfebe784e
58,MAX-056,2,7,83,523,231,176,762691034,35,224328205514,407,32,166388,4db73615ea6ef43d43b3694cb9be00d9afcaf9636142004a51f3eb08c6a47698
58,MAX-056,2,7,83,523,231,176,762691034,36,225457324274,407,33,166439,a72997136b089baec457e1020faddbd06a5a68505437ca69f768a59150c35d65
58,MAX-056,2,7,83,523,231,176,762691034,37,226586443034,407,22,166490,7ebdcb51067955b4105b9405121cb7e072a7e214b4e3d7f35b84565418df9cb6
58,MAX-056,2,7,83,523,231,176,762691034,38,227715561794,407,29,166541,0ec9113ab53b7cb357032f4e45f31c47c95825d1f7ffff5c3d184295d856a53a
58,MAX-056,2,7,83,523,231,176,762691034,39,228844680554,407,42,166592,cb26d719f65d3d2961457a5cc5d659d7eaf00032d66e1925ce1408f967cbe200
58,MAX-056,2,7,83,523,231,176,762691034,40,229973799314,407,36,166643,5a2b52b3db79f61d93ea8f739886ba28198ea90160668f34bb72dc7769327f02
58,MAX-056,2,7,83,523,231,176,762691034,41,231102918074,407,30,166694,21342bd5e14c8f342e0a6ba497028eba4985b47746743b11d708433ab5e0de37
58,MAX-056,2,7,83,523,231,176,762691034,42,232232036834,407,36,166745,4d86140981091b0f7dac5e142895198a506c8d38336ab77c35614a394ca637e9
58,MAX-056,2,7,83,523,231,176,762691034,43,233361155594,407,29,166796,209fa2729931f30fb490a781a7f1d54528f46fd0a36affecccc9350b70311d91
58,MAX-056,2,7,83,523,231,176,762691034,44,234490274354,407,20,166847,c7bcc9400288633bfe630dbd11d5022178190033e92d5391ae145d65cf2480ed
58,MAX-056,2,7,83,523,231,176,762691034,45,235619393114,407,37,166898,f3dbb44d7b55017d3b14fe0064be37361d2a729f045718a21dd1acbb72dbed9f
58,MAX-056,2,7,83,523,231,176,762691034,46,236748511874,407,32,166949,4fb1825358f37199722e264c2e3dbc43624113b109acf9df02a093444bb24541
58,MAX-056,2,7,83,523,231,176,762691034,47,237877630634,407,27,167000,b1471093dc78f1a78e5e99f50e6ebe8fcc369d2dbb2956cb55e2bef8eae3d375
58,MAX-056,2,7,83,523,231,176,762691034,48,239006749394,407,40,167051,3b3e255205eeede5ec3400732f7372baceb90b503f96cabb544c87c889a2e852
58,MAX-056,2,7,83,523,231,176,762691034,49,240135868154,407,45,167102,09150b0c6a7e30f481d4698b70c0907651e3099d0b0fc01e75db7afafad487ad
58,MAX-056,2,7,83,523,231,176,762691034,50,241264986914,407,31,167153,a9fc25f72899ad7ca7e620a368c58ec93bfbace7125044a2ea0bab352a603d35
58,MAX-056,2,7,83,523,231,176,762691034,51,242394105674,407,46,167204,9ca871c7e19c1afbda7671b1d219a228e11a2412fcf2be5baeecd6bf675a591b
58,MAX-056,2,7,83,523,231,176,762691034,52,243523224434,407,32,167255,b2b0d0df77d25487faacf500d1604accfc778b747cff6b4f0cb9f16fe9795bd8
58,MAX-056,2,7,83,523,231,176,762691034,53,244652343194,407,38,167306,cfdb6c347b5c864f95282738c29b433646eccf163099320b4bf5e1aced291448
58,MAX-056,2,7,83,523,231,176,762691034,54,245781461954,407,30,167357,3f0fc37a2cb625afccbf2397a7352b4ebc6d0e31c138589a1460608aaa2acc4b
59,MAX-057,2,7,94,17,231,176,258381074,0,184304738954,407,30,167408,445d90b86f8bd6f43da6c1f656e5ffb5651d9f5b0845b4be0972bef1ba54f56a
59,MAX-057,2,7,94,17,231,176,258381074,1,185433857714,407,34,167459,9af39a54295a6a92bc6288de315772baabf3053b142c40f80da3aeff1345c74a
59,MAX-057,2,7,94,17,231,176,258381074,2,186562976474,407,38,167510,9213439515f0897410b05d50be4e3dc82d619c2085905da3badfa78209351926
59,MAX-057,2,7,94,17,231,176,258381074,3,187692095234,407,29,167561,4157a71b6c0e827e2a9b7ef270e7b2334069cf5cb0becc5dfc234e61e191e59e
59,MAX-057,2,7,94,17,231,176,258381074,4,188821213994,407,35,167612,e018f80afaf082231bc66baf8cdafb9bcfeb01b14e0dc5309dd625e529bcfd41
59,MAX-057,2,7,94,17,231,176,258381074,5,189950332754,407,35,167663,76fe97d562a8f928c3009ac40556466f89118e2a0ea8d723eb57c39874082849
59,MAX-057,2,7,94,17,231,176,258381074,6,191079451514,407,30,167714,83b67f60b0d3d1c11e8908c8525950a80912187f183ac3f7f6f784409244b0e7
59,MAX-057,2,7,94,17,231,176,258381074,7,192208570274,407,28,167765,36875f64cd3b81ae673dce3facaf1fb618f08d6a6f8809f0d8add0c762669633
59,MAX-057,2,7,94,17,231,176,258381074,8,193337689034,407,40,167816,c879848273b993005c27dd39f6f62995d5f2799be5fc42e12cae1fc28ca8bb13
59,MAX-057,2,7,94,17,231,176,258381074,9,194466807794,407,43,167867,f729ee115d771cad79575d4f5bc91104c82c051263a874ff2f310a9710eb5b54
59,MAX-057,2,7,94,17,231,176,258381074,10,195595926554,407,50,167918,b9a590e9154088332e63d932725a96f3601763ac5c166da830a52e5f439dfbb4
59,MAX-057,2,7,94,17,231,176,258381074,11,196725045314,407,37,167969,05ae6b0a3f65d68b5fadbde9d89518af7379ef2281c3fd09035cb815c5c26f5b
59,MAX-057,2,7,94,17,231,176,258381074,12,197854164074,407,33,168020,258cd5980601fcdf9daa846266d51becdb81d3ac0ae9301f7edd879ea26f8625
59,MAX-057,2,7,94,17,231,176,258381074,13,198983282834,407,32,168071,934fc7a213f861cbb93f17ac9efde15f649ca17770a239badf698b7de4749de2
59,MAX-057,2,7,94,17,231,176,258381074,14,200112401594,407,38,168122,c6ca0841723a0039aa81ff7974c33c5f99f86684bde17082237686380e89658e
59,MAX-057,2,7,94,17,231,176,258381074,15,201241520354,407,30,168173,80076bf020c84f9f96604fa4d5f870f5003232852815b4048ef3c93c22d4e840
59,MAX-057,2,7,94,17,231,176,258381074,16,202370639114,407,30,168224,2d88371a194ebacfcea788f46295ab43c9c9721420bb88be605ee43bb635f804
59,MAX-057,2,7,94,17,231,176,258381074,17,203499757874,407,37,168275,58f4c7bf4fed1aec7578f7c9c73c06539047ad58a2364e34b62054ad189cbb3b
59,MAX-057,2,7,94,17,231,176,258381074,18,204628876634,407,37,168326,d7aff5b4e49003ffc05d5341139c583f182bfd6000d4a0e2aef29027f019f0ad
59,MAX-057,2,7,94,17,231,176,258381074,19,205757995394,407,28,168377,2d6f9d87d7126c075da5d939a62cb0fb2b00a5b5e5cedfff68f61c328fcbca90
59,MAX-057,2,7,94,17,231,176,258381074,20,206887114154,407,31,168428,6173643355998598dac8e6ca5dcc5d5245a985a970b1c8565be876fe5a4e41bf
59,MAX-057,2,7,94,17,231,176,258381074,21,208016232914,407,27,168479,b72a6ec0701a10ac7b862731ccd98e07c5de5282d55ba1325f342c382a2e5c38
59,MAX-057,2,7,94,17,231,176,258381074,22,209145351674,407,32,168530,56c486a7382753315a347d57fb9a1f976448954ac016fe7b62c7e04ab54d5bdf
59,MAX-057,2,7,94,17,231,176,258381074,23,210274470434,407,39,168581,9d91cfe73cb02e9c865e2cc6922497290406444bf578a48788680b14d0813df9
59,MAX-057,2,7,94,17,231,176,258381074,24,211403589194,407,30,168632,5d04f5f8999a2de18be7f047fa357670ad6ff40ab2f5f933611f27f48243f8e9
59,MAX-057,2,7,94,17,231,176,258381074,25,212532707954,407,29,168683,a2df9ec4f9e95016cceeae1e796a351a24400dc31b513f7451d251adb96a018b
59,MAX-057,2,7,94,17,231,176,258381074,26,213661826714,407,35,168734,abeeb310ea8a1ad2ae83696e35c793c09d4ee22546963d34f9e61f18e37df032
59,MAX-057,2,7,94,17,231,176,258381074,27,214790945474,407,36,168785,3ad885c74a749de8d6671100e40eab600b96b222898e5bc7e92a1695e2a8a936
59,MAX-057,2,7,94,17,231,176,258381074,28,215920064234,407,29,168836,3d3ec5ad30b5d0941de56c4c1e3563a8756c91d7a5171d5b3b12cd5b5a99f40b
59,MAX-057,2,7,94,17,231,176,258381074,29,217049182994,407,33,168887,7324eaca6f2591b82077ed8356552ddc4c6e318293ccc1407f46b339095ce516
59,MAX-057,2,7,94,17,231,176,258381074,30,218178301754,407,34,168938,c8cd5d0c1aa932811bc7d929a5e1a4447f9b31bbb1efaa6317e32ec69bfdf9f3
59,MAX-057,2,7,94,17,231,176,258381074,31,219307420514,407,28,168989,e030408bcc264e86e2d18202e3ac3f6931988d6619da8ee5748fb1195576096a
59,MAX-057,2,7,94,17,231,176,258381074,32,220436539274,407,31,169040,cf7f55a56b3a78cb82ff49a0ab5451e2cb44e6641f3cc2a6735c1f3563dd78b1
59,MAX-057,2,7,94,17,231,176,258381074,33,221565658034,407,30,169091,3477363dd9bc4f0b36627e7ce0cd62c82cb6163eb04748c55f1f111cbbb76c7d
59,MAX-057,2,7,94,17,231,176,258381074,34,222694776794,407,33,169142,8f6d2372a2b4d5f3335c253863fb33ffc22231ba1001d3173b9d19f3b3b391a5
59,MAX-057,2,7,94,17,231,176,258381074,35,223823895554,407,36,169193,9a4fe4944a41c1186a98ef6af3cdc7844c326047c37fef03d9a402448e85a14c
59,MAX-057,2,7,94,17,231,176,258381074,36,224953014314,407,40,169244,90ed21eefcc0d33ca5b46b9c3aac69b612b1317e4eac6e372d785889bf6bbe97
59,MAX-057,2,7,94,17,231,176,258381074,37,226082133074,407,30,169295,b4f7ad96b31ac84f5a83584f37332e464630945067e5c614efce7e9098b5ae57
59,MAX-057,2,7,94,17,231,176,258381074,38,227211251834,407,33,169346,23f982c9ad8d3ef1b707eb59c61c0105cb85a2515725092639469e560dd489eb
59,MAX-057,2,7,94,17,231,176,258381074,39,228340370594,407,35,169397,ca1b29014c2dc49a675123a436bfbe9bc1cb4d63909dd471b25a326bc6e32e04
59,MAX-057,2,7,94,17,231,176,258381074,40,229469489354,407,29,169448,522cfb03c2a573a4c0a01c538dad471beb6d41c072224e54f4b8447c99958ed6
59,MAX-057,2,7,94,17,231,176,258381074,41,230598608114,407,37,169499,55136a98e24353de732eb95db8729b76ac1debf7d818f07b06e1ecbe63d036b4
59,MAX-057,2,7,94,17,231,176,258381074,42,231727726874,407,31,169550,89c8a47f2411b8487a0ec8839f1fb6779d8fac8afd419f3d42acd6532b8cfaa5
59,MAX-057,2,7,94,17,231,176,258381074,43,232856845634,407,23,169601,8043d2607885c46450e4b4272292cd45c08613d7498617f21197d416720eba53
59,MAX-057,2,7,94,17,231,176,258381074,44,233985964394,407,37,169652,34dbdbb66f1da7c662643876799f3a7afe6a15d4c77d562071d6bb772eba41fe
59,MAX-057,2,7,94,17,231,176,258381074,45,235115083154,407,33,169703,484202e47b24267b1a71d374a279fa54582c25a9b83f32a2253f08b5337874b4
59,MAX-057,2,7,94,17,231,176,258381074,46,236244201914,407,35,169754,25baeeb748b63586bed24b4997a1a37cf1132a6f658fbda2e01a5fc486df3f12
59,MAX-057,2,7,94,17,231,176,258381074,47,237373320674,407,31,169805,30e69d3ced15e446b5131cd435d16250b4db32942f7244012d07357b29ff3111
59,MAX-057,2,7,94,17,231,176,258381074,48,238502439434,407,34,169856,4156a7a44abd8cea2410d307f578eb8a8cecf5a2f594e447cf4bc886126c6b74
59,MAX-057,2,7,94,17,231,176,258381074,49,239631558194,407,30,169907,1f489f2ce7f2ee9d0a655af73fe58a6e6a5f2a43f6ef845cf6c80eda34b66575
59,MAX-057,2,7,94,17,231,176,258381074,50,240760676954,407,32,169958,0c9f547c4a1e05a37825cbfb59b017e2acdc20876d4c3be1db3b8fa2925c87ae
59,MAX-057,2,7,94,17,231,176,258381074,51,241889795714,407,35,170009,abce1ad0c08e1665f17da741466193c6a2ed42f64f599d0db7dd267d4153a22b
59,MAX-057,2,7,94,17,231,176,258381074,52,243018914474,407,31,170060,cf939df197cb82544a0fa5b07410f0c24e126360b83ec2ddfb4c6aac82c111fc
59,MAX-057,2,7,94,17,231,176,258381074,53,244148033234,407,42,170111,a9e87b395bf5ed7b389d859822e9d4614b5fb0263bd623e158fcf92963f16d50
59,MAX-057,2,7,94,17,231,176,258381074,54,245277151994,407,31,170162,c91b655eb6e417c72685505c1e8f4853478c5003c570a20009d5a067c137da29
59,MAX-057,2,7,94,17,231,176,258381074,55,246406270754,407,40,170213,899ec5c2265b2e62974f06f8b2ddbba2fa9575bb23a49e450ce96735441ba35a
60,MAX-058,2,7,94,40,231,176,62012594,0,184108370474,407,37,170264,2340623fb73e88bae0c435c1ef4aecd2e6cb343b4d1728bbf1543660bd6a386f
60,MAX-058,2,7,94,40,231,176,62012594,1,185237489234,407,43,170315,c86cfeddf68d3b2a83b872de9969ce3edfc5c16cb55cf455d47b59a59187711e
60,MAX-058,2,7,94,40,231,176,62012594,2,186366607994,407,25,170366,4c6cf18cceba2dd4cabbcafcf5a5573667a2d0cf1dbe8d44d9f9a0a40d28494b
60,MAX-058,2,7,94,40,231,176,62012594,3,187495726754,407,28,170417,b3326ccc599d9f39eadbd3a9bdc1003ae5d97640a29b27317ffcbf53b6c69b38
60,MAX-058,2,7,94,40,231,176,62012594,4,188624845514,407,41,170468,f69356b7085adb9040ed248572d8a6ab2bcf65fcc5ae6a424b139c2c964f82e8
60,MAX-058,2,7,94,40,231,176,62012594,5,189753964274,407,34,170519,6f1849a948fe3c05cd912636a6b38eeaa4cd486b7db77d83e7f627e79820e71a
60,MAX-058,2,7,94,40,231,176,62012594,6,190883083034,407,34,170570,f3cd45f0b7c0208c5763343051108555d2128892818fee1a6b5663dcd7331eff
60,MAX-058,2,7,94,40,231,176,62012594,7,192012201794,407,36,170621,fcb225609a0ff077c1554ac37d527856916ebfce24ccdda9fa3217a4fca7ba64
60,MAX-058,2,7,94,40,231,176,62012594,8,193141320554,407,33,170672,27e424b4edf2c48a2528b0ba2d0554abacc0bc90a2ce7a98c52cd474228f85fb
60,MAX-058,2,7,94,40,231,176,62012594,9,194270439314,407,37,170723,d70c24a173cce5cad421d34e4faac7f14aa48c3970156971a61db348fc712608
60,MAX-058,2,7,94,40,231,176,62012594,10,195399558074,407,36,170774,30588a80270cc0c702fac5b3c947c8c7f2b9dd25d73d4f66e16d8629772acb0b
60,MAX-058,2,7,94,40,231,176,62012594,11,196528676834,407,28,170825,58f1fec94182e3553d75c10de954c9cc06bfa59c075fb9f4f8cf2c6ff7ac53bd
60,MAX-058,2,7,94,40,231,176,62012594,12,197657795594,407,34,170876,9c2be0f46d65def69e9c520b9e25749696a872a937f3c7ff5cc8f06027b36ff6
60,MAX-058,2,7,94,40,231,176,62012594,13,198786914354,407,36,170927,88022159983eea6b41b69e2995c0a0113aaa8e9f89fb62c0d3e324d01ba60aca
60,MAX-058,2,7,94,40,231,176,62012594,14,199916033114,407,36,170978,a4ac00ac8432524fb05874f977c14b781c792291132952c061eb2c28858a7c99
60,MAX-058,2,7,94,40,231,176,62012594,15,201045151874,407,33,171029,c0282afd18aaa5be42c902cfc7f4380a45ec477fd88b49db1f82c7df4fa0bc1b
60,MAX-058,2,7,94,40,231,176,62012594,16,202174270634,407,40,171080,4be0fd5d56e314aa7cccfa36290a147b32fec0649087b2158496a74bd0981f56
60,MAX-058,2,7,94,40,231,176,62012594,17,203303389394,407,31,171131,c2d9b99df3afd62dc31384fc1374ea9f8963377a42d0d348afc62de45f4f9a4b
60,MAX-058,2,7,94,40,231,176,62012594,18,204432508154,407,42,171182,925e8a32cadc469131222f1d1a92dee2b7fb89906bd8de0d86a5687031673514
60,MAX-058,2,7,94,40,231,176,62012594,19,205561626914,407,37,171233,037b176284552e0818e8ca177492538a471186527e66f570afba514eda375d9b
60,MAX-058,2,7,94,40,231,176,62012594,20,206690745674,407,30,171284,04137f33cfa7114c210253d3554dacb216db2891cfc5cfa8edaccd21fb5f58ec
60,MAX-058,2,7,94,40,231,176,62012594,21,207819864434,407,28,171335,e27c001e88cbf2dee21886ff7614854a0ca38eee55be91386f5324b60da651d8
60,MAX-058,2,7,94,40,231,176,62012594,22,208948983194,407,38,171386,a009ed70cca56ab3dc10ba53ec6f216412801322214fbb282ba39fa03eb7287d
60,MAX-058,2,7,94,40,231,176,62012594,23,210078101954,407,25,171437,fcf159783ca57a2cd5113ce759d37a0cf41b3942b2ca2c3699de3b6b46998bfb
60,MAX-058,2,7,94,40,231,176,62012594,24,211207220714,407,26,171488,031494ca93c3e64f2d4addd0bd631fd3fb712ac33a003f4207cd20b00ff31c77
60,MAX-058,2,7,94,40,231,176,62012594,25,212336339474,407,39,171539,fb1dabb0b03e3e4ea0977096535964c7b7c9bc98ac2122b5ffb95a6895d3457b
60,MAX-058,2,7,94,40,231,176,62012594,26,213465458234,407,29,171590,7099d43ad7e1482a6a6c7e087a08af33a941d312bd716a0e91c0fc38e571e372
60,MAX-058,2,7,94,40,231,176,62012594,27,214594576994,407,29,171641,5dcd1f2228ab477263e30586bb887ab2c1ed9b2a17362a25ff4b8a6a318847c6
60,MAX-058,2,7,94,40,231,176,62012594,28,215723695754,407,39,171692,cc923d94a3e0ea7c57d0ad2d0edfc21052dfbbec5cf27273a6e8748e5a9a4eb5
60,MAX-058,2,7,94,40,231,176,62012594,29,216852814514,407,31,171743,2bad832e06edbaa6a5f7536bd55ee6d8ce5b49e97808143d0ea1470cb3eaf172
60,MAX-058,2,7,94,40,231,176,62012594,30,217981933274,407,37,171794,2a0e91be8b1ea871777cbf3351a8fbd64f975ed6340aeaa629f24f5f6ebad0c1
60,MAX-058,2,7,94,40,231,176,62012594,31,219111052034,407,38,171845,c30ebac8e400087a2a411a94a842c607856204e2829e9ca1c44f8adfde494b04
60,MAX-058,2,7,94,40,231,176,62012594,32,220240170794,407,27,171896,6d5476c492d4c509627a0671599ca2b8b72b8468f0f62aeb448d8bd5e5131f39
60,MAX-058,2,7,94,40,231,176,62012594,33,221369289554,407,27,171947,c36aca9694f886902117e953d56edb69d87ccce83bb51d319f7375bf71ad0eb6
60,MAX-058,2,7,94,40,231,176,62012594,34,222498408314,407,34,171998,ce533007376a9c1f988348a9106d7dbd2b09accfd7c3cb750cbf7967171ccf75
60,MAX-058,2,7,94,40,231,176,62012594,35,223627527074,407,31,172049,18bc3b0602ce37853e332b6b890173b473e8aee6fa3f176256d59ba9ed87ba6d
60,MAX-058,2,7,94,40,231,176,62012594,36,224756645834,407,40,172100,0419e9261d89daff1ce76a2f2eb201b2902b9d75f750112184fa9d3dfb4ffdee
60,MAX-058,2,7,94,40,231,176,62012594,37,225885764594,407,31,172151,4b1860cefa1a9156257bb8be8a75f465c5fb798a1fa6c903ab699575023b389d
60,MAX-058,2,7,94,40,231,176,62012594,38,227014883354,407,37,172202,7c67556559302c0656f4783cfec961432bbaf8590a6435e03ff9e4e858e4a01e
60,MAX-058,2,7,94,40,231,176,62012594,39,228144002114,407,28,172253,070592f31411ac7b8e0e1de222ca4c7f73b4efbe9c19c4c83daf1d24ad36f875
60,MAX-058,2,7,94,40,231,176,62012594,40,229273120874,407,46,172304,fc02fc9bf2a40bb6c889bae310b23ca2abf3209a5cf4fc8dc1500522d5605050
60,MAX-058,2,7,94,40,231,176,62012594,41,230402239634,407,27,172355,1c6d1e9ab93f2952108a551e5a066ada1650a27a2448f6d038a07c890c32e295
60,MAX-058,2,7,94,40,231,176,62012594,42,231531358394,407,33,172406,8f68d28b6298f5f9f33fac4f3a598d6ea41fbee21f0da3d0cccdfc860db30579
60,MAX-058,2,7,94,40,231,176,62012594,43,232660477154,407,37,172457,f5e8bcd5c11e48a70f4969beb1f6a3758438e147f10461d001d8d8d996316453
60,MAX-058,2,7,94,40,231,176,62012594,44,233789595914,407,37,172508,a7eaaaede203c3d1afe1f509b058c31aa708001186e6c49ce9835e32872a1f6c
60,MAX-058,2,7,94,40,231,176,62012594,45,234918714674,407,34,172559,23dd2da5b8b1bae89fc2be99f3171441f288cae7d5f6546cb8578aac5a4322eb
60,MAX-058,2,7,94,40,231,176,62012594,46,236047833434,407,36,172610,afa8045ceddb2537cc3572ad6f944e103415ea39b55b580176340141454ac05a
60,MAX-058,2,7,94,40,231,176,62012594,47,237176952194,407,32,172661,0b37b842d072a0fff690ab936655b1cbf4582505b542af141ad3045929d4a9cc
60,MAX-058,2,7,94,40,231,176,62012594,48,238306070954,407,33,172712,e1e6cd638ce3f02bc60fa2a2de8989fdeef9557d6ea7597cf7825712a270cb6e
60,MAX-058,2,7,94,40,231,176,62012594,49,239435189714,407,46,172763,9382c1aa2a6d133355a0ec903d3792677cb81e59f141e4c1aed5fe51df9c7a86
60,MAX-058,2,7,94,40,231,176,62012594,50,240564308474,407,41,172814,f281a43d2a3986d114d8214c24b1bfda81199bf0ab0ce0986c61f28ad5fe5cee
60,MAX-058,2,7,94,40,231,176,62012594,51,241693427234,407,27,172865,73b54ef7ef17c131ad6cdfd97b3bf87da459d127fc9983a98bd4e503d4c0a6ee
60,MAX-058,2,7,94,40,231,176,62012594,52,242822545994,407,38,172916,8963782256dd81146523c19c9e26b3ee742a3576812d54462f067a24b6a93f48
60,MAX-058,2,7,94,40,231,176,62012594,53,243951664754,407,29,172967,a30830c63d2b7b719b8157c81841d5687706ff31e238d9a36aa1300c9b1835ab
60,MAX-058,2,7,94,40,231,176,62012594,54,245080783514,407,36,173018,0460c4aeba08092dd1daf6e0f0e11462d7d887df27f59e11cb48370832ef8b62
60,MAX-058,2,7,94,40,231,176,62012594,55,246209902274,407,36,173069,45f05b85438b56f1a63da8c875cd052bbc1d7523d420ae81938312b61eca5b4c
61,MAX-059,2,7,94,109,231,176,602025914,0,184648383794,407,34,173120,1f621cd235695ce0d68ac440217b1eca543f7a7712fd1123c9ec3c2505c592b3
61,MAX-059,2,7,94,109,231,176,602025914,1,185777502554,407,33,173171,7a733a45891207a2feec283ddf2ab0278460be8c775bff3a6d164f22487ec6f7
61,MAX-059,2,7,94,109,231,176,602025914,2,186906621314,407,25,173222,f876eabb19bd556db932d0e7bda6d2e5b562e5aa88ed649385f3121ac8364a73
61,MAX-059,2,7,94,109,231,176,602025914,3,188035740074,407,40,173273,accc4909ec27c0e48586d8de432f5d9e5256ecfff0b2696ba4a31b83652b7d83
61,MAX-059,2,7,94,109,231,176,602025914,4,189164858834,407,32,173324,6025de1f4168c26fd7cd6bfb42f83234c3e01aa42111b27acef75b01787d1066
61,MAX-059,2,7,94,109,231,176,602025914,5,190293977594,407,31,173375,e86d2e326bcceda59200ec9a81433f4f8da556e5a84d1e6ae87d5339fa5e2786
61,MAX-059,2,7,94,109,231,176,602025914,6,191423096354,407,34,173426,72e7dd3ae2258a6881bd929ff2cb6edbbc0d4a6f9ccb1f08d6390bc3aceca3d1
61,MAX-059,2,7,94,109,231,176,602025914,7,192552215114,407,30,173477,5f04965d3535e8340914c627d4935f110fa1384f6ad63c8a221f4dcb0a0e0681
61,MAX-059,2,7,94,109,231,176,602025914,8,193681333874,407,35,173528,2a38634b526b28beb5a6a2ad445b9e3d7e2a86e72a3f2cf86afde796d7124153
61,MAX-059,2,7,94,109,231,176,602025914,9,194810452634,407,39,173579,43e885b97a86b8ad67fea63017f40d6981465b134335acde78553dc1e577ba45
61,MAX-059,2,7,94,109,231,176,602025914,10,195939571394,407,28,173630,37a6af9a5886462598c514ef91c9b3bd4e589176f1caf3595d3f91d80ca596cd
61,MAX-059,2,7,94,109,231,176,602025914,11,197068690154,407,32,173681,aed8525d56ce1cbe9efffcc6d8e19314f4d459dd5c03ec9770e4a17c108f78ac
61,MAX-059,2,7,94,109,231,176,602025914,12,198197808914,407,40,173732,324744d4da22fdfbfbf0d9279b1cd4d5c5cf21d2a31ae66980bc6b43814668ca
61,MAX-059,2,7,94,109,231,176,602025914,13,199326927674,407,37,173783,d535eadb242217977a906e3dee35ac016b2fe5cd452d83d2ceb5ec82b4c073d6
61,MAX-059,2,7,94,109,231,176,602025914,14,200456046434,407,39,173834,928dee24171a6a67700b48602ff0fbb8170293d10f324dd3ace9034bab41bad9
61,MAX-059,2,7,94,109,231,176,602025914,15,201585165194,407,33,173885,6baa51a4c4194a67972cef0af02e0b7309173f1b9a6796f94fe8b7caab272db6
61,MAX-059,2,7,94,109,231,176,602025914,16,202714283954,407,30,173936,1fb0d8cc0ffb3f83ba7417297317a8e4a00b54a83b52c3fb9108c43ba226f6e4
61,MAX-059,2,7,94,109,231,176,602025914,17,203843402714,407,34,173987,c719f3a7e67e8606a69a206d0d6eee5dc4ffbce882f262f8b9669435462e8bf0
61,MAX-059,2,7,94,109,231,176,602025914,18,204972521474,407,31,174038,02d710fdb7a330f217c4db9a2035e92803f07e2c5386b88bc41b48bba43f16ae
61,MAX-059,2,7,94,109,231,176,602025914,19,206101640234,407,31,174089,94e50d33709b218c55a758ad5a121960415862b3982a1e07c0a9e02d8637aafc
61,MAX-059,2,7,94,109,231,176,602025914,20,207230758994,407,37,174140,326f8439a43a7f852d295e0b23f68a2756cf500fb66eeeff3cf1059004035d01
61,MAX-059,2,7,94,109,231,176,602025914,21,208359877754,407,38,174191,6bd36c50a5d188c8f0fabb98df2bf7124eaf39f7c5f9c2f43fde58f86fab0246
61,MAX-059,2,7,94,109,231,176,602025914,22,209488996514,407,28,174242,e0736c7040991ce953ca0edd3b43965c5a51805c1c78aa0533e164fc0ff42b36
61,MAX-059,2,7,94,109,231,176,602025914,23,210618115274,407,33,174293,142f9fd72414762b1320ecd8ca972e4a48ea0bcf7991e4fce3d871720c7c466c
61,MAX-059,2,7,94,109,231,176,602025914,24,211747234034,407,37,174344,a9b285fab81a497466ed90004e32edb4a19fcc0958a25c8c54ddd91f1476242b
61,MAX-059,2,7,94,109,231,176,602025914,25,212876352794,407,30,174395,4310fbdd556d4a2f52d5f443c54501f2b122ee1346578d6948b41e6a7711258b
61,MAX-059,2,7,94,109,231,176,602025914,26,214005471554,407,31,174446,e3385db1097a437746f2d057c012da6fccd7e14fc51de2695d0505978d783a04
61,MAX-059,2,7,94,109,231,176,602025914,27,215134590314,407,38,174497,40d437ce969221741d7b73ee0278cbb75320bea2ba61fe23387b31cf031c8c22
61,MAX-059,2,7,94,109,231,176,602025914,28,216263709074,407,30,174548,e69a6ad13aa919bd66bfd6b2b7844796639794183b222b4c20c4e6c4e28894fe
61,MAX-059,2,7,94,109,231,176,602025914,29,217392827834,407,31,174599,5df969e120f0590408303a821c960098bcddeecb96c533b3458c554340093ef8
61,MAX-059,2,7,94,109,231,176,602025914,30,218521946594,407,32,174650,3df401042570237481160f7be62abda57cbed37f274127eedb7f98e781540d23
61,MAX-059,2,7,94,109,231,176,602025914,31,219651065354,407,37,174701,95eb23668d94e457a7d2505f64313c213e4a47019e2c2d8f97815accd8e982de
61,MAX-059,2,7,94,109,231,176,602025914,32,220780184114,407,41,174752,b9d7a25e3171e65ee87e6ebfd329c1969a2e13d05c6c8b7419809b5b5a1a32df
61,MAX-059,2,7,94,109,231,176,602025914,33,221909302874,407,35,174803,c9de292880d2e81dfa1b664152f1becf26d8a3641ba7ffcfb69a57bb81912337
61,MAX-059,2,7,94,109,231,176,602025914,34,223038421634,407,31,174854,ff2be9c3bffe5f2e5e148e14dd660d13ac244cc9b12a70572ca7c5632b8e0152
61,MAX-059,2,7,94,109,231,176,602025914,35,224167540394,407,36,174905,37de51ccd68639d0f04e9803b450013cb980d0816958ab73b4792c4d1b06531c
61,MAX-059,2,7,94,109,231,176,602025914,36,225296659154,407,36,174956,9c18b749cec3ec278f094eb27f6298ac78a3a90b8fa2443ab6ce5c660b32425b
61,MAX-059,2,7,94,109,231,176,602025914,37,226425777914,407,33,175007,2273cc627b03535f82e1e9573ca5e9394da8e1ddd947327b11c815f4105ad844
61,MAX-059,2,7,94,109,231,176,602025914,38,227554896674,407,35,175058,f0b33e62ea8bff3cf0c62f5f9a9cc582db92639539f35a05bb34283dfc6a6697
61,MAX-059,2,7,94,109,231,176,602025914,39,228684015434,407,33,175109,2c8f1935a70a125caa4db6167ffcc0b0f87de6002bb78c955a7d78bb9f24b36a
61,MAX-059,2,7,94,109,231,176,602025914,40,229813134194,407,31,175160,0161384994ed2ff74bfd11d6b53b5456afaf59c60e76bcda638ff5554fead902
61,MAX-059,2,7,94,109,231,176,602025914,41,230942252954,407,22,175211,9096046b85af8498ee0ec84200741eb4bbad31db389082280003da7365030d41
61,MAX-059,2,7,94,109,231,176,602025914,42,232071371714,407,35,175262,4295bb00ac0fb5d654edde8c21e96d8adfee8614abb66faf4cec16de98a7f6d0
61,MAX-059,2,7,94,109,231,176,602025914,43,233200490474,407,30,175313,895dc1577701595e77b3c99a7c576e9e4912485c7221b211c014f14e85c8a177
61,MAX-059,2,7,94,109,231,176,602025914,44,234329609234,407,34,175364,990e4253bb4e6d8d51a74f6a106e2551f49fae33eb246215797d3dd0114dc995
61,MAX-059,2,7,94,109,231,176,602025914,45,235458727994,407,34,175415,68ee56d010c17990db6ed649b8dbbcb428c5009e01fd9f0b924d8852aeb310cb
61,MAX-059,2,7,94,109,231,176,602025914,46,236587846754,407,29,175466,c7c81a898c9288e362327cf030bda5708264f280568a210a91d1fdd63885009a
61,MAX-059,2,7,94,109,231,176,602025914,47,237716965514,407,36,175517,cc5cfd247ebe4dcb92d732ed99b22d55b1c8bdd7df1655fb040354764ff0f48f
61,MAX-059,2,7,94,109,231,176,602025914,48,238846084274,407,34,175568,5206501284a1aa6d86b945d0bc1a538c8e6bd24fcf8e2d3b53bea319ba901459
61,MAX-059,2,7,94,109,231,176,602025914,49,239975203034,407,37,175619,ccf906e05304c69432058f7fa2e9cf0370b3842b6bd11ee37862e68855662e21
61,MAX-059,2,7,94,109,231,176,602025914,50,241104321794,407,42,175670,a0b833364f6a559e8192297cf150bdfda41e2a25ddcccda2b44c109251c02ac2
61,MAX-059,2,7,94,109,231,176,602025914,51,242233440554,407,39,175721,1d6759d984bf10d8cca3d5a6190846da26fced65e5829509feac11d05b4ae597
61,MAX-059,2,7,94,109,231,176,602025914,52,243362559314,407,31,175772,d1d67db6b274359a640cd73e56e66041fb2d24550ee968abf4d4a256a599f3ad
61,MAX-059,2,7,94,109,231,176,602025914,53,244491678074,407,30,175823,2aa85686f4d3d00a73270e8a1e8268a7adcccb1ae0ed81d93d29babc7306c66e
61,MAX-059,2,7,94,109,231,176,602025914,54,245620796834,407,33,175874,1786d7f65f3f325096ad4aa141f789375e52bcdf20833714cb1a70fc3e014b53
62,MAX-060,2,7,94,178,231,176,12920474,0,184059278354,407,40,175925,8f77687ed83c4bf12622872f5af5fee1ca0c7140b8809f4b94f96b4ea67e94b3
62,MAX-060,2,7,94,178,231,176,12920474,1,185188397114,407,47,175976,f6e8198373651219308291ec4524f35e5a79479ae301d63c54316effb1f98823
62,MAX-060,2,7,94,178,231,176,12920474,2,186317515874,407,39,176027,03ff4e377f507d62062edbe895d0e42228b3678f814a31acbd230503a23f44a9
62,MAX-060,2,7,94,178,231,176,12920474,3,187446634634,407,38,176078,fd0a133bdf8c6dea8626a179fe966ec467f5e18eb5cc6b239767e19a39252578
62,MAX-060,2,7,94,178,231,176,12920474,4,188575753394,407,35,176129,ba3b87a88e18d440d7f5dbbef15847429c2a469c20cbb4e51b1bb5800059e149
62,MAX-060,2,7,94,178,231,176,12920474,5,189704872154,407,28,176180,ed4c678d815fa4b2c3acf373a974c54e29eef5cbe7b0923e1a570543b6bdc937
62,MAX-060,2,7,94,178,231,176,12920474,6,190833990914,407,34,176231,4e3a85b55189de76b48aca7f6c8fb99e9e191939760e3ca0b4fdc84df96f8543
62,MAX-060,2,7,94,178,231,176,12920474,7,191963109674,407,37,176282,ab08e1d8ca84b208597d6e8316ca52f799b1ee7ef767905bcf4bccdc776e6aea
62,MAX-060,2,7,94,178,231,176,12920474,8,193092228434,407,33,176333,2a95ad278cdbb03772fa0ae94ed7cb4aa678a30afc41271db4eb64b4f77c0c4e
62,MAX-060,2,7,94,178,231,176,12920474,9,194221347194,407,39,176384,a0be8f7e70c4211a7e31cbc2dd0e821a3111bf4ea2613e6195edeb3438bf317b
62,MAX-060,2,7,94,178,231,176,12920474,10,195350465954,407,31,176435,d19baffe10df3bfef5748f66372d1d0930dca986cf046d9935814fe392bf6a81
62,MAX-060,2,7,94,178,231,176,12920474,11,196479584714,407,37,176486,c06d839e2ed851ee5e5378b21f850bc69367405e0565980a8b21dc9941ef5ea1
62,MAX-060,2,7,94,178,231,176,12920474,12,197608703474,407,34,176537,f88d9918a7970dd259fdecf62d2da66ea14fe650d6836c2a3ae6266816a7ffab
62,MAX-060,2,7,94,178,231,176,12920474,13,198737822234,407,31,176588,e1714875d7a0930361d7655ea8258ffbc13c8bf4c25848c1b6ca21f91bd0af6a
62,MAX-060,2,7,94,178,231,176,12920474,14,199866940994,407,30,176639,8bf2e8bb7df88d8b30d1df92a35add0de9881dd41f8b4c94972a7ba622abc429
62,MAX-060,2,7,94,178,231,176,12920474,15,200996059754,407,35,176690,324576f2c48bdff85cbe8144e373960dc2cd1b958474450c6e8dc89f7594f8e6
62,MAX-060,2,7,94,178,231,176,12920474,16,202125178514,407,34,176741,9a03bab6bdd8d9718bd4ad1d4411819bd00161f9ad01bd8e3c59173e9f1ee4cd
62,MAX-060,2,7,94,178,231,176,12920474,17,203254297274,407,28,176792,9099b09bc40816862c5bee62ae1a36b14c7fd64c53db71ba0a7a9a412cddd05b
62,MAX-060,2,7,94,178,231,176,12920474,18,204383416034,407,34,176843,6c76a91b82010ab2ab567d4684bfb5ff5de818054277376b1c94960888018067
62,MAX-060,2,7,94,178,231,176,12920474,19,205512534794,407,38,176894,e0303c77110f5fa5b7bf8a3e640bfa028928321d19dbc6c23c9cf0afe5dff019
62,MAX-060,2,7,94,178,231,176,12920474,20,206641653554,407,37,176945,10528fbd8310991db9906d02f0368e3cbefd22ed185746cd44e91f71a7c5b56b
62,MAX-060,2,7,94,178,231,176,12920474,21,207770772314,407,34,176996,4592d6d667d6923eb37c73f34f3960a988203a865ed5fa52a9ff637a693bf709
62,MAX-060,2,7,94,178,231,176,12920474,22,208899891074,407,29,177047,dec214e237151f024d328cbcd49a6150651aa938e6caff24049bc6fe8322e136
62,MAX-060,2,7,94,178,231,176,12920474,23,210029009834,407,34,177098,f428124b53b86cb8a9fcc15f287c085ad8ec97fb44073e24d74c942aca779e1e
62,MAX-060,2,7,94,178,231,176,12920474,24,211158128594,407,35,177149,d15c59d6f997bd7b5c59e9dc98042658edafd71ece82fbf98920374300ca5753
62,MAX-060,2,7,94,178,231,176,12920474,25,212287247354,407,21,177200,07cfca405e45b9d2f809c5547f2838c73845f6103f1ea79d98134d0802193429
62,MAX-060,2,7,94,178,231,176,12920474,26,213416366114,407,37,177251,d2235158e454a8fdb2438dfea4a94dd3e17369c6369abbfa1cbda01e541a14e3
62,MAX-060,2,7,94,178,231,176,12920474,27,214545484874,407,32,177302,ab3e4c5192ae7a296bee0f1094db09a7c6c84827763078b2c126a408cfd15ce0
62,MAX-060,2,7,94,178,231,176,12920474,28,215674603634,407,35,177353,8ad2fcc1371a50decd2515820fdfa979ef924fc4244a7b98449460bfd3d9c6af
62,MAX-060,2,7,94,178,231,176,12920474,29,216803722394,407,37,177404,9b3193e4d87d8209157cc9c766a95b1d1ef98b6816d5cce9db35720cac0e3ae8
62,MAX-060,2,7,94,178,231,176,12920474,30,217932841154,407,33,177455,290046f387f00a2e43ff97943e97de5f6390b04601acb8450926149e3786347d
62,MAX-060,2,7,94,178,231,176,12920474,31,219061959914,407,31,177506,e1b75de1122d1a32b9a5487d3f7002364be07905539ce40e478a98f8cf5e6af7
62,MAX-060,2,7,94,178,231,176,12920474,32,220191078674,407,25,177557,732fbad195f668e92a8b7a965ae978768dab0848cc6cfe2250939d37da96e95f
62,MAX-060,2,7,94,178,231,176,12920474,33,221320197434,407,38,177608,c93d265aabce95591c086033ab1a11b4ab7dd0ae820ac860ad3116e141562ca0
62,MAX-060,2,7,94,178,231,176,12920474,34,222449316194,407,21,177659,1d893cb1f137bda090b00db3912a0cebdcfac635dd4e40a3ad69f863276de963
62,MAX-060,2,7,94,178,231,176,12920474,35,223578434954,407,27,177710,bb46562dce5a0b0fd42299d082894130272b7a8877ee39c13138c1291fa6585b
62,MAX-060,2,7,94,178,231,176,12920474,36,224707553714,407,39,177761,bba6e13e7b255da61938d6ffd99750237fe683452321effd9e7bead0e5a6007a
62,MAX-060,2,7,94,178,231,176,12920474,37,225836672474,407,34,177812,7e689f9986be7589acb64464bb6ad109c580e0c17cfac0c9585118efad7e8516
62,MAX-060,2,7,94,178,231,176,12920474,38,226965791234,407,32,177863,c64e6450d6deb15841e0c1e7d79be4c340c7ec7c0f6e64afb7cd2c4e9c3b35e2
62,MAX-060,2,7,94,178,231,176,12920474,39,228094909994,407,29,177914,dafe62ba3e7e30e69950c826ab93e2a3cc0997fd8c030dd5ea6be62e06a45560
62,MAX-060,2,7,94,178,231,176,12920474,40,229224028754,407,29,177965,c5ae40574608aa3a68333c71fc5d5efb5be547effc85746a4f69703f85000660
62,MAX-060,2,7,94,178,231,176,12920474,41,230353147514,407,33,178016,641bc5760c5b07eb9e0e9b830e17daf71f921bdc33b1d6221d59d30d09834014
62,MAX-060,2,7,94,178,231,176,12920474,42,231482266274,407,33,178067,3fb1f7c2770f08f459c1c0a69150f898e6b8076934a7e16b0e45b19db918c688
62,MAX-060,2,7,94,178,231,176,12920474,43,232611385034,407,37,178118,25039db280c43139a41480b3003e50d3b8e8d6d84887e8f41edfc6005af048f4
62,MAX-060,2,7,94,178,231,176,12920474,44,233740503794,407,21,178169,f799bb54d21be27873c2b1adf1e9cc50f6fc8c0a2677b8404772ef491a032881
62,MAX-060,2,7,94,178,231,176,12920474,45,234869622554,407,35,178220,5e242b233c9c96b93078e230fe10bd5178b82f5e6ebcc351d3a85f082192f1fd
62,MAX-060,2,7,94,178,231,176,12920474,46,235998741314,407,31,178271,a847062780ab60cd86c8f9f434e6f43d22466323a05bc7bf8c9f51ba9fa535e2
62,MAX-060,2,7,94,178,231,176,12920474,47,237127860074,407,28,178322,d35ccf822bd1af819343f8d7dd86ace33fc0ddba230be5664aac7465ef4c6460
62,MAX-060,2,7,94,178,231,176,12920474,48,238256978834,407,31,178373,4c2dddad7032007c9cb3bc14c861db656472a1e93939eadc974b1e93425f87a6
62,MAX-060,2,7,94,178,231,176,12920474,49,239386097594,407,33,178424,0c85ef071ae1e4e96249b0fd89c7124c00e126a73223123310668eb9eb70ceab
62,MAX-060,2,7,94,178,231,176,12920474,50,240515216354,407,31,178475,c9701babfc11c282e0a6206dffc3016cc601c16be9e7eeee13e54d22a00cad06
62,MAX-060,2,7,94,178,231,176,12920474,51,241644335114,407,38,178526,0bf4b0b5f34f5461188c85a8b5ec9bfbc4a6dd09003c8939fea9f382036d8c74
62,MAX-060,2,7,94,178,231,176,12920474,52,242773453874,407,34,178577,e72558cba078863f73a575356430e54c7b86df6772f12815e062ff61d53635ce
62,MAX-060,2,7,94,178,231,176,12920474,53,243902572634,407,37,178628,f5884e39eca29348ab8439cc1594789ada53665b63d1c5291fd8c9ad02ab936f
62,MAX-060,2,7,94,178,231,176,12920474,54,245031691394,407,40,178679,ddb261eadf65f4d9fefe4c1d6fb740c68a1bc2b349a3ebb59d4e59f5e31297e9
62,MAX-060,2,7,94,178,231,176,12920474,55,246160810154,407,31,178730,c48d71aa1a1e7994c6b566d4296681421d6027abec2b6cf83b7633c144fed522
63,MAX-061,2,7,94,224,231,176,749302274,0,184795660154,407,37,178781,0afcdffca35fe8dfcd135aac978d33a045be9782f97a4fa71e1798cc31e20bc5
63,MAX-061,2,7,94,224,231,176,749302274,1,185924778914,407,29,178832,3f09306564002f4886a41598899249b61a3e7a7c025f52372442be69b3e15577
63,MAX-061,2,7,94,224,231,176,749302274,2,187053897674,407,39,178883,a12ad457870e6894f7c6348cf80ac368efc79d64b05e1cd7b879df3c916fb7a7
63,MAX-061,2,7,94,224,231,176,749302274,3,188183016434,407,32,178934,a41784cc72e94fa2b4074ecb20f8890726f9854fb7fc9c3269c99a1d417ce229
63,MAX-061,2,7,94,224,231,176,749302274,4,189312135194,407,29,178985,0a3a6b24d3b454dc7189744ef205a1ba1ce6607d348d30486db9088359b3ff6e
63,MAX-061,2,7,94,224,231,176,749302274,5,190441253954,407,30,179036,e038d7f93c3bfb96d1af28eb30ac76048e770e32b976b7f26880fad34ad63377
63,MAX-061,2,7,94,224,231,176,749302274,6,191570372714,407,39,179087,80b328dde3f64a24c97a9c26080fa965fbc27420e8fec413b25665525acbd3f4
63,MAX-061,2,7,94,224,231,176,749302274,7,192699491474,407,38,179138,7e91bdc8b271fc01dfc51e95c48149b1a5ba8445e9381ee9ff13d8a250ca78ee
63,MAX-061,2,7,94,224,231,176,749302274,8,193828610234,407,38,179189,bd37d7b2631aa3d5e1b1d375e48f42f0119399942240875181803a88213b1b5d
63,MAX-061,2,7,94,224,231,176,749302274,9,194957728994,407,31,179240,cca82ca2cf60ea5002a852fa38b65bcb2a71d148f8b86e262a2374d0dd474976
63,MAX-061,2,7,94,224,231,176,749302274,10,196086847754,407,32,179291,88250f1304da524e7b7920609aaa9bb417b1e7f81b7a6d3d3f8a82f47c092eb2
63,MAX-061,2,7,94,224,231,176,749302274,11,197215966514,407,27,179342,a9d258507d39caa89562519b12afc3287cc91f1a366524d142e597e955a7c830
63,MAX-061,2,7,94,224,231,176,749302274,12,198345085274,407,33,179393,e2f0665fd9bb3d29149260ba20a8a5afcb6a7ccb261e672f0be1a361c157058d
63,MAX-061,2,7,94,224,231,176,749302274,13,199474204034,407,28,179444,81d858ddfae9950df557775adc3b2643130924dbe4cef09351cf94588daa6017
63,MAX-061,2,7,94,224,231,176,749302274,14,200603322794,407,32,179495,12c1c4477c62398468ef4bc6d6564d8e9137557e012c41276333f8e034203768
63,MAX-061,2,7,94,224,231,176,749302274,15,201732441554,407,33,179546,ca201621f1d2c1972897c2271fd414c0b87d764e5fc90fda3edab1a4561612e5
63,MAX-061,2,7,94,224,231,176,749302274,16,202861560314,407,39,179597,237d53ebd27a29734d9cc216f31274a7f4eae0b958685f745233181118716dc2
63,MAX-061,2,7,94,224,231,176,749302274,17,203990679074,407,29,179648,ae7e0f5513976baaa99207559ae4b8d4b6232ca83df223de98b2581bbc57d926
63,MAX-061,2,7,94,224,231,176,749302274,18,205119797834,407,34,179699,b1b62336579acfe5cea322c5fe62b6babb96ce6a04e1d07df24bf27d1f64e55c
63,MAX-061,2,7,94,224,231,176,749302274,19,206248916594,407,27,179750,fedd2ee0470deacf6d234a69638d6c1dfd7ca4546721eba096dad90d5db492de
63,MAX-061,2,7,94,224,231,176,749302274,20,207378035354,407,30,179801,3468dd19d576f6068487c15deca51114f6c4a2140dbcdb9f0d03fa73aef99e9c
63,MAX-061,2,7,94,224,231,176,749302274,21,208507154114,407,23,179852,b0b43117deb1ae6d0526698056d19bf6766c6b078b7f0e9797af563da8a79faa
63,MAX-061,2,7,94,224,231,176,749302274,22,209636272874,407,30,179903,ad272ed073271f22598cf39cb9348a7097ce270bb8caf414f049e396a99c5786
63,MAX-061,2,7,94,224,231,176,749302274,23,210765391634,407,29,179954,9ba7477d99f67f195419aea85063eda6bd0ddb7154bbcbf9331d780bb81928f0
63,MAX-061,2,7,94,224,231,176,749302274,24,211894510394,407,39,180005,a7efcf71a5a6f3a62357f2f0e938dbd0e169bda700bd1e16e4488f014e83aa0e
63,MAX-061,2,7,94,224,231,176,749302274,25,213023629154,407,41,180056,de08b7579070cc3c094f33a183aa11970543f2ca806d043d37eae798a38eb25b
63,MAX-061,2,7,94,224,231,176,749302274,26,214152747914,407,48,180107,ccae813e488e0063e395feda0f78e69e3ee0a75ab42201d2b37fd4171223e5ea
63,MAX-061,2,7,94,224,231,176,749302274,27,215281866674,407,26,180158,06bd01213082496391139279b285d79fca00e3ac6175f54fc9b053951ac295d8
63,MAX-061,2,7,94,224,231,176,749302274,28,216410985434,407,31,180209,38ef765aae0e198c673d6a7fe93b4e2721a1eddba8ae01b7c866e6633c998975
63,MAX-061,2,7,94,224,231,176,749302274,29,217540104194,407,38,180260,31c256c093afd01c017d9605eabd72d7dedefefa25a2e6a625d64a572e6ca0d0
63,MAX-061,2,7,94,224,231,176,749302274,30,218669222954,407,37,180311,a002ba72bc8ffdeb728fadcc9863733c0674940609e65ac89f375781fd478a80
63,MAX-061,2,7,94,224,231,176,749302274,31,219798341714,407,33,180362,01f30d1afa4428e3ff4a801471bd08a6d1557e28814fd851a2c44ea7a78a8f20
63,MAX-061,2,7,94,224,231,176,749302274,32,220927460474,407,28,180413,36b12df08959aa8014dd1c2ab8b7c8d4c56a73ed536fc3011522c8dbd95dc785
63,MAX-061,2,7,94,224,231,176,749302274,33,222056579234,407,37,180464,b3e959d2fbdfcba3a12adb32747a500de4fa12271413b875680f2c8fab8203cf
63,MAX-061,2,7,94,224,231,176,749302274,34,223185697994,407,42,180515,4ddbfdb67e2536942eb5ca0f808a2d8367ff9d9b3d9b38a461853230efa5208b
63,MAX-061,2,7,94,224,231,176,749302274,35,224314816754,407,36,180566,19839f83c8c5df62f427c09fd934ed8cd0553ed3db4875f3eb4f624e64dd18e9
63,MAX-061,2,7,94,224,231,176,749302274,36,225443935514,407,36,180617,f3e55a4674fbe4ca29f126cbb4c231f4122cf9d444343fd75a8036c9b90488be
63,MAX-061,2,7,94,224,231,176,749302274,37,226573054274,407,38,180668,d5fc96fa8fc3f45f942e0ba6e659a504f699921180361f445f4cd323f9b148dc
63,MAX-061,2,7,94,224,231,176,749302274,38,227702173034,407,31,180719,72fc841631c084af1010ce658a791fc109de6b5c41f6bc8e956454e2192b6860
63,MAX-061,2,7,94,224,231,176,749302274,39,228831291794,407,40,180770,7e2ad822cf2a8bef2312405732cda85be587c7c19062e64a41c9ae465485319f
63,MAX-061,2,7,94,224,231,176,749302274,40,229960410554,407,31,180821,96be7699675c1caa17b2369df5b99bec8d871d2c699aeb7f8e1286f671dfbbb2
63,MAX-061,2,7,94,224,231,176,749302274,41,231089529314,407,28,180872,de4d1b3bed757cca4abea257b356b18564afb1eaf802f39d490dc7239329b8f9
63,MAX-061,2,7,94,224,231,176,749302274,42,232218648074,407,30,180923,297f7df35c721ed33aaeb8bb788f191fd57ded348fff5526d0108b7caab81ebd
63,MAX-061,2,7,94,224,231,176,749302274,43,233347766834,407,28,180974,72a231734dcf5c2a7904e103e5502073a0beab4387f9c712dd31a72e88135c2d
63,MAX-061,2,7,94,224,231,176,749302274,44,234476885594,407,36,181025,d8b6ea8c65dafacbc18da5f54368a8d9b3c08a60f7e0ce978065b70f31a7f3e4
63,MAX-061,2,7,94,224,231,176,749302274,45,235606004354,407,34,181076,7f511ff27161d9c860138edc8f620bfa42930fb216ff87dc141e3a2cd86f347c
63,MAX-061,2,7,94,224,231,176,749302274,46,236735123114,407,29,181127,74de595b983bed1d246e058d579b5a40f337b7e6a885c7a76649b3857636cfa1
63,MAX-061,2,7,94,224,231,176,749302274,47,237864241874,407,39,181178,3cb6f5203366e90ecdf5a87e2f9933fb7d143586d5f6457da6e55345e76c0a07
63,MAX-061,2,7,94,224,231,176,749302274,48,238993360634,407,40,181229,a2275f7979acbdf68833c76e2df476d2357007cf1303fdf1ba4104a528bef6f6
63,MAX-061,2,7,94,224,231,176,749302274,49,240122479394,407,24,181280,d79c10533404f27a9012b14ee27d53896b00173f2d2fa08041cfe059c9ab15af
63,MAX-061,2,7,94,224,231,176,749302274,50,241251598154,407,33,181331,4ec9e081ed347788be99e14b7b656e3b06d62e1bc9ad4345efbc1137fba54348
63,MAX-061,2,7,94,224,231,176,749302274,51,242380716914,407,34,181382,af29148ea366463dcaf64351b3a5ed41fd1ea7b47e7d97608fd20add45b19769
63,MAX-061,2,7,94,224,231,176,749302274,52,243509835674,407,44,181433,8434cfd955ab0736a5f6b0b90618d3c42ebe50368c849baba657b5d7a0f1b83c
63,MAX-061,2,7,94,224,231,176,749302274,53,244638954434,407,31,181484,b490f601a9f5426878d0eb3627a63f37b505a30fca10237313b641aef3436ecd
63,MAX-061,2,7,94,224,231,176,749302274,54,245768073194,407,38,181535,7e6979bc617d7709bc555a2724058c9d567116aaf338b3284e4ab419ef10ab78
64,MAX-062,2,7,94,247,231,176,552933794,0,184599291674,407,38,181586,67a2808e6c2224208f591890a1aed216690f33dcb0b7535c92a0e8ff54775178
64,MAX-062,2,7,94,247,231,176,552933794,1,185728410434,407,32,181637,395736e02693c123880838218775e5860cd6ad6d94b5366bac1bdf794f4f706d
64,MAX-062,2,7,94,247,231,176,552933794,2,186857529194,407,36,181688,3d9183d4309db36f8315e428d213a664adba5bdec93488b1fc43ab2fc4ff86ec
64,MAX-062,2,7,94,247,231,176,552933794,3,187986647954,407,31,181739,3aabdeda5a6d3bf234031df646a5f995ad9c9a6741ee56dc6ea40e2d88dfd74e
64,MAX-062,2,7,94,247,231,176,552933794,4,189115766714,407,28,181790,c19653373b0da88803eb40584794a03aacba19aecbbe44094c493e3722a8dbd6
64,MAX-062,2,7,94,247,231,176,552933794,5,190244885474,407,34,181841,10260e615b34da44916f4e3ecd37177dc839982ff7fea467663786dde98abb30
64,MAX-062,2,7,94,247,231,176,552933794,6,191374004234,407,35,181892,e64d4694dec60f532969213b690f7330a1a52a22d17f2322a4b5da9e5a48d1c9
64,MAX-062,2,7,94,247,231,176,552933794,7,192503122994,407,32,181943,56c10ebc5b2a1c6cb045c69d212aa9e9b8e371894e9a128aeead8831884c9064
64,MAX-062,2,7,94,247,231,176,552933794,8,193632241754,407,36,181994,ee5bfd5dabdde1fcf9a70b27f623698d21e09e98e14c4faf8d60d0e5748b24b0
64,MAX-062,2,7,94,247,231,176,552933794,9,194761360514,407,36,182045,524d445740fd036a77b89bdd54e5332ed8e812fd36a163a502ea41b4044993fe
64,MAX-062,2,7,94,247,231,176,552933794,10,195890479274,407,22,182096,31e03fd53e20869e9e3f54c676f3add6a2f4739d01f36b21211739793387eb0d
64,MAX-062,2,7,94,247,231,176,552933794,11,197019598034,407,33,182147,1b2e98d45e66210f12c23f8a8f61d03c97ab3a5159f4d7d1545ae1a32adf792b
64,MAX-062,2,7,94,247,231,176,552933794,12,198148716794,407,33,182198,87317ae124dce843664573e35fd8fcbd0b7a99abd4f51b666ac6fb9e39229b19
64,MAX-062,2,7,94,247,231,176,552933794,13,199277835554,407,32,182249,a8ee794affa8be990d64c74e8f7d047c0334cd5a941caf669e47a66517948fa4
64,MAX-062,2,7,94,247,231,176,552933794,14,200406954314,407,35,182300,d6e9155b7542eacc52712d0c4fd2e8c7b2ee6ae01dbee9f4434e353e7750dff0
64,MAX-062,2,7,94,247,231,176,552933794,15,201536073074,407,27,182351,d21b2629b04942582b93b627212d3d6859a14b71747bf8f9612254c09fa8b57c
64,MAX-062,2,7,94,247,231,176,552933794,16,202665191834,407,30,182402,8417ad4c0745cd81164fade75ecffb8fe8a7db98fb2b1cdaea9c82d3cc2c2aea
64,MAX-062,2,7,94,247,231,176,552933794,17,203794310594,407,28,182453,8b8006356390d4120a9267a2099bff7508a3813d2d4ce9d18071554eeb81165d
64,MAX-062,2,7,94,247,231,176,552933794,18,204923429354,407,30,182504,9e2563c2c3db559df5a56376925e2b1f2a87735729bbabb4738a504b59f00498
64,MAX-062,2,7,94,247,231,176,552933794,19,206052548114,407,29,182555,728fd6754853c8d737a0c48bb9be58562477a1c765af521fc03adf176a63c4b8
64,MAX-062,2,7,94,247,231,176,552933794,20,207181666874,407,36,182606,d5ffcd9741a51682517b4447bb4c12f5ce1bb35241e34e3e76572ca5fd445804
64,MAX-062,2,7,94,247,231,176,552933794,21,208310785634,407,37,182657,aa8a6cb45a8e1a85752f190d07ad8283ee0fdea637b3fa44795b45f4a4050f76
64,MAX-062,2,7,94,247,231,176,552933794,22,209439904394,407,26,182708,db5c56ae5c1ea95c80d8e488f43dae6170c1f9fc48baf63483e041f3b04cc1fd
64,MAX-062,2,7,94,247,231,176,552933794,23,210569023154,407,38,182759,a02c9997b39243fd137e7da1cc88e8c3dc55600bec2efb6752ee509626c72984
64,MAX-062,2,7,94,247,231,176,552933794,24,211698141914,407,39,182810,5219536c828f7e2e2833091b25ff61e3d1a2b4dfe987d83755d295844a76399d
64,MAX-062,2,7,94,247,231,176,552933794,25,212827260674,407,32,182861,14bca84e6b1ada12aae1880eb673824c01c363226e3f1c8d3d748ebfe0e13c80
64,MAX-062,2,7,94,247,231,176,552933794,26,213956379434,407,40,182912,6c94e5eb4a1d283fb52c23d2ad6115bdfa2df777509a0ae331f62dd7758a9eef
64,MAX-062,2,7,94,247,231,176,552933794,27,215085498194,407,24,182963,112620f15e9c334be7834e62dc4fe157904aef26cf3d2c30be704020cbf0086b
64,MAX-062,2,7,94,247,231,176,552933794,28,216214616954,407,31,183014,40415ff4cf0c1c4d28e8d9238487faeb1aa8d523bab42841ce5a3f77dc2c46e5
64,MAX-062,2,7,94,247,231,176,552933794,29,217343735714,407,39,183065,9435cc3f5e8bba728e49a52186d1ee3211204fe52db7d9d22e535178cc7dc509
64,MAX-062,2,7,94,247,231,176,552933794,30,218472854474,407,33,183116,6c657013527ddeba153592b53201a57204061a0368c6c6c159d09fff4bef209b
64,MAX-062,2,7,94,247,231,176,552933794,31,219601973234,407,30,183167,635fbfbaf7d48b60abce819496d132b78a7370b89ca81652b6b61433b5a967c6
64,MAX-062,2,7,94,247,231,176,552933794,32,220731091994,407,37,183218,f28ad363b6858bfefa6268417f72076afc27bac800041ac1478a5c60e484c62d
64,MAX-062,2,7,94,247,231,176,552933794,33,221860210754,407,28,183269,3703d969dbabeaa524628f362b70c1c82a842c1160abde978c0e802388a7eb7d
64,MAX-062,2,7,94,247,231,176,552933794,34,222989329514,407,29,183320,98ca7f68ef91c71b71a56a0805daea7628b55c735dbebdc24d7b4bf58772d83c
64,MAX-062,2,7,94,247,231,176,552933794,35,224118448274,407,37,183371,b01afd809c04a87df325d6f56cf8c5d68fcd36fa1258ada7216e3b86d1c3823e
64,MAX-062,2,7,94,247,231,176,552933794,36,225247567034,407,31,183422,5a00c845b17e468c85fdcd4723c5baec545e4a51805a8b50aff743ce2bc9bb00
64,MAX-062,2,7,94,247,231,176,552933794,37,226376685794,407,27,183473,e7a30f526063b44cf008e044d04369ad02847f9f0bbceb805cb94aa333b07bce
64,MAX-062,2,7,94,247,231,176,552933794,38,227505804554,407,35,183524,d32fbba7f863078ad7569391bd14e37f5e37c3f7b1876a3c82b9300bde868132
64,MAX-062,2,7,94,247,231,176,552933794,39,228634923314,407,28,183575,a8482e749407ae92a7fd10c54beebbc1083bd1dbecf5b52014e0ce4c23a05c6d
64,MAX-062,2,7,94,247,231,176,552933794,40,229764042074,407,33,183626,ed933743c9bde0bb8c07cd4fe1c722c5a6435716fb47fb4451ce688210020764
64,MAX-062,2,7,94,247,231,176,552933794,41,230893160834,407,38,183677,a8e2c2462ec2fd8b49cd85f52a0757a67b4d9137e8874bd409e60cd6cb631afa
64,MAX-062,2,7,94,247,231,176,552933794,42,232022279594,407,27,183728,2a06fa71ae401571536ed57ec3e10744db3d99b7bc69a38df64c931425b0efbb
64,MAX-062,2,7,94,247,231,176,552933794,43,233151398354,407,29,183779,d046bcb120bbdd82c7a6ada832066da88491c129f22ffcadd391e21a5a6e2e65
64,MAX-062,2,7,94,247,231,176,552933794,44,234280517114,407,43,183830,17beb48c80268e2a4a361bda03253ac08b6f7822d8f95b1b8b76966ca3b87747
64,MAX-062,2,7,94,247,231,176,552933794,45,235409635874,407,38,183881,3a51b7534bc1fb5067b4af3ee7ae9f8da71889f964eb5dddd44a725a939f7414
64,MAX-062,2,7,94,247,231,176,552933794,46,236538754634,407,30,183932,705316fd9b24a75ff0331f4db3422f5424366bc2c6b27bd9bfa37971614c12c7
64,MAX-062,2,7,94,247,231,176,552933794,47,237667873394,407,33,183983,d5e7576b916c28ac91c037b9faf0a12781edbeccadd1d85b164f5a81945496c1
64,MAX-062,2,7,94,247,231,176,552933794,48,238796992154,407,37,184034,3a41022974e031c3107c9d8c4aa7acef0f297f6d62122291ab664b4b948c0e70
64,MAX-062,2,7,94,247,231,176,552933794,49,239926110914,407,25,184085,fa422539e0d30bd49c08db39b7e771ad8ed2924abd5663b1893461a2e20dd800
64,MAX-062,2,7,94,247,231,176,552933794,50,241055229674,407,36,184136,7634f3f058d2498107dbb3e9d0860c57e41f329c1a6298715853d70db6118500
64,MAX-062,2,7,94,247,231,176,552933794,51,242184348434,407,38,184187,030d4624cfcfc1f4ce2612b5aeb34eb4a207668332ca9aac639d7089623377f5
64,MAX-062,2,7,94,247,231,176,552933794,52,243313467194,407,35,184238,d6a35f5265b9151d19d9f1df427cf1f406687f331aa76731b97fb13ba7b3fcc2
64,MAX-062,2,7,94,247,231,176,552933794,53,244442585954,407,34,184289,34fcc81da5516f60248fdb5b975b49c1111c6a289f7dca377a55353c34d46a96
64,MAX-062,2,7,94,247,231,176,552933794,54,245571704714,407,38,184340,027a3d6890aba3339238646253141a761259d6459cb9b912be5169ceb83462da
64,MAX-062,2,7,94,247,231,176,552933794,55,246700823474,407,31,184391,b1f1729e5aaea1d3a1e681f1f98fad78927e11b1ddc09fd4956bd78ec70b15f2
65,MAX-063,2,7,94,270,231,176,356565314,0,184402923194,407,29,184442,a8b9b498e7217e123f57047ae5a0a292cb9cd782f448bfb59c4c7c8c6e49a3cf
65,MAX-063,2,7,94,270,231,176,356565314,1,185532041954,407,35,184493,6a91aba5986c9fefd3a481cd8a7c91b3c996e4d5ec067e6ae3de6e1a34fba881
65,MAX-063,2,7,94,270,231,176,356565314,2,186661160714,407,30,184544,5c53306e0baf6eddf6af18a50b3fe1ea79b157c7bd77a0318d39ab75902644ea
65,MAX-063,2,7,94,270,231,176,356565314,3,187790279474,407,28,184595,5bcfeee2973cd452d9b48fcfe83bced3bc02bdc84179e9b53bcb24a00ab19691
65,MAX-063,2,7,94,270,231,176,356565314,4,188919398234,407,37,184646,1c300bd95c84d73c171a0ef98909fd0f780d26f9c964fc161209c87f63d4fe10
65,MAX-063,2,7,94,270,231,176,356565314,5,190048516994,407,40,184697,23531d240ff9fedc7013e4bb274ab0c86cf588326b8ff0d3f51d0ca9de5bcd76
65,MAX-063,2,7,94,270,231,176,356565314,6,191177635754,407,33,184748,5285a1cf7abfefdbc832042000251c469a59d888b9505b3adae96d66c4e26263
65,MAX-063,2,7,94,270,231,176,356565314,7,192306754514,407,44,184799,35647b76ffa09447188a37b547a27968772258482c5fe1a83395187e337b8a65
65,MAX-063,2,7,94,270,231,176,356565314,8,193435873274,407,29,184850,ec26355bb6ad8ed4a17e8a24a70d055dd9fea7479935a473773a07cb3d7ab825
65,MAX-063,2,7,94,270,231,176,356565314,9,194564992034,407,28,184901,e877cc4fc17f23cf958ed1afafda4e9da333810bcb995cb4d4f8a8ade67c5a9f
65,MAX-063,2,7,94,270,231,176,356565314,10,195694110794,407,42,184952,1664bc0dd58b37277ac128f2c5c1bcf35254a592b18df4b8682be08e1c976d99
65,MAX-063,2,7,94,270,231,176,356565314,11,196823229554,407,32,185003,27ea734700ec21137837e03b6dfe5ee82068275196036d625077d1e698f6a6df
65,MAX-063,2,7,94,270,231,176,356565314,12,197952348314,407,34,185054,6c0e81e13b16e1b40fb8e849a40ae6ff0f7862c439bbc2e342389b19077dc51d
65,MAX-063,2,7,94,270,231,176,356565314,13,199081467074,407,32,185105,3a7ddaacec3e0d5f2a9fd7243758e7c6c37e55f4f886d96392c16264591539f3
65,MAX-063,2,7,94,270,231,176,356565314,14,200210585834,407,35,185156,7340bde33c09153f1ea54ac9071fc84b2658bb49191c12004d118eade8495e98
65,MAX-063,2,7,94,270,231,176,356565314,15,201339704594,407,31,185207,20344871c41aaa34b814f3a65d3f7a134efb7c47d477bd6628d2bc1977bd952c
65,MAX-063,2,7,94,270,231,176,356565314,16,202468823354,407,36,185258,7e1811443f39ae4312e205caad192523ce7d1119f5f3b91cc96644da1ab172d9
65,MAX-063,2,7,94,270,231,176,356565314,17,203597942114,407,29,185309,6cd866f66733cc157a5d7190e631f747a2288fda8d0e1e26b7cd5f9c4c22685d
65,MAX-063,2,7,94,270,231,176,356565314,18,204727060874,407,36,185360,4f7314d1f1669ce6ccefb788fd2cd39817329bc01c276838af59217f6d8d107b
65,MAX-063,2,7,94,270,231,176,356565314,19,205856179634,407,34,185411,70ed0b64a02635a04a4c5fc0fcd2aee8fa69bcd6147ef50640e672c6c7a30e9c
65,MAX-063,2,7,94,270,231,176,356565314,20,206985298394,407,33,185462,7a1ef945109684d48a5dcb779fbc3e09becd8e59de13fde0495e9c5c37d040c3
65,MAX-063,2,7,94,270,231,176,356565314,21,208114417154,407,28,185513,c0ddf44cd288c4de0f4f67bc9bdff1517454ed3a4ab864583da3ecfb1c069afa
65,MAX-063,2,7,94,270,231,176,356565314,22,209243535914,407,39,185564,04ebce14d0fdb07af5ff0c772b6e5c49568c73f58585577fb931ef701e2c3d3c
65,MAX-063,2,7,94,270,231,176,356565314,23,210372654674,407,42,185615,bb372ba6767b61f65ad075d17a2251069294c124676f5c9d068babef6015682a
65,MAX-063,2,7,94,270,231,176,356565314,24,211501773434,407,34,185666,9545dbcc1d37c19bd79ebe65be36050c448c9252f21d710608bafdf0f8741a83
65,MAX-063,2,7,94,270,231,176,356565314,25,212630892194,407,37,185717,04e49f6ac86ad673e610e952841ec70ef92de9113530a144958b3e92b45734df
65,MAX-063,2,7,94,270,231,176,356565314,26,213760010954,407,32,185768,47162a83105267534b6f7e2de7f660b8f8443956a2f28e7820fdedb06f2254a5
65,MAX-063,2,7,94,270,231,176,356565314,27,214889129714,407,29,185819,0c4ab1678713056dfcb62b5750ba74dfdcab1ba373c74c1b55ec78681b927975
65,MAX-063,2,7,94,270,231,176,356565314,28,216018248474,407,40,185870,1a5f6e74e2410303888ed6ed373513407aa325710acfab82932ed983a3e565bb
65,MAX-063,2,7,94,270,231,176,356565314,29,217147367234,407,31,185921,11dae939a09c60508fde97056b327faf912b7c7bde008d95af5489aecc006c93
65,MAX-063,2,7,94,270,231,176,356565314,30,218276485994,407,18,185972,04dd9db6c9ec4e9aff5020a7d67491163d0d64d07423b8df2458cb8a798605b6
65,MAX-063,2,7,94,270,231,176,356565314,31,219405604754,407,32,186023,056f7e0f875ab09c68873c48ac604f08e4d45f8beeed5b7498f2ac4b1e7be5d5
65,MAX-063,2,7,94,270,231,176,356565314,32,220534723514,407,36,186074,cfee34058799024c5bc5a76dba9ea9cc3e7692588272ad8f5d33aa91843226e8
65,MAX-063,2,7,94,270,231,176,356565314,33,221663842274,407,35,186125,6b117e58590db827bbb1976daf80831a9bffd196598c7c2448df8f9bc9bdf491
65,MAX-063,2,7,94,270,231,176,356565314,34,222792961034,407,38,186176,e1c89b92ef15a0adbd2ef47ab33af01dab5e650c7e48acc692e7850875cc7efc
65,MAX-063,2,7,94,270,231,176,356565314,35,223922079794,407,28,186227,8da2779599fdb1199880f0e3b2803ccb5bc15e79629a6c3b80399b7313158d50
65,MAX-063,2,7,94,270,231,176,356565314,36,225051198554,407,40,186278,e414bd393d387a5750b6278987d4728cced20334a3d200e9265772dd3304d896
65,MAX-063,2,7,94,270,231,176,356565314,37,226180317314,407,35,186329,50d735e0b08e60378227a7594eb793c4af6bcb85b680a8d04308f5eeb38338fc
65,MAX-063,2,7,94,270,231,176,356565314,38,227309436074,407,30,186380,9a8071f9ac1c905415c14515b319841636bd858a85b29526737044fecdab79a5
65,MAX-063,2,7,94,270,231,176,356565314,39,228438554834,407,34,186431,99b8771f20fefa97006f905deb8d311cd8b42c7e0175eed09c5e62d7ecdfc880
65,MAX-063,2,7,94,270,231,176,356565314,40,229567673594,407,33,186482,3ef5df39a63f79ba100d056eb929966f1e2125afbdb6ce87ea802388af4007f5
65,MAX-063,2,7,94,270,231,176,356565314,41,230696792354,407,41,186533,e03b5cfce8dffa2ecc4300dcd96c6424912bc57ab721dee8ed0a74d86dce69c6
65,MAX-063,2,7,94,270,231,176,356565314,42,231825911114,407,34,186584,5b42353a90b65ced2f9f2d1e6fa44967adc19ada5a2060671bbcb1f055bca84f
65,MAX-063,2,7,94,270,231,176,356565314,43,232955029874,407,39,186635,c5414e061d4199eb53e77f589c670138043450c54263ccbe971b003c16132272
65,MAX-063,2,7,94,270,231,176,356565314,44,234084148634,407,29,186686,9fe9e78c95f15993921d6bc05f1406c2e235424d2abff3899f1d99d5943ce7b9
65,MAX-063,2,7,94,270,231,176,356565314,45,235213267394,407,26,186737,b738a509259b6ad324b0a54e3c037270736b5abae718a683c96d90a979b24fbf
65,MAX-063,2,7,94,270,231,176,356565314,46,236342386154,407,30,186788,e75c71c633699189a71d7c4c66696928254c6188b6021115890c4682db2e2f57
65,MAX-063,2,7,94,270,231,176,356565314,47,237471504914,407,37,186839,96346c689039567d76242bd7f1a54f73de3c2dde555cc3e64891b0e74e88c2fe
65,MAX-063,2,7,94,270,231,176,356565314,48,238600623674,407,30,186890,f925805b4d833e9886057d8302008e87521608f51acde5656b522889f3654dc4
65,MAX-063,2,7,94,270,231,176,356565314,49,239729742434,407,42,186941,6f7428bfda915bb8f696809d31c6b904f88bc3c5400c91a905af38e9319ec4f9
65,MAX-063,2,7,94,270,231,176,356565314,50,240858861194,407,41,186992,25b85e95f03128b6b9f359b4029f5070420adbf6c28691746505603432ec2768
65,MAX-063,2,7,94,270,231,176,356565314,51,241987979954,407,29,187043,2e19a268a674d22a1249d80defbba8198110703d4c947d13a64b0cdb55a89cff
65,MAX-063,2,7,94,270,231,176,356565314,52,243117098714,407,36,187094,873e82a918fa8157c45b449c913264b04f0fc50c7cffb988581a0117576a0d4e
65,MAX-063,2,7,94,270,231,176,356565314,53,244246217474,407,27,187145,12dfa226b499d0201a038b93bd43d506ffc0ff8581c88f0734d499707e19c032
65,MAX-063,2,7,94,270,231,176,356565314,54,245375336234,407,28,187196,b5470390ed5b58b810a95da03bc31130a3767e68b84cf99f78ac14811a921456
65,MAX-063,2,7,94,270,231,176,356565314,55,246504454994,407,37,187247,50a24baa5235a701d900666efd0a8f95811434a9e11083d9fd83b2215ce58ff1
66,MAX-064,2,7,94,316,231,176,1092947114,0,184010186234,407,30,187298,36a81ba9fd59136f712d1af7837621ad9b36f0b9682106c01b53ee5311fe2a7e
66,MAX-064,2,7,94,316,231,176,1092947114,1,185139304994,407,30,187349,dd88d9973a9121b9458c9f14eee67770d46328456c4dcd5a27eeaacce68e88c8
66,MAX-064,2,7,94,316,231,176,1092947114,2,186268423754,407,40,187400,07d50f70c552d618af36382070f67c7a3627ca384a6b6bf1e5d0a92d83bb2f0b
66,MAX-064,2,7,94,316,231,176,1092947114,3,187397542514,407,37,187451,21e29b1f24c89263ececdd878bc3d96c0f9b05a68c13f30c162f39aff6e09d0d
66,MAX-064,2,7,94,316,231,176,1092947114,4,188526661274,407,32,187502,01d23068b0310bba4ac2e4f2aada714a72f1e2e3b44a7c62a6d1b5aebef3b7f3
66,MAX-064,2,7,94,316,231,176,1092947114,5,189655780034,407,35,187553,d35161a6db229b33a0083bea19d4881877069cf7d458d41b4deca0c4610ed575
66,MAX-064,2,7,94,316,231,176,1092947114,6,190784898794,407,40,187604,6e17ba4fec699282fa7641833528b0b6867af1b29a5a81b4c35f69aeded88ced
66,MAX-064,2,7,94,316,231,176,1092947114,7,191914017554,407,32,187655,4335bc7e6ffeb4e83f2e965acb4e5589f4f47f913f8ffb884a7cefc66196db58
66,MAX-064,2,7,94,316,231,176,1092947114,8,193043136314,407,36,187706,294aaa4096f4906b82e0e5d3761c48f7169214b7a2ffd8514518278a2c78c409
66,MAX-064,2,7,94,316,231,176,1092947114,9,194172255074,407,27,187757,816e264d14d14b2fa2b5306cb3fda864f9f1801169f0b64340d6a74f23231776
66,MAX-064,2,7,94,316,231,176,1092947114,10,195301373834,407,25,187808,9c8e5acb47cf40e15c76da16593198aa7a904b493fc5087c5cb835ea5e6414d2
66,MAX-064,2,7,94,316,231,176,1092947114,11,196430492594,407,33,187859,43ed7f4ba2c4c1608997a163ddec07ca77b82f1bb9d41cd6915895c5f3e6d72d
66,MAX-064,2,7,94,316,231,176,1092947114,12,197559611354,407,40,187910,50e617cf50050f5475c4ad77ab26d204609f6a6b7b5026594d066cfdf705cf3f
66,MAX-064,2,7,94,316,231,176,1092947114,13,198688730114,407,34,187961,70413eccaf5f090ac0eb5419a2196d0fb5279ca442182f71a145958ecda64963
66,MAX-064,2,7,94,316,231,176,1092947114,14,199817848874,407,32,188012,6863f9ac6f89c7344ea35a8594000cb57ed615838ea8110c747c1a56041d1048
66,MAX-064,2,7,94,316,231,176,1092947114,15,200946967634,407,36,188063,599dcd31ae61f3bcb58ffbfb5ea7394718797f3b7828966c2cb3c0bea1363913
66,MAX-064,2,7,94,316,231,176,1092947114,16,202076086394,407,27,188114,a8ca7488123b085e825209f156ded9d314d35aa3be412a12f6136f49b018a187
66,MAX-064,2,7,94,316,231,176,1092947114,17,203205205154,407,34,188165,ec84b61848d45fd514276ce412ba4ad5f8d5ed310de25a33b72fdce41a649c5a
66,MAX-064,2,7,94,316,231,176,1092947114,18,204334323914,407,26,188216,600bbb4e38ca7cbba84ee85af56aaf261dfe2870be2b0a0422de158dacd0e630
66,MAX-064,2,7,94,316,231,176,1092947114,19,205463442674,407,26,188267,d50756d800fa30ef604ead4f453bff9196c7b0bb3c87ad1edbc874722eb0482b
66,MAX-064,2,7,94,316,231,176,1092947114,20,206592561434,407,32,188318,322a8bbd343da2677f5c14902ef4195093e574ce12b05bc1d1f23b267e981ff6
66,MAX-064,2,7,94,316,231,176,1092947114,21,207721680194,407,42,188369,a0b99765b0d92cb3f2cdddd73bfef062f87764ca9c8024e2fc40038b9683e8ad
66,MAX-064,2,7,94,316,231,176,1092947114,22,208850798954,407,40,188420,125961c248b4e90e3d8cf489ba4f63d01b1001cd80fb7504b5c197ddc089bbac
66,MAX-064,2,7,94,316,231,176,1092947114,23,209979917714,407,32,188471,c5af17ec288df222d70300981a99897644ae6f43115508601233334d39c4d06d
66,MAX-064,2,7,94,316,231,176,1092947114,24,211109036474,407,34,188522,c3b8fe45efdee5abbd00040764a53cd0219996fc27cc1f523ca6e68215367b81
66,MAX-064,2,7,94,316,231,176,1092947114,25,212238155234,407,32,188573,eb4ca6f1f1a953f7ba9db1e46ac6141d1e5ccdf46c620255138eea38083bfc4a
66,MAX-064,2,7,94,316,231,176,1092947114,26,213367273994,407,38,188624,0cb2660c5a336f6a5b2d4c007cdc0652364a217a3ec4aca46727f9952c3b8747
66,MAX-064,2,7,94,316,231,176,1092947114,27,214496392754,407,34,188675,5f7b8a0268ebb6ca74e4611e1ffd3e046330daa0fb37ea3bc3e1ce729484cb28
66,MAX-064,2,7,94,316,231,176,1092947114,28,215625511514,407,33,188726,7a7aba3fe18ac086230d46f189d0da6951ba6e10e89dc0bd4488f2ef53d33f7c
66,MAX-064,2,7,94,316,231,176,1092947114,29,216754630274,407,32,188777,976dff3f75c7579ed378a614406fbbae37f5f7b817fa6b59fd27777d4649d556
66,MAX-064,2,7,94,316,231,176,1092947114,30,217883749034,407,33,188828,3d90666cc311b99c6d29a5d168e0a2bf3005be3936c807d0002f4999144e0b0d
66,MAX-064,2,7,94,316,231,176,1092947114,31,219012867794,407,30,188879,d2ae3a8ef3478ada6fafd5cdbf2e91c5608995a7cde298c39bc7529dfa782e81
66,MAX-064,2,7,94,316,231,176,1092947114,32,220141986554,407,30,188930,0ec913bf3d539135856a562cd43e1178865249ebe37b7bd8bf182afd8e7a09b2
66,MAX-064,2,7,94,316,231,176,1092947114,33,221271105314,407,31,188981,a05e22f8f4351acbf85906642e8099a16c4e1504427552cfb15f9a8864aade1d
66,MAX-064,2,7,94,316,231,176,1092947114,34,222400224074,407,32,189032,7ba5ed134fbc047521d5738d87276d979d8f7186b4a4e6129a28146ae97a1039
66,MAX-064,2,7,94,316,231,176,1092947114,35,223529342834,407,38,189083,210d1cd80078e393dd914a57e7b8a4f7a7d2511975ed146d01ef63e65b434acc
66,MAX-064,2,7,94,316,231,176,1092947114,36,224658461594,407,30,189134,be74c9dee6a0ff12bba21385926e4344b9680e16e45333dd308631061a39fe69
66,MAX-064,2,7,94,316,231,176,1092947114,37,225787580354,407,27,189185,a81e9efb633c9982c730bc68b67b0e0188c46707919cd26eb53eb1b9b6a106f5
66,MAX-064,2,7,94,316,231,176,1092947114,38,226916699114,407,37,189236,a4bd21cf3ef50c2daef255510219d1f3eaefdfa9de7580d59d5e9b847d90747a
66,MAX-064,2,7,94,316,231,176,1092947114,39,228045817874,407,31,189287,8827d0834f30fad63188d4dcda51f418a4869630af3467d8bfc5505163edb2a0
66,MAX-064,2,7,94,316,231,176,1092947114,40,229174936634,407,33,189338,02a2824fc886519136cee1907120a97ad308192d5bcac954d4e4e9b256a49ada
66,MAX-064,2,7,94,316,231,176,1092947114,41,230304055394,407,36,189389,181d8243f8003d272080416c8e71ff404cef1728a76a29e584be2e949442d342
66,MAX-064,2,7,94,316,231,176,1092947114,42,231433174154,407,28,189440,6192df562d2a223095bc3edc39631baf3cf1b3ee71249170f2841afb4c26ac00
66,MAX-064,2,7,94,316,231,176,1092947114,43,232562292914,407,26,189491,d3bc437ab2eb8ae040884f909d99b0a76a28805936f091a452ea5d43bf229d52
66,MAX-064,2,7,94,316,231,176,1092947114,44,233691411674,407,33,189542,c55fd1185891aa84a12da5a930c3d35aceb2807c2be02596a58ff0e4132054d5
66,MAX-064,2,7,94,316,231,176,1092947114,45,234820530434,407,26,189593,2950f789683b1ab698989a53db4e88d49bbc941855b0eda3a0fb4e5835dc1397
66,MAX-064,2,7,94,316,231,176,1092947114,46,235949649194,407,30,189644,1e187b5882cb8396fc705234fd99eaef51749a22fe318e097d80b71f71075198
66,MAX-064,2,7,94,316,231,176,1092947114,47,237078767954,407,37,189695,7e13afa448225193ac77dda14634828c3295d68b46ed0a5c2f2400c9a17076fc
66,MAX-064,2,7,94,316,231,176,1092947114,48,238207886714,407,39,189746,3ea80bf34c2b01f5c9cd5fc6b29a5ff9f3fb8d322b7c340d3260a245aa526db4
66,MAX-064,2,7,94,316,231,176,1092947114,49,239337005474,407,38,189797,cfb6e9295a7c699d720491430e1abd65902f7d1317fc8aab0518d7f5574ad281
66,MAX-064,2,7,94,316,231,176,1092947114,50,240466124234,407,40,189848,4dcb524ff35b03e7fd556c863e21bcf36131bf8026fb70e2875bcef70055d41e
66,MAX-064,2,7,94,316,231,176,1092947114,51,241595242994,407,31,189899,e0847cef1adc20e7971abb2dad55e5f674e8b1b9f81ef0ad03c5195bbebe5e20
66,MAX-064,2,7,94,316,231,176,1092947114,52,242724361754,407,28,189950,8ff097205db11f14783db5d2a576ad6f48fd2e206cdf85f70266337730e8904a
66,MAX-064,2,7,94,316,231,176,1092947114,53,243853480514,407,30,190001,2083e914423c047b389945064dddc8ff34ccae887c185fdb55098a9975d04c3a
66,MAX-064,2,7,94,316,231,176,1092947114,54,244982599274,407,31,190052,e0a97d180c2e5a52e43d120b96a0267d15235cf2c41ff0c650126ef49a45dc41
66,MAX-064,2,7,94,316,231,176,1092947114,55,246111718034,407,29,190103,67fac8e728b6d088148c60e5f6ce78c76e445a608d6337f569633cb61f203f2f
67,MAX-065,2,7,94,339,231,176,896578634,0,184942936514,407,36,190154,c58f70591d9efc1258fa92023b50dc7b56f91dd63a8006fd2db4cb10d00a14c0
67,MAX-065,2,7,94,339,231,176,896578634,1,186072055274,407,31,190205,e37640ff2eeb4d54daddbd08834d21843a191ed539b59de69e5f9d3b2f75a1ec
67,MAX-065,2,7,94,339,231,176,896578634,2,187201174034,407,33,190256,5f1c52ef65780a83151ec04430a82d8f5487cccff8cf9cbbdce715011ce06605
67,MAX-065,2,7,94,339,231,176,896578634,3,188330292794,407,35,190307,54c8d3c57c85eb2863f1c717d62f528ead8162494bd4ba7f6019562319665e06
67,MAX-065,2,7,94,339,231,176,896578634,4,189459411554,407,32,190358,e31c3911658ba74e14826785097636eb3e44ebce581066805fbc7130666b0197
67,MAX-065,2,7,94,339,231,176,896578634,5,190588530314,407,36,190409,1fb159461467fa288b2e88c4328db2304208c668e5bb7ad713e66f52bf1e88c3
67,MAX-065,2,7,94,339,231,176,896578634,6,191717649074,407,36,190460,d6b8d23298b7b2e2775c4f2dc2e1b7c0d9b2cff16c65ed64e84f796981e4f02f
67,MAX-065,2,7,94,339,231,176,896578634,7,192846767834,407,39,190511,f4ae2d9f8ac228776de253a5ccf073e14aa95ca4b2059adfeaa6f166f6e3439e
67,MAX-065,2,7,94,339,231,176,896578634,8,193975886594,407,29,190562,b01111e913e66bc8ad9cdd48efd016ef76d2cdf9babdfd749fad3d06ad5671b8
67,MAX-065,2,7,94,339,231,176,896578634,9,195105005354,407,30,190613,6bedc24f16d4b5b20406ed4ef7f554a0aa4568a171a8a185fac31ecf843e43a0
67,MAX-065,2,7,94,339,231,176,896578634,10,196234124114,407,28,190664,a486f0ba95073c08f17285876d1f11d7da1f1bd02fcc56da5c87a47b65effbb3
67,MAX-065,2,7,94,339,231,176,896578634,11,197363242874,407,34,190715,85a328606e0c1f8f4e7ae23e19292c2f1dfd072ace4a0550ec93b46b66f0702a
67,MAX-065,2,7,94,339,231,176,896578634,12,198492361634,407,43,190766,81c3ab2fdbfb39003351cfddfdb6796b709dffd499849731e8efaebf39df0b34
67,MAX-065,2,7,94,339,231,176,896578634,13,199621480394,407,29,190817,6c22fa01f96f7da6bb767fecabe566cb199b90a72aa58cf5bcfbe465756995e2
67,MAX-065,2,7,94,339,231,176,896578634,14,200750599154,407,30,190868,c5b8ba6735ce00a02bab9f5cae39fd60789002ffac70b79395c9100a3732a1ee
67,MAX-065,2,7,94,339,231,176,896578634,15,201879717914,407,38,190919,fb5e2fe9e91ac33412a261d41bdb87c6930d654b31a55328fb69cbc09a77c519
67,MAX-065,2,7,94,339,231,176,896578634,16,203008836674,407,34,190970,a4f9a93eb75413335a7b669c4f9573310379c175ae23f7214b4c294af6390050
67,MAX-065,2,7,94,339,231,176,896578634,17,204137955434,407,28,191021,a240dbef657ff67f8a1fb68d5547f872d170071618c98936613cd1aec7d599d4
67,MAX-065,2,7,94,339,231,176,896578634,18,205267074194,407,36,191072,0c780bfbfe432455e5c8a29886a52abd9a0402838fa3860aa7fd5672f454d26a
67,MAX-065,2,7,94,339,231,176,896578634,19,206396192954,407,35,191123,a77fd08df8a0dd0bc16c57b5d50eb49827450e18560819b66ff78e96f54bb065
67,MAX-065,2,7,94,339,231,176,896578634,20,207525311714,407,31,191174,5423f400c03b94df14bee23f35c22850ff1223be354d4729f2134eedfd985366
67,MAX-065,2,7,94,339,231,176,896578634,21,208654430474,407,35,191225,52f4181c2215fffa3ed1fa100af90d602f8705870abdee55a1e64f687167c617
67,MAX-065,2,7,94,339,231,176,896578634,22,209783549234,407,37,191276,3658e2471564b619bf4cf7dcaa4c97b118c055f68c4ad89fb531eb24334cd3e1
67,MAX-065,2,7,94,339,231,176,896578634,23,210912667994,407,27,191327,c9d4f9fcd97d9376daef8ea36c3a3a21748f2848f26ecc3f89c9bcfe9ed9a372
67,MAX-065,2,7,94,339,231,176,896578634,24,212041786754,407,39,191378,1a1740079cadbe1147baf951ba5f25b34992127599e6f0ca63f5eb5b9be3c0d8
67,MAX-065,2,7,94,339,231,176,896578634,25,213170905514,407,39,191429,548c1168c620248d0a756dda6d412a728bd236f6bfb865b95ff7a570fceb8dcf
67,MAX-065,2,7,94,339,231,176,896578634,26,214300024274,407,26,191480,2714b13624eddfc622ec47491849001836bbaf646abc5d8f908beded6d0a398e
67,MAX-065,2,7,94,339,231,176,896578634,27,215429143034,407,44,191531,1a46165b0dbad796fb72d59b78e1f3702fea43eb901bc43616be8e6589db49bb
67,MAX-065,2,7,94,339,231,176,896578634,28,216558261794,407,38,191582,37862a732db1a600604299b9cfacf4225c56c9864f8b388ea0d37936a479eda9
67,MAX-065,2,7,94,339,231,176,896578634,29,217687380554,407,31,191633,a2366f7596d9e8f872750a32c6f2f77a3d8b2c687404eef5d2f701f23029ab20
67,MAX-065,2,7,94,339,231,176,896578634,30,218816499314,407,36,191684,5d827a0e4bbd1972d0af283476541df2cd9f9bd3042f0cbc6b57b8e1be1d5ef0
67,MAX-065,2,7,94,339,231,176,896578634,31,219945618074,407,32,191735,db1bcab14d639790a15037612fb1a21aafdd580ee184ba33137612d1ef66d43f
67,MAX-065,2,7,94,339,231,176,896578634,32,221074736834,407,24,191786,6a5b549e6e7d204ba2d852cb25bfab524b910d1cb6193f85f17c3778f2716cd8
67,MAX-065,2,7,94,339,231,176,896578634,33,222203855594,407,35,191837,ee85658f532ecb3fa0a543c2658b5bd1e0dbf87e943a272bbbd20b894ee2a558
67,MAX-065,2,7,94,339,231,176,896578634,34,223332974354,407,36,191888,b2487c80ba28d1f2260e6e1ed4b8e650992774d7b47267efd17d3b4c8f8cc590
67,MAX-065,2,7,94,339,231,176,896578634,35,224462093114,407,30,191939,8ee664897e0b900e149328a57e31af1a0c92a1183087ee39ba24ecc1738b4ba5
67,MAX-065,2,7,94,339,231,176,896578634,36,225591211874,407,38,191990,0d613233fa8b4941ded699551513214f46ad97161d048d4d64f4d924bd4e6d3d
67,MAX-065,2,7,94,339,231,176,896578634,37,226720330634,407,42,192041,de0f78734363c1a97474192effc58201ff203ec8859fb84fe71446708c3f5c26
67,MAX-065,2,7,94,339,231,176,896578634,38,227849449394,407,29,192092,e231a7c4e1054241e15f0566883e9039cd33dddaa47da5be4c9eeb03591ee733
67,MAX-065,2,7,94,339,231,176,896578634,39,228978568154,407,29,192143,9df67a28b324e84850afdfbacb12bf1e1f7cca7b3ea2eaf3d950e810fa9378f0
67,MAX-065,2,7,94,339,231,176,896578634,40,230107686914,407,25,192194,af27a2faf6334e60ae6032f56bb9d74302104c95f39a98af809242e32716b364
67,MAX-065,2,7,94,339,231,176,896578634,41,231236805674,407,35,192245,84b6424d9c2c1eaa92816f41273fa21fd81ad653c19d246142c3ca12cb06a319
67,MAX-065,2,7,94,339,231,176,896578634,42,232365924434,407,40,192296,be178c910bf35efe117a36825ae20cfac69871855a4e7225d8930e5514c64c28
67,MAX-065,2,7,94,339,231,176,896578634,43,233495043194,407,35,192347,acc505fd6353ad30dd42551afb153048c8d181ec32458d0e9a3e07ed27ee2bc7
67,MAX-065,2,7,94,339,231,176,896578634,44,234624161954,407,36,192398,6b4d0372893f741e9dcc3e19b103fd0ad82fe32dee0af609dbe2ad7858047d06
67,MAX-065,2,7,94,339,231,176,896578634,45,235753280714,407,41,192449,cc0a6ec8ed4e12aafbf6c3d355a2c9b020dfd242cad7f7dede117b7fb1dd2744
67,MAX-065,2,7,94,339,231,176,896578634,46,236882399474,407,35,192500,0040b610cbcdc8331ae8ee4d0363618595ec07e6f3a69c7c949d6b6616b20ea7
67,MAX-065,2,7,94,339,231,176,896578634,47,238011518234,407,34,192551,5118bcf175b71c7b92fdd2b91f657c37cfdc6b1475773866f829607f4e417c32
67,MAX-065,2,7,94,339,231,176,896578634,48,239140636994,407,36,192602,1e9d43aeee7b09b1869e5b5129e12fef4720d7b4f86cf5605b5eb0444fb6ef56
67,MAX-065,2,7,94,339,231,176,896578634,49,240269755754,407,27,192653,94c9e6bd56f0053bda15f1523e35fe3e16502a4576c0f233f2f295eb8701ccb3
67,MAX-065,2,7,94,339,231,176,896578634,50,241398874514,407,31,192704,46bf779af017bceb2bd18b108418cd3a339bbca2bf4e924c5bf85cae6923d6c9
67,MAX-065,2,7,94,339,231,176,896578634,51,242527993274,407,35,192755,c2a584e7852ef33e7b4d851f3eb9f927d1ee46e96f1ded6aaa7f020f364db2fb
67,MAX-065,2,7,94,339,231,176,896578634,52,243657112034,407,33,192806,60fcfa52f4e0b5b8fbba51f73bb8e2c2ea2196b9880dd981e426f13342e7a581
67,MAX-065,2,7,94,339,231,176,896578634,53,244786230794,407,29,192857,d1a369fe92cda72ab5407c6ee7d867a416968d5f7d532c349670ff302d0de998
67,MAX-065,2,7,94,339,231,176,896578634,54,245915349554,407,35,192908,65a3428969896c926d7954b1f25309ac7e6303e8cc6904dd536b24c6b67f95e1
68,MAX-066,2,7,94,362,231,176,700210154,0,184746568034,407,33,192959,f9041504578d84e3a9456f0212bd9b983ac9f45544031aa050add75427b1a202
68,MAX-066,2,7,94,362,231,176,700210154,1,185875686794,407,31,193010,d03e1c4f6e5a1ac9a8c2b7809e14bb702c770e27650689d0d0137c479711e2e7
68,MAX-066,2,7,94,362,231,176,700210154,2,187004805554,407,38,193061,2cbefb530684d4839c98b50548c0ebc050af4e37bff4f3994b2b0252b613811a
68,MAX-066,2,7,94,362,231,176,700210154,3,188133924314,407,24,193112,c92d1ec35d9ecab7906a94878b3eddf9e9063f0c244ebdd610f8babb69037b10
68,MAX-066,2,7,94,362,231,176,700210154,4,189263043074,407,36,193163,a1e50bc1f4b6cac8b5312462cfe0b069ca6c88106c6a3e12c72967eb5b01bbfc
68,MAX-066,2,7,94,362,231,176,700210154,5,190392161834,407,43,193214,aed8e687c73ea8efe8ece449e792e4678401a69e3fbc88676d5a5d9394497056
68,MAX-066,2,7,94,362,231,176,700210154,6,191521280594,407,33,193265,085ecf9abd4173fa6e1058af364cc9b7e79442f66ed2b129d0c0c0683c57ce2a
68,MAX-066,2,7,94,362,231,176,700210154,7,192650399354,407,36,193316,f820a12804ace3bfae6ee3c7cc67f3293cd2f0571299ceaa083e9697d14c8db3
68,MAX-066,2,7,94,362,231,176,700210154,8,193779518114,407,38,193367,7397edfcb48977b8506a6b2dfb3dff16df7c3fffaca616d1aff035a7a2fd6878
68,MAX-066,2,7,94,362,231,176,700210154,9,194908636874,407,38,193418,75d7c2e3b2caafe8d1fd9e21ef6c05e42f9cbee346543f49557c06560f5950cb
68,MAX-066,2,7,94,362,231,176,700210154,10,196037755634,407,38,193469,ea02d65440412bfd1b3b9aeb94f3d49aa240a53c3c895223d5eed1b478b2587e
68,MAX-066,2,7,94,362,231,176,700210154,11,197166874394,407,35,193520,7b553aaa52f836182ae67aa80ae510745de62e166724b20870d7e161831d3dcf
68,MAX-066,2,7,94,362,231,176,700210154,12,198295993154,407,30,193571,7d4015321158aacc014a2da6cf6e651e43f2bbb057369eb3c065c8b922c5f180
68,MAX-066,2,7,94,362,231,176,700210154,13,199425111914,407,25,193622,438cf8a524b4702f0f64eaa9199409da266ee6f2fd6394aa98256957b90482f6
68,MAX-066,2,7,94,362,231,176,700210154,14,200554230674,407,37,193673,bddf0ede5ee7ef5130f8064dc7287211d7c78f4366f2323c45eac4c1813aeceb
68,MAX-066,2,7,94,362,231,176,700210154,15,201683349434,407,27,193724,6746c9b12e73504bfe8193b6e706b10e3aaecb65df018df6d66c6369d25603f9
68,MAX-066,2,7,94,362,231,176,700210154,16,202812468194,407,23,193775,6b08220b600249c9da4e6914c90dc72a8c7aa6d7911f3afde75fb65a2cdf792a
68,MAX-066,2,7,94,362,231,176,700210154,17,203941586954,407,34,193826,aa16857517f4789c1f99eb3f011ec25b0c12b4c9b34be80d7d241e3a36fcd6bf
68,MAX-066,2,7,94,362,231,176,700210154,18,205070705714,407,34,193877,ad1041630f2d7b1f1ae0b9fdc8e053a91436393f90953c3fd03035db3e73e547
68,MAX-066,2,7,94,362,231,176,700210154,19,206199824474,407,33,193928,88a1697c4c486ff215354cab03b5718a7dfa7ee242e492b2a417e169a6536caf
68,MAX-066,2,7,94,362,231,176,700210154,20,207328943234,407,35,193979,29f42dd44069d3ea5640b2f50a17eaffd6197d10ee374fdf81bf4aac9bb29c6a
68,MAX-066,2,7,94,362,231,176,700210154,21,208458061994,407,31,194030,ad625cc302e4a14e42a8b9d5f8c634cb7e5bd204237edb153ce9da9a0556b2dc
68,MAX-066,2,7,94,362,231,176,700210154,22,209587180754,407,36,194081,8dce51d5edee4ead7d67399ece78bf05a066d352d729e858718c4497bc2268b2
68,MAX-066,2,7,94,362,231,176,700210154,23,210716299514,407,34,194132,9405836f5a3e3e47c6229ed635fe3a6531d5e1105aa91e6db6dc4faae9700afd
68,MAX-066,2,7,94,362,231,176,700210154,24,211845418274,407,23,194183,754f11a44f7cacdd125672d68d657df8c4368bfea8010aafae1d5feadb3cef85
68,MAX-066,2,7,94,362,231,176,700210154,25,212974537034,407,24,194234,8f0be3be7645779eaf38c12fe617f14e0494364667a277418fb8667e5ef9a9fa
68,MAX-066,2,7,94,362,231,176,700210154,26,214103655794,407,30,194285,3bdcf472f255bc3d262c5c11da0f8c32a832993cf615c1cc94f93b153cdb5fab
68,MAX-066,2,7,94,362,231,176,700210154,27,215232774554,407,46,194336,958fe1aaee3faeaf14fd578a98dc4915eb93c4b1795e89ee0dc619bcbe997d7f
68,MAX-066,2,7,94,362,231,176,700210154,28,216361893314,407,29,194387,d66dbfa40fc2cfbac2811f3a579c99e68d23cf04c1967a9da77652c0bda830a4
68,MAX-066,2,7,94,362,231,176,700210154,29,217491012074,407,30,194438,6a1c096f12d1f4bdd98d3903d62a53b6665c114b026c2e30aa38c8a23e7357ff
68,MAX-066,2,7,94,362,231,176,700210154,30,218620130834,407,37,194489,2279324878af03c69530145428bc6a52b7922d9ff764c43afb767aa8ed99a29b
68,MAX-066,2,7,94,362,231,176,700210154,31,219749249594,407,30,194540,1e100d9e33c9d8287011dd11d8ed12ef3bd1211517b50697e8f289d8131c7aa9
68,MAX-066,2,7,94,362,231,176,700210154,32,220878368354,407,42,194591,a2588d7a09f304545f8231116aa6eece98fb1f6b9a15e910c30daf519bdb1e3d
68,MAX-066,2,7,94,362,231,176,700210154,33,222007487114,407,30,194642,edde10483100a5de711fd948efdfe1d1d39ae6f3e1c10f3996a867d0f2c536f4
68,MAX-066,2,7,94,362,231,176,700210154,34,223136605874,407,24,194693,a557237457357813a796c41b181c36295b8b7f09ab46d7509e1d96e1c7c65f6b
68,MAX-066,2,7,94,362,231,176,700210154,35,224265724634,407,43,194744,54ec1a74d0eecdb4e89b3aae1c880ba0aae413973ce022de2888400a9663ec0f
68,MAX-066,2,7,94,362,231,176,700210154,36,225394843394,407,29,194795,3fd2498686fac24ae48baffb98952fac29eb51a6b30440d095221f32f80af385
68,MAX-066,2,7,94,362,231,176,700210154,37,226523962154,407,35,194846,6567baa8b66f788b441fde75ebf153aa166374209513f7aec396726a39f92a99
68,MAX-066,2,7,94,362,231,176,700210154,38,227653080914,407,35,194897,f58d358fe93300bfe4489d8c806b2e165af97ffdc7c737f1c5bf2b6b30495a0b
68,MAX-066,2,7,94,362,231,176,700210154,39,228782199674,407,30,194948,d1a9e08d5ba87b276e0c889ad56d2f5be1ffaf453783169504a32362e044ff3d
68,MAX-066,2,7,94,362,231,176,700210154,40,229911318434,407,39,194999,c09ca6c10fc00b9f47317bf42a2090785b6f0be14cfd4a9662a19760eb6de511
68,MAX-066,2,7,94,362,231,176,700210154,41,231040437194,407,44,195050,be5ba06ff7e3739cf33165a13ee62956e1501c36cec56ecf33e67d4d930d8a09
68,MAX-066,2,7,94,362,231,176,700210154,42,232169555954,407,29,195101,93b72914d26fcfca030fc6096cca76ede7acb9867594591259103814a3f89bc6
68,MAX-066,2,7,94,362,231,176,700210154,43,233298674714,407,22,195152,a96588b8bf809b73fed437f02d67b6a94510b5a5e425e2b85fc907cf117222e6
68,MAX-066,2,7,94,362,231,176,700210154,44,234427793474,407,44,195203,3c1a554d1162d2257cb6e4a919d9769e5a09d2446eea1455b1236a418d3e7b91
68,MAX-066,2,7,94,362,231,176,700210154,45,235556912234,407,31,195254,5bcbbbf6584661a41b88a7eed885b1c4c4bda6e87c3c987d3bcda4750cc02eee
68,MAX-066,2,7,94,362,231,176,700210154,46,236686030994,407,29,195305,bc101cf12d561918d07bd14c94180b2a42822f05fe0e41d6e60bf965ccb6d4f1
68,MAX-066,2,7,94,362,231,176,700210154,47,237815149754,407,37,195356,cd3513bfd2b9ee52ad84794a2ba31e98bf3b20c8ff8607996fea67ac4baaa148
68,MAX-066,2,7,94,362,231,176,700210154,48,238944268514,407,24,195407,18bb1bd5abcd5b24289fb6b6eb5525abdb23f238cf485822d6176de81778014a
68,MAX-066,2,7,94,362,231,176,700210154,49,240073387274,407,40,195458,85922c85a5e12ec6e8adb4160ca34a0a162ce1585933767cf7189dd26bb9e7e2
68,MAX-066,2,7,94,362,231,176,700210154,50,241202506034,407,39,195509,46c0b5a4bd3418d7d90dd2395e1110c40c875ba9afa53c59a9e1ac0575dc8ca2
68,MAX-066,2,7,94,362,231,176,700210154,51,242331624794,407,29,195560,1e9428aecdbb79fe1ebff7f58b85d9144735a4fb2ae71b998e1e083e82648fd6
68,MAX-066,2,7,94,362,231,176,700210154,52,243460743554,407,24,195611,06525b0bb10abb38a16513f9c2b41aae38df11b1b9198f454b70540442a7a90c
68,MAX-066,2,7,94,362,231,176,700210154,53,244589862314,407,33,195662,1630e96f33d967e04e95ce7ad57f5fdd6bcf2628d97a2ee07afee2eb1cb2e040
68,MAX-066,2,7,94,362,231,176,700210154,54,245718981074,407,34,195713,2601808898a04feba6af671f9d2941523fb880eedb5440646a926900731c9f62
69,MAX-067,2,7,94,385,231,176,503841674,0,184550199554,407,25,195764,538e6697724b097a3b2b6c0ff2b018f3d5d4c6b6a86691d65c7209caf2740b19
69,MAX-067,2,7,94,385,231,176,503841674,1,185679318314,407,35,195815,e361b576f39ed4e7c40671fd69e27b3acf6ecc8ae12306eb4e9f6dcac8104326
69,MAX-067,2,7,94,385,231,176,503841674,2,186808437074,407,28,195866,326cfc5a85f6da6e068f511baf62b6127852c21996258d2a33baf7dab3d2b4b8
69,MAX-067,2,7,94,385,231,176,503841674,3,187937555834,407,26,195917,2df1e1505bc266383cc998e5334d50c1fab23ee55484384f8d1fa88ac267b429
69,MAX-067,2,7,94,385,231,176,503841674,4,189066674594,407,44,195968,503ae5bdf0f035f9d2cd3d361da08e735549a7356fdae565e1897ce8d17eccff
69,MAX-067,2,7,94,385,231,176,503841674,5,190195793354,407,36,196019,c48eb917ca7a8e74299ee13d6ff1e66eee5b40b223dd9c573efdbacd9ef6b76e
69,MAX-067,2,7,94,385,231,176,503841674,6,191324912114,407,29,196070,e55b30f0bd6135f01275f13b42b035a25ef018b14facaa01779e53fa20c7c82d
69,MAX-067,2,7,94,385,231,176,503841674,7,192454030874,407,36,196121,cb60352c184f494ea36a5cd48f7d67704881cd8154e77f59f984253e1fb01118
69,MAX-067,2,7,94,385,231,176,503841674,8,193583149634,407,29,196172,05684080f8c31fd70db58f04923b6ce88d72ed43a281d8cbe826d956f5bc12e6
69,MAX-067,2,7,94,385,231,176,503841674,9,194712268394,407,40,196223,6a2b08f07e257d02fc891aef2c65a00938299afe63534d47f9cf68bf34d3cd6c
69,MAX-067,2,7,94,385,231,176,503841674,10,195841387154,407,43,196274,9dea132f290fdf9615f5dfc7790f7761429cff233dc31e485caa341fbab18c5d
69,MAX-067,2,7,94,385,231,176,503841674,11,196970505914,407,29,196325,a0251d00d3129ed017bc56b76ed00ec69398c21434ddf5fddf1d8adcb0ec017b
69,MAX-067,2,7,94,385,231,176,503841674,12,198099624674,407,26,196376,add8d55fcf41630fab236e1471647291bf16cfb91a5da20c42cd9318365e538c
69,MAX-067,2,7,94,385,231,176,503841674,13,199228743434,407,37,196427,146e6b111971988987d6c2331198a2edfce6d7427d506420b4a343f0a044c95b
69,MAX-067,2,7,94,385,231,176,503841674,14,200357862194,407,29,196478,5f57659c6c0c97e5094c85d1988dc09210b5f14ec0d87a6cde1115de9ef5c52b
69,MAX-067,2,7,94,385,231,176,503841674,15,201486980954,407,25,196529,6afcf67df3e21eb8bbd43b9ee8ef9e762d7c51391e13f2085e0913a32b0d7a1c
69,MAX-067,2,7,94,385,231,176,503841674,16,202616099714,407,30,196580,a690dd803ccaa527c351a4917563981a84dbc406dfd85865a50db5122bad1a82
69,MAX-067,2,7,94,385,231,176,503841674,17,203745218474,407,46,196631,d1852a470b3904fd5d56c82ca79cb79b42f3709881035b07614875d1ef5c4d04
69,MAX-067,2,7,94,385,231,176,503841674,18,204874337234,407,29,196682,0257f64825ff0467abff2ccea014a9627e301aa6dd3c1e811a6630124fcc366e
69,MAX-067,2,7,94,385,231,176,503841674,19,206003455994,407,35,196733,45e87609be3973f3b1d412c50271f431d6be6d3061c3833e2bff901c525fd785
69,MAX-067,2,7,94,385,231,176,503841674,20,207132574754,407,29,196784,c53cf0124bfa191771a55bfec4b4d3a2b072d4a4761e0107c1db1fefacc88a0f
69,MAX-067,2,7,94,385,231,176,503841674,21,208261693514,407,32,196835,702d576e6a4d7122115081f7a4888c62799dd97b654e241549145a1d1debfd72
69,MAX-067,2,7,94,385,231,176,503841674,22,209390812274,407,35,196886,3ddfaa38177e019ceade8d8fec164dec545a15d7224a8cfc9a295f1570bf67dd
69,MAX-067,2,7,94,385,231,176,503841674,23,210519931034,407,33,196937,4aa9cd0a3af9a1bdd5df540d99127b619e01e5252e4a55b8fe451f23631a6808
69,MAX-067,2,7,94,385,231,176,503841674,24,211649049794,407,30,196988,83585a431e26d1f223e88223fd9815163ec06c411e7adf50a6bce6394f6ac4bd
69,MAX-067,2,7,94,385,231,176,503841674,25,212778168554,407,37,197039,8f8f1e6e576270d4d23ae3fd7aff6f10dd3d9c994504025eef9d43fed9fc68f4
69,MAX-067,2,7,94,385,231,176,503841674,26,213907287314,407,42,197090,ec3e263163612c35e68e17b65df93dc70af73d51bf433b87d714a8518e1c3d1f
69,MAX-067,2,7,94,385,231,176,503841674,27,215036406074,407,25,197141,93934e800f232afba83a3f77c3448940357f31532a3e2f5540437c7bb5abea28
69,MAX-067,2,7,94,385,231,176,503841674,28,216165524834,407,34,197192,d3eb403b4d75f3b63e60caac128a3493ae0a992c0e96381691a7180dd43bd4c4
69,MAX-067,2,7,94,385,231,176,503841674,29,217294643594,407,28,197243,ac62db0ace01e7366093cf615da13ae7b00842bd0c38acef0818a802fb9ff3de
69,MAX-067,2,7,94,385,231,176,503841674,30,218423762354,407,32,197294,dfffd28ea2458861ea92d8934b98fe70ad81c363b10e65acf58557b52b258aa5
69,MAX-067,2,7,94,385,231,176,503841674,31,219552881114,407,32,197345,cfed67990fa1776175699ad3280613bbf9658ea4bc7da59a0e1207f4273c1c5b
69,MAX-067,2,7,94,385,231,176,503841674,32,220681999874,407,25,197396,8912f6c74cfd6059e5dd6e4754b5947ea05fb00ed7696d22e60c692907897ba5
69,MAX-067,2,7,94,385,231,176,503841674,33,221811118634,407,28,197447,f8710ce74ad751eaed2dcf075230bf98e0735c0cb5ba304a2ec02373b150315f
69,MAX-067,2,7,94,385,231,176,503841674,34,222940237394,407,42,197498,2fd6da1ba8606adc25522763b8e82afac94949ecb762926e7a573f086fbafceb
69,MAX-067,2,7,94,385,231,176,503841674,35,224069356154,407,30,197549,9bb3662d1ccc1f29cf7401f689e48a0e721b440a5bc85752095fa719cfacc50f
69,MAX-067,2,7,94,385,231,176,503841674,36,225198474914,407,33,197600,5afc8bfb35773da5640ad554ebd1b485d4bd1ea1b9946d922396d798b1885650
69,MAX-067,2,7,94,385,231,176,503841674,37,226327593674,407,40,197651,5effeadaa6b93051a19e856503d44ea69a01ac537554348557292e4caaaa3c02
69,MAX-067,2,7,94,385,231,176,503841674,38,227456712434,407,23,197702,74c6c0a692888c5a502c8010d3aa03b709cf4bf4e376dc58f31b1ac30c4bdb16
69,MAX-067,2,7,94,385,231,176,503841674,39,228585831194,407,30,197753,d5a77c9e5c744ea02bcd3e64bc01a88f92214ff46e7fb6e6a91a6c0b1eb0ff46
69,MAX-067,2,7,94,385,231,176,503841674,40,229714949954,407,31,197804,924ca9ee7257e21d0fe8b06d77914e7fa2dc208e009eb5a80568b1987ea7cc03
69,MAX-067,2,7,94,385,231,176,503841674,41,230844068714,407,38,197855,c68dc44ed8a284d27da982a694cfd8c14dd75e4c333853508ac86b8c8abe8cf6
69,MAX-067,2,7,94,385,231,176,503841674,42,231973187474,407,37,197906,7bc5aab7112d10f6bd9d220ffe91f35c5b65a70b2bc9397f0d7ff70e01a02fcc
69,MAX-067,2,7,94,385,231,176,503841674,43,233102306234,407,27,197957,ac3189b52e00ab560faf423e95d6ca16b6ebd33f9049498422d8c99303f0e964
69,MAX-067,2,7,94,385,231,176,503841674,44,234231424994,407,44,198008,ecd818d94d405f2d7749d009160871ab6633f93560f4f7eb980d2188e9ae98e4
69,MAX-067,2,7,94,385,231,176,503841674,45,235360543754,407,42,198059,3c655014baf1ec3cf475df6d16a193ca38ff0a85dc4d8a132171e13307a3f21b
69,MAX-067,2,7,94,385,231,176,503841674,46,236489662514,407,40,198110,ec6908242f3b1b07d45e83dbd04dcca16de03d18327fd15c4d223c0f87af7c53
69,MAX-067,2,7,94,385,231,176,503841674,47,237618781274,407,33,198161,8048b2f737a6f2df2628b4993b070cad52718a8f2daea65edf912e5feca753d9
69,MAX-067,2,7,94,385,231,176,503841674,48,238747900034,407,34,198212,e4eda7e4093e3cece75e6931173fb6e2de3beeb3cdfdc4aaa4d8e4ac8557225c
69,MAX-067,2,7,94,385,231,176,503841674,49,239877018794,407,36,198263,8763ff2211f3e9fea20159bd4b0d24525b5d4054a752569da783ee32958023b4
69,MAX-067,2,7,94,385,231,176,503841674,50,241006137554,407,35,198314,ec75ca14063588ae34e5530bbce60e6795addc24f69cd110e963f735d3518463
69,MAX-067,2,7,94,385,231,176,503841674,51,242135256314,407,34,198365,53103e51b57b6dca60a636acac62e1737880426410e1a7a98441c62152025dd6
69,MAX-067,2,7,94,385,231,176,503841674,52,243264375074,407,34,198416,1f08e8ddcc1956749fc6e36ab9e53ebb35ba54dac50bc5d71eedede817972dfb
69,MAX-067,2,7,94,385,231,176,503841674,53,244393493834,407,34,198467,0a804037a2f2c12ff5616440a2295b42fe1fd4a8a739ac5dd7b85365eed1c03b
69,MAX-067,2,7,94,385,231,176,503841674,54,245522612594,407,22,198518,7ea1fda8727d0be00c9f78bdac483d2651dbc73dc30d037c3595f7fd9e53c1f8
69,MAX-067,2,7,94,385,231,176,503841674,55,246651731354,407,38,198569,e4bd316484368ff428e7fd5503f611010a7a8d6641c969b362bfc03f3da2a262
70,MAX-068,2,7,94,431,231,176,111104714,0,184157462594,407,28,198620,f2eae38c85079a678d6b827aba334e0d6363ab66313cc8a12060f43740066725
70,MAX-068,2,7,94,431,231,176,111104714,1,185286581354,407,30,198671,32386192e64232662bf035f5156775c760baac54ab257f8d52f360d2b427f002
70,MAX-068,2,7,94,431,231,176,111104714,2,186415700114,407,37,198722,189a4fcf708504193ea81faf9f430c0589b47b4fb24024f976d2af59d6d4c693
70,MAX-068,2,7,94,431,231,176,111104714,3,187544818874,407,44,198773,f12685a462c8175a714e428a30d4a78ef864cb617dc862e2392d2be514271029
70,MAX-068,2,7,94,431,231,176,111104714,4,188673937634,407,31,198824,9d94526433b9e167fd85718894c2c4a3ebaffb51aab6e0c4633aac73be74c4a0
70,MAX-068,2,7,94,431,231,176,111104714,5,189803056394,407,42,198875,15168647ce2d5afe100b857cebfa6eeea7bc89b5d185ac1ca78a7dd4d1d83c34
70,MAX-068,2,7,94,431,231,176,111104714,6,190932175154,407,38,198926,9632fb070042abfe48a9cb584167a1cbad2466c897a921ab3bf43fe8bf0c58ae
70,MAX-068,2,7,94,431,231,176,111104714,7,192061293914,407,41,198977,b062387285bd11fc34b19ceee28acd289c84ce581d428343aa1d789e0db8ac57
70,MAX-068,2,7,94,431,231,176,111104714,8,193190412674,407,38,199028,354fe6631128654a5985997cb03a2ae625a6e14beb231d688f88f6ec8634dead
70,MAX-068,2,7,94,431,231,176,111104714,9,194319531434,407,44,199079,1ac00d947dca18855bc7dd30bef855f287973eb98d8e6475ce926347733c8c12
70,MAX-068,2,7,94,431,231,176,111104714,10,195448650194,407,31,199130,afafc4f3a9b4a16db47d9ac9ed05c68eea915fd4797178c98baaa2b2ded6eaa7
70,MAX-068,2,7,94,431,231,176,111104714,11,196577768954,407,36,199181,73c3a09f8f865dec2f1264bf0d636e55c0f72ce38e4f2a565e8e592bdb31778c
70,MAX-068,2,7,94,431,231,176,111104714,12,197706887714,407,38,199232,358e761a1fc258bd37d01a3518fcb082bfc395f25ba6330c6092720fd2daabc5
70,MAX-068,2,7,94,431,231,176,111104714,13,198836006474,407,30,199283,bb07288e4f0fb872bae68f369ba74a1b390c1729e98d81516b6659883d7b4246
70,MAX-068,2,7,94,431,231,176,111104714,14,199965125234,407,39,199334,243b22c693def3b000a1e962db416441f65b5a3680b536e06b0c820dfa4b8c4a
70,MAX-068,2,7,94,431,231,176,111104714,15,201094243994,407,37,199385,148b168d2b3ad0b6b7caac95a31acd478154157290996f3057cbac33192bf441
70,MAX-068,2,7,94,431,231,176,111104714,16,202223362754,407,39,199436,ce1660a9a8aa8e8b8438743463883d2c895be4562d3e4e29f36f4288bc8c4158
70,MAX-068,2,7,94,431,231,176,111104714,17,203352481514,407,34,199487,f4c196b7b1f83f803a8a6589f3dc368653f1e5c1d31cbbcc349c2180dce4f4c2
70,MAX-068,2,7,94,431,231,176,111104714,18,204481600274,407,28,199538,89b3b6f61678f5c7c4e484eadd7afc12214aee5c4055cfba5d1f7d6c8917bd08
70,MAX-068,2,7,94,431,231,176,111104714,19,205610719034,407,33,199589,557e49341396a68a82027989c2ff62e7a1513a2b364cdf9616e05f1c27cacde1
70,MAX-068,2,7,94,431,231,176,111104714,20,206739837794,407,33,199640,271577fd0a197bac45f7c4872adb89983b9056a68009b5cfeec241ec32b057ed
70,MAX-068,2,7,94,431,231,176,111104714,21,207868956554,407,32,199691,c7e9f7c89893153fba3841e3eadc1b082565b1fd376043d0f23b6b8c44f16900
70,MAX-068,2,7,94,431,231,176,111104714,22,208998075314,407,27,199742,e6cdb913dae568a84c1939b0e37cab75a528deed80ce4e3652adab4df13af664
70,MAX-068,2,7,94,431,231,176,111104714,23,210127194074,407,34,199793,723367276fc9772e186c25a64c20028cdde1fbd4712d7cd37b2ccf3ee1a42e14
70,MAX-068,2,7,94,431,231,176,111104714,24,211256312834,407,35,199844,fc8cb45ad430bf4bc9ec21e5ae9fab1a6123f33c6f9312c2319ea7aefa2b9281
70,MAX-068,2,7,94,431,231,176,111104714,25,212385431594,407,35,199895,b7abd07f29816353180fb6c84626c57883ac39d6ed3592d835af07538534df0f
70,MAX-068,2,7,94,431,231,176,111104714,26,213514550354,407,40,199946,202919e997abb05591bdcc539035f4124ea4d727e9de32e21ea65a4225058b41
70,MAX-068,2,7,94,431,231,176,111104714,27,214643669114,407,27,199997,bba749e9e1e7263e394bdad3eff7d27434b181035c24e40721f1171fc6a53a19
70,MAX-068,2,7,94,431,231,176,111104714,28,215772787874,407,30,200048,d25e441926abd28675f0d2dd19c496ee6a46eb83062e988bb1f94c1dc2ebefff
70,MAX-068,2,7,94,431,231,176,111104714,29,216901906634,407,41,200099,9fe855e5a0327a20acfedcf7379dddf0da170def314dd98bc7f86ec69d887f6b
70,MAX-068,2,7,94,431,231,176,111104714,30,218031025394,407,27,200150,05bd1b849a7961c565a6ba1c6d4dc76468dd8310d97a905405711053f0be9af7
70,MAX-068,2,7,94,431,231,176,111104714,31,219160144154,407,32,200201,8fe8bb6f4c9b4cd81180be4d7aa1ccd6cfe05b3e9ff22e7624f406c9dac58640
70,MAX-068,2,7,94,431,231,176,111104714,32,220289262914,407,37,200252,1e9a29d1c7fd75419e4106034769b80fae93c16dc58f077627245081d8b15d02
70,MAX-068,2,7,94,431,231,176,111104714,33,221418381674,407,33,200303,794b80cb1198d2bde692e65c9cfe747cf23ecd98c31dd1d43c3a8b55103ecf0e
70,MAX-068,2,7,94,431,231,176,111104714,34,222547500434,407,34,200354,c1e5ddd393f9aa8a509f03259ad9ae178419cd22efe1863bab41d66382830c7c
70,MAX-068,2,7,94,431,231,176,111104714,35,223676619194,407,39,200405,4eadaf3ea0309843c325a97450f7503473a9a5ad4926c8bd34e2a9709248c40c
70,MAX-068,2,7,94,431,231,176,111104714,36,224805737954,407,28,200456,fa03140da5cf353287bca1bf7ec0f0381bef9a9613c99b31f8e1c95da7dbfb39
70,MAX-068,2,7,94,431,231,176,111104714,37,225934856714,407,36,200507,d4fdeb8f4bfacbf3a58535e4e3e07889448a5b0f7101f28551c9ad4e1d479cb3
70,MAX-068,2,7,94,431,231,176,111104714,38,227063975474,407,30,200558,0abb64864db0b25b78a08c97ae9b341013c7dba78610d919eb26f0156bfec0c7
70,MAX-068,2,7,94,431,231,176,111104714,39,228193094234,407,36,200609,9197712160bc53a7122e664458c1b52892ab135f1c76ef86e547801eb2db5c50
70,MAX-068,2,7,94,431,231,176,111104714,40,229322212994,407,27,200660,6d5ad1b7dadefdcaf9329d7606d127bbacf5ef580107002ab47ce64078869d2d
70,MAX-068,2,7,94,431,231,176,111104714,41,230451331754,407,41,200711,441edaaf9963f7187da335bd4dcc8dfa1d737ed09bd80e2f9e0734d411b992cb
70,MAX-068,2,7,94,431,231,176,111104714,42,231580450514,407,35,200762,1b9066e512226ecc33f2c42ec6faf5442d74ede57132378c63540c04dc96db92
70,MAX-068,2,7,94,431,231,176,111104714,43,232709569274,407,37,200813,e2f0205103795a8361e1d4f6bae99504ffdad790c80d1e1acaa0a6e466d30040
70,MAX-068,2,7,94,431,231,176,111104714,44,233838688034,407,34,200864,9c0f54aba603dc5acaa2089381c0a319dae54aefbde9c60b82035bbaab558a14
70,MAX-068,2,7,94,431,231,176,111104714,45,234967806794,407,29,200915,39d9adecd611de688805bb7f4dfc32f4bb08bd8a0506a1cb91de4751fe28b98f
70,MAX-068,2,7,94,431,231,176,111104714,46,236096925554,407,32,200966,8b396cfb0ee023a88c594e98da8621731c34089f1c4d7e155a42d87641228e3f
70,MAX-068,2,7,94,431,231,176,111104714,47,237226044314,407,38,201017,1537204490a3ca8ff6115ee4e82dce986c8f49c6f7566cea8d3392c453328165
70,MAX-068,2,7,94,431,231,176,111104714,48,238355163074,407,30,201068,ad12dea17d87ba3da929cf25dac8f9abb7aca172b6d7646d8fdca1b91565cb81
70,MAX-068,2,7,94,431,231,176,111104714,49,239484281834,407,36,201119,788d96db912dd92b0532d157120f296a5377e0c41576a9781aec26ad9445df26
70,MAX-068,2,7,94,431,231,176,111104714,50,240613400594,407,42,201170,bc8862aafb10bbc204e650f83a808bbe3b4fb2725ab663fa81e24f4cdfc987b1
70,MAX-068,2,7,94,431,231,176,111104714,51,241742519354,407,42,201221,770e4903adb5f13c4f6f893372d8e4c2ff0d2d32afd21603f1793ce5509b7df3
70,MAX-068,2,7,94,431,231,176,111104714,52,242871638114,407,32,201272,4be0471e0a8f5465c2d61d153aedf6d380f6c3c3ad2941455e0f71850f7b5853
70,MAX-068,2,7,94,431,231,176,111104714,53,244000756874,407,31,201323,8d3bf2d5d98e87965fb15da50b981029e8707cca9a23de7dcc6d813fae93b1c1
70,MAX-068,2,7,94,431,231,176,111104714,54,245129875634,407,28,201374,c58e39befa32d9a8970a7185f43d140313b63ff731f0309ae4da2bf572ad3f03
70,MAX-068,2,7,94,431,231,176,111104714,55,246258994394,407,31,201425,de226d353eccd8d90c145c75a3dba89890d50ea40fa2d4ac3e71926f891da404
71,MAX-069,2,7,94,454,231,176,1043854994,0,185090212874,407,40,201476,3a252cbbbf1026665f3e9f3e19b736c7b7545bbf7a04b6ac6bf9db58e61b8ba3
71,MAX-069,2,7,94,454,231,176,1043854994,1,186219331634,407,35,201527,b9f04b9e184ba23f2b03aeaff7df3335c4909a61d7d27dec3657369782b950df
71,MAX-069,2,7,94,454,231,176,1043854994,2,187348450394,407,27,201578,364370564d19ea0390746671b2c6903ade4f270c8d7875b4e9b1ab09a55490da
71,MAX-069,2,7,94,454,231,176,1043854994,3,188477569154,407,35,201629,f25602ea68284b56c4c57f5669abb025ae0436594b85952546978217cfca1e08
71,MAX-069,2,7,94,454,231,176,1043854994,4,189606687914,407,31,201680,160afe7d7834becf88775988ebf66a1fa28639b9dff7566ff2f1415a502684e8
71,MAX-069,2,7,94,454,231,176,1043854994,5,190735806674,407,37,201731,81e1a906b070a32129a310acead7ca49bce0f74024c8896457301ffe6210e26c
71,MAX-069,2,7,94,454,231,176,1043854994,6,191864925434,407,39,201782,1d3815543e0645571c58e93a9e1e6c4a0f5da03351b612dad63a44a562d2bc18
71,MAX-069,2,7,94,454,231,176,1043854994,7,192994044194,407,28,201833,46c59f8508df789e7337f6e46607d9c8492bf9fcb74cc02c9ad73a6fa7b551fe
71,MAX-069,2,7,94,454,231,176,1043854994,8,194123162954,407,35,201884,51267d7c0fa2cc75b7d36cb0aaf050ad013f3c681887b50f0586bff6166bb97d
71,MAX-069,2,7,94,454,231,176,1043854994,9,195252281714,407,29,201935,cde176ccc44f74d38899f247f2de5256cfa1cf5b141e635b8bf79c49f742a514
71,MAX-069,2,7,94,454,231,176,1043854994,10,196381400474,407,33,201986,b402d4a56b18107d461715323e451a8943b7cec398311318e30bcd06125e9eca
71,MAX-069,2,7,94,454,231,176,1043854994,11,197510519234,407,30,202037,da72270d2bec6e40ead07a76e64efe942995b03a8f4777af292d0d3886e4660e
71,MAX-069,2,7,94,454,231,176,1043854994,12,198639637994,407,34,202088,7f402d9550faa3c6c8d82eab08c5f2b3daa2668788cbe13f951e0c225afa426d
71,MAX-069,2,7,94,454,231,176,1043854994,13,199768756754,407,42,202139,01ed294426269ebb04889f5083cbedfcd784b620f53a1ae35055d8c78c1c473e
71,MAX-069,2,7,94,454,231,176,1043854994,14,200897875514,407,44,202190,c35a68a0a82e6c85fb4fae38f2d0ad807265a94236b9a4b252c1553cd326fc0e
71,MAX-069,2,7,94,454,231,176,1043854994,15,202026994274,407,36,202241,a92e69fca62d07edbfed4bfb3941b90c4d7a3df3f845997acf460f4067a1d97a
71,MAX-069,2,7,94,454,231,176,1043854994,16,203156113034,407,38,202292,465c26b66e142cec03c1cb15b6abea7cadeb965f894768fd392d25b70ecf513a
71,MAX-069,2,7,94,454,231,176,1043854994,17,204285231794,407,37,202343,4554211a5ba0c78c60f88ab30a76aaf72585ba2ed29d8c1e720586c34076ec69
71,MAX-069,2,7,94,454,231,176,1043854994,18,205414350554,407,41,202394,4d3317d28b04301df40226ede301f2e5d2a5beb0a116aba83775b27ab456c209
71,MAX-069,2,7,94,454,231,176,1043854994,19,206543469314,407,33,202445,bd3faf4c9a4cfc237b192c78a4d4b4cd7587a5734a9d8293beed7c9e5574db5b
71,MAX-069,2,7,94,454,231,176,1043854994,20,207672588074,407,22,202496,0ddd2b4d10d23edea6f57f18745f2cddd0ee3e2e7d0cfe4807ef8bee434b21ae
71,MAX-069,2,7,94,454,231,176,1043854994,21,208801706834,407,33,202547,6cbea8dd241814c9d7d9bce88c61088a8e5b9bd95c91d08dd2c12b1ee216d0af
71,MAX-069,2,7,94,454,231,176,1043854994,22,209930825594,407,38,202598,b50c1a012da09a0b6569e976b7365a30836b6a204c8431862454da92d8b03090
71,MAX-069,2,7,94,454,231,176,1043854994,23,211059944354,407,29,202649,9fd65418a94f2585389d95d1407091dc3f709635c8a0fce476e8361b8dac07cd
71,MAX-069,2,7,94,454,231,176,1043854994,24,212189063114,407,34,202700,447f124865fb6d85341194eddbc7e2f227c2ce28b6987d0680f1b7bbf1efbe02
71,MAX-069,2,7,94,454,231,176,1043854994,25,213318181874,407,32,202751,1825dcbcb166e506b39e0b443f9ee575fcf65f25d59e6c608914c44c5387f0fe
71,MAX-069,2,7,94,454,231,176,1043854994,26,214447300634,407,33,202802,a8dbdb2047db8b2957f0e32e84a92ec28d456e90629b5cf10ac9f32a03b81390
71,MAX-069,2,7,94,454,231,176,1043854994,27,215576419394,407,34,202853,9147d239b6a5121f818983eb125a4c93aa1708aefca0606e15427ae23f2dcd58
71,MAX-069,2,7,94,454,231,176,1043854994,28,216705538154,407,29,202904,ba54384f904dec36967b84feda76babf3ba5d2134e19a18627e7a310e5bed7d7
71,MAX-069,2,7,94,454,231,176,1043854994,29,217834656914,407,38,202955,bdb926af3992936f2b4e8f55c7d62020bb58e2ce7898e8d2b7aa5f051b777e20
71,MAX-069,2,7,94,454,231,176,1043854994,30,218963775674,407,34,203006,1aef28dfc651b44bd47a186d45e1b94226d8206c36ee7b84f654b4ba5cb33120
71,MAX-069,2,7,94,454,231,176,1043854994,31,220092894434,407,32,203057,8f7827296738280d61ab46ef900443ad249edc75c13d3b0fd6e31399f9f7722a
71,MAX-069,2,7,94,454,231,176,1043854994,32,221222013194,407,38,203108,d9efa6b0676e046df66dc967df3bd399c442d2a0b203150eadcd4e0f28566eb0
71,MAX-069,2,7,94,454,231,176,1043854994,33,222351131954,407,39,203159,6760e94bf5d65780856e8df68fdb7b78fa15e3fdf1545cfb9dc1dbad54483070
71,MAX-069,2,7,94,454,231,176,1043854994,34,223480250714,407,27,203210,564d0afb8952e872cbaed34d048d6b50d4b4c289606f153484ade91f0e42c969
71,MAX-069,2,7,94,454,231,176,1043854994,35,224609369474,407,30,203261,b896ad7bb570834fdc6eaa273278f25fd9a036b15b5d371ad6589c66f016ab17
71,MAX-069,2,7,94,454,231,176,1043854994,36,225738488234,407,34,203312,a3d6a64f96919880b98194be773f89e4cd99eb48e7c8f55eace79163357dfc3e
71,MAX-069,2,7,94,454,231,176,1043854994,37,226867606994,407,33,203363,698493c60b852da8049440aaaa1edfd7328ae726e994cf07b7f37a9f2e9ef38a
71,MAX-069,2,7,94,454,231,176,1043854994,38,227996725754,407,26,203414,4e544964f27425ae621698f07c4027a13e7bfc72eeae1f980f9638b690e827f0
71,MAX-069,2,7,94,454,231,176,1043854994,39,229125844514,407,38,203465,434eccb9015781c0a226c40353b75d808031bc4ed36bc71358c2e3efd4781ab8
71,MAX-069,2,7,94,454,231,176,1043854994,40,230254963274,407,31,203516,908a8c2369e3fd9f6222635d1dbf3d6de61dff7c2d299ab360a5bd93ba952434
71,MAX-069,2,7,94,454,231,176,1043854994,41,231384082034,407,38,203567,55ba1059e59a2d00fe67e2d94a39f229af386094231727f4fe23d9d9e4fdcfce
71,MAX-069,2,7,94,454,231,176,1043854994,42,232513200794,407,33,203618,92d17ba6ba73fef3eb4a7a70c5b2c0dc1702d2263834914ffcbb4f95d1c010af
71,MAX-069,2,7,94,454,231,176,1043854994,43,233642319554,407,23,203669,7424c2a79f3d7517300c7c7475e6944a9a9452522cce8ea31c4bd0631505bc63
71,MAX-069,2,7,94,454,231,176,1043854994,44,234771438314,407,30,203720,837cbc9515e1cfcb23f1e56ee82545e393ae78346f45cf881f1d4c1309125707
71,MAX-069,2,7,94,454,231,176,1043854994,45,235900557074,407,38,203771,e0fc096df0b152b5cc3fbf9291c7e446b8a637d2ab5a0360c3068532a038602f
71,MAX-069,2,7,94,454,231,176,1043854994,46,237029675834,407,21,203822,40c96b7fca0dfac8f4366d8ebefafe57ba443c3ba7599052cb9c1f86c2951fdc
71,MAX-069,2,7,94,454,231,176,1043854994,47,238158794594,407,32,203873,3c07b605b3aaf433b397f94e8d9e63b0596b77f78e28e8ac4a005192f07b8b4b
71,MAX-069,2,7,94,454,231,176,1043854994,48,239287913354,407,36,203924,606d0ffbd2158c204ea7fa7b61d193fd7ea84ce7b0f93ee2203a2f733c16820f
71,MAX-069,2,7,94,454,231,176,1043854994,49,240417032114,407,33,203975,f3543f1d1b575d02f727d37f165fd99be2d2bb9ceed79c046dbca7bfc1af1e90
71,MAX-069,2,7,94,454,231,176,1043854994,50,241546150874,407,29,204026,c1e17706a9638e95eaef68b6bf4cc8a370e2fee1abd7fc649c1700b98a74d6f0
71,MAX-069,2,7,94,454,231,176,1043854994,51,242675269634,407,33,204077,52d892d617bfc4c8d5888a6d8e5a8dce119359b100f4e8ebb6485b94ece43551
71,MAX-069,2,7,94,454,231,176,1043854994,52,243804388394,407,35,204128,3fc647f4c754e2375515767b95f50fe713c21b5ccc9d0a62f609e702fb576d98
71,MAX-069,2,7,94,454,231,176,1043854994,53,244933507154,407,34,204179,1ba92c2b70e86c9e559bf5eb525470ce34657f4efccca9bf4c7bafb0276b93c4
71,MAX-069,2,7,94,454,231,176,1043854994,54,246062625914,407,34,204230,42a51b5742c9fcec3ff861f46d45b9493bcec411acddd04f0e879f848b5919d9
72,MAX-070,2,7,94,523,231,176,454749554,0,184501107434,407,41,204281,0e654a2e627988675abad370a48c1390afd5414dabdb5408a2624b180f8c34e9
72,MAX-070,2,7,94,523,231,176,454749554,1,185630226194,407,33,204332,c0bf5d124111b62b98f12dd7beb420020ab85ddec60a4d2dc62683a47a0ed52f
72,MAX-070,2,7,94,523,231,176,454749554,2,186759344954,407,43,204383,00d672d1da6b7ec7efc36f40deddb30e14e8550f18a2f0975aabc54e25418806
72,MAX-070,2,7,94,523,231,176,454749554,3,187888463714,407,33,204434,b227b92b0eb17879effb37b48a57fe648f27878eca7437a59a750009bd2ab00a
72,MAX-070,2,7,94,523,231,176,454749554,4,189017582474,407,33,204485,567d873fba53b7ab72972d5a836527b7a946ed480c4a59c79d675b73e489323e
72,MAX-070,2,7,94,523,231,176,454749554,5,190146701234,407,34,204536,55f7281b856061df259c14f26580f9aa3bb238597a870a26d3f12d3a87e50495
72,MAX-070,2,7,94,523,231,176,454749554,6,191275819994,407,40,204587,0d366008d650162dd1277e29b369d36a96a6f85b51b15650734031d924290c2a
72,MAX-070,2,7,94,523,231,176,454749554,7,192404938754,407,27,204638,a167a959ed100fd55110806e352cf3ec0309e88ae7ddcde0aff07d7fe197de85
72,MAX-070,2,7,94,523,231,176,454749554,8,193534057514,407,33,204689,3c533276497f992a4c1fb013e67af803fc52809791eb7b84211dc773fd4ccfc0
72,MAX-070,2,7,94,523,231,176,454749554,9,194663176274,407,41,204740,b880ce24ad9dfb411c3f107a42db517fb51c690a6867d1ec3f42aaefbbc00a0c
72,MAX-070,2,7,94,523,231,176,454749554,10,195792295034,407,36,204791,2a6fb03930fc6fa204438e1ac49e874e75f4fcb8256119d3bdfcc2d951abf707
72,MAX-070,2,7,94,523,231,176,454749554,11,196921413794,407,30,204842,6b88432e952a669c13cfec1bf6d1677c57afce994773bc4f6ed636eb00fac725
72,MAX-070,2,7,94,523,231,176,454749554,12,198050532554,407,40,204893,8b6b31b924ddf018d3e091b87363068b16c3d80e063216469d3025905a6a5385
72,MAX-070,2,7,94,523,231,176,454749554,13,199179651314,407,30,204944,7af64e788551bc328954fac4ce0b1b3dc90c6ca2c539f384ba64b11567b4068e
72,MAX-070,2,7,94,523,231,176,454749554,14,200308770074,407,33,204995,10bece9a0fd12f03c09d6694327423e8299fe35d2bcf36dd76fb9627d46e0c9a
72,MAX-070,2,7,94,523,231,176,454749554,15,201437888834,407,39,205046,1f8bd6bf055259847ae94d6f021214688aee50a02ad4fdcceb16f5775141893b
72,MAX-070,2,7,94,523,231,176,454749554,16,202567007594,407,32,205097,6cc35f788b4f68dd2acf5a0d0eff904c6a1dcaab69ce63bb06023fdcedc3fcf5
72,MAX-070,2,7,94,523,231,176,454749554,17,203696126354,407,33,205148,6262e54fd9fdb5864f9061e5a43d8ce5698915918c99ddeb8b8cda2694a8d235
72,MAX-070,2,7,94,523,231,176,454749554,18,204825245114,407,29,205199,c4376b8211ab7bfbd297c318e9a25c672f2838cf733feb5e564878175a6aa797
72,MAX-070,2,7,94,523,231,176,454749554,19,205954363874,407,33,205250,91715f603dbf8979aacd34b5c260da817bc75961134a39eadd342649903b4496
72,MAX-070,2,7,94,523,231,176,454749554,20,207083482634,407,28,205301,c85cafa09f4b23f326bca0bc7cacd8bde093800988bfa1290eaa0bb406f9c4fe
72,MAX-070,2,7,94,523,231,176,454749554,21,208212601394,407,26,205352,6525d24c1e41d7d44332c8e83c5a1046e9e1c9423054844f6de5edebeb9f2af0
72,MAX-070,2,7,94,523,231,176,454749554,22,209341720154,407,33,205403,0646763f18cc4b550bc7310edbec78717b77af53eff84b117f7e7bdf83b9caa6
72,MAX-070,2,7,94,523,231,176,454749554,23,210470838914,407,30,205454,a400b533cd2510c8813aab5d9fb4c32ef7a764a608097abce82c2511a8ddbe50
72,MAX-070,2,7,94,523,231,176,454749554,24,211599957674,407,38,205505,9344c70e2c525707a8bccc1482b7cf6925c0f14c9bff41e1a7ae59d645446e6d
72,MAX-070,2,7,94,523,231,176,454749554,25,212729076434,407,28,205556,4c80c84a17cb3314cc85810c981a19cfe841c2109535ad124889b9d1ca84d862
72,MAX-070,2,7,94,523,231,176,454749554,26,213858195194,407,31,205607,f27893d6453f5b456afa08cc45231032dc0d0c541aeb63f6b01e15c1a8083e70
72,MAX-070,2,7,94,523,231,176,454749554,27,214987313954,407,34,205658,bd97bab7baf442c6d8417ab9dc30c4dc691a8d1ef0549fbd08ebb4982fde6514
72,MAX-070,2,7,94,523,231,176,454749554,28,216116432714,407,31,205709,0af52d3f7bd979e5ec0e362376ef8650bc34f367f203b61a8763ba9c1bf4781c
72,MAX-070,2,7,94,523,231,176,454749554,29,217245551474,407,31,205760,1596e0ae89997b396fb660a3e13bf5a91d5e37fe9ac1246ff82fbbf755212ef3
72,MAX-070,2,7,94,523,231,176,454749554,30,218374670234,407,33,205811,8d98362262400678077a9d66df0064407e4d32f2af53d4ba3c074a88be5f47d4
72,MAX-070,2,7,94,523,231,176,454749554,31,219503788994,407,27,205862,589e3bef26dc34b32e8ad3a7a536ac42090b069cce3a99b11212d055aaeca25f
72,MAX-070,2,7,94,523,231,176,454749554,32,220632907754,407,31,205913,33521a6b721bbddd34825295bcaeacf073aeec17e6a8f27e43443d0e7fbfd42f
72,MAX-070,2,7,94,523,231,176,454749554,33,221762026514,407,36,205964,f332f5600f330b4c5c87346d26e30ccb56f503ac3b86e6049c72d3d6c505f8ba
72,MAX-070,2,7,94,523,231,176,454749554,34,222891145274,407,31,206015,32575ed0d790ada3e61c05752c0730050990e6b46157be7b32ec125270876ebd
72,MAX-070,2,7,94,523,231,176,454749554,35,224020264034,407,23,206066,1b37225933ae3b84a09870b87f1467594655decd0d271dbb7aba8746bd776525
72,MAX-070,2,7,94,523,231,176,454749554,36,225149382794,407,36,206117,fe5ccb8fc5aaba6d2ace05fb482a0d445254aee1691afeae2b25204d6dccbae2
72,MAX-070,2,7,94,523,231,176,454749554,37,226278501554,407,45,206168,5ea52ec030c29eb5fda0aba14f89a995ac0dddfd6b972039e3e4f3183f3f723e
72,MAX-070,2,7,94,523,231,176,454749554,38,227407620314,407,40,206219,7b2219ee06076ae65b5e424f8c6b6a0f24dbfdb56ee5c1d1eb666a15e13a7f58
72,MAX-070,2,7,94,523,231,176,454749554,39,228536739074,407,34,206270,9eae993b76e2c4e4dc035fb402ace88dffc2bb1d310ca64cf144fb9f1d87f987
72,MAX-070,2,7,94,523,231,176,454749554,40,229665857834,407,32,206321,cd56a6c71ee71ed1caf47811d0d0bc87872d7da129b18e15c61c8cc038a7a97d
72,MAX-070,2,7,94,523,231,176,454749554,41,230794976594,407,24,206372,325192072847000f0372639aeb6b646e826a1702dd91ce70d0c494f7dcadf1d7
72,MAX-070,2,7,94,523,231,176,454749554,42,231924095354,407,35,206423,c53eaf2c9ee9692a7ac842a8256c6615ce9a67908fff89e0cb61ae026c901f6f
72,MAX-070,2,7,94,523,231,176,454749554,43,233053214114,407,32,206474,f58e42b4ef56dde533db43b2954a30eb9e0b9ad1cdedfb5ad0cff871e76f8743
72,MAX-070,2,7,94,523,231,176,454749554,44,234182332874,407,30,206525,48978ccb7251b86a941823ff31432a31f1a717f6414265c11fdec4315503352a
72,MAX-070,2,7,94,523,231,176,454749554,45,235311451634,407,36,206576,5752e6c204b25090479fd687ef9a25e284e747d6edfce6229e549ed894b8e078
72,MAX-070,2,7,94,523,231,176,454749554,46,236440570394,407,35,206627,41adb695250b5212c1e3e1c9a5e8de71a057b2e2db593bb0f8bc84544d7ea92e
72,MAX-070,2,7,94,523,231,176,454749554,47,237569689154,407,26,206678,cfb20f5eebe55351fa0191a6787a5a1b62ec1306be0300975009bd3b0c5f4fbf
72,MAX-070,2,7,94,523,231,176,454749554,48,238698807914,407,34,206729,ddffc812ed63d98f5690f3ef3a55c9f5b13c1f746bc9bacd4dac35d515ea8a9a
72,MAX-070,2,7,94,523,231,176,454749554,49,239827926674,407,27,206780,4de2165628278a2042db26d5d569d2bc9750675e7f57fad6f3f6d50653c8498d
72,MAX-070,2,7,94,523,231,176,454749554,50,240957045434,407,28,206831,95d9e33a8c71304cc795e922a69875cce13fdd77aff0bc0eb47e95dcd8637e90
72,MAX-070,2,7,94,523,231,176,454749554,51,242086164194,407,40,206882,87e4e8165603ad9cb2a43d437ebd7df341dff84888b57852678aaecc87890f69
72,MAX-070,2,7,94,523,231,176,454749554,52,243215282954,407,34,206933,ac880e3927b1aace349327670df9973b426014cbb79d25645ebd98122e477412
72,MAX-070,2,7,94,523,231,176,454749554,53,244344401714,407,23,206984,21adbc3611656409355fae4e8676ed86a38f4622414345cf4056cbb4509ad0cb
72,MAX-070,2,7,94,523,231,176,454749554,54,245473520474,407,38,207035,de1d41080afdcd80844dd23b81327477799cdf72b2fb1f08bb968476a9706a9c
72,MAX-070,2,7,94,523,231,176,454749554,55,246602639234,407,30,207086,16c2e68633692677f1b31d9e2bcb6253b86502fb5d6f2f94c7e7a37f85f8f4e8
73,MAX-071,2,7,116,17,231,176,771616874,0,184817974754,407,24,207137,3767fa063251451baa7a4a0e3325ee47ffee304e3ef028bb9161d5581644ea40
73,MAX-071,2,7,116,17,231,176,771616874,1,185947093514,407,47,207188,358558a9aa22a13d08653f693cd386714e56473ff3ea50581a0e5ea435bfcd1c
73,MAX-071,2,7,116,17,231,176,771616874,2,187076212274,407,37,207239,675f5a3276759ebcec9b21cf7c8ef379bb30a91526c940450755978b80b9ad9c
73,MAX-071,2,7,116,17,231,176,771616874,3,188205331034,407,37,207290,b32c94a5179407bf6ee494f3b060602390b79d0352fbb76926a622fef9bc3cf0
73,MAX-071,2,7,116,17,231,176,771616874,4,189334449794,407,40,207341,bd231b95c9e9f8dccb3c1e0cd53c81b2adae6b0bd5d7679ec7be3f8f63f7390a
73,MAX-071,2,7,116,17,231,176,771616874,5,190463568554,407,34,207392,ef47f3490b1c85dc8b70feec92176fd4b94f3c278f78c8e6fb13e498eaff9945
73,MAX-071,2,7,116,17,231,176,771616874,6,191592687314,407,34,207443,6d5923cd89607233b729cac13eda1a6804504ca5fc5f188603ca2913e013febf
73,MAX-071,2,7,116,17,231,176,771616874,7,192721806074,407,34,207494,9752acbad7b63a78ab4cbadcc57c32899dac1a911334a11f14d9e1e586be51e6
73,MAX-071,2,7,116,17,231,176,771616874,8,193850924834,407,34,207545,c7ee994bd81813912df0f59d9b7aaa4c186be0315cc4c2bf75f7b4d4c5179364
73,MAX-071,2,7,116,17,231,176,771616874,9,194980043594,407,31,207596,99602f9d21acbf76430eaa1b30a0719b7015af87f236d79f9c22cf93931aa47b
73,MAX-071,2,7,116,17,231,176,771616874,10,196109162354,407,33,207647,e4d9f9fa2705204993743464386f2ad47f23697974148823c23234d80f217667
73,MAX-071,2,7,116,17,231,176,771616874,11,197238281114,407,37,207698,3d5537239502260ea34998032e7aa6bf19985bb411650bb88a91b0daf70de22a
73,MAX-071,2,7,116,17,231,176,771616874,12,198367399874,407,36,207749,492fed10619ffcf7ae2871236d173a6399e62976be1b42f4222a516e437e59dd
73,MAX-071,2,7,116,17,231,176,771616874,13,199496518634,407,32,207800,b2992da544991439977ae0a2a698de76f8442c7dd1a7a5e8c7ab9329bff2148f
73,MAX-071,2,7,116,17,231,176,771616874,14,200625637394,407,37,207851,ca07089e9b5a6c47a79d639ef7c75e37e3b5ae4ae6066efe9e20696d5548ddaf
73,MAX-071,2,7,116,17,231,176,771616874,15,201754756154,407,29,207902,bb91d69f61c0d5f49b847ba58b7e317e5cdc612c5a767f837d8f9f2582dbfcda
73,MAX-071,2,7,116,17,231,176,771616874,16,202883874914,407,33,207953,42f56a044ccbddabbd33a77091c261fb0290d2e3c3aa5b0c3be2afa2f8958c7d
73,MAX-071,2,7,116,17,231,176,771616874,17,204012993674,407,31,208004,84ee47ec06dda971b721e932057e1e0cd801ff6aa1998dca0489fc4141d514b5
73,MAX-071,2,7,116,17,231,176,771616874,18,205142112434,407,27,208055,994588d34da93480c1017a05075b8718e82a9077d91b9fbe9fdcb9a2f5ba2b91
73,MAX-071,2,7,116,17,231,176,771616874,19,206271231194,407,29,208106,bdea9e2cba8dd6e1d680a2e403fd6ee7c8ff831cf39a0911bf7a799273a38e6c
73,MAX-071,2,7,116,17,231,176,771616874,20,207400349954,407,31,208157,cf4beae8dcc7cbcb3b5fcdc64d26fcb84fe5fab3a5f79f80cfd204dcfa43cac5
73,MAX-071,2,7,116,17,231,176,771616874,21,208529468714,407,34,208208,e3dbd3563c4ea32800f2d02439c07e6cc9c3f745a139efd845d8272fb872d904
73,MAX-071,2,7,116,17,231,176,771616874,22,209658587474,407,35,208259,c3aaf54b03d2fe25ea07d5ae0d5769b0beca2f77063b3e94dd3517f4cf81c646
73,MAX-071,2,7,116,17,231,176,771616874,23,210787706234,407,39,208310,6e966531af29e47fa4a56845d4e8b8131734c2822438c1678cb8b3c6f120d1b6
73,MAX-071,2,7,116,17,231,176,771616874,24,211916824994,407,29,208361,a4681cdadfaff79c8643c2904aea3531a75aeb42859a93b4bade04bda5be7bf3
73,MAX-071,2,7,116,17,231,176,771616874,25,213045943754,407,38,208412,dea060400ce3794d7e20b5e5be047382b40cce27375bf6077429bc5e712e44a8
73,MAX-071,2,7,116,17,231,176,771616874,26,214175062514,407,24,208463,85ca2f65130db09b1d7d78c1bcdb2e643dc48e2753032cf77c0f3c7639389286
73,MAX-071,2,7,116,17,231,176,771616874,27,215304181274,407,28,208514,1b8d81c008786b942a0e071da38ece061bf0c42b32a28774b3b88f6dc93ce421
73,MAX-071,2,7,116,17,231,176,771616874,28,216433300034,407,32,208565,63130c42ff498c40fa41cf357a11b4cb83fdb18f6277eda6678ed2da194141bb
73,MAX-071,2,7,116,17,231,176,771616874,29,217562418794,407,24,208616,826d7ee0ddce87cb33f8112655568c005ff7baabcee8eeaec40a0ae8f18980d3
73,MAX-071,2,7,116,17,231,176,771616874,30,218691537554,407,34,208667,f708cd39cb5b3a1f9df158635fa89f234764450d15f202717dacf6a93f496b4d
73,MAX-071,2,7,116,17,231,176,771616874,31,219820656314,407,32,208718,944472d3f2fbb6bda578638dedf2715e7b30e9ad61bd0886d3bedb0e4076c84b
73,MAX-071,2,7,116,17,231,176,771616874,32,220949775074,407,29,208769,f9f23f6a00f95f660640cc2ac0541f1a5486e4cd80cff5d8fe7fdded3bee83e3
73,MAX-071,2,7,116,17,231,176,771616874,33,222078893834,407,33,208820,9fe80b4f5037a4be72d3a3fdc7afe3e8ff53dbb0a16c5ef2d286d46206242df4
73,MAX-071,2,7,116,17,231,176,771616874,34,223208012594,407,37,208871,0b06dd3b3963b7b07900e72dfce3b87b4341a3ff691555a2b7aeabfba15971e5
73,MAX-071,2,7,116,17,231,176,771616874,35,224337131354,407,32,208922,0752af947e69572b7ae9ff13c4d6322ad10291e6e1409fc2df1a22957418bd3f
73,MAX-071,2,7,116,17,231,176,771616874,36,225466250114,407,30,208973,d8ec20df2406fcbe86aae8f8f806593ed9736bc0c272f6035b8cb22d056334d8
73,MAX-071,2,7,116,17,231,176,771616874,37,226595368874,407,40,209024,ebf376a0168a25b5cb2efbdffab4214cade79bbd9ef92972c7805a5eec02536d
73,MAX-071,2,7,116,17,231,176,771616874,38,227724487634,407,38,209075,cfae09e3605a23b5be8cf77c31e53917155b21880359aba02e9db15d151e6ebd
73,MAX-071,2,7,116,17,231,176,771616874,39,228853606394,407,40,209126,397f1da44a71d8c006db3615b5d5717aea52e54896a1688ddba4b86066094e06
73,MAX-071,2,7,116,17,231,176,771616874,40,229982725154,407,38,209177,3891162bf1f09fc2bccd0c2a4994dc9338b3f00f2fe362a8ee69d3e3a99bbd0e
73,MAX-071,2,7,116,17,231,176,771616874,41,231111843914,407,38,209228,67552e868e415add0ffd708ca421b74a0f7d14c14647f2f05fbb5225acea3a54
73,MAX-071,2,7,116,17,231,176,771616874,42,232240962674,407,33,209279,d4df8a13e45705afd1af3deef0e5681c00178bde1048a46340207a5070379cbb
73,MAX-071,2,7,116,17,231,176,771616874,43,233370081434,407,33,209330,78c82d21e1194b4c9ab3f5522d0f5e48382c6739e63ec570afc64da2671bcd87
73,MAX-071,2,7,116,17,231,176,771616874,44,234499200194,407,29,209381,41af0e7ec30dd8db8973d75a356a1be911cfec5ebf79032af41111fdf953baff
73,MAX-071,2,7,116,17,231,176,771616874,45,235628318954,407,25,209432,d3d2cf3ae4bfb2c185fd21159f7fb06ab62d283b6eaf90c96ca8bf3efcaf7e2a
73,MAX-071,2,7,116,17,231,176,771616874,46,236757437714,407,42,209483,27b93859c937382daa7e749f1cc5a8df3adca1b2f47cbb87182f4648ddaafe3f
73,MAX-071,2,7,116,17,231,176,771616874,47,237886556474,407,36,209534,d1fe011fa64b83df6b82ce676c0700f3755b789a1781e41f3a61a4edc16267d6
73,MAX-071,2,7,116,17,231,176,771616874,48,239015675234,407,29,209585,17dab94efbbe8946e8a792de1e0bd57b11300cf12fbf0431ab33561fe3ff009c
73,MAX-071,2,7,116,17,231,176,771616874,49,240144793994,407,36,209636,b617d036467563a19e757e4642abd4d02dd0f1055940dcc5e6dcd308d85e6a20
73,MAX-071,2,7,116,17,231,176,771616874,50,241273912754,407,30,209687,35c8a5143bcd372ff87d65f3996839953ec2fd68a8eedf3dc14af66300820a44
73,MAX-071,2,7,116,17,231,176,771616874,51,242403031514,407,34,209738,1fcbd507cc2e5abdab00c84aa68af14e2a7b070e5dbb683fbb433a29c165bbff
73,MAX-071,2,7,116,17,231,176,771616874,52,243532150274,407,35,209789,b7c2b8228004d0a437053b4046520282cfc3209620064be15fcb24f0d982e740
73,MAX-071,2,7,116,17,231,176,771616874,53,244661269034,407,34,209840,578c15c18c106d258d73b1b97e99f40ed141395b462bfcf34bb7f85c04711e1f
73,MAX-071,2,7,116,17,231,176,771616874,54,245790387794,407,24,209891,487800c1f901dc619e2ceb3d6ca42e163287d5ff3c4bbe8c05711471fa356ad0
74,MAX-072,2,7,116,40,231,176,575248394,0,184621606274,407,38,209942,fbbbfb6192dd47288d1c63cb9243a9f1829b43fd3e5674eb02e0387f101c8752
74,MAX-072,2,7,116,40,231,176,575248394,1,185750725034,407,28,209993,a76dc01151c714861753678f3e0454dd83a421a2529ad4617e68d46ef1e31f7e
74,MAX-072,2,7,116,40,231,176,575248394,2,186879843794,407,37,210044,a03be669a56308cfea5fb323d8ae6ba6e5c59695312a686ec6cf5cf3933cc0df
74,MAX-072,2,7,116,40,231,176,575248394,3,188008962554,407,31,210095,d6e2cf3a3b1a89fa779ee57ce816a8503ba9bdcd30a30d8291f164b72fed53d2
74,MAX-072,2,7,116,40,231,176,575248394,4,189138081314,407,33,210146,ab82ee323989e694996c5aa1cb468cd5bb618b0a2f8a01889a98e68927b30609
74,MAX-072,2,7,116,40,231,176,575248394,5,190267200074,407,32,210197,70b52c63ecd12b2c026f8b0391edb0a62a5817239bf192ff0676db10e0b41523
74,MAX-072,2,7,116,40,231,176,575248394,6,191396318834,407,39,210248,b5baa4acaf3b9d2733fb1daa420bfe65eb680d33b897c9c0a41101d12e6b37ea
74,MAX-072,2,7,116,40,231,176,575248394,7,192525437594,407,34,210299,7606a29d881bf00dbcb52b7a1c12aa1f9f6ce3602bec83d41096e80198843a7c
74,MAX-072,2,7,116,40,231,176,575248394,8,193654556354,407,33,210350,69f0bca074ba84ded12fc5b15888b470c2a08b3cd99d2d96cca9ed6b20bdc4e6
74,MAX-072,2,7,116,40,231,176,575248394,9,194783675114,407,35,210401,d8d741fd1b95ad741c4308830405a93374cd19f48f9e4795bd40e9a82fbc985a
74,MAX-072,2,7,116,40,231,176,575248394,10,195912793874,407,35,210452,50d6daa04788a03d24759fb82649c53095d2e0ed6a193127212364973492effa
74,MAX-072,2,7,116,40,231,176,575248394,11,197041912634,407,35,210503,096a502fb2790e51b91985df9271525f15f17267ab795fc1f50bef5651be3e39
74,MAX-072,2,7,116,40,231,176,575248394,12,198171031394,407,37,210554,eec0416d3b566430f7b82f71e2a67a089f01fb612ce74da0f4b8cf0c19fde573
74,MAX-072,2,7,116,40,231,176,575248394,13,199300150154,407,29,210605,9caf51e676530cdb7a1136874ed1e065e4c482e089de0cf93e1a7a207621eb72
74,MAX-072,2,7,116,40,231,176,575248394,14,200429268914,407,31,210656,75980ab439e125fdc41a3c59d7737f39d02859a94fee33743c9a2a12f4987eb8
74,MAX-072,2,7,116,40,231,176,575248394,15,201558387674,407,44,210707,36635c53d5689500de8aee39859fb5c1509d1e4633b2d053910fabd03aba38fc
74,MAX-072,2,7,116,40,231,176,575248394,16,202687506434,407,32,210758,e2cf6aed4420ec4df0099baea672117a6523bdeb7eef2da7c82324d2af76ca60
74,MAX-072,2,7,116,40,231,176,575248394,17,203816625194,407,32,210809,57fee359fdeb61f7342673870a7d3ac69b736c7247b7f8df9998204dc2f0c700
74,MAX-072,2,7,116,40,231,176,575248394,18,204945743954,407,30,210860,f9b01cb81191539f9dab3bbf80a35a2c5196da270135ec6b9e8bf0f7bd6d4e61
74,MAX-072,2,7,116,40,231,176,575248394,19,206074862714,407,33,210911,9c71963dd52908f7209339d7b00e221620d8e011dcec99c05892911bfe2d3b56
74,MAX-072,2,7,116,40,231,176,575248394,20,207203981474,407,30,210962,6facb4cad212c85800a485844c0cfb48125a233ed6b53468bdf608305845daf8
74,MAX-072,2,7,116,40,231,176,575248394,21,208333100234,407,37,211013,e15b27c8d46adc2fbbac55474f46c1b9d18f11d408d499774f15e3fb21ead083
74,MAX-072,2,7,116,40,231,176,575248394,22,209462218994,407,31,211064,96816137138c5c2e1e85baabec1e5e1cde4077507dfb69ec5aa11647496a930b
74,MAX-072,2,7,116,40,231,176,575248394,23,210591337754,407,29,211115,2278b2aaa6d51c6a29cd91776292bc3677f1444173cdcd4cf2d29a7000dd4a88
74,MAX-072,2,7,116,40,231,176,575248394,24,211720456514,407,45,211166,f6adac5d00103f798946ff00dea14a390fa416455a176a5135d725fd38f85419
74,MAX-072,2,7,116,40,231,176,575248394,25,212849575274,407,29,211217,319a54821d3a5f0fabffd0e4e3ae6f178963cf5640b509c3a87b668bcd313643
74,MAX-072,2,7,116,40,231,176,575248394,26,213978694034,407,34,211268,15155c2a4b4e5bdc01c0c4eba3d142dea80c87afb9058a1c78eff1c93d7a01bd
74,MAX-072,2,7,116,40,231,176,575248394,27,215107812794,407,39,211319,56a9ce5333fe90be8ca351b7d62b4dd9ce445f5cb17de27bbcdc57df80e470cc
74,MAX-072,2,7,116,40,231,176,575248394,28,216236931554,407,33,211370,f04f87bbb17762654948cc546436204ee82cb8be65e5fac4cb0a3d633ef7bc1e
74,MAX-072,2,7,116,40,231,176,575248394,29,217366050314,407,38,211421,d352bef676dd74fa6f968b4fe408e1c9c8a42108dded8f2a89c49b3f4a3bbbdc
74,MAX-072,2,7,116,40,231,176,575248394,30,218495169074,407,40,211472,66721c0153b867b6caf2498d771489da3a941bce55f69405151646181e012504
74,MAX-072,2,7,116,40,231,176,575248394,31,219624287834,407,34,211523,bc8e7e3b004ef8d2c1ff07053775f31d6149a4f51483792178f6d8796af7a22c
74,MAX-072,2,7,116,40,231,176,575248394,32,220753406594,407,28,211574,cdf52285c2f7fcc4b9e49d29df60f6d4f1ff61553d7bddc682d87c363ccf6d2e
74,MAX-072,2,7,116,40,231,176,575248394,33,221882525354,407,39,211625,50032bb522c716f6d402bf89ba2722acb6ad1474a10d3c89b9e05b52909ed83f
74,MAX-072,2,7,116,40,231,176,575248394,34,223011644114,407,32,211676,5b88acca139823761ac5b06f22381243a854bc3c24b2dac7dcc385651d6718f9
74,MAX-072,2,7,116,40,231,176,575248394,35,224140762874,407,23,211727,862363965ac7edd45ea13aa4458fd0c2d18114ec4d96327bcec62135d0f915a0
74,MAX-072,2,7,116,40,231,176,575248394,36,225269881634,407,34,211778,b137d1f50bafe4314de642215b158ffda31fccf1d73ea6ecd89f5fb46019ecd8
74,MAX-072,2,7,116,40,231,176,575248394,37,226399000394,407,42,211829,46e11d38c02d06078d13bf6e9850bbaf10842b75d4a15936000a16c3abf77bfe
74,MAX-072,2,7,116,40,231,176,575248394,38,227528119154,407,33,211880,2b8f6f7fb4fb622224a3b1ddd9eeea3a15a52b7f7e97a8b6fc06e55d8f8167bc
74,MAX-072,2,7,116,40,231,176,575248394,39,228657237914,407,44,211931,666725cf6097d163f414dcb5465f2ca7292c8c881a0d635076b7645025d82b8b
74,MAX-072,2,7,116,40,231,176,575248394,40,229786356674,407,30,211982,0e53fc285f233dd4cf7c6e3b7861861dee9bfa05e89a57458b9767f33d172aae
74,MAX-072,2,7,116,40,231,176,575248394,41,230915475434,407,26,212033,d2efc8c3db0155bb3d1ad5e2b94a13d762b6f4b9d2f6bc5e004d696bd260d3a9
74,MAX-072,2,7,116,40,231,176,575248394,42,232044594194,407,31,212084,46cac327713fa84f1aee58c447e637a7a5b598f5559fa328f5ccb6162cec9699
74,MAX-072,2,7,116,40,231,176,575248394,43,233173712954,407,29,212135,f71269fdaf07d58d3d4a8b4a11e176e598c22b0d66f676f9c982290806dad394
74,MAX-072,2,7,116,40,231,176,575248394,44,234302831714,407,27,212186,946debaa9778f8585963d0d5f3f5e74e3d4e5f0b72a9bd353d374cef8c060833
74,MAX-072,2,7,116,40,231,176,575248394,45,235431950474,407,41,212237,3e547b57ffb929f0c877b06103b72c173b3fd97b5dffc5a2cf574e9f10211a0f
74,MAX-072,2,7,116,40,231,176,575248394,46,236561069234,407,36,212288,8c9d5381b7c1e12c49b5d88dcd71746d46468fe919b8492f5202d406ff9b41b5
74,MAX-072,2,7,116,40,231,176,575248394,47,237690187994,407,33,212339,ed203b9af25afc82fdf13f8cfed17a7ded78012b42909d83a3420991786c540b
74,MAX-072,2,7,116,40,231,176,575248394,48,238819306754,407,33,212390,36b7cd6378cab4a85a349ef4615389e905a84a498eb0fb2088ca5a8a9a33eec8
74,MAX-072,2,7,116,40,231,176,575248394,49,239948425514,407,32,212441,8ec2bb95d494c0b1fafcef6185b5b9cf1489a4a9f2a226565fc214f823c5a131
74,MAX-072,2,7,116,40,231,176,575248394,50,241077544274,407,27,212492,1bbf5f8ef9539e3c98e5bf21d8a2ecb153860e89294034d84d853eb9fa633031
74,MAX-072,2,7,116,40,231,176,575248394,51,242206663034,407,39,212543,099289827b6039ce7ddda34a2f4ce394f9fd3889b5fa7e3d352206a8de527707
74,MAX-072,2,7,116,40,231,176,575248394,52,243335781794,407,32,212594,5ed1d4828df3f0537009155c1a2a48dcd4846af5ae2cc30b5ed767358f80bbdf
74,MAX-072,2,7,116,40,231,176,575248394,53,244464900554,407,32,212645,9c8919ae7a571f85393f5add7c5ad7b20dee4deed504bdf0fa5c23422acb2752
74,MAX-072,2,7,116,40,231,176,575248394,54,245594019314,407,38,212696,6a1a43e939549b5efd9cd4326cc1fdac05381d7887688e2c47df4afb151e8f6c
74,MAX-072,2,7,116,40,231,176,575248394,55,246723138074,407,30,212747,96a64de86e471acbd72793d878f7f435455242158833a77d43b3f1cf775f7b84
75,MAX-073,2,7,116,109,231,176,1115261714,0,184032500834,407,37,212798,89c6e804f02862db33ae4b17a9ab700aebb3d6f81779005a7cf37adda060dd53
75,MAX-073,2,7,116,109,231,176,1115261714,1,185161619594,407,28,212849,50dfff867bef4a5f753cf6d0477613859aa6caddd46fc7971b5ecfc412d26d81
75,MAX-073,2,7,116,109,231,176,1115261714,2,186290738354,407,30,212900,ef2fa2ab0e5470d00a4046c8a26fde5308c2a2ee3246e5dbe762a1f5ca36a8f6
75,MAX-073,2,7,116,109,231,176,1115261714,3,187419857114,407,42,212951,833829106925fad1eccf29d50ba4492536f1a455cd1e2a2d639a54a0f1c512e2
75,MAX-073,2,7,116,109,231,176,1115261714,4,188548975874,407,23,213002,0b749366c9a5b33eac480c83069f9e913ba573daf97ada58dd3be2b3f370cfe3
75,MAX-073,2,7,116,109,231,176,1115261714,5,189678094634,407,36,213053,93ae409794753e11d2a50f822f7e9a0e4b3a24036fe6e688aa10105c07efaf94
75,MAX-073,2,7,116,109,231,176,1115261714,6,190807213394,407,39,213104,bf3c02307baf32d9edd38ee1cb03cf9362190b676b920a6e828490adcd542d62
75,MAX-073,2,7,116,109,231,176,1115261714,7,191936332154,407,38,213155,b2b129da3c9d1f24dd6d68e60e356616f541b3c4f6fa0fbb40b78fc7d8467cf7
75,MAX-073,2,7,116,109,231,176,1115261714,8,193065450914,407,27,213206,1c0d81dbedc5806c07acdbad6c0f95aaa48325b3e5f258fdb5597f8aa3b8247c
75,MAX-073,2,7,116,109,231,176,1115261714,9,194194569674,407,41,213257,27bc2991f5f58ebdaf9aa265c75449c33fd881e88a9393f9ebd6ad9794dae590
75,MAX-073,2,7,116,109,231,176,1115261714,10,195323688434,407,34,213308,39ffab3a8bf7ae28e305644398ae66c3a176a1c5e731b8056e1d4fd56f7a1532
75,MAX-073,2,7,116,109,231,176,1115261714,11,196452807194,407,31,213359,59b10ecef6e90513cb8bd050288b6086ac8d9551be236d50467501b743b327fb
75,MAX-073,2,7,116,109,231,176,1115261714,12,197581925954,407,31,213410,cd5ad44a78f02b1c2eda6e788630cec6a055273355f112cb3b6610c391e6849f
75,MAX-073,2,7,116,109,231,176,1115261714,13,198711044714,407,34,213461,75c8a15ad3e938c358c1185b967b0cc30aea574b8e2425ed9a41a425df9bf636
75,MAX-073,2,7,116,109,231,176,1115261714,14,199840163474,407,30,213512,102af9bae09e3ca3c9acdb1e948bdab582360c35e4aa8e96a37674918b06d0d9
75,MAX-073,2,7,116,109,231,176,1115261714,15,200969282234,407,35,213563,69a3bf0a942416d0735b2097ed5abfb10de63e76bb744a615582b5d7337babe5
75,MAX-073,2,7,116,109,231,176,1115261714,16,202098400994,407,36,213614,56040361f06f68a667294ef750c54b145e8ad7a9addf23862dd629edb348c2f9
75,MAX-073,2,7,116,109,231,176,1115261714,17,203227519754,407,39,213665,d37c72d0c4555211cb85a203da24c70ec9b402144ffd5b4fafb7fbd727f97fd6
75,MAX-073,2,7,116,109,231,176,1115261714,18,204356638514,407,33,213716,988029ff1c2614b0bece8412e5c16121bf595f701af12c750c5987aabaa5cbad
75,MAX-073,2,7,116,109,231,176,1115261714,19,205485757274,407,25,213767,2245217c65cf48b2305fa9ac628b8950206520aa90502d0fab824b5760d532c1
75,MAX-073,2,7,116,109,231,176,1115261714,20,206614876034,407,25,213818,d6fd7a62909fc0f306d1090a5726c2eaca66c082048cb308c9424364479d09ef
75,MAX-073,2,7,116,109,231,176,1115261714,21,207743994794,407,35,213869,305a7f61653f84bb7decddc11b20c12f366805a2817975c2f6bdf92272de06b0
75,MAX-073,2,7,116,109,231,176,1115261714,22,208873113554,407,34,213920,5fee8f1553a9419f19661bd2a17d926bb2b8dbc31df627e7a573b875d3649f18
75,MAX-073,2,7,116,109,231,176,1115261714,23,210002232314,407,32,213971,42a761c9cfdf96dd581f6d6869804afb0681207265a9a7415fa5b4165002034b
75,MAX-073,2,7,116,109,231,176,1115261714,24,211131351074,407,28,214022,2a00941bf8dbb749852e01d6cf3437f5efde00303bb0d29edc582e90cd7b22e2
75,MAX-073,2,7,116,109,231,176,1115261714,25,212260469834,407,40,214073,9993756ae40166992c30eda07985fa4f4bafa4e3d0cc576f68d43eda0d41dbad
75,MAX-073,2,7,116,109,231,176,1115261714,26,213389588594,407,33,214124,5c081bcc8c1387dc6b13f3c2a0b74a2e4e8fc7a4ba2674ae65a25176c66b7359
75,MAX-073,2,7,116,109,231,176,1115261714,27,214518707354,407,39,214175,0a745855fda83c7deb5f1c71bfbe1ac8eda0b371362ddb7979b54f3bb2605ec2
75,MAX-073,2,7,116,109,231,176,1115261714,28,215647826114,407,27,214226,2a6c3871b87bfaaa125333af5d59b4e4f3a91fe93341820bcb09af97c9052161
75,MAX-073,2,7,116,109,231,176,1115261714,29,216776944874,407,28,214277,294c5e57393a83e6507b3c47d999f7cd82b7ecbb6c369a36f0dc09c5a005c61f
75,MAX-073,2,7,116,109,231,176,1115261714,30,217906063634,407,29,214328,342d7e46e725b011360c71968a87a4676160a9cc09ec3f9d93d894b0e488ca74
75,MAX-073,2,7,116,109,231,176,1115261714,31,219035182394,407,29,214379,c970c3ec81b611ce76ed31e9d0006b798226f7c745093baddce23ce8f40118fd
75,MAX-073,2,7,116,109,231,176,1115261714,32,220164301154,407,28,214430,3aa546efdb2202be150ad12035de63eb070fa26d7fd93acf003df44761535e71
75,MAX-073,2,7,116,109,231,176,1115261714,33,221293419914,407,35,214481,51bce48838d4dc27dfb7aa23a1e9d69694f0dd1ec81c4d97daea160551f62986
75,MAX-073,2,7,116,109,231,176,1115261714,34,222422538674,407,31,214532,297cedc7c82c3259748f79c392c42ef08a80dbe777e08e84c21a68dc93ed3ed0
75,MAX-073,2,7,116,109,231,176,1115261714,35,223551657434,407,32,214583,9b3a03586bddbf79ff26829c85a48d181fcc60d9b11d0c4904e6a77e212f7cf7
75,MAX-073,2,7,116,109,231,176,1115261714,36,224680776194,407,35,214634,3f0eb7abbefe617b65b60ab39b37472bdea7ad3acec653a7e447b08263e4cd18
75,MAX-073,2,7,116,109,231,176,1115261714,37,225809894954,407,33,214685,7a132b4f3ff4db696b7df5c8e42e62907b43a289f1fd09c3ec9c9ed992b4ca32
75,MAX-073,2,7,116,109,231,176,1115261714,38,226939013714,407,34,214736,b152b9b4642700efe526e3c2423c80c2e2ec7e2960bf28b6d7a2738be18adf41
75,MAX-073,2,7,116,109,231,176,1115261714,39,228068132474,407,31,214787,cafbf96499f9486e8dda9782b91f2d8c7fc8c45e04aa9dcadf660a2db0bedf62
75,MAX-073,2,7,116,109,231,176,1115261714,40,229197251234,407,30,214838,5bad994ac407c39ddfc725369c690fded3c87bfd4b153fb919977aa0b49aa8ec
75,MAX-073,2,7,116,109,231,176,1115261714,41,230326369994,407,25,214889,7d14776e62724d7fba1f7d60eefec1a1ee2e194e71eb14314a31542c6f7eab28
75,MAX-073,2,7,116,109,231,176,1115261714,42,231455488754,407,36,214940,47f9347f8d4d6f34d24b9c8a73ca209056b01743bfeed4a17762291564d9887c
75,MAX-073,2,7,116,109,231,176,1115261714,43,232584607514,407,40,214991,6343e279cb53153142b0ebe5deb721727853051226024febff602e2575baa1a4
75,MAX-073,2,7,116,109,231,176,1115261714,44,233713726274,407,39,215042,a335c0d423059be65014aa56f12140cd4b1c17d16668f24992956aa953078be7
75,MAX-073,2,7,116,109,231,176,1115261714,45,234842845034,407,39,215093,cae3d4e57f2e59fecffd577917ca89231a1f1f3283bf5354d43077ffcdd8f1ad
75,MAX-073,2,7,116,109,231,176,1115261714,46,235971963794,407,27,215144,2e5ce6f37ed478f91304feff7a0d2d940163f8d4d783d72d716d189c1bbc947e
75,MAX-073,2,7,116,109,231,176,1115261714,47,237101082554,407,32,215195,92e65dd895c830e410ca97c00b06a41a129900733c69b1a1a97c4847c06646c4
75,MAX-073,2,7,116,109,231,176,1115261714,48,238230201314,407,35,215246,8c26a34f3393c30febf7d7ad57802ba8817284d29cc933a84d99f0670ca7bd2d
75,MAX-073,2,7,116,109,231,176,1115261714,49,239359320074,407,29,215297,e58523df47bbab0db9a36f68e928bdd7bb0d6d0b9740253bf261246b5870fe13
75,MAX-073,2,7,116,109,231,176,1115261714,50,240488438834,407,28,215348,a88f29611d1821ec0c0526ad1fa04aa4f1e2c2bcba4b826ce5de75fae5bd283a
75,MAX-073,2,7,116,109,231,176,1115261714,51,241617557594,407,39,215399,ebd9ae7af90f00b949f416fd1f637545c0d2b24cbef647828169483d8ab3a18f
75,MAX-073,2,7,116,109,231,176,1115261714,52,242746676354,407,27,215450,f06012662b51fd690e60918e0b2d83dea8c8dcfca71f55d069483a0dec72ee62
75,MAX-073,2,7,116,109,231,176,1115261714,53,243875795114,407,36,215501,f4bb5496a43dc6c42064a02dae357dab7eb956d13a28b5b4aac314bf3a86d6a9
75,MAX-073,2,7,116,109,231,176,1115261714,54,245004913874,407,39,215552,574b83237275b2d83d19b1dd4eae12eb6af1e9e4cebf701e3becf4b4f147f0b2
75,MAX-073,2,7,116,109,231,176,1115261714,55,246134032634,407,30,215603,4f4c988ff755a937994fe077d804194f6d30353d1d098871d4c4a296c78092ca
76,MAX-074,2,7,116,178,231,176,526156274,0,184572514154,407,29,215654,3e35fd87da8f4aa885b5b973b7264afaf183af40a55222c6f671b9f8d783c654
76,MAX-074,2,7,116,178,231,176,526156274,1,185701632914,407,29,215705,ad147a1f7988e7c49254f0df280266feaced69d96cff65e91a3856472c9e844d
76,MAX-074,2,7,116,178,231,176,526156274,2,186830751674,407,34,215756,31c574441a219da366a9f8e0eaf972e1b7cd7627ad7179373578602933875c63
76,MAX-074,2,7,116,178,231,176,526156274,3,187959870434,407,47,215807,b028b211f9592b82a35fed6d84b68157b84012f72ea20e7b8e52862f3ee6b1b3
76,MAX-074,2,7,116,178,231,176,526156274,4,189088989194,407,41,215858,65646f4a9a03194cea253f324a041199f7ee95863df21f6d4999407da1cbd267
76,MAX-074,2,7,116,178,231,176,526156274,5,190218107954,407,41,215909,ff1fc7c7b6437cdac1efd4b29459c5d32c282f2e32be0867729b81e33a6712cc
76,MAX-074,2,7,116,178,231,176,526156274,6,191347226714,407,30,215960,9b2e80336bcc6b308709c522ab2db1faf9afc74c2f9881cd7dbc72723f83e789
76,MAX-074,2,7,116,178,231,176,526156274,7,192476345474,407,33,216011,552fd4500a37bf0c0530520b6abe58a704035d3a1c691b28f660b4881478a3c3
76,MAX-074,2,7,116,178,231,176,526156274,8,193605464234,407,37,216062,9fb801d2cfb080f5c0ef1575c067ba8158648bbff49a87e178b5f4c1a0593cf0
76,MAX-074,2,7,116,178,231,176,526156274,9,194734582994,407,32,216113,c63914b12bbb8059a90c1bf606d9faaf4c8b0037054e0f7303827d6d5f8f698f
76,MAX-074,2,7,116,178,231,176,526156274,10,195863701754,407,36,216164,72edcba8249180ca726aa96597164621e370dfd4290d36497a92085e6affb130
76,MAX-074,2,7,116,178,231,176,526156274,11,196992820514,407,37,216215,7b376ea9ce8b3bf44f8425caf8d4e2d2b701bea9dca5e90604053958fbff25bc
76,MAX-074,2,7,116,178,231,176,526156274,12,198121939274,407,43,216266,be9f1a01a5f58c6f4694fffeff21cc16fe7c458f586305805b153ced5b80ba63
76,MAX-074,2,7,116,178,231,176,526156274,13,199251058034,407,26,216317,5466f43964519f42a3ad9a83c9b9f4beed244e7236190f35cfa38209ad2049a9
76,MAX-074,2,7,116,178,231,176,526156274,14,200380176794,407,28,216368,456168409d3df52bc6efe89a80368926f3f18904b9d08492296a7d22dfea3417
76,MAX-074,2,7,116,178,231,176,526156274,15,201509295554,407,27,216419,d6f3c3fddc10d6a940f83a4891b5777442c370456e8fcb28f24035910cbe4640
76,MAX-074,2,7,116,178,231,176,526156274,16,202638414314,407,32,216470,c9807eb1c290c5d3957d245a377f3490d04c5187d79ade7c14392a5726cd587a
76,MAX-074,2,7,116,178,231,176,526156274,17,203767533074,407,35,216521,aba986f1b8e4a87a73db50cd4ddf5ffbc2d998e3e2eabbcdf159e848fb8a0ede
76,MAX-074,2,7,116,178,231,176,526156274,18,204896651834,407,29,216572,808e9706dc0f5d24f3805be9a3002a16b9e4cdac38054eb5715aa9f5b1649410
76,MAX-074,2,7,116,178,231,176,526156274,19,206025770594,407,35,216623,54bf9c0789eea4e2645f4a7c4463e0fd391bd2deb8bbb95b89fd864fe5d8f74f
76,MAX-074,2,7,116,178,231,176,526156274,20,207154889354,407,35,216674,98084e4e62bbfbf98f7e1acd7c5d4af282449bddfda072bf32d22982e6d453c7
76,MAX-074,2,7,116,178,231,176,526156274,21,208284008114,407,33,216725,6995a7f6069b98b74fd89b4868a0dedf77c99fdbe1e2044c292d3a866af88df4
76,MAX-074,2,7,116,178,231,176,526156274,22,209413126874,407,33,216776,02a36872287ce5d4c2f4ee2537a017fc883fa7c26ff17a84c0d7aadd740cfd0a
76,MAX-074,2,7,116,178,231,176,526156274,23,210542245634,407,33,216827,1fafc6ef64ce4f21e0c214bcfc71e4229961fe0fc7f8225e684c1f62ca95e1fd
76,MAX-074,2,7,116,178,231,176,526156274,24,211671364394,407,34,216878,c245654f4cc330ec6718db8126009eca9aa68bb1fb9c4566de827c906192a3f4
76,MAX-074,2,7,116,178,231,176,526156274,25,212800483154,407,27,216929,2b2ca1840976d0dc83a5e3e4bdf34f1435098a6c9a2bc514ef489acac44487ba
76,MAX-074,2,7,116,178,231,176,526156274,26,213929601914,407,41,216980,12c7040045028f2207a8186e2b3a5fe2c766e870345df138568474ef4a2c5bdb
76,MAX-074,2,7,116,178,231,176,526156274,27,215058720674,407,34,217031,999a0b8a3aa913385ba7c5d6e0bc0c307ab125ef701a8d39b5198fa722eca6b6
76,MAX-074,2,7,116,178,231,176,526156274,28,216187839434,407,31,217082,b63797732f15a5f193b7746c7792ddc346cd6e2d927204cee0f438bc75d41305
76,MAX-074,2,7,116,178,231,176,526156274,29,217316958194,407,34,217133,8e56f6bf5b00011947e9b221ddb726afd6f36a0f17ebb9386567b2d8d9e65906
76,MAX-074,2,7,116,178,231,176,526156274,30,218446076954,407,32,217184,4a91ad0b2a91a3c7bdc687c6f920137664d20e47e3a772ba6a2072a673f61a6a
76,MAX-074,2,7,116,178,231,176,526156274,31,219575195714,407,32,217235,005104621bfc0ea6af519f0e077f696333e84e0a6eb964f0d0e526cb3dedfd2b
76,MAX-074,2,7,116,178,231,176,526156274,32,220704314474,407,32,217286,21d218af7d99b7b3eccca8d49bab061abed923770fbe9119b7040be9aaf515a7
76,MAX-074,2,7,116,178,231,176,526156274,33,221833433234,407,37,217337,c4200ca28906de21bfcd8e8191026424ba80bb88aba87697c599feaa4eaa3d09
76,MAX-074,2,7,116,178,231,176,526156274,34,222962551994,407,32,217388,8d44703876ae39a4936a1fc7df06cb0588b4b3ba9a1d0d601c4e1f6341c396a0
76,MAX-074,2,7,116,178,231,176,526156274,35,224091670754,407,32,217439,e10a3270ede078b9278de6b872d89ec3812faceb8f9c5a83b214456b30898258
76,MAX-074,2,7,116,178,231,176,526156274,36,225220789514,407,35,217490,0e3abf87bfc6059716b54bb87857918268014674e0fbc64489b6fe2af18e9a09
76,MAX-074,2,7,116,178,231,176,526156274,37,226349908274,407,34,217541,b35d94168df9c33bf0867ae8f0f8cd0d436b7547894a225dcd796bd6d23392c7
76,MAX-074,2,7,116,178,231,176,526156274,38,227479027034,407,37,217592,92f59154c494136cba992d998531f5bf0fc5c69476f9ea9b4398ebc7dbdd5e5d
76,MAX-074,2,7,116,178,231,176,526156274,39,228608145794,407,34,217643,82241a51ebc9a60e2391b6a9b078a9461ebabbb4ab808f53909dfe351f71ae1e
76,MAX-074,2,7,116,178,231,176,526156274,40,229737264554,407,29,217694,934f1e8da67c8fe046f952e9e87476f2ebf8701e94f221653a6b2b0447b954e1
76,MAX-074,2,7,116,178,231,176,526156274,41,230866383314,407,34,217745,4df5a8edf46a98b689307913be5c99c5766119e730bc15b1e5470b52aed526c1
76,MAX-074,2,7,116,178,231,176,526156274,42,231995502074,407,31,217796,a05b9d6bfcf3d789f578b71a6d0210f3046630b7c7f8110248c07ff14d43c51c
76,MAX-074,2,7,116,178,231,176,526156274,43,233124620834,407,31,217847,f516f6299ae23a21ae85483a5912ab8169ae7e1ab3c4b0a1d491dcaf399a9aef
76,MAX-074,2,7,116,178,231,176,526156274,44,234253739594,407,32,217898,c7aabc432a9a6efb2cf9d829075a4ee58edff6a007b6da1eda31b081bef55a34
76,MAX-074,2,7,116,178,231,176,526156274,45,235382858354,407,29,217949,b08ce5bc2e48cfc6183827e1dcb2752eb16b8713e0d0f43d9aa3ca5c5cbc05d5
76,MAX-074,2,7,116,178,231,176,526156274,46,236511977114,407,26,218000,1c098533c70e3e45154b0c0b097e35f9b9a6f4fcd02724edb1deb7d59a49309f
76,MAX-074,2,7,116,178,231,176,526156274,47,237641095874,407,26,218051,8c28d27f9a3be149a6c4a0bd73037b3a35ed09c8b3efce26fcc510d9648f3a73
76,MAX-074,2,7,116,178,231,176,526156274,48,238770214634,407,32,218102,76219cb68864dd5f25c756c7f0b9dbc80cbddaaf061e116018cc8b0e3326db8b
76,MAX-074,2,7,116,178,231,176,526156274,49,239899333394,407,31,218153,c55d6530141dfe0051d283dac3a82c60a9118e8d910aff8c8f13f9edf364ecaa
76,MAX-074,2,7,116,178,231,176,526156274,50,241028452154,407,32,218204,2536d46140d174f939a5dbf1b0c9f34dfd3e22819c7a2d7557ce074ec03a670e
76,MAX-074,2,7,116,178,231,176,526156274,51,242157570914,407,29,218255,4ba7348e64854f911aed992a5f97cec18b4c5faa0441a4d41d0c483bd9719aca
76,MAX-074,2,7,116,178,231,176,526156274,52,243286689674,407,29,218306,c6a631494f3beabf6b507135f5c22ac3edfb3717e2a6c31fa7681680183c4223
76,MAX-074,2,7,116,178,231,176,526156274,53,244415808434,407,23,218357,0a9bc73b0a373d65796700091280a846ae5b5eabcd54df1cdcb025baa1dc5896
76,MAX-074,2,7,116,178,231,176,526156274,54,245544927194,407,35,218408,4a9ee3daa34bd2fcfed178ac2e521fb90177424546b2e69cc0ca8094ef8b855f
76,MAX-074,2,7,116,178,231,176,526156274,55,246674045954,407,27,218459,9c95417980af485dc33d4dbde041b5f46a9d30db113b4b3f89bb82bcb68b62e9
77,MAX-075,2,7,116,224,231,176,133419314,0,184179777194,407,39,218510,380d49be79d38c17c4fbaa5d2b8fa6f4325ba61231de95343992ec2af45c379d
77,MAX-075,2,7,116,224,231,176,133419314,1,185308895954,407,46,218561,231c9f39376439ab7eabe8e6e084ebe50544b8cbdceb9849fffa4f9c55098491
77,MAX-075,2,7,116,224,231,176,133419314,2,186438014714,407,39,218612,2f638a51dfe2f6ab0744cc8a6ee977a9342c1757c9810601a2f5ccade8fa5a97
77,MAX-075,2,7,116,224,231,176,133419314,3,187567133474,407,40,218663,afbcce90cbb040f549c64841921651dcd54d221cd91c10ed631eb462242220f8
77,MAX-075,2,7,116,224,231,176,133419314,4,188696252234,407,28,218714,6a8b75ff2672136eb32efc43ee909f7bd64dcfa5a4a2827f18900c8f31e967e9
77,MAX-075,2,7,116,224,231,176,133419314,5,189825370994,407,28,218765,9f158055ef3ce81bf10243380abe9518ad4b34d756d78068c8d0ed3aa340eb8f
77,MAX-075,2,7,116,224,231,176,133419314,6,190954489754,407,33,218816,79eb5653de4a53bb532a011f0156835ec57cd8fcb038dafd1d2c6a4b6f41f3a5
77,MAX-075,2,7,116,224,231,176,133419314,7,192083608514,407,30,218867,e2df27be5120623d5ce52004ef7ab1ce08f26873a5199289eeee856bb922fc06
77,MAX-075,2,7,116,224,231,176,133419314,8,193212727274,407,27,218918,d22553bd4c69dea5c7caa2f53a1ca05390405987861ab7d2c28d5374128a3df4
77,MAX-075,2,7,116,224,231,176,133419314,9,194341846034,407,39,218969,f49538a2d386917f50daa8ea4276d220476fb9bc5aa9135e4f184ba41fefb759
77,MAX-075,2,7,116,224,231,176,133419314,10,195470964794,407,39,219020,3606126bc7662e7418b25d93b56e5f90e66751b8544a2270e129b4ec63a07b81
77,MAX-075,2,7,116,224,231,176,133419314,11,196600083554,407,29,219071,8074b0a33b6d22813175ea99a0e30e6b34e7d7f1ac450f6891ec24c81c0bc95d
77,MAX-075,2,7,116,224,231,176,133419314,12,197729202314,407,37,219122,229e614368db7daf9bc789974be57367de454692ce85ed94467046faf8a52718
77,MAX-075,2,7,116,224,231,176,133419314,13,198858321074,407,32,219173,fba8264014f75c235d12673249aeacc75f6682975fdc90bb97fa715e5d8b70e4
77,MAX-075,2,7,116,224,231,176,133419314,14,199987439834,407,34,219224,d9c8bc0a71cad127ae3ed7ae79904eac346c68dd0430486226d9bc10b93262ba
77,MAX-075,2,7,116,224,231,176,133419314,15,201116558594,407,34,219275,9864d8cbf862a8fcd2222028bab6d48dff340c5f965d72ebb98c7cea9145ca54
77,MAX-075,2,7,116,224,231,176,133419314,16,202245677354,407,35,219326,b8ecdbd906f429bffb04ae56102219658d037126b675375a4f8138f2ea9e6f71
77,MAX-075,2,7,116,224,231,176,133419314,17,203374796114,407,29,219377,037c7bac92a821299aa367c3b610ccbafd400efb5ffbd7e8f1888852e18e6f67
77,MAX-075,2,7,116,224,231,176,133419314,18,204503914874,407,38,219428,b66bd9fd044460fd78e2963a1058d2c10e30954c5a99809ce28ef2133a491421
77,MAX-075,2,7,116,224,231,176,133419314,19,205633033634,407,29,219479,ed00a0bb5aa2ec176191ac168c9e5f6e585d7d6be6c917f48872985078af2bc7
77,MAX-075,2,7,116,224,231,176,133419314,20,206762152394,407,37,219530,0919e360a63bab3784b8d747fa01c942f1bcae8c8f3d9129c1943949934830d9
77,MAX-075,2,7,116,224,231,176,133419314,21,207891271154,407,29,219581,f47444141456876dc4ecd03b7980f3c40e99c5104dd232116e3b2ba1578b662f
77,MAX-075,2,7,116,224,231,176,133419314,22,209020389914,407,34,219632,d9de7b8d37bcc99df00c1be6140c27a00ba5519ae5f47f815d4abe27e5db7842
77,MAX-075,2,7,116,224,231,176,133419314,23,210149508674,407,31,219683,265f80d838c5ee1bbd734a654fa042816e6029346fb2a89278a37d94ed6c9d4e
77,MAX-075,2,7,116,224,231,176,133419314,24,211278627434,407,41,219734,58c8e1d4644035eb2f0be8c033b3bc32cbae52541df8a796324f855862dfe1b5
77,MAX-075,2,7,116,224,231,176,133419314,25,212407746194,407,25,219785,63bc2387270d05be4d20fc3de82bf7e566d7d09f332cb956ec4a83166e3ccd61
77,MAX-075,2,7,116,224,231,176,133419314,26,213536864954,407,32,219836,9df4d056b87136e3edd055cb0aff2bb227e679dbbefcbd7873675bac03528a12
77,MAX-075,2,7,116,224,231,176,133419314,27,214665983714,407,37,219887,1e6159f505bcabcca55e6a7c68968104bf9693f564cacbc10521dfb2f9d3cabc
77,MAX-075,2,7,116,224,231,176,133419314,28,215795102474,407,46,219938,3acf4805fe75ce4e1b7c36247b207e8d44c92ddc20473edec580cd5982488776
77,MAX-075,2,7,116,224,231,176,133419314,29,216924221234,407,37,219989,7fce929ed8f3c1045a1e86ff451e616b4298fd75f1bfc273b91366c4304f577d
77,MAX-075,2,7,116,224,231,176,133419314,30,218053339994,407,36,220040,52a9257d6d42578e61143997317628c823d72b84c78135609325cd8acdbe4965
77,MAX-075,2,7,116,224,231,176,133419314,31,219182458754,407,32,220091,7c18d7f3c29c5582b7a80e3f772074e674877e1c77b762949d4ed091b069167b
77,MAX-075,2,7,116,224,231,176,133419314,32,220311577514,407,31,220142,ce970de7540e6014a34ba00bccef52876dde2d96481e5b63c82d78d7c7a3c467
77,MAX-075,2,7,116,224,231,176,133419314,33,221440696274,407,34,220193,ddcecd691d07e92273dc1fcb553c434ed30205eb82d98d4b9cf5285a2f755469
77,MAX-075,2,7,116,224,231,176,133419314,34,222569815034,407,30,220244,b009ee51108b9be8c26971cadff2306009f3bf88a1679f7e8da10754c70f7916
77,MAX-075,2,7,116,224,231,176,133419314,35,223698933794,407,32,220295,3574c6d3b03216645e767691a3c26a95a07713da33677092be6123ef8ca93a7e
77,MAX-075,2,7,116,224,231,176,133419314,36,224828052554,407,36,220346,8b4af12f48f6d088fe4c71e382070f4dea755b3697c2965acd113b91c14a7ccf
77,MAX-075,2,7,116,224,231,176,133419314,37,225957171314,407,40,220397,d8d6025e1ef94e9352881c6ce2069283fc29f78652aa993e147bf024a63b9055
77,MAX-075,2,7,116,224,231,176,133419314,38,227086290074,407,29,220448,c9667ff807b41897ed4cd555c519f9b9df3e4e19db60d83f1d3b50576ac4e071
77,MAX-075,2,7,116,224,231,176,133419314,39,228215408834,407,30,220499,cc60c9b1286e770889290615485aaaba85d8ceed572243413657a2e5e7d86e83
77,MAX-075,2,7,116,224,231,176,133419314,40,229344527594,407,27,220550,03415068cf770399c0cf8167dc7942377d43f4351c66c3f8cc97a27bb88422c2
77,MAX-075,2,7,116,224,231,176,133419314,41,230473646354,407,32,220601,e5c2d7c51a6f0a2fd7a99485db0ea07e11f01749a565e7b257ecf30cc79ceb9a
77,MAX-075,2,7,116,224,231,176,133419314,42,231602765114,407,37,220652,05611a94a6ddf37111969298ecb93c01a4ef700e191ca2fb4f84f8400287cb8c
77,MAX-075,2,7,116,224,231,176,133419314,43,232731883874,407,38,220703,b959d4163fde7dc5e62ac176956f1499b77100476ed5951c9407b4828af43392
77,MAX-075,2,7,116,224,231,176,133419314,44,233861002634,407,31,220754,6e899b2c65df38d0a2bca3952e87fafbc10ee273b1eb9a1195c29df947358172
77,MAX-075,2,7,116,224,231,176,133419314,45,234990121394,407,45,220805,5f515708a87000b66ea980f1de8542d28e7011478c3f1ae1db6a68e170371084
77,MAX-075,2,7,116,224,231,176,133419314,46,236119240154,407,32,220856,fa42486dda61639240cb2bf1da32ff9e853f5d2d9ad426245fe44f311d142d36
77,MAX-075,2,7,116,224,231,176,133419314,47,237248358914,407,33,220907,3f424498006434e4c81215feb19d80eb7e678895a196eff4f29beef439c829d3
77,MAX-075,2,7,116,224,231,176,133419314,48,238377477674,407,38,220958,e7d723b90619482a8073516449c7fe3b1b94649f129650b274f4a78dfed6d1b7
77,MAX-075,2,7,116,224,231,176,133419314,49,239506596434,407,34,221009,968791db4c6535698125cc5797cfee213699d54a88c893ab59edc04b21449939
77,MAX-075,2,7,116,224,231,176,133419314,50,240635715194,407,30,221060,38e9ca7d4723a3e2d2dcade169fdc31e9c20f81eb50243f7e68664dfb62d0255
77,MAX-075,2,7,116,224,231,176,133419314,51,241764833954,407,36,221111,06d3245aca00c11f79c78b1ae24d500cf1ca335e786de39908437d0ff7d144e3
77,MAX-075,2,7,116,224,231,176,133419314,52,242893952714,407,37,221162,503f68c4a2c5087beacbbc95e4dedf16207edb2bb607414ab9194664469fb8bf
77,MAX-075,2,7,116,224,231,176,133419314,53,244023071474,407,37,221213,c71ca55fa4e0e055ccbef82b2fcac45f540abdf23858ae6696ef5c67a88552bf
77,MAX-075,2,7,116,224,231,176,133419314,54,245152190234,407,34,221264,7844ad0d6368044d8206d7d6c4c1394ee84e93d5df299ece938d5472e99b80d2
77,MAX-075,2,7,116,224,231,176,133419314,55,246281308994,407,37,221315,6864e094c2581f10b80b83f9f02ceb54f8000303a0f24aaaa07d4c97cd19e52d
78,MAX-076,2,7,116,247,231,176,1066169594,0,183983408714,407,35,221366,36d024fc9788bff6a6ce805de035cf6933fda7d64d99466f23d456f6019c3f10
78,MAX-076,2,7,116,247,231,176,1066169594,1,185112527474,407,38,221417,40931ce75c55a61285a3a23c3c440b0f0311c84e31af3589c6a6b3f6e70a0369
78,MAX-076,2,7,116,247,231,176,1066169594,2,186241646234,407,40,221468,161c73de130922882a8869ded79d8d7b2e81d44b7f973f283359b07274068fe6
78,MAX-076,2,7,116,247,231,176,1066169594,3,187370764994,407,27,221519,3111d8ffaf34995c73751fe23998c8a817cdefebdd95008f76773163f45316c4
78,MAX-076,2,7,116,247,231,176,1066169594,4,188499883754,407,26,221570,6b11ac856f6ded9789236ea198d9ad71c3cc7911b165be71c2c947ceb53ca4c5
78,MAX-076,2,7,116,247,231,176,1066169594,5,189629002514,407,37,221621,367a46419cf404b7bc4eec00d14cb1d65884a4e4a75fef90224769015f9fa538
78,MAX-076,2,7,116,247,231,176,1066169594,6,190758121274,407,28,221672,bece3b32c40e1e7606c4d3ea532a829ec941a76735f58399c9c9f1705a1ece51
78,MAX-076,2,7,116,247,231,176,1066169594,7,191887240034,407,27,221723,5df60954a37bb59df8a7c060702d464c388f76dd16588f7305e7a547e11b1e1f
78,MAX-076,2,7,116,247,231,176,1066169594,8,193016358794,407,35,221774,645c8202eb92f08b13191e8f4429089661b1bb8d67078f5fb94fb19c7d025dd1
78,MAX-076,2,7,116,247,231,176,1066169594,9,194145477554,407,36,221825,86583cd1980ab4a2a8ff41fae2b60b46b08ff58ac1e3a4f38c84dee01fc7de38
78,MAX-076,2,7,116,247,231,176,1066169594,10,195274596314,407,34,221876,db8369d714a65ced1b40fd13c4b04dc126338f05db14027d98ccdc72a1f3274b
78,MAX-076,2,7,116,247,231,176,1066169594,11,196403715074,407,28,221927,943087ba7905093c1432979f847442594d0431084d1bca81b7aa7ceea85afa26
78,MAX-076,2,7,116,247,231,176,1066169594,12,197532833834,407,41,221978,eca7ef48ea77a523f65e09644018aca610c531b654d207bfe2573b25186f7830
78,MAX-076,2,7,116,247,231,176,1066169594,13,198661952594,407,34,222029,f35a5abfa8d8f9acb5af06cda8496a96d6267bee5c634a95a39cdb0d2840962b
78,MAX-076,2,7,116,247,231,176,1066169594,14,199791071354,407,32,222080,379cf782773e2b7b43ebebdbc0798e2e36cd357a92889ae63d1b20fa239f9dfa
78,MAX-076,2,7,116,247,231,176,1066169594,15,200920190114,407,36,222131,02e2cdf3e4ef79b1d19028d3d4aa0fbd6b9310b5b3c8fe9707278917569501fb
78,MAX-076,2,7,116,247,231,176,1066169594,16,202049308874,407,23,222182,3b4ec97b292bdb00f9de8396121ebf7b4a3ab57d9eac7e05ac98c68bcde9a95a
78,MAX-076,2,7,116,247,231,176,1066169594,17,203178427634,407,32,222233,8908a4830415cef720cce6a2ebf9451bba7a589992592b1315f3b4164973a442
78,MAX-076,2,7,116,247,231,176,1066169594,18,204307546394,407,40,222284,d64f78d4df07494e00a047617eae79dde1111bce93987f1a8799d8be3ef04ce1
78,MAX-076,2,7,116,247,231,176,1066169594,19,205436665154,407,26,222335,f46d843a11c7ec7798fcfa171ca0f32a54233e4d42d797beb31fa747c12fb7e0
78,MAX-076,2,7,116,247,231,176,1066169594,20,206565783914,407,30,222386,b55e4990321ee75aec4071e95e446d609aad51c049d1623a3f9c309580933515
78,MAX-076,2,7,116,247,231,176,1066169594,21,207694902674,407,36,222437,421bbdc0c3c9cfb327a7d3c863afa515248b533d9319d198be448bfc1c132d58
78,MAX-076,2,7,116,247,231,176,1066169594,22,208824021434,407,29,222488,2870fdd4540a02825b63af31d0e96bf13420e70e4a2abaf83c5dd46f5e4faf4e
78,MAX-076,2,7,116,247,231,176,1066169594,23,209953140194,407,40,222539,7be97075e33f521855680c67bc1704538bc795b3ea7b8cc9c9f90fbc7cf15aca
78,MAX-076,2,7,116,247,231,176,1066169594,24,211082258954,407,26,222590,dbb1e5898bcadc259711ddcaa4ae1477ee8a301c2ca3abc1d26cd730cbec8b0e
78,MAX-076,2,7,116,247,231,176,1066169594,25,212211377714,407,29,222641,4f81dd1e42912ca2b51875b588167f8d669314980d3c59874d86fb0d35a6c0fc
78,MAX-076,2,7,116,247,231,176,1066169594,26,213340496474,407,38,222692,5dd4eee672ef011427f8eca5e14bd0bb31397b1cc6f237c6cbec8db6b093faf0
78,MAX-076,2,7,116,247,231,176,1066169594,27,214469615234,407,35,222743,848f228903e1915b40f1881fa40700caa8888c3ffb1894a1929bc4a73422acb4
78,MAX-076,2,7,116,247,231,176,1066169594,28,215598733994,407,25,222794,8a8be51b647fb0d8c834ca37b5001c716ff03bd44bdeb3a83a0232f0ae632e40
78,MAX-076,2,7,116,247,231,176,1066169594,29,216727852754,407,42,222845,f6068fb9456b75852176d9efeda7ad91b23e17acfa6b4ff6133e28f63c3dd73d
78,MAX-076,2,7,116,247,231,176,1066169594,30,217856971514,407,33,222896,b921251c189e1c72e2a5e27fc6252c6be474bd5abfd450583a51836d04cda701
78,MAX-076,2,7,116,247,231,176,1066169594,31,218986090274,407,27,222947,d36b499f3032ac7132b36ce9c18aafcdbcc72fb9f80986aa4cbfaa34cd9b479a
78,MAX-076,2,7,116,247,231,176,1066169594,32,220115209034,407,40,222998,268cdb55b6fd31611b615c2153e907a04d7e6aea3e212ec3fda7bd34c1f005fe
78,MAX-076,2,7,116,247,231,176,1066169594,33,221244327794,407,31,223049,7c06ea8aa13f23c50982019bbe6fe73897f24137698c6c97157b0601620bceb8
78,MAX-076,2,7,116,247,231,176,1066169594,34,222373446554,407,36,223100,8de3007e9c03593f747ed15dcf711715a1df129e5a51dc425fcb452077adc1e1
78,MAX-076,2,7,116,247,231,176,1066169594,35,223502565314,407,36,223151,d3e2564269a06f009d9634e2909b563254e7415d777ff544f3b5914252801298
78,MAX-076,2,7,116,247,231,176,1066169594,36,224631684074,407,36,223202,2d226b1162c4dc9ed5faf55d0121575c252c157c65260c83690cc7323b3809d1
78,MAX-076,2,7,116,247,231,176,1066169594,37,225760802834,407,42,223253,4938280f9f4670f3c1d3d0d6a4531931d924e0af06407404ee12d38b1bc392e1
78,MAX-076,2,7,116,247,231,176,1066169594,38,226889921594,407,34,223304,1fe27890aa1a0d5578325cf87ea20e4940c5b1364cf1c7b8055caa65c4d41b71
78,MAX-076,2,7,116,247,231,176,1066169594,39,228019040354,407,27,223355,75d04cbdcdb55aba05bb44d7fe617d1739c77cd4d5a2be4e4e3cdb125e26c404
78,MAX-076,2,7,116,247,231,176,1066169594,40,229148159114,407,29,223406,5202c025f608f76d0c03fc6bc795a79d028d3b51c08e1c98a6ec070c4761a028
78,MAX-076,2,7,116,247,231,176,1066169594,41,230277277874,407,37,223457,a4f4086958c9fe8be01073efe773567d0d4c06a4ff3f34a897ea92dec06a4bad
78,MAX-076,2,7,116,247,231,176,1066169594,42,231406396634,407,34,223508,8f79b8b996c829c3fdebfad335b09c0d02d1139faa33b5ad399209a472b603f5
78,MAX-076,2,7,116,247,231,176,1066169594,43,232535515394,407,34,223559,484607409cc5fd14253930ee4687e56ca1cc09498719782e0aa24b3eccf28771
78,MAX-076,2,7,116,247,231,176,1066169594,44,233664634154,407,38,223610,07a1e0d889383d87cf5c46feb68cb6db76bb09d534fe50606275709c08563dc8
78,MAX-076,2,7,116,247,231,176,1066169594,45,234793752914,407,37,223661,7a05e1bc2b4a66593b6c89e6881312bb1f098763f92d4fd90902faf2c012b025
78,MAX-076,2,7,116,247,231,176,1066169594,46,235922871674,407,33,223712,2e65a13da115a93bb4383a3b774b860b1f29a1764fe328510d91f86599e24ccf
78,MAX-076,2,7,116,247,231,176,1066169594,47,237051990434,407,41,223763,4e90d7df354c19a6b8d2ce971dceff65a1f51e7e93666ea0c91223adfb358888
78,MAX-076,2,7,116,247,231,176,1066169594,48,238181109194,407,37,223814,87c672ddbcb5c9f06b783c63b04e876655eaa43d5fbd26703bd8d8e6dcb6c63f
78,MAX-076,2,7,116,247,231,176,1066169594,49,239310227954,407,26,223865,d096afdefd6dc6d1e15e38a1e21607182041301cb57f5db88985e63529c61bbd
78,MAX-076,2,7,116,247,231,176,1066169594,50,240439346714,407,38,223916,f4938a84996ecd486f13415e3bf4e7e0195ca53929627bc787e88223bfac7075
78,MAX-076,2,7,116,247,231,176,1066169594,51,241568465474,407,33,223967,3256cc4ef4920c11dfcc2a8796b245ebb5194ca3e304de0e09a1a5b2e5b33686
78,MAX-076,2,7,116,247,231,176,1066169594,52,242697584234,407,22,224018,4ca9a91e2462873d0983541b9bf810fa984c174ddd0e0ed785ba52cb3a80fca6
78,MAX-076,2,7,116,247,231,176,1066169594,53,243826702994,407,39,224069,c1b804708e8b2dc04b29304a253d054a9275edf29d22ce63374cd07b4f532406
78,MAX-076,2,7,116,247,231,176,1066169594,54,244955821754,407,37,224120,41bd6818cc21704b10740a4bb6592154e0adc955b5dcde995ef4b0fef4fd5611
78,MAX-076,2,7,116,247,231,176,1066169594,55,246084940514,407,35,224171,0b6364d6b21d8c419862e06af87277b4c5432a960346953016dcef16daaa9738
79,MAX-077,2,7,116,270,231,176,869801114,0,184916158994,407,38,224222,229da6294c3b2aa67fe9575f75742836ea612f1aae264a54cbc8b1ee9785e2f8
79,MAX-077,2,7,116,270,231,176,869801114,1,186045277754,407,33,224273,ba756be5bb5c38bdf36c32842747359d8fa596cb9490019c68db547b64e5b165
79,MAX-077,2,7,116,270,231,176,869801114,2,187174396514,407,30,224324,c6df2bbbfe193fbe27d3de3040b8e1c55ec7874d12602d2a0bb1f75845ecd008
79,MAX-077,2,7,116,270,231,176,869801114,3,188303515274,407,41,224375,654c1f91638849db2d681ee46d846045f29e8600090cb1d6314d8769f27342e6
79,MAX-077,2,7,116,270,231,176,869801114,4,189432634034,407,34,224426,6540274a4dc3d1fe37a6f08fa5db29b303729278e9a58f9cc2994da564f13fe0
79,MAX-077,2,7,116,270,231,176,869801114,5,190561752794,407,23,224477,7017f3a987b556d0fb4e8df8f7236155ab477244a5ddcfafa7358b11be430f07
79,MAX-077,2,7,116,270,231,176,869801114,6,191690871554,407,40,224528,12f12fcecc7333f46ed2eaca7be6aa03a3d0a112032b13a0b764bbd9afa97d3d
79,MAX-077,2,7,116,270,231,176,869801114,7,192819990314,407,43,224579,9c360b3927cc4806550822dd13944229f84c03368131b53999ff01ccc4fd9565
79,MAX-077,2,7,116,270,231,176,869801114,8,193949109074,407,33,224630,cb0d51e41ef1dc71753a6c8865e236d3b9406ab9479466aafa816092300235dc
79,MAX-077,2,7,116,270,231,176,869801114,9,195078227834,407,44,224681,a6db90d8990f89397f7dce14a19371bab1b43d7160cb7d51ff29a04c64d40e3d
79,MAX-077,2,7,116,270,231,176,869801114,10,196207346594,407,30,224732,f2b982f45ca0a7d6066bf58978f3ea2bbc3cb654c723d9d93005966825bbccd9
79,MAX-077,2,7,116,270,231,176,869801114,11,197336465354,407,32,224783,1001c68d6acb1741c0ee30c1cbd642316fb1c3320d19f1edffe76fa3b554d2c9
79,MAX-077,2,7,116,270,231,176,869801114,12,198465584114,407,32,224834,25430e2b3c347137c06de9aaa4df4625f5fe60f7c50dde619989d8001d0efe3b
79,MAX-077,2,7,116,270,231,176,869801114,13,199594702874,407,29,224885,f17167f9315347f2b95f3d5d98df46ba16ec0c3ba0010602d5212972ae74ccb2
79,MAX-077,2,7,116,270,231,176,869801114,14,200723821634,407,27,224936,9763b8f43c8aff05ccd0e6e26538cf066f4cd6f777436c6d31e01444fedc3cfc
79,MAX-077,2,7,116,270,231,176,869801114,15,201852940394,407,31,224987,3da859befb4ed8663a4e5a50f6e53e3137379980592ff800dab61ee4ed0e4a86
79,MAX-077,2,7,116,270,231,176,869801114,16,202982059154,407,26,225038,e3a2bf3d1adf85d50f2d1b065e5c40e6c01a6ce3cb5e847078e2a34833f36ea2
79,MAX-077,2,7,116,270,231,176,869801114,17,204111177914,407,32,225089,0bf0bc362559a175be6a143b4dbd606a70086103b675393d3938f4d703366108
79,MAX-077,2,7,116,270,231,176,869801114,18,205240296674,407,32,225140,94850c1e0a635f2c8dd484b982aad7ef92b81f45b23ba50146c0ba9e81eea23b
79,MAX-077,2,7,116,270,231,176,869801114,19,206369415434,407,35,225191,35f16c35da8554b44826106be46137edba9ba3a0fdbe59e0df57d9f002428bce
79,MAX-077,2,7,116,270,231,176,869801114,20,207498534194,407,26,225242,dbe13110074f1d4a3eb7be4c8aba7ca4470a7a1f686fac5921e9749c9663f78b
79,MAX-077,2,7,116,270,231,176,869801114,21,208627652954,407,37,225293,2bc90ef0b3870984d087436899155def1a3e98374a8a92c75f3e2a50b9b04520
79,MAX-077,2,7,116,270,231,176,869801114,22,209756771714,407,30,225344,1b54e5880fead4d863b7218c0b00d35c5ac42fdda890c2e6b5e80d3e3bb9ef84
79,MAX-077,2,7,116,270,231,176,869801114,23,210885890474,407,29,225395,634ffa5ee30889b72382f5960e8602be2ff58225b1db9df4ead318d41505cf95
79,MAX-077,2,7,116,270,231,176,869801114,24,212015009234,407,35,225446,420328f1174a26ee592217e7a8abcca313e63bbe307b3a599bf08f5ced64958c
79,MAX-077,2,7,116,270,231,176,869801114,25,213144127994,407,41,225497,4e1354d157b0062a6383abee339f5dff246512b088c5189f7879b90ae5539fd4
79,MAX-077,2,7,116,270,231,176,869801114,26,214273246754,407,37,225548,42610e8d8b0b156d20277a68de34b798bbb51261f803a8e85b77fa90a739bbe7
79,MAX-077,2,7,116,270,231,176,869801114,27,215402365514,407,42,225599,b70ecde25de04dbe0438cd131e8d89d9534310c003f7e95a7aacc574cf4440d1
79,MAX-077,2,7,116,270,231,176,869801114,28,216531484274,407,35,225650,116025e73861da4b9996c054d48c80c8e6da714157e887952dc99ee4971d4ab2
79,MAX-077,2,7,116,270,231,176,869801114,29,217660603034,407,29,225701,e4a183b736478d68e6baf42e83ce5bdff501f5d361e94c5351cd7f392d5ff699
79,MAX-077,2,7,116,270,231,176,869801114,30,218789721794,407,33,225752,aebc8849833f8c93f0755af293cb1db7283a53f34368df98da6d61a8c09f7d16
79,MAX-077,2,7,116,270,231,176,869801114,31,219918840554,407,35,225803,547785aeb47f9af447355d27607f1077d1c44a2802250f7efd13e471c464e859
79,MAX-077,2,7,116,270,231,176,869801114,32,221047959314,407,30,225854,b3896cd5e209e1bf6110b3a2813ff8fec5395851188a01f7d8356222d763c801
79,MAX-077,2,7,116,270,231,176,869801114,33,222177078074,407,32,225905,4cd40771926136bbeb886e1a1d3b284e0529bc6746f352aaf53ea2f57dbc99a4
79,MAX-077,2,7,116,270,231,176,869801114,34,223306196834,407,29,225956,fb6b0b8e1b09a36c2bad79e326209fc8d31e043e2fdda0ed67c6b4835fa2b38e
79,MAX-077,2,7,116,270,231,176,869801114,35,224435315594,407,26,226007,c1d80dc7e04ee68a71862429dd639e041b29487ccf1d912aae8cfa18e0353283
79,MAX-077,2,7,116,270,231,176,869801114,36,225564434354,407,36,226058,80466ecd1ece7d5d918240c8ebffe5e7a4c5ceb78a69197c132108d7c02de4b8
79,MAX-077,2,7,116,270,231,176,869801114,37,226693553114,407,34,226109,6271aac9228e163f1a66c72758c97d66e292566fe770e926989dfd6247f32e4d
79,MAX-077,2,7,116,270,231,176,869801114,38,227822671874,407,34,226160,2f65caa9773f56120206454119bdd8a891a1c6e2f70aa744ac8c4083a5248596
79,MAX-077,2,7,116,270,231,176,869801114,39,228951790634,407,43,226211,841a2ec35491b197cc1339634407fe14b7beee480bdc1751b69927a5342cad23
79,MAX-077,2,7,116,270,231,176,869801114,40,230080909394,407,35,226262,0a1ad3bfb56c070a391337c2cb81f59e27bc57a80fbea90a828a406ddd0a5c7b
79,MAX-077,2,7,116,270,231,176,869801114,41,231210028154,407,32,226313,3fbd1d236869cf7f866950eb2b0a8a7a382bc90fa89f2a506ea6593a7dedcfd0
79,MAX-077,2,7,116,270,231,176,869801114,42,232339146914,407,42,226364,a7308a7913223836de19af10f26cb6c30aa5d7eee542ddae8a4bd0922575e5a8
79,MAX-077,2,7,116,270,231,176,869801114,43,233468265674,407,33,226415,1347b39648b6bd179cfac024dbfb0ed82865722b07a6b45bc2947f82da12b07a
79,MAX-077,2,7,116,270,231,176,869801114,44,234597384434,407,35,226466,4195c2d0d33df080fee8d980256426f36dd0fd9ba72869bc8284863d2f9c7aa0
79,MAX-077,2,7,116,270,231,176,869801114,45,235726503194,407,36,226517,cd73a613e475cc9aef50954c24c14ec28909127ef4e02ca5ff1d172f48268126
79,MAX-077,2,7,116,270,231,176,869801114,46,236855621954,407,31,226568,be7c533d84ba2b48bbb56820ef66075d4ee5468c34a9cdce46630d703d2df41a
79,MAX-077,2,7,116,270,231,176,869801114,47,237984740714,407,30,226619,1a348c5316ac362dfdaf390eef8b5ba2552965d2b9b19b64cb86b4e808bb1974
79,MAX-077,2,7,116,270,231,176,869801114,48,239113859474,407,33,226670,1ee0dd1cc107a33dd30117e29e8d97dab5ecb6e04e1418538bcf046c0be047db
79,MAX-077,2,7,116,270,231,176,869801114,49,240242978234,407,28,226721,323b1ebccdc314d1474b38717909c70f541a6941febec96de2b998ed28f49d0f
79,MAX-077,2,7,116,270,231,176,869801114,50,241372096994,407,29,226772,5306dbacf730362da8bd965a09fab2cda9eec822b95370d60312b0ad62586d03
79,MAX-077,2,7,116,270,231,176,869801114,51,242501215754,407,43,226823,a579b14a77a19631830ab0bbdd94a606210aabaa03dada944c78a7daacec2fc9
79,MAX-077,2,7,116,270,231,176,869801114,52,243630334514,407,36,226874,b0e8e11f3afadc9c3ed69a5d361793059862961a963b39e60cb7d2366c61eb19
79,MAX-077,2,7,116,270,231,176,869801114,53,244759453274,407,39,226925,5625f65346408b46583b95eab1bf44a3f40ed0083a91c83c44f9bdbae85b0ada
79,MAX-077,2,7,116,270,231,176,869801114,54,245888572034,407,30,226976,e15ff8729abc77d14b124ea78cafc5c71b8bbb7902662fb51e6b99a02505b4ec
80,MAX-078,2,7,116,316,231,176,477064154,0,184523422034,407,27,227027,bfbd3ac4e5e8bd71c2609c6bf9cfb13079ff388b843bcd8f26b3fd6d2dffe076
80,MAX-078,2,7,116,316,231,176,477064154,1,185652540794,407,42,227078,a31d72599a75ed00f43cff1c431b8c1240ceb9598d1a56a57194e3bcddf14b9a
80,MAX-078,2,7,116,316,231,176,477064154,2,186781659554,407,34,227129,c28981d7b352794b4a0c66c41bdc85405b3fde5a515bfe008905595e21377996
80,MAX-078,2,7,116,316,231,176,477064154,3,187910778314,407,28,227180,915d9e2bf19c7b8be7e11956481c2c1895111b5a39f25068b680a95914f83191
80,MAX-078,2,7,116,316,231,176,477064154,4,189039897074,407,33,227231,40f10fda45070c164f3a6ef067efe1413893110e7fe6c0e7f1d9526afb336094
80,MAX-078,2,7,116,316,231,176,477064154,5,190169015834,407,36,227282,5a11b885e9502005e4bf7b83362a010e31927807d7dd5a55acd2da8ca78d6651
80,MAX-078,2,7,116,316,231,176,477064154,6,191298134594,407,25,227333,783c72ccb4413343deeae42c5dbeaf8236faaefa0f671d41404107fc1c5028ec
80,MAX-078,2,7,116,316,231,176,477064154,7,192427253354,407,40,227384,0063a2c7987e26c08f60ebe80b838d76b7e585fc34b69ec02a1fcadc1c5bdd34
80,MAX-078,2,7,116,316,231,176,477064154,8,193556372114,407,34,227435,80fe5ec2654160c8cb6520c8380a3901772a38b3ee1df2294968893b57bfaa46
80,MAX-078,2,7,116,316,231,176,477064154,9,194685490874,407,33,227486,3cce47b0ba6b024c18f4f2eb8c60b55da72f44ca997f871e257a064364813711
80,MAX-078,2,7,116,316,231,176,477064154,10,195814609634,407,32,227537,9d98983d376ac696f6fcf48241a69ef2fe0ea0916b2889fba7c3ad7fcb5bfc1b
80,MAX-078,2,7,116,316,231,176,477064154,11,196943728394,407,30,227588,35bbb34e2e992c98ca06a5d91542bc55d007c53acdf0cc6f4c4d99e9719c2a54
80,MAX-078,2,7,116,316,231,176,477064154,12,198072847154,407,24,227639,b989777fe39e1c32aeab8b3de79b3e2a4339da7f3ee6d2e57254d1cbdbf105c0
80,MAX-078,2,7,116,316,231,176,477064154,13,199201965914,407,39,227690,93d7ac76059dda05c4ef7788787ca9f57e93dcb64cab7c94f14838d1231430a4
80,MAX-078,2,7,116,316,231,176,477064154,14,200331084674,407,38,227741,fdb1c4bd3dc697f370816d6179a8bd161a5e32690b3dce9829a259c88b88570e
80,MAX-078,2,7,116,316,231,176,477064154,15,201460203434,407,40,227792,ddda8a38903f9fb27b1327785f1ac2c7a62f4370b9600b862b24ae1634500819
80,MAX-078,2,7,116,316,231,176,477064154,16,202589322194,407,35,227843,bf883cd1562cd60ac4886597a1f23226d035e69e31e1f170c77f7b5656be0107
80,MAX-078,2,7,116,316,231,176,477064154,17,203718440954,407,35,227894,79682a5fe8fe8fa5155312a5434fb15e003b9d4d17cda5851608a495fd09b170
80,MAX-078,2,7,116,316,231,176,477064154,18,204847559714,407,32,227945,18ace7cb1026d5b4b440a1ff26fedcb98819793acd294ea14dad12174e6c8381
80,MAX-078,2,7,116,316,231,176,477064154,19,205976678474,407,37,227996,ef1faa014fc6e43efa8bf61f356812c4836b68bc278cdbd6285f4a61a24a46c4
80,MAX-078,2,7,116,316,231,176,477064154,20,207105797234,407,38,228047,c2d5825cf206a974996e0b71cdd299d9012317e8f8fb2f8c0db7a0401ead7643
80,MAX-078,2,7,116,316,231,176,477064154,21,208234915994,407,35,228098,92a546b718afc6c78d7336f288febd3e87268babf8ae30f727c96d28253c76d5
80,MAX-078,2,7,116,316,231,176,477064154,22,209364034754,407,30,228149,0c28d74175350316f681343e8b5fbd7b1f49467c25bcbfce6784a2b6baf79632
80,MAX-078,2,7,116,316,231,176,477064154,23,210493153514,407,39,228200,b999344efe0fdd426e155327aab4b6c3f9b6190d9af1cd5684b2b268d935b4c9
80,MAX-078,2,7,116,316,231,176,477064154,24,211622272274,407,34,228251,db0a5da54ecd2a0a28fdfffe16c00cce5cacd6b693d15d6cbc52247c2b635393
80,MAX-078,2,7,116,316,231,176,477064154,25,212751391034,407,34,228302,a123471902bb945e7adb2f32417880ae63410f317dbd7ca16ef664163efc674b
80,MAX-078,2,7,116,316,231,176,477064154,26,213880509794,407,32,228353,a2b6eab4f45cfb8960bf243391d428b1e93cea0b9870ea0d23ff09a15282d9a5
80,MAX-078,2,7,116,316,231,176,477064154,27,215009628554,407,30,228404,3a528ffbb11ce400581c3f236135cfb258c5546066497cb288fdfb157c6d51cf
80,MAX-078,2,7,116,316,231,176,477064154,28,216138747314,407,31,228455,cef6eee19f1a7ea72c9e570cd23df9bb4697d71ce076144bf5a7bb3c83f9ce22
80,MAX-078,2,7,116,316,231,176,477064154,29,217267866074,407,27,228506,38155cc8b1eaa8e74dcc549fbd4faa763ffb8e4b5c2289cd181412c8f9bb869a
80,MAX-078,2,7,116,316,231,176,477064154,30,218396984834,407,26,228557,23da4a91aaadb7deb1ff9f3a6ede617aa37203570c11119fff178e2c32ac7e97
80,MAX-078,2,7,116,316,231,176,477064154,31,219526103594,407,30,228608,eda1f4932cfa413bd1e618cfe7e342ce7cc9d4784b202eff8f019e3b5bf2df9f
80,MAX-078,2,7,116,316,231,176,477064154,32,220655222354,407,42,228659,acbc4b86d481d94ef11ee2e0f42ea8c60e1ca9e4227e0970db05ac68fb215410
80,MAX-078,2,7,116,316,231,176,477064154,33,221784341114,407,32,228710,8e9c69621d5f4a27ceac2aaa0119485ccd94eb445e75cf5ec03ad12b2d801c8c
80,MAX-078,2,7,116,316,231,176,477064154,34,222913459874,407,36,228761,243d4dc3be8e2424b2b4b39fed9743eecdd3e248c2ab0ed3917658831c670979
80,MAX-078,2,7,116,316,231,176,477064154,35,224042578634,407,32,228812,d89754865eef1eaa60ca8416fe87374b860fde9e443bcc1ad9256fa0f74001e0
80,MAX-078,2,7,116,316,231,176,477064154,36,225171697394,407,29,228863,8660ca2faf3102e460a4a45d5461c1a92ff32dc0344b3d92851109a32a3feca5
80,MAX-078,2,7,116,316,231,176,477064154,37,226300816154,407,37,228914,803096cf8ed54f7ad464c2d70be6a24981e23f632afc43ba903d692eb9e73bfe
80,MAX-078,2,7,116,316,231,176,477064154,38,227429934914,407,31,228965,aee48d8ff2277d30b0206f5f13e8c9451f96161800cbe1542b272b606d8719fa
80,MAX-078,2,7,116,316,231,176,477064154,39,228559053674,407,30,229016,277b487e5b123d5662840e671c7ff5b6bcc7312c09e5bdcb06c75c0cecd20dd2
80,MAX-078,2,7,116,316,231,176,477064154,40,229688172434,407,37,229067,1952f08bd448fa324fd3aef066fa0fb1168d3ff1e4139cbce5c7fbd1edd914c0
80,MAX-078,2,7,116,316,231,176,477064154,41,230817291194,407,35,229118,d9a6ce7fb56779d2502d26929d516847265569e840447eaebcec7d92a1111831
80,MAX-078,2,7,116,316,231,176,477064154,42,231946409954,407,40,229169,516cbeb23e14da1699f29922ae984ea685ee1d921cab9b43ac80721b44fa228c
80,MAX-078,2,7,116,316,231,176,477064154,43,233075528714,407,42,229220,61c6e4843f9ead6286e90c0bec659bc846d0e5134b2917f1750bc138c6617414
80,MAX-078,2,7,116,316,231,176,477064154,44,234204647474,407,32,229271,1c65d42485e21681ca2044709a5d5ac5a114e43c4c8e80de4e35e4bae0219096
80,MAX-078,2,7,116,316,231,176,477064154,45,235333766234,407,34,229322,382ad5345a5cdb093af30d9ebc5fa15683df69a6922781246a00acaa2fbbdef8
80,MAX-078,2,7,116,316,231,176,477064154,46,236462884994,407,37,229373,9d31d86252e90ae7c5a1bab5be9f9e3f8c5b13bc9943d641eb202a222313b334
80,MAX-078,2,7,116,316,231,176,477064154,47,237592003754,407,31,229424,28d4638852093ba591fed13432c86fa75d66d2eb427267a1f56dee4c436ef15c
80,MAX-078,2,7,116,316,231,176,477064154,48,238721122514,407,24,229475,e20084f32950518fadfdd31be09cc190874e9bb1aac60c1b408b56ab55f18d07
80,MAX-078,2,7,116,316,231,176,477064154,49,239850241274,407,35,229526,f5ee26826d089c8f34be7550e7bb174f908cfb66561308c6ee831690b31f9dd2
80,MAX-078,2,7,116,316,231,176,477064154,50,240979360034,407,35,229577,d872261752f6565aae96b12d0da16cf1af0598319708041bd31425b9c0bf71f8
80,MAX-078,2,7,116,316,231,176,477064154,51,242108478794,407,33,229628,dc766033f858497f7f956bc41daa92f324a95d0227cd1bbfc8995723399f262e
80,MAX-078,2,7,116,316,231,176,477064154,52,243237597554,407,38,229679,46d780e41e4d8faa1c6a0c67c671bd32a75730b98855ace39fc1974ed0bc03a9
80,MAX-078,2,7,116,316,231,176,477064154,53,244366716314,407,33,229730,f50cfd731ba8779dcd2790e2be7c439e699e1b700176aa470c4aa5c309784035
80,MAX-078,2,7,116,316,231,176,477064154,54,245495835074,407,26,229781,7bc273338145da66792939e8c8122b9e84949b2735a3c1b243a5380cc1e1b66d
80,MAX-078,2,7,116,316,231,176,477064154,55,246624953834,407,26,229832,0bd6d9cba3fce9f00e3d42f4441a1cfc82d9df15475c2de14011c7264b7d5f2b
81,MAX-079,2,7,116,339,231,176,280695674,0,184327053554,407,43,229883,ae8202d74881187d70135eec1dd77048f77692cfb127820f8d667c42a00fc897
81,MAX-079,2,7,116,339,231,176,280695674,1,185456172314,407,35,229934,5386163b912bc4859253da887959a7a2093ea43c91bca3a91004052400334dcd
81,MAX-079,2,7,116,339,231,176,280695674,2,186585291074,407,30,229985,94acf5d4e3222373fbffc1b3a48bdce78ec186ceb5cbbd19b6255142a08553cc
81,MAX-079,2,7,116,339,231,176,280695674,3,187714409834,407,32,230036,0a33d73fd04c3de369f4e0f4da715bc2b73853d1394cf94da3cd43ab2722210f
81,MAX-079,2,7,116,339,231,176,280695674,4,188843528594,407,36,230087,319fee3511a27916cad7a5b94c6865b4edd6725630fcad447aa2ccf7ffdab1aa
81,MAX-079,2,7,116,339,231,176,280695674,5,189972647354,407,38,230138,10ba83dcf0957e533cc120eeabf2dd2f3daaf6008f4595db49b59dc658e64c6c
81,MAX-079,2,7,116,339,231,176,280695674,6,191101766114,407,28,230189,38d6de06258c11d142df900bceb01f6e827819c56cee664546f9cc778110357b
81,MAX-079,2,7,116,339,231,176,280695674,7,192230884874,407,32,230240,781f1955ede2a0853fbb06bc63d7a67fd6aac65bfb0ab4a46142b1eb93a6a1e7
81,MAX-079,2,7,116,339,231,176,280695674,8,193360003634,407,29,230291,a29f4fc381dd9564c8273f6410835dc72f59cebb1565d4bc023c57db3798bd47
81,MAX-079,2,7,116,339,231,176,280695674,9,194489122394,407,44,230342,142175e9e31c0f3a631684079b8eb9fb29848a17fc5a3b6813ce4c4ecca10ccb
81,MAX-079,2,7,116,339,231,176,280695674,10,195618241154,407,26,230393,de790ffd98287c19ed51aa4ca5579318a81f09dc78f997a2d3927da64b5842f4
81,MAX-079,2,7,116,339,231,176,280695674,11,196747359914,407,29,230444,bc57ad6ff18b8970eb3e8dc9a0e50a28ee5c7f10b9011c3a5247464a2e52b8f4
81,MAX-079,2,7,116,339,231,176,280695674,12,197876478674,407,43,230495,1e434592d10739c63b860b6325b0b7d8dcebcbe0ae4767ef49e0ed2ee45d544b
81,MAX-079,2,7,116,339,231,176,280695674,13,199005597434,407,27,230546,3e0607d8c05b882e23279a8774415c9c5b052a4749fc6cca6321601b577b3332
81,MAX-079,2,7,116,339,231,176,280695674,14,200134716194,407,37,230597,fe4b91232b80d576b19d5b5f6505d835802a8ca38430e352e2d8e3b1365d8173
81,MAX-079,2,7,116,339,231,176,280695674,15,201263834954,407,40,230648,fae4879fb4cac610f0ee3aa3e9da34bb877162814aeb5a104b596c8cf3f5c311
81,MAX-079,2,7,116,339,231,176,280695674,16,202392953714,407,27,230699,9887b9ce2594b5d0ab61848e231cdd8ee1ba6cb5f7edd35164f76b47902f7939
81,MAX-079,2,7,116,339,231,176,280695674,17,203522072474,407,31,230750,ba96796bbdb8861e75f05854c4b795d2b46ae6b7783ae247a0b9113d75084c46
81,MAX-079,2,7,116,339,231,176,280695674,18,204651191234,407,30,230801,db095f35e5e51fad90c27dcefd8fa04c6c70e54a79ba29d7d4e4de4148ef4c3a
81,MAX-079,2,7,116,339,231,176,280695674,19,205780309994,407,33,230852,1e1bfeed59f72e8f08b5a499d9b981b935a06981813deead26da78e647f2afb6
81,MAX-079,2,7,116,339,231,176,280695674,20,206909428754,407,31,230903,82cee9c36f98b1669397c6d2289e3fb9590f8ad974f1c3018441acd2b1b6f402
81,MAX-079,2,7,116,339,231,176,280695674,21,208038547514,407,35,230954,fa8ac98ca9351c4e9579fea0bc0f688416c21a7c942925a20db33e46d960c90c
81,MAX-079,2,7,116,339,231,176,280695674,22,209167666274,407,30,231005,aea1f135be66d40cce7bf24c8672168b39371b816c7dac62fedd3526275e0d33
81,MAX-079,2,7,116,339,231,176,280695674,23,210296785034,407,32,231056,a37dd8a508141287ffe3183b9a1846f3edd061d2b467d8e84f303491983f0824
81,MAX-079,2,7,116,339,231,176,280695674,24,211425903794,407,28,231107,26ddf7c3b65e6dd59cc10ff9ee3606e8037ae44b6adacdb54db07df570fb3127
81,MAX-079,2,7,116,339,231,176,280695674,25,212555022554,407,27,231158,e7988d2e7cfa0abe7ee3669e3454ece7574e4f6124d5cd6d9f628609e63b2557
81,MAX-079,2,7,116,339,231,176,280695674,26,213684141314,407,36,231209,83e52be5245595188e5c69584b08b405984ac41b2f864ba298a55d0894e56961
81,MAX-079,2,7,116,339,231,176,280695674,27,214813260074,407,47,231260,f98be20be82aa249944560a8127373adc4d650c999bc97314873d5fcd2ff47f8
81,MAX-079,2,7,116,339,231,176,280695674,28,215942378834,407,35,231311,1342e822ae04935fea36c25607d326db8f79ef248d0848fe53d4d43e8d1954de
81,MAX-079,2,7,116,339,231,176,280695674,29,217071497594,407,30,231362,131c8b678345309d68dbe8d6dfb85ceb5866eec09d1eef9347d6899f34653a50
81,MAX-079,2,7,116,339,231,176,280695674,30,218200616354,407,39,231413,9d7ff0ccdddb69864bc7ecf85d417cb5a162354e33495f3fafcf2e10ac931dfd
81,MAX-079,2,7,116,339,231,176,280695674,31,219329735114,407,39,231464,05fced3f88b380112d2016e698624f8117856ed974a0dbfc72228926921cdde6
81,MAX-079,2,7,116,339,231,176,280695674,32,220458853874,407,31,231515,f22cd5fe1292497c3857f6ff2772eaa970d10e1e0f75217cea1b69c2bbf270f3
81,MAX-079,2,7,116,339,231,176,280695674,33,221587972634,407,35,231566,694ed840bdc5e71550f31c9840a688e27ce71010cc3d1d8dcbd8776392ac7ec0
81,MAX-079,2,7,116,339,231,176,280695674,34,222717091394,407,27,231617,b4226f2e5ec1d612f462bbcf76ba168cf4714a4446cd4a012009c7f4a570e7be
81,MAX-079,2,7,116,339,231,176,280695674,35,223846210154,407,28,231668,c56677a8d9f15cacc2fba4b756833512e817c160b576b3daf9c1b1f58416a287
81,MAX-079,2,7,116,339,231,176,280695674,36,224975328914,407,32,231719,5950da8831ec496b394424caef8d6c1ac61105f738f695d81a9bb520e4b8b8f0
81,MAX-079,2,7,116,339,231,176,280695674,37,226104447674,407,34,231770,b597cc4130754073c2280e3e6ab467d44e3c213313447623590d24415b053cfb
81,MAX-079,2,7,116,339,231,176,280695674,38,227233566434,407,27,231821,17a562b3ec67b4b272681a55bc32f28ee2fc6f816bc7b4e8e9ea15c7db96a7c6
81,MAX-079,2,7,116,339,231,176,280695674,39,228362685194,407,33,231872,d27080b19d7d6aabb336a117749e1419bded1c0390e1a30d1dfe937f3cd9985f
81,MAX-079,2,7,116,339,231,176,280695674,40,229491803954,407,35,231923,36d2c76e786abd106f205955f3a98017e03cd3b9405bebc107e22ddc5f68d22b
81,MAX-079,2,7,116,339,231,176,280695674,41,230620922714,407,31,231974,d3270b7b46f7da25c0e95960082a9b2955847f28114f8fd6fef0f1add68e0f37
81,MAX-079,2,7,116,339,231,176,280695674,42,231750041474,407,35,232025,3d6a52c0a35507e8975ae767eca913fd6fa96c0af99958cd9813ca587be282d1
81,MAX-079,2,7,116,339,231,176,280695674,43,232879160234,407,33,232076,10c9a82edd39e81b07231a2b8d031367a63b5b98a42aa7ba4184ac065518b158
81,MAX-079,2,7,116,339,231,176,280695674,44,234008278994,407,37,232127,edcfa5d464dc6a7fa46bd20b7139ff18f7803b8039bc6d1dde6254a49a268bcb
81,MAX-079,2,7,116,339,231,176,280695674,45,235137397754,407,30,232178,8b368e4821a9acbbbd63fcfa62cba426a348ffa7f9b1552dcfbb2c13768acd65
81,MAX-079,2,7,116,339,231,176,280695674,46,236266516514,407,29,232229,4fb164dcdd4473ed9e2ffcd629f1eba00919b42ac95478acfb12515e7eae84b1
81,MAX-079,2,7,116,339,231,176,280695674,47,237395635274,407,36,232280,ccece803c558583eb53864633b565df42b0cc2ac2b7d35064f678e01da8bb82f
81,MAX-079,2,7,116,339,231,176,280695674,48,238524754034,407,35,232331,885c3b165a41d4252e2d51f54647aa19a4409f15e0f64a3125edce252d4a02ed
81,MAX-079,2,7,116,339,231,176,280695674,49,239653872794,407,32,232382,5ada5475367b807edfbe794fbb4172c45133dfdd34dcdfe4b55337ac0c5cd939
81,MAX-079,2,7,116,339,231,176,280695674,50,240782991554,407,32,232433,c12729bbeaa3ba75baf6eb4f31d2ea718dc875272948aaf9c6f222327ab9194e
81,MAX-079,2,7,116,339,231,176,280695674,51,241912110314,407,37,232484,bde875c4f84468318e7c251df99076d24da02211ffbbec21edcd3a93cc223e17
81,MAX-079,2,7,116,339,231,176,280695674,52,243041229074,407,29,232535,150bef7b408beb77fcdc7342d8e68fca23abfbe5a86864245e8d3fdcfcb2db68
81,MAX-079,2,7,116,339,231,176,280695674,53,244170347834,407,27,232586,92e1e807282362588adae4409951ab7d7565b26d70104006c5580d90188bd762
81,MAX-079,2,7,116,339,231,176,280695674,54,245299466594,407,35,232637,8a732b4a47e9e8adc2bcdfba1eede58c7a30d6d0a6183df1b32c576f3fba8a74
81,MAX-079,2,7,116,339,231,176,280695674,55,246428585354,407,34,232688,fe876a8f98a31764fdf5659f6fad4feef72e9427f42e3beb460fb430e061c9f0
82,MAX-080,2,7,116,362,231,176,84327194,0,184130685074,407,36,232739,1f1118739b2bb0ab6e51300cec08e0097e2a08a5b73a2211c80ae3693872d0b5
82,MAX-080,2,7,116,362,231,176,84327194,1,185259803834,407,33,232790,e080d0c81a72abe1e60f53825d94e4249342368963a2d8151e22cc56e7d5a3c9
82,MAX-080,2,7,116,362,231,176,84327194,2,186388922594,407,34,232841,7627380d8704e2184da74914cb2d8f1d1169cf89c5f275ceb82ffd401c9ad7a2
82,MAX-080,2,7,116,362,231,176,84327194,3,187518041354,407,35,232892,5331567b5fe4f64ec90a78d44584c50ecadf32e7fed0d5ee8ee02a37ddb3659d
82,MAX-080,2,7,116,362,231,176,84327194,4,188647160114,407,30,232943,c98cb9cf44c29fa6d6a235db3393a64e7b79b625046994d737be65379a4d323c
82,MAX-080,2,7,116,362,231,176,84327194,5,189776278874,407,29,232994,e9b84cc838034a4f03644e248aa130814dbd76e47521631e2235bb841df09d34
82,MAX-080,2,7,116,362,231,176,84327194,6,190905397634,407,30,233045,e26cd4fe764fd226ad9a3dd68d84396037a729a70ffd0d7336462de65970e608
82,MAX-080,2,7,116,362,231,176,84327194,7,192034516394,407,35,233096,f14e8a52583de265e855659d9df5d1cfd857f4416047832691c6186290f42369
82,MAX-080,2,7,116,362,231,176,84327194,8,193163635154,407,43,233147,13bd4d80b2f39cac0581e3b9fa4f071a465ef766b6445975431805fb142a4c66
82,MAX-080,2,7,116,362,231,176,84327194,9,194292753914,407,33,233198,aba6e1a4dd824712b3a98834e76e3dde2d6ceb34f184255a2e2f3db9449ade93
82,MAX-080,2,7,116,362,231,176,84327194,10,195421872674,407,32,233249,3860e2bc7643e09472d77920435cea8f6e9b721e6b97627c9cc116c1b8128820
82,MAX-080,2,7,116,362,231,176,84327194,11,196550991434,407,39,233300,bc2f775a7d5ef4e5f161a1c073e1b9b6326db097dc9406574adbdd0a02d790de
82,MAX-080,2,7,116,362,231,176,84327194,12,197680110194,407,26,233351,7166b7f0c238806fc50a60b382ef5d4a515feb8b265b21ab1f70e8cdaa3f1dcd
82,MAX-080,2,7,116,362,231,176,84327194,13,198809228954,407,41,233402,9e983a53d88b7371ab37123fd19f746904a0e29b132ce6085528d08b30c0ef2d
82,MAX-080,2,7,116,362,231,176,84327194,14,199938347714,407,37,233453,08040e37bbf07224e20ba45abbdf34e334f9b9d45012f09ff9132ab14dc3a341
82,MAX-080,2,7,116,362,231,176,84327194,15,201067466474,407,31,233504,a0f882a3d3168a25ba06017cd6cee8adfa3f76a52543624626d1c26c0fd50edd
82,MAX-080,2,7,116,362,231,176,84327194,16,202196585234,407,32,233555,9b14c93b10c380b11ee1479613c53a3b3d0805c6cc7800db0ce64a840745abeb
82,MAX-080,2,7,116,362,231,176,84327194,17,203325703994,407,35,233606,cf3073522ca7369af680953dbf7003d8dd9ce761e165c65940e8fad5aab6548a
82,MAX-080,2,7,116,362,231,176,84327194,18,204454822754,407,32,233657,271538996d3995d25150bcb6658d1ace3e5506d483d9871c2dcadebd3e1e2703
82,MAX-080,2,7,116,362,231,176,84327194,19,205583941514,407,34,233708,6d7c73991fb9875ac981ca2090de447d98e00a92d0c2a5daea388d504fb2a458
82,MAX-080,2,7,116,362,231,176,84327194,20,206713060274,407,37,233759,c6a42b5b51c99f7eecdf32051d33863222e3d1274dcc2e614fe2a726463f9a50
82,MAX-080,2,7,116,362,231,176,84327194,21,207842179034,407,34,233810,bdc765701cdcf36694746246ff2ed48e9fc4136c2d8327c78f7a0a63be8af543
82,MAX-080,2,7,116,362,231,176,84327194,22,208971297794,407,43,233861,4201199cbc063813c7b3685c29c17a2b4c3762f3c26adcfc77fec1daed71dcd9
82,MAX-080,2,7,116,362,231,176,84327194,23,210100416554,407,33,233912,9b3052380fccf60072be1649a52a05978ec1b343bfd211cff67ef5737134dbc0
82,MAX-080,2,7,116,362,231,176,84327194,24,211229535314,407,31,233963,b4a556fd366d537a3b0afc8661f1b38afa3d963d8e67d5cc080c2a85080475a0
82,MAX-080,2,7,116,362,231,176,84327194,25,212358654074,407,29,234014,02df42f2fae1755ef2b9a78eb84e0568722e26ba53468edb0b96e9caed2475fc
82,MAX-080,2,7,116,362,231,176,84327194,26,213487772834,407,37,234065,6cae6673f667da244d5286efa8bbb6c617c28642660ecba2fde55d4af3ba9633
82,MAX-080,2,7,116,362,231,176,84327194,27,214616891594,407,27,234116,b6a4013d9063854f0ea86801dbc05ca33f5525842d63be7afca3effdd5bed0ad
82,MAX-080,2,7,116,362,231,176,84327194,28,215746010354,407,25,234167,bd955ec1885bf0365be4481881dbacaf1871d35e20b728042e4eaa0282900626
82,MAX-080,2,7,116,362,231,176,84327194,29,216875129114,407,41,234218,c2fd5dc221fbb7f5761fbd42e6206dd7b5c74cea1111da20216244aaef933a46
82,MAX-080,2,7,116,362,231,176,84327194,30,218004247874,407,40,234269,aeb8c40e7675f00b77623d0ebe75f2f3f39820acf6eeaa5ab04c2f123b2e0e17
82,MAX-080,2,7,116,362,231,176,84327194,31,219133366634,407,30,234320,23381b289e0113297861bb810e1bcbf2b023d75e33737af6a556dd7137b78020
82,MAX-080,2,7,116,362,231,176,84327194,32,220262485394,407,34,234371,a6d3ecc7a21a57579f69bf11dc1bf111c1db58c377b82cbb80c83e050b7427a7
82,MAX-080,2,7,116,362,231,176,84327194,33,221391604154,407,28,234422,15c3e6132ba06b0fc490ff6b428091c15c0026a6564a6611548480ad4b7a6640
82,MAX-080,2,7,116,362,231,176,84327194,34,222520722914,407,29,234473,7026958bcf8cc6faef495880b1d14b48370d2706cff3bba1a625f4467a2cc9c8
82,MAX-080,2,7,116,362,231,176,84327194,35,223649841674,407,37,234524,bf64e23c5fd166634cee1cf060d6336de160e1137f44c80ae7ebd0f7134ee6ed
82,MAX-080,2,7,116,362,231,176,84327194,36,224778960434,407,29,234575,45e059156c9262b13fa70ce6840263185f9fc4262f57a99b55f00605201f03b8
82,MAX-080,2,7,116,362,231,176,84327194,37,225908079194,407,30,234626,eb0965013043f6cb59bada111bbf6bf654b7fe79ede80480e371db476f367c2f
82,MAX-080,2,7,116,362,231,176,84327194,38,227037197954,407,28,234677,85d86e7f9cd913db21a11ae813e9f6d71d6d8427bae6131b2fc360ea3aa639ae
82,MAX-080,2,7,116,362,231,176,84327194,39,228166316714,407,39,234728,809466f1753e209d8bba23df57e72baeb5bb3ddb97aee3cdf6323929fdee93a3
82,MAX-080,2,7,116,362,231,176,84327194,40,229295435474,407,33,234779,501c6b39b34ac13a5efcbbbb630b727bfdee6836b907f32bda7f66df0977dd95
82,MAX-080,2,7,116,362,231,176,84327194,41,230424554234,407,42,234830,221feabdc643ede227cb521ef692fee3638ece4a98fc4286a79510601764e512
82,MAX-080,2,7,116,362,231,176,84327194,42,231553672994,407,27,234881,2e8ead9fdde87d687240e40cae33fed814bb7d4d4c167aca273b0aab79ff892b
82,MAX-080,2,7,116,362,231,176,84327194,43,232682791754,407,27,234932,3af7fc7d4b3b988591e34a62ee47c0cd2e46fb4f5991e70d1ff4320c67939534
82,MAX-080,2,7,116,362,231,176,84327194,44,233811910514,407,30,234983,03a21b226f306cfa8b86d83f18b0264a86050c58be13fe960add9044e92b6fe5
82,MAX-080,2,7,116,362,231,176,84327194,45,234941029274,407,28,235034,cee5457bfab2684107b0c738bc2a00a44504650f82872ba2a0bf3624c1008c40
82,MAX-080,2,7,116,362,231,176,84327194,46,236070148034,407,28,235085,d8b6f145555cf24ab345f37ac1b13487ead60919721cc3675aa45cbbeb742b4a
82,MAX-080,2,7,116,362,231,176,84327194,47,237199266794,407,38,235136,f19673e815b25dd5f5fd519af05141ff85867650a215c5721a10c6bb17a2d964
82,MAX-080,2,7,116,362,231,176,84327194,48,238328385554,407,43,235187,03693efa51c8d5cbfdf43eba3d5462ecf0b753c3c10bca84b1c46dcf33a0b52b
82,MAX-080,2,7,116,362,231,176,84327194,49,239457504314,407,39,235238,950021a03229adc0957e3e53c514df3fa845af3fe5cff1ee50a5b4fa54d73b3d
82,MAX-080,2,7,116,362,231,176,84327194,50,240586623074,407,38,235289,637ad4aa050730f787acc99a95c2ab976c970cd1a5b1b43f552074c0a7d45a74
82,MAX-080,2,7,116,362,231,176,84327194,51,241715741834,407,31,235340,6451ca0f34f2a35e0e25332284c8eb9db5add95b4012bf9cbf502bf839faa3cf
82,MAX-080,2,7,116,362,231,176,84327194,52,242844860594,407,34,235391,3c39aa829e04c866acee89838f6d0746bc72c9f2d0e3cd1d7c79e49d53bed940
82,MAX-080,2,7,116,362,231,176,84327194,53,243973979354,407,37,235442,2d8a6d1ca4a05ae765dbcf5060351e3b5e58ef1f2712c2000e09024b078851e9
82,MAX-080,2,7,116,362,231,176,84327194,54,245103098114,407,30,235493,25798704541c23d0cda6e03c284df187608fdbbdf9253de8fe6a37ab9a4aa049
82,MAX-080,2,7,116,362,231,176,84327194,55,246232216874,407,28,235544,2289da77b3c8e58b8069464709b42dbf69abee4e345c29197b06e4b6c1db3eb9
83,MAX-081,2,7,116,385,231,176,1017077474,0,185063435354,407,41,235595,ae9884f88651a08bf75c374ab0bcb27ceb32c86492dcb25d4ccaa8d4cdee4cdc
83,MAX-081,2,7,116,385,231,176,1017077474,1,186192554114,407,44,235646,353ed520c620a2a4d3d9acc7dfbbd767afa1fb659ed6cb05b06116bc01912389
83,MAX-081,2,7,116,385,231,176,1017077474,2,187321672874,407,30,235697,5c8f9bdba395efe470155ec454170666c428c0524b32bb95a577e4ed78610ec8
83,MAX-081,2,7,116,385,231,176,1017077474,3,188450791634,407,42,235748,0ae156ddec4fca35186b3f710b159c6f0b5f06cb747ddbd7a7346a07a6398023
83,MAX-081,2,7,116,385,231,176,1017077474,4,189579910394,407,36,235799,3574bea4985bf9c0d52bf4504cb2b8682982d4892cba11e346b44605f0c2e909
83,MAX-081,2,7,116,385,231,176,1017077474,5,190709029154,407,28,235850,a66130a9f5c677c3194d5a6a824e841ebc8a43e33227bca1f55545cce0ade67c
83,MAX-081,2,7,116,385,231,176,1017077474,6,191838147914,407,38,235901,cb8b8c019644728a998467ac21e6a5702f2215254529329ae04449bfa31b1e54
83,MAX-081,2,7,116,385,231,176,1017077474,7,192967266674,407,27,235952,6c5ec7539741d623deb253387a66b444e78f27fa28c006b90485d3ff00efcad4
83,MAX-081,2,7,116,385,231,176,1017077474,8,194096385434,407,28,236003,3562eb025acca7c3846560b198819f1616e2b3c6ceb0d765a1b9ba3da75a12d1
83,MAX-081,2,7,116,385,231,176,1017077474,9,195225504194,407,41,236054,2a61617c12f99ff0f465e30a9f9a8f10d6f8baa711a354fee3179ad75a4fec1d
83,MAX-081,2,7,116,385,231,176,1017077474,10,196354622954,407,31,236105,1c577053cd0662860132e96989eeeede9bb5cb474ff12dfe22c7e052851666d6
83,MAX-081,2,7,116,385,231,176,1017077474,11,197483741714,407,31,236156,bc5fe39ad111a90c6309887bfacfa2adb2ec01aa95a37faa80bdbf374242b4af
83,MAX-081,2,7,116,385,231,176,1017077474,12,198612860474,407,34,236207,3c9e9ee17a969d3117005aa5d08387c864fa3db1d4b4204e0cbd3d90dac4e92c
83,MAX-081,2,7,116,385,231,176,1017077474,13,199741979234,407,26,236258,5453f2c514ebfb36471df3e7f2c1d946352c4f44d359a50a531ce6d390a462d4
83,MAX-081,2,7,116,385,231,176,1017077474,14,200871097994,407,29,236309,a28ee2490a69f101a0074e6b6bc461c9227a45c22b75b62ef7159467cb242f7c
83,MAX-081,2,7,116,385,231,176,1017077474,15,202000216754,407,33,236360,d2c10f93cc1ed3b0de63666182a516822ac65dce9f27aecce5cf2abbb3b3a629
83,MAX-081,2,7,116,385,231,176,1017077474,16,203129335514,407,34,236411,2812cbe0fc830647e50b6402c973e27b9b82ca5208a791ab1bdf0fb71af75d18
83,MAX-081,2,7,116,385,231,176,1017077474,17,204258454274,407,29,236462,61c29e23ff51f23311cf08c342888c39250cf4435f8cdebb9141f9afaa08c0ad
83,MAX-081,2,7,116,385,231,176,1017077474,18,205387573034,407,41,236513,938ea6b53b11023f75be0b4aed0f987c8194efea00a8a9bfc451ed51295ef806
83,MAX-081,2,7,116,385,231,176,1017077474,19,206516691794,407,39,236564,72527b627077a05cd7fee0393da2d533fa91843ab7f512464053d871094a0048
83,MAX-081,2,7,116,385,231,176,1017077474,20,207645810554,407,39,236615,5438735d5fe85d8e388f85e31537f0068b10b1782972fca8b41f069d07a913bb
83,MAX-081,2,7,116,385,231,176,1017077474,21,208774929314,407,36,236666,abe17160bafe179497ef0d3e2eb747cdc3897564ba4708228036d401d7f5ccd9
83,MAX-081,2,7,116,385,231,176,1017077474,22,209904048074,407,34,236717,7efbd952bc2645cc59b5aafa4f673bfaa8663b05c6153a5b41b8924d8b7a7f08
83,MAX-081,2,7,116,385,231,176,1017077474,23,211033166834,407,31,236768,322dc9159ce3c6599ac56f7b9fede404126c0d7aab5082a6c402df751a2ef370
83,MAX-081,2,7,116,385,231,176,1017077474,24,212162285594,407,40,236819,25b504b29b00bc01a2a86f45511670c8f7356b42dcd783c5ddc575cfc042c702
83,MAX-081,2,7,116,385,231,176,1017077474,25,213291404354,407,28,236870,111b8762597eb87a24bb681126250f184160d22a9fbe976de2e752377ba6750a
83,MAX-081,2,7,116,385,231,176,1017077474,26,214420523114,407,30,236921,cbb3e34a75c41cb244b2bb37e95b5a0ee6bcf38854442c3bfecea31f296b0144
83,MAX-081,2,7,116,385,231,176,1017077474,27,215549641874,407,35,236972,8350c16572a1bca2584b76afce1e76b606b8784ec8e76ce9694ee73ac5885d7e
83,MAX-081,2,7,116,385,231,176,1017077474,28,216678760634,407,34,237023,bb95d492f9b032f713a5b601dc205ade0e071cbe7954f68800b70294fc075767
83,MAX-081,2,7,116,385,231,176,1017077474,29,217807879394,407,33,237074,8271af985110e8c9cc3c31335df100290d0c1a4b734e7469a699e1e754b376e7
83,MAX-081,2,7,116,385,231,176,1017077474,30,218936998154,407,44,237125,9c0f663e679b52463a6d4638a44eb969b4a293cbd99352783a101df54f67a7f5
83,MAX-081,2,7,116,385,231,176,1017077474,31,220066116914,407,28,237176,a0108bd80fcfa05d4770d91666d6db94d1e37bc902cb898b33fca9eaf1d3266e
83,MAX-081,2,7,116,385,231,176,1017077474,32,221195235674,407,32,237227,8a207df76ffb6174bba3b62b1e6679635c286268d6eac1177ddf0a9592f7a5ec
83,MAX-081,2,7,116,385,231,176,1017077474,33,222324354434,407,43,237278,949406b93f91f90656513335c57e6e8ddfacf54679e312e841514d7062cb7e68
83,MAX-081,2,7,116,385,231,176,1017077474,34,223453473194,407,30,237329,bf07cc255f572a3048a701cfe2c6729f4943f2a6d7e59fd4d12b68f7b71c9f7b
83,MAX-081,2,7,116,385,231,176,1017077474,35,224582591954,407,26,237380,1f2bda67628ad0c6000bebc13fe316079d774393502d4fb1dd661d92d604453c
83,MAX-081,2,7,116,385,231,176,1017077474,36,225711710714,407,41,237431,5175a70f10b9cd56ec97a11aa84a2d70aa1827e3409225bfa9eab0596fa228a7
83,MAX-081,2,7,116,385,231,176,1017077474,37,226840829474,407,35,237482,badf1612e82ae792c4152bfcbc3ebf1b8d318511d85bae58893472e724f7a35e
83,MAX-081,2,7,116,385,231,176,1017077474,38,227969948234,407,41,237533,ddfd666e40887d4c8c08b65d7cf732856dfdb64b2bf7dba645be9d572854316c
83,MAX-081,2,7,116,385,231,176,1017077474,39,229099066994,407,37,237584,d04a249c15cd4e52809442efc4c8ff09461328ccb466f57347d9f7ff887d032d
83,MAX-081,2,7,116,385,231,176,1017077474,40,230228185754,407,20,237635,05bb4ccedb89d31b3a4a21693e33fe07e313f039f43ce80b3c75f5071cbbee7e
83,MAX-081,2,7,116,385,231,176,1017077474,41,231357304514,407,26,237686,a58e3b2b1bff5d4718dd19319174ddc4546a8a8ab35d1cc599ddecb4f63ce531
83,MAX-081,2,7,116,385,231,176,1017077474,42,232486423274,407,27,237737,298c5c21dd3b470331d26776cd71d1febcba213c209b07ebf6dd72a523dfa92e
83,MAX-081,2,7,116,385,231,176,1017077474,43,233615542034,407,29,237788,9c689559354d2c3cf2281a70f109515ee5ea0129436f468e643bd18e83884023
83,MAX-081,2,7,116,385,231,176,1017077474,44,234744660794,407,31,237839,02b9412a8323b9a46aae8dd82edea9dcde04a7af319b22329ab425ecd0642a8a
83,MAX-081,2,7,116,385,231,176,1017077474,45,235873779554,407,39,237890,a21f735b0c3c8ed0767277beff1dcfd7240db49fef73c2a47d5fda46b0093373
83,MAX-081,2,7,116,385,231,176,1017077474,46,237002898314,407,43,237941,d84cd61ac6e717fe3031e6c78c6f7e270b00267e9e6d3e2606fb00278bc1baa0
83,MAX-081,2,7,116,385,231,176,1017077474,47,238132017074,407,37,237992,ae19455cf58a71397e968cea0295a86667f8860f772282c14be082b327b568e2
83,MAX-081,2,7,116,385,231,176,1017077474,48,239261135834,407,38,238043,476a7ff3f73f5d88f75f2f2bf362740b7da2ddff7715e9c3b5bc242171dcc6ef
83,MAX-081,2,7,116,385,231,176,1017077474,49,240390254594,407,36,238094,586c1177e73f4f357c08154dc095179adf94cd522b3149200c76b89020188ab8
83,MAX-081,2,7,116,385,231,176,1017077474,50,241519373354,407,31,238145,5849bd1add6e884c09cd7d4c791ed511bd2f5de46564000e273a9717ec9d06c9
83,MAX-081,2,7,116,385,231,176,1017077474,51,242648492114,407,45,238196,022c28843f53d476b9c205b20e245bd66032df7e3f321dbe592e07e891741163
83,MAX-081,2,7,116,385,231,176,1017077474,52,243777610874,407,29,238247,e19ad50cf90049926ccd5ed1c97673ce3fd6f0fa4d7ccaf08ffbeca727e895f2
83,MAX-081,2,7,116,385,231,176,1017077474,53,244906729634,407,28,238298,a50c3334ff9e594141325b0c73b350f8794d0bda4bbe4838e4b6b59d62fb5b5c
83,MAX-081,2,7,116,385,231,176,1017077474,54,246035848394,407,41,238349,b2d788838e5793bc5f5af0a5b6029b28a7e17bab23ce49e883c83c2b762b5707
84,MAX-082,2,7,116,431,231,176,624340514,0,184670698394,407,28,238400,b3e33edf5f7613cb5d92ad3a9d33c5d2cc686f7546677c38ac00e26c6cac4e16
84,MAX-082,2,7,116,431,231,176,624340514,1,185799817154,407,28,238451,7edaf05d266152718b789588065bd4298850eca4572f78f7574f77d6fb691ed9
84,MAX-082,2,7,116,431,231,176,624340514,2,186928935914,407,29,238502,a4773f8cbd956451bcccab197069b1ea33f07b626444ce3f1dd312c51a5d83ef
84,MAX-082,2,7,116,431,231,176,624340514,3,188058054674,407,35,238553,8a78789d19c746d8930e4f1c07870afb44090d58ce1e822bf87251922c9832d1
84,MAX-082,2,7,116,431,231,176,624340514,4,189187173434,407,34,238604,30e3308f7487a175506e7ae58486fc9a306630f6cb9c36c3f4e53c16e208cbf1
84,MAX-082,2,7,116,431,231,176,624340514,5,190316292194,407,38,238655,15643fdb093c32e835a3b0f0b4b8e7ebf8aff59c0a681ee33e5e5e2a38300b2d
84,MAX-082,2,7,116,431,231,176,624340514,6,191445410954,407,33,238706,52d47463ac03fdffc6a2a2f4cba3879ad087cdbc4dc819430338b7e4e565612a
84,MAX-082,2,7,116,431,231,176,624340514,7,192574529714,407,37,238757,c296a7d772940f76ae095d19d199cd4861603c167738b58d4a93913b96b76825
84,MAX-082,2,7,116,431,231,176,624340514,8,193703648474,407,32,238808,50ab332002d1f9e5d89736325de0310937f6300b91aea1c817d1c366f2e06773
84,MAX-082,2,7,116,431,231,176,624340514,9,194832767234,407,34,238859,d36569e3a8afcdfb3575116f25784e602f3145883aedb2fca4de11f421875bd3
84,MAX-082,2,7,116,431,231,176,624340514,10,195961885994,407,35,238910,0a078f81073f6c6712b4ab2ebac0c8ad50556a103afe4820e04f7c66f2b1c914
84,MAX-082,2,7,116,431,231,176,624340514,11,197091004754,407,31,238961,7a48dc5b5074bc738b4f60ff6a854f466cc8863533fecc17ed4ec26c7be30dc6
84,MAX-082,2,7,116,431,231,176,624340514,12,198220123514,407,36,239012,f13a529d7dcc809ec032d926cc53e4c29f195e548fe213f6c5d6fb50c26c2f88
84,MAX-082,2,7,116,431,231,176,624340514,13,199349242274,407,38,239063,5a1b5e75b8a2fab09337fb16eda0319d3cd03fb711cffeeba2ab9beb317ea7c8
84,MAX-082,2,7,116,431,231,176,624340514,14,200478361034,407,34,239114,f3bf7eb07860301ddd654e03b246058928bcc0fd3718e8b984f5bd1bf7cde239
84,MAX-082,2,7,116,431,231,176,624340514,15,201607479794,407,28,239165,01e84eda75a795b865c49fbe3ce7386e7840a4e6965850804a572ce3bf38a321
84,MAX-082,2,7,116,431,231,176,624340514,16,202736598554,407,31,239216,0a835ca68f22e2a80bf53970d90b27285b2d769f3ac89b090d7de0931616af03
84,MAX-082,2,7,116,431,231,176,624340514,17,203865717314,407,38,239267,341ecfd0dff93a6d0c2d19248facd506ccb767b70b97db3f24b6006943fa560c
84,MAX-082,2,7,116,431,231,176,624340514,18,204994836074,407,38,239318,a7e307ad437a1feaa5c6785fc6d34fc882dc482f1af711070de6f20b80fd7bee
84,MAX-082,2,7,116,431,231,176,624340514,19,206123954834,407,36,239369,2cd5d5283ece4f8bb95d864e41659d8f3bbced90d4e4dd083f2f67a0706016fe
84,MAX-082,2,7,116,431,231,176,624340514,20,207253073594,407,28,239420,cfb6beb581cb856e8e5de6440fa53b6763bbf6a9516830035f76c271749d92dc
84,MAX-082,2,7,116,431,231,176,624340514,21,208382192354,407,34,239471,feb82d1f0ebd07da3de37618d3f12a71426a13f5cdf8b8b6a43021381a2e2e90
84,MAX-082,2,7,116,431,231,176,624340514,22,209511311114,407,44,239522,7d327c7dba662f49a9171d23224dcab7af48b18dc34a565c40577904458c983d
84,MAX-082,2,7,116,431,231,176,624340514,23,210640429874,407,37,239573,d7f22c6d312f1fa7db28b99bb53f1513724d3148fd889cdf477283b6d277f961
84,MAX-082,2,7,116,431,231,176,624340514,24,211769548634,407,24,239624,a3d43a1f7500f829c20ae252330c79480198717ef44c15aaba83e53975f2884b
84,MAX-082,2,7,116,431,231,176,624340514,25,212898667394,407,29,239675,0cce850171b5d7773a90a48a4b64cada1a660fd68cf53c4f9a7a2027c87b8c23
84,MAX-082,2,7,116,431,231,176,624340514,26,214027786154,407,37,239726,67b8baa9b481708e9ad73f2f6d92bd8cf9f7197e9f68aec9afaba4f9a1ff46ed
84,MAX-082,2,7,116,431,231,176,624340514,27,215156904914,407,29,239777,a2c7db666589cb4abb1a1235e8f5e6a66d352be201e6af2f56e2ac2b954cac8e
84,MAX-082,2,7,116,431,231,176,624340514,28,216286023674,407,30,239828,9ffac9425c02ba33387860ac80fc9367f571f86b68cf5047c80befb2c47d6529
84,MAX-082,2,7,116,431,231,176,624340514,29,217415142434,407,31,239879,5c586db8647cd1ef0f9eecc74751d344b21e973dfaebe2b89a6a9e9d513414b1
84,MAX-082,2,7,116,431,231,176,624340514,30,218544261194,407,27,239930,8da858bfed48390a033f8b4b390bdcfb88b10d8a35906a790a364d99c71adb8f
84,MAX-082,2,7,116,431,231,176,624340514,31,219673379954,407,42,239981,7434a2b4ea935aeea5b69439fc78039ad162f410cac74c00cf157fe4e45ed3cf
84,MAX-082,2,7,116,431,231,176,624340514,32,220802498714,407,26,240032,ebda2cd6b7ff71eddd0d3311c6d4fed86d6ee0f922adaa0692b43ee7bc1ba5ec
84,MAX-082,2,7,116,431,231,176,624340514,33,221931617474,407,32,240083,7fe18df2bb4417fce232ced2262f6988ccd465d0ab8036cc5cca2acbbb710437
84,MAX-082,2,7,116,431,231,176,624340514,34,223060736234,407,28,240134,4d6df12d4c9ce168b783e42bba3d296df6a9b9d5c1f313ecaa53b4b95310919c
84,MAX-082,2,7,116,431,231,176,624340514,35,224189854994,407,38,240185,53b5445b4fa201062542091016be95e4d7b7e4f6e0c6347dd655fac9c555710e
84,MAX-082,2,7,116,431,231,176,624340514,36,225318973754,407,32,240236,83a3ddcf3f8c3494adc7c1eb22b32498bfa76785aa7b17e405a2fde7118a2af7
84,MAX-082,2,7,116,431,231,176,624340514,37,226448092514,407,30,240287,b3180870ac1772fcd825632f1c1a11d44890bbd8d99d6c047fbb4963d4a3b52f
84,MAX-082,2,7,116,431,231,176,624340514,38,227577211274,407,31,240338,c38e044f2822749a4f3b4f2a992de99d3b1cab2579a7f120a39be421e621e7d8
84,MAX-082,2,7,116,431,231,176,624340514,39,228706330034,407,29,240389,b1b54b57d9b0fc0d923762bf9210e6dcfeebf4b4f9c8c10795209fb11084b004
84,MAX-082,2,7,116,431,231,176,624340514,40,229835448794,407,42,240440,979699978b31e66292bf9cc85ec193e832ede273b9caeb159bae07b9f73ac548
84,MAX-082,2,7,116,431,231,176,624340514,41,230964567554,407,32,240491,67c72716811359475f522f15e3d8acb7ec734015ddf0e4646a50474c4bba342e
84,MAX-082,2,7,116,431,231,176,624340514,42,232093686314,407,26,240542,7bdada1820a734133977346260335bc9c5229127f69e5fa3f37f78506cf9c7a4
84,MAX-082,2,7,116,431,231,176,624340514,43,233222805074,407,35,240593,b113e19a28642d5104c5e5b68601223df82faf16826b1b00fba6419143e1e2a5
84,MAX-082,2,7,116,431,231,176,624340514,44,234351923834,407,35,240644,86db9b7ea7212a60239bd31086f6211bc53826986653c28c9665f2e4ef28f99e
84,MAX-082,2,7,116,431,231,176,624340514,45,235481042594,407,35,240695,ea87f201b3505d32ebc6ac1c3cf3c0cd8b52f0fc3a7fd06c0bd4ee45e82eaf2e
84,MAX-082,2,7,116,431,231,176,624340514,46,236610161354,407,37,240746,682f9ba694b35aa6e731f3284b0a67b48d0a6ebfcf3c2e701e8200664fcad5f3
84,MAX-082,2,7,116,431,231,176,624340514,47,237739280114,407,27,240797,3c8ae8c94d174f6585075a58cfd07f16c77b943d1cffcc4034dca61bfb513524
84,MAX-082,2,7,116,431,231,176,624340514,48,238868398874,407,34,240848,d03ec4c4c76b16f4401081a489cc6547c8f137ecba73a8bbcb7d16628cf69a21
84,MAX-082,2,7,116,431,231,176,624340514,49,239997517634,407,43,240899,d4daf6c5f5d4c0a0094e97eb686911b89673d4f76fbb8f5d516a49cfc349eb73
84,MAX-082,2,7,116,431,231,176,624340514,50,241126636394,407,33,240950,5d357f19239ca935e34295c392316b8b8a5f4c56d9b71fad349f38e4f54d2fb9
84,MAX-082,2,7,116,431,231,176,624340514,51,242255755154,407,31,241001,64f11e4b2e7662143fb5f93239c9238467ef463b621d59f4d7fa9b10fb44b3b2
84,MAX-082,2,7,116,431,231,176,624340514,52,243384873914,407,41,241052,4cbfce2b6ca0329cb4bb9f31d21cfde28e3c764741f0ed3a4eaf188552cf41f5
84,MAX-082,2,7,116,431,231,176,624340514,53,244513992674,407,31,241103,99d55ecf09c366f444de6d9d3925a47b2f64523c5c8d49951666673144e75808
84,MAX-082,2,7,116,431,231,176,624340514,54,245643111434,407,32,241154,aab7510ea5f62a9675d4705e882df4b21c2559308a4bf1d2adf1be57ebe0c026
85,MAX-083,2,7,116,454,231,176,427972034,0,184474329914,407,28,241205,80e6ab63f300bf64a220a719b6531be4611c2791a1702f21dad9c4caee77cdf9
85,MAX-083,2,7,116,454,231,176,427972034,1,185603448674,407,32,241256,86f03d792ba091eab837b47fcdb86afb6b60e3bad57c11916f39e84c8012f23b
85,MAX-083,2,7,116,454,231,176,427972034,2,186732567434,407,25,241307,6e827d1e064f408ddf1488e729ce8b238a466ce31a64412c61b928d703a30126
85,MAX-083,2,7,116,454,231,176,427972034,3,187861686194,407,35,241358,a1414ec16cc08e00d2438003382822f76ff4562a461dc9c5539edcf81a1ffe05
85,MAX-083,2,7,116,454,231,176,427972034,4,188990804954,407,35,241409,3fe0e6738ef3daf85f28b9c5f6a1275c66dba0699e22fdce4fe431f39e3e5a55
85,MAX-083,2,7,116,454,231,176,427972034,5,190119923714,407,29,241460,31f4ef3d648ed7cee0b22b6ff780fe37caff308d97b4b35898311a8e6435c3fb
85,MAX-083,2,7,116,454,231,176,427972034,6,191249042474,407,44,241511,f0e4515471e83aaceb604bafbb7348a1d6dca1b8750f4564c12238c448518470
85,MAX-083,2,7,116,454,231,176,427972034,7,192378161234,407,36,241562,e048bb60eaac2606b7107bfeee212f49a9c689bc310ad652264fe84e5490bacc
85,MAX-083,2,7,116,454,231,176,427972034,8,193507279994,407,31,241613,e2905b9690dd1620ab3e93bca7ff1f73f920b351464d2b71c1e5e7ac5febcd02
85,MAX-083,2,7,116,454,231,176,427972034,9,194636398754,407,35,241664,d752b3ab84fa17fe4a70e73a69c926f7f80d73668c7c6c12b71666e793f3fa9c
85,MAX-083,2,7,116,454,231,176,427972034,10,195765517514,407,37,241715,0a160569a6297b1590cf7dc98fb6e857c0de314984aef3729c3b2bb13ca9c8d3
85,MAX-083,2,7,116,454,231,176,427972034,11,196894636274,407,33,241766,73fb5f5af53ac861454b7f4b9cee1f5254e3ad9d3053a9b4952e74e4c482af08
85,MAX-083,2,7,116,454,231,176,427972034,12,198023755034,407,34,241817,3243354bd4c30a5e3187e99712eba554cee09081833ff0fe8a7d301d1889131f
85,MAX-083,2,7,116,454,231,176,427972034,13,199152873794,407,27,241868,dd0dd7c86c918caae3eef0a09e2217c845060feb3930391c0fa2c416381ee36c
85,MAX-083,2,7,116,454,231,176,427972034,14,200281992554,407,27,241919,23d0c6b7ea57420ee104ed4c2bea9b52440de83db2ea546df34c978cbd6d03ca
85,MAX-083,2,7,116,454,231,176,427972034,15,201411111314,407,38,241970,f94380115bf6cf430ff756b3357683d84825ea109caeadb3042eca94f5437298
85,MAX-083,2,7,116,454,231,176,427972034,16,202540230074,407,40,242021,d58ed5b8b9e52314a9bfc606f69bc904f55f413ddca147b1e20e06999dcc5857
85,MAX-083,2,7,116,454,231,176,427972034,17,203669348834,407,28,242072,9d385b2fc1cef2cdf24c5ec73feedea1527d01b687068285de97e391e6b8b459
85,MAX-083,2,7,116,454,231,176,427972034,18,204798467594,407,38,242123,f0ae811bf1335881173a51ee47d23cbfb534339ce592434e32d59bfbe6567c3f
85,MAX-083,2,7,116,454,231,176,427972034,19,205927586354,407,31,242174,ae626d0c7d2940c596712961696e880eca6c9688653580dd5e4e852da9c8b170
85,MAX-083,2,7,116,454,231,176,427972034,20,207056705114,407,32,242225,425e8beb79514b02170ad1f7ebff909d5a130360400f2419d690056b49f8ed45
85,MAX-083,2,7,116,454,231,176,427972034,21,208185823874,407,27,242276,447d3cb2935bd15520d54571dc6c7115c8c9f5d5ab74197108f1f906cb39b54b
85,MAX-083,2,7,116,454,231,176,427972034,22,209314942634,407,29,242327,9f6f60c21a28e9a2dd01e6865a6863356f2ac67aba1839d170dc5afd9f8bc1f6
85,MAX-083,2,7,116,454,231,176,427972034,23,210444061394,407,32,242378,22b1eb2fea57e2a0a46a30e7a23e545f9a4a4125877dc58c41378a46ecec2060
85,MAX-083,2,7,116,454,231,176,427972034,24,211573180154,407,32,242429,7807d617031e7a0b14e816820cd29452ffdc59898aa670ae3d24ec866000c9a8
85,MAX-083,2,7,116,454,231,176,427972034,25,212702298914,407,37,242480,82389acf60280edb3672cb0fc43de9377d55bc118cc59eefcce17a95f039e806
85,MAX-083,2,7,116,454,231,176,427972034,26,213831417674,407,22,242531,a848c2795ebaf4f91d789bfbbdc6d691c7a1813bc8622ad02e372168ff480024
85,MAX-083,2,7,116,454,231,176,427972034,27,214960536434,407,36,242582,162f7a23bd25f4e3d0e0fe3a4551c86a3b9c0334000320006829e4ecf4622dd4
85,MAX-083,2,7,116,454,231,176,427972034,28,216089655194,407,29,242633,eb73dd04cd8eb5a2fe13eb40a8374143ae364f3652073433105e1dbeaa218e50
85,MAX-083,2,7,116,454,231,176,427972034,29,217218773954,407,34,242684,5d772b7824a6557a3c9cff9a572880b771562f4bfc6052e3b40fabd866b8ce80
85,MAX-083,2,7,116,454,231,176,427972034,30,218347892714,407,41,242735,7d4d57f6a3469f117240ce9e2ef5fbb967f49c2f1e74ef8702ff3437a88d9f6d
85,MAX-083,2,7,116,454,231,176,427972034,31,219477011474,407,30,242786,5d0106e5a2e940296c32746a7c54d6931394585511bca9bd43f8296edb8ff1b3
85,MAX-083,2,7,116,454,231,176,427972034,32,220606130234,407,32,242837,b1d69e5f2285fbf19a2e17083375b300abb359e7ce9d7f2ffca463ceaac61114
85,MAX-083,2,7,116,454,231,176,427972034,33,221735248994,407,39,242888,5cb432ba92882a1b7ba6f6e2d3cbaef17233cce947243c75fac81a5e4a8dee74
85,MAX-083,2,7,116,454,231,176,427972034,34,222864367754,407,31,242939,54dfb7147fd1d195d1939fbb4b9e8c9dc0d7490a9195372d40814fb6c9a1f61f
85,MAX-083,2,7,116,454,231,176,427972034,35,223993486514,407,38,242990,e06a24b162e0d27b8e6cdf1dfbae3935455259332b6381ac44003e59e467d024
85,MAX-083,2,7,116,454,231,176,427972034,36,225122605274,407,39,243041,97a6de131022e1482f64262603c166a0487420b3a7cb0b1697c7358797bad27d
85,MAX-083,2,7,116,454,231,176,427972034,37,226251724034,407,31,243092,27bfc6b1d677051442f0c46f124824c6d1f87149400386775fa6d2b43fd54bda
85,MAX-083,2,7,116,454,231,176,427972034,38,227380842794,407,35,243143,9768c978e820aefe46fabc91bc7920b195dd018d00b191f53f270ae32bdcdce6
85,MAX-083,2,7,116,454,231,176,427972034,39,228509961554,407,40,243194,cda71908100661c7ef6c37c7c6b266edd3cbf0706ca281a5e8281c55af358dc3
85,MAX-083,2,7,116,454,231,176,427972034,40,229639080314,407,32,243245,405584557d644ea4a691e72769b6fde152d15b7330c4c983063e4979bb3e605e
85,MAX-083,2,7,116,454,231,176,427972034,41,230768199074,407,29,243296,a245e80612684f18899d0f363695bc16a96b5ef8e1bb80e949044734dd3dfa4f
85,MAX-083,2,7,116,454,231,176,427972034,42,231897317834,407,40,243347,ac82e4c01f3c9cd08850ce4246efb8e2ef185e5deff88f2dff10b26fb7db96c3
85,MAX-083,2,7,116,454,231,176,427972034,43,233026436594,407,35,243398,287ee6ae8cc1df1caf2e4b854d27d2f3faa836ee7fc8092407a22cd7d535ac13
85,MAX-083,2,7,116,454,231,176,427972034,44,234155555354,407,35,243449,a455f5f3ccf4b67bfdef02717b4ddbebffeaff2860668eb4aeb6bfa72471f1c1
85,MAX-083,2,7,116,454,231,176,427972034,45,235284674114,407,32,243500,cb4a4c234aa1ed5bee2560f7f0a172ddc38b390fbfe6306630a05b93aa9fb9f9
85,MAX-083,2,7,116,454,231,176,427972034,46,236413792874,407,36,243551,1407702dfb5e260dac594fbd5d8228978de6e4452fa5c05d41cd32de68efa445
85,MAX-083,2,7,116,454,231,176,427972034,47,237542911634,407,40,243602,6e1160c70c22c074fa33d6dad4df357b0dc51007154289f88d28c09f6417940e
85,MAX-083,2,7,116,454,231,176,427972034,48,238672030394,407,37,243653,ce0c58d3d3bfebc16c51350051b5ef87502ef2531e4acad20c3e16c9562f4b3f
85,MAX-083,2,7,116,454,231,176,427972034,49,239801149154,407,28,243704,a912ea982878474243030db23fc58fd9271431c0558e2d0baf7d8d60a13a263e
85,MAX-083,2,7,116,454,231,176,427972034,50,240930267914,407,30,243755,7fbcef9ccca6a5dacd2e7e87d68795355c138cde060553cd5ec7386c9fb6ddb1
85,MAX-083,2,7,116,454,231,176,427972034,51,242059386674,407,37,243806,402c1c0520e7c3f66b3f358bbf463421d8c74734128cd2b85c1616845550bdcf
85,MAX-083,2,7,116,454,231,176,427972034,52,243188505434,407,44,243857,17de26b1928b01d979ec78776e850fbc4ce096a6a6fa381c47c2dc7690bb1eb7
85,MAX-083,2,7,116,454,231,176,427972034,53,244317624194,407,28,243908,4b09da15336d1a02e2adda3fec0fdfe1dd695ceab7b7d5e373bc9a731fd2f3b1
85,MAX-083,2,7,116,454,231,176,427972034,54,245446742954,407,34,243959,bc8c73d221e94b92011e588950609769129e7f2cbd03c94a15ee12e7ca486bf3
85,MAX-083,2,7,116,454,231,176,427972034,55,246575861714,407,32,244010,f012a156f41682067f32e5bc374e3c29ee9c52852f2bf08475257ba5c2ff3588
86,MAX-084,2,7,116,523,231,176,967985354,0,185014343234,407,32,244061,e57da7c32eb18522e10e00646093c5e96d66f6a0dcc1b4804b8754812e588a38
86,MAX-084,2,7,116,523,231,176,967985354,1,186143461994,407,32,244112,f3f3eaf37f98f15f0918f1ecfb401814838dc0601b797433b58556ffd20f72e0
86,MAX-084,2,7,116,523,231,176,967985354,2,187272580754,407,37,244163,401df38a13b9d9d14ff9b28efb3185985bfba98e45b8c86b2157ab0457065d04
86,MAX-084,2,7,116,523,231,176,967985354,3,188401699514,407,37,244214,8bcbde09376d780fee8145f370203d38726b2775644180c88a1b81d75dcdd169
86,MAX-084,2,7,116,523,231,176,967985354,4,189530818274,407,39,244265,ed45d30aa2ff2d6ee935cd1b11d892f3f60e12b798f0d26817ba20dc7834a7bf
86,MAX-084,2,7,116,523,231,176,967985354,5,190659937034,407,34,244316,99fe2ddeb23bb4c953a3d50bc307bb130581978efcaf8a6e7871467b5403b9d9
86,MAX-084,2,7,116,523,231,176,967985354,6,191789055794,407,31,244367,f7be54c95d4d48106066077ffcc1c6519ce87e2c595ca3e578da06c283474125
86,MAX-084,2,7,116,523,231,176,967985354,7,192918174554,407,28,244418,b45ec30f56a59ddb9d0fdbbb3f98f0b5fa9bb3a0c797e383486cf9cee53df12e
86,MAX-084,2,7,116,523,231,176,967985354,8,194047293314,407,33,244469,5f69de03c1889abffa7bda33346f25121f634b71e02592ca5604530540bb30a1
86,MAX-084,2,7,116,523,231,176,967985354,9,195176412074,407,30,244520,df250952cc841908270c16f84b88f96b7511eb63d0e19121d23d25b76a04ca55
86,MAX-084,2,7,116,523,231,176,967985354,10,196305530834,407,29,244571,b9d46b150b215470cccba9a595d8c3c735787ac6082cd986f09057bc8f1b2c96
86,MAX-084,2,7,116,523,231,176,967985354,11,197434649594,407,43,244622,c575dce57ee17d404ac3833cf2588923bd4024d211a3a173b2c1ed9fe0fe2141
86,MAX-084,2,7,116,523,231,176,967985354,12,198563768354,407,32,244673,9a538e00c21c28db61c8102d0b93e3eeee875fff5c5e8af04003cd7df1af4800
86,MAX-084,2,7,116,523,231,176,967985354,13,199692887114,407,43,244724,6611f591f196e8a9358c738175abbdc0f5cc80d47c56988f43645fcbf4e3ec91
86,MAX-084,2,7,116,523,231,176,967985354,14,200822005874,407,36,244775,3007e3faeb936c78625937578a92bfa3af8f910ec323b0af00b3bd092384f7ed
86,MAX-084,2,7,116,523,231,176,967985354,15,201951124634,407,35,244826,f3381b6e68ae4e4213ea64eae9edb087b908fe70a2ba9ef0fd0a695d8b1fb12a
86,MAX-084,2,7,116,523,231,176,967985354,16,203080243394,407,26,244877,f2403f64dc323f58bcdbcfe479443f4bb91d88b84fc789ce1e664687c6e4055e
86,MAX-084,2,7,116,523,231,176,967985354,17,204209362154,407,33,244928,12c20721e5f226aa9eb54e37bf886af03c21952636bfdfbe759cc317ac484a92
86,MAX-084,2,7,116,523,231,176,967985354,18,205338480914,407,33,244979,b41dd2260aaa4951f456edac3be3e2df3c048e4ade0666e6f1e3f175862a1a31
86,MAX-084,2,7,116,523,231,176,967985354,19,206467599674,407,25,245030,39fdb134e803a2dac5e29824093c81a55916d4bdf191f28cedc87e3a51ec6939
86,MAX-084,2,7,116,523,231,176,967985354,20,207596718434,407,33,245081,35f72d57e9ccfb47afcaafd567175fa28b73a1649d92f212c32128c4994792fd
86,MAX-084,2,7,116,523,231,176,967985354,21,208725837194,407,39,245132,02a5e24b233a237adf096d18d489f84d668efaf6a68be8731b9a2eec21c134c3
86,MAX-084,2,7,116,523,231,176,967985354,22,209854955954,407,35,245183,0cd0538dfb777799412eb7fc053e9bac051b3e01bb3378c4eca4bab37e5604bf
86,MAX-084,2,7,116,523,231,176,967985354,23,210984074714,407,39,245234,5ccfa9c51ec85e4fa067d023daa574cfa94cefb31348d22957f8bb9e7e286d0c
86,MAX-084,2,7,116,523,231,176,967985354,24,212113193474,407,22,245285,ffa63f36575ea48f5b0cd650ef17e0da7401c03adb34d3c648d2bcdc76634930
86,MAX-084,2,7,116,523,231,176,967985354,25,213242312234,407,30,245336,64dfc951d87090eecea0f5b3ce023e48eb5a32cfbfa5fb5989fe8178c793c0c9
86,MAX-084,2,7,116,523,231,176,967985354,26,214371430994,407,45,245387,693ddc7d24144184724c67b3b3b6394f48a7245ff8d99627ce3bb677a54104dd
86,MAX-084,2,7,116,523,231,176,967985354,27,215500549754,407,33,245438,39c6baf3cda77591f41acaa53d82bb396bd5f3684ecebd7e888ac2937741a8c2
86,MAX-084,2,7,116,523,231,176,967985354,28,216629668514,407,32,245489,a82a823a30bb66c76277d503dd138c7a0d3e1fa049370415111b839ae859a758
86,MAX-084,2,7,116,523,231,176,967985354,29,217758787274,407,32,245540,535d0bceeb9b4624f7d4f148be8f372143daa472fa75db41506a2d263e961a23
86,MAX-084,2,7,116,523,231,176,967985354,30,218887906034,407,27,245591,75e680e8fa7ff77252b64ed6aa65f1d52ef30ded6cb8308ee1091a71e2162576
86,MAX-084,2,7,116,523,231,176,967985354,31,220017024794,407,42,245642,3d0ad1157087f02f0138d1da0778758b98d8ff6e90464a11a3d097cc8b62e26d
86,MAX-084,2,7,116,523,231,176,967985354,32,221146143554,407,29,245693,71f223bce11c19d02906d8ee9db78671009a8c7b28ac1950c0ad21fe0d434cd5
86,MAX-084,2,7,116,523,231,176,967985354,33,222275262314,407,32,245744,dce6e2919766ba867bf49862a7a403ed13e51fb154786b66c669225bec68f204
86,MAX-084,2,7,116,523,231,176,967985354,34,223404381074,407,32,245795,54932ebbc9507e9b036be6e535294b6ae329c83a32f7e2df7f17d4cb20d361ed
86,MAX-084,2,7,116,523,231,176,967985354,35,224533499834,407,39,245846,985dfc6806fb9dbbe29cea506d75d94a8258ea544845351ae63df95cc92ec24b
86,MAX-084,2,7,116,523,231,176,967985354,36,225662618594,407,31,245897,b13047d878b549bde470f6c72746a5e184f61ac0d7c593dd985f3ab550231335
86,MAX-084,2,7,116,523,231,176,967985354,37,226791737354,407,22,245948,f78467d763d7082f5f4be9306606ab5bedaf2231737c318005060a4db676cc0f
86,MAX-084,2,7,116,523,231,176,967985354,38,227920856114,407,31,245999,7dc26a509ff89d3a4e8a917c8f43705e7aac842dfbd57e065b2e89679ab0be7a
86,MAX-084,2,7,116,523,231,176,967985354,39,229049974874,407,37,246050,37418742df97d7d9ccae358d18726c9fb20156db442d192612619e6d930d9c83
86,MAX-084,2,7,116,523,231,176,967985354,40,230179093634,407,30,246101,23305c89a8d2d0b3a68b6852e2c6832b67748510a200cb24fd2dd5934e4d1bb9
86,MAX-084,2,7,116,523,231,176,967985354,41,231308212394,407,36,246152,163ca59c59210ecee10711e51aa5e6c43c7f1658a516af550d3b1683f56d76c8
86,MAX-084,2,7,116,523,231,176,967985354,42,232437331154,407,31,246203,4ffd85b07dd28b27296c28c7492b4e41583c9ebc79e0e8955cb88d827c1180f9
86,MAX-084,2,7,116,523,231,176,967985354,43,233566449914,407,25,246254,05c59833529f33727b387c032f1eba34e6ff2e4bbb7032f1982649a417d623ad
86,MAX-084,2,7,116,523,231,176,967985354,44,234695568674,407,40,246305,c5e2d2aaea7ee1f70166cb42bce69cc44a154647dc649dff486272d3f1657fbc
86,MAX-084,2,7,116,523,231,176,967985354,45,235824687434,407,31,246356,e3714951fdfa5737e043b490306d98d6096a2fcedf63ea723607a54b28b3c10c
86,MAX-084,2,7,116,523,231,176,967985354,46,236953806194,407,30,246407,271957ccfdbce301a1fb05dc38bf1326fc649280a0730aa23e39e8da2309b4d4
86,MAX-084,2,7,116,523,231,176,967985354,47,238082924954,407,31,246458,bb3accc39cd565139d4ec0972c87b51be8ceb554fd52199b3a098f4f03f38bec
86,MAX-084,2,7,116,523,231,176,967985354,48,239212043714,407,32,246509,00a62a162f7cae7ed43cca6147a47301a1bbe898a54288276d1f8778a64d4a19
86,MAX-084,2,7,116,523,231,176,967985354,49,240341162474,407,32,246560,d552912fe57dcaf9b9d2b54aa84fab1f9d9e6531618ce1cfc8d342c6a1554182
86,MAX-084,2,7,116,523,231,176,967985354,50,241470281234,407,37,246611,154c248198dd4c0e5fd8ca9dbe59eee2fb0a71005a95d0e1ab8ebdd41ff52108
86,MAX-084,2,7,116,523,231,176,967985354,51,242599399994,407,32,246662,675331f17ac25299492110a6f7d28cd9f306bc07ce116698a2cacf8a1dd22d06
86,MAX-084,2,7,116,523,231,176,967985354,52,243728518754,407,36,246713,46306fe975dee9d188aa0611d65ca4f3d83940bf93467194ef7dd97627219ed1
86,MAX-084,2,7,116,523,231,176,967985354,53,244857637514,407,33,246764,73b870f61a421a4d8039657b7ca21ecd8a77ae6dcdcdd287847be42a11b1e08a
86,MAX-084,2,7,116,523,231,176,967985354,54,245986756274,407,29,246815,2bebbd53a9fb56df8f9ef51f14d19e22cf52450f69ed98de4e72aae9a1dc81c4
