class_index,class_id,t3,t7,t11,t23,G,uncovered_pairs,crt_residue,point_index,n,active_pairs
0,CAL-216,2,41,74,504,216,191,626828474,0,184673186354,407
0,CAL-216,2,41,74,504,216,191,626828474,1,185802305114,407
0,CAL-216,2,41,74,504,216,191,626828474,2,186931423874,407
0,CAL-216,2,41,74,504,216,191,626828474,3,188060542634,407
0,CAL-216,2,41,74,504,216,191,626828474,4,189189661394,407
0,CAL-216,2,41,74,504,216,191,626828474,5,190318780154,407
0,CAL-216,2,41,74,504,216,191,626828474,6,191447898914,407
0,CAL-216,2,41,74,504,216,191,626828474,7,192577017674,407
0,CAL-216,2,41,74,504,216,191,626828474,8,193706136434,407
0,CAL-216,2,41,74,504,216,191,626828474,9,194835255194,407
0,CAL-216,2,41,74,504,216,191,626828474,10,195964373954,407
0,CAL-216,2,41,74,504,216,191,626828474,11,197093492714,407
0,CAL-216,2,41,74,504,216,191,626828474,12,198222611474,407
0,CAL-216,2,41,74,504,216,191,626828474,13,199351730234,407
0,CAL-216,2,41,74,504,216,191,626828474,14,200480848994,407
0,CAL-216,2,41,74,504,216,191,626828474,15,201609967754,407
0,CAL-216,2,41,74,504,216,191,626828474,16,202739086514,407
0,CAL-216,2,41,74,504,216,191,626828474,17,203868205274,407
0,CAL-216,2,41,74,504,216,191,626828474,18,204997324034,407
0,CAL-216,2,41,74,504,216,191,626828474,19,206126442794,407
0,CAL-216,2,41,74,504,216,191,626828474,20,207255561554,407
0,CAL-216,2,41,74,504,216,191,626828474,21,208384680314,407
0,CAL-216,2,41,74,504,216,191,626828474,22,209513799074,407
0,CAL-216,2,41,74,504,216,191,626828474,23,210642917834,407
0,CAL-216,2,41,74,504,216,191,626828474,24,211772036594,407
0,CAL-216,2,41,74,504,216,191,626828474,25,212901155354,407
0,CAL-216,2,41,74,504,216,191,626828474,26,214030274114,407
0,CAL-216,2,41,74,504,216,191,626828474,27,215159392874,407
0,CAL-216,2,41,74,504,216,191,626828474,28,216288511634,407
0,CAL-216,2,41,74,504,216,191,626828474,29,217417630394,407
0,CAL-216,2,41,74,504,216,191,626828474,30,218546749154,407
0,CAL-216,2,41,74,504,216,191,626828474,31,219675867914,407
0,CAL-216,2,41,74,504,216,191,626828474,32,220804986674,407
0,CAL-216,2,41,74,504,216,191,626828474,33,221934105434,407
0,CAL-216,2,41,74,504,216,191,626828474,34,223063224194,407
0,CAL-216,2,41,74,504,216,191,626828474,35,224192342954,407
0,CAL-216,2,41,74,504,216,191,626828474,36,225321461714,407
0,CAL-216,2,41,74,504,216,191,626828474,37,226450580474,407
0,CAL-216,2,41,74,504,216,191,626828474,38,227579699234,407
0,CAL-216,2,41,74,504,216,191,626828474,39,228708817994,407
0,CAL-216,2,41,74,504,216,191,626828474,40,229837936754,407
0,CAL-216,2,41,74,504,216,191,626828474,41,230967055514,407
0,CAL-216,2,41,74,504,216,191,626828474,42,232096174274,407
0,CAL-216,2,41,74,504,216,191,626828474,43,233225293034,407
0,CAL-216,2,41,74,504,216,191,626828474,44,234354411794,407
0,CAL-216,2,41,74,504,216,191,626828474,45,235483530554,407
0,CAL-216,2,41,74,504,216,191,626828474,46,236612649314,407
0,CAL-216,2,41,74,504,216,191,626828474,47,237741768074,407
0,CAL-216,2,41,74,504,216,191,626828474,48,238870886834,407
0,CAL-216,2,41,74,504,216,191,626828474,49,240000005594,407
0,CAL-216,2,41,74,504,216,191,626828474,50,241129124354,407
0,CAL-216,2,41,74,504,216,191,626828474,51,242258243114,407
0,CAL-216,2,41,74,504,216,191,626828474,52,243387361874,407
0,CAL-216,2,41,74,504,216,191,626828474,53,244516480634,407
0,CAL-216,2,41,74,504,216,191,626828474,54,245645599394,407
1,CAL-227,2,41,50,504,227,180,169582034,0,184215939914,407
1,CAL-227,2,41,50,504,227,180,169582034,1,185345058674,407
1,CAL-227,2,41,50,504,227,180,169582034,2,186474177434,407
1,CAL-227,2,41,50,504,227,180,169582034,3,187603296194,407
1,CAL-227,2,41,50,504,227,180,169582034,4,188732414954,407
1,CAL-227,2,41,50,504,227,180,169582034,5,189861533714,407
1,CAL-227,2,41,50,504,227,180,169582034,6,190990652474,407
1,CAL-227,2,41,50,504,227,180,169582034,7,192119771234,407
1,CAL-227,2,41,50,504,227,180,169582034,8,193248889994,407
1,CAL-227,2,41,50,504,227,180,169582034,9,194378008754,407
1,CAL-227,2,41,50,504,227,180,169582034,10,195507127514,407
1,CAL-227,2,41,50,504,227,180,169582034,11,196636246274,407
1,CAL-227,2,41,50,504,227,180,169582034,12,197765365034,407
1,CAL-227,2,41,50,504,227,180,169582034,13,198894483794,407
1,CAL-227,2,41,50,504,227,180,169582034,14,200023602554,407
1,CAL-227,2,41,50,504,227,180,169582034,15,201152721314,407
1,CAL-227,2,41,50,504,227,180,169582034,16,202281840074,407
1,CAL-227,2,41,50,504,227,180,169582034,17,203410958834,407
1,CAL-227,2,41,50,504,227,180,169582034,18,204540077594,407
1,CAL-227,2,41,50,504,227,180,169582034,19,205669196354,407
1,CAL-227,2,41,50,504,227,180,169582034,20,206798315114,407
1,CAL-227,2,41,50,504,227,180,169582034,21,207927433874,407
1,CAL-227,2,41,50,504,227,180,169582034,22,209056552634,407
1,CAL-227,2,41,50,504,227,180,169582034,23,210185671394,407
1,CAL-227,2,41,50,504,227,180,169582034,24,211314790154,407
1,CAL-227,2,41,50,504,227,180,169582034,25,212443908914,407
1,CAL-227,2,41,50,504,227,180,169582034,26,213573027674,407
1,CAL-227,2,41,50,504,227,180,169582034,27,214702146434,407
1,CAL-227,2,41,50,504,227,180,169582034,28,215831265194,407
1,CAL-227,2,41,50,504,227,180,169582034,29,216960383954,407
1,CAL-227,2,41,50,504,227,180,169582034,30,218089502714,407
1,CAL-227,2,41,50,504,227,180,169582034,31,219218621474,407
1,CAL-227,2,41,50,504,227,180,169582034,32,220347740234,407
1,CAL-227,2,41,50,504,227,180,169582034,33,221476858994,407
1,CAL-227,2,41,50,504,227,180,169582034,34,222605977754,407
1,CAL-227,2,41,50,504,227,180,169582034,35,223735096514,407
1,CAL-227,2,41,50,504,227,180,169582034,36,224864215274,407
1,CAL-227,2,41,50,504,227,180,169582034,37,225993334034,407
1,CAL-227,2,41,50,504,227,180,169582034,38,227122452794,407
1,CAL-227,2,41,50,504,227,180,169582034,39,228251571554,407
1,CAL-227,2,41,50,504,227,180,169582034,40,229380690314,407
1,CAL-227,2,41,50,504,227,180,169582034,41,230509809074,407
1,CAL-227,2,41,50,504,227,180,169582034,42,231638927834,407
1,CAL-227,2,41,50,504,227,180,169582034,43,232768046594,407
1,CAL-227,2,41,50,504,227,180,169582034,44,233897165354,407
1,CAL-227,2,41,50,504,227,180,169582034,45,235026284114,407
1,CAL-227,2,41,50,504,227,180,169582034,46,236155402874,407
1,CAL-227,2,41,50,504,227,180,169582034,47,237284521634,407
1,CAL-227,2,41,50,504,227,180,169582034,48,238413640394,407
1,CAL-227,2,41,50,504,227,180,169582034,49,239542759154,407
1,CAL-227,2,41,50,504,227,180,169582034,50,240671877914,407
1,CAL-227,2,41,50,504,227,180,169582034,51,241800996674,407
1,CAL-227,2,41,50,504,227,180,169582034,52,242930115434,407
1,CAL-227,2,41,50,504,227,180,169582034,53,244059234194,407
1,CAL-227,2,41,50,504,227,180,169582034,54,245188352954,407
1,CAL-227,2,41,50,504,227,180,169582034,55,246317471714,407
2,CAL-230,2,7,32,504,230,177,143491754,0,184189849634,407
2,CAL-230,2,7,32,504,230,177,143491754,1,185318968394,407
2,CAL-230,2,7,32,504,230,177,143491754,2,186448087154,407
2,CAL-230,2,7,32,504,230,177,143491754,3,187577205914,407
2,CAL-230,2,7,32,504,230,177,143491754,4,188706324674,407
2,CAL-230,2,7,32,504,230,177,143491754,5,189835443434,407
2,CAL-230,2,7,32,504,230,177,143491754,6,190964562194,407
2,CAL-230,2,7,32,504,230,177,143491754,7,192093680954,407
2,CAL-230,2,7,32,504,230,177,143491754,8,193222799714,407
2,CAL-230,2,7,32,504,230,177,143491754,9,194351918474,407
2,CAL-230,2,7,32,504,230,177,143491754,10,195481037234,407
2,CAL-230,2,7,32,504,230,177,143491754,11,196610155994,407
2,CAL-230,2,7,32,504,230,177,143491754,12,197739274754,407
2,CAL-230,2,7,32,504,230,177,143491754,13,198868393514,407
2,CAL-230,2,7,32,504,230,177,143491754,14,199997512274,407
2,CAL-230,2,7,32,504,230,177,143491754,15,201126631034,407
2,CAL-230,2,7,32,504,230,177,143491754,16,202255749794,407
2,CAL-230,2,7,32,504,230,177,143491754,17,203384868554,407
2,CAL-230,2,7,32,504,230,177,143491754,18,204513987314,407
2,CAL-230,2,7,32,504,230,177,143491754,19,205643106074,407
2,CAL-230,2,7,32,504,230,177,143491754,20,206772224834,407
2,CAL-230,2,7,32,504,230,177,143491754,21,207901343594,407
2,CAL-230,2,7,32,504,230,177,143491754,22,209030462354,407
2,CAL-230,2,7,32,504,230,177,143491754,23,210159581114,407
2,CAL-230,2,7,32,504,230,177,143491754,24,211288699874,407
2,CAL-230,2,7,32,504,230,177,143491754,25,212417818634,407
2,CAL-230,2,7,32,504,230,177,143491754,26,213546937394,407
2,CAL-230,2,7,32,504,230,177,143491754,27,214676056154,407
2,CAL-230,2,7,32,504,230,177,143491754,28,215805174914,407
2,CAL-230,2,7,32,504,230,177,143491754,29,216934293674,407
2,CAL-230,2,7,32,504,230,177,143491754,30,218063412434,407
2,CAL-230,2,7,32,504,230,177,143491754,31,219192531194,407
2,CAL-230,2,7,32,504,230,177,143491754,32,220321649954,407
2,CAL-230,2,7,32,504,230,177,143491754,33,221450768714,407
2,CAL-230,2,7,32,504,230,177,143491754,34,222579887474,407
2,CAL-230,2,7,32,504,230,177,143491754,35,223709006234,407
2,CAL-230,2,7,32,504,230,177,143491754,36,224838124994,407
2,CAL-230,2,7,32,504,230,177,143491754,37,225967243754,407
2,CAL-230,2,7,32,504,230,177,143491754,38,227096362514,407
2,CAL-230,2,7,32,504,230,177,143491754,39,228225481274,407
2,CAL-230,2,7,32,504,230,177,143491754,40,229354600034,407
2,CAL-230,2,7,32,504,230,177,143491754,41,230483718794,407
2,CAL-230,2,7,32,504,230,177,143491754,42,231612837554,407
2,CAL-230,2,7,32,504,230,177,143491754,43,232741956314,407
2,CAL-230,2,7,32,504,230,177,143491754,44,233871075074,407
2,CAL-230,2,7,32,504,230,177,143491754,45,235000193834,407
2,CAL-230,2,7,32,504,230,177,143491754,46,236129312594,407
2,CAL-230,2,7,32,504,230,177,143491754,47,237258431354,407
2,CAL-230,2,7,32,504,230,177,143491754,48,238387550114,407
2,CAL-230,2,7,32,504,230,177,143491754,49,239516668874,407
2,CAL-230,2,7,32,504,230,177,143491754,50,240645787634,407
2,CAL-230,2,7,32,504,230,177,143491754,51,241774906394,407
2,CAL-230,2,7,32,504,230,177,143491754,52,242904025154,407
2,CAL-230,2,7,32,504,230,177,143491754,53,244033143914,407
2,CAL-230,2,7,32,504,230,177,143491754,54,245162262674,407
2,CAL-230,2,7,32,504,230,177,143491754,55,246291381434,407
3,MAX-001,2,7,50,17,231,176,361028234,0,184407386114,407
3,MAX-001,2,7,50,17,231,176,361028234,1,185536504874,407
3,MAX-001,2,7,50,17,231,176,361028234,2,186665623634,407
3,MAX-001,2,7,50,17,231,176,361028234,3,187794742394,407
3,MAX-001,2,7,50,17,231,176,361028234,4,188923861154,407
3,MAX-001,2,7,50,17,231,176,361028234,5,190052979914,407
3,MAX-001,2,7,50,17,231,176,361028234,6,191182098674,407
3,MAX-001,2,7,50,17,231,176,361028234,7,192311217434,407
3,MAX-001,2,7,50,17,231,176,361028234,8,193440336194,407
3,MAX-001,2,7,50,17,231,176,361028234,9,194569454954,407
3,MAX-001,2,7,50,17,231,176,361028234,10,195698573714,407
3,MAX-001,2,7,50,17,231,176,361028234,11,196827692474,407
3,MAX-001,2,7,50,17,231,176,361028234,12,197956811234,407
3,MAX-001,2,7,50,17,231,176,361028234,13,199085929994,407
3,MAX-001,2,7,50,17,231,176,361028234,14,200215048754,407
3,MAX-001,2,7,50,17,231,176,361028234,15,201344167514,407
3,MAX-001,2,7,50,17,231,176,361028234,16,202473286274,407
3,MAX-001,2,7,50,17,231,176,361028234,17,203602405034,407
3,MAX-001,2,7,50,17,231,176,361028234,18,204731523794,407
3,MAX-001,2,7,50,17,231,176,361028234,19,205860642554,407
3,MAX-001,2,7,50,17,231,176,361028234,20,206989761314,407
3,MAX-001,2,7,50,17,231,176,361028234,21,208118880074,407
3,MAX-001,2,7,50,17,231,176,361028234,22,209247998834,407
3,MAX-001,2,7,50,17,231,176,361028234,23,210377117594,407
3,MAX-001,2,7,50,17,231,176,361028234,24,211506236354,407
3,MAX-001,2,7,50,17,231,176,361028234,25,212635355114,407
3,MAX-001,2,7,50,17,231,176,361028234,26,213764473874,407
3,MAX-001,2,7,50,17,231,176,361028234,27,214893592634,407
3,MAX-001,2,7,50,17,231,176,361028234,28,216022711394,407
3,MAX-001,2,7,50,17,231,176,361028234,29,217151830154,407
3,MAX-001,2,7,50,17,231,176,361028234,30,218280948914,407
3,MAX-001,2,7,50,17,231,176,361028234,31,219410067674,407
3,MAX-001,2,7,50,17,231,176,361028234,32,220539186434,407
3,MAX-001,2,7,50,17,231,176,361028234,33,221668305194,407
3,MAX-001,2,7,50,17,231,176,361028234,34,222797423954,407
3,MAX-001,2,7,50,17,231,176,361028234,35,223926542714,407
3,MAX-001,2,7,50,17,231,176,361028234,36,225055661474,407
3,MAX-001,2,7,50,17,231,176,361028234,37,226184780234,407
3,MAX-001,2,7,50,17,231,176,361028234,38,227313898994,407
3,MAX-001,2,7,50,17,231,176,361028234,39,228443017754,407
3,MAX-001,2,7,50,17,231,176,361028234,40,229572136514,407
3,MAX-001,2,7,50,17,231,176,361028234,41,230701255274,407
3,MAX-001,2,7,50,17,231,176,361028234,42,231830374034,407
3,MAX-001,2,7,50,17,231,176,361028234,43,232959492794,407
3,MAX-001,2,7,50,17,231,176,361028234,44,234088611554,407
3,MAX-001,2,7,50,17,231,176,361028234,45,235217730314,407
3,MAX-001,2,7,50,17,231,176,361028234,46,236346849074,407
3,MAX-001,2,7,50,17,231,176,361028234,47,237475967834,407
3,MAX-001,2,7,50,17,231,176,361028234,48,238605086594,407
3,MAX-001,2,7,50,17,231,176,361028234,49,239734205354,407
3,MAX-001,2,7,50,17,231,176,361028234,50,240863324114,407
3,MAX-001,2,7,50,17,231,176,361028234,51,241992442874,407
3,MAX-001,2,7,50,17,231,176,361028234,52,243121561634,407
3,MAX-001,2,7,50,17,231,176,361028234,53,244250680394,407
3,MAX-001,2,7,50,17,231,176,361028234,54,245379799154,407
3,MAX-001,2,7,50,17,231,176,361028234,55,246508917914,407
4,MAX-002,2,7,50,40,231,176,164659754,0,184211017634,407
4,MAX-002,2,7,50,40,231,176,164659754,1,185340136394,407
4,MAX-002,2,7,50,40,231,176,164659754,2,186469255154,407
4,MAX-002,2,7,50,40,231,176,164659754,3,187598373914,407
4,MAX-002,2,7,50,40,231,176,164659754,4,188727492674,407
4,MAX-002,2,7,50,40,231,176,164659754,5,189856611434,407
4,MAX-002,2,7,50,40,231,176,164659754,6,190985730194,407
4,MAX-002,2,7,50,40,231,176,164659754,7,192114848954,407
4,MAX-002,2,7,50,40,231,176,164659754,8,193243967714,407
4,MAX-002,2,7,50,40,231,176,164659754,9,194373086474,407
4,MAX-002,2,7,50,40,231,176,164659754,10,195502205234,407
4,MAX-002,2,7,50,40,231,176,164659754,11,196631323994,407
4,MAX-002,2,7,50,40,231,176,164659754,12,197760442754,407
4,MAX-002,2,7,50,40,231,176,164659754,13,198889561514,407
4,MAX-002,2,7,50,40,231,176,164659754,14,200018680274,407
4,MAX-002,2,7,50,40,231,176,164659754,15,201147799034,407
4,MAX-002,2,7,50,40,231,176,164659754,16,202276917794,407
4,MAX-002,2,7,50,40,231,176,164659754,17,203406036554,407
4,MAX-002,2,7,50,40,231,176,164659754,18,204535155314,407
4,MAX-002,2,7,50,40,231,176,164659754,19,205664274074,407
4,MAX-002,2,7,50,40,231,176,164659754,20,206793392834,407
4,MAX-002,2,7,50,40,231,176,164659754,21,207922511594,407
4,MAX-002,2,7,50,40,231,176,164659754,22,209051630354,407
4,MAX-002,2,7,50,40,231,176,164659754,23,210180749114,407
4,MAX-002,2,7,50,40,231,176,164659754,24,211309867874,407
4,MAX-002,2,7,50,40,231,176,164659754,25,212438986634,407
4,MAX-002,2,7,50,40,231,176,164659754,26,213568105394,407
4,MAX-002,2,7,50,40,231,176,164659754,27,214697224154,407
4,MAX-002,2,7,50,40,231,176,164659754,28,215826342914,407
4,MAX-002,2,7,50,40,231,176,164659754,29,216955461674,407
4,MAX-002,2,7,50,40,231,176,164659754,30,218084580434,407
4,MAX-002,2,7,50,40,231,176,164659754,31,219213699194,407
4,MAX-002,2,7,50,40,231,176,164659754,32,220342817954,407
4,MAX-002,2,7,50,40,231,176,164659754,33,221471936714,407
4,MAX-002,2,7,50,40,231,176,164659754,34,222601055474,407
4,MAX-002,2,7,50,40,231,176,164659754,35,223730174234,407
4,MAX-002,2,7,50,40,231,176,164659754,36,224859292994,407
4,MAX-002,2,7,50,40,231,176,164659754,37,225988411754,407
4,MAX-002,2,7,50,40,231,176,164659754,38,227117530514,407
4,MAX-002,2,7,50,40,231,176,164659754,39,228246649274,407
4,MAX-002,2,7,50,40,231,176,164659754,40,229375768034,407
4,MAX-002,2,7,50,40,231,176,164659754,41,230504886794,407
4,MAX-002,2,7,50,40,231,176,164659754,42,231634005554,407
4,MAX-002,2,7,50,40,231,176,164659754,43,232763124314,407
4,MAX-002,2,7,50,40,231,176,164659754,44,233892243074,407
4,MAX-002,2,7,50,40,231,176,164659754,45,235021361834,407
4,MAX-002,2,7,50,40,231,176,164659754,46,236150480594,407
4,MAX-002,2,7,50,40,231,176,164659754,47,237279599354,407
4,MAX-002,2,7,50,40,231,176,164659754,48,238408718114,407
4,MAX-002,2,7,50,40,231,176,164659754,49,239537836874,407
4,MAX-002,2,7,50,40,231,176,164659754,50,240666955634,407
4,MAX-002,2,7,50,40,231,176,164659754,51,241796074394,407
4,MAX-002,2,7,50,40,231,176,164659754,52,242925193154,407
4,MAX-002,2,7,50,40,231,176,164659754,53,244054311914,407
4,MAX-002,2,7,50,40,231,176,164659754,54,245183430674,407
4,MAX-002,2,7,50,40,231,176,164659754,55,246312549434,407
5,MAX-003,2,7,50,109,231,176,704673074,0,184751030954,407
5,MAX-003,2,7,50,109,231,176,704673074,1,185880149714,407
5,MAX-003,2,7,50,109,231,176,704673074,2,187009268474,407
5,MAX-003,2,7,50,109,231,176,704673074,3,188138387234,407
5,MAX-003,2,7,50,109,231,176,704673074,4,189267505994,407
5,MAX-003,2,7,50,109,231,176,704673074,5,190396624754,407
5,MAX-003,2,7,50,109,231,176,704673074,6,191525743514,407
5,MAX-003,2,7,50,109,231,176,704673074,7,192654862274,407
5,MAX-003,2,7,50,109,231,176,704673074,8,193783981034,407
5,MAX-003,2,7,50,109,231,176,704673074,9,194913099794,407
5,MAX-003,2,7,50,109,231,176,704673074,10,196042218554,407
5,MAX-003,2,7,50,109,231,176,704673074,11,197171337314,407
5,MAX-003,2,7,50,109,231,176,704673074,12,198300456074,407
5,MAX-003,2,7,50,109,231,176,704673074,13,199429574834,407
5,MAX-003,2,7,50,109,231,176,704673074,14,200558693594,407
5,MAX-003,2,7,50,109,231,176,704673074,15,201687812354,407
5,MAX-003,2,7,50,109,231,176,704673074,16,202816931114,407
5,MAX-003,2,7,50,109,231,176,704673074,17,203946049874,407
5,MAX-003,2,7,50,109,231,176,704673074,18,205075168634,407
5,MAX-003,2,7,50,109,231,176,704673074,19,206204287394,407
5,MAX-003,2,7,50,109,231,176,704673074,20,207333406154,407
5,MAX-003,2,7,50,109,231,176,704673074,21,208462524914,407
5,MAX-003,2,7,50,109,231,176,704673074,22,209591643674,407
5,MAX-003,2,7,50,109,231,176,704673074,23,210720762434,407
5,MAX-003,2,7,50,109,231,176,704673074,24,211849881194,407
5,MAX-003,2,7,50,109,231,176,704673074,25,212978999954,407
5,MAX-003,2,7,50,109,231,176,704673074,26,214108118714,407
5,MAX-003,2,7,50,109,231,176,704673074,27,215237237474,407
5,MAX-003,2,7,50,109,231,176,704673074,28,216366356234,407
5,MAX-003,2,7,50,109,231,176,704673074,29,217495474994,407
5,MAX-003,2,7,50,109,231,176,704673074,30,218624593754,407
5,MAX-003,2,7,50,109,231,176,704673074,31,219753712514,407
5,MAX-003,2,7,50,109,231,176,704673074,32,220882831274,407
5,MAX-003,2,7,50,109,231,176,704673074,33,222011950034,407
5,MAX-003,2,7,50,109,231,176,704673074,34,223141068794,407
5,MAX-003,2,7,50,109,231,176,704673074,35,224270187554,407
5,MAX-003,2,7,50,109,231,176,704673074,36,225399306314,407
5,MAX-003,2,7,50,109,231,176,704673074,37,226528425074,407
5,MAX-003,2,7,50,109,231,176,704673074,38,227657543834,407
5,MAX-003,2,7,50,109,231,176,704673074,39,228786662594,407
5,MAX-003,2,7,50,109,231,176,704673074,40,229915781354,407
5,MAX-003,2,7,50,109,231,176,704673074,41,231044900114,407
5,MAX-003,2,7,50,109,231,176,704673074,42,232174018874,407
5,MAX-003,2,7,50,109,231,176,704673074,43,233303137634,407
5,MAX-003,2,7,50,109,231,176,704673074,44,234432256394,407
5,MAX-003,2,7,50,109,231,176,704673074,45,235561375154,407
5,MAX-003,2,7,50,109,231,176,704673074,46,236690493914,407
5,MAX-003,2,7,50,109,231,176,704673074,47,237819612674,407
5,MAX-003,2,7,50,109,231,176,704673074,48,238948731434,407
5,MAX-003,2,7,50,109,231,176,704673074,49,240077850194,407
5,MAX-003,2,7,50,109,231,176,704673074,50,241206968954,407
5,MAX-003,2,7,50,109,231,176,704673074,51,242336087714,407
5,MAX-003,2,7,50,109,231,176,704673074,52,243465206474,407
5,MAX-003,2,7,50,109,231,176,704673074,53,244594325234,407
5,MAX-003,2,7,50,109,231,176,704673074,54,245723443994,407
6,MAX-004,2,7,50,178,231,176,115567634,0,184161925514,407
6,MAX-004,2,7,50,178,231,176,115567634,1,185291044274,407
6,MAX-004,2,7,50,178,231,176,115567634,2,186420163034,407
6,MAX-004,2,7,50,178,231,176,115567634,3,187549281794,407
6,MAX-004,2,7,50,178,231,176,115567634,4,188678400554,407
6,MAX-004,2,7,50,178,231,176,115567634,5,189807519314,407
6,MAX-004,2,7,50,178,231,176,115567634,6,190936638074,407
6,MAX-004,2,7,50,178,231,176,115567634,7,192065756834,407
6,MAX-004,2,7,50,178,231,176,115567634,8,193194875594,407
6,MAX-004,2,7,50,178,231,176,115567634,9,194323994354,407
6,MAX-004,2,7,50,178,231,176,115567634,10,195453113114,407
6,MAX-004,2,7,50,178,231,176,115567634,11,196582231874,407
6,MAX-004,2,7,50,178,231,176,115567634,12,197711350634,407
6,MAX-004,2,7,50,178,231,176,115567634,13,198840469394,407
6,MAX-004,2,7,50,178,231,176,115567634,14,199969588154,407
6,MAX-004,2,7,50,178,231,176,115567634,15,201098706914,407
6,MAX-004,2,7,50,178,231,176,115567634,16,202227825674,407
6,MAX-004,2,7,50,178,231,176,115567634,17,203356944434,407
6,MAX-004,2,7,50,178,231,176,115567634,18,204486063194,407
6,MAX-004,2,7,50,178,231,176,115567634,19,205615181954,407
6,MAX-004,2,7,50,178,231,176,115567634,20,206744300714,407
6,MAX-004,2,7,50,178,231,176,115567634,21,207873419474,407
6,MAX-004,2,7,50,178,231,176,115567634,22,209002538234,407
6,MAX-004,2,7,50,178,231,176,115567634,23,210131656994,407
6,MAX-004,2,7,50,178,231,176,115567634,24,211260775754,407
6,MAX-004,2,7,50,178,231,176,115567634,25,212389894514,407
6,MAX-004,2,7,50,178,231,176,115567634,26,213519013274,407
6,MAX-004,2,7,50,178,231,176,115567634,27,214648132034,407
6,MAX-004,2,7,50,178,231,176,115567634,28,215777250794,407
6,MAX-004,2,7,50,178,231,176,115567634,29,216906369554,407
6,MAX-004,2,7,50,178,231,176,115567634,30,218035488314,407
6,MAX-004,2,7,50,178,231,176,115567634,31,219164607074,407
6,MAX-004,2,7,50,178,231,176,115567634,32,220293725834,407
6,MAX-004,2,7,50,178,231,176,115567634,33,221422844594,407
6,MAX-004,2,7,50,178,231,176,115567634,34,222551963354,407
6,MAX-004,2,7,50,178,231,176,115567634,35,223681082114,407
6,MAX-004,2,7,50,178,231,176,115567634,36,224810200874,407
6,MAX-004,2,7,50,178,231,176,115567634,37,225939319634,407
6,MAX-004,2,7,50,178,231,176,115567634,38,227068438394,407
6,MAX-004,2,7,50,178,231,176,115567634,39,228197557154,407
6,MAX-004,2,7,50,178,231,176,115567634,40,229326675914,407
6,MAX-004,2,7,50,178,231,176,115567634,41,230455794674,407
6,MAX-004,2,7,50,178,231,176,115567634,42,231584913434,407
6,MAX-004,2,7,50,178,231,176,115567634,43,232714032194,407
6,MAX-004,2,7,50,178,231,176,115567634,44,233843150954,407
6,MAX-004,2,7,50,178,231,176,115567634,45,234972269714,407
6,MAX-004,2,7,50,178,231,176,115567634,46,236101388474,407
6,MAX-004,2,7,50,178,231,176,115567634,47,237230507234,407
6,MAX-004,2,7,50,178,231,176,115567634,48,238359625994,407
6,MAX-004,2,7,50,178,231,176,115567634,49,239488744754,407
6,MAX-004,2,7,50,178,231,176,115567634,50,240617863514,407
6,MAX-004,2,7,50,178,231,176,115567634,51,241746982274,407
6,MAX-004,2,7,50,178,231,176,115567634,52,242876101034,407
6,MAX-004,2,7,50,178,231,176,115567634,53,244005219794,407
6,MAX-004,2,7,50,178,231,176,115567634,54,245134338554,407
6,MAX-004,2,7,50,178,231,176,115567634,55,246263457314,407
7,MAX-005,2,7,50,224,231,176,851949434,0,184898307314,407
7,MAX-005,2,7,50,224,231,176,851949434,1,186027426074,407
7,MAX-005,2,7,50,224,231,176,851949434,2,187156544834,407
7,MAX-005,2,7,50,224,231,176,851949434,3,188285663594,407
7,MAX-005,2,7,50,224,231,176,851949434,4,189414782354,407
7,MAX-005,2,7,50,224,231,176,851949434,5,190543901114,407
7,MAX-005,2,7,50,224,231,176,851949434,6,191673019874,407
7,MAX-005,2,7,50,224,231,176,851949434,7,192802138634,407
7,MAX-005,2,7,50,224,231,176,851949434,8,193931257394,407
7,MAX-005,2,7,50,224,231,176,851949434,9,195060376154,407
7,MAX-005,2,7,50,224,231,176,851949434,10,196189494914,407
7,MAX-005,2,7,50,224,231,176,851949434,11,197318613674,407
7,MAX-005,2,7,50,224,231,176,851949434,12,198447732434,407
7,MAX-005,2,7,50,224,231,176,851949434,13,199576851194,407
7,MAX-005,2,7,50,224,231,176,851949434,14,200705969954,407
7,MAX-005,2,7,50,224,231,176,851949434,15,201835088714,407
7,MAX-005,2,7,50,224,231,176,851949434,16,202964207474,407
7,MAX-005,2,7,50,224,231,176,851949434,17,204093326234,407
7,MAX-005,2,7,50,224,231,176,851949434,18,205222444994,407
7,MAX-005,2,7,50,224,231,176,851949434,19,206351563754,407
7,MAX-005,2,7,50,224,231,176,851949434,20,207480682514,407
7,MAX-005,2,7,50,224,231,176,851949434,21,208609801274,407
7,MAX-005,2,7,50,224,231,176,851949434,22,209738920034,407
7,MAX-005,2,7,50,224,231,176,851949434,23,210868038794,407
7,MAX-005,2,7,50,224,231,176,851949434,24,211997157554,407
7,MAX-005,2,7,50,224,231,176,851949434,25,213126276314,407
7,MAX-005,2,7,50,224,231,176,851949434,26,214255395074,407
7,MAX-005,2,7,50,224,231,176,851949434,27,215384513834,407
7,MAX-005,2,7,50,224,231,176,851949434,28,216513632594,407
7,MAX-005,2,7,50,224,231,176,851949434,29,217642751354,407
7,MAX-005,2,7,50,224,231,176,851949434,30,218771870114,407
7,MAX-005,2,7,50,224,231,176,851949434,31,219900988874,407
7,MAX-005,2,7,50,224,231,176,851949434,32,221030107634,407
7,MAX-005,2,7,50,224,231,176,851949434,33,222159226394,407
7,MAX-005,2,7,50,224,231,176,851949434,34,223288345154,407
7,MAX-005,2,7,50,224,231,176,851949434,35,224417463914,407
7,MAX-005,2,7,50,224,231,176,851949434,36,225546582674,407
7,MAX-005,2,7,50,224,231,176,851949434,37,226675701434,407
7,MAX-005,2,7,50,224,231,176,851949434,38,227804820194,407
7,MAX-005,2,7,50,224,231,176,851949434,39,228933938954,407
7,MAX-005,2,7,50,224,231,176,851949434,40,230063057714,407
7,MAX-005,2,7,50,224,231,176,851949434,41,231192176474,407
7,MAX-005,2,7,50,224,231,176,851949434,42,232321295234,407
7,MAX-005,2,7,50,224,231,176,851949434,43,233450413994,407
7,MAX-005,2,7,50,224,231,176,851949434,44,234579532754,407
7,MAX-005,2,7,50,224,231,176,851949434,45,235708651514,407
7,MAX-005,2,7,50,224,231,176,851949434,46,236837770274,407
7,MAX-005,2,7,50,224,231,176,851949434,47,237966889034,407
7,MAX-005,2,7,50,224,231,176,851949434,48,239096007794,407
7,MAX-005,2,7,50,224,231,176,851949434,49,240225126554,407
7,MAX-005,2,7,50,224,231,176,851949434,50,241354245314,407
7,MAX-005,2,7,50,224,231,176,851949434,51,242483364074,407
7,MAX-005,2,7,50,224,231,176,851949434,52,243612482834,407
7,MAX-005,2,7,50,224,231,176,851949434,53,244741601594,407
7,MAX-005,2,7,50,224,231,176,851949434,54,245870720354,407
8,MAX-006,2,7,50,247,231,176,655580954,0,184701938834,407
8,MAX-006,2,7,50,247,231,176,655580954,1,185831057594,407
8,MAX-006,2,7,50,247,231,176,655580954,2,186960176354,407
8,MAX-006,2,7,50,247,231,176,655580954,3,188089295114,407
8,MAX-006,2,7,50,247,231,176,655580954,4,189218413874,407
8,MAX-006,2,7,50,247,231,176,655580954,5,190347532634,407
8,MAX-006,2,7,50,247,231,176,655580954,6,191476651394,407
8,MAX-006,2,7,50,247,231,176,655580954,7,192605770154,407
8,MAX-006,2,7,50,247,231,176,655580954,8,193734888914,407
8,MAX-006,2,7,50,247,231,176,655580954,9,194864007674,407
8,MAX-006,2,7,50,247,231,176,655580954,10,195993126434,407
8,MAX-006,2,7,50,247,231,176,655580954,11,197122245194,407
8,MAX-006,2,7,50,247,231,176,655580954,12,198251363954,407
8,MAX-006,2,7,50,247,231,176,655580954,13,199380482714,407
8,MAX-006,2,7,50,247,231,176,655580954,14,200509601474,407
8,MAX-006,2,7,50,247,231,176,655580954,15,201638720234,407
8,MAX-006,2,7,50,247,231,176,655580954,16,202767838994,407
8,MAX-006,2,7,50,247,231,176,655580954,17,203896957754,407
8,MAX-006,2,7,50,247,231,176,655580954,18,205026076514,407
8,MAX-006,2,7,50,247,231,176,655580954,19,206155195274,407
8,MAX-006,2,7,50,247,231,176,655580954,20,207284314034,407
8,MAX-006,2,7,50,247,231,176,655580954,21,208413432794,407
8,MAX-006,2,7,50,247,231,176,655580954,22,209542551554,407
8,MAX-006,2,7,50,247,231,176,655580954,23,210671670314,407
8,MAX-006,2,7,50,247,231,176,655580954,24,211800789074,407
8,MAX-006,2,7,50,247,231,176,655580954,25,212929907834,407
8,MAX-006,2,7,50,247,231,176,655580954,26,214059026594,407
8,MAX-006,2,7,50,247,231,176,655580954,27,215188145354,407
8,MAX-006,2,7,50,247,231,176,655580954,28,216317264114,407
8,MAX-006,2,7,50,247,231,176,655580954,29,217446382874,407
8,MAX-006,2,7,50,247,231,176,655580954,30,218575501634,407
8,MAX-006,2,7,50,247,231,176,655580954,31,219704620394,407
8,MAX-006,2,7,50,247,231,176,655580954,32,220833739154,407
8,MAX-006,2,7,50,247,231,176,655580954,33,221962857914,407
8,MAX-006,2,7,50,247,231,176,655580954,34,223091976674,407
8,MAX-006,2,7,50,247,231,176,655580954,35,224221095434,407
8,MAX-006,2,7,50,247,231,176,655580954,36,225350214194,407
8,MAX-006,2,7,50,247,231,176,655580954,37,226479332954,407
8,MAX-006,2,7,50,247,231,176,655580954,38,227608451714,407
8,MAX-006,2,7,50,247,231,176,655580954,39,228737570474,407
8,MAX-006,2,7,50,247,231,176,655580954,40,229866689234,407
8,MAX-006,2,7,50,247,231,176,655580954,41,230995807994,407
8,MAX-006,2,7,50,247,231,176,655580954,42,232124926754,407
8,MAX-006,2,7,50,247,231,176,655580954,43,233254045514,407
8,MAX-006,2,7,50,247,231,176,655580954,44,234383164274,407
8,MAX-006,2,7,50,247,231,176,655580954,45,235512283034,407
8,MAX-006,2,7,50,247,231,176,655580954,46,236641401794,407
8,MAX-006,2,7,50,247,231,176,655580954,47,237770520554,407
8,MAX-006,2,7,50,247,231,176,655580954,48,238899639314,407
8,MAX-006,2,7,50,247,231,176,655580954,49,240028758074,407
8,MAX-006,2,7,50,247,231,176,655580954,50,241157876834,407
8,MAX-006,2,7,50,247,231,176,655580954,51,242286995594,407
8,MAX-006,2,7,50,247,231,176,655580954,52,243416114354,407
8,MAX-006,2,7,50,247,231,176,655580954,53,244545233114,407
8,MAX-006,2,7,50,247,231,176,655580954,54,245674351874,407
9,MAX-007,2,7,50,270,231,176,459212474,0,184505570354,407
9,MAX-007,2,7,50,270,231,176,459212474,1,185634689114,407
9,MAX-007,2,7,50,270,231,176,459212474,2,186763807874,407
9,MAX-007,2,7,50,270,231,176,459212474,3,187892926634,407
9,MAX-007,2,7,50,270,231,176,459212474,4,189022045394,407
9,MAX-007,2,7,50,270,231,176,459212474,5,190151164154,407
9,MAX-007,2,7,50,270,231,176,459212474,6,191280282914,407
9,MAX-007,2,7,50,270,231,176,459212474,7,192409401674,407
9,MAX-007,2,7,50,270,231,176,459212474,8,193538520434,407
9,MAX-007,2,7,50,270,231,176,459212474,9,194667639194,407
9,MAX-007,2,7,50,270,231,176,459212474,10,195796757954,407
9,MAX-007,2,7,50,270,231,176,459212474,11,196925876714,407
9,MAX-007,2,7,50,270,231,176,459212474,12,198054995474,407
9,MAX-007,2,7,50,270,231,176,459212474,13,199184114234,407
9,MAX-007,2,7,50,270,231,176,459212474,14,200313232994,407
9,MAX-007,2,7,50,270,231,176,459212474,15,201442351754,407
9,MAX-007,2,7,50,270,231,176,459212474,16,202571470514,407
9,MAX-007,2,7,50,270,231,176,459212474,17,203700589274,407
9,MAX-007,2,7,50,270,231,176,459212474,18,204829708034,407
9,MAX-007,2,7,50,270,231,176,459212474,19,205958826794,407
9,MAX-007,2,7,50,270,231,176,459212474,20,207087945554,407
9,MAX-007,2,7,50,270,231,176,459212474,21,208217064314,407
9,MAX-007,2,7,50,270,231,176,459212474,22,209346183074,407
9,MAX-007,2,7,50,270,231,176,459212474,23,210475301834,407
9,MAX-007,2,7,50,270,231,176,459212474,24,211604420594,407
9,MAX-007,2,7,50,270,231,176,459212474,25,212733539354,407
9,MAX-007,2,7,50,270,231,176,459212474,26,213862658114,407
9,MAX-007,2,7,50,270,231,176,459212474,27,214991776874,407
9,MAX-007,2,7,50,270,231,176,459212474,28,216120895634,407
9,MAX-007,2,7,50,270,231,176,459212474,29,217250014394,407
9,MAX-007,2,7,50,270,231,176,459212474,30,218379133154,407
9,MAX-007,2,7,50,270,231,176,459212474,31,219508251914,407
9,MAX-007,2,7,50,270,231,176,459212474,32,220637370674,407
9,MAX-007,2,7,50,270,231,176,459212474,33,221766489434,407
9,MAX-007,2,7,50,270,231,176,459212474,34,222895608194,407
9,MAX-007,2,7,50,270,231,176,459212474,35,224024726954,407
9,MAX-007,2,7,50,270,231,176,459212474,36,225153845714,407
9,MAX-007,2,7,50,270,231,176,459212474,37,226282964474,407
9,MAX-007,2,7,50,270,231,176,459212474,38,227412083234,407
9,MAX-007,2,7,50,270,231,176,459212474,39,228541201994,407
9,MAX-007,2,7,50,270,231,176,459212474,40,229670320754,407
9,MAX-007,2,7,50,270,231,176,459212474,41,230799439514,407
9,MAX-007,2,7,50,270,231,176,459212474,42,231928558274,407
9,MAX-007,2,7,50,270,231,176,459212474,43,233057677034,407
9,MAX-007,2,7,50,270,231,176,459212474,44,234186795794,407
9,MAX-007,2,7,50,270,231,176,459212474,45,235315914554,407
9,MAX-007,2,7,50,270,231,176,459212474,46,236445033314,407
9,MAX-007,2,7,50,270,231,176,459212474,47,237574152074,407
9,MAX-007,2,7,50,270,231,176,459212474,48,238703270834,407
9,MAX-007,2,7,50,270,231,176,459212474,49,239832389594,407
9,MAX-007,2,7,50,270,231,176,459212474,50,240961508354,407
9,MAX-007,2,7,50,270,231,176,459212474,51,242090627114,407
9,MAX-007,2,7,50,270,231,176,459212474,52,243219745874,407
9,MAX-007,2,7,50,270,231,176,459212474,53,244348864634,407
9,MAX-007,2,7,50,270,231,176,459212474,54,245477983394,407
9,MAX-007,2,7,50,270,231,176,459212474,55,246607102154,407
10,MAX-008,2,7,50,316,231,176,66475514,0,184112833394,407
10,MAX-008,2,7,50,316,231,176,66475514,1,185241952154,407
10,MAX-008,2,7,50,316,231,176,66475514,2,186371070914,407
10,MAX-008,2,7,50,316,231,176,66475514,3,187500189674,407
10,MAX-008,2,7,50,316,231,176,66475514,4,188629308434,407
10,MAX-008,2,7,50,316,231,176,66475514,5,189758427194,407
10,MAX-008,2,7,50,316,231,176,66475514,6,190887545954,407
10,MAX-008,2,7,50,316,231,176,66475514,7,192016664714,407
10,MAX-008,2,7,50,316,231,176,66475514,8,193145783474,407
10,MAX-008,2,7,50,316,231,176,66475514,9,194274902234,407
10,MAX-008,2,7,50,316,231,176,66475514,10,195404020994,407
10,MAX-008,2,7,50,316,231,176,66475514,11,196533139754,407
10,MAX-008,2,7,50,316,231,176,66475514,12,197662258514,407
10,MAX-008,2,7,50,316,231,176,66475514,13,198791377274,407
10,MAX-008,2,7,50,316,231,176,66475514,14,199920496034,407
10,MAX-008,2,7,50,316,231,176,66475514,15,201049614794,407
10,MAX-008,2,7,50,316,231,176,66475514,16,202178733554,407
10,MAX-008,2,7,50,316,231,176,66475514,17,203307852314,407
10,MAX-008,2,7,50,316,231,176,66475514,18,204436971074,407
10,MAX-008,2,7,50,316,231,176,66475514,19,205566089834,407
10,MAX-008,2,7,50,316,231,176,66475514,20,206695208594,407
10,MAX-008,2,7,50,316,231,176,66475514,21,207824327354,407
10,MAX-008,2,7,50,316,231,176,66475514,22,208953446114,407
10,MAX-008,2,7,50,316,231,176,66475514,23,210082564874,407
10,MAX-008,2,7,50,316,231,176,66475514,24,211211683634,407
10,MAX-008,2,7,50,316,231,176,66475514,25,212340802394,407
10,MAX-008,2,7,50,316,231,176,66475514,26,213469921154,407
10,MAX-008,2,7,50,316,231,176,66475514,27,214599039914,407
10,MAX-008,2,7,50,316,231,176,66475514,28,215728158674,407
10,MAX-008,2,7,50,316,231,176,66475514,29,216857277434,407
10,MAX-008,2,7,50,316,231,176,66475514,30,217986396194,407
10,MAX-008,2,7,50,316,231,176,66475514,31,219115514954,407
10,MAX-008,2,7,50,316,231,176,66475514,32,220244633714,407
10,MAX-008,2,7,50,316,231,176,66475514,33,221373752474,407
10,MAX-008,2,7,50,316,231,176,66475514,34,222502871234,407
10,MAX-008,2,7,50,316,231,176,66475514,35,223631989994,407
10,MAX-008,2,7,50,316,231,176,66475514,36,224761108754,407
10,MAX-008,2,7,50,316,231,176,66475514,37,225890227514,407
10,MAX-008,2,7,50,316,231,176,66475514,38,227019346274,407
10,MAX-008,2,7,50,316,231,176,66475514,39,228148465034,407
10,MAX-008,2,7,50,316,231,176,66475514,40,229277583794,407
10,MAX-008,2,7,50,316,231,176,66475514,41,230406702554,407
10,MAX-008,2,7,50,316,231,176,66475514,42,231535821314,407
10,MAX-008,2,7,50,316,231,176,66475514,43,232664940074,407
10,MAX-008,2,7,50,316,231,176,66475514,44,233794058834,407
10,MAX-008,2,7,50,316,231,176,66475514,45,234923177594,407
10,MAX-008,2,7,50,316,231,176,66475514,46,236052296354,407
10,MAX-008,2,7,50,316,231,176,66475514,47,237181415114,407
10,MAX-008,2,7,50,316,231,176,66475514,48,238310533874,407
10,MAX-008,2,7,50,316,231,176,66475514,49,239439652634,407
10,MAX-008,2,7,50,316,231,176,66475514,50,240568771394,407
10,MAX-008,2,7,50,316,231,176,66475514,51,241697890154,407
10,MAX-008,2,7,50,316,231,176,66475514,52,242827008914,407
10,MAX-008,2,7,50,316,231,176,66475514,53,243956127674,407
10,MAX-008,2,7,50,316,231,176,66475514,54,245085246434,407
10,MAX-008,2,7,50,316,231,176,66475514,55,246214365194,407
11,MAX-009,2,7,50,339,231,176,999225794,0,185045583674,407
11,MAX-009,2,7,50,339,231,176,999225794,1,186174702434,407
11,MAX-009,2,7,50,339,231,176,999225794,2,187303821194,407
11,MAX-009,2,7,50,339,231,176,999225794,3,188432939954,407
11,MAX-009,2,7,50,339,231,176,999225794,4,189562058714,407
11,MAX-009,2,7,50,339,231,176,999225794,5,190691177474,407
11,MAX-009,2,7,50,339,231,176,999225794,6,191820296234,407
11,MAX-009,2,7,50,339,231,176,999225794,7,192949414994,407
11,MAX-009,2,7,50,339,231,176,999225794,8,194078533754,407
11,MAX-009,2,7,50,339,231,176,999225794,9,195207652514,407
11,MAX-009,2,7,50,339,231,176,999225794,10,196336771274,407
11,MAX-009,2,7,50,339,231,176,999225794,11,197465890034,407
11,MAX-009,2,7,50,339,231,176,999225794,12,198595008794,407
11,MAX-009,2,7,50,339,231,176,999225794,13,199724127554,407
11,MAX-009,2,7,50,339,231,176,999225794,14,200853246314,407
11,MAX-009,2,7,50,339,231,176,999225794,15,201982365074,407
11,MAX-009,2,7,50,339,231,176,999225794,16,203111483834,407
11,MAX-009,2,7,50,339,231,176,999225794,17,204240602594,407
11,MAX-009,2,7,50,339,231,176,999225794,18,205369721354,407
11,MAX-009,2,7,50,339,231,176,999225794,19,206498840114,407
11,MAX-009,2,7,50,339,231,176,999225794,20,207627958874,407
11,MAX-009,2,7,50,339,231,176,999225794,21,208757077634,407
11,MAX-009,2,7,50,339,231,176,999225794,22,209886196394,407
11,MAX-009,2,7,50,339,231,176,999225794,23,211015315154,407
11,MAX-009,2,7,50,339,231,176,999225794,24,212144433914,407
11,MAX-009,2,7,50,339,231,176,999225794,25,213273552674,407
11,MAX-009,2,7,50,339,231,176,999225794,26,214402671434,407
11,MAX-009,2,7,50,339,231,176,999225794,27,215531790194,407
11,MAX-009,2,7,50,339,231,176,999225794,28,216660908954,407
11,MAX-009,2,7,50,339,231,176,999225794,29,217790027714,407
11,MAX-009,2,7,50,339,231,176,999225794,30,218919146474,407
11,MAX-009,2,7,50,339,231,176,999225794,31,220048265234,407
11,MAX-009,2,7,50,339,231,176,999225794,32,221177383994,407
11,MAX-009,2,7,50,339,231,176,999225794,33,222306502754,407
11,MAX-009,2,7,50,339,231,176,999225794,34,223435621514,407
11,MAX-009,2,7,50,339,231,176,999225794,35,224564740274,407
11,MAX-009,2,7,50,339,231,176,999225794,36,225693859034,407
11,MAX-009,2,7,50,339,231,176,999225794,37,226822977794,407
11,MAX-009,2,7,50,339,231,176,999225794,38,227952096554,407
11,MAX-009,2,7,50,339,231,176,999225794,39,229081215314,407
11,MAX-009,2,7,50,339,231,176,999225794,40,230210334074,407
11,MAX-009,2,7,50,339,231,176,999225794,41,231339452834,407
11,MAX-009,2,7,50,339,231,176,999225794,42,232468571594,407
11,MAX-009,2,7,50,339,231,176,999225794,43,233597690354,407
11,MAX-009,2,7,50,339,231,176,999225794,44,234726809114,407
11,MAX-009,2,7,50,339,231,176,999225794,45,235855927874,407
11,MAX-009,2,7,50,339,231,176,999225794,46,236985046634,407
11,MAX-009,2,7,50,339,231,176,999225794,47,238114165394,407
11,MAX-009,2,7,50,339,231,176,999225794,48,239243284154,407
11,MAX-009,2,7,50,339,231,176,999225794,49,240372402914,407
11,MAX-009,2,7,50,339,231,176,999225794,50,241501521674,407
11,MAX-009,2,7,50,339,231,176,999225794,51,242630640434,407
11,MAX-009,2,7,50,339,231,176,999225794,52,243759759194,407
11,MAX-009,2,7,50,339,231,176,999225794,53,244888877954,407
11,MAX-009,2,7,50,339,231,176,999225794,54,246017996714,407
12,MAX-010,2,7,50,362,231,176,802857314,0,184849215194,407
12,MAX-010,2,7,50,362,231,176,802857314,1,185978333954,407
12,MAX-010,2,7,50,362,231,176,802857314,2,187107452714,407
12,MAX-010,2,7,50,362,231,176,802857314,3,188236571474,407
12,MAX-010,2,7,50,362,231,176,802857314,4,189365690234,407
12,MAX-010,2,7,50,362,231,176,802857314,5,190494808994,407
12,MAX-010,2,7,50,362,231,176,802857314,6,191623927754,407
12,MAX-010,2,7,50,362,231,176,802857314,7,192753046514,407
12,MAX-010,2,7,50,362,231,176,802857314,8,193882165274,407
12,MAX-010,2,7,50,362,231,176,802857314,9,195011284034,407
12,MAX-010,2,7,50,362,231,176,802857314,10,196140402794,407
12,MAX-010,2,7,50,362,231,176,802857314,11,197269521554,407
12,MAX-010,2,7,50,362,231,176,802857314,12,198398640314,407
12,MAX-010,2,7,50,362,231,176,802857314,13,199527759074,407
12,MAX-010,2,7,50,362,231,176,802857314,14,200656877834,407
12,MAX-010,2,7,50,362,231,176,802857314,15,201785996594,407
12,MAX-010,2,7,50,362,231,176,802857314,16,202915115354,407
12,MAX-010,2,7,50,362,231,176,802857314,17,204044234114,407
12,MAX-010,2,7,50,362,231,176,802857314,18,205173352874,407
12,MAX-010,2,7,50,362,231,176,802857314,19,206302471634,407
12,MAX-010,2,7,50,362,231,176,802857314,20,207431590394,407
12,MAX-010,2,7,50,362,231,176,802857314,21,208560709154,407
12,MAX-010,2,7,50,362,231,176,802857314,22,209689827914,407
12,MAX-010,2,7,50,362,231,176,802857314,23,210818946674,407
12,MAX-010,2,7,50,362,231,176,802857314,24,211948065434,407
12,MAX-010,2,7,50,362,231,176,802857314,25,213077184194,407
12,MAX-010,2,7,50,362,231,176,802857314,26,214206302954,407
12,MAX-010,2,7,50,362,231,176,802857314,27,215335421714,407
12,MAX-010,2,7,50,362,231,176,802857314,28,216464540474,407
12,MAX-010,2,7,50,362,231,176,802857314,29,217593659234,407
12,MAX-010,2,7,50,362,231,176,802857314,30,218722777994,407
12,MAX-010,2,7,50,362,231,176,802857314,31,219851896754,407
12,MAX-010,2,7,50,362,231,176,802857314,32,220981015514,407
12,MAX-010,2,7,50,362,231,176,802857314,33,222110134274,407
12,MAX-010,2,7,50,362,231,176,802857314,34,223239253034,407
12,MAX-010,2,7,50,362,231,176,802857314,35,224368371794,407
12,MAX-010,2,7,50,362,231,176,802857314,36,225497490554,407
12,MAX-010,2,7,50,362,231,176,802857314,37,226626609314,407
12,MAX-010,2,7,50,362,231,176,802857314,38,227755728074,407
12,MAX-010,2,7,50,362,231,176,802857314,39,228884846834,407
12,MAX-010,2,7,50,362,231,176,802857314,40,230013965594,407
12,MAX-010,2,7,50,362,231,176,802857314,41,231143084354,407
12,MAX-010,2,7,50,362,231,176,802857314,42,232272203114,407
12,MAX-010,2,7,50,362,231,176,802857314,43,233401321874,407
12,MAX-010,2,7,50,362,231,176,802857314,44,234530440634,407
12,MAX-010,2,7,50,362,231,176,802857314,45,235659559394,407
12,MAX-010,2,7,50,362,231,176,802857314,46,236788678154,407
12,MAX-010,2,7,50,362,231,176,802857314,47,237917796914,407
12,MAX-010,2,7,50,362,231,176,802857314,48,239046915674,407
12,MAX-010,2,7,50,362,231,176,802857314,49,240176034434,407
12,MAX-010,2,7,50,362,231,176,802857314,50,241305153194,407
12,MAX-010,2,7,50,362,231,176,802857314,51,242434271954,407
12,MAX-010,2,7,50,362,231,176,802857314,52,243563390714,407
12,MAX-010,2,7,50,362,231,176,802857314,53,244692509474,407
12,MAX-010,2,7,50,362,231,176,802857314,54,245821628234,407
13,MAX-011,2,7,50,385,231,176,606488834,0,184652846714,407
13,MAX-011,2,7,50,385,231,176,606488834,1,185781965474,407
13,MAX-011,2,7,50,385,231,176,606488834,2,186911084234,407
13,MAX-011,2,7,50,385,231,176,606488834,3,188040202994,407
13,MAX-011,2,7,50,385,231,176,606488834,4,189169321754,407
13,MAX-011,2,7,50,385,231,176,606488834,5,190298440514,407
13,MAX-011,2,7,50,385,231,176,606488834,6,191427559274,407
13,MAX-011,2,7,50,385,231,176,606488834,7,192556678034,407
13,MAX-011,2,7,50,385,231,176,606488834,8,193685796794,407
13,MAX-011,2,7,50,385,231,176,606488834,9,194814915554,407
13,MAX-011,2,7,50,385,231,176,606488834,10,195944034314,407
13,MAX-011,2,7,50,385,231,176,606488834,11,197073153074,407
13,MAX-011,2,7,50,385,231,176,606488834,12,198202271834,407
13,MAX-011,2,7,50,385,231,176,606488834,13,199331390594,407
13,MAX-011,2,7,50,385,231,176,606488834,14,200460509354,407
13,MAX-011,2,7,50,385,231,176,606488834,15,201589628114,407
13,MAX-011,2,7,50,385,231,176,606488834,16,202718746874,407
13,MAX-011,2,7,50,385,231,176,606488834,17,203847865634,407
13,MAX-011,2,7,50,385,231,176,606488834,18,204976984394,407
13,MAX-011,2,7,50,385,231,176,606488834,19,206106103154,407
13,MAX-011,2,7,50,385,231,176,606488834,20,207235221914,407
13,MAX-011,2,7,50,385,231,176,606488834,21,208364340674,407
13,MAX-011,2,7,50,385,231,176,606488834,22,209493459434,407
13,MAX-011,2,7,50,385,231,176,606488834,23,210622578194,407
13,MAX-011,2,7,50,385,231,176,606488834,24,211751696954,407
13,MAX-011,2,7,50,385,231,176,606488834,25,212880815714,407
13,MAX-011,2,7,50,385,231,176,606488834,26,214009934474,407
13,MAX-011,2,7,50,385,231,176,606488834,27,215139053234,407
13,MAX-011,2,7,50,385,231,176,606488834,28,216268171994,407
13,MAX-011,2,7,50,385,231,176,606488834,29,217397290754,407
13,MAX-011,2,7,50,385,231,176,606488834,30,218526409514,407
13,MAX-011,2,7,50,385,231,176,606488834,31,219655528274,407
13,MAX-011,2,7,50,385,231,176,606488834,32,220784647034,407
13,MAX-011,2,7,50,385,231,176,606488834,33,221913765794,407
13,MAX-011,2,7,50,385,231,176,606488834,34,223042884554,407
13,MAX-011,2,7,50,385,231,176,606488834,35,224172003314,407
13,MAX-011,2,7,50,385,231,176,606488834,36,225301122074,407
13,MAX-011,2,7,50,385,231,176,606488834,37,226430240834,407
13,MAX-011,2,7,50,385,231,176,606488834,38,227559359594,407
13,MAX-011,2,7,50,385,231,176,606488834,39,228688478354,407
13,MAX-011,2,7,50,385,231,176,606488834,40,229817597114,407
13,MAX-011,2,7,50,385,231,176,606488834,41,230946715874,407
13,MAX-011,2,7,50,385,231,176,606488834,42,232075834634,407
13,MAX-011,2,7,50,385,231,176,606488834,43,233204953394,407
13,MAX-011,2,7,50,385,231,176,606488834,44,234334072154,407
13,MAX-011,2,7,50,385,231,176,606488834,45,235463190914,407
13,MAX-011,2,7,50,385,231,176,606488834,46,236592309674,407
13,MAX-011,2,7,50,385,231,176,606488834,47,237721428434,407
13,MAX-011,2,7,50,385,231,176,606488834,48,238850547194,407
13,MAX-011,2,7,50,385,231,176,606488834,49,239979665954,407
13,MAX-011,2,7,50,385,231,176,606488834,50,241108784714,407
13,MAX-011,2,7,50,385,231,176,606488834,51,242237903474,407
13,MAX-011,2,7,50,385,231,176,606488834,52,243367022234,407
13,MAX-011,2,7,50,385,231,176,606488834,53,244496140994,407
13,MAX-011,2,7,50,385,231,176,606488834,54,245625259754,407
14,MAX-012,2,7,50,431,231,176,213751874,0,184260109754,407
14,MAX-012,2,7,50,431,231,176,213751874,1,185389228514,407
14,MAX-012,2,7,50,431,231,176,213751874,2,186518347274,407
14,MAX-012,2,7,50,431,231,176,213751874,3,187647466034,407
14,MAX-012,2,7,50,431,231,176,213751874,4,188776584794,407
14,MAX-012,2,7,50,431,231,176,213751874,5,189905703554,407
14,MAX-012,2,7,50,431,231,176,213751874,6,191034822314,407
14,MAX-012,2,7,50,431,231,176,213751874,7,192163941074,407
14,MAX-012,2,7,50,431,231,176,213751874,8,193293059834,407
14,MAX-012,2,7,50,431,231,176,213751874,9,194422178594,407
14,MAX-012,2,7,50,431,231,176,213751874,10,195551297354,407
14,MAX-012,2,7,50,431,231,176,213751874,11,196680416114,407
14,MAX-012,2,7,50,431,231,176,213751874,12,197809534874,407
14,MAX-012,2,7,50,431,231,176,213751874,13,198938653634,407
14,MAX-012,2,7,50,431,231,176,213751874,14,200067772394,407
14,MAX-012,2,7,50,431,231,176,213751874,15,201196891154,407
14,MAX-012,2,7,50,431,231,176,213751874,16,202326009914,407
14,MAX-012,2,7,50,431,231,176,213751874,17,203455128674,407
14,MAX-012,2,7,50,431,231,176,213751874,18,204584247434,407
14,MAX-012,2,7,50,431,231,176,213751874,19,205713366194,407
14,MAX-012,2,7,50,431,231,176,213751874,20,206842484954,407
14,MAX-012,2,7,50,431,231,176,213751874,21,207971603714,407
14,MAX-012,2,7,50,431,231,176,213751874,22,209100722474,407
14,MAX-012,2,7,50,431,231,176,213751874,23,210229841234,407
14,MAX-012,2,7,50,431,231,176,213751874,24,211358959994,407
14,MAX-012,2,7,50,431,231,176,213751874,25,212488078754,407
14,MAX-012,2,7,50,431,231,176,213751874,26,213617197514,407
14,MAX-012,2,7,50,431,231,176,213751874,27,214746316274,407
14,MAX-012,2,7,50,431,231,176,213751874,28,215875435034,407
14,MAX-012,2,7,50,431,231,176,213751874,29,217004553794,407
14,MAX-012,2,7,50,431,231,176,213751874,30,218133672554,407
14,MAX-012,2,7,50,431,231,176,213751874,31,219262791314,407
14,MAX-012,2,7,50,431,231,176,213751874,32,220391910074,407
14,MAX-012,2,7,50,431,231,176,213751874,33,221521028834,407
14,MAX-012,2,7,50,431,231,176,213751874,34,222650147594,407
14,MAX-012,2,7,50,431,231,176,213751874,35,223779266354,407
14,MAX-012,2,7,50,431,231,176,213751874,36,224908385114,407
14,MAX-012,2,7,50,431,231,176,213751874,37,226037503874,407
14,MAX-012,2,7,50,431,231,176,213751874,38,227166622634,407
14,MAX-012,2,7,50,431,231,176,213751874,39,228295741394,407
14,MAX-012,2,7,50,431,231,176,213751874,40,229424860154,407
14,MAX-012,2,7,50,431,231,176,213751874,41,230553978914,407
14,MAX-012,2,7,50,431,231,176,213751874,42,231683097674,407
14,MAX-012,2,7,50,431,231,176,213751874,43,232812216434,407
14,MAX-012,2,7,50,431,231,176,213751874,44,233941335194,407
14,MAX-012,2,7,50,431,231,176,213751874,45,235070453954,407
14,MAX-012,2,7,50,431,231,176,213751874,46,236199572714,407
14,MAX-012,2,7,50,431,231,176,213751874,47,237328691474,407
14,MAX-012,2,7,50,431,231,176,213751874,48,238457810234,407
14,MAX-012,2,7,50,431,231,176,213751874,49,239586928994,407
14,MAX-012,2,7,50,431,231,176,213751874,50,240716047754,407
14,MAX-012,2,7,50,431,231,176,213751874,51,241845166514,407
14,MAX-012,2,7,50,431,231,176,213751874,52,242974285274,407
14,MAX-012,2,7,50,431,231,176,213751874,53,244103404034,407
14,MAX-012,2,7,50,431,231,176,213751874,54,245232522794,407
14,MAX-012,2,7,50,431,231,176,213751874,55,246361641554,407
15,MAX-013,2,7,50,454,231,176,17383394,0,184063741274,407
15,MAX-013,2,7,50,454,231,176,17383394,1,185192860034,407
15,MAX-013,2,7,50,454,231,176,17383394,2,186321978794,407
15,MAX-013,2,7,50,454,231,176,17383394,3,187451097554,407
15,MAX-013,2,7,50,454,231,176,17383394,4,188580216314,407
15,MAX-013,2,7,50,454,231,176,17383394,5,189709335074,407
15,MAX-013,2,7,50,454,231,176,17383394,6,190838453834,407
15,MAX-013,2,7,50,454,231,176,17383394,7,191967572594,407
15,MAX-013,2,7,50,454,231,176,17383394,8,193096691354,407
15,MAX-013,2,7,50,454,231,176,17383394,9,194225810114,407
15,MAX-013,2,7,50,454,231,176,17383394,10,195354928874,407
15,MAX-013,2,7,50,454,231,176,17383394,11,196484047634,407
15,MAX-013,2,7,50,454,231,176,17383394,12,197613166394,407
15,MAX-013,2,7,50,454,231,176,17383394,13,198742285154,407
15,MAX-013,2,7,50,454,231,176,17383394,14,199871403914,407
15,MAX-013,2,7,50,454,231,176,17383394,15,201000522674,407
15,MAX-013,2,7,50,454,231,176,17383394,16,202129641434,407
15,MAX-013,2,7,50,454,231,176,17383394,17,203258760194,407
15,MAX-013,2,7,50,454,231,176,17383394,18,204387878954,407
15,MAX-013,2,7,50,454,231,176,17383394,19,205516997714,407
15,MAX-013,2,7,50,454,231,176,17383394,20,206646116474,407
15,MAX-013,2,7,50,454,231,176,17383394,21,207775235234,407
15,MAX-013,2,7,50,454,231,176,17383394,22,208904353994,407
15,MAX-013,2,7,50,454,231,176,17383394,23,210033472754,407
15,MAX-013,2,7,50,454,231,176,17383394,24,211162591514,407
15,MAX-013,2,7,50,454,231,176,17383394,25,212291710274,407
15,MAX-013,2,7,50,454,231,176,17383394,26,213420829034,407
15,MAX-013,2,7,50,454,231,176,17383394,27,214549947794,407
15,MAX-013,2,7,50,454,231,176,17383394,28,215679066554,407
15,MAX-013,2,7,50,454,231,176,17383394,29,216808185314,407
15,MAX-013,2,7,50,454,231,176,17383394,30,217937304074,407
15,MAX-013,2,7,50,454,231,176,17383394,31,219066422834,407
15,MAX-013,2,7,50,454,231,176,17383394,32,220195541594,407
15,MAX-013,2,7,50,454,231,176,17383394,33,221324660354,407
15,MAX-013,2,7,50,454,231,176,17383394,34,222453779114,407
15,MAX-013,2,7,50,454,231,176,17383394,35,223582897874,407
15,MAX-013,2,7,50,454,231,176,17383394,36,224712016634,407
15,MAX-013,2,7,50,454,231,176,17383394,37,225841135394,407
15,MAX-013,2,7,50,454,231,176,17383394,38,226970254154,407
15,MAX-013,2,7,50,454,231,176,17383394,39,228099372914,407
15,MAX-013,2,7,50,454,231,176,17383394,40,229228491674,407
15,MAX-013,2,7,50,454,231,176,17383394,41,230357610434,407
15,MAX-013,2,7,50,454,231,176,17383394,42,231486729194,407
15,MAX-013,2,7,50,454,231,176,17383394,43,232615847954,407
15,MAX-013,2,7,50,454,231,176,17383394,44,233744966714,407
15,MAX-013,2,7,50,454,231,176,17383394,45,234874085474,407
15,MAX-013,2,7,50,454,231,176,17383394,46,236003204234,407
15,MAX-013,2,7,50,454,231,176,17383394,47,237132322994,407
15,MAX-013,2,7,50,454,231,176,17383394,48,238261441754,407
15,MAX-013,2,7,50,454,231,176,17383394,49,239390560514,407
15,MAX-013,2,7,50,454,231,176,17383394,50,240519679274,407
15,MAX-013,2,7,50,454,231,176,17383394,51,241648798034,407
15,MAX-013,2,7,50,454,231,176,17383394,52,242777916794,407
15,MAX-013,2,7,50,454,231,176,17383394,53,243907035554,407
15,MAX-013,2,7,50,454,231,176,17383394,54,245036154314,407
15,MAX-013,2,7,50,454,231,176,17383394,55,246165273074,407
16,MAX-014,2,7,50,523,231,176,557396714,0,184603754594,407
16,MAX-014,2,7,50,523,231,176,557396714,1,185732873354,407
16,MAX-014,2,7,50,523,231,176,557396714,2,186861992114,407
16,MAX-014,2,7,50,523,231,176,557396714,3,187991110874,407
16,MAX-014,2,7,50,523,231,176,557396714,4,189120229634,407
16,MAX-014,2,7,50,523,231,176,557396714,5,190249348394,407
16,MAX-014,2,7,50,523,231,176,557396714,6,191378467154,407
16,MAX-014,2,7,50,523,231,176,557396714,7,192507585914,407
16,MAX-014,2,7,50,523,231,176,557396714,8,193636704674,407
16,MAX-014,2,7,50,523,231,176,557396714,9,194765823434,407
16,MAX-014,2,7,50,523,231,176,557396714,10,195894942194,407
16,MAX-014,2,7,50,523,231,176,557396714,11,197024060954,407
16,MAX-014,2,7,50,523,231,176,557396714,12,198153179714,407
16,MAX-014,2,7,50,523,231,176,557396714,13,199282298474,407
16,MAX-014,2,7,50,523,231,176,557396714,14,200411417234,407
16,MAX-014,2,7,50,523,231,176,557396714,15,201540535994,407
16,MAX-014,2,7,50,523,231,176,557396714,16,202669654754,407
16,MAX-014,2,7,50,523,231,176,557396714,17,203798773514,407
16,MAX-014,2,7,50,523,231,176,557396714,18,204927892274,407
16,MAX-014,2,7,50,523,231,176,557396714,19,206057011034,407
16,MAX-014,2,7,50,523,231,176,557396714,20,207186129794,407
16,MAX-014,2,7,50,523,231,176,557396714,21,208315248554,407
16,MAX-014,2,7,50,523,231,176,557396714,22,209444367314,407
16,MAX-014,2,7,50,523,231,176,557396714,23,210573486074,407
16,MAX-014,2,7,50,523,231,176,557396714,24,211702604834,407
16,MAX-014,2,7,50,523,231,176,557396714,25,212831723594,407
16,MAX-014,2,7,50,523,231,176,557396714,26,213960842354,407
16,MAX-014,2,7,50,523,231,176,557396714,27,215089961114,407
16,MAX-014,2,7,50,523,231,176,557396714,28,216219079874,407
16,MAX-014,2,7,50,523,231,176,557396714,29,217348198634,407
16,MAX-014,2,7,50,523,231,176,557396714,30,218477317394,407
16,MAX-014,2,7,50,523,231,176,557396714,31,219606436154,407
16,MAX-014,2,7,50,523,231,176,557396714,32,220735554914,407
16,MAX-014,2,7,50,523,231,176,557396714,33,221864673674,407
16,MAX-014,2,7,50,523,231,176,557396714,34,222993792434,407
16,MAX-014,2,7,50,523,231,176,557396714,35,224122911194,407
16,MAX-014,2,7,50,523,231,176,557396714,36,225252029954,407
16,MAX-014,2,7,50,523,231,176,557396714,37,226381148714,407
16,MAX-014,2,7,50,523,231,176,557396714,38,227510267474,407
16,MAX-014,2,7,50,523,231,176,557396714,39,228639386234,407
16,MAX-014,2,7,50,523,231,176,557396714,40,229768504994,407
16,MAX-014,2,7,50,523,231,176,557396714,41,230897623754,407
16,MAX-014,2,7,50,523,231,176,557396714,42,232026742514,407
16,MAX-014,2,7,50,523,231,176,557396714,43,233155861274,407
16,MAX-014,2,7,50,523,231,176,557396714,44,234284980034,407
16,MAX-014,2,7,50,523,231,176,557396714,45,235414098794,407
16,MAX-014,2,7,50,523,231,176,557396714,46,236543217554,407
16,MAX-014,2,7,50,523,231,176,557396714,47,237672336314,407
16,MAX-014,2,7,50,523,231,176,557396714,48,238801455074,407
16,MAX-014,2,7,50,523,231,176,557396714,49,239930573834,407
16,MAX-014,2,7,50,523,231,176,557396714,50,241059692594,407
16,MAX-014,2,7,50,523,231,176,557396714,51,242188811354,407
16,MAX-014,2,7,50,523,231,176,557396714,52,243317930114,407
16,MAX-014,2,7,50,523,231,176,557396714,53,244447048874,407
16,MAX-014,2,7,50,523,231,176,557396714,54,245576167634,407
16,MAX-014,2,7,50,523,231,176,557396714,55,246705286394,407
17,MAX-015,2,7,61,17,231,176,53086754,0,184099444634,407
17,MAX-015,2,7,61,17,231,176,53086754,1,185228563394,407
17,MAX-015,2,7,61,17,231,176,53086754,2,186357682154,407
17,MAX-015,2,7,61,17,231,176,53086754,3,187486800914,407
17,MAX-015,2,7,61,17,231,176,53086754,4,188615919674,407
17,MAX-015,2,7,61,17,231,176,53086754,5,189745038434,407
17,MAX-015,2,7,61,17,231,176,53086754,6,190874157194,407
17,MAX-015,2,7,61,17,231,176,53086754,7,192003275954,407
17,MAX-015,2,7,61,17,231,176,53086754,8,193132394714,407
17,MAX-015,2,7,61,17,231,176,53086754,9,194261513474,407
17,MAX-015,2,7,61,17,231,176,53086754,10,195390632234,407
17,MAX-015,2,7,61,17,231,176,53086754,11,196519750994,407
17,MAX-015,2,7,61,17,231,176,53086754,12,197648869754,407
17,MAX-015,2,7,61,17,231,176,53086754,13,198777988514,407
17,MAX-015,2,7,61,17,231,176,53086754,14,199907107274,407
17,MAX-015,2,7,61,17,231,176,53086754,15,201036226034,407
17,MAX-015,2,7,61,17,231,176,53086754,16,202165344794,407
17,MAX-015,2,7,61,17,231,176,53086754,17,203294463554,407
17,MAX-015,2,7,61,17,231,176,53086754,18,204423582314,407
17,MAX-015,2,7,61,17,231,176,53086754,19,205552701074,407
17,MAX-015,2,7,61,17,231,176,53086754,20,206681819834,407
17,MAX-015,2,7,61,17,231,176,53086754,21,207810938594,407
17,MAX-015,2,7,61,17,231,176,53086754,22,208940057354,407
17,MAX-015,2,7,61,17,231,176,53086754,23,210069176114,407
17,MAX-015,2,7,61,17,231,176,53086754,24,211198294874,407
17,MAX-015,2,7,61,17,231,176,53086754,25,212327413634,407
17,MAX-015,2,7,61,17,231,176,53086754,26,213456532394,407
17,MAX-015,2,7,61,17,231,176,53086754,27,214585651154,407
17,MAX-015,2,7,61,17,231,176,53086754,28,215714769914,407
17,MAX-015,2,7,61,17,231,176,53086754,29,216843888674,407
17,MAX-015,2,7,61,17,231,176,53086754,30,217973007434,407
17,MAX-015,2,7,61,17,231,176,53086754,31,219102126194,407
17,MAX-015,2,7,61,17,231,176,53086754,32,220231244954,407
17,MAX-015,2,7,61,17,231,176,53086754,33,221360363714,407
17,MAX-015,2,7,61,17,231,176,53086754,34,222489482474,407
17,MAX-015,2,7,61,17,231,176,53086754,35,223618601234,407
17,MAX-015,2,7,61,17,231,176,53086754,36,224747719994,407
17,MAX-015,2,7,61,17,231,176,53086754,37,225876838754,407
17,MAX-015,2,7,61,17,231,176,53086754,38,227005957514,407
17,MAX-015,2,7,61,17,231,176,53086754,39,228135076274,407
17,MAX-015,2,7,61,17,231,176,53086754,40,229264195034,407
17,MAX-015,2,7,61,17,231,176,53086754,41,230393313794,407
17,MAX-015,2,7,61,17,231,176,53086754,42,231522432554,407
17,MAX-015,2,7,61,17,231,176,53086754,43,232651551314,407
17,MAX-015,2,7,61,17,231,176,53086754,44,233780670074,407
17,MAX-015,2,7,61,17,231,176,53086754,45,234909788834,407
17,MAX-015,2,7,61,17,231,176,53086754,46,236038907594,407
17,MAX-015,2,7,61,17,231,176,53086754,47,237168026354,407
17,MAX-015,2,7,61,17,231,176,53086754,48,238297145114,407
17,MAX-015,2,7,61,17,231,176,53086754,49,239426263874,407
17,MAX-015,2,7,61,17,231,176,53086754,50,240555382634,407
17,MAX-015,2,7,61,17,231,176,53086754,51,241684501394,407
17,MAX-015,2,7,61,17,231,176,53086754,52,242813620154,407
17,MAX-015,2,7,61,17,231,176,53086754,53,243942738914,407
17,MAX-015,2,7,61,17,231,176,53086754,54,245071857674,407
17,MAX-015,2,7,61,17,231,176,53086754,55,246200976434,407
18,MAX-016,2,7,61,40,231,176,985837034,0,185032194914,407
18,MAX-016,2,7,61,40,231,176,985837034,1,186161313674,407
18,MAX-016,2,7,61,40,231,176,985837034,2,187290432434,407
18,MAX-016,2,7,61,40,231,176,985837034,3,188419551194,407
18,MAX-016,2,7,61,40,231,176,985837034,4,189548669954,407
18,MAX-016,2,7,61,40,231,176,985837034,5,190677788714,407
18,MAX-016,2,7,61,40,231,176,985837034,6,191806907474,407
18,MAX-016,2,7,61,40,231,176,985837034,7,192936026234,407
18,MAX-016,2,7,61,40,231,176,985837034,8,194065144994,407
18,MAX-016,2,7,61,40,231,176,985837034,9,195194263754,407
18,MAX-016,2,7,61,40,231,176,985837034,10,196323382514,407
18,MAX-016,2,7,61,40,231,176,985837034,11,197452501274,407
18,MAX-016,2,7,61,40,231,176,985837034,12,198581620034,407
18,MAX-016,2,7,61,40,231,176,985837034,13,199710738794,407
18,MAX-016,2,7,61,40,231,176,985837034,14,200839857554,407
18,MAX-016,2,7,61,40,231,176,985837034,15,201968976314,407
18,MAX-016,2,7,61,40,231,176,985837034,16,203098095074,407
18,MAX-016,2,7,61,40,231,176,985837034,17,204227213834,407
18,MAX-016,2,7,61,40,231,176,985837034,18,205356332594,407
18,MAX-016,2,7,61,40,231,176,985837034,19,206485451354,407
18,MAX-016,2,7,61,40,231,176,985837034,20,207614570114,407
18,MAX-016,2,7,61,40,231,176,985837034,21,208743688874,407
18,MAX-016,2,7,61,40,231,176,985837034,22,209872807634,407
18,MAX-016,2,7,61,40,231,176,985837034,23,211001926394,407
18,MAX-016,2,7,61,40,231,176,985837034,24,212131045154,407
18,MAX-016,2,7,61,40,231,176,985837034,25,213260163914,407
18,MAX-016,2,7,61,40,231,176,985837034,26,214389282674,407
18,MAX-016,2,7,61,40,231,176,985837034,27,215518401434,407
18,MAX-016,2,7,61,40,231,176,985837034,28,216647520194,407
18,MAX-016,2,7,61,40,231,176,985837034,29,217776638954,407
18,MAX-016,2,7,61,40,231,176,985837034,30,218905757714,407
18,MAX-016,2,7,61,40,231,176,985837034,31,220034876474,407
18,MAX-016,2,7,61,40,231,176,985837034,32,221163995234,407
18,MAX-016,2,7,61,40,231,176,985837034,33,222293113994,407
18,MAX-016,2,7,61,40,231,176,985837034,34,223422232754,407
18,MAX-016,2,7,61,40,231,176,985837034,35,224551351514,407
18,MAX-016,2,7,61,40,231,176,985837034,36,225680470274,407
18,MAX-016,2,7,61,40,231,176,985837034,37,226809589034,407
18,MAX-016,2,7,61,40,231,176,985837034,38,227938707794,407
18,MAX-016,2,7,61,40,231,176,985837034,39,229067826554,407
18,MAX-016,2,7,61,40,231,176,985837034,40,230196945314,407
18,MAX-016,2,7,61,40,231,176,985837034,41,231326064074,407
18,MAX-016,2,7,61,40,231,176,985837034,42,232455182834,407
18,MAX-016,2,7,61,40,231,176,985837034,43,233584301594,407
18,MAX-016,2,7,61,40,231,176,985837034,44,234713420354,407
18,MAX-016,2,7,61,40,231,176,985837034,45,235842539114,407
18,MAX-016,2,7,61,40,231,176,985837034,46,236971657874,407
18,MAX-016,2,7,61,40,231,176,985837034,47,238100776634,407
18,MAX-016,2,7,61,40,231,176,985837034,48,239229895394,407
18,MAX-016,2,7,61,40,231,176,985837034,49,240359014154,407
18,MAX-016,2,7,61,40,231,176,985837034,50,241488132914,407
18,MAX-016,2,7,61,40,231,176,985837034,51,242617251674,407
18,MAX-016,2,7,61,40,231,176,985837034,52,243746370434,407
18,MAX-016,2,7,61,40,231,176,985837034,53,244875489194,407
18,MAX-016,2,7,61,40,231,176,985837034,54,246004607954,407
19,MAX-017,2,7,61,109,231,176,396731594,0,184443089474,407
19,MAX-017,2,7,61,109,231,176,396731594,1,185572208234,407
19,MAX-017,2,7,61,109,231,176,396731594,2,186701326994,407
19,MAX-017,2,7,61,109,231,176,396731594,3,187830445754,407
19,MAX-017,2,7,61,109,231,176,396731594,4,188959564514,407
19,MAX-017,2,7,61,109,231,176,396731594,5,190088683274,407
19,MAX-017,2,7,61,109,231,176,396731594,6,191217802034,407
19,MAX-017,2,7,61,109,231,176,396731594,7,192346920794,407
19,MAX-017,2,7,61,109,231,176,396731594,8,193476039554,407
19,MAX-017,2,7,61,109,231,176,396731594,9,194605158314,407
19,MAX-017,2,7,61,109,231,176,396731594,10,195734277074,407
19,MAX-017,2,7,61,109,231,176,396731594,11,196863395834,407
19,MAX-017,2,7,61,109,231,176,396731594,12,197992514594,407
19,MAX-017,2,7,61,109,231,176,396731594,13,199121633354,407
19,MAX-017,2,7,61,109,231,176,396731594,14,200250752114,407
19,MAX-017,2,7,61,109,231,176,396731594,15,201379870874,407
19,MAX-017,2,7,61,109,231,176,396731594,16,202508989634,407
19,MAX-017,2,7,61,109,231,176,396731594,17,203638108394,407
19,MAX-017,2,7,61,109,231,176,396731594,18,204767227154,407
19,MAX-017,2,7,61,109,231,176,396731594,19,205896345914,407
19,MAX-017,2,7,61,109,231,176,396731594,20,207025464674,407
19,MAX-017,2,7,61,109,231,176,396731594,21,208154583434,407
19,MAX-017,2,7,61,109,231,176,396731594,22,209283702194,407
19,MAX-017,2,7,61,109,231,176,396731594,23,210412820954,407
19,MAX-017,2,7,61,109,231,176,396731594,24,211541939714,407
19,MAX-017,2,7,61,109,231,176,396731594,25,212671058474,407
19,MAX-017,2,7,61,109,231,176,396731594,26,213800177234,407
19,MAX-017,2,7,61,109,231,176,396731594,27,214929295994,407
19,MAX-017,2,7,61,109,231,176,396731594,28,216058414754,407
19,MAX-017,2,7,61,109,231,176,396731594,29,217187533514,407
19,MAX-017,2,7,61,109,231,176,396731594,30,218316652274,407
19,MAX-017,2,7,61,109,231,176,396731594,31,219445771034,407
19,MAX-017,2,7,61,109,231,176,396731594,32,220574889794,407
19,MAX-017,2,7,61,109,231,176,396731594,33,221704008554,407
19,MAX-017,2,7,61,109,231,176,396731594,34,222833127314,407
19,MAX-017,2,7,61,109,231,176,396731594,35,223962246074,407
19,MAX-017,2,7,61,109,231,176,396731594,36,225091364834,407
19,MAX-017,2,7,61,109,231,176,396731594,37,226220483594,407
19,MAX-017,2,7,61,109,231,176,396731594,38,227349602354,407
19,MAX-017,2,7,61,109,231,176,396731594,39,228478721114,407
19,MAX-017,2,7,61,109,231,176,396731594,40,229607839874,407
19,MAX-017,2,7,61,109,231,176,396731594,41,230736958634,407
19,MAX-017,2,7,61,109,231,176,396731594,42,231866077394,407
19,MAX-017,2,7,61,109,231,176,396731594,43,232995196154,407
19,MAX-017,2,7,61,109,231,176,396731594,44,234124314914,407
19,MAX-017,2,7,61,109,231,176,396731594,45,235253433674,407
19,MAX-017,2,7,61,109,231,176,396731594,46,236382552434,407
19,MAX-017,2,7,61,109,231,176,396731594,47,237511671194,407
19,MAX-017,2,7,61,109,231,176,396731594,48,238640789954,407
19,MAX-017,2,7,61,109,231,176,396731594,49,239769908714,407
19,MAX-017,2,7,61,109,231,176,396731594,50,240899027474,407
19,MAX-017,2,7,61,109,231,176,396731594,51,242028146234,407
19,MAX-017,2,7,61,109,231,176,396731594,52,243157264994,407
19,MAX-017,2,7,61,109,231,176,396731594,53,244286383754,407
19,MAX-017,2,7,61,109,231,176,396731594,54,245415502514,407
19,MAX-017,2,7,61,109,231,176,396731594,55,246544621274,407
20,MAX-018,2,7,61,178,231,176,936744914,0,184983102794,407
20,MAX-018,2,7,61,178,231,176,936744914,1,186112221554,407
20,MAX-018,2,7,61,178,231,176,936744914,2,187241340314,407
20,MAX-018,2,7,61,178,231,176,936744914,3,188370459074,407
20,MAX-018,2,7,61,178,231,176,936744914,4,189499577834,407
20,MAX-018,2,7,61,178,231,176,936744914,5,190628696594,407
20,MAX-018,2,7,61,178,231,176,936744914,6,191757815354,407
20,MAX-018,2,7,61,178,231,176,936744914,7,192886934114,407
20,MAX-018,2,7,61,178,231,176,936744914,8,194016052874,407
20,MAX-018,2,7,61,178,231,176,936744914,9,195145171634,407
20,MAX-018,2,7,61,178,231,176,936744914,10,196274290394,407
20,MAX-018,2,7,61,178,231,176,936744914,11,197403409154,407
20,MAX-018,2,7,61,178,231,176,936744914,12,198532527914,407
20,MAX-018,2,7,61,178,231,176,936744914,13,199661646674,407
20,MAX-018,2,7,61,178,231,176,936744914,14,200790765434,407
20,MAX-018,2,7,61,178,231,176,936744914,15,201919884194,407
20,MAX-018,2,7,61,178,231,176,936744914,16,203049002954,407
20,MAX-018,2,7,61,178,231,176,936744914,17,204178121714,407
20,MAX-018,2,7,61,178,231,176,936744914,18,205307240474,407
20,MAX-018,2,7,61,178,231,176,936744914,19,206436359234,407
20,MAX-018,2,7,61,178,231,176,936744914,20,207565477994,407
20,MAX-018,2,7,61,178,231,176,936744914,21,208694596754,407
20,MAX-018,2,7,61,178,231,176,936744914,22,209823715514,407
20,MAX-018,2,7,61,178,231,176,936744914,23,210952834274,407
20,MAX-018,2,7,61,178,231,176,936744914,24,212081953034,407
20,MAX-018,2,7,61,178,231,176,936744914,25,213211071794,407
20,MAX-018,2,7,61,178,231,176,936744914,26,214340190554,407
20,MAX-018,2,7,61,178,231,176,936744914,27,215469309314,407
20,MAX-018,2,7,61,178,231,176,936744914,28,216598428074,407
20,MAX-018,2,7,61,178,231,176,936744914,29,217727546834,407
20,MAX-018,2,7,61,178,231,176,936744914,30,218856665594,407
20,MAX-018,2,7,61,178,231,176,936744914,31,219985784354,407
20,MAX-018,2,7,61,178,231,176,936744914,32,221114903114,407
20,MAX-018,2,7,61,178,231,176,936744914,33,222244021874,407
20,MAX-018,2,7,61,178,231,176,936744914,34,223373140634,407
20,MAX-018,2,7,61,178,231,176,936744914,35,224502259394,407
20,MAX-018,2,7,61,178,231,176,936744914,36,225631378154,407
20,MAX-018,2,7,61,178,231,176,936744914,37,226760496914,407
20,MAX-018,2,7,61,178,231,176,936744914,38,227889615674,407
20,MAX-018,2,7,61,178,231,176,936744914,39,229018734434,407
20,MAX-018,2,7,61,178,231,176,936744914,40,230147853194,407
20,MAX-018,2,7,61,178,231,176,936744914,41,231276971954,407
20,MAX-018,2,7,61,178,231,176,936744914,42,232406090714,407
20,MAX-018,2,7,61,178,231,176,936744914,43,233535209474,407
20,MAX-018,2,7,61,178,231,176,936744914,44,234664328234,407
20,MAX-018,2,7,61,178,231,176,936744914,45,235793446994,407
20,MAX-018,2,7,61,178,231,176,936744914,46,236922565754,407
20,MAX-018,2,7,61,178,231,176,936744914,47,238051684514,407
20,MAX-018,2,7,61,178,231,176,936744914,48,239180803274,407
20,MAX-018,2,7,61,178,231,176,936744914,49,240309922034,407
20,MAX-018,2,7,61,178,231,176,936744914,50,241439040794,407
20,MAX-018,2,7,61,178,231,176,936744914,51,242568159554,407
20,MAX-018,2,7,61,178,231,176,936744914,52,243697278314,407
20,MAX-018,2,7,61,178,231,176,936744914,53,244826397074,407
20,MAX-018,2,7,61,178,231,176,936744914,54,245955515834,407
21,MAX-019,2,7,61,224,231,176,544007954,0,184590365834,407
21,MAX-019,2,7,61,224,231,176,544007954,1,185719484594,407
21,MAX-019,2,7,61,224,231,176,544007954,2,186848603354,407
21,MAX-019,2,7,61,224,231,176,544007954,3,187977722114,407
21,MAX-019,2,7,61,224,231,176,544007954,4,189106840874,407
21,MAX-019,2,7,61,224,231,176,544007954,5,190235959634,407
21,MAX-019,2,7,61,224,231,176,544007954,6,191365078394,407
21,MAX-019,2,7,61,224,231,176,544007954,7,192494197154,407
21,MAX-019,2,7,61,224,231,176,544007954,8,193623315914,407
21,MAX-019,2,7,61,224,231,176,544007954,9,194752434674,407
21,MAX-019,2,7,61,224,231,176,544007954,10,195881553434,407
21,MAX-019,2,7,61,224,231,176,544007954,11,197010672194,407
21,MAX-019,2,7,61,224,231,176,544007954,12,198139790954,407
21,MAX-019,2,7,61,224,231,176,544007954,13,199268909714,407
21,MAX-019,2,7,61,224,231,176,544007954,14,200398028474,407
21,MAX-019,2,7,61,224,231,176,544007954,15,201527147234,407
21,MAX-019,2,7,61,224,231,176,544007954,16,202656265994,407
21,MAX-019,2,7,61,224,231,176,544007954,17,203785384754,407
21,MAX-019,2,7,61,224,231,176,544007954,18,204914503514,407
21,MAX-019,2,7,61,224,231,176,544007954,19,206043622274,407
21,MAX-019,2,7,61,224,231,176,544007954,20,207172741034,407
21,MAX-019,2,7,61,224,231,176,544007954,21,208301859794,407
21,MAX-019,2,7,61,224,231,176,544007954,22,209430978554,407
21,MAX-019,2,7,61,224,231,176,544007954,23,210560097314,407
21,MAX-019,2,7,61,224,231,176,544007954,24,211689216074,407
21,MAX-019,2,7,61,224,231,176,544007954,25,212818334834,407
21,MAX-019,2,7,61,224,231,176,544007954,26,213947453594,407
21,MAX-019,2,7,61,224,231,176,544007954,27,215076572354,407
21,MAX-019,2,7,61,224,231,176,544007954,28,216205691114,407
21,MAX-019,2,7,61,224,231,176,544007954,29,217334809874,407
21,MAX-019,2,7,61,224,231,176,544007954,30,218463928634,407
21,MAX-019,2,7,61,224,231,176,544007954,31,219593047394,407
21,MAX-019,2,7,61,224,231,176,544007954,32,220722166154,407
21,MAX-019,2,7,61,224,231,176,544007954,33,221851284914,407
21,MAX-019,2,7,61,224,231,176,544007954,34,222980403674,407
21,MAX-019,2,7,61,224,231,176,544007954,35,224109522434,407
21,MAX-019,2,7,61,224,231,176,544007954,36,225238641194,407
21,MAX-019,2,7,61,224,231,176,544007954,37,226367759954,407
21,MAX-019,2,7,61,224,231,176,544007954,38,227496878714,407
21,MAX-019,2,7,61,224,231,176,544007954,39,228625997474,407
21,MAX-019,2,7,61,224,231,176,544007954,40,229755116234,407
21,MAX-019,2,7,61,224,231,176,544007954,41,230884234994,407
21,MAX-019,2,7,61,224,231,176,544007954,42,232013353754,407
21,MAX-019,2,7,61,224,231,176,544007954,43,233142472514,407
21,MAX-019,2,7,61,224,231,176,544007954,44,234271591274,407
21,MAX-019,2,7,61,224,231,176,544007954,45,235400710034,407
21,MAX-019,2,7,61,224,231,176,544007954,46,236529828794,407
21,MAX-019,2,7,61,224,231,176,544007954,47,237658947554,407
21,MAX-019,2,7,61,224,231,176,544007954,48,238788066314,407
21,MAX-019,2,7,61,224,231,176,544007954,49,239917185074,407
21,MAX-019,2,7,61,224,231,176,544007954,50,241046303834,407
21,MAX-019,2,7,61,224,231,176,544007954,51,242175422594,407
21,MAX-019,2,7,61,224,231,176,544007954,52,243304541354,407
21,MAX-019,2,7,61,224,231,176,544007954,53,244433660114,407
21,MAX-019,2,7,61,224,231,176,544007954,54,245562778874,407
21,MAX-019,2,7,61,224,231,176,544007954,55,246691897634,407
22,MAX-020,2,7,61,247,231,176,347639474,0,184393997354,407
22,MAX-020,2,7,61,247,231,176,347639474,1,185523116114,407
22,MAX-020,2,7,61,247,231,176,347639474,2,186652234874,407
22,MAX-020,2,7,61,247,231,176,347639474,3,187781353634,407
22,MAX-020,2,7,61,247,231,176,347639474,4,188910472394,407
22,MAX-020,2,7,61,247,231,176,347639474,5,190039591154,407
22,MAX-020,2,7,61,247,231,176,347639474,6,191168709914,407
22,MAX-020,2,7,61,247,231,176,347639474,7,192297828674,407
22,MAX-020,2,7,61,247,231,176,347639474,8,193426947434,407
22,MAX-020,2,7,61,247,231,176,347639474,9,194556066194,407
22,MAX-020,2,7,61,247,231,176,347639474,10,195685184954,407
22,MAX-020,2,7,61,247,231,176,347639474,11,196814303714,407
22,MAX-020,2,7,61,247,231,176,347639474,12,197943422474,407
22,MAX-020,2,7,61,247,231,176,347639474,13,199072541234,407
22,MAX-020,2,7,61,247,231,176,347639474,14,200201659994,407
22,MAX-020,2,7,61,247,231,176,347639474,15,201330778754,407
22,MAX-020,2,7,61,247,231,176,347639474,16,202459897514,407
22,MAX-020,2,7,61,247,231,176,347639474,17,203589016274,407
22,MAX-020,2,7,61,247,231,176,347639474,18,204718135034,407
22,MAX-020,2,7,61,247,231,176,347639474,19,205847253794,407
22,MAX-020,2,7,61,247,231,176,347639474,20,206976372554,407
22,MAX-020,2,7,61,247,231,176,347639474,21,208105491314,407
22,MAX-020,2,7,61,247,231,176,347639474,22,209234610074,407
22,MAX-020,2,7,61,247,231,176,347639474,23,210363728834,407
22,MAX-020,2,7,61,247,231,176,347639474,24,211492847594,407
22,MAX-020,2,7,61,247,231,176,347639474,25,212621966354,407
22,MAX-020,2,7,61,247,231,176,347639474,26,213751085114,407
22,MAX-020,2,7,61,247,231,176,347639474,27,214880203874,407
22,MAX-020,2,7,61,247,231,176,347639474,28,216009322634,407
22,MAX-020,2,7,61,247,231,176,347639474,29,217138441394,407
22,MAX-020,2,7,61,247,231,176,347639474,30,218267560154,407
22,MAX-020,2,7,61,247,231,176,347639474,31,219396678914,407
22,MAX-020,2,7,61,247,231,176,347639474,32,220525797674,407
22,MAX-020,2,7,61,247,231,176,347639474,33,221654916434,407
22,MAX-020,2,7,61,247,231,176,347639474,34,222784035194,407
22,MAX-020,2,7,61,247,231,176,347639474,35,223913153954,407
22,MAX-020,2,7,61,247,231,176,347639474,36,225042272714,407
22,MAX-020,2,7,61,247,231,176,347639474,37,226171391474,407
22,MAX-020,2,7,61,247,231,176,347639474,38,227300510234,407
22,MAX-020,2,7,61,247,231,176,347639474,39,228429628994,407
22,MAX-020,2,7,61,247,231,176,347639474,40,229558747754,407
22,MAX-020,2,7,61,247,231,176,347639474,41,230687866514,407
22,MAX-020,2,7,61,247,231,176,347639474,42,231816985274,407
22,MAX-020,2,7,61,247,231,176,347639474,43,232946104034,407
22,MAX-020,2,7,61,247,231,176,347639474,44,234075222794,407
22,MAX-020,2,7,61,247,231,176,347639474,45,235204341554,407
22,MAX-020,2,7,61,247,231,176,347639474,46,236333460314,407
22,MAX-020,2,7,61,247,231,176,347639474,47,237462579074,407
22,MAX-020,2,7,61,247,231,176,347639474,48,238591697834,407
22,MAX-020,2,7,61,247,231,176,347639474,49,239720816594,407
22,MAX-020,2,7,61,247,231,176,347639474,50,240849935354,407
22,MAX-020,2,7,61,247,231,176,347639474,51,241979054114,407
22,MAX-020,2,7,61,247,231,176,347639474,52,243108172874,407
22,MAX-020,2,7,61,247,231,176,347639474,53,244237291634,407
22,MAX-020,2,7,61,247,231,176,347639474,54,245366410394,407
22,MAX-020,2,7,61,247,231,176,347639474,55,246495529154,407
23,MAX-021,2,7,61,270,231,176,151270994,0,184197628874,407
23,MAX-021,2,7,61,270,231,176,151270994,1,185326747634,407
23,MAX-021,2,7,61,270,231,176,151270994,2,186455866394,407
23,MAX-021,2,7,61,270,231,176,151270994,3,187584985154,407
23,MAX-021,2,7,61,270,231,176,151270994,4,188714103914,407
23,MAX-021,2,7,61,270,231,176,151270994,5,189843222674,407
23,MAX-021,2,7,61,270,231,176,151270994,6,190972341434,407
23,MAX-021,2,7,61,270,231,176,151270994,7,192101460194,407
23,MAX-021,2,7,61,270,231,176,151270994,8,193230578954,407
23,MAX-021,2,7,61,270,231,176,151270994,9,194359697714,407
23,MAX-021,2,7,61,270,231,176,151270994,10,195488816474,407
23,MAX-021,2,7,61,270,231,176,151270994,11,196617935234,407
23,MAX-021,2,7,61,270,231,176,151270994,12,197747053994,407
23,MAX-021,2,7,61,270,231,176,151270994,13,198876172754,407
23,MAX-021,2,7,61,270,231,176,151270994,14,200005291514,407
23,MAX-021,2,7,61,270,231,176,151270994,15,201134410274,407
23,MAX-021,2,7,61,270,231,176,151270994,16,202263529034,407
23,MAX-021,2,7,61,270,231,176,151270994,17,203392647794,407
23,MAX-021,2,7,61,270,231,176,151270994,18,204521766554,407
23,MAX-021,2,7,61,270,231,176,151270994,19,205650885314,407
23,MAX-021,2,7,61,270,231,176,151270994,20,206780004074,407
23,MAX-021,2,7,61,270,231,176,151270994,21,207909122834,407
23,MAX-021,2,7,61,270,231,176,151270994,22,209038241594,407
23,MAX-021,2,7,61,270,231,176,151270994,23,210167360354,407
23,MAX-021,2,7,61,270,231,176,151270994,24,211296479114,407
23,MAX-021,2,7,61,270,231,176,151270994,25,212425597874,407
23,MAX-021,2,7,61,270,231,176,151270994,26,213554716634,407
23,MAX-021,2,7,61,270,231,176,151270994,27,214683835394,407
23,MAX-021,2,7,61,270,231,176,151270994,28,215812954154,407
23,MAX-021,2,7,61,270,231,176,151270994,29,216942072914,407
23,MAX-021,2,7,61,270,231,176,151270994,30,218071191674,407
23,MAX-021,2,7,61,270,231,176,151270994,31,219200310434,407
23,MAX-021,2,7,61,270,231,176,151270994,32,220329429194,407
23,MAX-021,2,7,61,270,231,176,151270994,33,221458547954,407
23,MAX-021,2,7,61,270,231,176,151270994,34,222587666714,407
23,MAX-021,2,7,61,270,231,176,151270994,35,223716785474,407
23,MAX-021,2,7,61,270,231,176,151270994,36,224845904234,407
23,MAX-021,2,7,61,270,231,176,151270994,37,225975022994,407
23,MAX-021,2,7,61,270,231,176,151270994,38,227104141754,407
23,MAX-021,2,7,61,270,231,176,151270994,39,228233260514,407
23,MAX-021,2,7,61,270,231,176,151270994,40,229362379274,407
23,MAX-021,2,7,61,270,231,176,151270994,41,230491498034,407
23,MAX-021,2,7,61,270,231,176,151270994,42,231620616794,407
23,MAX-021,2,7,61,270,231,176,151270994,43,232749735554,407
23,MAX-021,2,7,61,270,231,176,151270994,44,233878854314,407
23,MAX-021,2,7,61,270,231,176,151270994,45,235007973074,407
23,MAX-021,2,7,61,270,231,176,151270994,46,236137091834,407
23,MAX-021,2,7,61,270,231,176,151270994,47,237266210594,407
23,MAX-021,2,7,61,270,231,176,151270994,48,238395329354,407
23,MAX-021,2,7,61,270,231,176,151270994,49,239524448114,407
23,MAX-021,2,7,61,270,231,176,151270994,50,240653566874,407
23,MAX-021,2,7,61,270,231,176,151270994,51,241782685634,407
23,MAX-021,2,7,61,270,231,176,151270994,52,242911804394,407
23,MAX-021,2,7,61,270,231,176,151270994,53,244040923154,407
23,MAX-021,2,7,61,270,231,176,151270994,54,245170041914,407
23,MAX-021,2,7,61,270,231,176,151270994,55,246299160674,407
24,MAX-022,2,7,61,316,231,176,887652794,0,184934010674,407
24,MAX-022,2,7,61,316,231,176,887652794,1,186063129434,407
24,MAX-022,2,7,61,316,231,176,887652794,2,187192248194,407
24,MAX-022,2,7,61,316,231,176,887652794,3,188321366954,407
24,MAX-022,2,7,61,316,231,176,887652794,4,189450485714,407
24,MAX-022,2,7,61,316,231,176,887652794,5,190579604474,407
24,MAX-022,2,7,61,316,231,176,887652794,6,191708723234,407
24,MAX-022,2,7,61,316,231,176,887652794,7,192837841994,407
24,MAX-022,2,7,61,316,231,176,887652794,8,193966960754,407
24,MAX-022,2,7,61,316,231,176,887652794,9,195096079514,407
24,MAX-022,2,7,61,316,231,176,887652794,10,196225198274,407
24,MAX-022,2,7,61,316,231,176,887652794,11,197354317034,407
24,MAX-022,2,7,61,316,231,176,887652794,12,198483435794,407
24,MAX-022,2,7,61,316,231,176,887652794,13,199612554554,407
24,MAX-022,2,7,61,316,231,176,887652794,14,200741673314,407
24,MAX-022,2,7,61,316,231,176,887652794,15,201870792074,407
24,MAX-022,2,7,61,316,231,176,887652794,16,202999910834,407
24,MAX-022,2,7,61,316,231,176,887652794,17,204129029594,407
24,MAX-022,2,7,61,316,231,176,887652794,18,205258148354,407
24,MAX-022,2,7,61,316,231,176,887652794,19,206387267114,407
24,MAX-022,2,7,61,316,231,176,887652794,20,207516385874,407
24,MAX-022,2,7,61,316,231,176,887652794,21,208645504634,407
24,MAX-022,2,7,61,316,231,176,887652794,22,209774623394,407
24,MAX-022,2,7,61,316,231,176,887652794,23,210903742154,407
24,MAX-022,2,7,61,316,231,176,887652794,24,212032860914,407
24,MAX-022,2,7,61,316,231,176,887652794,25,213161979674,407
24,MAX-022,2,7,61,316,231,176,887652794,26,214291098434,407
24,MAX-022,2,7,61,316,231,176,887652794,27,215420217194,407
24,MAX-022,2,7,61,316,231,176,887652794,28,216549335954,407
24,MAX-022,2,7,61,316,231,176,887652794,29,217678454714,407
24,MAX-022,2,7,61,316,231,176,887652794,30,218807573474,407
24,MAX-022,2,7,61,316,231,176,887652794,31,219936692234,407
24,MAX-022,2,7,61,316,231,176,887652794,32,221065810994,407
24,MAX-022,2,7,61,316,231,176,887652794,33,222194929754,407
24,MAX-022,2,7,61,316,231,176,887652794,34,223324048514,407
24,MAX-022,2,7,61,316,231,176,887652794,35,224453167274,407
24,MAX-022,2,7,61,316,231,176,887652794,36,225582286034,407
24,MAX-022,2,7,61,316,231,176,887652794,37,226711404794,407
24,MAX-022,2,7,61,316,231,176,887652794,38,227840523554,407
24,MAX-022,2,7,61,316,231,176,887652794,39,228969642314,407
24,MAX-022,2,7,61,316,231,176,887652794,40,230098761074,407
24,MAX-022,2,7,61,316,231,176,887652794,41,231227879834,407
24,MAX-022,2,7,61,316,231,176,887652794,42,232356998594,407
24,MAX-022,2,7,61,316,231,176,887652794,43,233486117354,407
24,MAX-022,2,7,61,316,231,176,887652794,44,234615236114,407
24,MAX-022,2,7,61,316,231,176,887652794,45,235744354874,407
24,MAX-022,2,7,61,316,231,176,887652794,46,236873473634,407
24,MAX-022,2,7,61,316,231,176,887652794,47,238002592394,407
24,MAX-022,2,7,61,316,231,176,887652794,48,239131711154,407
24,MAX-022,2,7,61,316,231,176,887652794,49,240260829914,407
24,MAX-022,2,7,61,316,231,176,887652794,50,241389948674,407
24,MAX-022,2,7,61,316,231,176,887652794,51,242519067434,407
24,MAX-022,2,7,61,316,231,176,887652794,52,243648186194,407
24,MAX-022,2,7,61,316,231,176,887652794,53,244777304954,407
24,MAX-022,2,7,61,316,231,176,887652794,54,245906423714,407
25,MAX-023,2,7,61,339,231,176,691284314,0,184737642194,407
25,MAX-023,2,7,61,339,231,176,691284314,1,185866760954,407
25,MAX-023,2,7,61,339,231,176,691284314,2,186995879714,407
25,MAX-023,2,7,61,339,231,176,691284314,3,188124998474,407
25,MAX-023,2,7,61,339,231,176,691284314,4,189254117234,407
25,MAX-023,2,7,61,339,231,176,691284314,5,190383235994,407
25,MAX-023,2,7,61,339,231,176,691284314,6,191512354754,407
25,MAX-023,2,7,61,339,231,176,691284314,7,192641473514,407
25,MAX-023,2,7,61,339,231,176,691284314,8,193770592274,407
25,MAX-023,2,7,61,339,231,176,691284314,9,194899711034,407
25,MAX-023,2,7,61,339,231,176,691284314,10,196028829794,407
25,MAX-023,2,7,61,339,231,176,691284314,11,197157948554,407
25,MAX-023,2,7,61,339,231,176,691284314,12,198287067314,407
25,MAX-023,2,7,61,339,231,176,691284314,13,199416186074,407
25,MAX-023,2,7,61,339,231,176,691284314,14,200545304834,407
25,MAX-023,2,7,61,339,231,176,691284314,15,201674423594,407
25,MAX-023,2,7,61,339,231,176,691284314,16,202803542354,407
25,MAX-023,2,7,61,339,231,176,691284314,17,203932661114,407
25,MAX-023,2,7,61,339,231,176,691284314,18,205061779874,407
25,MAX-023,2,7,61,339,231,176,691284314,19,206190898634,407
25,MAX-023,2,7,61,339,231,176,691284314,20,207320017394,407
25,MAX-023,2,7,61,339,231,176,691284314,21,208449136154,407
25,MAX-023,2,7,61,339,231,176,691284314,22,209578254914,407
25,MAX-023,2,7,61,339,231,176,691284314,23,210707373674,407
25,MAX-023,2,7,61,339,231,176,691284314,24,211836492434,407
25,MAX-023,2,7,61,339,231,176,691284314,25,212965611194,407
25,MAX-023,2,7,61,339,231,176,691284314,26,214094729954,407
25,MAX-023,2,7,61,339,231,176,691284314,27,215223848714,407
25,MAX-023,2,7,61,339,231,176,691284314,28,216352967474,407
25,MAX-023,2,7,61,339,231,176,691284314,29,217482086234,407
25,MAX-023,2,7,61,339,231,176,691284314,30,218611204994,407
25,MAX-023,2,7,61,339,231,176,691284314,31,219740323754,407
25,MAX-023,2,7,61,339,231,176,691284314,32,220869442514,407
25,MAX-023,2,7,61,339,231,176,691284314,33,221998561274,407
25,MAX-023,2,7,61,339,231,176,691284314,34,223127680034,407
25,MAX-023,2,7,61,339,231,176,691284314,35,224256798794,407
25,MAX-023,2,7,61,339,231,176,691284314,36,225385917554,407
25,MAX-023,2,7,61,339,231,176,691284314,37,226515036314,407
25,MAX-023,2,7,61,339,231,176,691284314,38,227644155074,407
25,MAX-023,2,7,61,339,231,176,691284314,39,228773273834,407
25,MAX-023,2,7,61,339,231,176,691284314,40,229902392594,407
25,MAX-023,2,7,61,339,231,176,691284314,41,231031511354,407
25,MAX-023,2,7,61,339,231,176,691284314,42,232160630114,407
25,MAX-023,2,7,61,339,231,176,691284314,43,233289748874,407
25,MAX-023,2,7,61,339,231,176,691284314,44,234418867634,407
25,MAX-023,2,7,61,339,231,176,691284314,45,235547986394,407
25,MAX-023,2,7,61,339,231,176,691284314,46,236677105154,407
25,MAX-023,2,7,61,339,231,176,691284314,47,237806223914,407
25,MAX-023,2,7,61,339,231,176,691284314,48,238935342674,407
25,MAX-023,2,7,61,339,231,176,691284314,49,240064461434,407
25,MAX-023,2,7,61,339,231,176,691284314,50,241193580194,407
25,MAX-023,2,7,61,339,231,176,691284314,51,242322698954,407
25,MAX-023,2,7,61,339,231,176,691284314,52,243451817714,407
25,MAX-023,2,7,61,339,231,176,691284314,53,244580936474,407
25,MAX-023,2,7,61,339,231,176,691284314,54,245710055234,407
26,MAX-024,2,7,61,362,231,176,494915834,0,184541273714,407
26,MAX-024,2,7,61,362,231,176,494915834,1,185670392474,407
26,MAX-024,2,7,61,362,231,176,494915834,2,186799511234,407
26,MAX-024,2,7,61,362,231,176,494915834,3,187928629994,407
26,MAX-024,2,7,61,362,231,176,494915834,4,189057748754,407
26,MAX-024,2,7,61,362,231,176,494915834,5,190186867514,407
26,MAX-024,2,7,61,362,231,176,494915834,6,191315986274,407
26,MAX-024,2,7,61,362,231,176,494915834,7,192445105034,407
26,MAX-024,2,7,61,362,231,176,494915834,8,193574223794,407
26,MAX-024,2,7,61,362,231,176,494915834,9,194703342554,407
26,MAX-024,2,7,61,362,231,176,494915834,10,195832461314,407
26,MAX-024,2,7,61,362,231,176,494915834,11,196961580074,407
26,MAX-024,2,7,61,362,231,176,494915834,12,198090698834,407
26,MAX-024,2,7,61,362,231,176,494915834,13,199219817594,407
26,MAX-024,2,7,61,362,231,176,494915834,14,200348936354,407
26,MAX-024,2,7,61,362,231,176,494915834,15,201478055114,407
26,MAX-024,2,7,61,362,231,176,494915834,16,202607173874,407
26,MAX-024,2,7,61,362,231,176,494915834,17,203736292634,407
26,MAX-024,2,7,61,362,231,176,494915834,18,204865411394,407
26,MAX-024,2,7,61,362,231,176,494915834,19,205994530154,407
26,MAX-024,2,7,61,362,231,176,494915834,20,207123648914,407
26,MAX-024,2,7,61,362,231,176,494915834,21,208252767674,407
26,MAX-024,2,7,61,362,231,176,494915834,22,209381886434,407
26,MAX-024,2,7,61,362,231,176,494915834,23,210511005194,407
26,MAX-024,2,7,61,362,231,176,494915834,24,211640123954,407
26,MAX-024,2,7,61,362,231,176,494915834,25,212769242714,407
26,MAX-024,2,7,61,362,231,176,494915834,26,213898361474,407
26,MAX-024,2,7,61,362,231,176,494915834,27,215027480234,407
26,MAX-024,2,7,61,362,231,176,494915834,28,216156598994,407
26,MAX-024,2,7,61,362,231,176,494915834,29,217285717754,407
26,MAX-024,2,7,61,362,231,176,494915834,30,218414836514,407
26,MAX-024,2,7,61,362,231,176,494915834,31,219543955274,407
26,MAX-024,2,7,61,362,231,176,494915834,32,220673074034,407
26,MAX-024,2,7,61,362,231,176,494915834,33,221802192794,407
26,MAX-024,2,7,61,362,231,176,494915834,34,222931311554,407
26,MAX-024,2,7,61,362,231,176,494915834,35,224060430314,407
26,MAX-024,2,7,61,362,231,176,494915834,36,225189549074,407
26,MAX-024,2,7,61,362,231,176,494915834,37,226318667834,407
26,MAX-024,2,7,61,362,231,176,494915834,38,227447786594,407
26,MAX-024,2,7,61,362,231,176,494915834,39,228576905354,407
26,MAX-024,2,7,61,362,231,176,494915834,40,229706024114,407
26,MAX-024,2,7,61,362,231,176,494915834,41,230835142874,407
26,MAX-024,2,7,61,362,231,176,494915834,42,231964261634,407
26,MAX-024,2,7,61,362,231,176,494915834,43,233093380394,407
26,MAX-024,2,7,61,362,231,176,494915834,44,234222499154,407
26,MAX-024,2,7,61,362,231,176,494915834,45,235351617914,407
26,MAX-024,2,7,61,362,231,176,494915834,46,236480736674,407
26,MAX-024,2,7,61,362,231,176,494915834,47,237609855434,407
26,MAX-024,2,7,61,362,231,176,494915834,48,238738974194,407
26,MAX-024,2,7,61,362,231,176,494915834,49,239868092954,407
26,MAX-024,2,7,61,362,231,176,494915834,50,240997211714,407
26,MAX-024,2,7,61,362,231,176,494915834,51,242126330474,407
26,MAX-024,2,7,61,362,231,176,494915834,52,243255449234,407
26,MAX-024,2,7,61,362,231,176,494915834,53,244384567994,407
26,MAX-024,2,7,61,362,231,176,494915834,54,245513686754,407
26,MAX-024,2,7,61,362,231,176,494915834,55,246642805514,407
27,MAX-025,2,7,61,385,231,176,298547354,0,184344905234,407
27,MAX-025,2,7,61,385,231,176,298547354,1,185474023994,407
27,MAX-025,2,7,61,385,231,176,298547354,2,186603142754,407
27,MAX-025,2,7,61,385,231,176,298547354,3,187732261514,407
27,MAX-025,2,7,61,385,231,176,298547354,4,188861380274,407
27,MAX-025,2,7,61,385,231,176,298547354,5,189990499034,407
27,MAX-025,2,7,61,385,231,176,298547354,6,191119617794,407
27,MAX-025,2,7,61,385,231,176,298547354,7,192248736554,407
27,MAX-025,2,7,61,385,231,176,298547354,8,193377855314,407
27,MAX-025,2,7,61,385,231,176,298547354,9,194506974074,407
27,MAX-025,2,7,61,385,231,176,298547354,10,195636092834,407
27,MAX-025,2,7,61,385,231,176,298547354,11,196765211594,407
27,MAX-025,2,7,61,385,231,176,298547354,12,197894330354,407
27,MAX-025,2,7,61,385,231,176,298547354,13,199023449114,407
27,MAX-025,2,7,61,385,231,176,298547354,14,200152567874,407
27,MAX-025,2,7,61,385,231,176,298547354,15,201281686634,407
27,MAX-025,2,7,61,385,231,176,298547354,16,202410805394,407
27,MAX-025,2,7,61,385,231,176,298547354,17,203539924154,407
27,MAX-025,2,7,61,385,231,176,298547354,18,204669042914,407
27,MAX-025,2,7,61,385,231,176,298547354,19,205798161674,407
27,MAX-025,2,7,61,385,231,176,298547354,20,206927280434,407
27,MAX-025,2,7,61,385,231,176,298547354,21,208056399194,407
27,MAX-025,2,7,61,385,231,176,298547354,22,209185517954,407
27,MAX-025,2,7,61,385,231,176,298547354,23,210314636714,407
27,MAX-025,2,7,61,385,231,176,298547354,24,211443755474,407
27,MAX-025,2,7,61,385,231,176,298547354,25,212572874234,407
27,MAX-025,2,7,61,385,231,176,298547354,26,213701992994,407
27,MAX-025,2,7,61,385,231,176,298547354,27,214831111754,407
27,MAX-025,2,7,61,385,231,176,298547354,28,215960230514,407
27,MAX-025,2,7,61,385,231,176,298547354,29,217089349274,407
27,MAX-025,2,7,61,385,231,176,298547354,30,218218468034,407
27,MAX-025,2,7,61,385,231,176,298547354,31,219347586794,407
27,MAX-025,2,7,61,385,231,176,298547354,32,220476705554,407
27,MAX-025,2,7,61,385,231,176,298547354,33,221605824314,407
27,MAX-025,2,7,61,385,231,176,298547354,34,222734943074,407
27,MAX-025,2,7,61,385,231,176,298547354,35,223864061834,407
27,MAX-025,2,7,61,385,231,176,298547354,36,224993180594,407
27,MAX-025,2,7,61,385,231,176,298547354,37,226122299354,407
27,MAX-025,2,7,61,385,231,176,298547354,38,227251418114,407
27,MAX-025,2,7,61,385,231,176,298547354,39,228380536874,407
27,MAX-025,2,7,61,385,231,176,298547354,40,229509655634,407
27,MAX-025,2,7,61,385,231,176,298547354,41,230638774394,407
27,MAX-025,2,7,61,385,231,176,298547354,42,231767893154,407
27,MAX-025,2,7,61,385,231,176,298547354,43,232897011914,407
27,MAX-025,2,7,61,385,231,176,298547354,44,234026130674,407
27,MAX-025,2,7,61,385,231,176,298547354,45,235155249434,407
27,MAX-025,2,7,61,385,231,176,298547354,46,236284368194,407
27,MAX-025,2,7,61,385,231,176,298547354,47,237413486954,407
27,MAX-025,2,7,61,385,231,176,298547354,48,238542605714,407
27,MAX-025,2,7,61,385,231,176,298547354,49,239671724474,407
27,MAX-025,2,7,61,385,231,176,298547354,50,240800843234,407
27,MAX-025,2,7,61,385,231,176,298547354,51,241929961994,407
27,MAX-025,2,7,61,385,231,176,298547354,52,243059080754,407
27,MAX-025,2,7,61,385,231,176,298547354,53,244188199514,407
27,MAX-025,2,7,61,385,231,176,298547354,54,245317318274,407
27,MAX-025,2,7,61,385,231,176,298547354,55,246446437034,407
28,MAX-026,2,7,61,431,231,176,1034929154,0,185081287034,407
28,MAX-026,2,7,61,431,231,176,1034929154,1,186210405794,407
28,MAX-026,2,7,61,431,231,176,1034929154,2,187339524554,407
28,MAX-026,2,7,61,431,231,176,1034929154,3,188468643314,407
28,MAX-026,2,7,61,431,231,176,1034929154,4,189597762074,407
28,MAX-026,2,7,61,431,231,176,1034929154,5,190726880834,407
28,MAX-026,2,7,61,431,231,176,1034929154,6,191855999594,407
28,MAX-026,2,7,61,431,231,176,1034929154,7,192985118354,407
28,MAX-026,2,7,61,431,231,176,1034929154,8,194114237114,407
28,MAX-026,2,7,61,431,231,176,1034929154,9,195243355874,407
28,MAX-026,2,7,61,431,231,176,1034929154,10,196372474634,407
28,MAX-026,2,7,61,431,231,176,1034929154,11,197501593394,407
28,MAX-026,2,7,61,431,231,176,1034929154,12,198630712154,407
28,MAX-026,2,7,61,431,231,176,1034929154,13,199759830914,407
28,MAX-026,2,7,61,431,231,176,1034929154,14,200888949674,407
28,MAX-026,2,7,61,431,231,176,1034929154,15,202018068434,407
28,MAX-026,2,7,61,431,231,176,1034929154,16,203147187194,407
28,MAX-026,2,7,61,431,231,176,1034929154,17,204276305954,407
28,MAX-026,2,7,61,431,231,176,1034929154,18,205405424714,407
28,MAX-026,2,7,61,431,231,176,1034929154,19,206534543474,407
28,MAX-026,2,7,61,431,231,176,1034929154,20,207663662234,407
28,MAX-026,2,7,61,431,231,176,1034929154,21,208792780994,407
28,MAX-026,2,7,61,431,231,176,1034929154,22,209921899754,407
28,MAX-026,2,7,61,431,231,176,1034929154,23,211051018514,407
28,MAX-026,2,7,61,431,231,176,1034929154,24,212180137274,407
28,MAX-026,2,7,61,431,231,176,1034929154,25,213309256034,407
28,MAX-026,2,7,61,431,231,176,1034929154,26,214438374794,407
28,MAX-026,2,7,61,431,231,176,1034929154,27,215567493554,407
28,MAX-026,2,7,61,431,231,176,1034929154,28,216696612314,407
28,MAX-026,2,7,61,431,231,176,1034929154,29,217825731074,407
28,MAX-026,2,7,61,431,231,176,1034929154,30,218954849834,407
28,MAX-026,2,7,61,431,231,176,1034929154,31,220083968594,407
28,MAX-026,2,7,61,431,231,176,1034929154,32,221213087354,407
28,MAX-026,2,7,61,431,231,176,1034929154,33,222342206114,407
28,MAX-026,2,7,61,431,231,176,1034929154,34,223471324874,407
28,MAX-026,2,7,61,431,231,176,1034929154,35,224600443634,407
28,MAX-026,2,7,61,431,231,176,1034929154,36,225729562394,407
28,MAX-026,2,7,61,431,231,176,1034929154,37,226858681154,407
28,MAX-026,2,7,61,431,231,176,1034929154,38,227987799914,407
28,MAX-026,2,7,61,431,231,176,1034929154,39,229116918674,407
28,MAX-026,2,7,61,431,231,176,1034929154,40,230246037434,407
28,MAX-026,2,7,61,431,231,176,1034929154,41,231375156194,407
28,MAX-026,2,7,61,431,231,176,1034929154,42,232504274954,407
28,MAX-026,2,7,61,431,231,176,1034929154,43,233633393714,407
28,MAX-026,2,7,61,431,231,176,1034929154,44,234762512474,407
28,MAX-026,2,7,61,431,231,176,1034929154,45,235891631234,407
28,MAX-026,2,7,61,431,231,176,1034929154,46,237020749994,407
28,MAX-026,2,7,61,431,231,176,1034929154,47,238149868754,407
28,MAX-026,2,7,61,431,231,176,1034929154,48,239278987514,407
28,MAX-026,2,7,61,431,231,176,1034929154,49,240408106274,407
28,MAX-026,2,7,61,431,231,176,1034929154,50,241537225034,407
28,MAX-026,2,7,61,431,231,176,1034929154,51,242666343794,407
28,MAX-026,2,7,61,431,231,176,1034929154,52,243795462554,407
28,MAX-026,2,7,61,431,231,176,1034929154,53,244924581314,407
28,MAX-026,2,7,61,431,231,176,1034929154,54,246053700074,407
29,MAX-027,2,7,61,454,231,176,838560674,0,184884918554,407
29,MAX-027,2,7,61,454,231,176,838560674,1,186014037314,407
29,MAX-027,2,7,61,454,231,176,838560674,2,187143156074,407
29,MAX-027,2,7,61,454,231,176,838560674,3,188272274834,407
29,MAX-027,2,7,61,454,231,176,838560674,4,189401393594,407
29,MAX-027,2,7,61,454,231,176,838560674,5,190530512354,407
29,MAX-027,2,7,61,454,231,176,838560674,6,191659631114,407
29,MAX-027,2,7,61,454,231,176,838560674,7,192788749874,407
29,MAX-027,2,7,61,454,231,176,838560674,8,193917868634,407
29,MAX-027,2,7,61,454,231,176,838560674,9,195046987394,407
29,MAX-027,2,7,61,454,231,176,838560674,10,196176106154,407
29,MAX-027,2,7,61,454,231,176,838560674,11,197305224914,407
29,MAX-027,2,7,61,454,231,176,838560674,12,198434343674,407
29,MAX-027,2,7,61,454,231,176,838560674,13,199563462434,407
29,MAX-027,2,7,61,454,231,176,838560674,14,200692581194,407
29,MAX-027,2,7,61,454,231,176,838560674,15,201821699954,407
29,MAX-027,2,7,61,454,231,176,838560674,16,202950818714,407
29,MAX-027,2,7,61,454,231,176,838560674,17,204079937474,407
29,MAX-027,2,7,61,454,231,176,838560674,18,205209056234,407
29,MAX-027,2,7,61,454,231,176,838560674,19,206338174994,407
29,MAX-027,2,7,61,454,231,176,838560674,20,207467293754,407
29,MAX-027,2,7,61,454,231,176,838560674,21,208596412514,407
29,MAX-027,2,7,61,454,231,176,838560674,22,209725531274,407
29,MAX-027,2,7,61,454,231,176,838560674,23,210854650034,407
29,MAX-027,2,7,61,454,231,176,838560674,24,211983768794,407
29,MAX-027,2,7,61,454,231,176,838560674,25,213112887554,407
29,MAX-027,2,7,61,454,231,176,838560674,26,214242006314,407
29,MAX-027,2,7,61,454,231,176,838560674,27,215371125074,407
29,MAX-027,2,7,61,454,231,176,838560674,28,216500243834,407
29,MAX-027,2,7,61,454,231,176,838560674,29,217629362594,407
29,MAX-027,2,7,61,454,231,176,838560674,30,218758481354,407
29,MAX-027,2,7,61,454,231,176,838560674,31,219887600114,407
29,MAX-027,2,7,61,454,231,176,838560674,32,221016718874,407
29,MAX-027,2,7,61,454,231,176,838560674,33,222145837634,407
29,MAX-027,2,7,61,454,231,176,838560674,34,223274956394,407
29,MAX-027,2,7,61,454,231,176,838560674,35,224404075154,407
29,MAX-027,2,7,61,454,231,176,838560674,36,225533193914,407
29,MAX-027,2,7,61,454,231,176,838560674,37,226662312674,407
29,MAX-027,2,7,61,454,231,176,838560674,38,227791431434,407
29,MAX-027,2,7,61,454,231,176,838560674,39,228920550194,407
29,MAX-027,2,7,61,454,231,176,838560674,40,230049668954,407
29,MAX-027,2,7,61,454,231,176,838560674,41,231178787714,407
29,MAX-027,2,7,61,454,231,176,838560674,42,232307906474,407
29,MAX-027,2,7,61,454,231,176,838560674,43,233437025234,407
29,MAX-027,2,7,61,454,231,176,838560674,44,234566143994,407
29,MAX-027,2,7,61,454,231,176,838560674,45,235695262754,407
29,MAX-027,2,7,61,454,231,176,838560674,46,236824381514,407
29,MAX-027,2,7,61,454,231,176,838560674,47,237953500274,407
29,MAX-027,2,7,61,454,231,176,838560674,48,239082619034,407
29,MAX-027,2,7,61,454,231,176,838560674,49,240211737794,407
29,MAX-027,2,7,61,454,231,176,838560674,50,241340856554,407
29,MAX-027,2,7,61,454,231,176,838560674,51,242469975314,407
29,MAX-027,2,7,61,454,231,176,838560674,52,243599094074,407
29,MAX-027,2,7,61,454,231,176,838560674,53,244728212834,407
29,MAX-027,2,7,61,454,231,176,838560674,54,245857331594,407
30,MAX-028,2,7,61,523,231,176,249455234,0,184295813114,407
30,MAX-028,2,7,61,523,231,176,249455234,1,185424931874,407
30,MAX-028,2,7,61,523,231,176,249455234,2,186554050634,407
30,MAX-028,2,7,61,523,231,176,249455234,3,187683169394,407
30,MAX-028,2,7,61,523,231,176,249455234,4,188812288154,407
30,MAX-028,2,7,61,523,231,176,249455234,5,189941406914,407
30,MAX-028,2,7,61,523,231,176,249455234,6,191070525674,407
30,MAX-028,2,7,61,523,231,176,249455234,7,192199644434,407
30,MAX-028,2,7,61,523,231,176,249455234,8,193328763194,407
30,MAX-028,2,7,61,523,231,176,249455234,9,194457881954,407
30,MAX-028,2,7,61,523,231,176,249455234,10,195587000714,407
30,MAX-028,2,7,61,523,231,176,249455234,11,196716119474,407
30,MAX-028,2,7,61,523,231,176,249455234,12,197845238234,407
30,MAX-028,2,7,61,523,231,176,249455234,13,198974356994,407
30,MAX-028,2,7,61,523,231,176,249455234,14,200103475754,407
30,MAX-028,2,7,61,523,231,176,249455234,15,201232594514,407
30,MAX-028,2,7,61,523,231,176,249455234,16,202361713274,407
30,MAX-028,2,7,61,523,231,176,249455234,17,203490832034,407
30,MAX-028,2,7,61,523,231,176,249455234,18,204619950794,407
30,MAX-028,2,7,61,523,231,176,249455234,19,205749069554,407
30,MAX-028,2,7,61,523,231,176,249455234,20,206878188314,407
30,MAX-028,2,7,61,523,231,176,249455234,21,208007307074,407
30,MAX-028,2,7,61,523,231,176,249455234,22,209136425834,407
30,MAX-028,2,7,61,523,231,176,249455234,23,210265544594,407
30,MAX-028,2,7,61,523,231,176,249455234,24,211394663354,407
30,MAX-028,2,7,61,523,231,176,249455234,25,212523782114,407
30,MAX-028,2,7,61,523,231,176,249455234,26,213652900874,407
30,MAX-028,2,7,61,523,231,176,249455234,27,214782019634,407
30,MAX-028,2,7,61,523,231,176,249455234,28,215911138394,407
30,MAX-028,2,7,61,523,231,176,249455234,29,217040257154,407
30,MAX-028,2,7,61,523,231,176,249455234,30,218169375914,407
30,MAX-028,2,7,61,523,231,176,249455234,31,219298494674,407
30,MAX-028,2,7,61,523,231,176,249455234,32,220427613434,407
30,MAX-028,2,7,61,523,231,176,249455234,33,221556732194,407
30,MAX-028,2,7,61,523,231,176,249455234,34,222685850954,407
30,MAX-028,2,7,61,523,231,176,249455234,35,223814969714,407
30,MAX-028,2,7,61,523,231,176,249455234,36,224944088474,407
30,MAX-028,2,7,61,523,231,176,249455234,37,226073207234,407
30,MAX-028,2,7,61,523,231,176,249455234,38,227202325994,407
30,MAX-028,2,7,61,523,231,176,249455234,39,228331444754,407
30,MAX-028,2,7,61,523,231,176,249455234,40,229460563514,407
30,MAX-028,2,7,61,523,231,176,249455234,41,230589682274,407
30,MAX-028,2,7,61,523,231,176,249455234,42,231718801034,407
30,MAX-028,2,7,61,523,231,176,249455234,43,232847919794,407
30,MAX-028,2,7,61,523,231,176,249455234,44,233977038554,407
30,MAX-028,2,7,61,523,231,176,249455234,45,235106157314,407
30,MAX-028,2,7,61,523,231,176,249455234,46,236235276074,407
30,MAX-028,2,7,61,523,231,176,249455234,47,237364394834,407
30,MAX-028,2,7,61,523,231,176,249455234,48,238493513594,407
30,MAX-028,2,7,61,523,231,176,249455234,49,239622632354,407
30,MAX-028,2,7,61,523,231,176,249455234,50,240751751114,407
30,MAX-028,2,7,61,523,231,176,249455234,51,241880869874,407
30,MAX-028,2,7,61,523,231,176,249455234,52,243009988634,407
30,MAX-028,2,7,61,523,231,176,249455234,53,244139107394,407
30,MAX-028,2,7,61,523,231,176,249455234,54,245268226154,407
30,MAX-028,2,7,61,523,231,176,249455234,55,246397344914,407
31,MAX-029,2,7,72,17,231,176,874264034,0,184920621914,407
31,MAX-029,2,7,72,17,231,176,874264034,1,186049740674,407
31,MAX-029,2,7,72,17,231,176,874264034,2,187178859434,407
31,MAX-029,2,7,72,17,231,176,874264034,3,188307978194,407
31,MAX-029,2,7,72,17,231,176,874264034,4,189437096954,407
31,MAX-029,2,7,72,17,231,176,874264034,5,190566215714,407
31,MAX-029,2,7,72,17,231,176,874264034,6,191695334474,407
31,MAX-029,2,7,72,17,231,176,874264034,7,192824453234,407
31,MAX-029,2,7,72,17,231,176,874264034,8,193953571994,407
31,MAX-029,2,7,72,17,231,176,874264034,9,195082690754,407
31,MAX-029,2,7,72,17,231,176,874264034,10,196211809514,407
31,MAX-029,2,7,72,17,231,176,874264034,11,197340928274,407
31,MAX-029,2,7,72,17,231,176,874264034,12,198470047034,407
31,MAX-029,2,7,72,17,231,176,874264034,13,199599165794,407
31,MAX-029,2,7,72,17,231,176,874264034,14,200728284554,407
31,MAX-029,2,7,72,17,231,176,874264034,15,201857403314,407
31,MAX-029,2,7,72,17,231,176,874264034,16,202986522074,407
31,MAX-029,2,7,72,17,231,176,874264034,17,204115640834,407
31,MAX-029,2,7,72,17,231,176,874264034,18,205244759594,407
31,MAX-029,2,7,72,17,231,176,874264034,19,206373878354,407
31,MAX-029,2,7,72,17,231,176,874264034,20,207502997114,407
31,MAX-029,2,7,72,17,231,176,874264034,21,208632115874,407
31,MAX-029,2,7,72,17,231,176,874264034,22,209761234634,407
31,MAX-029,2,7,72,17,231,176,874264034,23,210890353394,407
31,MAX-029,2,7,72,17,231,176,874264034,24,212019472154,407
31,MAX-029,2,7,72,17,231,176,874264034,25,213148590914,407
31,MAX-029,2,7,72,17,231,176,874264034,26,214277709674,407
31,MAX-029,2,7,72,17,231,176,874264034,27,215406828434,407
31,MAX-029,2,7,72,17,231,176,874264034,28,216535947194,407
31,MAX-029,2,7,72,17,231,176,874264034,29,217665065954,407
31,MAX-029,2,7,72,17,231,176,874264034,30,218794184714,407
31,MAX-029,2,7,72,17,231,176,874264034,31,219923303474,407
31,MAX-029,2,7,72,17,231,176,874264034,32,221052422234,407
31,MAX-029,2,7,72,17,231,176,874264034,33,222181540994,407
31,MAX-029,2,7,72,17,231,176,874264034,34,223310659754,407
31,MAX-029,2,7,72,17,231,176,874264034,35,224439778514,407
31,MAX-029,2,7,72,17,231,176,874264034,36,225568897274,407
31,MAX-029,2,7,72,17,231,176,874264034,37,226698016034,407
31,MAX-029,2,7,72,17,231,176,874264034,38,227827134794,407
31,MAX-029,2,7,72,17,231,176,874264034,39,228956253554,407
31,MAX-029,2,7,72,17,231,176,874264034,40,230085372314,407
31,MAX-029,2,7,72,17,231,176,874264034,41,231214491074,407
31,MAX-029,2,7,72,17,231,176,874264034,42,232343609834,407
31,MAX-029,2,7,72,17,231,176,874264034,43,233472728594,407
31,MAX-029,2,7,72,17,231,176,874264034,44,234601847354,407
31,MAX-029,2,7,72,17,231,176,874264034,45,235730966114,407
31,MAX-029,2,7,72,17,231,176,874264034,46,236860084874,407
31,MAX-029,2,7,72,17,231,176,874264034,47,237989203634,407
31,MAX-029,2,7,72,17,231,176,874264034,48,239118322394,407
31,MAX-029,2,7,72,17,231,176,874264034,49,240247441154,407
31,MAX-029,2,7,72,17,231,176,874264034,50,241376559914,407
31,MAX-029,2,7,72,17,231,176,874264034,51,242505678674,407
31,MAX-029,2,7,72,17,231,176,874264034,52,243634797434,407
31,MAX-029,2,7,72,17,231,176,874264034,53,244763916194,407
31,MAX-029,2,7,72,17,231,176,874264034,54,245893034954,407
32,MAX-030,2,7,72,40,231,176,677895554,0,184724253434,407
32,MAX-030,2,7,72,40,231,176,677895554,1,185853372194,407
32,MAX-030,2,7,72,40,231,176,677895554,2,186982490954,407
32,MAX-030,2,7,72,40,231,176,677895554,3,188111609714,407
32,MAX-030,2,7,72,40,231,176,677895554,4,189240728474,407
32,MAX-030,2,7,72,40,231,176,677895554,5,190369847234,407
32,MAX-030,2,7,72,40,231,176,677895554,6,191498965994,407
32,MAX-030,2,7,72,40,231,176,677895554,7,192628084754,407
32,MAX-030,2,7,72,40,231,176,677895554,8,193757203514,407
32,MAX-030,2,7,72,40,231,176,677895554,9,194886322274,407
32,MAX-030,2,7,72,40,231,176,677895554,10,196015441034,407
32,MAX-030,2,7,72,40,231,176,677895554,11,197144559794,407
32,MAX-030,2,7,72,40,231,176,677895554,12,198273678554,407
32,MAX-030,2,7,72,40,231,176,677895554,13,199402797314,407
32,MAX-030,2,7,72,40,231,176,677895554,14,200531916074,407
32,MAX-030,2,7,72,40,231,176,677895554,15,201661034834,407
32,MAX-030,2,7,72,40,231,176,677895554,16,202790153594,407
32,MAX-030,2,7,72,40,231,176,677895554,17,203919272354,407
32,MAX-030,2,7,72,40,231,176,677895554,18,205048391114,407
32,MAX-030,2,7,72,40,231,176,677895554,19,206177509874,407
32,MAX-030,2,7,72,40,231,176,677895554,20,207306628634,407
32,MAX-030,2,7,72,40,231,176,677895554,21,208435747394,407
32,MAX-030,2,7,72,40,231,176,677895554,22,209564866154,407
32,MAX-030,2,7,72,40,231,176,677895554,23,210693984914,407
32,MAX-030,2,7,72,40,231,176,677895554,24,211823103674,407
32,MAX-030,2,7,72,40,231,176,677895554,25,212952222434,407
32,MAX-030,2,7,72,40,231,176,677895554,26,214081341194,407
32,MAX-030,2,7,72,40,231,176,677895554,27,215210459954,407
32,MAX-030,2,7,72,40,231,176,677895554,28,216339578714,407
32,MAX-030,2,7,72,40,231,176,677895554,29,217468697474,407
32,MAX-030,2,7,72,40,231,176,677895554,30,218597816234,407
32,MAX-030,2,7,72,40,231,176,677895554,31,219726934994,407
32,MAX-030,2,7,72,40,231,176,677895554,32,220856053754,407
32,MAX-030,2,7,72,40,231,176,677895554,33,221985172514,407
32,MAX-030,2,7,72,40,231,176,677895554,34,223114291274,407
32,MAX-030,2,7,72,40,231,176,677895554,35,224243410034,407
32,MAX-030,2,7,72,40,231,176,677895554,36,225372528794,407
32,MAX-030,2,7,72,40,231,176,677895554,37,226501647554,407
32,MAX-030,2,7,72,40,231,176,677895554,38,227630766314,407
32,MAX-030,2,7,72,40,231,176,677895554,39,228759885074,407
32,MAX-030,2,7,72,40,231,176,677895554,40,229889003834,407
32,MAX-030,2,7,72,40,231,176,677895554,41,231018122594,407
32,MAX-030,2,7,72,40,231,176,677895554,42,232147241354,407
32,MAX-030,2,7,72,40,231,176,677895554,43,233276360114,407
32,MAX-030,2,7,72,40,231,176,677895554,44,234405478874,407
32,MAX-030,2,7,72,40,231,176,677895554,45,235534597634,407
32,MAX-030,2,7,72,40,231,176,677895554,46,236663716394,407
32,MAX-030,2,7,72,40,231,176,677895554,47,237792835154,407
32,MAX-030,2,7,72,40,231,176,677895554,48,238921953914,407
32,MAX-030,2,7,72,40,231,176,677895554,49,240051072674,407
32,MAX-030,2,7,72,40,231,176,677895554,50,241180191434,407
32,MAX-030,2,7,72,40,231,176,677895554,51,242309310194,407
32,MAX-030,2,7,72,40,231,176,677895554,52,243438428954,407
32,MAX-030,2,7,72,40,231,176,677895554,53,244567547714,407
32,MAX-030,2,7,72,40,231,176,677895554,54,245696666474,407
33,MAX-031,2,7,72,109,231,176,88790114,0,184135147994,407
33,MAX-031,2,7,72,109,231,176,88790114,1,185264266754,407
33,MAX-031,2,7,72,109,231,176,88790114,2,186393385514,407
33,MAX-031,2,7,72,109,231,176,88790114,3,187522504274,407
33,MAX-031,2,7,72,109,231,176,88790114,4,188651623034,407
33,MAX-031,2,7,72,109,231,176,88790114,5,189780741794,407
33,MAX-031,2,7,72,109,231,176,88790114,6,190909860554,407
33,MAX-031,2,7,72,109,231,176,88790114,7,192038979314,407
33,MAX-031,2,7,72,109,231,176,88790114,8,193168098074,407
33,MAX-031,2,7,72,109,231,176,88790114,9,194297216834,407
33,MAX-031,2,7,72,109,231,176,88790114,10,195426335594,407
33,MAX-031,2,7,72,109,231,176,88790114,11,196555454354,407
33,MAX-031,2,7,72,109,231,176,88790114,12,197684573114,407
33,MAX-031,2,7,72,109,231,176,88790114,13,198813691874,407
33,MAX-031,2,7,72,109,231,176,88790114,14,199942810634,407
33,MAX-031,2,7,72,109,231,176,88790114,15,201071929394,407
33,MAX-031,2,7,72,109,231,176,88790114,16,202201048154,407
33,MAX-031,2,7,72,109,231,176,88790114,17,203330166914,407
33,MAX-031,2,7,72,109,231,176,88790114,18,204459285674,407
33,MAX-031,2,7,72,109,231,176,88790114,19,205588404434,407
33,MAX-031,2,7,72,109,231,176,88790114,20,206717523194,407
33,MAX-031,2,7,72,109,231,176,88790114,21,207846641954,407
33,MAX-031,2,7,72,109,231,176,88790114,22,208975760714,407
33,MAX-031,2,7,72,109,231,176,88790114,23,210104879474,407
33,MAX-031,2,7,72,109,231,176,88790114,24,211233998234,407
33,MAX-031,2,7,72,109,231,176,88790114,25,212363116994,407
33,MAX-031,2,7,72,109,231,176,88790114,26,213492235754,407
33,MAX-031,2,7,72,109,231,176,88790114,27,214621354514,407
33,MAX-031,2,7,72,109,231,176,88790114,28,215750473274,407
33,MAX-031,2,7,72,109,231,176,88790114,29,216879592034,407
33,MAX-031,2,7,72,109,231,176,88790114,30,218008710794,407
33,MAX-031,2,7,72,109,231,176,88790114,31,219137829554,407
33,MAX-031,2,7,72,109,231,176,88790114,32,220266948314,407
33,MAX-031,2,7,72,109,231,176,88790114,33,221396067074,407
33,MAX-031,2,7,72,109,231,176,88790114,34,222525185834,407
33,MAX-031,2,7,72,109,231,176,88790114,35,223654304594,407
33,MAX-031,2,7,72,109,231,176,88790114,36,224783423354,407
33,MAX-031,2,7,72,109,231,176,88790114,37,225912542114,407
33,MAX-031,2,7,72,109,231,176,88790114,38,227041660874,407
33,MAX-031,2,7,72,109,231,176,88790114,39,228170779634,407
33,MAX-031,2,7,72,109,231,176,88790114,40,229299898394,407
33,MAX-031,2,7,72,109,231,176,88790114,41,230429017154,407
33,MAX-031,2,7,72,109,231,176,88790114,42,231558135914,407
33,MAX-031,2,7,72,109,231,176,88790114,43,232687254674,407
33,MAX-031,2,7,72,109,231,176,88790114,44,233816373434,407
33,MAX-031,2,7,72,109,231,176,88790114,45,234945492194,407
33,MAX-031,2,7,72,109,231,176,88790114,46,236074610954,407
33,MAX-031,2,7,72,109,231,176,88790114,47,237203729714,407
33,MAX-031,2,7,72,109,231,176,88790114,48,238332848474,407
33,MAX-031,2,7,72,109,231,176,88790114,49,239461967234,407
33,MAX-031,2,7,72,109,231,176,88790114,50,240591085994,407
33,MAX-031,2,7,72,109,231,176,88790114,51,241720204754,407
33,MAX-031,2,7,72,109,231,176,88790114,52,242849323514,407
33,MAX-031,2,7,72,109,231,176,88790114,53,243978442274,407
33,MAX-031,2,7,72,109,231,176,88790114,54,245107561034,407
33,MAX-031,2,7,72,109,231,176,88790114,55,246236679794,407
34,MAX-032,2,7,72,178,231,176,628803434,0,184675161314,407
34,MAX-032,2,7,72,178,231,176,628803434,1,185804280074,407
34,MAX-032,2,7,72,178,231,176,628803434,2,186933398834,407
34,MAX-032,2,7,72,178,231,176,628803434,3,188062517594,407
34,MAX-032,2,7,72,178,231,176,628803434,4,189191636354,407
34,MAX-032,2,7,72,178,231,176,628803434,5,190320755114,407
34,MAX-032,2,7,72,178,231,176,628803434,6,191449873874,407
34,MAX-032,2,7,72,178,231,176,628803434,7,192578992634,407
34,MAX-032,2,7,72,178,231,176,628803434,8,193708111394,407
34,MAX-032,2,7,72,178,231,176,628803434,9,194837230154,407
34,MAX-032,2,7,72,178,231,176,628803434,10,195966348914,407
34,MAX-032,2,7,72,178,231,176,628803434,11,197095467674,407
34,MAX-032,2,7,72,178,231,176,628803434,12,198224586434,407
34,MAX-032,2,7,72,178,231,176,628803434,13,199353705194,407
34,MAX-032,2,7,72,178,231,176,628803434,14,200482823954,407
34,MAX-032,2,7,72,178,231,176,628803434,15,201611942714,407
34,MAX-032,2,7,72,178,231,176,628803434,16,202741061474,407
34,MAX-032,2,7,72,178,231,176,628803434,17,203870180234,407
34,MAX-032,2,7,72,178,231,176,628803434,18,204999298994,407
34,MAX-032,2,7,72,178,231,176,628803434,19,206128417754,407
34,MAX-032,2,7,72,178,231,176,628803434,20,207257536514,407
34,MAX-032,2,7,72,178,231,176,628803434,21,208386655274,407
34,MAX-032,2,7,72,178,231,176,628803434,22,209515774034,407
34,MAX-032,2,7,72,178,231,176,628803434,23,210644892794,407
34,MAX-032,2,7,72,178,231,176,628803434,24,211774011554,407
34,MAX-032,2,7,72,178,231,176,628803434,25,212903130314,407
34,MAX-032,2,7,72,178,231,176,628803434,26,214032249074,407
34,MAX-032,2,7,72,178,231,176,628803434,27,215161367834,407
34,MAX-032,2,7,72,178,231,176,628803434,28,216290486594,407
34,MAX-032,2,7,72,178,231,176,628803434,29,217419605354,407
34,MAX-032,2,7,72,178,231,176,628803434,30,218548724114,407
34,MAX-032,2,7,72,178,231,176,628803434,31,219677842874,407
34,MAX-032,2,7,72,178,231,176,628803434,32,220806961634,407
34,MAX-032,2,7,72,178,231,176,628803434,33,221936080394,407
34,MAX-032,2,7,72,178,231,176,628803434,34,223065199154,407
34,MAX-032,2,7,72,178,231,176,628803434,35,224194317914,407
34,MAX-032,2,7,72,178,231,176,628803434,36,225323436674,407
34,MAX-032,2,7,72,178,231,176,628803434,37,226452555434,407
34,MAX-032,2,7,72,178,231,176,628803434,38,227581674194,407
34,MAX-032,2,7,72,178,231,176,628803434,39,228710792954,407
34,MAX-032,2,7,72,178,231,176,628803434,40,229839911714,407
34,MAX-032,2,7,72,178,231,176,628803434,41,230969030474,407
34,MAX-032,2,7,72,178,231,176,628803434,42,232098149234,407
34,MAX-032,2,7,72,178,231,176,628803434,43,233227267994,407
34,MAX-032,2,7,72,178,231,176,628803434,44,234356386754,407
34,MAX-032,2,7,72,178,231,176,628803434,45,235485505514,407
34,MAX-032,2,7,72,178,231,176,628803434,46,236614624274,407
34,MAX-032,2,7,72,178,231,176,628803434,47,237743743034,407
34,MAX-032,2,7,72,178,231,176,628803434,48,238872861794,407
34,MAX-032,2,7,72,178,231,176,628803434,49,240001980554,407
34,MAX-032,2,7,72,178,231,176,628803434,50,241131099314,407
34,MAX-032,2,7,72,178,231,176,628803434,51,242260218074,407
34,MAX-032,2,7,72,178,231,176,628803434,52,243389336834,407
34,MAX-032,2,7,72,178,231,176,628803434,53,244518455594,407
34,MAX-032,2,7,72,178,231,176,628803434,54,245647574354,407
35,MAX-033,2,7,72,224,231,176,236066474,0,184282424354,407
35,MAX-033,2,7,72,224,231,176,236066474,1,185411543114,407
35,MAX-033,2,7,72,224,231,176,236066474,2,186540661874,407
35,MAX-033,2,7,72,224,231,176,236066474,3,187669780634,407
35,MAX-033,2,7,72,224,231,176,236066474,4,188798899394,407
35,MAX-033,2,7,72,224,231,176,236066474,5,189928018154,407
35,MAX-033,2,7,72,224,231,176,236066474,6,191057136914,407
35,MAX-033,2,7,72,224,231,176,236066474,7,192186255674,407
35,MAX-033,2,7,72,224,231,176,236066474,8,193315374434,407
35,MAX-033,2,7,72,224,231,176,236066474,9,194444493194,407
35,MAX-033,2,7,72,224,231,176,236066474,10,195573611954,407
35,MAX-033,2,7,72,224,231,176,236066474,11,196702730714,407
35,MAX-033,2,7,72,224,231,176,236066474,12,197831849474,407
35,MAX-033,2,7,72,224,231,176,236066474,13,198960968234,407
35,MAX-033,2,7,72,224,231,176,236066474,14,200090086994,407
35,MAX-033,2,7,72,224,231,176,236066474,15,201219205754,407
35,MAX-033,2,7,72,224,231,176,236066474,16,202348324514,407
35,MAX-033,2,7,72,224,231,176,236066474,17,203477443274,407
35,MAX-033,2,7,72,224,231,176,236066474,18,204606562034,407
35,MAX-033,2,7,72,224,231,176,236066474,19,205735680794,407
35,MAX-033,2,7,72,224,231,176,236066474,20,206864799554,407
35,MAX-033,2,7,72,224,231,176,236066474,21,207993918314,407
35,MAX-033,2,7,72,224,231,176,236066474,22,209123037074,407
35,MAX-033,2,7,72,224,231,176,236066474,23,210252155834,407
35,MAX-033,2,7,72,224,231,176,236066474,24,211381274594,407
35,MAX-033,2,7,72,224,231,176,236066474,25,212510393354,407
35,MAX-033,2,7,72,224,231,176,236066474,26,213639512114,407
35,MAX-033,2,7,72,224,231,176,236066474,27,214768630874,407
35,MAX-033,2,7,72,224,231,176,236066474,28,215897749634,407
35,MAX-033,2,7,72,224,231,176,236066474,29,217026868394,407
35,MAX-033,2,7,72,224,231,176,236066474,30,218155987154,407
35,MAX-033,2,7,72,224,231,176,236066474,31,219285105914,407
35,MAX-033,2,7,72,224,231,176,236066474,32,220414224674,407
35,MAX-033,2,7,72,224,231,176,236066474,33,221543343434,407
35,MAX-033,2,7,72,224,231,176,236066474,34,222672462194,407
35,MAX-033,2,7,72,224,231,176,236066474,35,223801580954,407
35,MAX-033,2,7,72,224,231,176,236066474,36,224930699714,407
35,MAX-033,2,7,72,224,231,176,236066474,37,226059818474,407
35,MAX-033,2,7,72,224,231,176,236066474,38,227188937234,407
35,MAX-033,2,7,72,224,231,176,236066474,39,228318055994,407
35,MAX-033,2,7,72,224,231,176,236066474,40,229447174754,407
35,MAX-033,2,7,72,224,231,176,236066474,41,230576293514,407
35,MAX-033,2,7,72,224,231,176,236066474,42,231705412274,407
35,MAX-033,2,7,72,224,231,176,236066474,43,232834531034,407
35,MAX-033,2,7,72,224,231,176,236066474,44,233963649794,407
35,MAX-033,2,7,72,224,231,176,236066474,45,235092768554,407
35,MAX-033,2,7,72,224,231,176,236066474,46,236221887314,407
35,MAX-033,2,7,72,224,231,176,236066474,47,237351006074,407
35,MAX-033,2,7,72,224,231,176,236066474,48,238480124834,407
35,MAX-033,2,7,72,224,231,176,236066474,49,239609243594,407
35,MAX-033,2,7,72,224,231,176,236066474,50,240738362354,407
35,MAX-033,2,7,72,224,231,176,236066474,51,241867481114,407
35,MAX-033,2,7,72,224,231,176,236066474,52,242996599874,407
35,MAX-033,2,7,72,224,231,176,236066474,53,244125718634,407
35,MAX-033,2,7,72,224,231,176,236066474,54,245254837394,407
35,MAX-033,2,7,72,224,231,176,236066474,55,246383956154,407
36,MAX-034,2,7,72,247,231,176,39697994,0,184086055874,407
36,MAX-034,2,7,72,247,231,176,39697994,1,185215174634,407
36,MAX-034,2,7,72,247,231,176,39697994,2,186344293394,407
36,MAX-034,2,7,72,247,231,176,39697994,3,187473412154,407
36,MAX-034,2,7,72,247,231,176,39697994,4,188602530914,407
36,MAX-034,2,7,72,247,231,176,39697994,5,189731649674,407
36,MAX-034,2,7,72,247,231,176,39697994,6,190860768434,407
36,MAX-034,2,7,72,247,231,176,39697994,7,191989887194,407
36,MAX-034,2,7,72,247,231,176,39697994,8,193119005954,407
36,MAX-034,2,7,72,247,231,176,39697994,9,194248124714,407
36,MAX-034,2,7,72,247,231,176,39697994,10,195377243474,407
36,MAX-034,2,7,72,247,231,176,39697994,11,196506362234,407
36,MAX-034,2,7,72,247,231,176,39697994,12,197635480994,407
36,MAX-034,2,7,72,247,231,176,39697994,13,198764599754,407
36,MAX-034,2,7,72,247,231,176,39697994,14,199893718514,407
36,MAX-034,2,7,72,247,231,176,39697994,15,201022837274,407
36,MAX-034,2,7,72,247,231,176,39697994,16,202151956034,407
36,MAX-034,2,7,72,247,231,176,39697994,17,203281074794,407
36,MAX-034,2,7,72,247,231,176,39697994,18,204410193554,407
36,MAX-034,2,7,72,247,231,176,39697994,19,205539312314,407
36,MAX-034,2,7,72,247,231,176,39697994,20,206668431074,407
36,MAX-034,2,7,72,247,231,176,39697994,21,207797549834,407
36,MAX-034,2,7,72,247,231,176,39697994,22,208926668594,407
36,MAX-034,2,7,72,247,231,176,39697994,23,210055787354,407
36,MAX-034,2,7,72,247,231,176,39697994,24,211184906114,407
36,MAX-034,2,7,72,247,231,176,39697994,25,212314024874,407
36,MAX-034,2,7,72,247,231,176,39697994,26,213443143634,407
36,MAX-034,2,7,72,247,231,176,39697994,27,214572262394,407
36,MAX-034,2,7,72,247,231,176,39697994,28,215701381154,407
36,MAX-034,2,7,72,247,231,176,39697994,29,216830499914,407
36,MAX-034,2,7,72,247,231,176,39697994,30,217959618674,407
36,MAX-034,2,7,72,247,231,176,39697994,31,219088737434,407
36,MAX-034,2,7,72,247,231,176,39697994,32,220217856194,407
36,MAX-034,2,7,72,247,231,176,39697994,33,221346974954,407
36,MAX-034,2,7,72,247,231,176,39697994,34,222476093714,407
36,MAX-034,2,7,72,247,231,176,39697994,35,223605212474,407
36,MAX-034,2,7,72,247,231,176,39697994,36,224734331234,407
36,MAX-034,2,7,72,247,231,176,39697994,37,225863449994,407
36,MAX-034,2,7,72,247,231,176,39697994,38,226992568754,407
36,MAX-034,2,7,72,247,231,176,39697994,39,228121687514,407
36,MAX-034,2,7,72,247,231,176,39697994,40,229250806274,407
36,MAX-034,2,7,72,247,231,176,39697994,41,230379925034,407
36,MAX-034,2,7,72,247,231,176,39697994,42,231509043794,407
36,MAX-034,2,7,72,247,231,176,39697994,43,232638162554,407
36,MAX-034,2,7,72,247,231,176,39697994,44,233767281314,407
36,MAX-034,2,7,72,247,231,176,39697994,45,234896400074,407
36,MAX-034,2,7,72,247,231,176,39697994,46,236025518834,407
36,MAX-034,2,7,72,247,231,176,39697994,47,237154637594,407
36,MAX-034,2,7,72,247,231,176,39697994,48,238283756354,407
36,MAX-034,2,7,72,247,231,176,39697994,49,239412875114,407
36,MAX-034,2,7,72,247,231,176,39697994,50,240541993874,407
36,MAX-034,2,7,72,247,231,176,39697994,51,241671112634,407
36,MAX-034,2,7,72,247,231,176,39697994,52,242800231394,407
36,MAX-034,2,7,72,247,231,176,39697994,53,243929350154,407
36,MAX-034,2,7,72,247,231,176,39697994,54,245058468914,407
36,MAX-034,2,7,72,247,231,176,39697994,55,246187587674,407
37,MAX-035,2,7,72,270,231,176,972448274,0,185018806154,407
37,MAX-035,2,7,72,270,231,176,972448274,1,186147924914,407
37,MAX-035,2,7,72,270,231,176,972448274,2,187277043674,407
37,MAX-035,2,7,72,270,231,176,972448274,3,188406162434,407
37,MAX-035,2,7,72,270,231,176,972448274,4,189535281194,407
37,MAX-035,2,7,72,270,231,176,972448274,5,190664399954,407
37,MAX-035,2,7,72,270,231,176,972448274,6,191793518714,407
37,MAX-035,2,7,72,270,231,176,972448274,7,192922637474,407
37,MAX-035,2,7,72,270,231,176,972448274,8,194051756234,407
37,MAX-035,2,7,72,270,231,176,972448274,9,195180874994,407
37,MAX-035,2,7,72,270,231,176,972448274,10,196309993754,407
37,MAX-035,2,7,72,270,231,176,972448274,11,197439112514,407
37,MAX-035,2,7,72,270,231,176,972448274,12,198568231274,407
37,MAX-035,2,7,72,270,231,176,972448274,13,199697350034,407
37,MAX-035,2,7,72,270,231,176,972448274,14,200826468794,407
37,MAX-035,2,7,72,270,231,176,972448274,15,201955587554,407
37,MAX-035,2,7,72,270,231,176,972448274,16,203084706314,407
37,MAX-035,2,7,72,270,231,176,972448274,17,204213825074,407
37,MAX-035,2,7,72,270,231,176,972448274,18,205342943834,407
37,MAX-035,2,7,72,270,231,176,972448274,19,206472062594,407
37,MAX-035,2,7,72,270,231,176,972448274,20,207601181354,407
37,MAX-035,2,7,72,270,231,176,972448274,21,208730300114,407
37,MAX-035,2,7,72,270,231,176,972448274,22,209859418874,407
37,MAX-035,2,7,72,270,231,176,972448274,23,210988537634,407
37,MAX-035,2,7,72,270,231,176,972448274,24,212117656394,407
37,MAX-035,2,7,72,270,231,176,972448274,25,213246775154,407
37,MAX-035,2,7,72,270,231,176,972448274,26,214375893914,407
37,MAX-035,2,7,72,270,231,176,972448274,27,215505012674,407
37,MAX-035,2,7,72,270,231,176,972448274,28,216634131434,407
37,MAX-035,2,7,72,270,231,176,972448274,29,217763250194,407
37,MAX-035,2,7,72,270,231,176,972448274,30,218892368954,407
37,MAX-035,2,7,72,270,231,176,972448274,31,220021487714,407
37,MAX-035,2,7,72,270,231,176,972448274,32,221150606474,407
37,MAX-035,2,7,72,270,231,176,972448274,33,222279725234,407
37,MAX-035,2,7,72,270,231,176,972448274,34,223408843994,407
37,MAX-035,2,7,72,270,231,176,972448274,35,224537962754,407
37,MAX-035,2,7,72,270,231,176,972448274,36,225667081514,407
37,MAX-035,2,7,72,270,231,176,972448274,37,226796200274,407
37,MAX-035,2,7,72,270,231,176,972448274,38,227925319034,407
37,MAX-035,2,7,72,270,231,176,972448274,39,229054437794,407
37,MAX-035,2,7,72,270,231,176,972448274,40,230183556554,407
37,MAX-035,2,7,72,270,231,176,972448274,41,231312675314,407
37,MAX-035,2,7,72,270,231,176,972448274,42,232441794074,407
37,MAX-035,2,7,72,270,231,176,972448274,43,233570912834,407
37,MAX-035,2,7,72,270,231,176,972448274,44,234700031594,407
37,MAX-035,2,7,72,270,231,176,972448274,45,235829150354,407
37,MAX-035,2,7,72,270,231,176,972448274,46,236958269114,407
37,MAX-035,2,7,72,270,231,176,972448274,47,238087387874,407
37,MAX-035,2,7,72,270,231,176,972448274,48,239216506634,407
37,MAX-035,2,7,72,270,231,176,972448274,49,240345625394,407
37,MAX-035,2,7,72,270,231,176,972448274,50,241474744154,407
37,MAX-035,2,7,72,270,231,176,972448274,51,242603862914,407
37,MAX-035,2,7,72,270,231,176,972448274,52,243732981674,407
37,MAX-035,2,7,72,270,231,176,972448274,53,244862100434,407
37,MAX-035,2,7,72,270,231,176,972448274,54,245991219194,407
38,MAX-036,2,7,72,316,231,176,579711314,0,184626069194,407
38,MAX-036,2,7,72,316,231,176,579711314,1,185755187954,407
38,MAX-036,2,7,72,316,231,176,579711314,2,186884306714,407
38,MAX-036,2,7,72,316,231,176,579711314,3,188013425474,407
38,MAX-036,2,7,72,316,231,176,579711314,4,189142544234,407
38,MAX-036,2,7,72,316,231,176,579711314,5,190271662994,407
38,MAX-036,2,7,72,316,231,176,579711314,6,191400781754,407
38,MAX-036,2,7,72,316,231,176,579711314,7,192529900514,407
38,MAX-036,2,7,72,316,231,176,579711314,8,193659019274,407
38,MAX-036,2,7,72,316,231,176,579711314,9,194788138034,407
38,MAX-036,2,7,72,316,231,176,579711314,10,195917256794,407
38,MAX-036,2,7,72,316,231,176,579711314,11,197046375554,407
38,MAX-036,2,7,72,316,231,176,579711314,12,198175494314,407
38,MAX-036,2,7,72,316,231,176,579711314,13,199304613074,407
38,MAX-036,2,7,72,316,231,176,579711314,14,200433731834,407
38,MAX-036,2,7,72,316,231,176,579711314,15,201562850594,407
38,MAX-036,2,7,72,316,231,176,579711314,16,202691969354,407
38,MAX-036,2,7,72,316,231,176,579711314,17,203821088114,407
38,MAX-036,2,7,72,316,231,176,579711314,18,204950206874,407
38,MAX-036,2,7,72,316,231,176,579711314,19,206079325634,407
38,MAX-036,2,7,72,316,231,176,579711314,20,207208444394,407
38,MAX-036,2,7,72,316,231,176,579711314,21,208337563154,407
38,MAX-036,2,7,72,316,231,176,579711314,22,209466681914,407
38,MAX-036,2,7,72,316,231,176,579711314,23,210595800674,407
38,MAX-036,2,7,72,316,231,176,579711314,24,211724919434,407
38,MAX-036,2,7,72,316,231,176,579711314,25,212854038194,407
38,MAX-036,2,7,72,316,231,176,579711314,26,213983156954,407
38,MAX-036,2,7,72,316,231,176,579711314,27,215112275714,407
38,MAX-036,2,7,72,316,231,176,579711314,28,216241394474,407
38,MAX-036,2,7,72,316,231,176,579711314,29,217370513234,407
38,MAX-036,2,7,72,316,231,176,579711314,30,218499631994,407
38,MAX-036,2,7,72,316,231,176,579711314,31,219628750754,407
38,MAX-036,2,7,72,316,231,176,579711314,32,220757869514,407
38,MAX-036,2,7,72,316,231,176,579711314,33,221886988274,407
38,MAX-036,2,7,72,316,231,176,579711314,34,223016107034,407
38,MAX-036,2,7,72,316,231,176,579711314,35,224145225794,407
38,MAX-036,2,7,72,316,231,176,579711314,36,225274344554,407
38,MAX-036,2,7,72,316,231,176,579711314,37,226403463314,407
38,MAX-036,2,7,72,316,231,176,579711314,38,227532582074,407
38,MAX-036,2,7,72,316,231,176,579711314,39,228661700834,407
38,MAX-036,2,7,72,316,231,176,579711314,40,229790819594,407
38,MAX-036,2,7,72,316,231,176,579711314,41,230919938354,407
38,MAX-036,2,7,72,316,231,176,579711314,42,232049057114,407
38,MAX-036,2,7,72,316,231,176,579711314,43,233178175874,407
38,MAX-036,2,7,72,316,231,176,579711314,44,234307294634,407
38,MAX-036,2,7,72,316,231,176,579711314,45,235436413394,407
38,MAX-036,2,7,72,316,231,176,579711314,46,236565532154,407
38,MAX-036,2,7,72,316,231,176,579711314,47,237694650914,407
38,MAX-036,2,7,72,316,231,176,579711314,48,238823769674,407
38,MAX-036,2,7,72,316,231,176,579711314,49,239952888434,407
38,MAX-036,2,7,72,316,231,176,579711314,50,241082007194,407
38,MAX-036,2,7,72,316,231,176,579711314,51,242211125954,407
38,MAX-036,2,7,72,316,231,176,579711314,52,243340244714,407
38,MAX-036,2,7,72,316,231,176,579711314,53,244469363474,407
38,MAX-036,2,7,72,316,231,176,579711314,54,245598482234,407
38,MAX-036,2,7,72,316,231,176,579711314,55,246727600994,407
39,MAX-037,2,7,72,339,231,176,383342834,0,184429700714,407
39,MAX-037,2,7,72,339,231,176,383342834,1,185558819474,407
39,MAX-037,2,7,72,339,231,176,383342834,2,186687938234,407
39,MAX-037,2,7,72,339,231,176,383342834,3,187817056994,407
39,MAX-037,2,7,72,339,231,176,383342834,4,188946175754,407
39,MAX-037,2,7,72,339,231,176,383342834,5,190075294514,407
39,MAX-037,2,7,72,339,231,176,383342834,6,191204413274,407
39,MAX-037,2,7,72,339,231,176,383342834,7,192333532034,407
39,MAX-037,2,7,72,339,231,176,383342834,8,193462650794,407
39,MAX-037,2,7,72,339,231,176,383342834,9,194591769554,407
39,MAX-037,2,7,72,339,231,176,383342834,10,195720888314,407
39,MAX-037,2,7,72,339,231,176,383342834,11,196850007074,407
39,MAX-037,2,7,72,339,231,176,383342834,12,197979125834,407
39,MAX-037,2,7,72,339,231,176,383342834,13,199108244594,407
39,MAX-037,2,7,72,339,231,176,383342834,14,200237363354,407
39,MAX-037,2,7,72,339,231,176,383342834,15,201366482114,407
39,MAX-037,2,7,72,339,231,176,383342834,16,202495600874,407
39,MAX-037,2,7,72,339,231,176,383342834,17,203624719634,407
39,MAX-037,2,7,72,339,231,176,383342834,18,204753838394,407
39,MAX-037,2,7,72,339,231,176,383342834,19,205882957154,407
39,MAX-037,2,7,72,339,231,176,383342834,20,207012075914,407
39,MAX-037,2,7,72,339,231,176,383342834,21,208141194674,407
39,MAX-037,2,7,72,339,231,176,383342834,22,209270313434,407
39,MAX-037,2,7,72,339,231,176,383342834,23,210399432194,407
39,MAX-037,2,7,72,339,231,176,383342834,24,211528550954,407
39,MAX-037,2,7,72,339,231,176,383342834,25,212657669714,407
39,MAX-037,2,7,72,339,231,176,383342834,26,213786788474,407
39,MAX-037,2,7,72,339,231,176,383342834,27,214915907234,407
39,MAX-037,2,7,72,339,231,176,383342834,28,216045025994,407
39,MAX-037,2,7,72,339,231,176,383342834,29,217174144754,407
39,MAX-037,2,7,72,339,231,176,383342834,30,218303263514,407
39,MAX-037,2,7,72,339,231,176,383342834,31,219432382274,407
39,MAX-037,2,7,72,339,231,176,383342834,32,220561501034,407
39,MAX-037,2,7,72,339,231,176,383342834,33,221690619794,407
39,MAX-037,2,7,72,339,231,176,383342834,34,222819738554,407
39,MAX-037,2,7,72,339,231,176,383342834,35,223948857314,407
39,MAX-037,2,7,72,339,231,176,383342834,36,225077976074,407
39,MAX-037,2,7,72,339,231,176,383342834,37,226207094834,407
39,MAX-037,2,7,72,339,231,176,383342834,38,227336213594,407
39,MAX-037,2,7,72,339,231,176,383342834,39,228465332354,407
39,MAX-037,2,7,72,339,231,176,383342834,40,229594451114,407
39,MAX-037,2,7,72,339,231,176,383342834,41,230723569874,407
39,MAX-037,2,7,72,339,231,176,383342834,42,231852688634,407
39,MAX-037,2,7,72,339,231,176,383342834,43,232981807394,407
39,MAX-037,2,7,72,339,231,176,383342834,44,234110926154,407
39,MAX-037,2,7,72,339,231,176,383342834,45,235240044914,407
39,MAX-037,2,7,72,339,231,176,383342834,46,236369163674,407
39,MAX-037,2,7,72,339,231,176,383342834,47,237498282434,407
39,MAX-037,2,7,72,339,231,176,383342834,48,238627401194,407
39,MAX-037,2,7,72,339,231,176,383342834,49,239756519954,407
39,MAX-037,2,7,72,339,231,176,383342834,50,240885638714,407
39,MAX-037,2,7,72,339,231,176,383342834,51,242014757474,407
39,MAX-037,2,7,72,339,231,176,383342834,52,243143876234,407
39,MAX-037,2,7,72,339,231,176,383342834,53,244272994994,407
39,MAX-037,2,7,72,339,231,176,383342834,54,245402113754,407
39,MAX-037,2,7,72,339,231,176,383342834,55,246531232514,407
40,MAX-038,2,7,72,362,231,176,186974354,0,184233332234,407
40,MAX-038,2,7,72,362,231,176,186974354,1,185362450994,407
40,MAX-038,2,7,72,362,231,176,186974354,2,186491569754,407
40,MAX-038,2,7,72,362,231,176,186974354,3,187620688514,407
40,MAX-038,2,7,72,362,231,176,186974354,4,188749807274,407
40,MAX-038,2,7,72,362,231,176,186974354,5,189878926034,407
40,MAX-038,2,7,72,362,231,176,186974354,6,191008044794,407
40,MAX-038,2,7,72,362,231,176,186974354,7,192137163554,407
40,MAX-038,2,7,72,362,231,176,186974354,8,193266282314,407
40,MAX-038,2,7,72,362,231,176,186974354,9,194395401074,407
40,MAX-038,2,7,72,362,231,176,186974354,10,195524519834,407
40,MAX-038,2,7,72,362,231,176,186974354,11,196653638594,407
40,MAX-038,2,7,72,362,231,176,186974354,12,197782757354,407
40,MAX-038,2,7,72,362,231,176,186974354,13,198911876114,407
40,MAX-038,2,7,72,362,231,176,186974354,14,200040994874,407
40,MAX-038,2,7,72,362,231,176,186974354,15,201170113634,407
40,MAX-038,2,7,72,362,231,176,186974354,16,202299232394,407
40,MAX-038,2,7,72,362,231,176,186974354,17,203428351154,407
40,MAX-038,2,7,72,362,231,176,186974354,18,204557469914,407
40,MAX-038,2,7,72,362,231,176,186974354,19,205686588674,407
40,MAX-038,2,7,72,362,231,176,186974354,20,206815707434,407
40,MAX-038,2,7,72,362,231,176,186974354,21,207944826194,407
40,MAX-038,2,7,72,362,231,176,186974354,22,209073944954,407
40,MAX-038,2,7,72,362,231,176,186974354,23,210203063714,407
40,MAX-038,2,7,72,362,231,176,186974354,24,211332182474,407
40,MAX-038,2,7,72,362,231,176,186974354,25,212461301234,407
40,MAX-038,2,7,72,362,231,176,186974354,26,213590419994,407
40,MAX-038,2,7,72,362,231,176,186974354,27,214719538754,407
40,MAX-038,2,7,72,362,231,176,186974354,28,215848657514,407
40,MAX-038,2,7,72,362,231,176,186974354,29,216977776274,407
40,MAX-038,2,7,72,362,231,176,186974354,30,218106895034,407
40,MAX-038,2,7,72,362,231,176,186974354,31,219236013794,407
40,MAX-038,2,7,72,362,231,176,186974354,32,220365132554,407
40,MAX-038,2,7,72,362,231,176,186974354,33,221494251314,407
40,MAX-038,2,7,72,362,231,176,186974354,34,222623370074,407
40,MAX-038,2,7,72,362,231,176,186974354,35,223752488834,407
40,MAX-038,2,7,72,362,231,176,186974354,36,224881607594,407
40,MAX-038,2,7,72,362,231,176,186974354,37,226010726354,407
40,MAX-038,2,7,72,362,231,176,186974354,38,227139845114,407
40,MAX-038,2,7,72,362,231,176,186974354,39,228268963874,407
40,MAX-038,2,7,72,362,231,176,186974354,40,229398082634,407
40,MAX-038,2,7,72,362,231,176,186974354,41,230527201394,407
40,MAX-038,2,7,72,362,231,176,186974354,42,231656320154,407
40,MAX-038,2,7,72,362,231,176,186974354,43,232785438914,407
40,MAX-038,2,7,72,362,231,176,186974354,44,233914557674,407
40,MAX-038,2,7,72,362,231,176,186974354,45,235043676434,407
40,MAX-038,2,7,72,362,231,176,186974354,46,236172795194,407
40,MAX-038,2,7,72,362,231,176,186974354,47,237301913954,407
40,MAX-038,2,7,72,362,231,176,186974354,48,238431032714,407
40,MAX-038,2,7,72,362,231,176,186974354,49,239560151474,407
40,MAX-038,2,7,72,362,231,176,186974354,50,240689270234,407
40,MAX-038,2,7,72,362,231,176,186974354,51,241818388994,407
40,MAX-038,2,7,72,362,231,176,186974354,52,242947507754,407
40,MAX-038,2,7,72,362,231,176,186974354,53,244076626514,407
40,MAX-038,2,7,72,362,231,176,186974354,54,245205745274,407
40,MAX-038,2,7,72,362,231,176,186974354,55,246334864034,407
41,MAX-039,2,7,72,385,231,176,1119724634,0,184036963754,407
41,MAX-039,2,7,72,385,231,176,1119724634,1,185166082514,407
41,MAX-039,2,7,72,385,231,176,1119724634,2,186295201274,407
41,MAX-039,2,7,72,385,231,176,1119724634,3,187424320034,407
41,MAX-039,2,7,72,385,231,176,1119724634,4,188553438794,407
41,MAX-039,2,7,72,385,231,176,1119724634,5,189682557554,407
41,MAX-039,2,7,72,385,231,176,1119724634,6,190811676314,407
41,MAX-039,2,7,72,385,231,176,1119724634,7,191940795074,407
41,MAX-039,2,7,72,385,231,176,1119724634,8,193069913834,407
41,MAX-039,2,7,72,385,231,176,1119724634,9,194199032594,407
41,MAX-039,2,7,72,385,231,176,1119724634,10,195328151354,407
41,MAX-039,2,7,72,385,231,176,1119724634,11,196457270114,407
41,MAX-039,2,7,72,385,231,176,1119724634,12,197586388874,407
41,MAX-039,2,7,72,385,231,176,1119724634,13,198715507634,407
41,MAX-039,2,7,72,385,231,176,1119724634,14,199844626394,407
41,MAX-039,2,7,72,385,231,176,1119724634,15,200973745154,407
41,MAX-039,2,7,72,385,231,176,1119724634,16,202102863914,407
41,MAX-039,2,7,72,385,231,176,1119724634,17,203231982674,407
41,MAX-039,2,7,72,385,231,176,1119724634,18,204361101434,407
41,MAX-039,2,7,72,385,231,176,1119724634,19,205490220194,407
41,MAX-039,2,7,72,385,231,176,1119724634,20,206619338954,407
41,MAX-039,2,7,72,385,231,176,1119724634,21,207748457714,407
41,MAX-039,2,7,72,385,231,176,1119724634,22,208877576474,407
41,MAX-039,2,7,72,385,231,176,1119724634,23,210006695234,407
41,MAX-039,2,7,72,385,231,176,1119724634,24,211135813994,407
41,MAX-039,2,7,72,385,231,176,1119724634,25,212264932754,407
41,MAX-039,2,7,72,385,231,176,1119724634,26,213394051514,407
41,MAX-039,2,7,72,385,231,176,1119724634,27,214523170274,407
41,MAX-039,2,7,72,385,231,176,1119724634,28,215652289034,407
41,MAX-039,2,7,72,385,231,176,1119724634,29,216781407794,407
41,MAX-039,2,7,72,385,231,176,1119724634,30,217910526554,407
41,MAX-039,2,7,72,385,231,176,1119724634,31,219039645314,407
41,MAX-039,2,7,72,385,231,176,1119724634,32,220168764074,407
41,MAX-039,2,7,72,385,231,176,1119724634,33,221297882834,407
41,MAX-039,2,7,72,385,231,176,1119724634,34,222427001594,407
41,MAX-039,2,7,72,385,231,176,1119724634,35,223556120354,407
41,MAX-039,2,7,72,385,231,176,1119724634,36,224685239114,407
41,MAX-039,2,7,72,385,231,176,1119724634,37,225814357874,407
41,MAX-039,2,7,72,385,231,176,1119724634,38,226943476634,407
41,MAX-039,2,7,72,385,231,176,1119724634,39,228072595394,407
41,MAX-039,2,7,72,385,231,176,1119724634,40,229201714154,407
41,MAX-039,2,7,72,385,231,176,1119724634,41,230330832914,407
41,MAX-039,2,7,72,385,231,176,1119724634,42,231459951674,407
41,MAX-039,2,7,72,385,231,176,1119724634,43,232589070434,407
41,MAX-039,2,7,72,385,231,176,1119724634,44,233718189194,407
41,MAX-039,2,7,72,385,231,176,1119724634,45,234847307954,407
41,MAX-039,2,7,72,385,231,176,1119724634,46,235976426714,407
41,MAX-039,2,7,72,385,231,176,1119724634,47,237105545474,407
41,MAX-039,2,7,72,385,231,176,1119724634,48,238234664234,407
41,MAX-039,2,7,72,385,231,176,1119724634,49,239363782994,407
41,MAX-039,2,7,72,385,231,176,1119724634,50,240492901754,407
41,MAX-039,2,7,72,385,231,176,1119724634,51,241622020514,407
41,MAX-039,2,7,72,385,231,176,1119724634,52,242751139274,407
41,MAX-039,2,7,72,385,231,176,1119724634,53,243880258034,407
41,MAX-039,2,7,72,385,231,176,1119724634,54,245009376794,407
41,MAX-039,2,7,72,385,231,176,1119724634,55,246138495554,407
42,MAX-040,2,7,72,431,231,176,726987674,0,184773345554,407
42,MAX-040,2,7,72,431,231,176,726987674,1,185902464314,407
42,MAX-040,2,7,72,431,231,176,726987674,2,187031583074,407
42,MAX-040,2,7,72,431,231,176,726987674,3,188160701834,407
42,MAX-040,2,7,72,431,231,176,726987674,4,189289820594,407
42,MAX-040,2,7,72,431,231,176,726987674,5,190418939354,407
42,MAX-040,2,7,72,431,231,176,726987674,6,191548058114,407
42,MAX-040,2,7,72,431,231,176,726987674,7,192677176874,407
42,MAX-040,2,7,72,431,231,176,726987674,8,193806295634,407
42,MAX-040,2,7,72,431,231,176,726987674,9,194935414394,407
42,MAX-040,2,7,72,431,231,176,726987674,10,196064533154,407
42,MAX-040,2,7,72,431,231,176,726987674,11,197193651914,407
42,MAX-040,2,7,72,431,231,176,726987674,12,198322770674,407
42,MAX-040,2,7,72,431,231,176,726987674,13,199451889434,407
42,MAX-040,2,7,72,431,231,176,726987674,14,200581008194,407
42,MAX-040,2,7,72,431,231,176,726987674,15,201710126954,407
42,MAX-040,2,7,72,431,231,176,726987674,16,202839245714,407
42,MAX-040,2,7,72,431,231,176,726987674,17,203968364474,407
42,MAX-040,2,7,72,431,231,176,726987674,18,205097483234,407
42,MAX-040,2,7,72,431,231,176,726987674,19,206226601994,407
42,MAX-040,2,7,72,431,231,176,726987674,20,207355720754,407
42,MAX-040,2,7,72,431,231,176,726987674,21,208484839514,407
42,MAX-040,2,7,72,431,231,176,726987674,22,209613958274,407
42,MAX-040,2,7,72,431,231,176,726987674,23,210743077034,407
42,MAX-040,2,7,72,431,231,176,726987674,24,211872195794,407
42,MAX-040,2,7,72,431,231,176,726987674,25,213001314554,407
42,MAX-040,2,7,72,431,231,176,726987674,26,214130433314,407
42,MAX-040,2,7,72,431,231,176,726987674,27,215259552074,407
42,MAX-040,2,7,72,431,231,176,726987674,28,216388670834,407
42,MAX-040,2,7,72,431,231,176,726987674,29,217517789594,407
42,MAX-040,2,7,72,431,231,176,726987674,30,218646908354,407
42,MAX-040,2,7,72,431,231,176,726987674,31,219776027114,407
42,MAX-040,2,7,72,431,231,176,726987674,32,220905145874,407
42,MAX-040,2,7,72,431,231,176,726987674,33,222034264634,407
42,MAX-040,2,7,72,431,231,176,726987674,34,223163383394,407
42,MAX-040,2,7,72,431,231,176,726987674,35,224292502154,407
42,MAX-040,2,7,72,431,231,176,726987674,36,225421620914,407
42,MAX-040,2,7,72,431,231,176,726987674,37,226550739674,407
42,MAX-040,2,7,72,431,231,176,726987674,38,227679858434,407
42,MAX-040,2,7,72,431,231,176,726987674,39,228808977194,407
42,MAX-040,2,7,72,431,231,176,726987674,40,229938095954,407
42,MAX-040,2,7,72,431,231,176,726987674,41,231067214714,407
42,MAX-040,2,7,72,431,231,176,726987674,42,232196333474,407
42,MAX-040,2,7,72,431,231,176,726987674,43,233325452234,407
42,MAX-040,2,7,72,431,231,176,726987674,44,234454570994,407
42,MAX-040,2,7,72,431,231,176,726987674,45,235583689754,407
42,MAX-040,2,7,72,431,231,176,726987674,46,236712808514,407
42,MAX-040,2,7,72,431,231,176,726987674,47,237841927274,407
42,MAX-040,2,7,72,431,231,176,726987674,48,238971046034,407
42,MAX-040,2,7,72,431,231,176,726987674,49,240100164794,407
42,MAX-040,2,7,72,431,231,176,726987674,50,241229283554,407
42,MAX-040,2,7,72,431,231,176,726987674,51,242358402314,407
42,MAX-040,2,7,72,431,231,176,726987674,52,243487521074,407
42,MAX-040,2,7,72,431,231,176,726987674,53,244616639834,407
42,MAX-040,2,7,72,431,231,176,726987674,54,245745758594,407
43,MAX-041,2,7,72,454,231,176,530619194,0,184576977074,407
43,MAX-041,2,7,72,454,231,176,530619194,1,185706095834,407
43,MAX-041,2,7,72,454,231,176,530619194,2,186835214594,407
43,MAX-041,2,7,72,454,231,176,530619194,3,187964333354,407
43,MAX-041,2,7,72,454,231,176,530619194,4,189093452114,407
43,MAX-041,2,7,72,454,231,176,530619194,5,190222570874,407
43,MAX-041,2,7,72,454,231,176,530619194,6,191351689634,407
43,MAX-041,2,7,72,454,231,176,530619194,7,192480808394,407
43,MAX-041,2,7,72,454,231,176,530619194,8,193609927154,407
43,MAX-041,2,7,72,454,231,176,530619194,9,194739045914,407
43,MAX-041,2,7,72,454,231,176,530619194,10,195868164674,407
43,MAX-041,2,7,72,454,231,176,530619194,11,196997283434,407
43,MAX-041,2,7,72,454,231,176,530619194,12,198126402194,407
43,MAX-041,2,7,72,454,231,176,530619194,13,199255520954,407
43,MAX-041,2,7,72,454,231,176,530619194,14,200384639714,407
43,MAX-041,2,7,72,454,231,176,530619194,15,201513758474,407
43,MAX-041,2,7,72,454,231,176,530619194,16,202642877234,407
43,MAX-041,2,7,72,454,231,176,530619194,17,203771995994,407
43,MAX-041,2,7,72,454,231,176,530619194,18,204901114754,407
43,MAX-041,2,7,72,454,231,176,530619194,19,206030233514,407
43,MAX-041,2,7,72,454,231,176,530619194,20,207159352274,407
43,MAX-041,2,7,72,454,231,176,530619194,21,208288471034,407
43,MAX-041,2,7,72,454,231,176,530619194,22,209417589794,407
43,MAX-041,2,7,72,454,231,176,530619194,23,210546708554,407
43,MAX-041,2,7,72,454,231,176,530619194,24,211675827314,407
43,MAX-041,2,7,72,454,231,176,530619194,25,212804946074,407
43,MAX-041,2,7,72,454,231,176,530619194,26,213934064834,407
43,MAX-041,2,7,72,454,231,176,530619194,27,215063183594,407
43,MAX-041,2,7,72,454,231,176,530619194,28,216192302354,407
43,MAX-041,2,7,72,454,231,176,530619194,29,217321421114,407
43,MAX-041,2,7,72,454,231,176,530619194,30,218450539874,407
43,MAX-041,2,7,72,454,231,176,530619194,31,219579658634,407
43,MAX-041,2,7,72,454,231,176,530619194,32,220708777394,407
43,MAX-041,2,7,72,454,231,176,530619194,33,221837896154,407
43,MAX-041,2,7,72,454,231,176,530619194,34,222967014914,407
43,MAX-041,2,7,72,454,231,176,530619194,35,224096133674,407
43,MAX-041,2,7,72,454,231,176,530619194,36,225225252434,407
43,MAX-041,2,7,72,454,231,176,530619194,37,226354371194,407
43,MAX-041,2,7,72,454,231,176,530619194,38,227483489954,407
43,MAX-041,2,7,72,454,231,176,530619194,39,228612608714,407
43,MAX-041,2,7,72,454,231,176,530619194,40,229741727474,407
43,MAX-041,2,7,72,454,231,176,530619194,41,230870846234,407
43,MAX-041,2,7,72,454,231,176,530619194,42,231999964994,407
43,MAX-041,2,7,72,454,231,176,530619194,43,233129083754,407
43,MAX-041,2,7,72,454,231,176,530619194,44,234258202514,407
43,MAX-041,2,7,72,454,231,176,530619194,45,235387321274,407
43,MAX-041,2,7,72,454,231,176,530619194,46,236516440034,407
43,MAX-041,2,7,72,454,231,176,530619194,47,237645558794,407
43,MAX-041,2,7,72,454,231,176,530619194,48,238774677554,407
43,MAX-041,2,7,72,454,231,176,530619194,49,239903796314,407
43,MAX-041,2,7,72,454,231,176,530619194,50,241032915074,407
43,MAX-041,2,7,72,454,231,176,530619194,51,242162033834,407
43,MAX-041,2,7,72,454,231,176,530619194,52,243291152594,407
43,MAX-041,2,7,72,454,231,176,530619194,53,244420271354,407
43,MAX-041,2,7,72,454,231,176,530619194,54,245549390114,407
43,MAX-041,2,7,72,454,231,176,530619194,55,246678508874,407
44,MAX-042,2,7,72,523,231,176,1070632514,0,183987871634,407
44,MAX-042,2,7,72,523,231,176,1070632514,1,185116990394,407
44,MAX-042,2,7,72,523,231,176,1070632514,2,186246109154,407
44,MAX-042,2,7,72,523,231,176,1070632514,3,187375227914,407
44,MAX-042,2,7,72,523,231,176,1070632514,4,188504346674,407
44,MAX-042,2,7,72,523,231,176,1070632514,5,189633465434,407
44,MAX-042,2,7,72,523,231,176,1070632514,6,190762584194,407
44,MAX-042,2,7,72,523,231,176,1070632514,7,191891702954,407
44,MAX-042,2,7,72,523,231,176,1070632514,8,193020821714,407
44,MAX-042,2,7,72,523,231,176,1070632514,9,194149940474,407
44,MAX-042,2,7,72,523,231,176,1070632514,10,195279059234,407
44,MAX-042,2,7,72,523,231,176,1070632514,11,196408177994,407
44,MAX-042,2,7,72,523,231,176,1070632514,12,197537296754,407
44,MAX-042,2,7,72,523,231,176,1070632514,13,198666415514,407
44,MAX-042,2,7,72,523,231,176,1070632514,14,199795534274,407
44,MAX-042,2,7,72,523,231,176,1070632514,15,200924653034,407
44,MAX-042,2,7,72,523,231,176,1070632514,16,202053771794,407
44,MAX-042,2,7,72,523,231,176,1070632514,17,203182890554,407
44,MAX-042,2,7,72,523,231,176,1070632514,18,204312009314,407
44,MAX-042,2,7,72,523,231,176,1070632514,19,205441128074,407
44,MAX-042,2,7,72,523,231,176,1070632514,20,206570246834,407
44,MAX-042,2,7,72,523,231,176,1070632514,21,207699365594,407
44,MAX-042,2,7,72,523,231,176,1070632514,22,208828484354,407
44,MAX-042,2,7,72,523,231,176,1070632514,23,209957603114,407
44,MAX-042,2,7,72,523,231,176,1070632514,24,211086721874,407
44,MAX-042,2,7,72,523,231,176,1070632514,25,212215840634,407
44,MAX-042,2,7,72,523,231,176,1070632514,26,213344959394,407
44,MAX-042,2,7,72,523,231,176,1070632514,27,214474078154,407
44,MAX-042,2,7,72,523,231,176,1070632514,28,215603196914,407
44,MAX-042,2,7,72,523,231,176,1070632514,29,216732315674,407
44,MAX-042,2,7,72,523,231,176,1070632514,30,217861434434,407
44,MAX-042,2,7,72,523,231,176,1070632514,31,218990553194,407
44,MAX-042,2,7,72,523,231,176,1070632514,32,220119671954,407
44,MAX-042,2,7,72,523,231,176,1070632514,33,221248790714,407
44,MAX-042,2,7,72,523,231,176,1070632514,34,222377909474,407
44,MAX-042,2,7,72,523,231,176,1070632514,35,223507028234,407
44,MAX-042,2,7,72,523,231,176,1070632514,36,224636146994,407
44,MAX-042,2,7,72,523,231,176,1070632514,37,225765265754,407
44,MAX-042,2,7,72,523,231,176,1070632514,38,226894384514,407
44,MAX-042,2,7,72,523,231,176,1070632514,39,228023503274,407
44,MAX-042,2,7,72,523,231,176,1070632514,40,229152622034,407
44,MAX-042,2,7,72,523,231,176,1070632514,41,230281740794,407
44,MAX-042,2,7,72,523,231,176,1070632514,42,231410859554,407
44,MAX-042,2,7,72,523,231,176,1070632514,43,232539978314,407
44,MAX-042,2,7,72,523,231,176,1070632514,44,233669097074,407
44,MAX-042,2,7,72,523,231,176,1070632514,45,234798215834,407
44,MAX-042,2,7,72,523,231,176,1070632514,46,235927334594,407
44,MAX-042,2,7,72,523,231,176,1070632514,47,237056453354,407
44,MAX-042,2,7,72,523,231,176,1070632514,48,238185572114,407
44,MAX-042,2,7,72,523,231,176,1070632514,49,239314690874,407
44,MAX-042,2,7,72,523,231,176,1070632514,50,240443809634,407
44,MAX-042,2,7,72,523,231,176,1070632514,51,241572928394,407
44,MAX-042,2,7,72,523,231,176,1070632514,52,242702047154,407
44,MAX-042,2,7,72,523,231,176,1070632514,53,243831165914,407
44,MAX-042,2,7,72,523,231,176,1070632514,54,244960284674,407
44,MAX-042,2,7,72,523,231,176,1070632514,55,246089403434,407
45,MAX-043,2,7,83,17,231,176,566322554,0,184612680434,407
45,MAX-043,2,7,83,17,231,176,566322554,1,185741799194,407
45,MAX-043,2,7,83,17,231,176,566322554,2,186870917954,407
45,MAX-043,2,7,83,17,231,176,566322554,3,188000036714,407
45,MAX-043,2,7,83,17,231,176,566322554,4,189129155474,407
45,MAX-043,2,7,83,17,231,176,566322554,5,190258274234,407
45,MAX-043,2,7,83,17,231,176,566322554,6,191387392994,407
45,MAX-043,2,7,83,17,231,176,566322554,7,192516511754,407
45,MAX-043,2,7,83,17,231,176,566322554,8,193645630514,407
45,MAX-043,2,7,83,17,231,176,566322554,9,194774749274,407
45,MAX-043,2,7,83,17,231,176,566322554,10,195903868034,407
45,MAX-043,2,7,83,17,231,176,566322554,11,197032986794,407
45,MAX-043,2,7,83,17,231,176,566322554,12,198162105554,407
45,MAX-043,2,7,83,17,231,176,566322554,13,199291224314,407
45,MAX-043,2,7,83,17,231,176,566322554,14,200420343074,407
45,MAX-043,2,7,83,17,231,176,566322554,15,201549461834,407
45,MAX-043,2,7,83,17,231,176,566322554,16,202678580594,407
45,MAX-043,2,7,83,17,231,176,566322554,17,203807699354,407
45,MAX-043,2,7,83,17,231,176,566322554,18,204936818114,407
45,MAX-043,2,7,83,17,231,176,566322554,19,206065936874,407
45,MAX-043,2,7,83,17,231,176,566322554,20,207195055634,407
45,MAX-043,2,7,83,17,231,176,566322554,21,208324174394,407
45,MAX-043,2,7,83,17,231,176,566322554,22,209453293154,407
45,MAX-043,2,7,83,17,231,176,566322554,23,210582411914,407
45,MAX-043,2,7,83,17,231,176,566322554,24,211711530674,407
45,MAX-043,2,7,83,17,231,176,566322554,25,212840649434,407
45,MAX-043,2,7,83,17,231,176,566322554,26,213969768194,407
45,MAX-043,2,7,83,17,231,176,566322554,27,215098886954,407
45,MAX-043,2,7,83,17,231,176,566322554,28,216228005714,407
45,MAX-043,2,7,83,17,231,176,566322554,29,217357124474,407
45,MAX-043,2,7,83,17,231,176,566322554,30,218486243234,407
45,MAX-043,2,7,83,17,231,176,566322554,31,219615361994,407
45,MAX-043,2,7,83,17,231,176,566322554,32,220744480754,407
45,MAX-043,2,7,83,17,231,176,566322554,33,221873599514,407
45,MAX-043,2,7,83,17,231,176,566322554,34,223002718274,407
45,MAX-043,2,7,83,17,231,176,566322554,35,224131837034,407
45,MAX-043,2,7,83,17,231,176,566322554,36,225260955794,407
45,MAX-043,2,7,83,17,231,176,566322554,37,226390074554,407
45,MAX-043,2,7,83,17,231,176,566322554,38,227519193314,407
45,MAX-043,2,7,83,17,231,176,566322554,39,228648312074,407
45,MAX-043,2,7,83,17,231,176,566322554,40,229777430834,407
45,MAX-043,2,7,83,17,231,176,566322554,41,230906549594,407
45,MAX-043,2,7,83,17,231,176,566322554,42,232035668354,407
45,MAX-043,2,7,83,17,231,176,566322554,43,233164787114,407
45,MAX-043,2,7,83,17,231,176,566322554,44,234293905874,407
45,MAX-043,2,7,83,17,231,176,566322554,45,235423024634,407
45,MAX-043,2,7,83,17,231,176,566322554,46,236552143394,407
45,MAX-043,2,7,83,17,231,176,566322554,47,237681262154,407
45,MAX-043,2,7,83,17,231,176,566322554,48,238810380914,407
45,MAX-043,2,7,83,17,231,176,566322554,49,239939499674,407
45,MAX-043,2,7,83,17,231,176,566322554,50,241068618434,407
45,MAX-043,2,7,83,17,231,176,566322554,51,242197737194,407
45,MAX-043,2,7,83,17,231,176,566322554,52,243326855954,407
45,MAX-043,2,7,83,17,231,176,566322554,53,244455974714,407
45,MAX-043,2,7,83,17,231,176,566322554,54,245585093474,407
45,MAX-043,2,7,83,17,231,176,566322554,55,246714212234,407
46,MAX-044,2,7,83,40,231,176,369954074,0,184416311954,407
46,MAX-044,2,7,83,40,231,176,369954074,1,185545430714,407
46,MAX-044,2,7,83,40,231,176,369954074,2,186674549474,407
46,MAX-044,2,7,83,40,231,176,369954074,3,187803668234,407
46,MAX-044,2,7,83,40,231,176,369954074,4,188932786994,407
46,MAX-044,2,7,83,40,231,176,369954074,5,190061905754,407
46,MAX-044,2,7,83,40,231,176,369954074,6,191191024514,407
46,MAX-044,2,7,83,40,231,176,369954074,7,192320143274,407
46,MAX-044,2,7,83,40,231,176,369954074,8,193449262034,407
46,MAX-044,2,7,83,40,231,176,369954074,9,194578380794,407
46,MAX-044,2,7,83,40,231,176,369954074,10,195707499554,407
46,MAX-044,2,7,83,40,231,176,369954074,11,196836618314,407
46,MAX-044,2,7,83,40,231,176,369954074,12,197965737074,407
46,MAX-044,2,7,83,40,231,176,369954074,13,199094855834,407
46,MAX-044,2,7,83,40,231,176,369954074,14,200223974594,407
46,MAX-044,2,7,83,40,231,176,369954074,15,201353093354,407
46,MAX-044,2,7,83,40,231,176,369954074,16,202482212114,407
46,MAX-044,2,7,83,40,231,176,369954074,17,203611330874,407
46,MAX-044,2,7,83,40,231,176,369954074,18,204740449634,407
46,MAX-044,2,7,83,40,231,176,369954074,19,205869568394,407
46,MAX-044,2,7,83,40,231,176,369954074,20,206998687154,407
46,MAX-044,2,7,83,40,231,176,369954074,21,208127805914,407
46,MAX-044,2,7,83,40,231,176,369954074,22,209256924674,407
46,MAX-044,2,7,83,40,231,176,369954074,23,210386043434,407
46,MAX-044,2,7,83,40,231,176,369954074,24,211515162194,407
46,MAX-044,2,7,83,40,231,176,369954074,25,212644280954,407
46,MAX-044,2,7,83,40,231,176,369954074,26,213773399714,407
46,MAX-044,2,7,83,40,231,176,369954074,27,214902518474,407
46,MAX-044,2,7,83,40,231,176,369954074,28,216031637234,407
46,MAX-044,2,7,83,40,231,176,369954074,29,217160755994,407
46,MAX-044,2,7,83,40,231,176,369954074,30,218289874754,407
46,MAX-044,2,7,83,40,231,176,369954074,31,219418993514,407
46,MAX-044,2,7,83,40,231,176,369954074,32,220548112274,407
46,MAX-044,2,7,83,40,231,176,369954074,33,221677231034,407
46,MAX-044,2,7,83,40,231,176,369954074,34,222806349794,407
46,MAX-044,2,7,83,40,231,176,369954074,35,223935468554,407
46,MAX-044,2,7,83,40,231,176,369954074,36,225064587314,407
46,MAX-044,2,7,83,40,231,176,369954074,37,226193706074,407
46,MAX-044,2,7,83,40,231,176,369954074,38,227322824834,407
46,MAX-044,2,7,83,40,231,176,369954074,39,228451943594,407
46,MAX-044,2,7,83,40,231,176,369954074,40,229581062354,407
46,MAX-044,2,7,83,40,231,176,369954074,41,230710181114,407
46,MAX-044,2,7,83,40,231,176,369954074,42,231839299874,407
46,MAX-044,2,7,83,40,231,176,369954074,43,232968418634,407
46,MAX-044,2,7,83,40,231,176,369954074,44,234097537394,407
46,MAX-044,2,7,83,40,231,176,369954074,45,235226656154,407
46,MAX-044,2,7,83,40,231,176,369954074,46,236355774914,407
46,MAX-044,2,7,83,40,231,176,369954074,47,237484893674,407
46,MAX-044,2,7,83,40,231,176,369954074,48,238614012434,407
46,MAX-044,2,7,83,40,231,176,369954074,49,239743131194,407
46,MAX-044,2,7,83,40,231,176,369954074,50,240872249954,407
46,MAX-044,2,7,83,40,231,176,369954074,51,242001368714,407
46,MAX-044,2,7,83,40,231,176,369954074,52,243130487474,407
46,MAX-044,2,7,83,40,231,176,369954074,53,244259606234,407
46,MAX-044,2,7,83,40,231,176,369954074,54,245388724994,407
46,MAX-044,2,7,83,40,231,176,369954074,55,246517843754,407
47,MAX-045,2,7,83,109,231,176,909967394,0,184956325274,407
47,MAX-045,2,7,83,109,231,176,909967394,1,186085444034,407
47,MAX-045,2,7,83,109,231,176,909967394,2,187214562794,407
47,MAX-045,2,7,83,109,231,176,909967394,3,188343681554,407
47,MAX-045,2,7,83,109,231,176,909967394,4,189472800314,407
47,MAX-045,2,7,83,109,231,176,909967394,5,190601919074,407
47,MAX-045,2,7,83,109,231,176,909967394,6,191731037834,407
47,MAX-045,2,7,83,109,231,176,909967394,7,192860156594,407
47,MAX-045,2,7,83,109,231,176,909967394,8,193989275354,407
47,MAX-045,2,7,83,109,231,176,909967394,9,195118394114,407
47,MAX-045,2,7,83,109,231,176,909967394,10,196247512874,407
47,MAX-045,2,7,83,109,231,176,909967394,11,197376631634,407
47,MAX-045,2,7,83,109,231,176,909967394,12,198505750394,407
47,MAX-045,2,7,83,109,231,176,909967394,13,199634869154,407
47,MAX-045,2,7,83,109,231,176,909967394,14,200763987914,407
47,MAX-045,2,7,83,109,231,176,909967394,15,201893106674,407
47,MAX-045,2,7,83,109,231,176,909967394,16,203022225434,407
47,MAX-045,2,7,83,109,231,176,909967394,17,204151344194,407
47,MAX-045,2,7,83,109,231,176,909967394,18,205280462954,407
47,MAX-045,2,7,83,109,231,176,909967394,19,206409581714,407
47,MAX-045,2,7,83,109,231,176,909967394,20,207538700474,407
47,MAX-045,2,7,83,109,231,176,909967394,21,208667819234,407
47,MAX-045,2,7,83,109,231,176,909967394,22,209796937994,407
47,MAX-045,2,7,83,109,231,176,909967394,23,210926056754,407
47,MAX-045,2,7,83,109,231,176,909967394,24,212055175514,407
47,MAX-045,2,7,83,109,231,176,909967394,25,213184294274,407
47,MAX-045,2,7,83,109,231,176,909967394,26,214313413034,407
47,MAX-045,2,7,83,109,231,176,909967394,27,215442531794,407
47,MAX-045,2,7,83,109,231,176,909967394,28,216571650554,407
47,MAX-045,2,7,83,109,231,176,909967394,29,217700769314,407
47,MAX-045,2,7,83,109,231,176,909967394,30,218829888074,407
47,MAX-045,2,7,83,109,231,176,909967394,31,219959006834,407
47,MAX-045,2,7,83,109,231,176,909967394,32,221088125594,407
47,MAX-045,2,7,83,109,231,176,909967394,33,222217244354,407
47,MAX-045,2,7,83,109,231,176,909967394,34,223346363114,407
47,MAX-045,2,7,83,109,231,176,909967394,35,224475481874,407
47,MAX-045,2,7,83,109,231,176,909967394,36,225604600634,407
47,MAX-045,2,7,83,109,231,176,909967394,37,226733719394,407
47,MAX-045,2,7,83,109,231,176,909967394,38,227862838154,407
47,MAX-045,2,7,83,109,231,176,909967394,39,228991956914,407
47,MAX-045,2,7,83,109,231,176,909967394,40,230121075674,407
47,MAX-045,2,7,83,109,231,176,909967394,41,231250194434,407
47,MAX-045,2,7,83,109,231,176,909967394,42,232379313194,407
47,MAX-045,2,7,83,109,231,176,909967394,43,233508431954,407
47,MAX-045,2,7,83,109,231,176,909967394,44,234637550714,407
47,MAX-045,2,7,83,109,231,176,909967394,45,235766669474,407
47,MAX-045,2,7,83,109,231,176,909967394,46,236895788234,407
47,MAX-045,2,7,83,109,231,176,909967394,47,238024906994,407
47,MAX-045,2,7,83,109,231,176,909967394,48,239154025754,407
47,MAX-045,2,7,83,109,231,176,909967394,49,240283144514,407
47,MAX-045,2,7,83,109,231,176,909967394,50,241412263274,407
47,MAX-045,2,7,83,109,231,176,909967394,51,242541382034,407
47,MAX-045,2,7,83,109,231,176,909967394,52,243670500794,407
47,MAX-045,2,7,83,109,231,176,909967394,53,244799619554,407
47,MAX-045,2,7,83,109,231,176,909967394,54,245928738314,407
48,MAX-046,2,7,83,178,231,176,320861954,0,184367219834,407
48,MAX-046,2,7,83,178,231,176,320861954,1,185496338594,407
48,MAX-046,2,7,83,178,231,176,320861954,2,186625457354,407
48,MAX-046,2,7,83,178,231,176,320861954,3,187754576114,407
48,MAX-046,2,7,83,178,231,176,320861954,4,188883694874,407
48,MAX-046,2,7,83,178,231,176,320861954,5,190012813634,407
48,MAX-046,2,7,83,178,231,176,320861954,6,191141932394,407
48,MAX-046,2,7,83,178,231,176,320861954,7,192271051154,407
48,MAX-046,2,7,83,178,231,176,320861954,8,193400169914,407
48,MAX-046,2,7,83,178,231,176,320861954,9,194529288674,407
48,MAX-046,2,7,83,178,231,176,320861954,10,195658407434,407
48,MAX-046,2,7,83,178,231,176,320861954,11,196787526194,407
48,MAX-046,2,7,83,178,231,176,320861954,12,197916644954,407
48,MAX-046,2,7,83,178,231,176,320861954,13,199045763714,407
48,MAX-046,2,7,83,178,231,176,320861954,14,200174882474,407
48,MAX-046,2,7,83,178,231,176,320861954,15,201304001234,407
48,MAX-046,2,7,83,178,231,176,320861954,16,202433119994,407
48,MAX-046,2,7,83,178,231,176,320861954,17,203562238754,407
48,MAX-046,2,7,83,178,231,176,320861954,18,204691357514,407
48,MAX-046,2,7,83,178,231,176,320861954,19,205820476274,407
48,MAX-046,2,7,83,178,231,176,320861954,20,206949595034,407
48,MAX-046,2,7,83,178,231,176,320861954,21,208078713794,407
48,MAX-046,2,7,83,178,231,176,320861954,22,209207832554,407
48,MAX-046,2,7,83,178,231,176,320861954,23,210336951314,407
48,MAX-046,2,7,83,178,231,176,320861954,24,211466070074,407
48,MAX-046,2,7,83,178,231,176,320861954,25,212595188834,407
48,MAX-046,2,7,83,178,231,176,320861954,26,213724307594,407
48,MAX-046,2,7,83,178,231,176,320861954,27,214853426354,407
48,MAX-046,2,7,83,178,231,176,320861954,28,215982545114,407
48,MAX-046,2,7,83,178,231,176,320861954,29,217111663874,407
48,MAX-046,2,7,83,178,231,176,320861954,30,218240782634,407
48,MAX-046,2,7,83,178,231,176,320861954,31,219369901394,407
48,MAX-046,2,7,83,178,231,176,320861954,32,220499020154,407
48,MAX-046,2,7,83,178,231,176,320861954,33,221628138914,407
48,MAX-046,2,7,83,178,231,176,320861954,34,222757257674,407
48,MAX-046,2,7,83,178,231,176,320861954,35,223886376434,407
48,MAX-046,2,7,83,178,231,176,320861954,36,225015495194,407
48,MAX-046,2,7,83,178,231,176,320861954,37,226144613954,407
48,MAX-046,2,7,83,178,231,176,320861954,38,227273732714,407
48,MAX-046,2,7,83,178,231,176,320861954,39,228402851474,407
48,MAX-046,2,7,83,178,231,176,320861954,40,229531970234,407
48,MAX-046,2,7,83,178,231,176,320861954,41,230661088994,407
48,MAX-046,2,7,83,178,231,176,320861954,42,231790207754,407
48,MAX-046,2,7,83,178,231,176,320861954,43,232919326514,407
48,MAX-046,2,7,83,178,231,176,320861954,44,234048445274,407
48,MAX-046,2,7,83,178,231,176,320861954,45,235177564034,407
48,MAX-046,2,7,83,178,231,176,320861954,46,236306682794,407
48,MAX-046,2,7,83,178,231,176,320861954,47,237435801554,407
48,MAX-046,2,7,83,178,231,176,320861954,48,238564920314,407
48,MAX-046,2,7,83,178,231,176,320861954,49,239694039074,407
48,MAX-046,2,7,83,178,231,176,320861954,50,240823157834,407
48,MAX-046,2,7,83,178,231,176,320861954,51,241952276594,407
48,MAX-046,2,7,83,178,231,176,320861954,52,243081395354,407
48,MAX-046,2,7,83,178,231,176,320861954,53,244210514114,407
48,MAX-046,2,7,83,178,231,176,320861954,54,245339632874,407
48,MAX-046,2,7,83,178,231,176,320861954,55,246468751634,407
49,MAX-047,2,7,83,224,231,176,1057243754,0,183974482874,407
49,MAX-047,2,7,83,224,231,176,1057243754,1,185103601634,407
49,MAX-047,2,7,83,224,231,176,1057243754,2,186232720394,407
49,MAX-047,2,7,83,224,231,176,1057243754,3,187361839154,407
49,MAX-047,2,7,83,224,231,176,1057243754,4,188490957914,407
49,MAX-047,2,7,83,224,231,176,1057243754,5,189620076674,407
49,MAX-047,2,7,83,224,231,176,1057243754,6,190749195434,407
49,MAX-047,2,7,83,224,231,176,1057243754,7,191878314194,407
49,MAX-047,2,7,83,224,231,176,1057243754,8,193007432954,407
49,MAX-047,2,7,83,224,231,176,1057243754,9,194136551714,407
49,MAX-047,2,7,83,224,231,176,1057243754,10,195265670474,407
49,MAX-047,2,7,83,224,231,176,1057243754,11,196394789234,407
49,MAX-047,2,7,83,224,231,176,1057243754,12,197523907994,407
49,MAX-047,2,7,83,224,231,176,1057243754,13,198653026754,407
49,MAX-047,2,7,83,224,231,176,1057243754,14,199782145514,407
49,MAX-047,2,7,83,224,231,176,1057243754,15,200911264274,407
49,MAX-047,2,7,83,224,231,176,1057243754,16,202040383034,407
49,MAX-047,2,7,83,224,231,176,1057243754,17,203169501794,407
49,MAX-047,2,7,83,224,231,176,1057243754,18,204298620554,407
49,MAX-047,2,7,83,224,231,176,1057243754,19,205427739314,407
49,MAX-047,2,7,83,224,231,176,1057243754,20,206556858074,407
49,MAX-047,2,7,83,224,231,176,1057243754,21,207685976834,407
49,MAX-047,2,7,83,224,231,176,1057243754,22,208815095594,407
49,MAX-047,2,7,83,224,231,176,1057243754,23,209944214354,407
49,MAX-047,2,7,83,224,231,176,1057243754,24,211073333114,407
49,MAX-047,2,7,83,224,231,176,1057243754,25,212202451874,407
49,MAX-047,2,7,83,224,231,176,1057243754,26,213331570634,407
49,MAX-047,2,7,83,224,231,176,1057243754,27,214460689394,407
49,MAX-047,2,7,83,224,231,176,1057243754,28,215589808154,407
49,MAX-047,2,7,83,224,231,176,1057243754,29,216718926914,407
49,MAX-047,2,7,83,224,231,176,1057243754,30,217848045674,407
49,MAX-047,2,7,83,224,231,176,1057243754,31,218977164434,407
49,MAX-047,2,7,83,224,231,176,1057243754,32,220106283194,407
49,MAX-047,2,7,83,224,231,176,1057243754,33,221235401954,407
49,MAX-047,2,7,83,224,231,176,1057243754,34,222364520714,407
49,MAX-047,2,7,83,224,231,176,1057243754,35,223493639474,407
49,MAX-047,2,7,83,224,231,176,1057243754,36,224622758234,407
49,MAX-047,2,7,83,224,231,176,1057243754,37,225751876994,407
49,MAX-047,2,7,83,224,231,176,1057243754,38,226880995754,407
49,MAX-047,2,7,83,224,231,176,1057243754,39,228010114514,407
49,MAX-047,2,7,83,224,231,176,1057243754,40,229139233274,407
49,MAX-047,2,7,83,224,231,176,1057243754,41,230268352034,407
49,MAX-047,2,7,83,224,231,176,1057243754,42,231397470794,407
49,MAX-047,2,7,83,224,231,176,1057243754,43,232526589554,407
49,MAX-047,2,7,83,224,231,176,1057243754,44,233655708314,407
49,MAX-047,2,7,83,224,231,176,1057243754,45,234784827074,407
49,MAX-047,2,7,83,224,231,176,1057243754,46,235913945834,407
49,MAX-047,2,7,83,224,231,176,1057243754,47,237043064594,407
49,MAX-047,2,7,83,224,231,176,1057243754,48,238172183354,407
49,MAX-047,2,7,83,224,231,176,1057243754,49,239301302114,407
49,MAX-047,2,7,83,224,231,176,1057243754,50,240430420874,407
49,MAX-047,2,7,83,224,231,176,1057243754,51,241559539634,407
49,MAX-047,2,7,83,224,231,176,1057243754,52,242688658394,407
49,MAX-047,2,7,83,224,231,176,1057243754,53,243817777154,407
49,MAX-047,2,7,83,224,231,176,1057243754,54,244946895914,407
49,MAX-047,2,7,83,224,231,176,1057243754,55,246076014674,407
50,MAX-048,2,7,83,247,231,176,860875274,0,184907233154,407
50,MAX-048,2,7,83,247,231,176,860875274,1,186036351914,407
50,MAX-048,2,7,83,247,231,176,860875274,2,187165470674,407
50,MAX-048,2,7,83,247,231,176,860875274,3,188294589434,407
50,MAX-048,2,7,83,247,231,176,860875274,4,189423708194,407
50,MAX-048,2,7,83,247,231,176,860875274,5,190552826954,407
50,MAX-048,2,7,83,247,231,176,860875274,6,191681945714,407
50,MAX-048,2,7,83,247,231,176,860875274,7,192811064474,407
50,MAX-048,2,7,83,247,231,176,860875274,8,193940183234,407
50,MAX-048,2,7,83,247,231,176,860875274,9,195069301994,407
50,MAX-048,2,7,83,247,231,176,860875274,10,196198420754,407
50,MAX-048,2,7,83,247,231,176,860875274,11,197327539514,407
50,MAX-048,2,7,83,247,231,176,860875274,12,198456658274,407
50,MAX-048,2,7,83,247,231,176,860875274,13,199585777034,407
50,MAX-048,2,7,83,247,231,176,860875274,14,200714895794,407
50,MAX-048,2,7,83,247,231,176,860875274,15,201844014554,407
50,MAX-048,2,7,83,247,231,176,860875274,16,202973133314,407
50,MAX-048,2,7,83,247,231,176,860875274,17,204102252074,407
50,MAX-048,2,7,83,247,231,176,860875274,18,205231370834,407
50,MAX-048,2,7,83,247,231,176,860875274,19,206360489594,407
50,MAX-048,2,7,83,247,231,176,860875274,20,207489608354,407
50,MAX-048,2,7,83,247,231,176,860875274,21,208618727114,407
50,MAX-048,2,7,83,247,231,176,860875274,22,209747845874,407
50,MAX-048,2,7,83,247,231,176,860875274,23,210876964634,407
50,MAX-048,2,7,83,247,231,176,860875274,24,212006083394,407
50,MAX-048,2,7,83,247,231,176,860875274,25,213135202154,407
50,MAX-048,2,7,83,247,231,176,860875274,26,214264320914,407
50,MAX-048,2,7,83,247,231,176,860875274,27,215393439674,407
50,MAX-048,2,7,83,247,231,176,860875274,28,216522558434,407
50,MAX-048,2,7,83,247,231,176,860875274,29,217651677194,407
50,MAX-048,2,7,83,247,231,176,860875274,30,218780795954,407
50,MAX-048,2,7,83,247,231,176,860875274,31,219909914714,407
50,MAX-048,2,7,83,247,231,176,860875274,32,221039033474,407
50,MAX-048,2,7,83,247,231,176,860875274,33,222168152234,407
50,MAX-048,2,7,83,247,231,176,860875274,34,223297270994,407
50,MAX-048,2,7,83,247,231,176,860875274,35,224426389754,407
50,MAX-048,2,7,83,247,231,176,860875274,36,225555508514,407
50,MAX-048,2,7,83,247,231,176,860875274,37,226684627274,407
50,MAX-048,2,7,83,247,231,176,860875274,38,227813746034,407
50,MAX-048,2,7,83,247,231,176,860875274,39,228942864794,407
50,MAX-048,2,7,83,247,231,176,860875274,40,230071983554,407
50,MAX-048,2,7,83,247,231,176,860875274,41,231201102314,407
50,MAX-048,2,7,83,247,231,176,860875274,42,232330221074,407
50,MAX-048,2,7,83,247,231,176,860875274,43,233459339834,407
50,MAX-048,2,7,83,247,231,176,860875274,44,234588458594,407
50,MAX-048,2,7,83,247,231,176,860875274,45,235717577354,407
50,MAX-048,2,7,83,247,231,176,860875274,46,236846696114,407
50,MAX-048,2,7,83,247,231,176,860875274,47,237975814874,407
50,MAX-048,2,7,83,247,231,176,860875274,48,239104933634,407
50,MAX-048,2,7,83,247,231,176,860875274,49,240234052394,407
50,MAX-048,2,7,83,247,231,176,860875274,50,241363171154,407
50,MAX-048,2,7,83,247,231,176,860875274,51,242492289914,407
50,MAX-048,2,7,83,247,231,176,860875274,52,243621408674,407
50,MAX-048,2,7,83,247,231,176,860875274,53,244750527434,407
50,MAX-048,2,7,83,247,231,176,860875274,54,245879646194,407
51,MAX-049,2,7,83,270,231,176,664506794,0,184710864674,407
51,MAX-049,2,7,83,270,231,176,664506794,1,185839983434,407
51,MAX-049,2,7,83,270,231,176,664506794,2,186969102194,407
51,MAX-049,2,7,83,270,231,176,664506794,3,188098220954,407
51,MAX-049,2,7,83,270,231,176,664506794,4,189227339714,407
51,MAX-049,2,7,83,270,231,176,664506794,5,190356458474,407
51,MAX-049,2,7,83,270,231,176,664506794,6,191485577234,407
51,MAX-049,2,7,83,270,231,176,664506794,7,192614695994,407
51,MAX-049,2,7,83,270,231,176,664506794,8,193743814754,407
51,MAX-049,2,7,83,270,231,176,664506794,9,194872933514,407
51,MAX-049,2,7,83,270,231,176,664506794,10,196002052274,407
51,MAX-049,2,7,83,270,231,176,664506794,11,197131171034,407
51,MAX-049,2,7,83,270,231,176,664506794,12,198260289794,407
51,MAX-049,2,7,83,270,231,176,664506794,13,199389408554,407
51,MAX-049,2,7,83,270,231,176,664506794,14,200518527314,407
51,MAX-049,2,7,83,270,231,176,664506794,15,201647646074,407
51,MAX-049,2,7,83,270,231,176,664506794,16,202776764834,407
51,MAX-049,2,7,83,270,231,176,664506794,17,203905883594,407
51,MAX-049,2,7,83,270,231,176,664506794,18,205035002354,407
51,MAX-049,2,7,83,270,231,176,664506794,19,206164121114,407
51,MAX-049,2,7,83,270,231,176,664506794,20,207293239874,407
51,MAX-049,2,7,83,270,231,176,664506794,21,208422358634,407
51,MAX-049,2,7,83,270,231,176,664506794,22,209551477394,407
51,MAX-049,2,7,83,270,231,176,664506794,23,210680596154,407
51,MAX-049,2,7,83,270,231,176,664506794,24,211809714914,407
51,MAX-049,2,7,83,270,231,176,664506794,25,212938833674,407
51,MAX-049,2,7,83,270,231,176,664506794,26,214067952434,407
51,MAX-049,2,7,83,270,231,176,664506794,27,215197071194,407
51,MAX-049,2,7,83,270,231,176,664506794,28,216326189954,407
51,MAX-049,2,7,83,270,231,176,664506794,29,217455308714,407
51,MAX-049,2,7,83,270,231,176,664506794,30,218584427474,407
51,MAX-049,2,7,83,270,231,176,664506794,31,219713546234,407
51,MAX-049,2,7,83,270,231,176,664506794,32,220842664994,407
51,MAX-049,2,7,83,270,231,176,664506794,33,221971783754,407
51,MAX-049,2,7,83,270,231,176,664506794,34,223100902514,407
51,MAX-049,2,7,83,270,231,176,664506794,35,224230021274,407
51,MAX-049,2,7,83,270,231,176,664506794,36,225359140034,407
51,MAX-049,2,7,83,270,231,176,664506794,37,226488258794,407
51,MAX-049,2,7,83,270,231,176,664506794,38,227617377554,407
51,MAX-049,2,7,83,270,231,176,664506794,39,228746496314,407
51,MAX-049,2,7,83,270,231,176,664506794,40,229875615074,407
51,MAX-049,2,7,83,270,231,176,664506794,41,231004733834,407
51,MAX-049,2,7,83,270,231,176,664506794,42,232133852594,407
51,MAX-049,2,7,83,270,231,176,664506794,43,233262971354,407
51,MAX-049,2,7,83,270,231,176,664506794,44,234392090114,407
51,MAX-049,2,7,83,270,231,176,664506794,45,235521208874,407
51,MAX-049,2,7,83,270,231,176,664506794,46,236650327634,407
51,MAX-049,2,7,83,270,231,176,664506794,47,237779446394,407
51,MAX-049,2,7,83,270,231,176,664506794,48,238908565154,407
51,MAX-049,2,7,83,270,231,176,664506794,49,240037683914,407
51,MAX-049,2,7,83,270,231,176,664506794,50,241166802674,407
51,MAX-049,2,7,83,270,231,176,664506794,51,242295921434,407
51,MAX-049,2,7,83,270,231,176,664506794,52,243425040194,407
51,MAX-049,2,7,83,270,231,176,664506794,53,244554158954,407
51,MAX-049,2,7,83,270,231,176,664506794,54,245683277714,407
52,MAX-050,2,7,83,316,231,176,271769834,0,184318127714,407
52,MAX-050,2,7,83,316,231,176,271769834,1,185447246474,407
52,MAX-050,2,7,83,316,231,176,271769834,2,186576365234,407
52,MAX-050,2,7,83,316,231,176,271769834,3,187705483994,407
52,MAX-050,2,7,83,316,231,176,271769834,4,188834602754,407
52,MAX-050,2,7,83,316,231,176,271769834,5,189963721514,407
52,MAX-050,2,7,83,316,231,176,271769834,6,191092840274,407
52,MAX-050,2,7,83,316,231,176,271769834,7,192221959034,407
52,MAX-050,2,7,83,316,231,176,271769834,8,193351077794,407
52,MAX-050,2,7,83,316,231,176,271769834,9,194480196554,407
52,MAX-050,2,7,83,316,231,176,271769834,10,195609315314,407
52,MAX-050,2,7,83,316,231,176,271769834,11,196738434074,407
52,MAX-050,2,7,83,316,231,176,271769834,12,197867552834,407
52,MAX-050,2,7,83,316,231,176,271769834,13,198996671594,407
52,MAX-050,2,7,83,316,231,176,271769834,14,200125790354,407
52,MAX-050,2,7,83,316,231,176,271769834,15,201254909114,407
52,MAX-050,2,7,83,316,231,176,271769834,16,202384027874,407
52,MAX-050,2,7,83,316,231,176,271769834,17,203513146634,407
52,MAX-050,2,7,83,316,231,176,271769834,18,204642265394,407
52,MAX-050,2,7,83,316,231,176,271769834,19,205771384154,407
52,MAX-050,2,7,83,316,231,176,271769834,20,206900502914,407
52,MAX-050,2,7,83,316,231,176,271769834,21,208029621674,407
52,MAX-050,2,7,83,316,231,176,271769834,22,209158740434,407
52,MAX-050,2,7,83,316,231,176,271769834,23,210287859194,407
52,MAX-050,2,7,83,316,231,176,271769834,24,211416977954,407
52,MAX-050,2,7,83,316,231,176,271769834,25,212546096714,407
52,MAX-050,2,7,83,316,231,176,271769834,26,213675215474,407
52,MAX-050,2,7,83,316,231,176,271769834,27,214804334234,407
52,MAX-050,2,7,83,316,231,176,271769834,28,215933452994,407
52,MAX-050,2,7,83,316,231,176,271769834,29,217062571754,407
52,MAX-050,2,7,83,316,231,176,271769834,30,218191690514,407
52,MAX-050,2,7,83,316,231,176,271769834,31,219320809274,407
52,MAX-050,2,7,83,316,231,176,271769834,32,220449928034,407
52,MAX-050,2,7,83,316,231,176,271769834,33,221579046794,407
52,MAX-050,2,7,83,316,231,176,271769834,34,222708165554,407
52,MAX-050,2,7,83,316,231,176,271769834,35,223837284314,407
52,MAX-050,2,7,83,316,231,176,271769834,36,224966403074,407
52,MAX-050,2,7,83,316,231,176,271769834,37,226095521834,407
52,MAX-050,2,7,83,316,231,176,271769834,38,227224640594,407
52,MAX-050,2,7,83,316,231,176,271769834,39,228353759354,407
52,MAX-050,2,7,83,316,231,176,271769834,40,229482878114,407
52,MAX-050,2,7,83,316,231,176,271769834,41,230611996874,407
52,MAX-050,2,7,83,316,231,176,271769834,42,231741115634,407
52,MAX-050,2,7,83,316,231,176,271769834,43,232870234394,407
52,MAX-050,2,7,83,316,231,176,271769834,44,233999353154,407
52,MAX-050,2,7,83,316,231,176,271769834,45,235128471914,407
52,MAX-050,2,7,83,316,231,176,271769834,46,236257590674,407
52,MAX-050,2,7,83,316,231,176,271769834,47,237386709434,407
52,MAX-050,2,7,83,316,231,176,271769834,48,238515828194,407
52,MAX-050,2,7,83,316,231,176,271769834,49,239644946954,407
52,MAX-050,2,7,83,316,231,176,271769834,50,240774065714,407
52,MAX-050,2,7,83,316,231,176,271769834,51,241903184474,407
52,MAX-050,2,7,83,316,231,176,271769834,52,243032303234,407
52,MAX-050,2,7,83,316,231,176,271769834,53,244161421994,407
52,MAX-050,2,7,83,316,231,176,271769834,54,245290540754,407
52,MAX-050,2,7,83,316,231,176,271769834,55,246419659514,407
53,MAX-051,2,7,83,339,231,176,75401354,0,184121759234,407
53,MAX-051,2,7,83,339,231,176,75401354,1,185250877994,407
53,MAX-051,2,7,83,339,231,176,75401354,2,186379996754,407
53,MAX-051,2,7,83,339,231,176,75401354,3,187509115514,407
53,MAX-051,2,7,83,339,231,176,75401354,4,188638234274,407
53,MAX-051,2,7,83,339,231,176,75401354,5,189767353034,407
53,MAX-051,2,7,83,339,231,176,75401354,6,190896471794,407
53,MAX-051,2,7,83,339,231,176,75401354,7,192025590554,407
53,MAX-051,2,7,83,339,231,176,75401354,8,193154709314,407
53,MAX-051,2,7,83,339,231,176,75401354,9,194283828074,407
53,MAX-051,2,7,83,339,231,176,75401354,10,195412946834,407
53,MAX-051,2,7,83,339,231,176,75401354,11,196542065594,407
53,MAX-051,2,7,83,339,231,176,75401354,12,197671184354,407
53,MAX-051,2,7,83,339,231,176,75401354,13,198800303114,407
53,MAX-051,2,7,83,339,231,176,75401354,14,199929421874,407
53,MAX-051,2,7,83,339,231,176,75401354,15,201058540634,407
53,MAX-051,2,7,83,339,231,176,75401354,16,202187659394,407
53,MAX-051,2,7,83,339,231,176,75401354,17,203316778154,407
53,MAX-051,2,7,83,339,231,176,75401354,18,204445896914,407
53,MAX-051,2,7,83,339,231,176,75401354,19,205575015674,407
53,MAX-051,2,7,83,339,231,176,75401354,20,206704134434,407
53,MAX-051,2,7,83,339,231,176,75401354,21,207833253194,407
53,MAX-051,2,7,83,339,231,176,75401354,22,208962371954,407
53,MAX-051,2,7,83,339,231,176,75401354,23,210091490714,407
53,MAX-051,2,7,83,339,231,176,75401354,24,211220609474,407
53,MAX-051,2,7,83,339,231,176,75401354,25,212349728234,407
53,MAX-051,2,7,83,339,231,176,75401354,26,213478846994,407
53,MAX-051,2,7,83,339,231,176,75401354,27,214607965754,407
53,MAX-051,2,7,83,339,231,176,75401354,28,215737084514,407
53,MAX-051,2,7,83,339,231,176,75401354,29,216866203274,407
53,MAX-051,2,7,83,339,231,176,75401354,30,217995322034,407
53,MAX-051,2,7,83,339,231,176,75401354,31,219124440794,407
53,MAX-051,2,7,83,339,231,176,75401354,32,220253559554,407
53,MAX-051,2,7,83,339,231,176,75401354,33,221382678314,407
53,MAX-051,2,7,83,339,231,176,75401354,34,222511797074,407
53,MAX-051,2,7,83,339,231,176,75401354,35,223640915834,407
53,MAX-051,2,7,83,339,231,176,75401354,36,224770034594,407
53,MAX-051,2,7,83,339,231,176,75401354,37,225899153354,407
53,MAX-051,2,7,83,339,231,176,75401354,38,227028272114,407
53,MAX-051,2,7,83,339,231,176,75401354,39,228157390874,407
53,MAX-051,2,7,83,339,231,176,75401354,40,229286509634,407
53,MAX-051,2,7,83,339,231,176,75401354,41,230415628394,407
53,MAX-051,2,7,83,339,231,176,75401354,42,231544747154,407
53,MAX-051,2,7,83,339,231,176,75401354,43,232673865914,407
53,MAX-051,2,7,83,339,231,176,75401354,44,233802984674,407
53,MAX-051,2,7,83,339,231,176,75401354,45,234932103434,407
53,MAX-051,2,7,83,339,231,176,75401354,46,236061222194,407
53,MAX-051,2,7,83,339,231,176,75401354,47,237190340954,407
53,MAX-051,2,7,83,339,231,176,75401354,48,238319459714,407
53,MAX-051,2,7,83,339,231,176,75401354,49,239448578474,407
53,MAX-051,2,7,83,339,231,176,75401354,50,240577697234,407
53,MAX-051,2,7,83,339,231,176,75401354,51,241706815994,407
53,MAX-051,2,7,83,339,231,176,75401354,52,242835934754,407
53,MAX-051,2,7,83,339,231,176,75401354,53,243965053514,407
53,MAX-051,2,7,83,339,231,176,75401354,54,245094172274,407
53,MAX-051,2,7,83,339,231,176,75401354,55,246223291034,407
54,MAX-052,2,7,83,362,231,176,1008151634,0,185054509514,407
54,MAX-052,2,7,83,362,231,176,1008151634,1,186183628274,407
54,MAX-052,2,7,83,362,231,176,1008151634,2,187312747034,407
54,MAX-052,2,7,83,362,231,176,1008151634,3,188441865794,407
54,MAX-052,2,7,83,362,231,176,1008151634,4,189570984554,407
54,MAX-052,2,7,83,362,231,176,1008151634,5,190700103314,407
54,MAX-052,2,7,83,362,231,176,1008151634,6,191829222074,407
54,MAX-052,2,7,83,362,231,176,1008151634,7,192958340834,407
54,MAX-052,2,7,83,362,231,176,1008151634,8,194087459594,407
54,MAX-052,2,7,83,362,231,176,1008151634,9,195216578354,407
54,MAX-052,2,7,83,362,231,176,1008151634,10,196345697114,407
54,MAX-052,2,7,83,362,231,176,1008151634,11,197474815874,407
54,MAX-052,2,7,83,362,231,176,1008151634,12,198603934634,407
54,MAX-052,2,7,83,362,231,176,1008151634,13,199733053394,407
54,MAX-052,2,7,83,362,231,176,1008151634,14,200862172154,407
54,MAX-052,2,7,83,362,231,176,1008151634,15,201991290914,407
54,MAX-052,2,7,83,362,231,176,1008151634,16,203120409674,407
54,MAX-052,2,7,83,362,231,176,1008151634,17,204249528434,407
54,MAX-052,2,7,83,362,231,176,1008151634,18,205378647194,407
54,MAX-052,2,7,83,362,231,176,1008151634,19,206507765954,407
54,MAX-052,2,7,83,362,231,176,1008151634,20,207636884714,407
54,MAX-052,2,7,83,362,231,176,1008151634,21,208766003474,407
54,MAX-052,2,7,83,362,231,176,1008151634,22,209895122234,407
54,MAX-052,2,7,83,362,231,176,1008151634,23,211024240994,407
54,MAX-052,2,7,83,362,231,176,1008151634,24,212153359754,407
54,MAX-052,2,7,83,362,231,176,1008151634,25,213282478514,407
54,MAX-052,2,7,83,362,231,176,1008151634,26,214411597274,407
54,MAX-052,2,7,83,362,231,176,1008151634,27,215540716034,407
54,MAX-052,2,7,83,362,231,176,1008151634,28,216669834794,407
54,MAX-052,2,7,83,362,231,176,1008151634,29,217798953554,407
54,MAX-052,2,7,83,362,231,176,1008151634,30,218928072314,407
54,MAX-052,2,7,83,362,231,176,1008151634,31,220057191074,407
54,MAX-052,2,7,83,362,231,176,1008151634,32,221186309834,407
54,MAX-052,2,7,83,362,231,176,1008151634,33,222315428594,407
54,MAX-052,2,7,83,362,231,176,1008151634,34,223444547354,407
54,MAX-052,2,7,83,362,231,176,1008151634,35,224573666114,407
54,MAX-052,2,7,83,362,231,176,1008151634,36,225702784874,407
54,MAX-052,2,7,83,362,231,176,1008151634,37,226831903634,407
54,MAX-052,2,7,83,362,231,176,1008151634,38,227961022394,407
54,MAX-052,2,7,83,362,231,176,1008151634,39,229090141154,407
54,MAX-052,2,7,83,362,231,176,1008151634,40,230219259914,407
54,MAX-052,2,7,83,362,231,176,1008151634,41,231348378674,407
54,MAX-052,2,7,83,362,231,176,1008151634,42,232477497434,407
54,MAX-052,2,7,83,362,231,176,1008151634,43,233606616194,407
54,MAX-052,2,7,83,362,231,176,1008151634,44,234735734954,407
54,MAX-052,2,7,83,362,231,176,1008151634,45,235864853714,407
54,MAX-052,2,7,83,362,231,176,1008151634,46,236993972474,407
54,MAX-052,2,7,83,362,231,176,1008151634,47,238123091234,407
54,MAX-052,2,7,83,362,231,176,1008151634,48,239252209994,407
54,MAX-052,2,7,83,362,231,176,1008151634,49,240381328754,407
54,MAX-052,2,7,83,362,231,176,1008151634,50,241510447514,407
54,MAX-052,2,7,83,362,231,176,1008151634,51,242639566274,407
54,MAX-052,2,7,83,362,231,176,1008151634,52,243768685034,407
54,MAX-052,2,7,83,362,231,176,1008151634,53,244897803794,407
54,MAX-052,2,7,83,362,231,176,1008151634,54,246026922554,407
55,MAX-053,2,7,83,385,231,176,811783154,0,184858141034,407
55,MAX-053,2,7,83,385,231,176,811783154,1,185987259794,407
55,MAX-053,2,7,83,385,231,176,811783154,2,187116378554,407
55,MAX-053,2,7,83,385,231,176,811783154,3,188245497314,407
55,MAX-053,2,7,83,385,231,176,811783154,4,189374616074,407
55,MAX-053,2,7,83,385,231,176,811783154,5,190503734834,407
55,MAX-053,2,7,83,385,231,176,811783154,6,191632853594,407
55,MAX-053,2,7,83,385,231,176,811783154,7,192761972354,407
55,MAX-053,2,7,83,385,231,176,811783154,8,193891091114,407
55,MAX-053,2,7,83,385,231,176,811783154,9,195020209874,407
55,MAX-053,2,7,83,385,231,176,811783154,10,196149328634,407
55,MAX-053,2,7,83,385,231,176,811783154,11,197278447394,407
55,MAX-053,2,7,83,385,231,176,811783154,12,198407566154,407
55,MAX-053,2,7,83,385,231,176,811783154,13,199536684914,407
55,MAX-053,2,7,83,385,231,176,811783154,14,200665803674,407
55,MAX-053,2,7,83,385,231,176,811783154,15,201794922434,407
55,MAX-053,2,7,83,385,231,176,811783154,16,202924041194,407
55,MAX-053,2,7,83,385,231,176,811783154,17,204053159954,407
55,MAX-053,2,7,83,385,231,176,811783154,18,205182278714,407
55,MAX-053,2,7,83,385,231,176,811783154,19,206311397474,407
55,MAX-053,2,7,83,385,231,176,811783154,20,207440516234,407
55,MAX-053,2,7,83,385,231,176,811783154,21,208569634994,407
55,MAX-053,2,7,83,385,231,176,811783154,22,209698753754,407
55,MAX-053,2,7,83,385,231,176,811783154,23,210827872514,407
55,MAX-053,2,7,83,385,231,176,811783154,24,211956991274,407
55,MAX-053,2,7,83,385,231,176,811783154,25,213086110034,407
55,MAX-053,2,7,83,385,231,176,811783154,26,214215228794,407
55,MAX-053,2,7,83,385,231,176,811783154,27,215344347554,407
55,MAX-053,2,7,83,385,231,176,811783154,28,216473466314,407
55,MAX-053,2,7,83,385,231,176,811783154,29,217602585074,407
55,MAX-053,2,7,83,385,231,176,811783154,30,218731703834,407
55,MAX-053,2,7,83,385,231,176,811783154,31,219860822594,407
55,MAX-053,2,7,83,385,231,176,811783154,32,220989941354,407
55,MAX-053,2,7,83,385,231,176,811783154,33,222119060114,407
55,MAX-053,2,7,83,385,231,176,811783154,34,223248178874,407
55,MAX-053,2,7,83,385,231,176,811783154,35,224377297634,407
55,MAX-053,2,7,83,385,231,176,811783154,36,225506416394,407
55,MAX-053,2,7,83,385,231,176,811783154,37,226635535154,407
55,MAX-053,2,7,83,385,231,176,811783154,38,227764653914,407
55,MAX-053,2,7,83,385,231,176,811783154,39,228893772674,407
55,MAX-053,2,7,83,385,231,176,811783154,40,230022891434,407
55,MAX-053,2,7,83,385,231,176,811783154,41,231152010194,407
55,MAX-053,2,7,83,385,231,176,811783154,42,232281128954,407
55,MAX-053,2,7,83,385,231,176,811783154,43,233410247714,407
55,MAX-053,2,7,83,385,231,176,811783154,44,234539366474,407
55,MAX-053,2,7,83,385,231,176,811783154,45,235668485234,407
55,MAX-053,2,7,83,385,231,176,811783154,46,236797603994,407
55,MAX-053,2,7,83,385,231,176,811783154,47,237926722754,407
55,MAX-053,2,7,83,385,231,176,811783154,48,239055841514,407
55,MAX-053,2,7,83,385,231,176,811783154,49,240184960274,407
55,MAX-053,2,7,83,385,231,176,811783154,50,241314079034,407
55,MAX-053,2,7,83,385,231,176,811783154,51,242443197794,407
55,MAX-053,2,7,83,385,231,176,811783154,52,243572316554,407
55,MAX-053,2,7,83,385,231,176,811783154,53,244701435314,407
55,MAX-053,2,7,83,385,231,176,811783154,54,245830554074,407
56,MAX-054,2,7,83,431,231,176,419046194,0,184465404074,407
56,MAX-054,2,7,83,431,231,176,419046194,1,185594522834,407
56,MAX-054,2,7,83,431,231,176,419046194,2,186723641594,407
56,MAX-054,2,7,83,431,231,176,419046194,3,187852760354,407
56,MAX-054,2,7,83,431,231,176,419046194,4,188981879114,407
56,MAX-054,2,7,83,431,231,176,419046194,5,190110997874,407
56,MAX-054,2,7,83,431,231,176,419046194,6,191240116634,407
56,MAX-054,2,7,83,431,231,176,419046194,7,192369235394,407
56,MAX-054,2,7,83,431,231,176,419046194,8,193498354154,407
56,MAX-054,2,7,83,431,231,176,419046194,9,194627472914,407
56,MAX-054,2,7,83,431,231,176,419046194,10,195756591674,407
56,MAX-054,2,7,83,431,231,176,419046194,11,196885710434,407
56,MAX-054,2,7,83,431,231,176,419046194,12,198014829194,407
56,MAX-054,2,7,83,431,231,176,419046194,13,199143947954,407
56,MAX-054,2,7,83,431,231,176,419046194,14,200273066714,407
56,MAX-054,2,7,83,431,231,176,419046194,15,201402185474,407
56,MAX-054,2,7,83,431,231,176,419046194,16,202531304234,407
56,MAX-054,2,7,83,431,231,176,419046194,17,203660422994,407
56,MAX-054,2,7,83,431,231,176,419046194,18,204789541754,407
56,MAX-054,2,7,83,431,231,176,419046194,19,205918660514,407
56,MAX-054,2,7,83,431,231,176,419046194,20,207047779274,407
56,MAX-054,2,7,83,431,231,176,419046194,21,208176898034,407
56,MAX-054,2,7,83,431,231,176,419046194,22,209306016794,407
56,MAX-054,2,7,83,431,231,176,419046194,23,210435135554,407
56,MAX-054,2,7,83,431,231,176,419046194,24,211564254314,407
56,MAX-054,2,7,83,431,231,176,419046194,25,212693373074,407
56,MAX-054,2,7,83,431,231,176,419046194,26,213822491834,407
56,MAX-054,2,7,83,431,231,176,419046194,27,214951610594,407
56,MAX-054,2,7,83,431,231,176,419046194,28,216080729354,407
56,MAX-054,2,7,83,431,231,176,419046194,29,217209848114,407
56,MAX-054,2,7,83,431,231,176,419046194,30,218338966874,407
56,MAX-054,2,7,83,431,231,176,419046194,31,219468085634,407
56,MAX-054,2,7,83,431,231,176,419046194,32,220597204394,407
56,MAX-054,2,7,83,431,231,176,419046194,33,221726323154,407
56,MAX-054,2,7,83,431,231,176,419046194,34,222855441914,407
56,MAX-054,2,7,83,431,231,176,419046194,35,223984560674,407
56,MAX-054,2,7,83,431,231,176,419046194,36,225113679434,407
56,MAX-054,2,7,83,431,231,176,419046194,37,226242798194,407
56,MAX-054,2,7,83,431,231,176,419046194,38,227371916954,407
56,MAX-054,2,7,83,431,231,176,419046194,39,228501035714,407
56,MAX-054,2,7,83,431,231,176,419046194,40,229630154474,407
56,MAX-054,2,7,83,431,231,176,419046194,41,230759273234,407
56,MAX-054,2,7,83,431,231,176,419046194,42,231888391994,407
56,MAX-054,2,7,83,431,231,176,419046194,43,233017510754,407
56,MAX-054,2,7,83,431,231,176,419046194,44,234146629514,407
56,MAX-054,2,7,83,431,231,176,419046194,45,235275748274,407
56,MAX-054,2,7,83,431,231,176,419046194,46,236404867034,407
56,MAX-054,2,7,83,431,231,176,419046194,47,237533985794,407
56,MAX-054,2,7,83,431,231,176,419046194,48,238663104554,407
56,MAX-054,2,7,83,431,231,176,419046194,49,239792223314,407
56,MAX-054,2,7,83,431,231,176,419046194,50,240921342074,407
56,MAX-054,2,7,83,431,231,176,419046194,51,242050460834,407
56,MAX-054,2,7,83,431,231,176,419046194,52,243179579594,407
56,MAX-054,2,7,83,431,231,176,419046194,53,244308698354,407
56,MAX-054,2,7,83,431,231,176,419046194,54,245437817114,407
56,MAX-054,2,7,83,431,231,176,419046194,55,246566935874,407
57,MAX-055,2,7,83,454,231,176,222677714,0,184269035594,407
57,MAX-055,2,7,83,454,231,176,222677714,1,185398154354,407
57,MAX-055,2,7,83,454,231,176,222677714,2,186527273114,407
57,MAX-055,2,7,83,454,231,176,222677714,3,187656391874,407
57,MAX-055,2,7,83,454,231,176,222677714,4,188785510634,407
57,MAX-055,2,7,83,454,231,176,222677714,5,189914629394,407
57,MAX-055,2,7,83,454,231,176,222677714,6,191043748154,407
57,MAX-055,2,7,83,454,231,176,222677714,7,192172866914,407
57,MAX-055,2,7,83,454,231,176,222677714,8,193301985674,407
57,MAX-055,2,7,83,454,231,176,222677714,9,194431104434,407
57,MAX-055,2,7,83,454,231,176,222677714,10,195560223194,407
57,MAX-055,2,7,83,454,231,176,222677714,11,196689341954,407
57,MAX-055,2,7,83,454,231,176,222677714,12,197818460714,407
57,MAX-055,2,7,83,454,231,176,222677714,13,198947579474,407
57,MAX-055,2,7,83,454,231,176,222677714,14,200076698234,407
57,MAX-055,2,7,83,454,231,176,222677714,15,201205816994,407
57,MAX-055,2,7,83,454,231,176,222677714,16,202334935754,407
57,MAX-055,2,7,83,454,231,176,222677714,17,203464054514,407
57,MAX-055,2,7,83,454,231,176,222677714,18,204593173274,407
57,MAX-055,2,7,83,454,231,176,222677714,19,205722292034,407
57,MAX-055,2,7,83,454,231,176,222677714,20,206851410794,407
57,MAX-055,2,7,83,454,231,176,222677714,21,207980529554,407
57,MAX-055,2,7,83,454,231,176,222677714,22,209109648314,407
57,MAX-055,2,7,83,454,231,176,222677714,23,210238767074,407
57,MAX-055,2,7,83,454,231,176,222677714,24,211367885834,407
57,MAX-055,2,7,83,454,231,176,222677714,25,212497004594,407
57,MAX-055,2,7,83,454,231,176,222677714,26,213626123354,407
57,MAX-055,2,7,83,454,231,176,222677714,27,214755242114,407
57,MAX-055,2,7,83,454,231,176,222677714,28,215884360874,407
57,MAX-055,2,7,83,454,231,176,222677714,29,217013479634,407
57,MAX-055,2,7,83,454,231,176,222677714,30,218142598394,407
57,MAX-055,2,7,83,454,231,176,222677714,31,219271717154,407
57,MAX-055,2,7,83,454,231,176,222677714,32,220400835914,407
57,MAX-055,2,7,83,454,231,176,222677714,33,221529954674,407
57,MAX-055,2,7,83,454,231,176,222677714,34,222659073434,407
57,MAX-055,2,7,83,454,231,176,222677714,35,223788192194,407
57,MAX-055,2,7,83,454,231,176,222677714,36,224917310954,407
57,MAX-055,2,7,83,454,231,176,222677714,37,226046429714,407
57,MAX-055,2,7,83,454,231,176,222677714,38,227175548474,407
57,MAX-055,2,7,83,454,231,176,222677714,39,228304667234,407
57,MAX-055,2,7,83,454,231,176,222677714,40,229433785994,407
57,MAX-055,2,7,83,454,231,176,222677714,41,230562904754,407
57,MAX-055,2,7,83,454,231,176,222677714,42,231692023514,407
57,MAX-055,2,7,83,454,231,176,222677714,43,232821142274,407
57,MAX-055,2,7,83,454,231,176,222677714,44,233950261034,407
57,MAX-055,2,7,83,454,231,176,222677714,45,235079379794,407
57,MAX-055,2,7,83,454,231,176,222677714,46,236208498554,407
57,MAX-055,2,7,83,454,231,176,222677714,47,237337617314,407
57,MAX-055,2,7,83,454,231,176,222677714,48,238466736074,407
57,MAX-055,2,7,83,454,231,176,222677714,49,239595854834,407
57,MAX-055,2,7,83,454,231,176,222677714,50,240724973594,407
57,MAX-055,2,7,83,454,231,176,222677714,51,241854092354,407
57,MAX-055,2,7,83,454,231,176,222677714,52,242983211114,407
57,MAX-055,2,7,83,454,231,176,222677714,53,244112329874,407
57,MAX-055,2,7,83,454,231,176,222677714,54,245241448634,407
57,MAX-055,2,7,83,454,231,176,222677714,55,246370567394,407
58,MAX-056,2,7,83,523,231,176,762691034,0,184809048914,407
58,MAX-056,2,7,83,523,231,176,762691034,1,185938167674,407
58,MAX-056,2,7,83,523,231,176,762691034,2,187067286434,407
58,MAX-056,2,7,83,523,231,176,762691034,3,188196405194,407
58,MAX-056,2,7,83,523,231,176,762691034,4,189325523954,407
58,MAX-056,2,7,83,523,231,176,762691034,5,190454642714,407
58,MAX-056,2,7,83,523,231,176,762691034,6,191583761474,407
58,MAX-056,2,7,83,523,231,176,762691034,7,192712880234,407
58,MAX-056,2,7,83,523,231,176,762691034,8,193841998994,407
58,MAX-056,2,7,83,523,231,176,762691034,9,194971117754,407
58,MAX-056,2,7,83,523,231,176,762691034,10,196100236514,407
58,MAX-056,2,7,83,523,231,176,762691034,11,197229355274,407
58,MAX-056,2,7,83,523,231,176,762691034,12,198358474034,407
58,MAX-056,2,7,83,523,231,176,762691034,13,199487592794,407
58,MAX-056,2,7,83,523,231,176,762691034,14,200616711554,407
58,MAX-056,2,7,83,523,231,176,762691034,15,201745830314,407
58,MAX-056,2,7,83,523,231,176,762691034,16,202874949074,407
58,MAX-056,2,7,83,523,231,176,762691034,17,204004067834,407
58,MAX-056,2,7,83,523,231,176,762691034,18,205133186594,407
58,MAX-056,2,7,83,523,231,176,762691034,19,206262305354,407
58,MAX-056,2,7,83,523,231,176,762691034,20,207391424114,407
58,MAX-056,2,7,83,523,231,176,762691034,21,208520542874,407
58,MAX-056,2,7,83,523,231,176,762691034,22,209649661634,407
58,MAX-056,2,7,83,523,231,176,762691034,23,210778780394,407
58,MAX-056,2,7,83,523,231,176,762691034,24,211907899154,407
58,MAX-056,2,7,83,523,231,176,762691034,25,213037017914,407
58,MAX-056,2,7,83,523,231,176,762691034,26,214166136674,407
58,MAX-056,2,7,83,523,231,176,762691034,27,215295255434,407
58,MAX-056,2,7,83,523,231,176,762691034,28,216424374194,407
58,MAX-056,2,7,83,523,231,176,762691034,29,217553492954,407
58,MAX-056,2,7,83,523,231,176,762691034,30,218682611714,407
58,MAX-056,2,7,83,523,231,176,762691034,31,219811730474,407
58,MAX-056,2,7,83,523,231,176,762691034,32,220940849234,407
58,MAX-056,2,7,83,523,231,176,762691034,33,222069967994,407
58,MAX-056,2,7,83,523,231,176,762691034,34,223199086754,407
58,MAX-056,2,7,83,523,231,176,762691034,35,224328205514,407
58,MAX-056,2,7,83,523,231,176,762691034,36,225457324274,407
58,MAX-056,2,7,83,523,231,176,762691034,37,226586443034,407
58,MAX-056,2,7,83,523,231,176,762691034,38,227715561794,407
58,MAX-056,2,7,83,523,231,176,762691034,39,228844680554,407
58,MAX-056,2,7,83,523,231,176,762691034,40,229973799314,407
58,MAX-056,2,7,83,523,231,176,762691034,41,231102918074,407
58,MAX-056,2,7,83,523,231,176,762691034,42,232232036834,407
58,MAX-056,2,7,83,523,231,176,762691034,43,233361155594,407
58,MAX-056,2,7,83,523,231,176,762691034,44,234490274354,407
58,MAX-056,2,7,83,523,231,176,762691034,45,235619393114,407
58,MAX-056,2,7,83,523,231,176,762691034,46,236748511874,407
58,MAX-056,2,7,83,523,231,176,762691034,47,237877630634,407
58,MAX-056,2,7,83,523,231,176,762691034,48,239006749394,407
58,MAX-056,2,7,83,523,231,176,762691034,49,240135868154,407
58,MAX-056,2,7,83,523,231,176,762691034,50,241264986914,407
58,MAX-056,2,7,83,523,231,176,762691034,51,242394105674,407
58,MAX-056,2,7,83,523,231,176,762691034,52,243523224434,407
58,MAX-056,2,7,83,523,231,176,762691034,53,244652343194,407
58,MAX-056,2,7,83,523,231,176,762691034,54,245781461954,407
59,MAX-057,2,7,94,17,231,176,258381074,0,184304738954,407
59,MAX-057,2,7,94,17,231,176,258381074,1,185433857714,407
59,MAX-057,2,7,94,17,231,176,258381074,2,186562976474,407
59,MAX-057,2,7,94,17,231,176,258381074,3,187692095234,407
59,MAX-057,2,7,94,17,231,176,258381074,4,188821213994,407
59,MAX-057,2,7,94,17,231,176,258381074,5,189950332754,407
59,MAX-057,2,7,94,17,231,176,258381074,6,191079451514,407
59,MAX-057,2,7,94,17,231,176,258381074,7,192208570274,407
59,MAX-057,2,7,94,17,231,176,258381074,8,193337689034,407
59,MAX-057,2,7,94,17,231,176,258381074,9,194466807794,407
59,MAX-057,2,7,94,17,231,176,258381074,10,195595926554,407
59,MAX-057,2,7,94,17,231,176,258381074,11,196725045314,407
59,MAX-057,2,7,94,17,231,176,258381074,12,197854164074,407
59,MAX-057,2,7,94,17,231,176,258381074,13,198983282834,407
59,MAX-057,2,7,94,17,231,176,258381074,14,200112401594,407
59,MAX-057,2,7,94,17,231,176,258381074,15,201241520354,407
59,MAX-057,2,7,94,17,231,176,258381074,16,202370639114,407
59,MAX-057,2,7,94,17,231,176,258381074,17,203499757874,407
59,MAX-057,2,7,94,17,231,176,258381074,18,204628876634,407
59,MAX-057,2,7,94,17,231,176,258381074,19,205757995394,407
59,MAX-057,2,7,94,17,231,176,258381074,20,206887114154,407
59,MAX-057,2,7,94,17,231,176,258381074,21,208016232914,407
59,MAX-057,2,7,94,17,231,176,258381074,22,209145351674,407
59,MAX-057,2,7,94,17,231,176,258381074,23,210274470434,407
59,MAX-057,2,7,94,17,231,176,258381074,24,211403589194,407
59,MAX-057,2,7,94,17,231,176,258381074,25,212532707954,407
59,MAX-057,2,7,94,17,231,176,258381074,26,213661826714,407
59,MAX-057,2,7,94,17,231,176,258381074,27,214790945474,407
59,MAX-057,2,7,94,17,231,176,258381074,28,215920064234,407
59,MAX-057,2,7,94,17,231,176,258381074,29,217049182994,407
59,MAX-057,2,7,94,17,231,176,258381074,30,218178301754,407
59,MAX-057,2,7,94,17,231,176,258381074,31,219307420514,407
59,MAX-057,2,7,94,17,231,176,258381074,32,220436539274,407
59,MAX-057,2,7,94,17,231,176,258381074,33,221565658034,407
59,MAX-057,2,7,94,17,231,176,258381074,34,222694776794,407
59,MAX-057,2,7,94,17,231,176,258381074,35,223823895554,407
59,MAX-057,2,7,94,17,231,176,258381074,36,224953014314,407
59,MAX-057,2,7,94,17,231,176,258381074,37,226082133074,407
59,MAX-057,2,7,94,17,231,176,258381074,38,227211251834,407
59,MAX-057,2,7,94,17,231,176,258381074,39,228340370594,407
59,MAX-057,2,7,94,17,231,176,258381074,40,229469489354,407
59,MAX-057,2,7,94,17,231,176,258381074,41,230598608114,407
59,MAX-057,2,7,94,17,231,176,258381074,42,231727726874,407
59,MAX-057,2,7,94,17,231,176,258381074,43,232856845634,407
59,MAX-057,2,7,94,17,231,176,258381074,44,233985964394,407
59,MAX-057,2,7,94,17,231,176,258381074,45,235115083154,407
59,MAX-057,2,7,94,17,231,176,258381074,46,236244201914,407
59,MAX-057,2,7,94,17,231,176,258381074,47,237373320674,407
59,MAX-057,2,7,94,17,231,176,258381074,48,238502439434,407
59,MAX-057,2,7,94,17,231,176,258381074,49,239631558194,407
59,MAX-057,2,7,94,17,231,176,258381074,50,240760676954,407
59,MAX-057,2,7,94,17,231,176,258381074,51,241889795714,407
59,MAX-057,2,7,94,17,231,176,258381074,52,243018914474,407
59,MAX-057,2,7,94,17,231,176,258381074,53,244148033234,407
59,MAX-057,2,7,94,17,231,176,258381074,54,245277151994,407
59,MAX-057,2,7,94,17,231,176,258381074,55,246406270754,407
60,MAX-058,2,7,94,40,231,176,62012594,0,184108370474,407
60,MAX-058,2,7,94,40,231,176,62012594,1,185237489234,407
60,MAX-058,2,7,94,40,231,176,62012594,2,186366607994,407
60,MAX-058,2,7,94,40,231,176,62012594,3,187495726754,407
60,MAX-058,2,7,94,40,231,176,62012594,4,188624845514,407
60,MAX-058,2,7,94,40,231,176,62012594,5,189753964274,407
60,MAX-058,2,7,94,40,231,176,62012594,6,190883083034,407
60,MAX-058,2,7,94,40,231,176,62012594,7,192012201794,407
60,MAX-058,2,7,94,40,231,176,62012594,8,193141320554,407
60,MAX-058,2,7,94,40,231,176,62012594,9,194270439314,407
60,MAX-058,2,7,94,40,231,176,62012594,10,195399558074,407
60,MAX-058,2,7,94,40,231,176,62012594,11,196528676834,407
60,MAX-058,2,7,94,40,231,176,62012594,12,197657795594,407
60,MAX-058,2,7,94,40,231,176,62012594,13,198786914354,407
60,MAX-058,2,7,94,40,231,176,62012594,14,199916033114,407
60,MAX-058,2,7,94,40,231,176,62012594,15,201045151874,407
60,MAX-058,2,7,94,40,231,176,62012594,16,202174270634,407
60,MAX-058,2,7,94,40,231,176,62012594,17,203303389394,407
60,MAX-058,2,7,94,40,231,176,62012594,18,204432508154,407
60,MAX-058,2,7,94,40,231,176,62012594,19,205561626914,407
60,MAX-058,2,7,94,40,231,176,62012594,20,206690745674,407
60,MAX-058,2,7,94,40,231,176,62012594,21,207819864434,407
60,MAX-058,2,7,94,40,231,176,62012594,22,208948983194,407
60,MAX-058,2,7,94,40,231,176,62012594,23,210078101954,407
60,MAX-058,2,7,94,40,231,176,62012594,24,211207220714,407
60,MAX-058,2,7,94,40,231,176,62012594,25,212336339474,407
60,MAX-058,2,7,94,40,231,176,62012594,26,213465458234,407
60,MAX-058,2,7,94,40,231,176,62012594,27,214594576994,407
60,MAX-058,2,7,94,40,231,176,62012594,28,215723695754,407
60,MAX-058,2,7,94,40,231,176,62012594,29,216852814514,407
60,MAX-058,2,7,94,40,231,176,62012594,30,217981933274,407
60,MAX-058,2,7,94,40,231,176,62012594,31,219111052034,407
60,MAX-058,2,7,94,40,231,176,62012594,32,220240170794,407
60,MAX-058,2,7,94,40,231,176,62012594,33,221369289554,407
60,MAX-058,2,7,94,40,231,176,62012594,34,222498408314,407
60,MAX-058,2,7,94,40,231,176,62012594,35,223627527074,407
60,MAX-058,2,7,94,40,231,176,62012594,36,224756645834,407
60,MAX-058,2,7,94,40,231,176,62012594,37,225885764594,407
60,MAX-058,2,7,94,40,231,176,62012594,38,227014883354,407
60,MAX-058,2,7,94,40,231,176,62012594,39,228144002114,407
60,MAX-058,2,7,94,40,231,176,62012594,40,229273120874,407
60,MAX-058,2,7,94,40,231,176,62012594,41,230402239634,407
60,MAX-058,2,7,94,40,231,176,62012594,42,231531358394,407
60,MAX-058,2,7,94,40,231,176,62012594,43,232660477154,407
60,MAX-058,2,7,94,40,231,176,62012594,44,233789595914,407
60,MAX-058,2,7,94,40,231,176,62012594,45,234918714674,407
60,MAX-058,2,7,94,40,231,176,62012594,46,236047833434,407
60,MAX-058,2,7,94,40,231,176,62012594,47,237176952194,407
60,MAX-058,2,7,94,40,231,176,62012594,48,238306070954,407
60,MAX-058,2,7,94,40,231,176,62012594,49,239435189714,407
60,MAX-058,2,7,94,40,231,176,62012594,50,240564308474,407
60,MAX-058,2,7,94,40,231,176,62012594,51,241693427234,407
60,MAX-058,2,7,94,40,231,176,62012594,52,242822545994,407
60,MAX-058,2,7,94,40,231,176,62012594,53,243951664754,407
60,MAX-058,2,7,94,40,231,176,62012594,54,245080783514,407
60,MAX-058,2,7,94,40,231,176,62012594,55,246209902274,407
61,MAX-059,2,7,94,109,231,176,602025914,0,184648383794,407
61,MAX-059,2,7,94,109,231,176,602025914,1,185777502554,407
61,MAX-059,2,7,94,109,231,176,602025914,2,186906621314,407
61,MAX-059,2,7,94,109,231,176,602025914,3,188035740074,407
61,MAX-059,2,7,94,109,231,176,602025914,4,189164858834,407
61,MAX-059,2,7,94,109,231,176,602025914,5,190293977594,407
61,MAX-059,2,7,94,109,231,176,602025914,6,191423096354,407
61,MAX-059,2,7,94,109,231,176,602025914,7,192552215114,407
61,MAX-059,2,7,94,109,231,176,602025914,8,193681333874,407
61,MAX-059,2,7,94,109,231,176,602025914,9,194810452634,407
61,MAX-059,2,7,94,109,231,176,602025914,10,195939571394,407
61,MAX-059,2,7,94,109,231,176,602025914,11,197068690154,407
61,MAX-059,2,7,94,109,231,176,602025914,12,198197808914,407
61,MAX-059,2,7,94,109,231,176,602025914,13,199326927674,407
61,MAX-059,2,7,94,109,231,176,602025914,14,200456046434,407
61,MAX-059,2,7,94,109,231,176,602025914,15,201585165194,407
61,MAX-059,2,7,94,109,231,176,602025914,16,202714283954,407
61,MAX-059,2,7,94,109,231,176,602025914,17,203843402714,407
61,MAX-059,2,7,94,109,231,176,602025914,18,204972521474,407
61,MAX-059,2,7,94,109,231,176,602025914,19,206101640234,407
61,MAX-059,2,7,94,109,231,176,602025914,20,207230758994,407
61,MAX-059,2,7,94,109,231,176,602025914,21,208359877754,407
61,MAX-059,2,7,94,109,231,176,602025914,22,209488996514,407
61,MAX-059,2,7,94,109,231,176,602025914,23,210618115274,407
61,MAX-059,2,7,94,109,231,176,602025914,24,211747234034,407
61,MAX-059,2,7,94,109,231,176,602025914,25,212876352794,407
61,MAX-059,2,7,94,109,231,176,602025914,26,214005471554,407
61,MAX-059,2,7,94,109,231,176,602025914,27,215134590314,407
61,MAX-059,2,7,94,109,231,176,602025914,28,216263709074,407
61,MAX-059,2,7,94,109,231,176,602025914,29,217392827834,407
61,MAX-059,2,7,94,109,231,176,602025914,30,218521946594,407
61,MAX-059,2,7,94,109,231,176,602025914,31,219651065354,407
61,MAX-059,2,7,94,109,231,176,602025914,32,220780184114,407
61,MAX-059,2,7,94,109,231,176,602025914,33,221909302874,407
61,MAX-059,2,7,94,109,231,176,602025914,34,223038421634,407
61,MAX-059,2,7,94,109,231,176,602025914,35,224167540394,407
61,MAX-059,2,7,94,109,231,176,602025914,36,225296659154,407
61,MAX-059,2,7,94,109,231,176,602025914,37,226425777914,407
61,MAX-059,2,7,94,109,231,176,602025914,38,227554896674,407
61,MAX-059,2,7,94,109,231,176,602025914,39,228684015434,407
61,MAX-059,2,7,94,109,231,176,602025914,40,229813134194,407
61,MAX-059,2,7,94,109,231,176,602025914,41,230942252954,407
61,MAX-059,2,7,94,109,231,176,602025914,42,232071371714,407
61,MAX-059,2,7,94,109,231,176,602025914,43,233200490474,407
61,MAX-059,2,7,94,109,231,176,602025914,44,234329609234,407
61,MAX-059,2,7,94,109,231,176,602025914,45,235458727994,407
61,MAX-059,2,7,94,109,231,176,602025914,46,236587846754,407
61,MAX-059,2,7,94,109,231,176,602025914,47,237716965514,407
61,MAX-059,2,7,94,109,231,176,602025914,48,238846084274,407
61,MAX-059,2,7,94,109,231,176,602025914,49,239975203034,407
61,MAX-059,2,7,94,109,231,176,602025914,50,241104321794,407
61,MAX-059,2,7,94,109,231,176,602025914,51,242233440554,407
61,MAX-059,2,7,94,109,231,176,602025914,52,243362559314,407
61,MAX-059,2,7,94,109,231,176,602025914,53,244491678074,407
61,MAX-059,2,7,94,109,231,176,602025914,54,245620796834,407
62,MAX-060,2,7,94,178,231,176,12920474,0,184059278354,407
62,MAX-060,2,7,94,178,231,176,12920474,1,185188397114,407
62,MAX-060,2,7,94,178,231,176,12920474,2,186317515874,407
62,MAX-060,2,7,94,178,231,176,12920474,3,187446634634,407
62,MAX-060,2,7,94,178,231,176,12920474,4,188575753394,407
62,MAX-060,2,7,94,178,231,176,12920474,5,189704872154,407
62,MAX-060,2,7,94,178,231,176,12920474,6,190833990914,407
62,MAX-060,2,7,94,178,231,176,12920474,7,191963109674,407
62,MAX-060,2,7,94,178,231,176,12920474,8,193092228434,407
62,MAX-060,2,7,94,178,231,176,12920474,9,194221347194,407
62,MAX-060,2,7,94,178,231,176,12920474,10,195350465954,407
62,MAX-060,2,7,94,178,231,176,12920474,11,196479584714,407
62,MAX-060,2,7,94,178,231,176,12920474,12,197608703474,407
62,MAX-060,2,7,94,178,231,176,12920474,13,198737822234,407
62,MAX-060,2,7,94,178,231,176,12920474,14,199866940994,407
62,MAX-060,2,7,94,178,231,176,12920474,15,200996059754,407
62,MAX-060,2,7,94,178,231,176,12920474,16,202125178514,407
62,MAX-060,2,7,94,178,231,176,12920474,17,203254297274,407
62,MAX-060,2,7,94,178,231,176,12920474,18,204383416034,407
62,MAX-060,2,7,94,178,231,176,12920474,19,205512534794,407
62,MAX-060,2,7,94,178,231,176,12920474,20,206641653554,407
62,MAX-060,2,7,94,178,231,176,12920474,21,207770772314,407
62,MAX-060,2,7,94,178,231,176,12920474,22,208899891074,407
62,MAX-060,2,7,94,178,231,176,12920474,23,210029009834,407
62,MAX-060,2,7,94,178,231,176,12920474,24,211158128594,407
62,MAX-060,2,7,94,178,231,176,12920474,25,212287247354,407
62,MAX-060,2,7,94,178,231,176,12920474,26,213416366114,407
62,MAX-060,2,7,94,178,231,176,12920474,27,214545484874,407
62,MAX-060,2,7,94,178,231,176,12920474,28,215674603634,407
62,MAX-060,2,7,94,178,231,176,12920474,29,216803722394,407
62,MAX-060,2,7,94,178,231,176,12920474,30,217932841154,407
62,MAX-060,2,7,94,178,231,176,12920474,31,219061959914,407
62,MAX-060,2,7,94,178,231,176,12920474,32,220191078674,407
62,MAX-060,2,7,94,178,231,176,12920474,33,221320197434,407
62,MAX-060,2,7,94,178,231,176,12920474,34,222449316194,407
62,MAX-060,2,7,94,178,231,176,12920474,35,223578434954,407
62,MAX-060,2,7,94,178,231,176,12920474,36,224707553714,407
62,MAX-060,2,7,94,178,231,176,12920474,37,225836672474,407
62,MAX-060,2,7,94,178,231,176,12920474,38,226965791234,407
62,MAX-060,2,7,94,178,231,176,12920474,39,228094909994,407
62,MAX-060,2,7,94,178,231,176,12920474,40,229224028754,407
62,MAX-060,2,7,94,178,231,176,12920474,41,230353147514,407
62,MAX-060,2,7,94,178,231,176,12920474,42,231482266274,407
62,MAX-060,2,7,94,178,231,176,12920474,43,232611385034,407
62,MAX-060,2,7,94,178,231,176,12920474,44,233740503794,407
62,MAX-060,2,7,94,178,231,176,12920474,45,234869622554,407
62,MAX-060,2,7,94,178,231,176,12920474,46,235998741314,407
62,MAX-060,2,7,94,178,231,176,12920474,47,237127860074,407
62,MAX-060,2,7,94,178,231,176,12920474,48,238256978834,407
62,MAX-060,2,7,94,178,231,176,12920474,49,239386097594,407
62,MAX-060,2,7,94,178,231,176,12920474,50,240515216354,407
62,MAX-060,2,7,94,178,231,176,12920474,51,241644335114,407
62,MAX-060,2,7,94,178,231,176,12920474,52,242773453874,407
62,MAX-060,2,7,94,178,231,176,12920474,53,243902572634,407
62,MAX-060,2,7,94,178,231,176,12920474,54,245031691394,407
62,MAX-060,2,7,94,178,231,176,12920474,55,246160810154,407
63,MAX-061,2,7,94,224,231,176,749302274,0,184795660154,407
63,MAX-061,2,7,94,224,231,176,749302274,1,185924778914,407
63,MAX-061,2,7,94,224,231,176,749302274,2,187053897674,407
63,MAX-061,2,7,94,224,231,176,749302274,3,188183016434,407
63,MAX-061,2,7,94,224,231,176,749302274,4,189312135194,407
63,MAX-061,2,7,94,224,231,176,749302274,5,190441253954,407
63,MAX-061,2,7,94,224,231,176,749302274,6,191570372714,407
63,MAX-061,2,7,94,224,231,176,749302274,7,192699491474,407
63,MAX-061,2,7,94,224,231,176,749302274,8,193828610234,407
63,MAX-061,2,7,94,224,231,176,749302274,9,194957728994,407
63,MAX-061,2,7,94,224,231,176,749302274,10,196086847754,407
63,MAX-061,2,7,94,224,231,176,749302274,11,197215966514,407
63,MAX-061,2,7,94,224,231,176,749302274,12,198345085274,407
63,MAX-061,2,7,94,224,231,176,749302274,13,199474204034,407
63,MAX-061,2,7,94,224,231,176,749302274,14,200603322794,407
63,MAX-061,2,7,94,224,231,176,749302274,15,201732441554,407
63,MAX-061,2,7,94,224,231,176,749302274,16,202861560314,407
63,MAX-061,2,7,94,224,231,176,749302274,17,203990679074,407
63,MAX-061,2,7,94,224,231,176,749302274,18,205119797834,407
63,MAX-061,2,7,94,224,231,176,749302274,19,206248916594,407
63,MAX-061,2,7,94,224,231,176,749302274,20,207378035354,407
63,MAX-061,2,7,94,224,231,176,749302274,21,208507154114,407
63,MAX-061,2,7,94,224,231,176,749302274,22,209636272874,407
63,MAX-061,2,7,94,224,231,176,749302274,23,210765391634,407
63,MAX-061,2,7,94,224,231,176,749302274,24,211894510394,407
63,MAX-061,2,7,94,224,231,176,749302274,25,213023629154,407
63,MAX-061,2,7,94,224,231,176,749302274,26,214152747914,407
63,MAX-061,2,7,94,224,231,176,749302274,27,215281866674,407
63,MAX-061,2,7,94,224,231,176,749302274,28,216410985434,407
63,MAX-061,2,7,94,224,231,176,749302274,29,217540104194,407
63,MAX-061,2,7,94,224,231,176,749302274,30,218669222954,407
63,MAX-061,2,7,94,224,231,176,749302274,31,219798341714,407
63,MAX-061,2,7,94,224,231,176,749302274,32,220927460474,407
63,MAX-061,2,7,94,224,231,176,749302274,33,222056579234,407
63,MAX-061,2,7,94,224,231,176,749302274,34,223185697994,407
63,MAX-061,2,7,94,224,231,176,749302274,35,224314816754,407
63,MAX-061,2,7,94,224,231,176,749302274,36,225443935514,407
63,MAX-061,2,7,94,224,231,176,749302274,37,226573054274,407
63,MAX-061,2,7,94,224,231,176,749302274,38,227702173034,407
63,MAX-061,2,7,94,224,231,176,749302274,39,228831291794,407
63,MAX-061,2,7,94,224,231,176,749302274,40,229960410554,407
63,MAX-061,2,7,94,224,231,176,749302274,41,231089529314,407
63,MAX-061,2,7,94,224,231,176,749302274,42,232218648074,407
63,MAX-061,2,7,94,224,231,176,749302274,43,233347766834,407
63,MAX-061,2,7,94,224,231,176,749302274,44,234476885594,407
63,MAX-061,2,7,94,224,231,176,749302274,45,235606004354,407
63,MAX-061,2,7,94,224,231,176,749302274,46,236735123114,407
63,MAX-061,2,7,94,224,231,176,749302274,47,237864241874,407
63,MAX-061,2,7,94,224,231,176,749302274,48,238993360634,407
63,MAX-061,2,7,94,224,231,176,749302274,49,240122479394,407
63,MAX-061,2,7,94,224,231,176,749302274,50,241251598154,407
63,MAX-061,2,7,94,224,231,176,749302274,51,242380716914,407
63,MAX-061,2,7,94,224,231,176,749302274,52,243509835674,407
63,MAX-061,2,7,94,224,231,176,749302274,53,244638954434,407
63,MAX-061,2,7,94,224,231,176,749302274,54,245768073194,407
64,MAX-062,2,7,94,247,231,176,552933794,0,184599291674,407
64,MAX-062,2,7,94,247,231,176,552933794,1,185728410434,407
64,MAX-062,2,7,94,247,231,176,552933794,2,186857529194,407
64,MAX-062,2,7,94,247,231,176,552933794,3,187986647954,407
64,MAX-062,2,7,94,247,231,176,552933794,4,189115766714,407
64,MAX-062,2,7,94,247,231,176,552933794,5,190244885474,407
64,MAX-062,2,7,94,247,231,176,552933794,6,191374004234,407
64,MAX-062,2,7,94,247,231,176,552933794,7,192503122994,407
64,MAX-062,2,7,94,247,231,176,552933794,8,193632241754,407
64,MAX-062,2,7,94,247,231,176,552933794,9,194761360514,407
64,MAX-062,2,7,94,247,231,176,552933794,10,195890479274,407
64,MAX-062,2,7,94,247,231,176,552933794,11,197019598034,407
64,MAX-062,2,7,94,247,231,176,552933794,12,198148716794,407
64,MAX-062,2,7,94,247,231,176,552933794,13,199277835554,407
64,MAX-062,2,7,94,247,231,176,552933794,14,200406954314,407
64,MAX-062,2,7,94,247,231,176,552933794,15,201536073074,407
64,MAX-062,2,7,94,247,231,176,552933794,16,202665191834,407
64,MAX-062,2,7,94,247,231,176,552933794,17,203794310594,407
64,MAX-062,2,7,94,247,231,176,552933794,18,204923429354,407
64,MAX-062,2,7,94,247,231,176,552933794,19,206052548114,407
64,MAX-062,2,7,94,247,231,176,552933794,20,207181666874,407
64,MAX-062,2,7,94,247,231,176,552933794,21,208310785634,407
64,MAX-062,2,7,94,247,231,176,552933794,22,209439904394,407
64,MAX-062,2,7,94,247,231,176,552933794,23,210569023154,407
64,MAX-062,2,7,94,247,231,176,552933794,24,211698141914,407
64,MAX-062,2,7,94,247,231,176,552933794,25,212827260674,407
64,MAX-062,2,7,94,247,231,176,552933794,26,213956379434,407
64,MAX-062,2,7,94,247,231,176,552933794,27,215085498194,407
64,MAX-062,2,7,94,247,231,176,552933794,28,216214616954,407
64,MAX-062,2,7,94,247,231,176,552933794,29,217343735714,407
64,MAX-062,2,7,94,247,231,176,552933794,30,218472854474,407
64,MAX-062,2,7,94,247,231,176,552933794,31,219601973234,407
64,MAX-062,2,7,94,247,231,176,552933794,32,220731091994,407
64,MAX-062,2,7,94,247,231,176,552933794,33,221860210754,407
64,MAX-062,2,7,94,247,231,176,552933794,34,222989329514,407
64,MAX-062,2,7,94,247,231,176,552933794,35,224118448274,407
64,MAX-062,2,7,94,247,231,176,552933794,36,225247567034,407
64,MAX-062,2,7,94,247,231,176,552933794,37,226376685794,407
64,MAX-062,2,7,94,247,231,176,552933794,38,227505804554,407
64,MAX-062,2,7,94,247,231,176,552933794,39,228634923314,407
64,MAX-062,2,7,94,247,231,176,552933794,40,229764042074,407
64,MAX-062,2,7,94,247,231,176,552933794,41,230893160834,407
64,MAX-062,2,7,94,247,231,176,552933794,42,232022279594,407
64,MAX-062,2,7,94,247,231,176,552933794,43,233151398354,407
64,MAX-062,2,7,94,247,231,176,552933794,44,234280517114,407
64,MAX-062,2,7,94,247,231,176,552933794,45,235409635874,407
64,MAX-062,2,7,94,247,231,176,552933794,46,236538754634,407
64,MAX-062,2,7,94,247,231,176,552933794,47,237667873394,407
64,MAX-062,2,7,94,247,231,176,552933794,48,238796992154,407
64,MAX-062,2,7,94,247,231,176,552933794,49,239926110914,407
64,MAX-062,2,7,94,247,231,176,552933794,50,241055229674,407
64,MAX-062,2,7,94,247,231,176,552933794,51,242184348434,407
64,MAX-062,2,7,94,247,231,176,552933794,52,243313467194,407
64,MAX-062,2,7,94,247,231,176,552933794,53,244442585954,407
64,MAX-062,2,7,94,247,231,176,552933794,54,245571704714,407
64,MAX-062,2,7,94,247,231,176,552933794,55,246700823474,407
65,MAX-063,2,7,94,270,231,176,356565314,0,184402923194,407
65,MAX-063,2,7,94,270,231,176,356565314,1,185532041954,407
65,MAX-063,2,7,94,270,231,176,356565314,2,186661160714,407
65,MAX-063,2,7,94,270,231,176,356565314,3,187790279474,407
65,MAX-063,2,7,94,270,231,176,356565314,4,188919398234,407
65,MAX-063,2,7,94,270,231,176,356565314,5,190048516994,407
65,MAX-063,2,7,94,270,231,176,356565314,6,191177635754,407
65,MAX-063,2,7,94,270,231,176,356565314,7,192306754514,407
65,MAX-063,2,7,94,270,231,176,356565314,8,193435873274,407
65,MAX-063,2,7,94,270,231,176,356565314,9,194564992034,407
65,MAX-063,2,7,94,270,231,176,356565314,10,195694110794,407
65,MAX-063,2,7,94,270,231,176,356565314,11,196823229554,407
65,MAX-063,2,7,94,270,231,176,356565314,12,197952348314,407
65,MAX-063,2,7,94,270,231,176,356565314,13,199081467074,407
65,MAX-063,2,7,94,270,231,176,356565314,14,200210585834,407
65,MAX-063,2,7,94,270,231,176,356565314,15,201339704594,407
65,MAX-063,2,7,94,270,231,176,356565314,16,202468823354,407
65,MAX-063,2,7,94,270,231,176,356565314,17,203597942114,407
65,MAX-063,2,7,94,270,231,176,356565314,18,204727060874,407
65,MAX-063,2,7,94,270,231,176,356565314,19,205856179634,407
65,MAX-063,2,7,94,270,231,176,356565314,20,206985298394,407
65,MAX-063,2,7,94,270,231,176,356565314,21,208114417154,407
65,MAX-063,2,7,94,270,231,176,356565314,22,209243535914,407
65,MAX-063,2,7,94,270,231,176,356565314,23,210372654674,407
65,MAX-063,2,7,94,270,231,176,356565314,24,211501773434,407
65,MAX-063,2,7,94,270,231,176,356565314,25,212630892194,407
65,MAX-063,2,7,94,270,231,176,356565314,26,213760010954,407
65,MAX-063,2,7,94,270,231,176,356565314,27,214889129714,407
65,MAX-063,2,7,94,270,231,176,356565314,28,216018248474,407
65,MAX-063,2,7,94,270,231,176,356565314,29,217147367234,407
65,MAX-063,2,7,94,270,231,176,356565314,30,218276485994,407
65,MAX-063,2,7,94,270,231,176,356565314,31,219405604754,407
65,MAX-063,2,7,94,270,231,176,356565314,32,220534723514,407
65,MAX-063,2,7,94,270,231,176,356565314,33,221663842274,407
65,MAX-063,2,7,94,270,231,176,356565314,34,222792961034,407
65,MAX-063,2,7,94,270,231,176,356565314,35,223922079794,407
65,MAX-063,2,7,94,270,231,176,356565314,36,225051198554,407
65,MAX-063,2,7,94,270,231,176,356565314,37,226180317314,407
65,MAX-063,2,7,94,270,231,176,356565314,38,227309436074,407
65,MAX-063,2,7,94,270,231,176,356565314,39,228438554834,407
65,MAX-063,2,7,94,270,231,176,356565314,40,229567673594,407
65,MAX-063,2,7,94,270,231,176,356565314,41,230696792354,407
65,MAX-063,2,7,94,270,231,176,356565314,42,231825911114,407
65,MAX-063,2,7,94,270,231,176,356565314,43,232955029874,407
65,MAX-063,2,7,94,270,231,176,356565314,44,234084148634,407
65,MAX-063,2,7,94,270,231,176,356565314,45,235213267394,407
65,MAX-063,2,7,94,270,231,176,356565314,46,236342386154,407
65,MAX-063,2,7,94,270,231,176,356565314,47,237471504914,407
65,MAX-063,2,7,94,270,231,176,356565314,48,238600623674,407
65,MAX-063,2,7,94,270,231,176,356565314,49,239729742434,407
65,MAX-063,2,7,94,270,231,176,356565314,50,240858861194,407
65,MAX-063,2,7,94,270,231,176,356565314,51,241987979954,407
65,MAX-063,2,7,94,270,231,176,356565314,52,243117098714,407
65,MAX-063,2,7,94,270,231,176,356565314,53,244246217474,407
65,MAX-063,2,7,94,270,231,176,356565314,54,245375336234,407
65,MAX-063,2,7,94,270,231,176,356565314,55,246504454994,407
66,MAX-064,2,7,94,316,231,176,1092947114,0,184010186234,407
66,MAX-064,2,7,94,316,231,176,1092947114,1,185139304994,407
66,MAX-064,2,7,94,316,231,176,1092947114,2,186268423754,407
66,MAX-064,2,7,94,316,231,176,1092947114,3,187397542514,407
66,MAX-064,2,7,94,316,231,176,1092947114,4,188526661274,407
66,MAX-064,2,7,94,316,231,176,1092947114,5,189655780034,407
66,MAX-064,2,7,94,316,231,176,1092947114,6,190784898794,407
66,MAX-064,2,7,94,316,231,176,1092947114,7,191914017554,407
66,MAX-064,2,7,94,316,231,176,1092947114,8,193043136314,407
66,MAX-064,2,7,94,316,231,176,1092947114,9,194172255074,407
66,MAX-064,2,7,94,316,231,176,1092947114,10,195301373834,407
66,MAX-064,2,7,94,316,231,176,1092947114,11,196430492594,407
66,MAX-064,2,7,94,316,231,176,1092947114,12,197559611354,407
66,MAX-064,2,7,94,316,231,176,1092947114,13,198688730114,407
66,MAX-064,2,7,94,316,231,176,1092947114,14,199817848874,407
66,MAX-064,2,7,94,316,231,176,1092947114,15,200946967634,407
66,MAX-064,2,7,94,316,231,176,1092947114,16,202076086394,407
66,MAX-064,2,7,94,316,231,176,1092947114,17,203205205154,407
66,MAX-064,2,7,94,316,231,176,1092947114,18,204334323914,407
66,MAX-064,2,7,94,316,231,176,1092947114,19,205463442674,407
66,MAX-064,2,7,94,316,231,176,1092947114,20,206592561434,407
66,MAX-064,2,7,94,316,231,176,1092947114,21,207721680194,407
66,MAX-064,2,7,94,316,231,176,1092947114,22,208850798954,407
66,MAX-064,2,7,94,316,231,176,1092947114,23,209979917714,407
66,MAX-064,2,7,94,316,231,176,1092947114,24,211109036474,407
66,MAX-064,2,7,94,316,231,176,1092947114,25,212238155234,407
66,MAX-064,2,7,94,316,231,176,1092947114,26,213367273994,407
66,MAX-064,2,7,94,316,231,176,1092947114,27,214496392754,407
66,MAX-064,2,7,94,316,231,176,1092947114,28,215625511514,407
66,MAX-064,2,7,94,316,231,176,1092947114,29,216754630274,407
66,MAX-064,2,7,94,316,231,176,1092947114,30,217883749034,407
66,MAX-064,2,7,94,316,231,176,1092947114,31,219012867794,407
66,MAX-064,2,7,94,316,231,176,1092947114,32,220141986554,407
66,MAX-064,2,7,94,316,231,176,1092947114,33,221271105314,407
66,MAX-064,2,7,94,316,231,176,1092947114,34,222400224074,407
66,MAX-064,2,7,94,316,231,176,1092947114,35,223529342834,407
66,MAX-064,2,7,94,316,231,176,1092947114,36,224658461594,407
66,MAX-064,2,7,94,316,231,176,1092947114,37,225787580354,407
66,MAX-064,2,7,94,316,231,176,1092947114,38,226916699114,407
66,MAX-064,2,7,94,316,231,176,1092947114,39,228045817874,407
66,MAX-064,2,7,94,316,231,176,1092947114,40,229174936634,407
66,MAX-064,2,7,94,316,231,176,1092947114,41,230304055394,407
66,MAX-064,2,7,94,316,231,176,1092947114,42,231433174154,407
66,MAX-064,2,7,94,316,231,176,1092947114,43,232562292914,407
66,MAX-064,2,7,94,316,231,176,1092947114,44,233691411674,407
66,MAX-064,2,7,94,316,231,176,1092947114,45,234820530434,407
66,MAX-064,2,7,94,316,231,176,1092947114,46,235949649194,407
66,MAX-064,2,7,94,316,231,176,1092947114,47,237078767954,407
66,MAX-064,2,7,94,316,231,176,1092947114,48,238207886714,407
66,MAX-064,2,7,94,316,231,176,1092947114,49,239337005474,407
66,MAX-064,2,7,94,316,231,176,1092947114,50,240466124234,407
66,MAX-064,2,7,94,316,231,176,1092947114,51,241595242994,407
66,MAX-064,2,7,94,316,231,176,1092947114,52,242724361754,407
66,MAX-064,2,7,94,316,231,176,1092947114,53,243853480514,407
66,MAX-064,2,7,94,316,231,176,1092947114,54,244982599274,407
66,MAX-064,2,7,94,316,231,176,1092947114,55,246111718034,407
67,MAX-065,2,7,94,339,231,176,896578634,0,184942936514,407
67,MAX-065,2,7,94,339,231,176,896578634,1,186072055274,407
67,MAX-065,2,7,94,339,231,176,896578634,2,187201174034,407
67,MAX-065,2,7,94,339,231,176,896578634,3,188330292794,407
67,MAX-065,2,7,94,339,231,176,896578634,4,189459411554,407
67,MAX-065,2,7,94,339,231,176,896578634,5,190588530314,407
67,MAX-065,2,7,94,339,231,176,896578634,6,191717649074,407
67,MAX-065,2,7,94,339,231,176,896578634,7,192846767834,407
67,MAX-065,2,7,94,339,231,176,896578634,8,193975886594,407
67,MAX-065,2,7,94,339,231,176,896578634,9,195105005354,407
67,MAX-065,2,7,94,339,231,176,896578634,10,196234124114,407
67,MAX-065,2,7,94,339,231,176,896578634,11,197363242874,407
67,MAX-065,2,7,94,339,231,176,896578634,12,198492361634,407
67,MAX-065,2,7,94,339,231,176,896578634,13,199621480394,407
67,MAX-065,2,7,94,339,231,176,896578634,14,200750599154,407
67,MAX-065,2,7,94,339,231,176,896578634,15,201879717914,407
67,MAX-065,2,7,94,339,231,176,896578634,16,203008836674,407
67,MAX-065,2,7,94,339,231,176,896578634,17,204137955434,407
67,MAX-065,2,7,94,339,231,176,896578634,18,205267074194,407
67,MAX-065,2,7,94,339,231,176,896578634,19,206396192954,407
67,MAX-065,2,7,94,339,231,176,896578634,20,207525311714,407
67,MAX-065,2,7,94,339,231,176,896578634,21,208654430474,407
67,MAX-065,2,7,94,339,231,176,896578634,22,209783549234,407
67,MAX-065,2,7,94,339,231,176,896578634,23,210912667994,407
67,MAX-065,2,7,94,339,231,176,896578634,24,212041786754,407
67,MAX-065,2,7,94,339,231,176,896578634,25,213170905514,407
67,MAX-065,2,7,94,339,231,176,896578634,26,214300024274,407
67,MAX-065,2,7,94,339,231,176,896578634,27,215429143034,407
67,MAX-065,2,7,94,339,231,176,896578634,28,216558261794,407
67,MAX-065,2,7,94,339,231,176,896578634,29,217687380554,407
67,MAX-065,2,7,94,339,231,176,896578634,30,218816499314,407
67,MAX-065,2,7,94,339,231,176,896578634,31,219945618074,407
67,MAX-065,2,7,94,339,231,176,896578634,32,221074736834,407
67,MAX-065,2,7,94,339,231,176,896578634,33,222203855594,407
67,MAX-065,2,7,94,339,231,176,896578634,34,223332974354,407
67,MAX-065,2,7,94,339,231,176,896578634,35,224462093114,407
67,MAX-065,2,7,94,339,231,176,896578634,36,225591211874,407
67,MAX-065,2,7,94,339,231,176,896578634,37,226720330634,407
67,MAX-065,2,7,94,339,231,176,896578634,38,227849449394,407
67,MAX-065,2,7,94,339,231,176,896578634,39,228978568154,407
67,MAX-065,2,7,94,339,231,176,896578634,40,230107686914,407
67,MAX-065,2,7,94,339,231,176,896578634,41,231236805674,407
67,MAX-065,2,7,94,339,231,176,896578634,42,232365924434,407
67,MAX-065,2,7,94,339,231,176,896578634,43,233495043194,407
67,MAX-065,2,7,94,339,231,176,896578634,44,234624161954,407
67,MAX-065,2,7,94,339,231,176,896578634,45,235753280714,407
67,MAX-065,2,7,94,339,231,176,896578634,46,236882399474,407
67,MAX-065,2,7,94,339,231,176,896578634,47,238011518234,407
67,MAX-065,2,7,94,339,231,176,896578634,48,239140636994,407
67,MAX-065,2,7,94,339,231,176,896578634,49,240269755754,407
67,MAX-065,2,7,94,339,231,176,896578634,50,241398874514,407
67,MAX-065,2,7,94,339,231,176,896578634,51,242527993274,407
67,MAX-065,2,7,94,339,231,176,896578634,52,243657112034,407
67,MAX-065,2,7,94,339,231,176,896578634,53,244786230794,407
67,MAX-065,2,7,94,339,231,176,896578634,54,245915349554,407
68,MAX-066,2,7,94,362,231,176,700210154,0,184746568034,407
68,MAX-066,2,7,94,362,231,176,700210154,1,185875686794,407
68,MAX-066,2,7,94,362,231,176,700210154,2,187004805554,407
68,MAX-066,2,7,94,362,231,176,700210154,3,188133924314,407
68,MAX-066,2,7,94,362,231,176,700210154,4,189263043074,407
68,MAX-066,2,7,94,362,231,176,700210154,5,190392161834,407
68,MAX-066,2,7,94,362,231,176,700210154,6,191521280594,407
68,MAX-066,2,7,94,362,231,176,700210154,7,192650399354,407
68,MAX-066,2,7,94,362,231,176,700210154,8,193779518114,407
68,MAX-066,2,7,94,362,231,176,700210154,9,194908636874,407
68,MAX-066,2,7,94,362,231,176,700210154,10,196037755634,407
68,MAX-066,2,7,94,362,231,176,700210154,11,197166874394,407
68,MAX-066,2,7,94,362,231,176,700210154,12,198295993154,407
68,MAX-066,2,7,94,362,231,176,700210154,13,199425111914,407
68,MAX-066,2,7,94,362,231,176,700210154,14,200554230674,407
68,MAX-066,2,7,94,362,231,176,700210154,15,201683349434,407
68,MAX-066,2,7,94,362,231,176,700210154,16,202812468194,407
68,MAX-066,2,7,94,362,231,176,700210154,17,203941586954,407
68,MAX-066,2,7,94,362,231,176,700210154,18,205070705714,407
68,MAX-066,2,7,94,362,231,176,700210154,19,206199824474,407
68,MAX-066,2,7,94,362,231,176,700210154,20,207328943234,407
68,MAX-066,2,7,94,362,231,176,700210154,21,208458061994,407
68,MAX-066,2,7,94,362,231,176,700210154,22,209587180754,407
68,MAX-066,2,7,94,362,231,176,700210154,23,210716299514,407
68,MAX-066,2,7,94,362,231,176,700210154,24,211845418274,407
68,MAX-066,2,7,94,362,231,176,700210154,25,212974537034,407
68,MAX-066,2,7,94,362,231,176,700210154,26,214103655794,407
68,MAX-066,2,7,94,362,231,176,700210154,27,215232774554,407
68,MAX-066,2,7,94,362,231,176,700210154,28,216361893314,407
68,MAX-066,2,7,94,362,231,176,700210154,29,217491012074,407
68,MAX-066,2,7,94,362,231,176,700210154,30,218620130834,407
68,MAX-066,2,7,94,362,231,176,700210154,31,219749249594,407
68,MAX-066,2,7,94,362,231,176,700210154,32,220878368354,407
68,MAX-066,2,7,94,362,231,176,700210154,33,222007487114,407
68,MAX-066,2,7,94,362,231,176,700210154,34,223136605874,407
68,MAX-066,2,7,94,362,231,176,700210154,35,224265724634,407
68,MAX-066,2,7,94,362,231,176,700210154,36,225394843394,407
68,MAX-066,2,7,94,362,231,176,700210154,37,226523962154,407
68,MAX-066,2,7,94,362,231,176,700210154,38,227653080914,407
68,MAX-066,2,7,94,362,231,176,700210154,39,228782199674,407
68,MAX-066,2,7,94,362,231,176,700210154,40,229911318434,407
68,MAX-066,2,7,94,362,231,176,700210154,41,231040437194,407
68,MAX-066,2,7,94,362,231,176,700210154,42,232169555954,407
68,MAX-066,2,7,94,362,231,176,700210154,43,233298674714,407
68,MAX-066,2,7,94,362,231,176,700210154,44,234427793474,407
68,MAX-066,2,7,94,362,231,176,700210154,45,235556912234,407
68,MAX-066,2,7,94,362,231,176,700210154,46,236686030994,407
68,MAX-066,2,7,94,362,231,176,700210154,47,237815149754,407
68,MAX-066,2,7,94,362,231,176,700210154,48,238944268514,407
68,MAX-066,2,7,94,362,231,176,700210154,49,240073387274,407
68,MAX-066,2,7,94,362,231,176,700210154,50,241202506034,407
68,MAX-066,2,7,94,362,231,176,700210154,51,242331624794,407
68,MAX-066,2,7,94,362,231,176,700210154,52,243460743554,407
68,MAX-066,2,7,94,362,231,176,700210154,53,244589862314,407
68,MAX-066,2,7,94,362,231,176,700210154,54,245718981074,407
69,MAX-067,2,7,94,385,231,176,503841674,0,184550199554,407
69,MAX-067,2,7,94,385,231,176,503841674,1,185679318314,407
69,MAX-067,2,7,94,385,231,176,503841674,2,186808437074,407
69,MAX-067,2,7,94,385,231,176,503841674,3,187937555834,407
69,MAX-067,2,7,94,385,231,176,503841674,4,189066674594,407
69,MAX-067,2,7,94,385,231,176,503841674,5,190195793354,407
69,MAX-067,2,7,94,385,231,176,503841674,6,191324912114,407
69,MAX-067,2,7,94,385,231,176,503841674,7,192454030874,407
69,MAX-067,2,7,94,385,231,176,503841674,8,193583149634,407
69,MAX-067,2,7,94,385,231,176,503841674,9,194712268394,407
69,MAX-067,2,7,94,385,231,176,503841674,10,195841387154,407
69,MAX-067,2,7,94,385,231,176,503841674,11,196970505914,407
69,MAX-067,2,7,94,385,231,176,503841674,12,198099624674,407
69,MAX-067,2,7,94,385,231,176,503841674,13,199228743434,407
69,MAX-067,2,7,94,385,231,176,503841674,14,200357862194,407
69,MAX-067,2,7,94,385,231,176,503841674,15,201486980954,407
69,MAX-067,2,7,94,385,231,176,503841674,16,202616099714,407
69,MAX-067,2,7,94,385,231,176,503841674,17,203745218474,407
69,MAX-067,2,7,94,385,231,176,503841674,18,204874337234,407
69,MAX-067,2,7,94,385,231,176,503841674,19,206003455994,407
69,MAX-067,2,7,94,385,231,176,503841674,20,207132574754,407
69,MAX-067,2,7,94,385,231,176,503841674,21,208261693514,407
69,MAX-067,2,7,94,385,231,176,503841674,22,209390812274,407
69,MAX-067,2,7,94,385,231,176,503841674,23,210519931034,407
69,MAX-067,2,7,94,385,231,176,503841674,24,211649049794,407
69,MAX-067,2,7,94,385,231,176,503841674,25,212778168554,407
69,MAX-067,2,7,94,385,231,176,503841674,26,213907287314,407
69,MAX-067,2,7,94,385,231,176,503841674,27,215036406074,407
69,MAX-067,2,7,94,385,231,176,503841674,28,216165524834,407
69,MAX-067,2,7,94,385,231,176,503841674,29,217294643594,407
69,MAX-067,2,7,94,385,231,176,503841674,30,218423762354,407
69,MAX-067,2,7,94,385,231,176,503841674,31,219552881114,407
69,MAX-067,2,7,94,385,231,176,503841674,32,220681999874,407
69,MAX-067,2,7,94,385,231,176,503841674,33,221811118634,407
69,MAX-067,2,7,94,385,231,176,503841674,34,222940237394,407
69,MAX-067,2,7,94,385,231,176,503841674,35,224069356154,407
69,MAX-067,2,7,94,385,231,176,503841674,36,225198474914,407
69,MAX-067,2,7,94,385,231,176,503841674,37,226327593674,407
69,MAX-067,2,7,94,385,231,176,503841674,38,227456712434,407
69,MAX-067,2,7,94,385,231,176,503841674,39,228585831194,407
69,MAX-067,2,7,94,385,231,176,503841674,40,229714949954,407
69,MAX-067,2,7,94,385,231,176,503841674,41,230844068714,407
69,MAX-067,2,7,94,385,231,176,503841674,42,231973187474,407
69,MAX-067,2,7,94,385,231,176,503841674,43,233102306234,407
69,MAX-067,2,7,94,385,231,176,503841674,44,234231424994,407
69,MAX-067,2,7,94,385,231,176,503841674,45,235360543754,407
69,MAX-067,2,7,94,385,231,176,503841674,46,236489662514,407
69,MAX-067,2,7,94,385,231,176,503841674,47,237618781274,407
69,MAX-067,2,7,94,385,231,176,503841674,48,238747900034,407
69,MAX-067,2,7,94,385,231,176,503841674,49,239877018794,407
69,MAX-067,2,7,94,385,231,176,503841674,50,241006137554,407
69,MAX-067,2,7,94,385,231,176,503841674,51,242135256314,407
69,MAX-067,2,7,94,385,231,176,503841674,52,243264375074,407
69,MAX-067,2,7,94,385,231,176,503841674,53,244393493834,407
69,MAX-067,2,7,94,385,231,176,503841674,54,245522612594,407
69,MAX-067,2,7,94,385,231,176,503841674,55,246651731354,407
70,MAX-068,2,7,94,431,231,176,111104714,0,184157462594,407
70,MAX-068,2,7,94,431,231,176,111104714,1,185286581354,407
70,MAX-068,2,7,94,431,231,176,111104714,2,186415700114,407
70,MAX-068,2,7,94,431,231,176,111104714,3,187544818874,407
70,MAX-068,2,7,94,431,231,176,111104714,4,188673937634,407
70,MAX-068,2,7,94,431,231,176,111104714,5,189803056394,407
70,MAX-068,2,7,94,431,231,176,111104714,6,190932175154,407
70,MAX-068,2,7,94,431,231,176,111104714,7,192061293914,407
70,MAX-068,2,7,94,431,231,176,111104714,8,193190412674,407
70,MAX-068,2,7,94,431,231,176,111104714,9,194319531434,407
70,MAX-068,2,7,94,431,231,176,111104714,10,195448650194,407
70,MAX-068,2,7,94,431,231,176,111104714,11,196577768954,407
70,MAX-068,2,7,94,431,231,176,111104714,12,197706887714,407
70,MAX-068,2,7,94,431,231,176,111104714,13,198836006474,407
70,MAX-068,2,7,94,431,231,176,111104714,14,199965125234,407
70,MAX-068,2,7,94,431,231,176,111104714,15,201094243994,407
70,MAX-068,2,7,94,431,231,176,111104714,16,202223362754,407
70,MAX-068,2,7,94,431,231,176,111104714,17,203352481514,407
70,MAX-068,2,7,94,431,231,176,111104714,18,204481600274,407
70,MAX-068,2,7,94,431,231,176,111104714,19,205610719034,407
70,MAX-068,2,7,94,431,231,176,111104714,20,206739837794,407
70,MAX-068,2,7,94,431,231,176,111104714,21,207868956554,407
70,MAX-068,2,7,94,431,231,176,111104714,22,208998075314,407
70,MAX-068,2,7,94,431,231,176,111104714,23,210127194074,407
70,MAX-068,2,7,94,431,231,176,111104714,24,211256312834,407
70,MAX-068,2,7,94,431,231,176,111104714,25,212385431594,407
70,MAX-068,2,7,94,431,231,176,111104714,26,213514550354,407
70,MAX-068,2,7,94,431,231,176,111104714,27,214643669114,407
70,MAX-068,2,7,94,431,231,176,111104714,28,215772787874,407
70,MAX-068,2,7,94,431,231,176,111104714,29,216901906634,407
70,MAX-068,2,7,94,431,231,176,111104714,30,218031025394,407
70,MAX-068,2,7,94,431,231,176,111104714,31,219160144154,407
70,MAX-068,2,7,94,431,231,176,111104714,32,220289262914,407
70,MAX-068,2,7,94,431,231,176,111104714,33,221418381674,407
70,MAX-068,2,7,94,431,231,176,111104714,34,222547500434,407
70,MAX-068,2,7,94,431,231,176,111104714,35,223676619194,407
70,MAX-068,2,7,94,431,231,176,111104714,36,224805737954,407
70,MAX-068,2,7,94,431,231,176,111104714,37,225934856714,407
70,MAX-068,2,7,94,431,231,176,111104714,38,227063975474,407
70,MAX-068,2,7,94,431,231,176,111104714,39,228193094234,407
70,MAX-068,2,7,94,431,231,176,111104714,40,229322212994,407
70,MAX-068,2,7,94,431,231,176,111104714,41,230451331754,407
70,MAX-068,2,7,94,431,231,176,111104714,42,231580450514,407
70,MAX-068,2,7,94,431,231,176,111104714,43,232709569274,407
70,MAX-068,2,7,94,431,231,176,111104714,44,233838688034,407
70,MAX-068,2,7,94,431,231,176,111104714,45,234967806794,407
70,MAX-068,2,7,94,431,231,176,111104714,46,236096925554,407
70,MAX-068,2,7,94,431,231,176,111104714,47,237226044314,407
70,MAX-068,2,7,94,431,231,176,111104714,48,238355163074,407
70,MAX-068,2,7,94,431,231,176,111104714,49,239484281834,407
70,MAX-068,2,7,94,431,231,176,111104714,50,240613400594,407
70,MAX-068,2,7,94,431,231,176,111104714,51,241742519354,407
70,MAX-068,2,7,94,431,231,176,111104714,52,242871638114,407
70,MAX-068,2,7,94,431,231,176,111104714,53,244000756874,407
70,MAX-068,2,7,94,431,231,176,111104714,54,245129875634,407
70,MAX-068,2,7,94,431,231,176,111104714,55,246258994394,407
71,MAX-069,2,7,94,454,231,176,1043854994,0,185090212874,407
71,MAX-069,2,7,94,454,231,176,1043854994,1,186219331634,407
71,MAX-069,2,7,94,454,231,176,1043854994,2,187348450394,407
71,MAX-069,2,7,94,454,231,176,1043854994,3,188477569154,407
71,MAX-069,2,7,94,454,231,176,1043854994,4,189606687914,407
71,MAX-069,2,7,94,454,231,176,1043854994,5,190735806674,407
71,MAX-069,2,7,94,454,231,176,1043854994,6,191864925434,407
71,MAX-069,2,7,94,454,231,176,1043854994,7,192994044194,407
71,MAX-069,2,7,94,454,231,176,1043854994,8,194123162954,407
71,MAX-069,2,7,94,454,231,176,1043854994,9,195252281714,407
71,MAX-069,2,7,94,454,231,176,1043854994,10,196381400474,407
71,MAX-069,2,7,94,454,231,176,1043854994,11,197510519234,407
71,MAX-069,2,7,94,454,231,176,1043854994,12,198639637994,407
71,MAX-069,2,7,94,454,231,176,1043854994,13,199768756754,407
71,MAX-069,2,7,94,454,231,176,1043854994,14,200897875514,407
71,MAX-069,2,7,94,454,231,176,1043854994,15,202026994274,407
71,MAX-069,2,7,94,454,231,176,1043854994,16,203156113034,407
71,MAX-069,2,7,94,454,231,176,1043854994,17,204285231794,407
71,MAX-069,2,7,94,454,231,176,1043854994,18,205414350554,407
71,MAX-069,2,7,94,454,231,176,1043854994,19,206543469314,407
71,MAX-069,2,7,94,454,231,176,1043854994,20,207672588074,407
71,MAX-069,2,7,94,454,231,176,1043854994,21,208801706834,407
71,MAX-069,2,7,94,454,231,176,1043854994,22,209930825594,407
71,MAX-069,2,7,94,454,231,176,1043854994,23,211059944354,407
71,MAX-069,2,7,94,454,231,176,1043854994,24,212189063114,407
71,MAX-069,2,7,94,454,231,176,1043854994,25,213318181874,407
71,MAX-069,2,7,94,454,231,176,1043854994,26,214447300634,407
71,MAX-069,2,7,94,454,231,176,1043854994,27,215576419394,407
71,MAX-069,2,7,94,454,231,176,1043854994,28,216705538154,407
71,MAX-069,2,7,94,454,231,176,1043854994,29,217834656914,407
71,MAX-069,2,7,94,454,231,176,1043854994,30,218963775674,407
71,MAX-069,2,7,94,454,231,176,1043854994,31,220092894434,407
71,MAX-069,2,7,94,454,231,176,1043854994,32,221222013194,407
71,MAX-069,2,7,94,454,231,176,1043854994,33,222351131954,407
71,MAX-069,2,7,94,454,231,176,1043854994,34,223480250714,407
71,MAX-069,2,7,94,454,231,176,1043854994,35,224609369474,407
71,MAX-069,2,7,94,454,231,176,1043854994,36,225738488234,407
71,MAX-069,2,7,94,454,231,176,1043854994,37,226867606994,407
71,MAX-069,2,7,94,454,231,176,1043854994,38,227996725754,407
71,MAX-069,2,7,94,454,231,176,1043854994,39,229125844514,407
71,MAX-069,2,7,94,454,231,176,1043854994,40,230254963274,407
71,MAX-069,2,7,94,454,231,176,1043854994,41,231384082034,407
71,MAX-069,2,7,94,454,231,176,1043854994,42,232513200794,407
71,MAX-069,2,7,94,454,231,176,1043854994,43,233642319554,407
71,MAX-069,2,7,94,454,231,176,1043854994,44,234771438314,407
71,MAX-069,2,7,94,454,231,176,1043854994,45,235900557074,407
71,MAX-069,2,7,94,454,231,176,1043854994,46,237029675834,407
71,MAX-069,2,7,94,454,231,176,1043854994,47,238158794594,407
71,MAX-069,2,7,94,454,231,176,1043854994,48,239287913354,407
71,MAX-069,2,7,94,454,231,176,1043854994,49,240417032114,407
71,MAX-069,2,7,94,454,231,176,1043854994,50,241546150874,407
71,MAX-069,2,7,94,454,231,176,1043854994,51,242675269634,407
71,MAX-069,2,7,94,454,231,176,1043854994,52,243804388394,407
71,MAX-069,2,7,94,454,231,176,1043854994,53,244933507154,407
71,MAX-069,2,7,94,454,231,176,1043854994,54,246062625914,407
72,MAX-070,2,7,94,523,231,176,454749554,0,184501107434,407
72,MAX-070,2,7,94,523,231,176,454749554,1,185630226194,407
72,MAX-070,2,7,94,523,231,176,454749554,2,186759344954,407
72,MAX-070,2,7,94,523,231,176,454749554,3,187888463714,407
72,MAX-070,2,7,94,523,231,176,454749554,4,189017582474,407
72,MAX-070,2,7,94,523,231,176,454749554,5,190146701234,407
72,MAX-070,2,7,94,523,231,176,454749554,6,191275819994,407
72,MAX-070,2,7,94,523,231,176,454749554,7,192404938754,407
72,MAX-070,2,7,94,523,231,176,454749554,8,193534057514,407
72,MAX-070,2,7,94,523,231,176,454749554,9,194663176274,407
72,MAX-070,2,7,94,523,231,176,454749554,10,195792295034,407
72,MAX-070,2,7,94,523,231,176,454749554,11,196921413794,407
72,MAX-070,2,7,94,523,231,176,454749554,12,198050532554,407
72,MAX-070,2,7,94,523,231,176,454749554,13,199179651314,407
72,MAX-070,2,7,94,523,231,176,454749554,14,200308770074,407
72,MAX-070,2,7,94,523,231,176,454749554,15,201437888834,407
72,MAX-070,2,7,94,523,231,176,454749554,16,202567007594,407
72,MAX-070,2,7,94,523,231,176,454749554,17,203696126354,407
72,MAX-070,2,7,94,523,231,176,454749554,18,204825245114,407
72,MAX-070,2,7,94,523,231,176,454749554,19,205954363874,407
72,MAX-070,2,7,94,523,231,176,454749554,20,207083482634,407
72,MAX-070,2,7,94,523,231,176,454749554,21,208212601394,407
72,MAX-070,2,7,94,523,231,176,454749554,22,209341720154,407
72,MAX-070,2,7,94,523,231,176,454749554,23,210470838914,407
72,MAX-070,2,7,94,523,231,176,454749554,24,211599957674,407
72,MAX-070,2,7,94,523,231,176,454749554,25,212729076434,407
72,MAX-070,2,7,94,523,231,176,454749554,26,213858195194,407
72,MAX-070,2,7,94,523,231,176,454749554,27,214987313954,407
72,MAX-070,2,7,94,523,231,176,454749554,28,216116432714,407
72,MAX-070,2,7,94,523,231,176,454749554,29,217245551474,407
72,MAX-070,2,7,94,523,231,176,454749554,30,218374670234,407
72,MAX-070,2,7,94,523,231,176,454749554,31,219503788994,407
72,MAX-070,2,7,94,523,231,176,454749554,32,220632907754,407
72,MAX-070,2,7,94,523,231,176,454749554,33,221762026514,407
72,MAX-070,2,7,94,523,231,176,454749554,34,222891145274,407
72,MAX-070,2,7,94,523,231,176,454749554,35,224020264034,407
72,MAX-070,2,7,94,523,231,176,454749554,36,225149382794,407
72,MAX-070,2,7,94,523,231,176,454749554,37,226278501554,407
72,MAX-070,2,7,94,523,231,176,454749554,38,227407620314,407
72,MAX-070,2,7,94,523,231,176,454749554,39,228536739074,407
72,MAX-070,2,7,94,523,231,176,454749554,40,229665857834,407
72,MAX-070,2,7,94,523,231,176,454749554,41,230794976594,407
72,MAX-070,2,7,94,523,231,176,454749554,42,231924095354,407
72,MAX-070,2,7,94,523,231,176,454749554,43,233053214114,407
72,MAX-070,2,7,94,523,231,176,454749554,44,234182332874,407
72,MAX-070,2,7,94,523,231,176,454749554,45,235311451634,407
72,MAX-070,2,7,94,523,231,176,454749554,46,236440570394,407
72,MAX-070,2,7,94,523,231,176,454749554,47,237569689154,407
72,MAX-070,2,7,94,523,231,176,454749554,48,238698807914,407
72,MAX-070,2,7,94,523,231,176,454749554,49,239827926674,407
72,MAX-070,2,7,94,523,231,176,454749554,50,240957045434,407
72,MAX-070,2,7,94,523,231,176,454749554,51,242086164194,407
72,MAX-070,2,7,94,523,231,176,454749554,52,243215282954,407
72,MAX-070,2,7,94,523,231,176,454749554,53,244344401714,407
72,MAX-070,2,7,94,523,231,176,454749554,54,245473520474,407
72,MAX-070,2,7,94,523,231,176,454749554,55,246602639234,407
73,MAX-071,2,7,116,17,231,176,771616874,0,184817974754,407
73,MAX-071,2,7,116,17,231,176,771616874,1,185947093514,407
73,MAX-071,2,7,116,17,231,176,771616874,2,187076212274,407
73,MAX-071,2,7,116,17,231,176,771616874,3,188205331034,407
73,MAX-071,2,7,116,17,231,176,771616874,4,189334449794,407
73,MAX-071,2,7,116,17,231,176,771616874,5,190463568554,407
73,MAX-071,2,7,116,17,231,176,771616874,6,191592687314,407
73,MAX-071,2,7,116,17,231,176,771616874,7,192721806074,407
73,MAX-071,2,7,116,17,231,176,771616874,8,193850924834,407
73,MAX-071,2,7,116,17,231,176,771616874,9,194980043594,407
73,MAX-071,2,7,116,17,231,176,771616874,10,196109162354,407
73,MAX-071,2,7,116,17,231,176,771616874,11,197238281114,407
73,MAX-071,2,7,116,17,231,176,771616874,12,198367399874,407
73,MAX-071,2,7,116,17,231,176,771616874,13,199496518634,407
73,MAX-071,2,7,116,17,231,176,771616874,14,200625637394,407
73,MAX-071,2,7,116,17,231,176,771616874,15,201754756154,407
73,MAX-071,2,7,116,17,231,176,771616874,16,202883874914,407
73,MAX-071,2,7,116,17,231,176,771616874,17,204012993674,407
73,MAX-071,2,7,116,17,231,176,771616874,18,205142112434,407
73,MAX-071,2,7,116,17,231,176,771616874,19,206271231194,407
73,MAX-071,2,7,116,17,231,176,771616874,20,207400349954,407
73,MAX-071,2,7,116,17,231,176,771616874,21,208529468714,407
73,MAX-071,2,7,116,17,231,176,771616874,22,209658587474,407
73,MAX-071,2,7,116,17,231,176,771616874,23,210787706234,407
73,MAX-071,2,7,116,17,231,176,771616874,24,211916824994,407
73,MAX-071,2,7,116,17,231,176,771616874,25,213045943754,407
73,MAX-071,2,7,116,17,231,176,771616874,26,214175062514,407
73,MAX-071,2,7,116,17,231,176,771616874,27,215304181274,407
73,MAX-071,2,7,116,17,231,176,771616874,28,216433300034,407
73,MAX-071,2,7,116,17,231,176,771616874,29,217562418794,407
73,MAX-071,2,7,116,17,231,176,771616874,30,218691537554,407
73,MAX-071,2,7,116,17,231,176,771616874,31,219820656314,407
73,MAX-071,2,7,116,17,231,176,771616874,32,220949775074,407
73,MAX-071,2,7,116,17,231,176,771616874,33,222078893834,407
73,MAX-071,2,7,116,17,231,176,771616874,34,223208012594,407
73,MAX-071,2,7,116,17,231,176,771616874,35,224337131354,407
73,MAX-071,2,7,116,17,231,176,771616874,36,225466250114,407
73,MAX-071,2,7,116,17,231,176,771616874,37,226595368874,407
73,MAX-071,2,7,116,17,231,176,771616874,38,227724487634,407
73,MAX-071,2,7,116,17,231,176,771616874,39,228853606394,407
73,MAX-071,2,7,116,17,231,176,771616874,40,229982725154,407
73,MAX-071,2,7,116,17,231,176,771616874,41,231111843914,407
73,MAX-071,2,7,116,17,231,176,771616874,42,232240962674,407
73,MAX-071,2,7,116,17,231,176,771616874,43,233370081434,407
73,MAX-071,2,7,116,17,231,176,771616874,44,234499200194,407
73,MAX-071,2,7,116,17,231,176,771616874,45,235628318954,407
73,MAX-071,2,7,116,17,231,176,771616874,46,236757437714,407
73,MAX-071,2,7,116,17,231,176,771616874,47,237886556474,407
73,MAX-071,2,7,116,17,231,176,771616874,48,239015675234,407
73,MAX-071,2,7,116,17,231,176,771616874,49,240144793994,407
73,MAX-071,2,7,116,17,231,176,771616874,50,241273912754,407
73,MAX-071,2,7,116,17,231,176,771616874,51,242403031514,407
73,MAX-071,2,7,116,17,231,176,771616874,52,243532150274,407
73,MAX-071,2,7,116,17,231,176,771616874,53,244661269034,407
73,MAX-071,2,7,116,17,231,176,771616874,54,245790387794,407
74,MAX-072,2,7,116,40,231,176,575248394,0,184621606274,407
74,MAX-072,2,7,116,40,231,176,575248394,1,185750725034,407
74,MAX-072,2,7,116,40,231,176,575248394,2,186879843794,407
74,MAX-072,2,7,116,40,231,176,575248394,3,188008962554,407
74,MAX-072,2,7,116,40,231,176,575248394,4,189138081314,407
74,MAX-072,2,7,116,40,231,176,575248394,5,190267200074,407
74,MAX-072,2,7,116,40,231,176,575248394,6,191396318834,407
74,MAX-072,2,7,116,40,231,176,575248394,7,192525437594,407
74,MAX-072,2,7,116,40,231,176,575248394,8,193654556354,407
74,MAX-072,2,7,116,40,231,176,575248394,9,194783675114,407
74,MAX-072,2,7,116,40,231,176,575248394,10,195912793874,407
74,MAX-072,2,7,116,40,231,176,575248394,11,197041912634,407
74,MAX-072,2,7,116,40,231,176,575248394,12,198171031394,407
74,MAX-072,2,7,116,40,231,176,575248394,13,199300150154,407
74,MAX-072,2,7,116,40,231,176,575248394,14,200429268914,407
74,MAX-072,2,7,116,40,231,176,575248394,15,201558387674,407
74,MAX-072,2,7,116,40,231,176,575248394,16,202687506434,407
74,MAX-072,2,7,116,40,231,176,575248394,17,203816625194,407
74,MAX-072,2,7,116,40,231,176,575248394,18,204945743954,407
74,MAX-072,2,7,116,40,231,176,575248394,19,206074862714,407
74,MAX-072,2,7,116,40,231,176,575248394,20,207203981474,407
74,MAX-072,2,7,116,40,231,176,575248394,21,208333100234,407
74,MAX-072,2,7,116,40,231,176,575248394,22,209462218994,407
74,MAX-072,2,7,116,40,231,176,575248394,23,210591337754,407
74,MAX-072,2,7,116,40,231,176,575248394,24,211720456514,407
74,MAX-072,2,7,116,40,231,176,575248394,25,212849575274,407
74,MAX-072,2,7,116,40,231,176,575248394,26,213978694034,407
74,MAX-072,2,7,116,40,231,176,575248394,27,215107812794,407
74,MAX-072,2,7,116,40,231,176,575248394,28,216236931554,407
74,MAX-072,2,7,116,40,231,176,575248394,29,217366050314,407
74,MAX-072,2,7,116,40,231,176,575248394,30,218495169074,407
74,MAX-072,2,7,116,40,231,176,575248394,31,219624287834,407
74,MAX-072,2,7,116,40,231,176,575248394,32,220753406594,407
74,MAX-072,2,7,116,40,231,176,575248394,33,221882525354,407
74,MAX-072,2,7,116,40,231,176,575248394,34,223011644114,407
74,MAX-072,2,7,116,40,231,176,575248394,35,224140762874,407
74,MAX-072,2,7,116,40,231,176,575248394,36,225269881634,407
74,MAX-072,2,7,116,40,231,176,575248394,37,226399000394,407
74,MAX-072,2,7,116,40,231,176,575248394,38,227528119154,407
74,MAX-072,2,7,116,40,231,176,575248394,39,228657237914,407
74,MAX-072,2,7,116,40,231,176,575248394,40,229786356674,407
74,MAX-072,2,7,116,40,231,176,575248394,41,230915475434,407
74,MAX-072,2,7,116,40,231,176,575248394,42,232044594194,407
74,MAX-072,2,7,116,40,231,176,575248394,43,233173712954,407
74,MAX-072,2,7,116,40,231,176,575248394,44,234302831714,407
74,MAX-072,2,7,116,40,231,176,575248394,45,235431950474,407
74,MAX-072,2,7,116,40,231,176,575248394,46,236561069234,407
74,MAX-072,2,7,116,40,231,176,575248394,47,237690187994,407
74,MAX-072,2,7,116,40,231,176,575248394,48,238819306754,407
74,MAX-072,2,7,116,40,231,176,575248394,49,239948425514,407
74,MAX-072,2,7,116,40,231,176,575248394,50,241077544274,407
74,MAX-072,2,7,116,40,231,176,575248394,51,242206663034,407
74,MAX-072,2,7,116,40,231,176,575248394,52,243335781794,407
74,MAX-072,2,7,116,40,231,176,575248394,53,244464900554,407
74,MAX-072,2,7,116,40,231,176,575248394,54,245594019314,407
74,MAX-072,2,7,116,40,231,176,575248394,55,246723138074,407
75,MAX-073,2,7,116,109,231,176,1115261714,0,184032500834,407
75,MAX-073,2,7,116,109,231,176,1115261714,1,185161619594,407
75,MAX-073,2,7,116,109,231,176,1115261714,2,186290738354,407
75,MAX-073,2,7,116,109,231,176,1115261714,3,187419857114,407
75,MAX-073,2,7,116,109,231,176,1115261714,4,188548975874,407
75,MAX-073,2,7,116,109,231,176,1115261714,5,189678094634,407
75,MAX-073,2,7,116,109,231,176,1115261714,6,190807213394,407
75,MAX-073,2,7,116,109,231,176,1115261714,7,191936332154,407
75,MAX-073,2,7,116,109,231,176,1115261714,8,193065450914,407
75,MAX-073,2,7,116,109,231,176,1115261714,9,194194569674,407
75,MAX-073,2,7,116,109,231,176,1115261714,10,195323688434,407
75,MAX-073,2,7,116,109,231,176,1115261714,11,196452807194,407
75,MAX-073,2,7,116,109,231,176,1115261714,12,197581925954,407
75,MAX-073,2,7,116,109,231,176,1115261714,13,198711044714,407
75,MAX-073,2,7,116,109,231,176,1115261714,14,199840163474,407
75,MAX-073,2,7,116,109,231,176,1115261714,15,200969282234,407
75,MAX-073,2,7,116,109,231,176,1115261714,16,202098400994,407
75,MAX-073,2,7,116,109,231,176,1115261714,17,203227519754,407
75,MAX-073,2,7,116,109,231,176,1115261714,18,204356638514,407
75,MAX-073,2,7,116,109,231,176,1115261714,19,205485757274,407
75,MAX-073,2,7,116,109,231,176,1115261714,20,206614876034,407
75,MAX-073,2,7,116,109,231,176,1115261714,21,207743994794,407
75,MAX-073,2,7,116,109,231,176,1115261714,22,208873113554,407
75,MAX-073,2,7,116,109,231,176,1115261714,23,210002232314,407
75,MAX-073,2,7,116,109,231,176,1115261714,24,211131351074,407
75,MAX-073,2,7,116,109,231,176,1115261714,25,212260469834,407
75,MAX-073,2,7,116,109,231,176,1115261714,26,213389588594,407
75,MAX-073,2,7,116,109,231,176,1115261714,27,214518707354,407
75,MAX-073,2,7,116,109,231,176,1115261714,28,215647826114,407
75,MAX-073,2,7,116,109,231,176,1115261714,29,216776944874,407
75,MAX-073,2,7,116,109,231,176,1115261714,30,217906063634,407
75,MAX-073,2,7,116,109,231,176,1115261714,31,219035182394,407
75,MAX-073,2,7,116,109,231,176,1115261714,32,220164301154,407
75,MAX-073,2,7,116,109,231,176,1115261714,33,221293419914,407
75,MAX-073,2,7,116,109,231,176,1115261714,34,222422538674,407
75,MAX-073,2,7,116,109,231,176,1115261714,35,223551657434,407
75,MAX-073,2,7,116,109,231,176,1115261714,36,224680776194,407
75,MAX-073,2,7,116,109,231,176,1115261714,37,225809894954,407
75,MAX-073,2,7,116,109,231,176,1115261714,38,226939013714,407
75,MAX-073,2,7,116,109,231,176,1115261714,39,228068132474,407
75,MAX-073,2,7,116,109,231,176,1115261714,40,229197251234,407
75,MAX-073,2,7,116,109,231,176,1115261714,41,230326369994,407
75,MAX-073,2,7,116,109,231,176,1115261714,42,231455488754,407
75,MAX-073,2,7,116,109,231,176,1115261714,43,232584607514,407
75,MAX-073,2,7,116,109,231,176,1115261714,44,233713726274,407
75,MAX-073,2,7,116,109,231,176,1115261714,45,234842845034,407
75,MAX-073,2,7,116,109,231,176,1115261714,46,235971963794,407
75,MAX-073,2,7,116,109,231,176,1115261714,47,237101082554,407
75,MAX-073,2,7,116,109,231,176,1115261714,48,238230201314,407
75,MAX-073,2,7,116,109,231,176,1115261714,49,239359320074,407
75,MAX-073,2,7,116,109,231,176,1115261714,50,240488438834,407
75,MAX-073,2,7,116,109,231,176,1115261714,51,241617557594,407
75,MAX-073,2,7,116,109,231,176,1115261714,52,242746676354,407
75,MAX-073,2,7,116,109,231,176,1115261714,53,243875795114,407
75,MAX-073,2,7,116,109,231,176,1115261714,54,245004913874,407
75,MAX-073,2,7,116,109,231,176,1115261714,55,246134032634,407
76,MAX-074,2,7,116,178,231,176,526156274,0,184572514154,407
76,MAX-074,2,7,116,178,231,176,526156274,1,185701632914,407
76,MAX-074,2,7,116,178,231,176,526156274,2,186830751674,407
76,MAX-074,2,7,116,178,231,176,526156274,3,187959870434,407
76,MAX-074,2,7,116,178,231,176,526156274,4,189088989194,407
76,MAX-074,2,7,116,178,231,176,526156274,5,190218107954,407
76,MAX-074,2,7,116,178,231,176,526156274,6,191347226714,407
76,MAX-074,2,7,116,178,231,176,526156274,7,192476345474,407
76,MAX-074,2,7,116,178,231,176,526156274,8,193605464234,407
76,MAX-074,2,7,116,178,231,176,526156274,9,194734582994,407
76,MAX-074,2,7,116,178,231,176,526156274,10,195863701754,407
76,MAX-074,2,7,116,178,231,176,526156274,11,196992820514,407
76,MAX-074,2,7,116,178,231,176,526156274,12,198121939274,407
76,MAX-074,2,7,116,178,231,176,526156274,13,199251058034,407
76,MAX-074,2,7,116,178,231,176,526156274,14,200380176794,407
76,MAX-074,2,7,116,178,231,176,526156274,15,201509295554,407
76,MAX-074,2,7,116,178,231,176,526156274,16,202638414314,407
76,MAX-074,2,7,116,178,231,176,526156274,17,203767533074,407
76,MAX-074,2,7,116,178,231,176,526156274,18,204896651834,407
76,MAX-074,2,7,116,178,231,176,526156274,19,206025770594,407
76,MAX-074,2,7,116,178,231,176,526156274,20,207154889354,407
76,MAX-074,2,7,116,178,231,176,526156274,21,208284008114,407
76,MAX-074,2,7,116,178,231,176,526156274,22,209413126874,407
76,MAX-074,2,7,116,178,231,176,526156274,23,210542245634,407
76,MAX-074,2,7,116,178,231,176,526156274,24,211671364394,407
76,MAX-074,2,7,116,178,231,176,526156274,25,212800483154,407
76,MAX-074,2,7,116,178,231,176,526156274,26,213929601914,407
76,MAX-074,2,7,116,178,231,176,526156274,27,215058720674,407
76,MAX-074,2,7,116,178,231,176,526156274,28,216187839434,407
76,MAX-074,2,7,116,178,231,176,526156274,29,217316958194,407
76,MAX-074,2,7,116,178,231,176,526156274,30,218446076954,407
76,MAX-074,2,7,116,178,231,176,526156274,31,219575195714,407
76,MAX-074,2,7,116,178,231,176,526156274,32,220704314474,407
76,MAX-074,2,7,116,178,231,176,526156274,33,221833433234,407
76,MAX-074,2,7,116,178,231,176,526156274,34,222962551994,407
76,MAX-074,2,7,116,178,231,176,526156274,35,224091670754,407
76,MAX-074,2,7,116,178,231,176,526156274,36,225220789514,407
76,MAX-074,2,7,116,178,231,176,526156274,37,226349908274,407
76,MAX-074,2,7,116,178,231,176,526156274,38,227479027034,407
76,MAX-074,2,7,116,178,231,176,526156274,39,228608145794,407
76,MAX-074,2,7,116,178,231,176,526156274,40,229737264554,407
76,MAX-074,2,7,116,178,231,176,526156274,41,230866383314,407
76,MAX-074,2,7,116,178,231,176,526156274,42,231995502074,407
76,MAX-074,2,7,116,178,231,176,526156274,43,233124620834,407
76,MAX-074,2,7,116,178,231,176,526156274,44,234253739594,407
76,MAX-074,2,7,116,178,231,176,526156274,45,235382858354,407
76,MAX-074,2,7,116,178,231,176,526156274,46,236511977114,407
76,MAX-074,2,7,116,178,231,176,526156274,47,237641095874,407
76,MAX-074,2,7,116,178,231,176,526156274,48,238770214634,407
76,MAX-074,2,7,116,178,231,176,526156274,49,239899333394,407
76,MAX-074,2,7,116,178,231,176,526156274,50,241028452154,407
76,MAX-074,2,7,116,178,231,176,526156274,51,242157570914,407
76,MAX-074,2,7,116,178,231,176,526156274,52,243286689674,407
76,MAX-074,2,7,116,178,231,176,526156274,53,244415808434,407
76,MAX-074,2,7,116,178,231,176,526156274,54,245544927194,407
76,MAX-074,2,7,116,178,231,176,526156274,55,246674045954,407
77,MAX-075,2,7,116,224,231,176,133419314,0,184179777194,407
77,MAX-075,2,7,116,224,231,176,133419314,1,185308895954,407
77,MAX-075,2,7,116,224,231,176,133419314,2,186438014714,407
77,MAX-075,2,7,116,224,231,176,133419314,3,187567133474,407
77,MAX-075,2,7,116,224,231,176,133419314,4,188696252234,407
77,MAX-075,2,7,116,224,231,176,133419314,5,189825370994,407
77,MAX-075,2,7,116,224,231,176,133419314,6,190954489754,407
77,MAX-075,2,7,116,224,231,176,133419314,7,192083608514,407
77,MAX-075,2,7,116,224,231,176,133419314,8,193212727274,407
77,MAX-075,2,7,116,224,231,176,133419314,9,194341846034,407
77,MAX-075,2,7,116,224,231,176,133419314,10,195470964794,407
77,MAX-075,2,7,116,224,231,176,133419314,11,196600083554,407
77,MAX-075,2,7,116,224,231,176,133419314,12,197729202314,407
77,MAX-075,2,7,116,224,231,176,133419314,13,198858321074,407
77,MAX-075,2,7,116,224,231,176,133419314,14,199987439834,407
77,MAX-075,2,7,116,224,231,176,133419314,15,201116558594,407
77,MAX-075,2,7,116,224,231,176,133419314,16,202245677354,407
77,MAX-075,2,7,116,224,231,176,133419314,17,203374796114,407
77,MAX-075,2,7,116,224,231,176,133419314,18,204503914874,407
77,MAX-075,2,7,116,224,231,176,133419314,19,205633033634,407
77,MAX-075,2,7,116,224,231,176,133419314,20,206762152394,407
77,MAX-075,2,7,116,224,231,176,133419314,21,207891271154,407
77,MAX-075,2,7,116,224,231,176,133419314,22,209020389914,407
77,MAX-075,2,7,116,224,231,176,133419314,23,210149508674,407
77,MAX-075,2,7,116,224,231,176,133419314,24,211278627434,407
77,MAX-075,2,7,116,224,231,176,133419314,25,212407746194,407
77,MAX-075,2,7,116,224,231,176,133419314,26,213536864954,407
77,MAX-075,2,7,116,224,231,176,133419314,27,214665983714,407
77,MAX-075,2,7,116,224,231,176,133419314,28,215795102474,407
77,MAX-075,2,7,116,224,231,176,133419314,29,216924221234,407
77,MAX-075,2,7,116,224,231,176,133419314,30,218053339994,407
77,MAX-075,2,7,116,224,231,176,133419314,31,219182458754,407
77,MAX-075,2,7,116,224,231,176,133419314,32,220311577514,407
77,MAX-075,2,7,116,224,231,176,133419314,33,221440696274,407
77,MAX-075,2,7,116,224,231,176,133419314,34,222569815034,407
77,MAX-075,2,7,116,224,231,176,133419314,35,223698933794,407
77,MAX-075,2,7,116,224,231,176,133419314,36,224828052554,407
77,MAX-075,2,7,116,224,231,176,133419314,37,225957171314,407
77,MAX-075,2,7,116,224,231,176,133419314,38,227086290074,407
77,MAX-075,2,7,116,224,231,176,133419314,39,228215408834,407
77,MAX-075,2,7,116,224,231,176,133419314,40,229344527594,407
77,MAX-075,2,7,116,224,231,176,133419314,41,230473646354,407
77,MAX-075,2,7,116,224,231,176,133419314,42,231602765114,407
77,MAX-075,2,7,116,224,231,176,133419314,43,232731883874,407
77,MAX-075,2,7,116,224,231,176,133419314,44,233861002634,407
77,MAX-075,2,7,116,224,231,176,133419314,45,234990121394,407
77,MAX-075,2,7,116,224,231,176,133419314,46,236119240154,407
77,MAX-075,2,7,116,224,231,176,133419314,47,237248358914,407
77,MAX-075,2,7,116,224,231,176,133419314,48,238377477674,407
77,MAX-075,2,7,116,224,231,176,133419314,49,239506596434,407
77,MAX-075,2,7,116,224,231,176,133419314,50,240635715194,407
77,MAX-075,2,7,116,224,231,176,133419314,51,241764833954,407
77,MAX-075,2,7,116,224,231,176,133419314,52,242893952714,407
77,MAX-075,2,7,116,224,231,176,133419314,53,244023071474,407
77,MAX-075,2,7,116,224,231,176,133419314,54,245152190234,407
77,MAX-075,2,7,116,224,231,176,133419314,55,246281308994,407
78,MAX-076,2,7,116,247,231,176,1066169594,0,183983408714,407
78,MAX-076,2,7,116,247,231,176,1066169594,1,185112527474,407
78,MAX-076,2,7,116,247,231,176,1066169594,2,186241646234,407
78,MAX-076,2,7,116,247,231,176,1066169594,3,187370764994,407
78,MAX-076,2,7,116,247,231,176,1066169594,4,188499883754,407
78,MAX-076,2,7,116,247,231,176,1066169594,5,189629002514,407
78,MAX-076,2,7,116,247,231,176,1066169594,6,190758121274,407
78,MAX-076,2,7,116,247,231,176,1066169594,7,191887240034,407
78,MAX-076,2,7,116,247,231,176,1066169594,8,193016358794,407
78,MAX-076,2,7,116,247,231,176,1066169594,9,194145477554,407
78,MAX-076,2,7,116,247,231,176,1066169594,10,195274596314,407
78,MAX-076,2,7,116,247,231,176,1066169594,11,196403715074,407
78,MAX-076,2,7,116,247,231,176,1066169594,12,197532833834,407
78,MAX-076,2,7,116,247,231,176,1066169594,13,198661952594,407
78,MAX-076,2,7,116,247,231,176,1066169594,14,199791071354,407
78,MAX-076,2,7,116,247,231,176,1066169594,15,200920190114,407
78,MAX-076,2,7,116,247,231,176,1066169594,16,202049308874,407
78,MAX-076,2,7,116,247,231,176,1066169594,17,203178427634,407
78,MAX-076,2,7,116,247,231,176,1066169594,18,204307546394,407
78,MAX-076,2,7,116,247,231,176,1066169594,19,205436665154,407
78,MAX-076,2,7,116,247,231,176,1066169594,20,206565783914,407
78,MAX-076,2,7,116,247,231,176,1066169594,21,207694902674,407
78,MAX-076,2,7,116,247,231,176,1066169594,22,208824021434,407
78,MAX-076,2,7,116,247,231,176,1066169594,23,209953140194,407
78,MAX-076,2,7,116,247,231,176,1066169594,24,211082258954,407
78,MAX-076,2,7,116,247,231,176,1066169594,25,212211377714,407
78,MAX-076,2,7,116,247,231,176,1066169594,26,213340496474,407
78,MAX-076,2,7,116,247,231,176,1066169594,27,214469615234,407
78,MAX-076,2,7,116,247,231,176,1066169594,28,215598733994,407
78,MAX-076,2,7,116,247,231,176,1066169594,29,216727852754,407
78,MAX-076,2,7,116,247,231,176,1066169594,30,217856971514,407
78,MAX-076,2,7,116,247,231,176,1066169594,31,218986090274,407
78,MAX-076,2,7,116,247,231,176,1066169594,32,220115209034,407
78,MAX-076,2,7,116,247,231,176,1066169594,33,221244327794,407
78,MAX-076,2,7,116,247,231,176,1066169594,34,222373446554,407
78,MAX-076,2,7,116,247,231,176,1066169594,35,223502565314,407
78,MAX-076,2,7,116,247,231,176,1066169594,36,224631684074,407
78,MAX-076,2,7,116,247,231,176,1066169594,37,225760802834,407
78,MAX-076,2,7,116,247,231,176,1066169594,38,226889921594,407
78,MAX-076,2,7,116,247,231,176,1066169594,39,228019040354,407
78,MAX-076,2,7,116,247,231,176,1066169594,40,229148159114,407
78,MAX-076,2,7,116,247,231,176,1066169594,41,230277277874,407
78,MAX-076,2,7,116,247,231,176,1066169594,42,231406396634,407
78,MAX-076,2,7,116,247,231,176,1066169594,43,232535515394,407
78,MAX-076,2,7,116,247,231,176,1066169594,44,233664634154,407
78,MAX-076,2,7,116,247,231,176,1066169594,45,234793752914,407
78,MAX-076,2,7,116,247,231,176,1066169594,46,235922871674,407
78,MAX-076,2,7,116,247,231,176,1066169594,47,237051990434,407
78,MAX-076,2,7,116,247,231,176,1066169594,48,238181109194,407
78,MAX-076,2,7,116,247,231,176,1066169594,49,239310227954,407
78,MAX-076,2,7,116,247,231,176,1066169594,50,240439346714,407
78,MAX-076,2,7,116,247,231,176,1066169594,51,241568465474,407
78,MAX-076,2,7,116,247,231,176,1066169594,52,242697584234,407
78,MAX-076,2,7,116,247,231,176,1066169594,53,243826702994,407
78,MAX-076,2,7,116,247,231,176,1066169594,54,244955821754,407
78,MAX-076,2,7,116,247,231,176,1066169594,55,246084940514,407
79,MAX-077,2,7,116,270,231,176,869801114,0,184916158994,407
79,MAX-077,2,7,116,270,231,176,869801114,1,186045277754,407
79,MAX-077,2,7,116,270,231,176,869801114,2,187174396514,407
79,MAX-077,2,7,116,270,231,176,869801114,3,188303515274,407
79,MAX-077,2,7,116,270,231,176,869801114,4,189432634034,407
79,MAX-077,2,7,116,270,231,176,869801114,5,190561752794,407
79,MAX-077,2,7,116,270,231,176,869801114,6,191690871554,407
79,MAX-077,2,7,116,270,231,176,869801114,7,192819990314,407
79,MAX-077,2,7,116,270,231,176,869801114,8,193949109074,407
79,MAX-077,2,7,116,270,231,176,869801114,9,195078227834,407
79,MAX-077,2,7,116,270,231,176,869801114,10,196207346594,407
79,MAX-077,2,7,116,270,231,176,869801114,11,197336465354,407
79,MAX-077,2,7,116,270,231,176,869801114,12,198465584114,407
79,MAX-077,2,7,116,270,231,176,869801114,13,199594702874,407
79,MAX-077,2,7,116,270,231,176,869801114,14,200723821634,407
79,MAX-077,2,7,116,270,231,176,869801114,15,201852940394,407
79,MAX-077,2,7,116,270,231,176,869801114,16,202982059154,407
79,MAX-077,2,7,116,270,231,176,869801114,17,204111177914,407
79,MAX-077,2,7,116,270,231,176,869801114,18,205240296674,407
79,MAX-077,2,7,116,270,231,176,869801114,19,206369415434,407
79,MAX-077,2,7,116,270,231,176,869801114,20,207498534194,407
79,MAX-077,2,7,116,270,231,176,869801114,21,208627652954,407
79,MAX-077,2,7,116,270,231,176,869801114,22,209756771714,407
79,MAX-077,2,7,116,270,231,176,869801114,23,210885890474,407
79,MAX-077,2,7,116,270,231,176,869801114,24,212015009234,407
79,MAX-077,2,7,116,270,231,176,869801114,25,213144127994,407
79,MAX-077,2,7,116,270,231,176,869801114,26,214273246754,407
79,MAX-077,2,7,116,270,231,176,869801114,27,215402365514,407
79,MAX-077,2,7,116,270,231,176,869801114,28,216531484274,407
79,MAX-077,2,7,116,270,231,176,869801114,29,217660603034,407
79,MAX-077,2,7,116,270,231,176,869801114,30,218789721794,407
79,MAX-077,2,7,116,270,231,176,869801114,31,219918840554,407
79,MAX-077,2,7,116,270,231,176,869801114,32,221047959314,407
79,MAX-077,2,7,116,270,231,176,869801114,33,222177078074,407
79,MAX-077,2,7,116,270,231,176,869801114,34,223306196834,407
79,MAX-077,2,7,116,270,231,176,869801114,35,224435315594,407
79,MAX-077,2,7,116,270,231,176,869801114,36,225564434354,407
79,MAX-077,2,7,116,270,231,176,869801114,37,226693553114,407
79,MAX-077,2,7,116,270,231,176,869801114,38,227822671874,407
79,MAX-077,2,7,116,270,231,176,869801114,39,228951790634,407
79,MAX-077,2,7,116,270,231,176,869801114,40,230080909394,407
79,MAX-077,2,7,116,270,231,176,869801114,41,231210028154,407
79,MAX-077,2,7,116,270,231,176,869801114,42,232339146914,407
79,MAX-077,2,7,116,270,231,176,869801114,43,233468265674,407
79,MAX-077,2,7,116,270,231,176,869801114,44,234597384434,407
79,MAX-077,2,7,116,270,231,176,869801114,45,235726503194,407
79,MAX-077,2,7,116,270,231,176,869801114,46,236855621954,407
79,MAX-077,2,7,116,270,231,176,869801114,47,237984740714,407
79,MAX-077,2,7,116,270,231,176,869801114,48,239113859474,407
79,MAX-077,2,7,116,270,231,176,869801114,49,240242978234,407
79,MAX-077,2,7,116,270,231,176,869801114,50,241372096994,407
79,MAX-077,2,7,116,270,231,176,869801114,51,242501215754,407
79,MAX-077,2,7,116,270,231,176,869801114,52,243630334514,407
79,MAX-077,2,7,116,270,231,176,869801114,53,244759453274,407
79,MAX-077,2,7,116,270,231,176,869801114,54,245888572034,407
80,MAX-078,2,7,116,316,231,176,477064154,0,184523422034,407
80,MAX-078,2,7,116,316,231,176,477064154,1,185652540794,407
80,MAX-078,2,7,116,316,231,176,477064154,2,186781659554,407
80,MAX-078,2,7,116,316,231,176,477064154,3,187910778314,407
80,MAX-078,2,7,116,316,231,176,477064154,4,189039897074,407
80,MAX-078,2,7,116,316,231,176,477064154,5,190169015834,407
80,MAX-078,2,7,116,316,231,176,477064154,6,191298134594,407
80,MAX-078,2,7,116,316,231,176,477064154,7,192427253354,407
80,MAX-078,2,7,116,316,231,176,477064154,8,193556372114,407
80,MAX-078,2,7,116,316,231,176,477064154,9,194685490874,407
80,MAX-078,2,7,116,316,231,176,477064154,10,195814609634,407
80,MAX-078,2,7,116,316,231,176,477064154,11,196943728394,407
80,MAX-078,2,7,116,316,231,176,477064154,12,198072847154,407
80,MAX-078,2,7,116,316,231,176,477064154,13,199201965914,407
80,MAX-078,2,7,116,316,231,176,477064154,14,200331084674,407
80,MAX-078,2,7,116,316,231,176,477064154,15,201460203434,407
80,MAX-078,2,7,116,316,231,176,477064154,16,202589322194,407
80,MAX-078,2,7,116,316,231,176,477064154,17,203718440954,407
80,MAX-078,2,7,116,316,231,176,477064154,18,204847559714,407
80,MAX-078,2,7,116,316,231,176,477064154,19,205976678474,407
80,MAX-078,2,7,116,316,231,176,477064154,20,207105797234,407
80,MAX-078,2,7,116,316,231,176,477064154,21,208234915994,407
80,MAX-078,2,7,116,316,231,176,477064154,22,209364034754,407
80,MAX-078,2,7,116,316,231,176,477064154,23,210493153514,407
80,MAX-078,2,7,116,316,231,176,477064154,24,211622272274,407
80,MAX-078,2,7,116,316,231,176,477064154,25,212751391034,407
80,MAX-078,2,7,116,316,231,176,477064154,26,213880509794,407
80,MAX-078,2,7,116,316,231,176,477064154,27,215009628554,407
80,MAX-078,2,7,116,316,231,176,477064154,28,216138747314,407
80,MAX-078,2,7,116,316,231,176,477064154,29,217267866074,407
80,MAX-078,2,7,116,316,231,176,477064154,30,218396984834,407
80,MAX-078,2,7,116,316,231,176,477064154,31,219526103594,407
80,MAX-078,2,7,116,316,231,176,477064154,32,220655222354,407
80,MAX-078,2,7,116,316,231,176,477064154,33,221784341114,407
80,MAX-078,2,7,116,316,231,176,477064154,34,222913459874,407
80,MAX-078,2,7,116,316,231,176,477064154,35,224042578634,407
80,MAX-078,2,7,116,316,231,176,477064154,36,225171697394,407
80,MAX-078,2,7,116,316,231,176,477064154,37,226300816154,407
80,MAX-078,2,7,116,316,231,176,477064154,38,227429934914,407
80,MAX-078,2,7,116,316,231,176,477064154,39,228559053674,407
80,MAX-078,2,7,116,316,231,176,477064154,40,229688172434,407
80,MAX-078,2,7,116,316,231,176,477064154,41,230817291194,407
80,MAX-078,2,7,116,316,231,176,477064154,42,231946409954,407
80,MAX-078,2,7,116,316,231,176,477064154,43,233075528714,407
80,MAX-078,2,7,116,316,231,176,477064154,44,234204647474,407
80,MAX-078,2,7,116,316,231,176,477064154,45,235333766234,407
80,MAX-078,2,7,116,316,231,176,477064154,46,236462884994,407
80,MAX-078,2,7,116,316,231,176,477064154,47,237592003754,407
80,MAX-078,2,7,116,316,231,176,477064154,48,238721122514,407
80,MAX-078,2,7,116,316,231,176,477064154,49,239850241274,407
80,MAX-078,2,7,116,316,231,176,477064154,50,240979360034,407
80,MAX-078,2,7,116,316,231,176,477064154,51,242108478794,407
80,MAX-078,2,7,116,316,231,176,477064154,52,243237597554,407
80,MAX-078,2,7,116,316,231,176,477064154,53,244366716314,407
80,MAX-078,2,7,116,316,231,176,477064154,54,245495835074,407
80,MAX-078,2,7,116,316,231,176,477064154,55,246624953834,407
81,MAX-079,2,7,116,339,231,176,280695674,0,184327053554,407
81,MAX-079,2,7,116,339,231,176,280695674,1,185456172314,407
81,MAX-079,2,7,116,339,231,176,280695674,2,186585291074,407
81,MAX-079,2,7,116,339,231,176,280695674,3,187714409834,407
81,MAX-079,2,7,116,339,231,176,280695674,4,188843528594,407
81,MAX-079,2,7,116,339,231,176,280695674,5,189972647354,407
81,MAX-079,2,7,116,339,231,176,280695674,6,191101766114,407
81,MAX-079,2,7,116,339,231,176,280695674,7,192230884874,407
81,MAX-079,2,7,116,339,231,176,280695674,8,193360003634,407
81,MAX-079,2,7,116,339,231,176,280695674,9,194489122394,407
81,MAX-079,2,7,116,339,231,176,280695674,10,195618241154,407
81,MAX-079,2,7,116,339,231,176,280695674,11,196747359914,407
81,MAX-079,2,7,116,339,231,176,280695674,12,197876478674,407
81,MAX-079,2,7,116,339,231,176,280695674,13,199005597434,407
81,MAX-079,2,7,116,339,231,176,280695674,14,200134716194,407
81,MAX-079,2,7,116,339,231,176,280695674,15,201263834954,407
81,MAX-079,2,7,116,339,231,176,280695674,16,202392953714,407
81,MAX-079,2,7,116,339,231,176,280695674,17,203522072474,407
81,MAX-079,2,7,116,339,231,176,280695674,18,204651191234,407
81,MAX-079,2,7,116,339,231,176,280695674,19,205780309994,407
81,MAX-079,2,7,116,339,231,176,280695674,20,206909428754,407
81,MAX-079,2,7,116,339,231,176,280695674,21,208038547514,407
81,MAX-079,2,7,116,339,231,176,280695674,22,209167666274,407
81,MAX-079,2,7,116,339,231,176,280695674,23,210296785034,407
81,MAX-079,2,7,116,339,231,176,280695674,24,211425903794,407
81,MAX-079,2,7,116,339,231,176,280695674,25,212555022554,407
81,MAX-079,2,7,116,339,231,176,280695674,26,213684141314,407
81,MAX-079,2,7,116,339,231,176,280695674,27,214813260074,407
81,MAX-079,2,7,116,339,231,176,280695674,28,215942378834,407
81,MAX-079,2,7,116,339,231,176,280695674,29,217071497594,407
81,MAX-079,2,7,116,339,231,176,280695674,30,218200616354,407
81,MAX-079,2,7,116,339,231,176,280695674,31,219329735114,407
81,MAX-079,2,7,116,339,231,176,280695674,32,220458853874,407
81,MAX-079,2,7,116,339,231,176,280695674,33,221587972634,407
81,MAX-079,2,7,116,339,231,176,280695674,34,222717091394,407
81,MAX-079,2,7,116,339,231,176,280695674,35,223846210154,407
81,MAX-079,2,7,116,339,231,176,280695674,36,224975328914,407
81,MAX-079,2,7,116,339,231,176,280695674,37,226104447674,407
81,MAX-079,2,7,116,339,231,176,280695674,38,227233566434,407
81,MAX-079,2,7,116,339,231,176,280695674,39,228362685194,407
81,MAX-079,2,7,116,339,231,176,280695674,40,229491803954,407
81,MAX-079,2,7,116,339,231,176,280695674,41,230620922714,407
81,MAX-079,2,7,116,339,231,176,280695674,42,231750041474,407
81,MAX-079,2,7,116,339,231,176,280695674,43,232879160234,407
81,MAX-079,2,7,116,339,231,176,280695674,44,234008278994,407
81,MAX-079,2,7,116,339,231,176,280695674,45,235137397754,407
81,MAX-079,2,7,116,339,231,176,280695674,46,236266516514,407
81,MAX-079,2,7,116,339,231,176,280695674,47,237395635274,407
81,MAX-079,2,7,116,339,231,176,280695674,48,238524754034,407
81,MAX-079,2,7,116,339,231,176,280695674,49,239653872794,407
81,MAX-079,2,7,116,339,231,176,280695674,50,240782991554,407
81,MAX-079,2,7,116,339,231,176,280695674,51,241912110314,407
81,MAX-079,2,7,116,339,231,176,280695674,52,243041229074,407
81,MAX-079,2,7,116,339,231,176,280695674,53,244170347834,407
81,MAX-079,2,7,116,339,231,176,280695674,54,245299466594,407
81,MAX-079,2,7,116,339,231,176,280695674,55,246428585354,407
82,MAX-080,2,7,116,362,231,176,84327194,0,184130685074,407
82,MAX-080,2,7,116,362,231,176,84327194,1,185259803834,407
82,MAX-080,2,7,116,362,231,176,84327194,2,186388922594,407
82,MAX-080,2,7,116,362,231,176,84327194,3,187518041354,407
82,MAX-080,2,7,116,362,231,176,84327194,4,188647160114,407
82,MAX-080,2,7,116,362,231,176,84327194,5,189776278874,407
82,MAX-080,2,7,116,362,231,176,84327194,6,190905397634,407
82,MAX-080,2,7,116,362,231,176,84327194,7,192034516394,407
82,MAX-080,2,7,116,362,231,176,84327194,8,193163635154,407
82,MAX-080,2,7,116,362,231,176,84327194,9,194292753914,407
82,MAX-080,2,7,116,362,231,176,84327194,10,195421872674,407
82,MAX-080,2,7,116,362,231,176,84327194,11,196550991434,407
82,MAX-080,2,7,116,362,231,176,84327194,12,197680110194,407
82,MAX-080,2,7,116,362,231,176,84327194,13,198809228954,407
82,MAX-080,2,7,116,362,231,176,84327194,14,199938347714,407
82,MAX-080,2,7,116,362,231,176,84327194,15,201067466474,407
82,MAX-080,2,7,116,362,231,176,84327194,16,202196585234,407
82,MAX-080,2,7,116,362,231,176,84327194,17,203325703994,407
82,MAX-080,2,7,116,362,231,176,84327194,18,204454822754,407
82,MAX-080,2,7,116,362,231,176,84327194,19,205583941514,407
82,MAX-080,2,7,116,362,231,176,84327194,20,206713060274,407
82,MAX-080,2,7,116,362,231,176,84327194,21,207842179034,407
82,MAX-080,2,7,116,362,231,176,84327194,22,208971297794,407
82,MAX-080,2,7,116,362,231,176,84327194,23,210100416554,407
82,MAX-080,2,7,116,362,231,176,84327194,24,211229535314,407
82,MAX-080,2,7,116,362,231,176,84327194,25,212358654074,407
82,MAX-080,2,7,116,362,231,176,84327194,26,213487772834,407
82,MAX-080,2,7,116,362,231,176,84327194,27,214616891594,407
82,MAX-080,2,7,116,362,231,176,84327194,28,215746010354,407
82,MAX-080,2,7,116,362,231,176,84327194,29,216875129114,407
82,MAX-080,2,7,116,362,231,176,84327194,30,218004247874,407
82,MAX-080,2,7,116,362,231,176,84327194,31,219133366634,407
82,MAX-080,2,7,116,362,231,176,84327194,32,220262485394,407
82,MAX-080,2,7,116,362,231,176,84327194,33,221391604154,407
82,MAX-080,2,7,116,362,231,176,84327194,34,222520722914,407
82,MAX-080,2,7,116,362,231,176,84327194,35,223649841674,407
82,MAX-080,2,7,116,362,231,176,84327194,36,224778960434,407
82,MAX-080,2,7,116,362,231,176,84327194,37,225908079194,407
82,MAX-080,2,7,116,362,231,176,84327194,38,227037197954,407
82,MAX-080,2,7,116,362,231,176,84327194,39,228166316714,407
82,MAX-080,2,7,116,362,231,176,84327194,40,229295435474,407
82,MAX-080,2,7,116,362,231,176,84327194,41,230424554234,407
82,MAX-080,2,7,116,362,231,176,84327194,42,231553672994,407
82,MAX-080,2,7,116,362,231,176,84327194,43,232682791754,407
82,MAX-080,2,7,116,362,231,176,84327194,44,233811910514,407
82,MAX-080,2,7,116,362,231,176,84327194,45,234941029274,407
82,MAX-080,2,7,116,362,231,176,84327194,46,236070148034,407
82,MAX-080,2,7,116,362,231,176,84327194,47,237199266794,407
82,MAX-080,2,7,116,362,231,176,84327194,48,238328385554,407
82,MAX-080,2,7,116,362,231,176,84327194,49,239457504314,407
82,MAX-080,2,7,116,362,231,176,84327194,50,240586623074,407
82,MAX-080,2,7,116,362,231,176,84327194,51,241715741834,407
82,MAX-080,2,7,116,362,231,176,84327194,52,242844860594,407
82,MAX-080,2,7,116,362,231,176,84327194,53,243973979354,407
82,MAX-080,2,7,116,362,231,176,84327194,54,245103098114,407
82,MAX-080,2,7,116,362,231,176,84327194,55,246232216874,407
83,MAX-081,2,7,116,385,231,176,1017077474,0,185063435354,407
83,MAX-081,2,7,116,385,231,176,1017077474,1,186192554114,407
83,MAX-081,2,7,116,385,231,176,1017077474,2,187321672874,407
83,MAX-081,2,7,116,385,231,176,1017077474,3,188450791634,407
83,MAX-081,2,7,116,385,231,176,1017077474,4,189579910394,407
83,MAX-081,2,7,116,385,231,176,1017077474,5,190709029154,407
83,MAX-081,2,7,116,385,231,176,1017077474,6,191838147914,407
83,MAX-081,2,7,116,385,231,176,1017077474,7,192967266674,407
83,MAX-081,2,7,116,385,231,176,1017077474,8,194096385434,407
83,MAX-081,2,7,116,385,231,176,1017077474,9,195225504194,407
83,MAX-081,2,7,116,385,231,176,1017077474,10,196354622954,407
83,MAX-081,2,7,116,385,231,176,1017077474,11,197483741714,407
83,MAX-081,2,7,116,385,231,176,1017077474,12,198612860474,407
83,MAX-081,2,7,116,385,231,176,1017077474,13,199741979234,407
83,MAX-081,2,7,116,385,231,176,1017077474,14,200871097994,407
83,MAX-081,2,7,116,385,231,176,1017077474,15,202000216754,407
83,MAX-081,2,7,116,385,231,176,1017077474,16,203129335514,407
83,MAX-081,2,7,116,385,231,176,1017077474,17,204258454274,407
83,MAX-081,2,7,116,385,231,176,1017077474,18,205387573034,407
83,MAX-081,2,7,116,385,231,176,1017077474,19,206516691794,407
83,MAX-081,2,7,116,385,231,176,1017077474,20,207645810554,407
83,MAX-081,2,7,116,385,231,176,1017077474,21,208774929314,407
83,MAX-081,2,7,116,385,231,176,1017077474,22,209904048074,407
83,MAX-081,2,7,116,385,231,176,1017077474,23,211033166834,407
83,MAX-081,2,7,116,385,231,176,1017077474,24,212162285594,407
83,MAX-081,2,7,116,385,231,176,1017077474,25,213291404354,407
83,MAX-081,2,7,116,385,231,176,1017077474,26,214420523114,407
83,MAX-081,2,7,116,385,231,176,1017077474,27,215549641874,407
83,MAX-081,2,7,116,385,231,176,1017077474,28,216678760634,407
83,MAX-081,2,7,116,385,231,176,1017077474,29,217807879394,407
83,MAX-081,2,7,116,385,231,176,1017077474,30,218936998154,407
83,MAX-081,2,7,116,385,231,176,1017077474,31,220066116914,407
83,MAX-081,2,7,116,385,231,176,1017077474,32,221195235674,407
83,MAX-081,2,7,116,385,231,176,1017077474,33,222324354434,407
83,MAX-081,2,7,116,385,231,176,1017077474,34,223453473194,407
83,MAX-081,2,7,116,385,231,176,1017077474,35,224582591954,407
83,MAX-081,2,7,116,385,231,176,1017077474,36,225711710714,407
83,MAX-081,2,7,116,385,231,176,1017077474,37,226840829474,407
83,MAX-081,2,7,116,385,231,176,1017077474,38,227969948234,407
83,MAX-081,2,7,116,385,231,176,1017077474,39,229099066994,407
83,MAX-081,2,7,116,385,231,176,1017077474,40,230228185754,407
83,MAX-081,2,7,116,385,231,176,1017077474,41,231357304514,407
83,MAX-081,2,7,116,385,231,176,1017077474,42,232486423274,407
83,MAX-081,2,7,116,385,231,176,1017077474,43,233615542034,407
83,MAX-081,2,7,116,385,231,176,1017077474,44,234744660794,407
83,MAX-081,2,7,116,385,231,176,1017077474,45,235873779554,407
83,MAX-081,2,7,116,385,231,176,1017077474,46,237002898314,407
83,MAX-081,2,7,116,385,231,176,1017077474,47,238132017074,407
83,MAX-081,2,7,116,385,231,176,1017077474,48,239261135834,407
83,MAX-081,2,7,116,385,231,176,1017077474,49,240390254594,407
83,MAX-081,2,7,116,385,231,176,1017077474,50,241519373354,407
83,MAX-081,2,7,116,385,231,176,1017077474,51,242648492114,407
83,MAX-081,2,7,116,385,231,176,1017077474,52,243777610874,407
83,MAX-081,2,7,116,385,231,176,1017077474,53,244906729634,407
83,MAX-081,2,7,116,385,231,176,1017077474,54,246035848394,407
84,MAX-082,2,7,116,431,231,176,624340514,0,184670698394,407
84,MAX-082,2,7,116,431,231,176,624340514,1,185799817154,407
84,MAX-082,2,7,116,431,231,176,624340514,2,186928935914,407
84,MAX-082,2,7,116,431,231,176,624340514,3,188058054674,407
84,MAX-082,2,7,116,431,231,176,624340514,4,189187173434,407
84,MAX-082,2,7,116,431,231,176,624340514,5,190316292194,407
84,MAX-082,2,7,116,431,231,176,624340514,6,191445410954,407
84,MAX-082,2,7,116,431,231,176,624340514,7,192574529714,407
84,MAX-082,2,7,116,431,231,176,624340514,8,193703648474,407
84,MAX-082,2,7,116,431,231,176,624340514,9,194832767234,407
84,MAX-082,2,7,116,431,231,176,624340514,10,195961885994,407
84,MAX-082,2,7,116,431,231,176,624340514,11,197091004754,407
84,MAX-082,2,7,116,431,231,176,624340514,12,198220123514,407
84,MAX-082,2,7,116,431,231,176,624340514,13,199349242274,407
84,MAX-082,2,7,116,431,231,176,624340514,14,200478361034,407
84,MAX-082,2,7,116,431,231,176,624340514,15,201607479794,407
84,MAX-082,2,7,116,431,231,176,624340514,16,202736598554,407
84,MAX-082,2,7,116,431,231,176,624340514,17,203865717314,407
84,MAX-082,2,7,116,431,231,176,624340514,18,204994836074,407
84,MAX-082,2,7,116,431,231,176,624340514,19,206123954834,407
84,MAX-082,2,7,116,431,231,176,624340514,20,207253073594,407
84,MAX-082,2,7,116,431,231,176,624340514,21,208382192354,407
84,MAX-082,2,7,116,431,231,176,624340514,22,209511311114,407
84,MAX-082,2,7,116,431,231,176,624340514,23,210640429874,407
84,MAX-082,2,7,116,431,231,176,624340514,24,211769548634,407
84,MAX-082,2,7,116,431,231,176,624340514,25,212898667394,407
84,MAX-082,2,7,116,431,231,176,624340514,26,214027786154,407
84,MAX-082,2,7,116,431,231,176,624340514,27,215156904914,407
84,MAX-082,2,7,116,431,231,176,624340514,28,216286023674,407
84,MAX-082,2,7,116,431,231,176,624340514,29,217415142434,407
84,MAX-082,2,7,116,431,231,176,624340514,30,218544261194,407
84,MAX-082,2,7,116,431,231,176,624340514,31,219673379954,407
84,MAX-082,2,7,116,431,231,176,624340514,32,220802498714,407
84,MAX-082,2,7,116,431,231,176,624340514,33,221931617474,407
84,MAX-082,2,7,116,431,231,176,624340514,34,223060736234,407
84,MAX-082,2,7,116,431,231,176,624340514,35,224189854994,407
84,MAX-082,2,7,116,431,231,176,624340514,36,225318973754,407
84,MAX-082,2,7,116,431,231,176,624340514,37,226448092514,407
84,MAX-082,2,7,116,431,231,176,624340514,38,227577211274,407
84,MAX-082,2,7,116,431,231,176,624340514,39,228706330034,407
84,MAX-082,2,7,116,431,231,176,624340514,40,229835448794,407
84,MAX-082,2,7,116,431,231,176,624340514,41,230964567554,407
84,MAX-082,2,7,116,431,231,176,624340514,42,232093686314,407
84,MAX-082,2,7,116,431,231,176,624340514,43,233222805074,407
84,MAX-082,2,7,116,431,231,176,624340514,44,234351923834,407
84,MAX-082,2,7,116,431,231,176,624340514,45,235481042594,407
84,MAX-082,2,7,116,431,231,176,624340514,46,236610161354,407
84,MAX-082,2,7,116,431,231,176,624340514,47,237739280114,407
84,MAX-082,2,7,116,431,231,176,624340514,48,238868398874,407
84,MAX-082,2,7,116,431,231,176,624340514,49,239997517634,407
84,MAX-082,2,7,116,431,231,176,624340514,50,241126636394,407
84,MAX-082,2,7,116,431,231,176,624340514,51,242255755154,407
84,MAX-082,2,7,116,431,231,176,624340514,52,243384873914,407
84,MAX-082,2,7,116,431,231,176,624340514,53,244513992674,407
84,MAX-082,2,7,116,431,231,176,624340514,54,245643111434,407
85,MAX-083,2,7,116,454,231,176,427972034,0,184474329914,407
85,MAX-083,2,7,116,454,231,176,427972034,1,185603448674,407
85,MAX-083,2,7,116,454,231,176,427972034,2,186732567434,407
85,MAX-083,2,7,116,454,231,176,427972034,3,187861686194,407
85,MAX-083,2,7,116,454,231,176,427972034,4,188990804954,407
85,MAX-083,2,7,116,454,231,176,427972034,5,190119923714,407
85,MAX-083,2,7,116,454,231,176,427972034,6,191249042474,407
85,MAX-083,2,7,116,454,231,176,427972034,7,192378161234,407
85,MAX-083,2,7,116,454,231,176,427972034,8,193507279994,407
85,MAX-083,2,7,116,454,231,176,427972034,9,194636398754,407
85,MAX-083,2,7,116,454,231,176,427972034,10,195765517514,407
85,MAX-083,2,7,116,454,231,176,427972034,11,196894636274,407
85,MAX-083,2,7,116,454,231,176,427972034,12,198023755034,407
85,MAX-083,2,7,116,454,231,176,427972034,13,199152873794,407
85,MAX-083,2,7,116,454,231,176,427972034,14,200281992554,407
85,MAX-083,2,7,116,454,231,176,427972034,15,201411111314,407
85,MAX-083,2,7,116,454,231,176,427972034,16,202540230074,407
85,MAX-083,2,7,116,454,231,176,427972034,17,203669348834,407
85,MAX-083,2,7,116,454,231,176,427972034,18,204798467594,407
85,MAX-083,2,7,116,454,231,176,427972034,19,205927586354,407
85,MAX-083,2,7,116,454,231,176,427972034,20,207056705114,407
85,MAX-083,2,7,116,454,231,176,427972034,21,208185823874,407
85,MAX-083,2,7,116,454,231,176,427972034,22,209314942634,407
85,MAX-083,2,7,116,454,231,176,427972034,23,210444061394,407
85,MAX-083,2,7,116,454,231,176,427972034,24,211573180154,407
85,MAX-083,2,7,116,454,231,176,427972034,25,212702298914,407
85,MAX-083,2,7,116,454,231,176,427972034,26,213831417674,407
85,MAX-083,2,7,116,454,231,176,427972034,27,214960536434,407
85,MAX-083,2,7,116,454,231,176,427972034,28,216089655194,407
85,MAX-083,2,7,116,454,231,176,427972034,29,217218773954,407
85,MAX-083,2,7,116,454,231,176,427972034,30,218347892714,407
85,MAX-083,2,7,116,454,231,176,427972034,31,219477011474,407
85,MAX-083,2,7,116,454,231,176,427972034,32,220606130234,407
85,MAX-083,2,7,116,454,231,176,427972034,33,221735248994,407
85,MAX-083,2,7,116,454,231,176,427972034,34,222864367754,407
85,MAX-083,2,7,116,454,231,176,427972034,35,223993486514,407
85,MAX-083,2,7,116,454,231,176,427972034,36,225122605274,407
85,MAX-083,2,7,116,454,231,176,427972034,37,226251724034,407
85,MAX-083,2,7,116,454,231,176,427972034,38,227380842794,407
85,MAX-083,2,7,116,454,231,176,427972034,39,228509961554,407
85,MAX-083,2,7,116,454,231,176,427972034,40,229639080314,407
85,MAX-083,2,7,116,454,231,176,427972034,41,230768199074,407
85,MAX-083,2,7,116,454,231,176,427972034,42,231897317834,407
85,MAX-083,2,7,116,454,231,176,427972034,43,233026436594,407
85,MAX-083,2,7,116,454,231,176,427972034,44,234155555354,407
85,MAX-083,2,7,116,454,231,176,427972034,45,235284674114,407
85,MAX-083,2,7,116,454,231,176,427972034,46,236413792874,407
85,MAX-083,2,7,116,454,231,176,427972034,47,237542911634,407
85,MAX-083,2,7,116,454,231,176,427972034,48,238672030394,407
85,MAX-083,2,7,116,454,231,176,427972034,49,239801149154,407
85,MAX-083,2,7,116,454,231,176,427972034,50,240930267914,407
85,MAX-083,2,7,116,454,231,176,427972034,51,242059386674,407
85,MAX-083,2,7,116,454,231,176,427972034,52,243188505434,407
85,MAX-083,2,7,116,454,231,176,427972034,53,244317624194,407
85,MAX-083,2,7,116,454,231,176,427972034,54,245446742954,407
85,MAX-083,2,7,116,454,231,176,427972034,55,246575861714,407
86,MAX-084,2,7,116,523,231,176,967985354,0,185014343234,407
86,MAX-084,2,7,116,523,231,176,967985354,1,186143461994,407
86,MAX-084,2,7,116,523,231,176,967985354,2,187272580754,407
86,MAX-084,2,7,116,523,231,176,967985354,3,188401699514,407
86,MAX-084,2,7,116,523,231,176,967985354,4,189530818274,407
86,MAX-084,2,7,116,523,231,176,967985354,5,190659937034,407
86,MAX-084,2,7,116,523,231,176,967985354,6,191789055794,407
86,MAX-084,2,7,116,523,231,176,967985354,7,192918174554,407
86,MAX-084,2,7,116,523,231,176,967985354,8,194047293314,407
86,MAX-084,2,7,116,523,231,176,967985354,9,195176412074,407
86,MAX-084,2,7,116,523,231,176,967985354,10,196305530834,407
86,MAX-084,2,7,116,523,231,176,967985354,11,197434649594,407
86,MAX-084,2,7,116,523,231,176,967985354,12,198563768354,407
86,MAX-084,2,7,116,523,231,176,967985354,13,199692887114,407
86,MAX-084,2,7,116,523,231,176,967985354,14,200822005874,407
86,MAX-084,2,7,116,523,231,176,967985354,15,201951124634,407
86,MAX-084,2,7,116,523,231,176,967985354,16,203080243394,407
86,MAX-084,2,7,116,523,231,176,967985354,17,204209362154,407
86,MAX-084,2,7,116,523,231,176,967985354,18,205338480914,407
86,MAX-084,2,7,116,523,231,176,967985354,19,206467599674,407
86,MAX-084,2,7,116,523,231,176,967985354,20,207596718434,407
86,MAX-084,2,7,116,523,231,176,967985354,21,208725837194,407
86,MAX-084,2,7,116,523,231,176,967985354,22,209854955954,407
86,MAX-084,2,7,116,523,231,176,967985354,23,210984074714,407
86,MAX-084,2,7,116,523,231,176,967985354,24,212113193474,407
86,MAX-084,2,7,116,523,231,176,967985354,25,213242312234,407
86,MAX-084,2,7,116,523,231,176,967985354,26,214371430994,407
86,MAX-084,2,7,116,523,231,176,967985354,27,215500549754,407
86,MAX-084,2,7,116,523,231,176,967985354,28,216629668514,407
86,MAX-084,2,7,116,523,231,176,967985354,29,217758787274,407
86,MAX-084,2,7,116,523,231,176,967985354,30,218887906034,407
86,MAX-084,2,7,116,523,231,176,967985354,31,220017024794,407
86,MAX-084,2,7,116,523,231,176,967985354,32,221146143554,407
86,MAX-084,2,7,116,523,231,176,967985354,33,222275262314,407
86,MAX-084,2,7,116,523,231,176,967985354,34,223404381074,407
86,MAX-084,2,7,116,523,231,176,967985354,35,224533499834,407
86,MAX-084,2,7,116,523,231,176,967985354,36,225662618594,407
86,MAX-084,2,7,116,523,231,176,967985354,37,226791737354,407
86,MAX-084,2,7,116,523,231,176,967985354,38,227920856114,407
86,MAX-084,2,7,116,523,231,176,967985354,39,229049974874,407
86,MAX-084,2,7,116,523,231,176,967985354,40,230179093634,407
86,MAX-084,2,7,116,523,231,176,967985354,41,231308212394,407
86,MAX-084,2,7,116,523,231,176,967985354,42,232437331154,407
86,MAX-084,2,7,116,523,231,176,967985354,43,233566449914,407
86,MAX-084,2,7,116,523,231,176,967985354,44,234695568674,407
86,MAX-084,2,7,116,523,231,176,967985354,45,235824687434,407
86,MAX-084,2,7,116,523,231,176,967985354,46,236953806194,407
86,MAX-084,2,7,116,523,231,176,967985354,47,238082924954,407
86,MAX-084,2,7,116,523,231,176,967985354,48,239212043714,407
86,MAX-084,2,7,116,523,231,176,967985354,49,240341162474,407
86,MAX-084,2,7,116,523,231,176,967985354,50,241470281234,407
86,MAX-084,2,7,116,523,231,176,967985354,51,242599399994,407
86,MAX-084,2,7,116,523,231,176,967985354,52,243728518754,407
86,MAX-084,2,7,116,523,231,176,967985354,53,244857637514,407
86,MAX-084,2,7,116,523,231,176,967985354,54,245986756274,407
