n,panel_role,matched_low_tail_n,validated_T,active_pair_count,losing_pair_count,prime,static_rank,static_odd_count,static_over_active,static_over_losers,p2_rank,p2_persistent_count,p2_over_active,p2_over_losers,higher_rank,higher_odd_count,higher_over_active,higher_over_losers,odd_valuation_counts,O_p_pairs,C_p_pairs,H_p_pairs_by_valuation,higher_prime_power_moduli
240000005594,LOW_TAIL,,16,407,391,3,1,167,167/407,167/391,1,143,143/407,143/391,1,24,24/407,24/391,1:143;3:23;5:1,0:0;0:2;0:4;0:8;0:10;0:14;0:16;1:1;1:5;1:7;1:9;1:11;1:13;2:1;2:3;2:5;2:7;2:9;2:13;2:15;3:1;3:3;3:7;3:9;3:11;3:13;3:15;4:1;4:3;4:7;4:9;4:11;4:13;4:15;5:1;5:3;5:7;5:9;5:11;5:13;5:15;6:1;6:3;6:7;6:9;6:11;6:13;6:15;7:1;7:3;7:7;7:9;7:11;7:13;7:15;8:1;8:3;8:7;8:9;8:11;8:13;8:15;9:1;9:3;9:7;9:9;9:11;9:13;9:15;10:1;10:3;10:7;10:9;10:11;10:13;10:15;11:1;11:3;11:7;11:9;11:11;11:13;11:15;12:1;12:3;12:7;12:9;12:11;12:13;12:15;13:1;13:3;13:7;13:9;13:11;13:13;13:15;14:1;14:3;14:7;14:9;14:11;14:13;14:15;15:1;15:3;15:7;15:9;15:11;15:13;15:15;16:1;16:3;16:7;16:9;16:11;16:13;16:15;17:1;17:3;17:7;17:9;17:11;17:13;17:15;18:1;18:3;18:7;18:9;18:11;18:13;18:15;19:1;19:3;19:7;19:9;19:11;19:13;19:15;20:1;20:3;20:7;20:9;20:11;20:13;20:15;21:1;21:3;21:7;21:9;21:11;21:13;21:15;22:1;22:3;22:7;22:9;22:11;22:13;22:15;23:1;23:3;23:7;23:9;23:11;23:13;23:15,0:2;0:4;0:8;0:10;0:14;0:16;1:1;1:5;1:7;1:11;1:13;2:1;2:3;2:7;2:9;2:13;2:15;3:1;3:3;3:7;3:9;3:13;3:15;4:1;4:3;4:7;4:9;4:13;4:15;5:1;5:3;5:7;5:9;5:13;5:15;6:1;6:3;6:7;6:9;6:13;6:15;7:1;7:3;7:7;7:9;7:13;7:15;8:1;8:3;8:7;8:9;8:13;8:15;9:1;9:3;9:7;9:9;9:13;9:15;10:1;10:3;10:7;10:9;10:13;10:15;11:1;11:3;11:7;11:9;11:13;11:15;12:1;12:3;12:7;12:9;12:13;12:15;13:1;13:3;13:7;13:9;13:13;13:15;14:1;14:3;14:7;14:9;14:13;14:15;15:1;15:3;15:7;15:9;15:13;15:15;16:1;16:3;16:7;16:9;16:13;16:15;17:1;17:3;17:7;17:9;17:13;17:15;18:1;18:3;18:7;18:9;18:13;18:15;19:1;19:3;19:7;19:9;19:13;19:15;20:1;20:3;20:7;20:9;20:13;20:15;21:1;21:3;21:7;21:9;21:13;21:15;22:1;22:3;22:7;22:9;22:13;22:15;23:1;23:3;23:7;23:9;23:13;23:15,"{""3"":[[1,9],[2,5],[3,11],[4,11],[5,11],[6,11],[7,11],[8,11],[9,11],[10,11],[11,11],[12,11],[13,11],[14,11],[15,11],[16,11],[17,11],[18,11],[19,11],[20,11],[21,11],[22,11],[23,11]],""5"":[[0,0]]}","{""3"":""81"",""5"":""729""}"
240000005594,LOW_TAIL,,16,407,391,7,2,51,51/407,51/391,2,48,48/407,48/391,2,3,3/407,3/391,1:48;3:2;5:1,0:1;0:7;0:13;1:5;1:11;2:2;2:8;2:14;4:4;4:10;4:16;5:0;5:12;6:1;6:7;6:13;7:5;7:11;8:2;8:14;10:10;10:16;11:0;11:6;11:12;12:7;12:13;13:5;13:11;14:2;14:8;14:14;16:4;16:10;16:16;17:0;17:6;17:12;18:1;18:7;18:13;19:5;19:11;20:8;20:14;22:4;22:10;22:16;23:0;23:6;23:12,0:1;0:7;0:13;1:11;2:2;2:8;2:14;4:4;4:10;5:0;5:12;6:1;6:7;6:13;7:5;7:11;8:2;8:14;10:10;10:16;11:0;11:6;11:12;12:7;12:13;13:5;13:11;14:2;14:8;14:14;16:4;16:10;16:16;17:0;17:6;17:12;18:1;18:7;18:13;19:5;19:11;20:8;20:14;22:4;22:10;22:16;23:6;23:12,"{""3"":[[1,5],[4,16]],""5"":[[23,0]]}","{""3"":""2401"",""5"":""117649""}"
240000005594,LOW_TAIL,,16,407,391,11,3,47,47/407,47/391,3,47,47/407,47/391,,0,0/407,0/391,1:47,1:1;1:6;1:11;1:16;3:2;3:7;3:12;4:3;4:8;4:13;6:1;6:6;6:11;6:16;8:2;8:7;8:12;9:3;9:8;9:13;11:1;11:6;11:11;11:16;13:2;13:7;13:12;14:3;14:8;14:13;16:1;16:6;16:11;16:16;18:2;18:7;18:12;19:3;19:8;19:13;21:1;21:6;21:11;21:16;23:2;23:7;23:12,1:1;1:6;1:11;1:16;3:2;3:7;3:12;4:3;4:8;4:13;6:1;6:6;6:11;6:16;8:2;8:7;8:12;9:3;9:8;9:13;11:1;11:6;11:11;11:16;13:2;13:7;13:12;14:3;14:8;14:13;16:1;16:6;16:11;16:16;18:2;18:7;18:12;19:3;19:8;19:13;21:1;21:6;21:11;21:16;23:2;23:7;23:12,{},{}
240000005594,LOW_TAIL,,16,407,391,23,4,20,20/407,20/391,4,20,20/407,20/391,,0,0/407,0/391,1:20,0:5;1:12;3:7;4:10;5:6;6:1;7:15;9:16;10:14;11:5;12:12;14:7;15:10;16:6;17:1;18:15;20:16;21:14;22:5;23:12,0:5;1:12;3:7;4:10;5:6;6:1;7:15;9:16;10:14;11:5;12:12;14:7;15:10;16:6;17:1;18:15;20:16;21:14;22:5;23:12,{},{}
240000005594,LOW_TAIL,,16,407,391,19,5,19,19/407,19/391,5,19,19/407,19/391,,0,0/407,0/391,1:19,2:11;3:6;3:15;8:5;8:14;9:7;9:16;11:1;11:10;12:8;13:0;13:9;14:3;14:12;16:4;20:2;20:11;21:6;21:15,2:11;3:6;3:15;8:5;8:14;9:7;9:16;11:1;11:10;12:8;13:0;13:9;14:3;14:12;16:4;20:2;20:11;21:6;21:15,{},{}
240000005594,LOW_TAIL,,16,407,391,31,6,16,16/407,16/391,6,16,16/407,16/391,,0,0/407,0/391,1:16,2:0;2:6;2:9;2:12;2:15;6:2;6:5;6:8;6:11;6:14;20:1;20:4;20:7;20:10;20:13;20:16,2:0;2:6;2:9;2:12;2:15;6:2;6:5;6:8;6:11;6:14;20:1;20:4;20:7;20:10;20:13;20:16,{},{}
240000005594,LOW_TAIL,,16,407,391,47,7,11,11/407,11/391,7,11,11/407,11/391,,0,0/407,0/391,1:11,3:8;4:0;5:14;6:7;10:12;11:3;12:5;14:6;15:9;19:16;21:4,3:8;4:0;5:14;6:7;10:12;11:3;12:5;14:6;15:9;19:16;21:4,{},{}
240000005594,LOW_TAIL,,16,407,391,83,8,8,8/407,8/391,8,8,8/407,8/391,,0,0/407,0/391,1:8,3:10;5:4;9:12;11:15;14:8;15:1;16:7;19:6,3:10;5:4;9:12;11:15;14:8;15:1;16:7;19:6,{},{}
240000005594,LOW_TAIL,,16,407,391,43,9,7,7/407,7/391,9,7,7/407,7/391,,0,0/407,0/391,1:7,0:3;1:7;3:8;9:15;12:14;18:1;21:12,0:3;1:7;3:8;9:15;12:14;18:1;21:12,{},{}
240000005594,LOW_TAIL,,16,407,391,59,10,7,7/407,7/391,10,7,7/407,7/391,,0,0/407,0/391,1:7,0:5;2:6;5:15;9:14;10:7;18:0;19:1,0:5;2:6;5:15;9:14;10:7;18:0;19:1,{},{}
240000005594,LOW_TAIL,,16,407,391,71,11,6,6/407,6/391,11,6,6/407,6/391,,0,0/407,0/391,1:6,2:4;2:9;2:14;23:3;23:8;23:13,2:4;2:9;2:14;23:3;23:8;23:13,{},{}
240000005594,LOW_TAIL,,16,407,391,67,12,5,5/407,5/391,12,5,5/407,5/391,,0,0/407,0/391,1:5,2:10;3:4;13:3;14:14;16:16,2:10;3:4;13:3;14:14;16:16,{},{}
240000005594,LOW_TAIL,,16,407,391,79,13,5,5/407,5/391,13,5,5/407,5/391,,0,0/407,0/391,1:5,1:2;3:0;5:15;15:8;18:11,1:2;3:0;5:15;15:8;18:11,{},{}
240000005594,LOW_TAIL,,16,407,391,103,14,5,5/407,5/391,14,5,5/407,5/391,,0,0/407,0/391,1:5,5:12;12:4;17:6;21:8;22:1,5:12;12:4;17:6;21:8;22:1,{},{}
240000005594,LOW_TAIL,,16,407,391,107,15,4,4/407,4/391,15,4,4/407,4/391,,0,0/407,0/391,1:4,3:2;7:1;8:3;14:4,3:2;7:1;8:3;14:4,{},{}
240000005594,LOW_TAIL,,16,407,391,131,16,4,4/407,4/391,16,4,4/407,4/391,,0,0/407,0/391,1:4,14:2;19:13;21:3;23:9,14:2;19:13;21:3;23:9,{},{}
240000005594,LOW_TAIL,,16,407,391,331,17,4,4/407,4/391,17,4,4/407,4/391,,0,0/407,0/391,1:4,6:10;7:11;9:8;10:6,6:10;7:11;9:8;10:6,{},{}
240000005594,LOW_TAIL,,16,407,391,179,18,3,3/407,3/391,18,3,3/407,3/391,,0,0/407,0/391,1:3,1:2;2:12;3:0,1:2;2:12;3:0,{},{}
240000005594,LOW_TAIL,,16,407,391,223,19,3,3/407,3/391,19,3,3/407,3/391,,0,0/407,0/391,1:3,11:3;15:6;19:2,11:3;15:6;19:2,{},{}
240000005594,LOW_TAIL,,16,407,391,239,20,3,3/407,3/391,20,3,3/407,3/391,,0,0/407,0/391,1:3,14:15;16:1;17:8,14:15;16:1;17:8,{},{}
240000005594,LOW_TAIL,,16,407,391,283,21,3,3/407,3/391,21,3,3/407,3/391,,0,0/407,0/391,1:3,15:1;21:7;22:3,15:1;21:7;22:3,{},{}
240000005594,LOW_TAIL,,16,407,391,571,22,3,3/407,3/391,22,3,3/407,3/391,,0,0/407,0/391,1:3,1:3;19:2;22:11,1:3;19:2;22:11,{},{}
240000005594,LOW_TAIL,,16,407,391,643,23,3,3/407,3/391,23,3,3/407,3/391,,0,0/407,0/391,1:3,0:7;11:0;22:15,0:7;11:0;22:15,{},{}
240000005594,LOW_TAIL,,16,407,391,127,24,2,2/407,2/391,24,2,2/407,2/391,,0,0/407,0/391,1:2,4:9;23:4,4:9;23:4,{},{}
240000005594,LOW_TAIL,,16,407,391,139,25,2,2/407,2/391,25,2,2/407,2/391,,0,0/407,0/391,1:2,1:9;6:1,1:9;6:1,{},{}
240000005594,LOW_TAIL,,16,407,391,167,26,2,2/407,2/391,26,2,2/407,2/391,,0,0/407,0/391,1:2,1:11;8:5,1:11;8:5,{},{}
240000005594,LOW_TAIL,,16,407,391,227,27,2,2/407,2/391,27,2,2/407,2/391,,0,0/407,0/391,1:2,4:4;22:5,4:4;22:5,{},{}
240000005594,LOW_TAIL,,16,407,391,251,28,2,2/407,2/391,28,2,2/407,2/391,,0,0/407,0/391,1:2,17:5;19:14,17:5;19:14,{},{}
240000005594,LOW_TAIL,,16,407,391,311,29,2,2/407,2/391,29,2,2/407,2/391,,0,0/407,0/391,1:2,0:5;15:12,0:5;15:12,{},{}
240000005594,LOW_TAIL,,16,407,391,359,30,2,2/407,2/391,30,2,2/407,2/391,,0,0/407,0/391,1:2,0:9;13:12,0:9;13:12,{},{}
240000005594,LOW_TAIL,,16,407,391,439,31,2,2/407,2/391,31,2,2/407,2/391,,0,0/407,0/391,1:2,6:8;18:14,6:8;18:14,{},{}
240000005594,LOW_TAIL,,16,407,391,443,32,2,2/407,2/391,32,2,2/407,2/391,,0,0/407,0/391,1:2,14:15;21:13,14:15;21:13,{},{}
240000005594,LOW_TAIL,,16,407,391,491,33,2,2/407,2/391,33,2,2/407,2/391,,0,0/407,0/391,1:2,3:1;5:8,3:1;5:8,{},{}
240000005594,LOW_TAIL,,16,407,391,523,34,2,2/407,2/391,34,2,2/407,2/391,,0,0/407,0/391,1:2,0:12;5:11,0:12;5:11,{},{}
240000005594,LOW_TAIL,,16,407,391,587,35,2,2/407,2/391,35,2,2/407,2/391,,0,0/407,0/391,1:2,9:4;10:0,9:4;10:0,{},{}
240000005594,LOW_TAIL,,16,407,391,751,36,2,2/407,2/391,36,2,2/407,2/391,,0,0/407,0/391,1:2,4:6;7:0,4:6;7:0,{},{}
240000005594,LOW_TAIL,,16,407,391,947,37,2,2/407,2/391,37,2,2/407,2/391,,0,0/407,0/391,1:2,4:0;19:13,4:0;19:13,{},{}
240000005594,LOW_TAIL,,16,407,391,1151,38,2,2/407,2/391,38,2,2/407,2/391,,0,0/407,0/391,1:2,15:12;20:1,15:12;20:1,{},{}
240000005594,LOW_TAIL,,16,407,391,1319,39,2,2/407,2/391,39,2,2/407,2/391,,0,0/407,0/391,1:2,11:7;14:15,11:7;14:15,{},{}
240000005594,LOW_TAIL,,16,407,391,1559,40,2,2/407,2/391,40,2,2/407,2/391,,0,0/407,0/391,1:2,2:2;3:5,2:2;3:5,{},{}
240000005594,LOW_TAIL,,16,407,391,8485963,41,2,2/407,2/391,41,2,2/407,2/391,,0,0/407,0/391,1:2,1:2;3:0,1:2;3:0,{},{}
240000005594,LOW_TAIL,,16,407,391,151,42,1,1/407,1/391,42,1,1/407,1/391,,0,0/407,0/391,1:1,18:16,18:16,{},{}
240000005594,LOW_TAIL,,16,407,391,163,43,1,1/407,1/391,43,1,1/407,1/391,,0,0/407,0/391,1:1,4:6,4:6,{},{}
240000005594,LOW_TAIL,,16,407,391,191,44,1,1/407,1/391,44,1,1/407,1/391,,0,0/407,0/391,1:1,5:11,5:11,{},{}
240000005594,LOW_TAIL,,16,407,391,211,45,1,1/407,1/391,45,1,1/407,1/391,,0,0/407,0/391,1:1,17:2,17:2,{},{}
240000005594,LOW_TAIL,,16,407,391,263,46,1,1/407,1/391,46,1,1/407,1/391,,0,0/407,0/391,1:1,10:8,10:8,{},{}
240000005594,LOW_TAIL,,16,407,391,271,47,1,1/407,1/391,47,1,1/407,1/391,,0,0/407,0/391,1:1,21:8,21:8,{},{}
240000005594,LOW_TAIL,,16,407,391,347,48,1,1/407,1/391,48,1,1/407,1/391,,0,0/407,0/391,1:1,7:16,7:16,{},{}
240000005594,LOW_TAIL,,16,407,391,379,49,1,1/407,1/391,49,1,1/407,1/391,,0,0/407,0/391,1:1,21:10,21:10,{},{}
240000005594,LOW_TAIL,,16,407,391,419,50,1,1/407,1/391,50,1,1/407,1/391,,0,0/407,0/391,1:1,11:15,11:15,{},{}
240000005594,LOW_TAIL,,16,407,391,467,51,1,1/407,1/391,51,1,1/407,1/391,,0,0/407,0/391,1:1,21:3,21:3,{},{}
240000005594,LOW_TAIL,,16,407,391,479,52,1,1/407,1/391,52,1,1/407,1/391,,0,0/407,0/391,1:1,15:15,15:15,{},{}
240000005594,LOW_TAIL,,16,407,391,499,53,1,1/407,1/391,53,1,1/407,1/391,,0,0/407,0/391,1:1,22:2,22:2,{},{}
240000005594,LOW_TAIL,,16,407,391,607,54,1,1/407,1/391,54,1,1/407,1/391,,0,0/407,0/391,1:1,9:7,9:7,{},{}
240000005594,LOW_TAIL,,16,407,391,631,55,1,1/407,1/391,55,1,1/407,1/391,,0,0/407,0/391,1:1,11:8,11:8,{},{}
240000005594,LOW_TAIL,,16,407,391,647,56,1,1/407,1/391,56,1,1/407,1/391,,0,0/407,0/391,1:1,16:5,16:5,{},{}
240000005594,LOW_TAIL,,16,407,391,691,57,1,1/407,1/391,57,1,1/407,1/391,,0,0/407,0/391,1:1,16:5,16:5,{},{}
240000005594,LOW_TAIL,,16,407,391,727,58,1,1/407,1/391,58,1,1/407,1/391,,0,0/407,0/391,1:1,4:1,4:1,{},{}
240000005594,LOW_TAIL,,16,407,391,743,59,1,1/407,1/391,59,1,1/407,1/391,,0,0/407,0/391,1:1,16:1,16:1,{},{}
240000005594,LOW_TAIL,,16,407,391,811,60,1,1/407,1/391,60,1,1/407,1/391,,0,0/407,0/391,1:1,2:7,2:7,{},{}
240000005594,LOW_TAIL,,16,407,391,827,61,1,1/407,1/391,61,1,1/407,1/391,,0,0/407,0/391,1:1,20:4,20:4,{},{}
240000005594,LOW_TAIL,,16,407,391,883,62,1,1/407,1/391,62,1,1/407,1/391,,0,0/407,0/391,1:1,4:13,4:13,{},{}
240000005594,LOW_TAIL,,16,407,391,887,63,1,1/407,1/391,63,1,1/407,1/391,,0,0/407,0/391,1:1,19:5,19:5,{},{}
240000005594,LOW_TAIL,,16,407,391,967,64,1,1/407,1/391,64,1,1/407,1/391,,0,0/407,0/391,1:1,17:9,17:9,{},{}
240000005594,LOW_TAIL,,16,407,391,983,65,1,1/407,1/391,65,1,1/407,1/391,,0,0/407,0/391,1:1,9:5,9:5,{},{}
240000005594,LOW_TAIL,,16,407,391,1019,66,1,1/407,1/391,66,1,1/407,1/391,,0,0/407,0/391,1:1,9:9,9:9,{},{}
240000005594,LOW_TAIL,,16,407,391,1051,67,1,1/407,1/391,67,1,1/407,1/391,,0,0/407,0/391,1:1,17:7,17:7,{},{}
240000005594,LOW_TAIL,,16,407,391,1123,68,1,1/407,1/391,68,1,1/407,1/391,,0,0/407,0/391,1:1,14:6,14:6,{},{}
240000005594,LOW_TAIL,,16,407,391,1187,69,1,1/407,1/391,69,1,1/407,1/391,,0,0/407,0/391,1:1,11:9,11:9,{},{}
240000005594,LOW_TAIL,,16,407,391,1223,70,1,1/407,1/391,70,1,1/407,1/391,,0,0/407,0/391,1:1,2:16,2:16,{},{}
240000005594,LOW_TAIL,,16,407,391,1231,71,1,1/407,1/391,71,1,1/407,1/391,,0,0/407,0/391,1:1,14:7,14:7,{},{}
240000005594,LOW_TAIL,,16,407,391,1291,72,1,1/407,1/391,72,1,1/407,1/391,,0,0/407,0/391,1:1,23:10,23:10,{},{}
240000005594,LOW_TAIL,,16,407,391,1303,73,1,1/407,1/391,73,1,1/407,1/391,,0,0/407,0/391,1:1,15:12,15:12,{},{}
240000005594,LOW_TAIL,,16,407,391,1307,74,1,1/407,1/391,74,1,1/407,1/391,,0,0/407,0/391,1:1,5:6,5:6,{},{}
240000005594,LOW_TAIL,,16,407,391,1399,75,1,1/407,1/391,75,1,1/407,1/391,,0,0/407,0/391,1:1,6:15,6:15,{},{}
240000005594,LOW_TAIL,,16,407,391,1523,76,1,1/407,1/391,76,1,1/407,1/391,,0,0/407,0/391,1:1,2:2,2:2,{},{}
240000005594,LOW_TAIL,,16,407,391,1571,77,1,1/407,1/391,77,1,1/407,1/391,,0,0/407,0/391,1:1,6:3,6:3,{},{}
240000005594,LOW_TAIL,,16,407,391,1783,78,1,1/407,1/391,78,1,1/407,1/391,,0,0/407,0/391,1:1,20:13,20:13,{},{}
240000005594,LOW_TAIL,,16,407,391,1823,79,1,1/407,1/391,79,1,1/407,1/391,,0,0/407,0/391,1:1,12:3,12:3,{},{}
240000005594,LOW_TAIL,,16,407,391,1987,80,1,1/407,1/391,80,1,1/407,1/391,,0,0/407,0/391,1:1,5:6,5:6,{},{}
240000005594,LOW_TAIL,,16,407,391,2087,81,1,1/407,1/391,81,1,1/407,1/391,,0,0/407,0/391,1:1,23:6,23:6,{},{}
240000005594,LOW_TAIL,,16,407,391,2267,82,1,1/407,1/391,82,1,1/407,1/391,,0,0/407,0/391,1:1,1:16,1:16,{},{}
240000005594,LOW_TAIL,,16,407,391,2347,83,1,1/407,1/391,83,1,1/407,1/391,,0,0/407,0/391,1:1,14:8,14:8,{},{}
240000005594,LOW_TAIL,,16,407,391,2879,84,1,1/407,1/391,84,1,1/407,1/391,,0,0/407,0/391,1:1,10:1,10:1,{},{}
240000005594,LOW_TAIL,,16,407,391,2887,85,1,1/407,1/391,85,1,1/407,1/391,,0,0/407,0/391,1:1,12:0,12:0,{},{}
240000005594,LOW_TAIL,,16,407,391,3307,86,1,1/407,1/391,86,1,1/407,1/391,,0,0/407,0/391,1:1,9:13,9:13,{},{}
240000005594,LOW_TAIL,,16,407,391,3343,87,1,1/407,1/391,87,1,1/407,1/391,,0,0/407,0/391,1:1,5:7,5:7,{},{}
240000005594,LOW_TAIL,,16,407,391,3347,88,1,1/407,1/391,88,1,1/407,1/391,,0,0/407,0/391,1:1,14:14,14:14,{},{}
240000005594,LOW_TAIL,,16,407,391,3499,89,1,1/407,1/391,89,1,1/407,1/391,,0,0/407,0/391,1:1,19:14,19:14,{},{}
240000005594,LOW_TAIL,,16,407,391,3547,90,1,1/407,1/391,90,1,1/407,1/391,,0,0/407,0/391,1:1,9:15,9:15,{},{}
240000005594,LOW_TAIL,,16,407,391,3803,91,1,1/407,1/391,91,1,1/407,1/391,,0,0/407,0/391,1:1,5:16,5:16,{},{}
240000005594,LOW_TAIL,,16,407,391,4231,92,1,1/407,1/391,92,1,1/407,1/391,,0,0/407,0/391,1:1,2:1,2:1,{},{}
240000005594,LOW_TAIL,,16,407,391,4547,93,1,1/407,1/391,93,1,1/407,1/391,,0,0/407,0/391,1:1,14:6,14:6,{},{}
240000005594,LOW_TAIL,,16,407,391,4799,94,1,1/407,1/391,94,1,1/407,1/391,,0,0/407,0/391,1:1,2:1,2:1,{},{}
240000005594,LOW_TAIL,,16,407,391,4943,95,1,1/407,1/391,95,1,1/407,1/391,,0,0/407,0/391,1:1,4:9,4:9,{},{}
240000005594,LOW_TAIL,,16,407,391,5011,96,1,1/407,1/391,96,1,1/407,1/391,,0,0/407,0/391,1:1,17:7,17:7,{},{}
240000005594,LOW_TAIL,,16,407,391,5087,97,1,1/407,1/391,97,1,1/407,1/391,,0,0/407,0/391,1:1,7:11,7:11,{},{}
240000005594,LOW_TAIL,,16,407,391,5279,98,1,1/407,1/391,98,1,1/407,1/391,,0,0/407,0/391,1:1,1:6,1:6,{},{}
240000005594,LOW_TAIL,,16,407,391,5303,99,1,1/407,1/391,99,1,1/407,1/391,,0,0/407,0/391,1:1,14:5,14:5,{},{}
240000005594,LOW_TAIL,,16,407,391,5323,100,1,1/407,1/391,100,1,1/407,1/391,,0,0/407,0/391,1:1,20:5,20:5,{},{}
240000005594,LOW_TAIL,,16,407,391,5443,101,1,1/407,1/391,101,1,1/407,1/391,,0,0/407,0/391,1:1,18:10,18:10,{},{}
240000005594,LOW_TAIL,,16,407,391,5471,102,1,1/407,1/391,102,1,1/407,1/391,,0,0/407,0/391,1:1,7:12,7:12,{},{}
240000005594,LOW_TAIL,,16,407,391,5651,103,1,1/407,1/391,103,1,1/407,1/391,,0,0/407,0/391,1:1,14:7,14:7,{},{}
240000005594,LOW_TAIL,,16,407,391,5843,104,1,1/407,1/391,104,1,1/407,1/391,,0,0/407,0/391,1:1,9:14,9:14,{},{}
240000005594,LOW_TAIL,,16,407,391,6079,105,1,1/407,1/391,105,1,1/407,1/391,,0,0/407,0/391,1:1,4:13,4:13,{},{}
240000005594,LOW_TAIL,,16,407,391,6551,106,1,1/407,1/391,106,1,1/407,1/391,,0,0/407,0/391,1:1,8:1,8:1,{},{}
240000005594,LOW_TAIL,,16,407,391,6619,107,1,1/407,1/391,107,1,1/407,1/391,,0,0/407,0/391,1:1,5:5,5:5,{},{}
240000005594,LOW_TAIL,,16,407,391,6791,108,1,1/407,1/391,108,1,1/407,1/391,,0,0/407,0/391,1:1,6:13,6:13,{},{}
240000005594,LOW_TAIL,,16,407,391,7027,109,1,1/407,1/391,109,1,1/407,1/391,,0,0/407,0/391,1:1,7:0,7:0,{},{}
240000005594,LOW_TAIL,,16,407,391,7591,110,1,1/407,1/391,110,1,1/407,1/391,,0,0/407,0/391,1:1,17:7,17:7,{},{}
240000005594,LOW_TAIL,,16,407,391,8179,111,1,1/407,1/391,111,1,1/407,1/391,,0,0/407,0/391,1:1,19:4,19:4,{},{}
240000005594,LOW_TAIL,,16,407,391,8363,112,1,1/407,1/391,112,1,1/407,1/391,,0,0/407,0/391,1:1,0:5,0:5,{},{}
240000005594,LOW_TAIL,,16,407,391,8563,113,1,1/407,1/391,113,1,1/407,1/391,,0,0/407,0/391,1:1,12:16,12:16,{},{}
240000005594,LOW_TAIL,,16,407,391,8923,114,1,1/407,1/391,114,1,1/407,1/391,,0,0/407,0/391,1:1,9:3,9:3,{},{}
240000005594,LOW_TAIL,,16,407,391,9227,115,1,1/407,1/391,115,1,1/407,1/391,,0,0/407,0/391,1:1,12:3,12:3,{},{}
240000005594,LOW_TAIL,,16,407,391,9547,116,1,1/407,1/391,116,1,1/407,1/391,,0,0/407,0/391,1:1,3:6,3:6,{},{}
240000005594,LOW_TAIL,,16,407,391,9803,117,1,1/407,1/391,117,1,1/407,1/391,,0,0/407,0/391,1:1,23:11,23:11,{},{}
240000005594,LOW_TAIL,,16,407,391,10687,118,1,1/407,1/391,118,1,1/407,1/391,,0,0/407,0/391,1:1,11:11,11:11,{},{}
240000005594,LOW_TAIL,,16,407,391,10771,119,1,1/407,1/391,119,1,1/407,1/391,,0,0/407,0/391,1:1,15:2,15:2,{},{}
240000005594,LOW_TAIL,,16,407,391,11083,120,1,1/407,1/391,120,1,1/407,1/391,,0,0/407,0/391,1:1,6:7,6:7,{},{}
240000005594,LOW_TAIL,,16,407,391,11467,121,1,1/407,1/391,121,1,1/407,1/391,,0,0/407,0/391,1:1,8:4,8:4,{},{}
240000005594,LOW_TAIL,,16,407,391,12743,122,1,1/407,1/391,122,1,1/407,1/391,,0,0/407,0/391,1:1,0:13,0:13,{},{}
240000005594,LOW_TAIL,,16,407,391,12907,123,1,1/407,1/391,123,1,1/407,1/391,,0,0/407,0/391,1:1,13:1,13:1,{},{}
240000005594,LOW_TAIL,,16,407,391,13003,124,1,1/407,1/391,124,1,1/407,1/391,,0,0/407,0/391,1:1,15:16,15:16,{},{}
240000005594,LOW_TAIL,,16,407,391,13163,125,1,1/407,1/391,125,1,1/407,1/391,,0,0/407,0/391,1:1,12:8,12:8,{},{}
240000005594,LOW_TAIL,,16,407,391,13831,126,1,1/407,1/391,126,1,1/407,1/391,,0,0/407,0/391,1:1,21:9,21:9,{},{}
240000005594,LOW_TAIL,,16,407,391,14747,127,1,1/407,1/391,127,1,1/407,1/391,,0,0/407,0/391,1:1,8:9,8:9,{},{}
240000005594,LOW_TAIL,,16,407,391,18787,128,1,1/407,1/391,128,1,1/407,1/391,,0,0/407,0/391,1:1,11:13,11:13,{},{}
240000005594,LOW_TAIL,,16,407,391,19759,129,1,1/407,1/391,129,1,1/407,1/391,,0,0/407,0/391,1:1,15:8,15:8,{},{}
240000005594,LOW_TAIL,,16,407,391,21503,130,1,1/407,1/391,130,1,1/407,1/391,,0,0/407,0/391,1:1,10:9,10:9,{},{}
240000005594,LOW_TAIL,,16,407,391,22067,131,1,1/407,1/391,131,1,1/407,1/391,,0,0/407,0/391,1:1,23:5,23:5,{},{}
240000005594,LOW_TAIL,,16,407,391,22739,132,1,1/407,1/391,132,1,1/407,1/391,,0,0/407,0/391,1:1,7:0,7:0,{},{}
240000005594,LOW_TAIL,,16,407,391,22811,133,1,1/407,1/391,133,1,1/407,1/391,,0,0/407,0/391,1:1,15:14,15:14,{},{}
240000005594,LOW_TAIL,,16,407,391,23767,134,1,1/407,1/391,134,1,1/407,1/391,,0,0/407,0/391,1:1,21:8,21:8,{},{}
240000005594,LOW_TAIL,,16,407,391,23831,135,1,1/407,1/391,135,1,1/407,1/391,,0,0/407,0/391,1:1,19:7,19:7,{},{}
240000005594,LOW_TAIL,,16,407,391,24547,136,1,1/407,1/391,136,1,1/407,1/391,,0,0/407,0/391,1:1,10:2,10:2,{},{}
240000005594,LOW_TAIL,,16,407,391,24763,137,1,1/407,1/391,137,1,1/407,1/391,,0,0/407,0/391,1:1,5:14,5:14,{},{}
240000005594,LOW_TAIL,,16,407,391,24799,138,1,1/407,1/391,138,1,1/407,1/391,,0,0/407,0/391,1:1,20:0,20:0,{},{}
240000005594,LOW_TAIL,,16,407,391,25903,139,1,1/407,1/391,139,1,1/407,1/391,,0,0/407,0/391,1:1,8:4,8:4,{},{}
240000005594,LOW_TAIL,,16,407,391,26387,140,1,1/407,1/391,140,1,1/407,1/391,,0,0/407,0/391,1:1,1:10,1:10,{},{}
240000005594,LOW_TAIL,,16,407,391,26683,141,1,1/407,1/391,141,1,1/407,1/391,,0,0/407,0/391,1:1,9:13,9:13,{},{}
240000005594,LOW_TAIL,,16,407,391,26863,142,1,1/407,1/391,142,1,1/407,1/391,,0,0/407,0/391,1:1,1:1,1:1,{},{}
240000005594,LOW_TAIL,,16,407,391,28031,143,1,1/407,1/391,143,1,1/407,1/391,,0,0/407,0/391,1:1,18:13,18:13,{},{}
240000005594,LOW_TAIL,,16,407,391,28751,144,1,1/407,1/391,144,1,1/407,1/391,,0,0/407,0/391,1:1,0:9,0:9,{},{}
240000005594,LOW_TAIL,,16,407,391,31859,145,1,1/407,1/391,145,1,1/407,1/391,,0,0/407,0/391,1:1,4:9,4:9,{},{}
240000005594,LOW_TAIL,,16,407,391,33023,146,1,1/407,1/391,146,1,1/407,1/391,,0,0/407,0/391,1:1,5:5,5:5,{},{}
240000005594,LOW_TAIL,,16,407,391,37691,147,1,1/407,1/391,147,1,1/407,1/391,,0,0/407,0/391,1:1,4:2,4:2,{},{}
240000005594,LOW_TAIL,,16,407,391,37799,148,1,1/407,1/391,148,1,1/407,1/391,,0,0/407,0/391,1:1,11:11,11:11,{},{}
240000005594,LOW_TAIL,,16,407,391,39719,149,1,1/407,1/391,149,1,1/407,1/391,,0,0/407,0/391,1:1,23:2,23:2,{},{}
240000005594,LOW_TAIL,,16,407,391,42767,150,1,1/407,1/391,150,1,1/407,1/391,,0,0/407,0/391,1:1,13:10,13:10,{},{}
240000005594,LOW_TAIL,,16,407,391,42923,151,1,1/407,1/391,151,1,1/407,1/391,,0,0/407,0/391,1:1,2:0,2:0,{},{}
240000005594,LOW_TAIL,,16,407,391,44483,152,1,1/407,1/391,152,1,1/407,1/391,,0,0/407,0/391,1:1,5:11,5:11,{},{}
240000005594,LOW_TAIL,,16,407,391,48731,153,1,1/407,1/391,153,1,1/407,1/391,,0,0/407,0/391,1:1,8:16,8:16,{},{}
240000005594,LOW_TAIL,,16,407,391,51071,154,1,1/407,1/391,154,1,1/407,1/391,,0,0/407,0/391,1:1,3:9,3:9,{},{}
240000005594,LOW_TAIL,,16,407,391,52859,155,1,1/407,1/391,155,1,1/407,1/391,,0,0/407,0/391,1:1,10:3,10:3,{},{}
240000005594,LOW_TAIL,,16,407,391,58831,156,1,1/407,1/391,156,1,1/407,1/391,,0,0/407,0/391,1:1,3:2,3:2,{},{}
240000005594,LOW_TAIL,,16,407,391,61703,157,1,1/407,1/391,157,1,1/407,1/391,,0,0/407,0/391,1:1,5:10,5:10,{},{}
240000005594,LOW_TAIL,,16,407,391,64123,158,1,1/407,1/391,158,1,1/407,1/391,,0,0/407,0/391,1:1,19:12,19:12,{},{}
240000005594,LOW_TAIL,,16,407,391,66103,159,1,1/407,1/391,159,1,1/407,1/391,,0,0/407,0/391,1:1,9:16,9:16,{},{}
240000005594,LOW_TAIL,,16,407,391,67511,160,1,1/407,1/391,160,1,1/407,1/391,,0,0/407,0/391,1:1,2:12,2:12,{},{}
240000005594,LOW_TAIL,,16,407,391,67931,161,1,1/407,1/391,161,1,1/407,1/391,,0,0/407,0/391,1:1,17:13,17:13,{},{}
240000005594,LOW_TAIL,,16,407,391,76871,162,1,1/407,1/391,162,1,1/407,1/391,,0,0/407,0/391,1:1,15:8,15:8,{},{}
240000005594,LOW_TAIL,,16,407,391,77743,163,1,1/407,1/391,163,1,1/407,1/391,,0,0/407,0/391,1:1,16:8,16:8,{},{}
240000005594,LOW_TAIL,,16,407,391,100483,164,1,1/407,1/391,164,1,1/407,1/391,,0,0/407,0/391,1:1,5:14,5:14,{},{}
240000005594,LOW_TAIL,,16,407,391,108271,165,1,1/407,1/391,165,1,1/407,1/391,,0,0/407,0/391,1:1,16:13,16:13,{},{}
240000005594,LOW_TAIL,,16,407,391,108907,166,1,1/407,1/391,166,1,1/407,1/391,,0,0/407,0/391,1:1,22:10,22:10,{},{}
240000005594,LOW_TAIL,,16,407,391,112643,167,1,1/407,1/391,167,1,1/407,1/391,,0,0/407,0/391,1:1,10:14,10:14,{},{}
240000005594,LOW_TAIL,,16,407,391,116387,168,1,1/407,1/391,168,1,1/407,1/391,,0,0/407,0/391,1:1,7:3,7:3,{},{}
240000005594,LOW_TAIL,,16,407,391,125927,169,1,1/407,1/391,169,1,1/407,1/391,,0,0/407,0/391,1:1,7:6,7:6,{},{}
240000005594,LOW_TAIL,,16,407,391,132499,170,1,1/407,1/391,170,1,1/407,1/391,,0,0/407,0/391,1:1,19:14,19:14,{},{}
240000005594,LOW_TAIL,,16,407,391,135367,171,1,1/407,1/391,171,1,1/407,1/391,,0,0/407,0/391,1:1,1:1,1:1,{},{}
240000005594,LOW_TAIL,,16,407,391,140071,172,1,1/407,1/391,172,1,1/407,1/391,,0,0/407,0/391,1:1,22:1,22:1,{},{}
240000005594,LOW_TAIL,,16,407,391,153107,173,1,1/407,1/391,173,1,1/407,1/391,,0,0/407,0/391,1:1,14:3,14:3,{},{}
240000005594,LOW_TAIL,,16,407,391,155087,174,1,1/407,1/391,174,1,1/407,1/391,,0,0/407,0/391,1:1,15:4,15:4,{},{}
240000005594,LOW_TAIL,,16,407,391,166919,175,1,1/407,1/391,175,1,1/407,1/391,,0,0/407,0/391,1:1,23:2,23:2,{},{}
240000005594,LOW_TAIL,,16,407,391,167747,176,1,1/407,1/391,176,1,1/407,1/391,,0,0/407,0/391,1:1,17:10,17:10,{},{}
240000005594,LOW_TAIL,,16,407,391,173347,177,1,1/407,1/391,177,1,1/407,1/391,,0,0/407,0/391,1:1,4:8,4:8,{},{}
240000005594,LOW_TAIL,,16,407,391,186019,178,1,1/407,1/391,178,1,1/407,1/391,,0,0/407,0/391,1:1,10:9,10:9,{},{}
240000005594,LOW_TAIL,,16,407,391,206887,179,1,1/407,1/391,179,1,1/407,1/391,,0,0/407,0/391,1:1,20:11,20:11,{},{}
240000005594,LOW_TAIL,,16,407,391,213131,180,1,1/407,1/391,180,1,1/407,1/391,,0,0/407,0/391,1:1,8:3,8:3,{},{}
240000005594,LOW_TAIL,,16,407,391,221987,181,1,1/407,1/391,181,1,1/407,1/391,,0,0/407,0/391,1:1,22:5,22:5,{},{}
240000005594,LOW_TAIL,,16,407,391,228911,182,1,1/407,1/391,182,1,1/407,1/391,,0,0/407,0/391,1:1,9:15,9:15,{},{}
240000005594,LOW_TAIL,,16,407,391,244843,183,1,1/407,1/391,183,1,1/407,1/391,,0,0/407,0/391,1:1,2:3,2:3,{},{}
240000005594,LOW_TAIL,,16,407,391,255923,184,1,1/407,1/391,184,1,1/407,1/391,,0,0/407,0/391,1:1,9:5,9:5,{},{}
240000005594,LOW_TAIL,,16,407,391,257711,185,1,1/407,1/391,185,1,1/407,1/391,,0,0/407,0/391,1:1,13:14,13:14,{},{}
240000005594,LOW_TAIL,,16,407,391,298607,186,1,1/407,1/391,186,1,1/407,1/391,,0,0/407,0/391,1:1,8:13,8:13,{},{}
240000005594,LOW_TAIL,,16,407,391,311951,187,1,1/407,1/391,187,1,1/407,1/391,,0,0/407,0/391,1:1,16:14,16:14,{},{}
240000005594,LOW_TAIL,,16,407,391,339239,188,1,1/407,1/391,188,1,1/407,1/391,,0,0/407,0/391,1:1,9:14,9:14,{},{}
240000005594,LOW_TAIL,,16,407,391,349667,189,1,1/407,1/391,189,1,1/407,1/391,,0,0/407,0/391,1:1,16:7,16:7,{},{}
240000005594,LOW_TAIL,,16,407,391,354743,190,1,1/407,1/391,190,1,1/407,1/391,,0,0/407,0/391,1:1,20:13,20:13,{},{}
240000005594,LOW_TAIL,,16,407,391,355339,191,1,1/407,1/391,191,1,1/407,1/391,,0,0/407,0/391,1:1,18:8,18:8,{},{}
240000005594,LOW_TAIL,,16,407,391,367207,192,1,1/407,1/391,192,1,1/407,1/391,,0,0/407,0/391,1:1,23:5,23:5,{},{}
240000005594,LOW_TAIL,,16,407,391,407527,193,1,1/407,1/391,193,1,1/407,1/391,,0,0/407,0/391,1:1,9:3,9:3,{},{}
240000005594,LOW_TAIL,,16,407,391,511163,194,1,1/407,1/391,194,1,1/407,1/391,,0,0/407,0/391,1:1,9:11,9:11,{},{}
240000005594,LOW_TAIL,,16,407,391,541763,195,1,1/407,1/391,195,1,1/407,1/391,,0,0/407,0/391,1:1,13:13,13:13,{},{}
240000005594,LOW_TAIL,,16,407,391,552379,196,1,1/407,1/391,196,1,1/407,1/391,,0,0/407,0/391,1:1,20:1,20:1,{},{}
240000005594,LOW_TAIL,,16,407,391,579427,197,1,1/407,1/391,197,1,1/407,1/391,,0,0/407,0/391,1:1,20:8,20:8,{},{}
240000005594,LOW_TAIL,,16,407,391,600239,198,1,1/407,1/391,198,1,1/407,1/391,,0,0/407,0/391,1:1,5:12,5:12,{},{}
240000005594,LOW_TAIL,,16,407,391,625343,199,1,1/407,1/391,199,1,1/407,1/391,,0,0/407,0/391,1:1,21:3,21:3,{},{}
240000005594,LOW_TAIL,,16,407,391,661547,200,1,1/407,1/391,200,1,1/407,1/391,,0,0/407,0/391,1:1,3:6,3:6,{},{}
240000005594,LOW_TAIL,,16,407,391,684451,201,1,1/407,1/391,201,1,1/407,1/391,,0,0/407,0/391,1:1,5:1,5:1,{},{}
240000005594,LOW_TAIL,,16,407,391,831799,202,1,1/407,1/391,202,1,1/407,1/391,,0,0/407,0/391,1:1,15:0,15:0,{},{}
240000005594,LOW_TAIL,,16,407,391,865871,203,1,1/407,1/391,203,1,1/407,1/391,,0,0/407,0/391,1:1,23:14,23:14,{},{}
240000005594,LOW_TAIL,,16,407,391,875299,204,1,1/407,1/391,204,1,1/407,1/391,,0,0/407,0/391,1:1,8:6,8:6,{},{}
240000005594,LOW_TAIL,,16,407,391,893419,205,1,1/407,1/391,205,1,1/407,1/391,,0,0/407,0/391,1:1,2:16,2:16,{},{}
240000005594,LOW_TAIL,,16,407,391,937847,206,1,1/407,1/391,206,1,1/407,1/391,,0,0/407,0/391,1:1,19:2,19:2,{},{}
240000005594,LOW_TAIL,,16,407,391,967171,207,1,1/407,1/391,207,1,1/407,1/391,,0,0/407,0/391,1:1,1:8,1:8,{},{}
240000005594,LOW_TAIL,,16,407,391,1003931,208,1,1/407,1/391,208,1,1/407,1/391,,0,0/407,0/391,1:1,11:15,11:15,{},{}
240000005594,LOW_TAIL,,16,407,391,1045819,209,1,1/407,1/391,209,1,1/407,1/391,,0,0/407,0/391,1:1,3:13,3:13,{},{}
240000005594,LOW_TAIL,,16,407,391,1144879,210,1,1/407,1/391,210,1,1/407,1/391,,0,0/407,0/391,1:1,3:14,3:14,{},{}
240000005594,LOW_TAIL,,16,407,391,1150183,211,1,1/407,1/391,211,1,1/407,1/391,,0,0/407,0/391,1:1,2:11,2:11,{},{}
240000005594,LOW_TAIL,,16,407,391,1153183,212,1,1/407,1/391,212,1,1/407,1/391,,0,0/407,0/391,1:1,20:4,20:4,{},{}
240000005594,LOW_TAIL,,16,407,391,1169491,213,1,1/407,1/391,213,1,1/407,1/391,,0,0/407,0/391,1:1,19:9,19:9,{},{}
240000005594,LOW_TAIL,,16,407,391,1170583,214,1,1/407,1/391,214,1,1/407,1/391,,0,0/407,0/391,1:1,3:16,3:16,{},{}
240000005594,LOW_TAIL,,16,407,391,1192151,215,1,1/407,1/391,215,1,1/407,1/391,,0,0/407,0/391,1:1,20:0,20:0,{},{}
240000005594,LOW_TAIL,,16,407,391,1234231,216,1,1/407,1/391,216,1,1/407,1/391,,0,0/407,0/391,1:1,20:5,20:5,{},{}
240000005594,LOW_TAIL,,16,407,391,1276007,217,1,1/407,1/391,217,1,1/407,1/391,,0,0/407,0/391,1:1,12:16,12:16,{},{}
240000005594,LOW_TAIL,,16,407,391,1303091,218,1,1/407,1/391,218,1,1/407,1/391,,0,0/407,0/391,1:1,6:11,6:11,{},{}
240000005594,LOW_TAIL,,16,407,391,1389371,219,1,1/407,1/391,219,1,1/407,1/391,,0,0/407,0/391,1:1,10:1,10:1,{},{}
240000005594,LOW_TAIL,,16,407,391,1702823,220,1,1/407,1/391,220,1,1/407,1/391,,0,0/407,0/391,1:1,15:1,15:1,{},{}
240000005594,LOW_TAIL,,16,407,391,1736131,221,1,1/407,1/391,221,1,1/407,1/391,,0,0/407,0/391,1:1,16:10,16:10,{},{}
240000005594,LOW_TAIL,,16,407,391,1752659,222,1,1/407,1/391,222,1,1/407,1/391,,0,0/407,0/391,1:1,1:16,1:16,{},{}
240000005594,LOW_TAIL,,16,407,391,1796219,223,1,1/407,1/391,223,1,1/407,1/391,,0,0/407,0/391,1:1,1:3,1:3,{},{}
240000005594,LOW_TAIL,,16,407,391,2066507,224,1,1/407,1/391,224,1,1/407,1/391,,0,0/407,0/391,1:1,1:6,1:6,{},{}
240000005594,LOW_TAIL,,16,407,391,2102567,225,1,1/407,1/391,225,1,1/407,1/391,,0,0/407,0/391,1:1,7:8,7:8,{},{}
240000005594,LOW_TAIL,,16,407,391,2118491,226,1,1/407,1/391,226,1,1/407,1/391,,0,0/407,0/391,1:1,8:8,8:8,{},{}
240000005594,LOW_TAIL,,16,407,391,3336299,227,1,1/407,1/391,227,1,1/407,1/391,,0,0/407,0/391,1:1,6:0,6:0,{},{}
240000005594,LOW_TAIL,,16,407,391,3411223,228,1,1/407,1/391,228,1,1/407,1/391,,0,0/407,0/391,1:1,4:3,4:3,{},{}
240000005594,LOW_TAIL,,16,407,391,3468307,229,1,1/407,1/391,229,1,1/407,1/391,,0,0/407,0/391,1:1,9:7,9:7,{},{}
240000005594,LOW_TAIL,,16,407,391,3816427,230,1,1/407,1/391,230,1,1/407,1/391,,0,0/407,0/391,1:1,11:3,11:3,{},{}
240000005594,LOW_TAIL,,16,407,391,4992019,231,1,1/407,1/391,231,1,1/407,1/391,,0,0/407,0/391,1:1,23:6,23:6,{},{}
240000005594,LOW_TAIL,,16,407,391,5313967,232,1,1/407,1/391,232,1,1/407,1/391,,0,0/407,0/391,1:1,0:1,0:1,{},{}
240000005594,LOW_TAIL,,16,407,391,5736067,233,1,1/407,1/391,233,1,1/407,1/391,,0,0/407,0/391,1:1,17:6,17:6,{},{}
240000005594,LOW_TAIL,,16,407,391,6309239,234,1,1/407,1/391,234,1,1/407,1/391,,0,0/407,0/391,1:1,14:12,14:12,{},{}
240000005594,LOW_TAIL,,16,407,391,6367003,235,1,1/407,1/391,235,1,1/407,1/391,,0,0/407,0/391,1:1,0:12,0:12,{},{}
240000005594,LOW_TAIL,,16,407,391,7204031,236,1,1/407,1/391,236,1,1/407,1/391,,0,0/407,0/391,1:1,18:16,18:16,{},{}
240000005594,LOW_TAIL,,16,407,391,7228651,237,1,1/407,1/391,237,1,1/407,1/391,,0,0/407,0/391,1:1,22:7,22:7,{},{}
240000005594,LOW_TAIL,,16,407,391,7302331,238,1,1/407,1/391,238,1,1/407,1/391,,0,0/407,0/391,1:1,13:4,13:4,{},{}
240000005594,LOW_TAIL,,16,407,391,7490611,239,1,1/407,1/391,239,1,1/407,1/391,,0,0/407,0/391,1:1,5:15,5:15,{},{}
240000005594,LOW_TAIL,,16,407,391,8492567,240,1,1/407,1/391,240,1,1/407,1/391,,0,0/407,0/391,1:1,10:5,10:5,{},{}
240000005594,LOW_TAIL,,16,407,391,8552491,241,1,1/407,1/391,241,1,1/407,1/391,,0,0/407,0/391,1:1,3:5,3:5,{},{}
240000005594,LOW_TAIL,,16,407,391,9086191,242,1,1/407,1/391,242,1,1/407,1/391,,0,0/407,0/391,1:1,22:4,22:4,{},{}
240000005594,LOW_TAIL,,16,407,391,9465011,243,1,1/407,1/391,243,1,1/407,1/391,,0,0/407,0/391,1:1,16:0,16:0,{},{}
240000005594,LOW_TAIL,,16,407,391,10391387,244,1,1/407,1/391,244,1,1/407,1/391,,0,0/407,0/391,1:1,12:0,12:0,{},{}
240000005594,LOW_TAIL,,16,407,391,10451851,245,1,1/407,1/391,245,1,1/407,1/391,,0,0/407,0/391,1:1,22:2,22:2,{},{}
240000005594,LOW_TAIL,,16,407,391,11406823,246,1,1/407,1/391,246,1,1/407,1/391,,0,0/407,0/391,1:1,10:8,10:8,{},{}
240000005594,LOW_TAIL,,16,407,391,12268583,247,1,1/407,1/391,247,1,1/407,1/391,,0,0/407,0/391,1:1,13:8,13:8,{},{}
240000005594,LOW_TAIL,,16,407,391,13297783,248,1,1/407,1/391,248,1,1/407,1/391,,0,0/407,0/391,1:1,18:14,18:14,{},{}
240000005594,LOW_TAIL,,16,407,391,13330367,249,1,1/407,1/391,249,1,1/407,1/391,,0,0/407,0/391,1:1,0:7,0:7,{},{}
240000005594,LOW_TAIL,,16,407,391,13393607,250,1,1/407,1/391,250,1,1/407,1/391,,0,0/407,0/391,1:1,21:6,21:6,{},{}
240000005594,LOW_TAIL,,16,407,391,13749403,251,1,1/407,1/391,251,1,1/407,1/391,,0,0/407,0/391,1:1,17:14,17:14,{},{}
240000005594,LOW_TAIL,,16,407,391,14471183,252,1,1/407,1/391,252,1,1/407,1/391,,0,0/407,0/391,1:1,14:13,14:13,{},{}
240000005594,LOW_TAIL,,16,407,391,15306119,253,1,1/407,1/391,253,1,1/407,1/391,,0,0/407,0/391,1:1,10:4,10:4,{},{}
240000005594,LOW_TAIL,,16,407,391,15534067,254,1,1/407,1/391,254,1,1/407,1/391,,0,0/407,0/391,1:1,16:11,16:11,{},{}
240000005594,LOW_TAIL,,16,407,391,15798067,255,1,1/407,1/391,255,1,1/407,1/391,,0,0/407,0/391,1:1,10:15,10:15,{},{}
240000005594,LOW_TAIL,,16,407,391,17773807,256,1,1/407,1/391,256,1,1/407,1/391,,0,0/407,0/391,1:1,14:11,14:11,{},{}
240000005594,LOW_TAIL,,16,407,391,18126151,257,1,1/407,1/391,257,1,1/407,1/391,,0,0/407,0/391,1:1,6:10,6:10,{},{}
240000005594,LOW_TAIL,,16,407,391,18126883,258,1,1/407,1/391,258,1,1/407,1/391,,0,0/407,0/391,1:1,10:6,10:6,{},{}
240000005594,LOW_TAIL,,16,407,391,18879799,259,1,1/407,1/391,259,1,1/407,1/391,,0,0/407,0/391,1:1,4:4,4:4,{},{}
240000005594,LOW_TAIL,,16,407,391,20035919,260,1,1/407,1/391,260,1,1/407,1/391,,0,0/407,0/391,1:1,7:10,7:10,{},{}
240000005594,LOW_TAIL,,16,407,391,20113747,261,1,1/407,1/391,261,1,1/407,1/391,,0,0/407,0/391,1:1,6:12,6:12,{},{}
240000005594,LOW_TAIL,,16,407,391,21202211,262,1,1/407,1/391,262,1,1/407,1/391,,0,0/407,0/391,1:1,7:13,7:13,{},{}
240000005594,LOW_TAIL,,16,407,391,23674331,263,1,1/407,1/391,263,1,1/407,1/391,,0,0/407,0/391,1:1,1:13,1:13,{},{}
240000005594,LOW_TAIL,,16,407,391,24832987,264,1,1/407,1/391,264,1,1/407,1/391,,0,0/407,0/391,1:1,6:16,6:16,{},{}
240000005594,LOW_TAIL,,16,407,391,26660723,265,1,1/407,1/391,265,1,1/407,1/391,,0,0/407,0/391,1:1,11:0,11:0,{},{}
240000005594,LOW_TAIL,,16,407,391,27687131,266,1,1/407,1/391,266,1,1/407,1/391,,0,0/407,0/391,1:1,13:15,13:15,{},{}
240000005594,LOW_TAIL,,16,407,391,30356327,267,1,1/407,1/391,267,1,1/407,1/391,,0,0/407,0/391,1:1,13:12,13:12,{},{}
240000005594,LOW_TAIL,,16,407,391,31855727,268,1,1/407,1/391,268,1,1/407,1/391,,0,0/407,0/391,1:1,4:16,4:16,{},{}
240000005594,LOW_TAIL,,16,407,391,32957923,269,1,1/407,1/391,269,1,1/407,1/391,,0,0/407,0/391,1:1,9:8,9:8,{},{}
240000005594,LOW_TAIL,,16,407,391,34181071,270,1,1/407,1/391,270,1,1/407,1/391,,0,0/407,0/391,1:1,10:11,10:11,{},{}
240000005594,LOW_TAIL,,16,407,391,39465427,271,1,1/407,1/391,271,1,1/407,1/391,,0,0/407,0/391,1:1,17:3,17:3,{},{}
240000005594,LOW_TAIL,,16,407,391,46654807,272,1,1/407,1/391,272,1,1/407,1/391,,0,0/407,0/391,1:1,5:13,5:13,{},{}
240000005594,LOW_TAIL,,16,407,391,46674443,273,1,1/407,1/391,273,1,1/407,1/391,,0,0/407,0/391,1:1,9:1,9:1,{},{}
240000005594,LOW_TAIL,,16,407,391,51864179,274,1,1/407,1/391,274,1,1/407,1/391,,0,0/407,0/391,1:1,18:7,18:7,{},{}
240000005594,LOW_TAIL,,16,407,391,53092267,275,1,1/407,1/391,275,1,1/407,1/391,,0,0/407,0/391,1:1,17:5,17:5,{},{}
240000005594,LOW_TAIL,,16,407,391,59376451,276,1,1/407,1/391,276,1,1/407,1/391,,0,0/407,0/391,1:1,3:8,3:8,{},{}
240000005594,LOW_TAIL,,16,407,391,61503227,277,1,1/407,1/391,277,1,1/407,1/391,,0,0/407,0/391,1:1,22:0,22:0,{},{}
240000005594,LOW_TAIL,,16,407,391,68002399,278,1,1/407,1/391,278,1,1/407,1/391,,0,0/407,0/391,1:1,18:12,18:12,{},{}
240000005594,LOW_TAIL,,16,407,391,141843659,279,1,1/407,1/391,279,1,1/407,1/391,,0,0/407,0/391,1:1,12:5,12:5,{},{}
240000005594,LOW_TAIL,,16,407,391,141866287,280,1,1/407,1/391,280,1,1/407,1/391,,0,0/407,0/391,1:1,21:2,21:2,{},{}
240000005594,LOW_TAIL,,16,407,391,148508483,281,1,1/407,1/391,281,1,1/407,1/391,,0,0/407,0/391,1:1,12:10,12:10,{},{}
240000005594,LOW_TAIL,,16,407,391,149164711,282,1,1/407,1/391,282,1,1/407,1/391,,0,0/407,0/391,1:1,13:16,13:16,{},{}
240000005594,LOW_TAIL,,16,407,391,158102719,283,1,1/407,1/391,283,1,1/407,1/391,,0,0/407,0/391,1:1,3:7,3:7,{},{}
240000005594,LOW_TAIL,,16,407,391,191387423,284,1,1/407,1/391,284,1,1/407,1/391,,0,0/407,0/391,1:1,11:1,11:1,{},{}
240000005594,LOW_TAIL,,16,407,391,193548391,285,1,1/407,1/391,285,1,1/407,1/391,,0,0/407,0/391,1:1,6:2,6:2,{},{}
240000005594,LOW_TAIL,,16,407,391,234914299,286,1,1/407,1/391,286,1,1/407,1/391,,0,0/407,0/391,1:1,18:3,18:3,{},{}
240000005594,LOW_TAIL,,16,407,391,253826891,287,1,1/407,1/391,287,1,1/407,1/391,,0,0/407,0/391,1:1,18:0,18:0,{},{}
240000005594,LOW_TAIL,,16,407,391,291968431,288,1,1/407,1/391,288,1,1/407,1/391,,0,0/407,0/391,1:1,7:9,7:9,{},{}
240000005594,LOW_TAIL,,16,407,391,351480583,289,1,1/407,1/391,289,1,1/407,1/391,,0,0/407,0/391,1:1,0:15,0:15,{},{}
240000005594,LOW_TAIL,,16,407,391,371873063,290,1,1/407,1/391,290,1,1/407,1/391,,0,0/407,0/391,1:1,20:9,20:9,{},{}
240000005594,LOW_TAIL,,16,407,391,408162371,291,1,1/407,1/391,291,1,1/407,1/391,,0,0/407,0/391,1:1,12:1,12:1,{},{}
240000005594,LOW_TAIL,,16,407,391,412371143,292,1,1/407,1/391,292,1,1/407,1/391,,0,0/407,0/391,1:1,5:3,5:3,{},{}
240000005594,LOW_TAIL,,16,407,391,476821483,293,1,1/407,1/391,293,1,1/407,1/391,,0,0/407,0/391,1:1,20:10,20:10,{},{}
240000005594,LOW_TAIL,,16,407,391,579709723,294,1,1/407,1/391,294,1,1/407,1/391,,0,0/407,0/391,1:1,11:5,11:5,{},{}
240000005594,LOW_TAIL,,16,407,391,635788019,295,1,1/407,1/391,295,1,1/407,1/391,,0,0/407,0/391,1:1,20:7,20:7,{},{}
240000005594,LOW_TAIL,,16,407,391,871670599,296,1,1/407,1/391,296,1,1/407,1/391,,0,0/407,0/391,1:1,19:0,19:0,{},{}
240000005594,LOW_TAIL,,16,407,391,1081016471,297,1,1/407,1/391,297,1,1/407,1/391,,0,0/407,0/391,1:1,15:3,15:3,{},{}
240000005594,LOW_TAIL,,16,407,391,1303865971,298,1,1/407,1/391,298,1,1/407,1/391,,0,0/407,0/391,1:1,22:8,22:8,{},{}
240000005594,LOW_TAIL,,16,407,391,1331181011,299,1,1/407,1/391,299,1,1/407,1/391,,0,0/407,0/391,1:1,18:5,18:5,{},{}
240000005594,LOW_TAIL,,16,407,391,1379227463,300,1,1/407,1/391,300,1,1/407,1/391,,0,0/407,0/391,1:1,15:7,15:7,{},{}
240000005594,LOW_TAIL,,16,407,391,1411764623,301,1,1/407,1/391,301,1,1/407,1/391,,0,0/407,0/391,1:1,9:0,9:0,{},{}
240000005594,LOW_TAIL,,16,407,391,1558440343,302,1,1/407,1/391,302,1,1/407,1/391,,0,0/407,0/391,1:1,11:6,11:6,{},{}
240000005594,LOW_TAIL,,16,407,391,1818181219,303,1,1/407,1/391,303,1,1/407,1/391,,0,0/407,0/391,1:1,8:7,8:7,{},{}
240000005594,LOW_TAIL,,16,407,391,1904749271,304,1,1/407,1/391,304,1,1/407,1/391,,0,0/407,0/391,1:1,13:5,13:5,{},{}
240000005594,LOW_TAIL,,16,407,391,1904761907,305,1,1/407,1/391,305,1,1/407,1/391,,0,0/407,0/391,1:1,7:5,7:5,{},{}
240000005594,LOW_TAIL,,16,407,391,2604685067,306,1,1/407,1/391,306,1,1/407,1/391,,0,0/407,0/391,1:1,22:12,22:12,{},{}
240000005594,LOW_TAIL,,16,407,391,2670771359,307,1,1/407,1/391,307,1,1/407,1/391,,0,0/407,0/391,1:1,19:15,19:15,{},{}
240000005594,LOW_TAIL,,16,407,391,2724498391,308,1,1/407,1/391,308,1,1/407,1/391,,0,0/407,0/391,1:1,8:12,8:12,{},{}
240000005594,LOW_TAIL,,16,407,391,2857135667,309,1,1/407,1/391,309,1,1/407,1/391,,0,0/407,0/391,1:1,12:7,12:7,{},{}
240000005594,LOW_TAIL,,16,407,391,2926809703,310,1,1/407,1/391,310,1,1/407,1/391,,0,0/407,0/391,1:1,13:6,13:6,{},{}
240000005594,LOW_TAIL,,16,407,391,3076922119,311,1,1/407,1/391,311,1,1/407,1/391,,0,0/407,0/391,1:1,7:7,7:7,{},{}
240000005594,LOW_TAIL,,16,407,391,4441148839,312,1,1/407,1/391,312,1,1/407,1/391,,0,0/407,0/391,1:1,17:11,17:11,{},{}
240000005594,LOW_TAIL,,16,407,391,4443274603,313,1,1/407,1/391,313,1,1/407,1/391,,0,0/407,0/391,1:1,15:11,15:11,{},{}
240000005594,LOW_TAIL,,16,407,391,4443540323,314,1,1/407,1/391,314,1,1/407,1/391,,0,0/407,0/391,1:1,3:11,3:11,{},{}
240000005594,LOW_TAIL,,16,407,391,5062885759,315,1,1/407,1/391,315,1,1/407,1/391,,0,0/407,0/391,1:1,22:14,22:14,{},{}
240000005594,LOW_TAIL,,16,407,391,5215473259,316,1,1/407,1/391,316,1,1/407,1/391,,0,0/407,0/391,1:1,22:6,22:6,{},{}
240000005594,LOW_TAIL,,16,407,391,7058818483,317,1,1/407,1/391,317,1,1/407,1/391,,0,0/407,0/391,1:1,11:2,11:2,{},{}
240000005594,LOW_TAIL,,16,407,391,7499850707,318,1,1/407,1/391,318,1,1/407,1/391,,0,0/407,0/391,1:1,14:0,14:0,{},{}
240000005594,LOW_TAIL,,16,407,391,7499983079,319,1,1/407,1/391,319,1,1/407,1/391,,0,0/407,0/391,1:1,12:6,12:6,{},{}
240000005594,LOW_TAIL,,16,407,391,10000000207,320,1,1/407,1/391,320,1,1/407,1/391,,0,0/407,0/391,1:1,0:4,0:4,{},{}
240000005594,LOW_TAIL,,16,407,391,19223208107,321,1,1/407,1/391,321,1,1/407,1/391,,0,0/407,0/391,1:1,23:15,23:15,{},{}
240000005594,LOW_TAIL,,16,407,391,19996250479,322,1,1/407,1/391,322,1,1/407,1/391,,0,0/407,0/391,1:1,16:9,16:9,{},{}
240000005594,LOW_TAIL,,16,407,391,19999793419,323,1,1/407,1/391,323,1,1/407,1/391,,0,0/407,0/391,1:1,12:9,12:9,{},{}
240000005594,LOW_TAIL,,16,407,391,22953965239,324,1,1/407,1/391,324,1,1/407,1/391,,0,0/407,0/391,1:1,21:0,21:0,{},{}
240000005594,LOW_TAIL,,16,407,391,24000000559,325,1,1/407,1/391,325,1,1/407,1/391,,0,0/407,0/391,1:1,1:0,1:0,{},{}
240000005594,LOW_TAIL,,16,407,391,24309471127,326,1,1/407,1/391,326,1,1/407,1/391,,0,0/407,0/391,1:1,23:1,23:1,{},{}
240000005594,LOW_TAIL,,16,407,391,29533635071,327,1,1/407,1/391,327,1,1/407,1/391,,0,0/407,0/391,1:1,20:12,20:12,{},{}
240000005594,LOW_TAIL,,16,407,391,29969483111,328,1,1/407,1/391,328,1,1/407,1/391,,0,0/407,0/391,1:1,4:12,4:12,{},{}
240000005594,LOW_TAIL,,16,407,391,29999999879,329,1,1/407,1/391,329,1,1/407,1/391,,0,0/407,0/391,1:1,8:0,8:0,{},{}
240000005594,LOW_TAIL,,16,407,391,34892214551,330,1,1/407,1/391,330,1,1/407,1/391,,0,0/407,0/391,1:1,17:15,17:15,{},{}
240000005594,LOW_TAIL,,16,407,391,39794158927,331,1,1/407,1/391,331,1,1/407,1/391,,0,0/407,0/391,1:1,15:13,15:13,{},{}
240000005594,LOW_TAIL,,16,407,391,39999675371,332,1,1/407,1/391,332,1,1/407,1/391,,0,0/407,0/391,1:1,5:9,5:9,{},{}
240000005594,LOW_TAIL,,16,407,391,40000000907,333,1,1/407,1/391,333,1,1/407,1/391,,0,0/407,0/391,1:1,3:3,3:3,{},{}
240000005594,LOW_TAIL,,16,407,391,43641487403,334,1,1/407,1/391,334,1,1/407,1/391,,0,0/407,0/391,1:1,17:16,17:16,{},{}
240000005594,LOW_TAIL,,16,407,391,59987794367,335,1,1/407,1/391,335,1,1/407,1/391,,0,0/407,0/391,1:1,0:11,0:11,{},{}
240000005594,LOW_TAIL,,16,407,391,116948156411,336,1,1/407,1/391,336,1,1/407,1/391,,0,0/407,0/391,1:1,11:14,11:14,{},{}
240000005594,LOW_TAIL,,16,407,391,116948243891,337,1,1/407,1/391,337,1,1/407,1/391,,0,0/407,0/391,1:1,7:14,7:14,{},{}
240000005594,LOW_TAIL,,16,407,391,116948244983,338,1,1/407,1/391,338,1,1/407,1/391,,0,0/407,0/391,1:1,1:14,1:14,{},{}
240000005594,LOW_TAIL,,16,407,391,119413989251,339,1,1/407,1/391,339,1,1/407,1/391,,0,0/407,0/391,1:1,19:10,19:10,{},{}
240000005594,LOW_TAIL,,16,407,391,119935432403,340,1,1/407,1/391,340,1,1/407,1/391,,0,0/407,0/391,1:1,17:4,17:4,{},{}
240000005594,LOW_TAIL,,16,407,391,119995110143,341,1,1/407,1/391,341,1,1/407,1/391,,0,0/407,0/391,1:1,9:10,9:10,{},{}
240000005594,LOW_TAIL,,16,407,391,119999913911,342,1,1/407,1/391,342,1,1/407,1/391,,0,0/407,0/391,1:1,11:4,11:4,{},{}
240000005594,LOW_TAIL,,16,407,391,119999985143,343,1,1/407,1/391,343,1,1/407,1/391,,0,0/407,0/391,1:1,9:6,9:6,{},{}
240000005594,LOW_TAIL,,16,407,391,119999992943,344,1,1/407,1/391,344,1,1/407,1/391,,0,0/407,0/391,1:1,9:2,9:2,{},{}
240000005594,LOW_TAIL,,16,407,391,120000001391,345,1,1/407,1/391,345,1,1/407,1/391,,0,0/407,0/391,1:1,7:4,7:4,{},{}
240000005594,LOW_TAIL,,16,407,391,120000001691,346,1,1/407,1/391,346,1,1/407,1/391,,0,0/407,0/391,1:1,7:2,7:2,{},{}
240000005594,LOW_TAIL,,16,407,391,120000002483,347,1,1/407,1/391,347,1,1/407,1/391,,0,0/407,0/391,1:1,1:4,1:4,{},{}
240000005594,LOW_TAIL,,16,407,391,120000002663,348,1,1/407,1/391,348,1,1/407,1/391,,0,0/407,0/391,1:1,5:2,5:2,{},{}
240000004802,LOW_TAIL,,18,407,389,3,1,166,166/407,166/389,1,143,143/407,143/389,1,23,23/407,23/389,1:143;3:23,0:2;0:4;0:6;0:8;0:10;0:14;0:16;1:1;1:3;1:5;1:7;1:11;1:13;2:1;2:3;2:7;2:9;2:13;2:15;3:1;3:3;3:5;3:7;3:9;3:13;3:15;4:1;4:3;4:5;4:7;4:9;4:13;4:15;5:1;5:3;5:5;5:7;5:9;5:13;5:15;6:1;6:3;6:5;6:7;6:9;6:13;6:15;7:1;7:3;7:5;7:7;7:9;7:13;7:15;8:1;8:3;8:5;8:7;8:9;8:13;8:15;9:1;9:3;9:5;9:7;9:9;9:13;9:15;10:1;10:3;10:5;10:7;10:9;10:13;10:15;11:1;11:3;11:5;11:7;11:9;11:13;11:15;12:1;12:3;12:5;12:7;12:9;12:13;12:15;13:1;13:3;13:5;13:7;13:9;13:13;13:15;14:1;14:3;14:5;14:7;14:9;14:13;14:15;15:1;15:3;15:5;15:7;15:9;15:13;15:15;16:1;16:3;16:5;16:7;16:9;16:13;16:15;17:1;17:3;17:5;17:7;17:9;17:13;17:15;18:1;18:3;18:5;18:7;18:9;18:13;18:15;19:1;19:3;19:5;19:7;19:9;19:13;19:15;20:1;20:3;20:5;20:7;20:9;20:13;20:15;21:1;21:3;21:5;21:7;21:9;21:13;21:15;22:1;22:3;22:5;22:7;22:9;22:13;22:15;23:1;23:3;23:5;23:7;23:9;23:13;23:15,0:2;0:4;0:8;0:10;0:14;0:16;1:1;1:5;1:7;1:11;1:13;2:1;2:3;2:7;2:9;2:13;2:15;3:1;3:3;3:7;3:9;3:13;3:15;4:1;4:3;4:7;4:9;4:13;4:15;5:1;5:3;5:7;5:9;5:13;5:15;6:1;6:3;6:7;6:9;6:13;6:15;7:1;7:3;7:7;7:9;7:13;7:15;8:1;8:3;8:7;8:9;8:13;8:15;9:1;9:3;9:7;9:9;9:13;9:15;10:1;10:3;10:7;10:9;10:13;10:15;11:1;11:3;11:7;11:9;11:13;11:15;12:1;12:3;12:7;12:9;12:13;12:15;13:1;13:3;13:7;13:9;13:13;13:15;14:1;14:3;14:7;14:9;14:13;14:15;15:1;15:3;15:7;15:9;15:13;15:15;16:1;16:3;16:7;16:9;16:13;16:15;17:1;17:3;17:7;17:9;17:13;17:15;18:1;18:3;18:7;18:9;18:13;18:15;19:1;19:3;19:7;19:9;19:13;19:15;20:1;20:3;20:7;20:9;20:13;20:15;21:1;21:3;21:7;21:9;21:13;21:15;22:1;22:3;22:7;22:9;22:13;22:15;23:1;23:3;23:7;23:9;23:13;23:15,"{""3"":[[0,6],[1,3],[3,5],[4,5],[5,5],[6,5],[7,5],[8,5],[9,5],[10,5],[11,5],[12,5],[13,5],[14,5],[15,5],[16,5],[17,5],[18,5],[19,5],[20,5],[21,5],[22,5],[23,5]]}","{""3"":""81""}"
240000004802,LOW_TAIL,,18,407,389,7,2,48,48/407,48/389,2,48,48/407,48/389,,0,0/407,0/389,1:48,0:2;0:8;0:14;1:4;1:10;1:16;2:5;2:11;3:3;3:9;3:15;4:6;4:12;6:2;6:8;6:14;7:4;7:10;7:16;8:11;9:3;9:9;9:15;10:0;10:6;10:12;12:2;12:14;13:4;13:16;14:5;14:11;15:3;15:9;16:0;16:6;16:12;18:2;18:8;18:14;19:4;19:10;19:16;20:5;21:3;21:15;22:0;22:6,0:2;0:8;0:14;1:4;1:10;1:16;2:5;2:11;3:3;3:9;3:15;4:6;4:12;6:2;6:8;6:14;7:4;7:10;7:16;8:11;9:3;9:9;9:15;10:0;10:6;10:12;12:2;12:14;13:4;13:16;14:5;14:11;15:3;15:9;16:0;16:6;16:12;18:2;18:8;18:14;19:4;19:10;19:16;20:5;21:3;21:15;22:0;22:6,{},{}
240000004802,LOW_TAIL,,18,407,389,11,3,42,42/407,42/389,3,42,42/407,42/389,,0,0/407,0/389,1:42,1:6;1:11;1:16;3:2;3:7;3:12;4:3;4:8;4:13;6:6;6:11;6:16;8:2;8:7;8:12;9:3;9:8;9:13;11:6;11:11;11:16;13:2;13:7;13:12;14:3;14:8;14:13;16:6;16:11;16:16;18:2;18:7;18:12;19:3;19:8;19:13;21:6;21:11;21:16;23:2;23:7;23:12,1:6;1:11;1:16;3:2;3:7;3:12;4:3;4:8;4:13;6:6;6:11;6:16;8:2;8:7;8:12;9:3;9:8;9:13;11:6;11:11;11:16;13:2;13:7;13:12;14:3;14:8;14:13;16:6;16:11;16:16;18:2;18:7;18:12;19:3;19:8;19:13;21:6;21:11;21:16;23:2;23:7;23:12,{},{}
240000004802,LOW_TAIL,,18,407,389,19,4,22,22/407,22/389,4,22,22/407,22/389,,0,0/407,0/389,1:22,0:0;0:9;4:7;4:16;5:2;5:11;10:1;10:10;11:3;11:12;13:6;14:4;14:13;15:5;15:14;16:8;18:0;18:9;22:7;22:16;23:2;23:11,0:0;0:9;4:7;4:16;5:2;5:11;10:1;10:10;11:3;11:12;13:6;14:4;14:13;15:5;15:14;16:8;18:0;18:9;22:7;22:16;23:2;23:11,{},{}
240000004802,LOW_TAIL,,18,407,389,23,5,22,22/407,22/389,5,22,22/407,22/389,,0,0/407,0/389,1:22,0:3;1:6;2:2;4:11;5:13;6:12;7:10;8:1;9:8;10:16;11:3;12:6;13:2;15:11;16:13;17:12;18:10;19:1;20:8;21:16;22:3;23:6,0:3;1:6;2:2;4:11;5:13;6:12;7:10;8:1;9:8;10:16;11:3;12:6;13:2;15:11;16:13;17:12;18:10;19:1;20:8;21:16;22:3;23:6,{},{}
240000004802,LOW_TAIL,,18,407,389,31,6,10,10/407,10/389,6,10,10/407,10/389,,0,0/407,0/389,1:10,4:1;4:4;4:7;4:10;4:13;15:2;15:5;15:8;15:11;15:14,4:1;4:4;4:7;4:10;4:13;15:2;15:5;15:8;15:11;15:14,{},{}
240000004802,LOW_TAIL,,18,407,389,43,7,10,10/407,10/389,7,10,10/407,10/389,,0,0/407,0/389,1:10,2:8;5:7;6:10;8:16;9:13;14:5;17:3;20:15;21:4;22:2,2:8;5:7;6:10;8:16;9:13;14:5;17:3;20:15;21:4;22:2,{},{}
240000004802,LOW_TAIL,,18,407,389,47,8,10,10/407,10/389,8,10,10/407,10/389,,0,0/407,0/389,1:10,0:15;4:8;6:12;7:16;8:4;9:1;10:2;17:9;21:6;23:15,0:15;4:8;6:12;7:16;8:4;9:1;10:2;17:9;21:6;23:15,{},{}
240000004802,LOW_TAIL,,18,407,389,71,9,10,10/407,10/389,9,10,10/407,10/389,,0,0/407,0/389,1:10,0:3;0:8;0:13;5:2;5:7;5:12;14:0;14:5;14:10;14:15,0:3;0:8;0:13;5:2;5:7;5:12;14:0;14:5;14:10;14:15,{},{}
240000004802,LOW_TAIL,,18,407,389,67,10,7,7/407,7/389,10,7,7/407,7/389,,0,0/407,0/389,1:7,1:3;8:11;9:14;11:12;13:7;15:9;23:3,1:3;8:11;9:14;11:12;13:7;15:9;23:3,{},{}
240000004802,LOW_TAIL,,18,407,389,59,11,6,6/407,6/389,11,6,6/407,6/389,,0,0/407,0/389,1:6,11:10;12:1;16:3;18:4;20:15;21:13,11:10;12:1;16:3;18:4;20:15;21:13,{},{}
240000004802,LOW_TAIL,,18,407,389,79,12,6,6/407,6/389,12,6,6/407,6/389,,0,0/407,0/389,1:6,0:2;1:13;6:9;8:15;18:10;20:7,0:2;1:13;6:9;8:15;18:10;20:7,{},{}
240000004802,LOW_TAIL,,18,407,389,83,13,6,6/407,6/389,13,6,6/407,6/389,,0,0/407,0/389,1:6,6:10;7:13;12:0;14:16;20:2;23:8,6:10;7:13;12:0;14:16;20:2;23:8,{},{}
240000004802,LOW_TAIL,,18,407,389,163,14,5,5/407,5/389,14,5,5/407,5/389,,0,0/407,0/389,1:5,5:0;8:12;13:16;19:11;20:2,5:0;8:12;13:16;19:11;20:2,{},{}
240000004802,LOW_TAIL,,18,407,389,103,15,4,4/407,4/389,15,4,4/407,4/389,,0,0/407,0/389,1:4,4:3;12:9;17:0;20:15,4:3;12:9;17:0;20:15,{},{}
240000004802,LOW_TAIL,,18,407,389,127,16,4,4/407,4/389,16,4,4/407,4/389,,0,0/407,0/389,1:4,3:12;5:11;22:8;23:10,3:12;5:11;22:8;23:10,{},{}
240000004802,LOW_TAIL,,18,407,389,131,17,4,4/407,4/389,17,4,4/407,4/389,,0,0/407,0/389,1:4,0:9;8:6;13:3;22:0,0:9;8:6;13:3;22:0,{},{}
240000004802,LOW_TAIL,,18,407,389,167,18,3,3/407,3/389,18,3,3/407,3/389,,0,0/407,0/389,1:3,4:15;19:14;20:3,4:15;19:14;20:3,{},{}
240000004802,LOW_TAIL,,18,407,389,179,19,3,3/407,3/389,19,3,3/407,3/389,,0,0/407,0/389,1:3,18:5;20:15;21:16,18:5;20:15;21:16,{},{}
240000004802,LOW_TAIL,,18,407,389,191,20,3,3/407,3/389,20,3,3/407,3/389,,0,0/407,0/389,1:3,2:16;6:15;19:14,2:16;6:15;19:14,{},{}
240000004802,LOW_TAIL,,18,407,389,199,21,3,3/407,3/389,21,3,3/407,3/389,,0,0/407,0/389,1:3,11:9;16:5;22:0,11:9;16:5;22:0,{},{}
240000004802,LOW_TAIL,,18,407,389,223,22,3,3/407,3/389,22,3,3/407,3/389,,0,0/407,0/389,1:3,6:15;11:12;19:3,6:15;11:12;19:3,{},{}
240000004802,LOW_TAIL,,18,407,389,263,23,3,3/407,3/389,23,3,3/407,3/389,,0,0/407,0/389,1:3,6:0;19:10;20:6,6:0;19:10;20:6,{},{}
240000004802,LOW_TAIL,,18,407,389,271,24,3,3/407,3/389,24,3,3/407,3/389,,0,0/407,0/389,1:3,10:12;22:14;23:1,10:12;22:14;23:1,{},{}
240000004802,LOW_TAIL,,18,407,389,463,25,3,3/407,3/389,25,3,3/407,3/389,,0,0/407,0/389,1:3,1:8;22:14;23:10,1:8;22:14;23:10,{},{}
240000004802,LOW_TAIL,,18,407,389,743,26,3,3/407,3/389,26,3,3/407,3/389,,0,0/407,0/389,1:3,17:5;18:0;23:8,17:5;18:0;23:8,{},{}
240000004802,LOW_TAIL,,18,407,389,139,27,2,2/407,2/389,27,2,2/407,2/389,,0,0/407,0/389,1:2,15:1;19:10,15:1;19:10,{},{}
240000004802,LOW_TAIL,,18,407,389,283,28,2,2/407,2/389,28,2,2/407,2/389,,0,0/407,0/389,1:2,1:7;5:6,1:7;5:6,{},{}
240000004802,LOW_TAIL,,18,407,389,367,29,2,2/407,2/389,29,2,2/407,2/389,,0,0/407,0/389,1:2,10:9;20:15,10:9;20:15,{},{}
240000004802,LOW_TAIL,,18,407,389,383,30,2,2/407,2/389,30,2,2/407,2/389,,0,0/407,0/389,1:2,16:6;18:11,16:6;18:11,{},{}
240000004802,LOW_TAIL,,18,407,389,439,31,2,2/407,2/389,31,2,2/407,2/389,,0,0/407,0/389,1:2,6:0;23:10,6:0;23:10,{},{}
240000004802,LOW_TAIL,,18,407,389,503,32,2,2/407,2/389,32,2,2/407,2/389,,0,0/407,0/389,1:2,5:0;6:12,5:0;6:12,{},{}
240000004802,LOW_TAIL,,18,407,389,571,33,2,2/407,2/389,33,2,2/407,2/389,,0,0/407,0/389,1:2,2:7;16:9,2:7;16:9,{},{}
240000004802,LOW_TAIL,,18,407,389,647,34,2,2/407,2/389,34,2,2/407,2/389,,0,0/407,0/389,1:2,17:1;19:5,17:1;19:5,{},{}
240000004802,LOW_TAIL,,18,407,389,1451,35,2,2/407,2/389,35,2,2/407,2/389,,0,0/407,0/389,1:2,14:8;22:6,14:8;22:6,{},{}
240000004802,LOW_TAIL,,18,407,389,2203,36,2,2/407,2/389,36,2,2/407,2/389,,0,0/407,0/389,1:2,12:4;21:11,12:4;21:11,{},{}
240000004802,LOW_TAIL,,18,407,389,12967,37,2,2/407,2/389,37,2,2/407,2/389,,0,0/407,0/389,1:2,1:2;3:0,1:2;3:0,{},{}
240000004802,LOW_TAIL,,18,407,389,107,38,1,1/407,1/389,38,1,1/407,1/389,,0,0/407,0/389,1:1,11:9,11:9,{},{}
240000004802,LOW_TAIL,,18,407,389,151,39,1,1/407,1/389,39,1,1/407,1/389,,0,0/407,0/389,1:1,7:3,7:3,{},{}
240000004802,LOW_TAIL,,18,407,389,211,40,1,1/407,1/389,40,1,1/407,1/389,,0,0/407,0/389,1:1,19:13,19:13,{},{}
240000004802,LOW_TAIL,,18,407,389,227,41,1,1/407,1/389,41,1,1/407,1/389,,0,0/407,0/389,1:1,5:3,5:3,{},{}
240000004802,LOW_TAIL,,18,407,389,239,42,1,1/407,1/389,42,1,1/407,1/389,,0,0/407,0/389,1:1,18:14,18:14,{},{}
240000004802,LOW_TAIL,,18,407,389,251,43,1,1/407,1/389,43,1,1/407,1/389,,0,0/407,0/389,1:1,5:16,5:16,{},{}
240000004802,LOW_TAIL,,18,407,389,307,44,1,1/407,1/389,44,1,1/407,1/389,,0,0/407,0/389,1:1,2:11,2:11,{},{}
240000004802,LOW_TAIL,,18,407,389,311,45,1,1/407,1/389,45,1,1/407,1/389,,0,0/407,0/389,1:1,5:10,5:10,{},{}
240000004802,LOW_TAIL,,18,407,389,331,46,1,1/407,1/389,46,1,1/407,1/389,,0,0/407,0/389,1:1,0:6,0:6,{},{}
240000004802,LOW_TAIL,,18,407,389,347,47,1,1/407,1/389,47,1,1/407,1/389,,0,0/407,0/389,1:1,3:11,3:11,{},{}
240000004802,LOW_TAIL,,18,407,389,431,48,1,1/407,1/389,48,1,1/407,1/389,,0,0/407,0/389,1:1,16:8,16:8,{},{}
240000004802,LOW_TAIL,,18,407,389,467,49,1,1/407,1/389,49,1,1/407,1/389,,0,0/407,0/389,1:1,7:16,7:16,{},{}
240000004802,LOW_TAIL,,18,407,389,479,50,1,1/407,1/389,50,1,1/407,1/389,,0,0/407,0/389,1:1,3:4,3:4,{},{}
240000004802,LOW_TAIL,,18,407,389,487,51,1,1/407,1/389,51,1,1/407,1/389,,0,0/407,0/389,1:1,10:14,10:14,{},{}
240000004802,LOW_TAIL,,18,407,389,491,52,1,1/407,1/389,52,1,1/407,1/389,,0,0/407,0/389,1:1,9:5,9:5,{},{}
240000004802,LOW_TAIL,,18,407,389,499,53,1,1/407,1/389,53,1,1/407,1/389,,0,0/407,0/389,1:1,6:1,6:1,{},{}
240000004802,LOW_TAIL,,18,407,389,547,54,1,1/407,1/389,54,1,1/407,1/389,,0,0/407,0/389,1:1,18:16,18:16,{},{}
240000004802,LOW_TAIL,,18,407,389,599,55,1,1/407,1/389,55,1,1/407,1/389,,0,0/407,0/389,1:1,13:1,13:1,{},{}
240000004802,LOW_TAIL,,18,407,389,607,56,1,1/407,1/389,56,1,1/407,1/389,,0,0/407,0/389,1:1,11:15,11:15,{},{}
240000004802,LOW_TAIL,,18,407,389,619,57,1,1/407,1/389,57,1,1/407,1/389,,0,0/407,0/389,1:1,20:5,20:5,{},{}
240000004802,LOW_TAIL,,18,407,389,643,58,1,1/407,1/389,58,1,1/407,1/389,,0,0/407,0/389,1:1,23:9,23:9,{},{}
240000004802,LOW_TAIL,,18,407,389,719,59,1,1/407,1/389,59,1,1/407,1/389,,0,0/407,0/389,1:1,1:4,1:4,{},{}
240000004802,LOW_TAIL,,18,407,389,739,60,1,1/407,1/389,60,1,1/407,1/389,,0,0/407,0/389,1:1,0:0,0:0,{},{}
240000004802,LOW_TAIL,,18,407,389,811,61,1,1/407,1/389,61,1,1/407,1/389,,0,0/407,0/389,1:1,4:6,4:6,{},{}
240000004802,LOW_TAIL,,18,407,389,827,62,1,1/407,1/389,62,1,1/407,1/389,,0,0/407,0/389,1:1,23:11,23:11,{},{}
240000004802,LOW_TAIL,,18,407,389,839,63,1,1/407,1/389,63,1,1/407,1/389,,0,0/407,0/389,1:1,6:2,6:2,{},{}
240000004802,LOW_TAIL,,18,407,389,947,64,1,1/407,1/389,64,1,1/407,1/389,,0,0/407,0/389,1:1,19:16,19:16,{},{}
240000004802,LOW_TAIL,,18,407,389,1051,65,1,1/407,1/389,65,1,1/407,1/389,,0,0/407,0/389,1:1,15:16,15:16,{},{}
240000004802,LOW_TAIL,,18,407,389,1091,66,1,1/407,1/389,66,1,1/407,1/389,,0,0/407,0/389,1:1,14:4,14:4,{},{}
240000004802,LOW_TAIL,,18,407,389,1187,67,1,1/407,1/389,67,1,1/407,1/389,,0,0/407,0/389,1:1,0:0,0:0,{},{}
240000004802,LOW_TAIL,,18,407,389,1291,68,1,1/407,1/389,68,1,1/407,1/389,,0,0/407,0/389,1:1,14:6,14:6,{},{}
240000004802,LOW_TAIL,,18,407,389,1319,69,1,1/407,1/389,69,1,1/407,1/389,,0,0/407,0/389,1:1,11:16,11:16,{},{}
240000004802,LOW_TAIL,,18,407,389,1447,70,1,1/407,1/389,70,1,1/407,1/389,,0,0/407,0/389,1:1,12:10,12:10,{},{}
240000004802,LOW_TAIL,,18,407,389,1471,71,1,1/407,1/389,71,1,1/407,1/389,,0,0/407,0/389,1:1,4:0,4:0,{},{}
240000004802,LOW_TAIL,,18,407,389,1499,72,1,1/407,1/389,72,1,1/407,1/389,,0,0/407,0/389,1:1,12:16,12:16,{},{}
240000004802,LOW_TAIL,,18,407,389,1511,73,1,1/407,1/389,73,1,1/407,1/389,,0,0/407,0/389,1:1,1:13,1:13,{},{}
240000004802,LOW_TAIL,,18,407,389,1571,74,1,1/407,1/389,74,1,1/407,1/389,,0,0/407,0/389,1:1,7:8,7:8,{},{}
240000004802,LOW_TAIL,,18,407,389,1583,75,1,1/407,1/389,75,1,1/407,1/389,,0,0/407,0/389,1:1,3:15,3:15,{},{}
240000004802,LOW_TAIL,,18,407,389,1607,76,1,1/407,1/389,76,1,1/407,1/389,,0,0/407,0/389,1:1,16:16,16:16,{},{}
240000004802,LOW_TAIL,,18,407,389,1667,77,1,1/407,1/389,77,1,1/407,1/389,,0,0/407,0/389,1:1,15:11,15:11,{},{}
240000004802,LOW_TAIL,,18,407,389,2083,78,1,1/407,1/389,78,1,1/407,1/389,,0,0/407,0/389,1:1,2:11,2:11,{},{}
240000004802,LOW_TAIL,,18,407,389,2099,79,1,1/407,1/389,79,1,1/407,1/389,,0,0/407,0/389,1:1,10:13,10:13,{},{}
240000004802,LOW_TAIL,,18,407,389,2239,80,1,1/407,1/389,80,1,1/407,1/389,,0,0/407,0/389,1:1,2:4,2:4,{},{}
240000004802,LOW_TAIL,,18,407,389,2243,81,1,1/407,1/389,81,1,1/407,1/389,,0,0/407,0/389,1:1,15:11,15:11,{},{}
240000004802,LOW_TAIL,,18,407,389,2287,82,1,1/407,1/389,82,1,1/407,1/389,,0,0/407,0/389,1:1,1:8,1:8,{},{}
240000004802,LOW_TAIL,,18,407,389,2347,83,1,1/407,1/389,83,1,1/407,1/389,,0,0/407,0/389,1:1,2:1,2:1,{},{}
240000004802,LOW_TAIL,,18,407,389,2503,84,1,1/407,1/389,84,1,1/407,1/389,,0,0/407,0/389,1:1,17:11,17:11,{},{}
240000004802,LOW_TAIL,,18,407,389,2663,85,1,1/407,1/389,85,1,1/407,1/389,,0,0/407,0/389,1:1,16:16,16:16,{},{}
240000004802,LOW_TAIL,,18,407,389,2851,86,1,1/407,1/389,86,1,1/407,1/389,,0,0/407,0/389,1:1,7:3,7:3,{},{}
240000004802,LOW_TAIL,,18,407,389,3019,87,1,1/407,1/389,87,1,1/407,1/389,,0,0/407,0/389,1:1,3:11,3:11,{},{}
240000004802,LOW_TAIL,,18,407,389,3319,88,1,1/407,1/389,88,1,1/407,1/389,,0,0/407,0/389,1:1,3:9,3:9,{},{}
240000004802,LOW_TAIL,,18,407,389,3463,89,1,1/407,1/389,89,1,1/407,1/389,,0,0/407,0/389,1:1,10:11,10:11,{},{}
240000004802,LOW_TAIL,,18,407,389,4051,90,1,1/407,1/389,90,1,1/407,1/389,,0,0/407,0/389,1:1,3:9,3:9,{},{}
240000004802,LOW_TAIL,,18,407,389,4079,91,1,1/407,1/389,91,1,1/407,1/389,,0,0/407,0/389,1:1,20:10,20:10,{},{}
240000004802,LOW_TAIL,,18,407,389,4091,92,1,1/407,1/389,92,1,1/407,1/389,,0,0/407,0/389,1:1,18:8,18:8,{},{}
240000004802,LOW_TAIL,,18,407,389,4111,93,1,1/407,1/389,93,1,1/407,1/389,,0,0/407,0/389,1:1,10:8,10:8,{},{}
240000004802,LOW_TAIL,,18,407,389,4567,94,1,1/407,1/389,94,1,1/407,1/389,,0,0/407,0/389,1:1,1:13,1:13,{},{}
240000004802,LOW_TAIL,,18,407,389,4591,95,1,1/407,1/389,95,1,1/407,1/389,,0,0/407,0/389,1:1,13:14,13:14,{},{}
240000004802,LOW_TAIL,,18,407,389,4703,96,1,1/407,1/389,96,1,1/407,1/389,,0,0/407,0/389,1:1,13:5,13:5,{},{}
240000004802,LOW_TAIL,,18,407,389,4723,97,1,1/407,1/389,97,1,1/407,1/389,,0,0/407,0/389,1:1,22:11,22:11,{},{}
240000004802,LOW_TAIL,,18,407,389,4783,98,1,1/407,1/389,98,1,1/407,1/389,,0,0/407,0/389,1:1,0:10,0:10,{},{}
240000004802,LOW_TAIL,,18,407,389,4931,99,1,1/407,1/389,99,1,1/407,1/389,,0,0/407,0/389,1:1,3:1,3:1,{},{}
240000004802,LOW_TAIL,,18,407,389,5003,100,1,1/407,1/389,100,1,1/407,1/389,,0,0/407,0/389,1:1,12:2,12:2,{},{}
240000004802,LOW_TAIL,,18,407,389,5107,101,1,1/407,1/389,101,1,1/407,1/389,,0,0/407,0/389,1:1,23:14,23:14,{},{}
240000004802,LOW_TAIL,,18,407,389,5147,102,1,1/407,1/389,102,1,1/407,1/389,,0,0/407,0/389,1:1,22:2,22:2,{},{}
240000004802,LOW_TAIL,,18,407,389,5347,103,1,1/407,1/389,103,1,1/407,1/389,,0,0/407,0/389,1:1,11:1,11:1,{},{}
240000004802,LOW_TAIL,,18,407,389,5387,104,1,1/407,1/389,104,1,1/407,1/389,,0,0/407,0/389,1:1,21:12,21:12,{},{}
240000004802,LOW_TAIL,,18,407,389,5443,105,1,1/407,1/389,105,1,1/407,1/389,,0,0/407,0/389,1:1,20:3,20:3,{},{}
240000004802,LOW_TAIL,,18,407,389,5743,106,1,1/407,1/389,106,1,1/407,1/389,,0,0/407,0/389,1:1,5:8,5:8,{},{}
240000004802,LOW_TAIL,,18,407,389,6211,107,1,1/407,1/389,107,1,1/407,1/389,,0,0/407,0/389,1:1,11:16,11:16,{},{}
240000004802,LOW_TAIL,,18,407,389,6343,108,1,1/407,1/389,108,1,1/407,1/389,,0,0/407,0/389,1:1,16:9,16:9,{},{}
240000004802,LOW_TAIL,,18,407,389,6907,109,1,1/407,1/389,109,1,1/407,1/389,,0,0/407,0/389,1:1,15:14,15:14,{},{}
240000004802,LOW_TAIL,,18,407,389,7019,110,1,1/407,1/389,110,1,1/407,1/389,,0,0/407,0/389,1:1,3:8,3:8,{},{}
240000004802,LOW_TAIL,,18,407,389,7603,111,1,1/407,1/389,111,1,1/407,1/389,,0,0/407,0/389,1:1,15:7,15:7,{},{}
240000004802,LOW_TAIL,,18,407,389,7607,112,1,1/407,1/389,112,1,1/407,1/389,,0,0/407,0/389,1:1,12:13,12:13,{},{}
240000004802,LOW_TAIL,,18,407,389,9631,113,1,1/407,1/389,113,1,1/407,1/389,,0,0/407,0/389,1:1,12:1,12:1,{},{}
240000004802,LOW_TAIL,,18,407,389,10163,114,1,1/407,1/389,114,1,1/407,1/389,,0,0/407,0/389,1:1,13:16,13:16,{},{}
240000004802,LOW_TAIL,,18,407,389,11351,115,1,1/407,1/389,115,1,1/407,1/389,,0,0/407,0/389,1:1,14:16,14:16,{},{}
240000004802,LOW_TAIL,,18,407,389,11519,116,1,1/407,1/389,116,1,1/407,1/389,,0,0/407,0/389,1:1,17:15,17:15,{},{}
240000004802,LOW_TAIL,,18,407,389,12347,117,1,1/407,1/389,117,1,1/407,1/389,,0,0/407,0/389,1:1,8:0,8:0,{},{}
240000004802,LOW_TAIL,,18,407,389,12583,118,1,1/407,1/389,118,1,1/407,1/389,,0,0/407,0/389,1:1,23:0,23:0,{},{}
240000004802,LOW_TAIL,,18,407,389,12611,119,1,1/407,1/389,119,1,1/407,1/389,,0,0/407,0/389,1:1,12:16,12:16,{},{}
240000004802,LOW_TAIL,,18,407,389,13007,120,1,1/407,1/389,120,1,1/407,1/389,,0,0/407,0/389,1:1,22:10,22:10,{},{}
240000004802,LOW_TAIL,,18,407,389,13291,121,1,1/407,1/389,121,1,1/407,1/389,,0,0/407,0/389,1:1,22:15,22:15,{},{}
240000004802,LOW_TAIL,,18,407,389,13711,122,1,1/407,1/389,122,1,1/407,1/389,,0,0/407,0/389,1:1,5:4,5:4,{},{}
240000004802,LOW_TAIL,,18,407,389,13999,123,1,1/407,1/389,123,1,1/407,1/389,,0,0/407,0/389,1:1,8:10,8:10,{},{}
240000004802,LOW_TAIL,,18,407,389,14407,124,1,1/407,1/389,124,1,1/407,1/389,,0,0/407,0/389,1:1,0:6,0:6,{},{}
240000004802,LOW_TAIL,,18,407,389,16139,125,1,1/407,1/389,125,1,1/407,1/389,,0,0/407,0/389,1:1,7:2,7:2,{},{}
240000004802,LOW_TAIL,,18,407,389,17839,126,1,1/407,1/389,126,1,1/407,1/389,,0,0/407,0/389,1:1,6:11,6:11,{},{}
240000004802,LOW_TAIL,,18,407,389,18583,127,1,1/407,1/389,127,1,1/407,1/389,,0,0/407,0/389,1:1,7:3,7:3,{},{}
240000004802,LOW_TAIL,,18,407,389,19079,128,1,1/407,1/389,128,1,1/407,1/389,,0,0/407,0/389,1:1,22:16,22:16,{},{}
240000004802,LOW_TAIL,,18,407,389,21683,129,1,1/407,1/389,129,1,1/407,1/389,,0,0/407,0/389,1:1,20:3,20:3,{},{}
240000004802,LOW_TAIL,,18,407,389,24611,130,1,1/407,1/389,130,1,1/407,1/389,,0,0/407,0/389,1:1,11:4,11:4,{},{}
240000004802,LOW_TAIL,,18,407,389,24919,131,1,1/407,1/389,131,1,1/407,1/389,,0,0/407,0/389,1:1,3:16,3:16,{},{}
240000004802,LOW_TAIL,,18,407,389,25219,132,1,1/407,1/389,132,1,1/407,1/389,,0,0/407,0/389,1:1,22:14,22:14,{},{}
240000004802,LOW_TAIL,,18,407,389,27967,133,1,1/407,1/389,133,1,1/407,1/389,,0,0/407,0/389,1:1,9:1,9:1,{},{}
240000004802,LOW_TAIL,,18,407,389,30071,134,1,1/407,1/389,134,1,1/407,1/389,,0,0/407,0/389,1:1,18:3,18:3,{},{}
240000004802,LOW_TAIL,,18,407,389,30431,135,1,1/407,1/389,135,1,1/407,1/389,,0,0/407,0/389,1:1,9:1,9:1,{},{}
240000004802,LOW_TAIL,,18,407,389,32083,136,1,1/407,1/389,136,1,1/407,1/389,,0,0/407,0/389,1:1,13:12,13:12,{},{}
240000004802,LOW_TAIL,,18,407,389,33547,137,1,1/407,1/389,137,1,1/407,1/389,,0,0/407,0/389,1:1,1:5,1:5,{},{}
240000004802,LOW_TAIL,,18,407,389,33967,138,1,1/407,1/389,138,1,1/407,1/389,,0,0/407,0/389,1:1,6:11,6:11,{},{}
240000004802,LOW_TAIL,,18,407,389,37987,139,1,1/407,1/389,139,1,1/407,1/389,,0,0/407,0/389,1:1,5:15,5:15,{},{}
240000004802,LOW_TAIL,,18,407,389,41231,140,1,1/407,1/389,140,1,1/407,1/389,,0,0/407,0/389,1:1,20:2,20:2,{},{}
240000004802,LOW_TAIL,,18,407,389,42703,141,1,1/407,1/389,141,1,1/407,1/389,,0,0/407,0/389,1:1,11:2,11:2,{},{}
240000004802,LOW_TAIL,,18,407,389,46559,142,1,1/407,1/389,142,1,1/407,1/389,,0,0/407,0/389,1:1,13:10,13:10,{},{}
240000004802,LOW_TAIL,,18,407,389,47303,143,1,1/407,1/389,143,1,1/407,1/389,,0,0/407,0/389,1:1,23:8,23:8,{},{}
240000004802,LOW_TAIL,,18,407,389,51283,144,1,1/407,1/389,144,1,1/407,1/389,,0,0/407,0/389,1:1,11:5,11:5,{},{}
240000004802,LOW_TAIL,,18,407,389,52027,145,1,1/407,1/389,145,1,1/407,1/389,,0,0/407,0/389,1:1,0:7,0:7,{},{}
240000004802,LOW_TAIL,,18,407,389,54851,146,1,1/407,1/389,146,1,1/407,1/389,,0,0/407,0/389,1:1,7:4,7:4,{},{}
240000004802,LOW_TAIL,,18,407,389,56999,147,1,1/407,1/389,147,1,1/407,1/389,,0,0/407,0/389,1:1,5:9,5:9,{},{}
240000004802,LOW_TAIL,,18,407,389,57923,148,1,1/407,1/389,148,1,1/407,1/389,,0,0/407,0/389,1:1,20:16,20:16,{},{}
240000004802,LOW_TAIL,,18,407,389,62507,149,1,1/407,1/389,149,1,1/407,1/389,,0,0/407,0/389,1:1,7:4,7:4,{},{}
240000004802,LOW_TAIL,,18,407,389,64627,150,1,1/407,1/389,150,1,1/407,1/389,,0,0/407,0/389,1:1,0:9,0:9,{},{}
240000004802,LOW_TAIL,,18,407,389,64763,151,1,1/407,1/389,151,1,1/407,1/389,,0,0/407,0/389,1:1,3:12,3:12,{},{}
240000004802,LOW_TAIL,,18,407,389,65687,152,1,1/407,1/389,152,1,1/407,1/389,,0,0/407,0/389,1:1,22:15,22:15,{},{}
240000004802,LOW_TAIL,,18,407,389,69431,153,1,1/407,1/389,153,1,1/407,1/389,,0,0/407,0/389,1:1,12:8,12:8,{},{}
240000004802,LOW_TAIL,,18,407,389,79159,154,1,1/407,1/389,154,1,1/407,1/389,,0,0/407,0/389,1:1,19:3,19:3,{},{}
240000004802,LOW_TAIL,,18,407,389,89767,155,1,1/407,1/389,155,1,1/407,1/389,,0,0/407,0/389,1:1,22:7,22:7,{},{}
240000004802,LOW_TAIL,,18,407,389,106867,156,1,1/407,1/389,156,1,1/407,1/389,,0,0/407,0/389,1:1,9:3,9:3,{},{}
240000004802,LOW_TAIL,,18,407,389,110119,157,1,1/407,1/389,157,1,1/407,1/389,,0,0/407,0/389,1:1,15:6,15:6,{},{}
240000004802,LOW_TAIL,,18,407,389,110567,158,1,1/407,1/389,158,1,1/407,1/389,,0,0/407,0/389,1:1,4:11,4:11,{},{}
240000004802,LOW_TAIL,,18,407,389,112207,159,1,1/407,1/389,159,1,1/407,1/389,,0,0/407,0/389,1:1,14:9,14:9,{},{}
240000004802,LOW_TAIL,,18,407,389,113327,160,1,1/407,1/389,160,1,1/407,1/389,,0,0/407,0/389,1:1,1:8,1:8,{},{}
240000004802,LOW_TAIL,,18,407,389,121267,161,1,1/407,1/389,161,1,1/407,1/389,,0,0/407,0/389,1:1,2:2,2:2,{},{}
240000004802,LOW_TAIL,,18,407,389,121487,162,1,1/407,1/389,162,1,1/407,1/389,,0,0/407,0/389,1:1,8:0,8:0,{},{}
240000004802,LOW_TAIL,,18,407,389,126031,163,1,1/407,1/389,163,1,1/407,1/389,,0,0/407,0/389,1:1,3:15,3:15,{},{}
240000004802,LOW_TAIL,,18,407,389,142903,164,1,1/407,1/389,164,1,1/407,1/389,,0,0/407,0/389,1:1,22:0,22:0,{},{}
240000004802,LOW_TAIL,,18,407,389,176711,165,1,1/407,1/389,165,1,1/407,1/389,,0,0/407,0/389,1:1,20:8,20:8,{},{}
240000004802,LOW_TAIL,,18,407,389,180959,166,1,1/407,1/389,166,1,1/407,1/389,,0,0/407,0/389,1:1,22:3,22:3,{},{}
240000004802,LOW_TAIL,,18,407,389,187559,167,1,1/407,1/389,167,1,1/407,1/389,,0,0/407,0/389,1:1,23:13,23:13,{},{}
240000004802,LOW_TAIL,,18,407,389,224047,168,1,1/407,1/389,168,1,1/407,1/389,,0,0/407,0/389,1:1,9:8,9:8,{},{}
240000004802,LOW_TAIL,,18,407,389,235519,169,1,1/407,1/389,169,1,1/407,1/389,,0,0/407,0/389,1:1,9:4,9:4,{},{}
240000004802,LOW_TAIL,,18,407,389,339679,170,1,1/407,1/389,170,1,1/407,1/389,,0,0/407,0/389,1:1,13:12,13:12,{},{}
240000004802,LOW_TAIL,,18,407,389,375707,171,1,1/407,1/389,171,1,1/407,1/389,,0,0/407,0/389,1:1,11:9,11:9,{},{}
240000004802,LOW_TAIL,,18,407,389,387187,172,1,1/407,1/389,172,1,1/407,1/389,,0,0/407,0/389,1:1,17:2,17:2,{},{}
240000004802,LOW_TAIL,,18,407,389,393103,173,1,1/407,1/389,173,1,1/407,1/389,,0,0/407,0/389,1:1,13:9,13:9,{},{}
240000004802,LOW_TAIL,,18,407,389,420331,174,1,1/407,1/389,174,1,1/407,1/389,,0,0/407,0/389,1:1,16:7,16:7,{},{}
240000004802,LOW_TAIL,,18,407,389,433571,175,1,1/407,1/389,175,1,1/407,1/389,,0,0/407,0/389,1:1,21:10,21:10,{},{}
240000004802,LOW_TAIL,,18,407,389,446503,176,1,1/407,1/389,176,1,1/407,1/389,,0,0/407,0/389,1:1,11:3,11:3,{},{}
240000004802,LOW_TAIL,,18,407,389,477863,177,1,1/407,1/389,177,1,1/407,1/389,,0,0/407,0/389,1:1,2:5,2:5,{},{}
240000004802,LOW_TAIL,,18,407,389,528631,178,1,1/407,1/389,178,1,1/407,1/389,,0,0/407,0/389,1:1,12:14,12:14,{},{}
240000004802,LOW_TAIL,,18,407,389,643403,179,1,1/407,1/389,179,1,1/407,1/389,,0,0/407,0/389,1:1,6:8,6:8,{},{}
240000004802,LOW_TAIL,,18,407,389,664019,180,1,1/407,1/389,180,1,1/407,1/389,,0,0/407,0/389,1:1,18:3,18:3,{},{}
240000004802,LOW_TAIL,,18,407,389,729643,181,1,1/407,1/389,181,1,1/407,1/389,,0,0/407,0/389,1:1,19:14,19:14,{},{}
240000004802,LOW_TAIL,,18,407,389,788167,182,1,1/407,1/389,182,1,1/407,1/389,,0,0/407,0/389,1:1,2:4,2:4,{},{}
240000004802,LOW_TAIL,,18,407,389,854299,183,1,1/407,1/389,183,1,1/407,1/389,,0,0/407,0/389,1:1,2:7,2:7,{},{}
240000004802,LOW_TAIL,,18,407,389,856627,184,1,1/407,1/389,184,1,1/407,1/389,,0,0/407,0/389,1:1,12:2,12:2,{},{}
240000004802,LOW_TAIL,,18,407,389,885959,185,1,1/407,1/389,185,1,1/407,1/389,,0,0/407,0/389,1:1,21:7,21:7,{},{}
240000004802,LOW_TAIL,,18,407,389,1045903,186,1,1/407,1/389,186,1,1/407,1/389,,0,0/407,0/389,1:1,18:8,18:8,{},{}
240000004802,LOW_TAIL,,18,407,389,1128371,187,1,1/407,1/389,187,1,1/407,1/389,,0,0/407,0/389,1:1,8:2,8:2,{},{}
240000004802,LOW_TAIL,,18,407,389,1153247,188,1,1/407,1/389,188,1,1/407,1/389,,0,0/407,0/389,1:1,0:7,0:7,{},{}
240000004802,LOW_TAIL,,18,407,389,1193443,189,1,1/407,1/389,189,1,1/407,1/389,,0,0/407,0/389,1:1,2:13,2:13,{},{}
240000004802,LOW_TAIL,,18,407,389,1301099,190,1,1/407,1/389,190,1,1/407,1/389,,0,0/407,0/389,1:1,19:16,19:16,{},{}
240000004802,LOW_TAIL,,18,407,389,1339087,191,1,1/407,1/389,191,1,1/407,1/389,,0,0/407,0/389,1:1,11:11,11:11,{},{}
240000004802,LOW_TAIL,,18,407,389,1447219,192,1,1/407,1/389,192,1,1/407,1/389,,0,0/407,0/389,1:1,14:4,14:4,{},{}
240000004802,LOW_TAIL,,18,407,389,1463611,193,1,1/407,1/389,193,1,1/407,1/389,,0,0/407,0/389,1:1,5:0,5:0,{},{}
240000004802,LOW_TAIL,,18,407,389,1509059,194,1,1/407,1/389,194,1,1/407,1/389,,0,0/407,0/389,1:1,15:5,15:5,{},{}
240000004802,LOW_TAIL,,18,407,389,1792979,195,1,1/407,1/389,195,1,1/407,1/389,,0,0/407,0/389,1:1,3:10,3:10,{},{}
240000004802,LOW_TAIL,,18,407,389,1954111,196,1,1/407,1/389,196,1,1/407,1/389,,0,0/407,0/389,1:1,1:0,1:0,{},{}
240000004802,LOW_TAIL,,18,407,389,2121667,197,1,1/407,1/389,197,1,1/407,1/389,,0,0/407,0/389,1:1,18:0,18:0,{},{}
240000004802,LOW_TAIL,,18,407,389,2126147,198,1,1/407,1/389,198,1,1/407,1/389,,0,0/407,0/389,1:1,12:0,12:0,{},{}
240000004802,LOW_TAIL,,18,407,389,2142923,199,1,1/407,1/389,199,1,1/407,1/389,,0,0/407,0/389,1:1,8:10,8:10,{},{}
240000004802,LOW_TAIL,,18,407,389,2147051,200,1,1/407,1/389,200,1,1/407,1/389,,0,0/407,0/389,1:1,15:10,15:10,{},{}
240000004802,LOW_TAIL,,18,407,389,2304059,201,1,1/407,1/389,201,1,1/407,1/389,,0,0/407,0/389,1:1,0:5,0:5,{},{}
240000004802,LOW_TAIL,,18,407,389,2358859,202,1,1/407,1/389,202,1,1/407,1/389,,0,0/407,0/389,1:1,13:15,13:15,{},{}
240000004802,LOW_TAIL,,18,407,389,2615779,203,1,1/407,1/389,203,1,1/407,1/389,,0,0/407,0/389,1:1,12:13,12:13,{},{}
240000004802,LOW_TAIL,,18,407,389,2904667,204,1,1/407,1/389,204,1,1/407,1/389,,0,0/407,0/389,1:1,14:6,14:6,{},{}
240000004802,LOW_TAIL,,18,407,389,3192571,205,1,1/407,1/389,205,1,1/407,1/389,,0,0/407,0/389,1:1,13:7,13:7,{},{}
240000004802,LOW_TAIL,,18,407,389,3202231,206,1,1/407,1/389,206,1,1/407,1/389,,0,0/407,0/389,1:1,22:1,22:1,{},{}
240000004802,LOW_TAIL,,18,407,389,3412567,207,1,1/407,1/389,207,1,1/407,1/389,,0,0/407,0/389,1:1,19:13,19:13,{},{}
240000004802,LOW_TAIL,,18,407,389,3416663,208,1,1/407,1/389,208,1,1/407,1/389,,0,0/407,0/389,1:1,20:12,20:12,{},{}
240000004802,LOW_TAIL,,18,407,389,4044743,209,1,1/407,1/389,209,1,1/407,1/389,,0,0/407,0/389,1:1,22:13,22:13,{},{}
240000004802,LOW_TAIL,,18,407,389,4115791,210,1,1/407,1/389,210,1,1/407,1/389,,0,0/407,0/389,1:1,2:0,2:0,{},{}
240000004802,LOW_TAIL,,18,407,389,4202687,211,1,1/407,1/389,211,1,1/407,1/389,,0,0/407,0/389,1:1,6:10,6:10,{},{}
240000004802,LOW_TAIL,,18,407,389,4365859,212,1,1/407,1/389,212,1,1/407,1/389,,0,0/407,0/389,1:1,6:5,6:5,{},{}
240000004802,LOW_TAIL,,18,407,389,5322991,213,1,1/407,1/389,213,1,1/407,1/389,,0,0/407,0/389,1:1,17:11,17:11,{},{}
240000004802,LOW_TAIL,,18,407,389,5600303,214,1,1/407,1/389,214,1,1/407,1/389,,0,0/407,0/389,1:1,14:13,14:13,{},{}
240000004802,LOW_TAIL,,18,407,389,5919787,215,1,1/407,1/389,215,1,1/407,1/389,,0,0/407,0/389,1:1,5:1,5:1,{},{}
240000004802,LOW_TAIL,,18,407,389,6470831,216,1,1/407,1/389,216,1,1/407,1/389,,0,0/407,0/389,1:1,10:10,10:10,{},{}
240000004802,LOW_TAIL,,18,407,389,6619643,217,1,1/407,1/389,217,1,1/407,1/389,,0,0/407,0/389,1:1,19:15,19:15,{},{}
240000004802,LOW_TAIL,,18,407,389,7455671,218,1,1/407,1/389,218,1,1/407,1/389,,0,0/407,0/389,1:1,7:9,7:9,{},{}
240000004802,LOW_TAIL,,18,407,389,7467871,219,1,1/407,1/389,219,1,1/407,1/389,,0,0/407,0/389,1:1,13:13,13:13,{},{}
240000004802,LOW_TAIL,,18,407,389,7989199,220,1,1/407,1/389,220,1,1/407,1/389,,0,0/407,0/389,1:1,7:12,7:12,{},{}
240000004802,LOW_TAIL,,18,407,389,11164943,221,1,1/407,1/389,221,1,1/407,1/389,,0,0/407,0/389,1:1,16:5,16:5,{},{}
240000004802,LOW_TAIL,,18,407,389,13101863,222,1,1/407,1/389,222,1,1/407,1/389,,0,0/407,0/389,1:1,5:7,5:7,{},{}
240000004802,LOW_TAIL,,18,407,389,13957591,223,1,1/407,1/389,223,1,1/407,1/389,,0,0/407,0/389,1:1,23:2,23:2,{},{}
240000004802,LOW_TAIL,,18,407,389,13997611,224,1,1/407,1/389,224,1,1/407,1/389,,0,0/407,0/389,1:1,14:12,14:12,{},{}
240000004802,LOW_TAIL,,18,407,389,14171551,225,1,1/407,1/389,225,1,1/407,1/389,,0,0/407,0/389,1:1,18:1,18:1,{},{}
240000004802,LOW_TAIL,,18,407,389,15933479,226,1,1/407,1/389,226,1,1/407,1/389,,0,0/407,0/389,1:1,21:9,21:9,{},{}
240000004802,LOW_TAIL,,18,407,389,15980623,227,1,1/407,1/389,227,1,1/407,1/389,,0,0/407,0/389,1:1,20:0,20:0,{},{}
240000004802,LOW_TAIL,,18,407,389,16277363,228,1,1/407,1/389,228,1,1/407,1/389,,0,0/407,0/389,1:1,19:11,19:11,{},{}
240000004802,LOW_TAIL,,18,407,389,16804367,229,1,1/407,1/389,229,1,1/407,1/389,,0,0/407,0/389,1:1,9:6,9:6,{},{}
240000004802,LOW_TAIL,,18,407,389,17056411,230,1,1/407,1/389,230,1,1/407,1/389,,0,0/407,0/389,1:1,15:9,15:9,{},{}
240000004802,LOW_TAIL,,18,407,389,17346283,231,1,1/407,1/389,231,1,1/407,1/389,,0,0/407,0/389,1:1,17:13,17:13,{},{}
240000004802,LOW_TAIL,,18,407,389,17652251,232,1,1/407,1/389,232,1,1/407,1/389,,0,0/407,0/389,1:1,4:3,4:3,{},{}
240000004802,LOW_TAIL,,18,407,389,18083183,233,1,1/407,1/389,233,1,1/407,1/389,,0,0/407,0/389,1:1,0:2,0:2,{},{}
240000004802,LOW_TAIL,,18,407,389,21675419,234,1,1/407,1/389,234,1,1/407,1/389,,0,0/407,0/389,1:1,2:10,2:10,{},{}
240000004802,LOW_TAIL,,18,407,389,23842639,235,1,1/407,1/389,235,1,1/407,1/389,,0,0/407,0/389,1:1,1:4,1:4,{},{}
240000004802,LOW_TAIL,,18,407,389,27900487,236,1,1/407,1/389,236,1,1/407,1/389,,0,0/407,0/389,1:1,1:6,1:6,{},{}
240000004802,LOW_TAIL,,18,407,389,29861987,237,1,1/407,1/389,237,1,1/407,1/389,,0,0/407,0/389,1:1,18:4,18:4,{},{}
240000004802,LOW_TAIL,,18,407,389,33955847,238,1,1/407,1/389,238,1,1/407,1/389,,0,0/407,0/389,1:1,4:7,4:7,{},{}
240000004802,LOW_TAIL,,18,407,389,36463067,239,1,1/407,1/389,239,1,1/407,1/389,,0,0/407,0/389,1:1,9:7,9:7,{},{}
240000004802,LOW_TAIL,,18,407,389,36496351,240,1,1/407,1/389,240,1,1/407,1/389,,0,0/407,0/389,1:1,0:4,0:4,{},{}
240000004802,LOW_TAIL,,18,407,389,38041027,241,1,1/407,1/389,241,1,1/407,1/389,,0,0/407,0/389,1:1,22:9,22:9,{},{}
240000004802,LOW_TAIL,,18,407,389,39331367,242,1,1/407,1/389,242,1,1/407,1/389,,0,0/407,0/389,1:1,5:5,5:5,{},{}
240000004802,LOW_TAIL,,18,407,389,40567951,243,1,1/407,1/389,243,1,1/407,1/389,,0,0/407,0/389,1:1,8:3,8:3,{},{}
240000004802,LOW_TAIL,,18,407,389,42916787,244,1,1/407,1/389,244,1,1/407,1/389,,0,0/407,0/389,1:1,3:14,3:14,{},{}
240000004802,LOW_TAIL,,18,407,389,42979087,245,1,1/407,1/389,245,1,1/407,1/389,,0,0/407,0/389,1:1,14:2,14:2,{},{}
240000004802,LOW_TAIL,,18,407,389,44274299,246,1,1/407,1/389,246,1,1/407,1/389,,0,0/407,0/389,1:1,18:7,18:7,{},{}
240000004802,LOW_TAIL,,18,407,389,44316871,247,1,1/407,1/389,247,1,1/407,1/389,,0,0/407,0/389,1:1,6:13,6:13,{},{}
240000004802,LOW_TAIL,,18,407,389,47443471,248,1,1/407,1/389,248,1,1/407,1/389,,0,0/407,0/389,1:1,11:14,11:14,{},{}
240000004802,LOW_TAIL,,18,407,389,50661491,249,1,1/407,1/389,249,1,1/407,1/389,,0,0/407,0/389,1:1,16:14,16:14,{},{}
240000004802,LOW_TAIL,,18,407,389,60388291,250,1,1/407,1/389,250,1,1/407,1/389,,0,0/407,0/389,1:1,15:12,15:12,{},{}
240000004802,LOW_TAIL,,18,407,389,68434879,251,1,1/407,1/389,251,1,1/407,1/389,,0,0/407,0/389,1:1,19:6,19:6,{},{}
240000004802,LOW_TAIL,,18,407,389,68767747,252,1,1/407,1/389,252,1,1/407,1/389,,0,0/407,0/389,1:1,11:8,11:8,{},{}
240000004802,LOW_TAIL,,18,407,389,73021139,253,1,1/407,1/389,253,1,1/407,1/389,,0,0/407,0/389,1:1,11:13,11:13,{},{}
240000004802,LOW_TAIL,,18,407,389,79312619,254,1,1/407,1/389,254,1,1/407,1/389,,0,0/407,0/389,1:1,9:2,9:2,{},{}
240000004802,LOW_TAIL,,18,407,389,84136463,255,1,1/407,1/389,255,1,1/407,1/389,,0,0/407,0/389,1:1,9:13,9:13,{},{}
240000004802,LOW_TAIL,,18,407,389,88954783,256,1,1/407,1/389,256,1,1/407,1/389,,0,0/407,0/389,1:1,5:2,5:2,{},{}
240000004802,LOW_TAIL,,18,407,389,94142123,257,1,1/407,1/389,257,1,1/407,1/389,,0,0/407,0/389,1:1,22:4,22:4,{},{}
240000004802,LOW_TAIL,,18,407,389,97245367,258,1,1/407,1/389,258,1,1/407,1/389,,0,0/407,0/389,1:1,18:2,18:2,{},{}
240000004802,LOW_TAIL,,18,407,389,97939487,259,1,1/407,1/389,259,1,1/407,1/389,,0,0/407,0/389,1:1,0:12,0:12,{},{}
240000004802,LOW_TAIL,,18,407,389,108042091,260,1,1/407,1/389,260,1,1/407,1/389,,0,0/407,0/389,1:1,23:5,23:5,{},{}
240000004802,LOW_TAIL,,18,407,389,112411219,261,1,1/407,1/389,261,1,1/407,1/389,,0,0/407,0/389,1:1,20:6,20:6,{},{}
240000004802,LOW_TAIL,,18,407,389,117524807,262,1,1/407,1/389,262,1,1/407,1/389,,0,0/407,0/389,1:1,15:0,15:0,{},{}
240000004802,LOW_TAIL,,18,407,389,130718923,263,1,1/407,1/389,263,1,1/407,1/389,,0,0/407,0/389,1:1,10:5,10:5,{},{}
240000004802,LOW_TAIL,,18,407,389,142495291,264,1,1/407,1/389,264,1,1/407,1/389,,0,0/407,0/389,1:1,15:15,15:15,{},{}
240000004802,LOW_TAIL,,18,407,389,145007227,265,1,1/407,1/389,265,1,1/407,1/389,,0,0/407,0/389,1:1,18:13,18:13,{},{}
240000004802,LOW_TAIL,,18,407,389,149062259,266,1,1/407,1/389,266,1,1/407,1/389,,0,0/407,0/389,1:1,7:10,7:10,{},{}
240000004802,LOW_TAIL,,18,407,389,177777779,267,1,1/407,1/389,267,1,1/407,1/389,,0,0/407,0/389,1:1,3:5,3:5,{},{}
240000004802,LOW_TAIL,,18,407,389,194172751,268,1,1/407,1/389,268,1,1/407,1/389,,0,0/407,0/389,1:1,12:9,12:9,{},{}
240000004802,LOW_TAIL,,18,407,389,198019303,269,1,1/407,1/389,269,1,1/407,1/389,,0,0/407,0/389,1:1,12:7,12:7,{},{}
240000004802,LOW_TAIL,,18,407,389,205333223,270,1,1/407,1/389,270,1,1/407,1/389,,0,0/407,0/389,1:1,22:8,22:8,{},{}
240000004802,LOW_TAIL,,18,407,389,211254803,271,1,1/407,1/389,271,1,1/407,1/389,,0,0/407,0/389,1:1,14:10,14:10,{},{}
240000004802,LOW_TAIL,,18,407,389,221991911,272,1,1/407,1/389,272,1,1/407,1/389,,0,0/407,0/389,1:1,21:6,21:6,{},{}
240000004802,LOW_TAIL,,18,407,389,245865779,273,1,1/407,1/389,273,1,1/407,1/389,,0,0/407,0/389,1:1,14:15,14:15,{},{}
240000004802,LOW_TAIL,,18,407,389,247422667,274,1,1/407,1/389,274,1,1/407,1/389,,0,0/407,0/389,1:1,7:6,7:6,{},{}
240000004802,LOW_TAIL,,18,407,389,316170319,275,1,1/407,1/389,275,1,1/407,1/389,,0,0/407,0/389,1:1,21:1,21:1,{},{}
240000004802,LOW_TAIL,,18,407,389,316481779,276,1,1/407,1/389,276,1,1/407,1/389,,0,0/407,0/389,1:1,21:14,21:14,{},{}
240000004802,LOW_TAIL,,18,407,389,330578519,277,1,1/407,1/389,277,1,1/407,1/389,,0,0/407,0/389,1:1,1:1,1:1,{},{}
240000004802,LOW_TAIL,,18,407,389,343640543,278,1,1/407,1/389,278,1,1/407,1/389,,0,0/407,0/389,1:1,17:10,17:10,{},{}
240000004802,LOW_TAIL,,18,407,389,355890911,279,1,1/407,1/389,279,1,1/407,1/389,,0,0/407,0/389,1:1,17:8,17:8,{},{}
240000004802,LOW_TAIL,,18,407,389,393419107,280,1,1/407,1/389,280,1,1/407,1/389,,0,0/407,0/389,1:1,15:4,15:4,{},{}
240000004802,LOW_TAIL,,18,407,389,422526799,281,1,1/407,1/389,281,1,1/407,1/389,,0,0/407,0/389,1:1,14:0,14:0,{},{}
240000004802,LOW_TAIL,,18,407,389,468305471,282,1,1/407,1/389,282,1,1/407,1/389,,0,0/407,0/389,1:1,19:9,19:9,{},{}
240000004802,LOW_TAIL,,18,407,389,474305159,283,1,1/407,1/389,283,1,1/407,1/389,,0,0/407,0/389,1:1,13:2,13:2,{},{}
240000004802,LOW_TAIL,,18,407,389,531568379,284,1,1/407,1/389,284,1,1/407,1/389,,0,0/407,0/389,1:1,22:12,22:12,{},{}
240000004802,LOW_TAIL,,18,407,389,567611131,285,1,1/407,1/389,285,1,1/407,1/389,,0,0/407,0/389,1:1,1:16,1:16,{},{}
240000004802,LOW_TAIL,,18,407,389,593645911,286,1,1/407,1/389,286,1,1/407,1/389,,0,0/407,0/389,1:1,5:14,5:14,{},{}
240000004802,LOW_TAIL,,18,407,389,605828611,287,1,1/407,1/389,287,1,1/407,1/389,,0,0/407,0/389,1:1,16:11,16:11,{},{}
240000004802,LOW_TAIL,,18,407,389,645161303,288,1,1/407,1/389,288,1,1/407,1/389,,0,0/407,0/389,1:1,4:1,4:1,{},{}
240000004802,LOW_TAIL,,18,407,389,864986431,289,1,1/407,1/389,289,1,1/407,1/389,,0,0/407,0/389,1:1,16:13,16:13,{},{}
240000004802,LOW_TAIL,,18,407,389,869565211,290,1,1/407,1/389,290,1,1/407,1/389,,0,0/407,0/389,1:1,8:1,8:1,{},{}
240000004802,LOW_TAIL,,18,407,389,888888887,291,1,1/407,1/389,291,1,1/407,1/389,,0,0/407,0/389,1:1,7:5,7:5,{},{}
240000004802,LOW_TAIL,,18,407,389,993319471,292,1,1/407,1/389,292,1,1/407,1/389,,0,0/407,0/389,1:1,6:16,6:16,{},{}
240000004802,LOW_TAIL,,18,407,389,1070338679,293,1,1/407,1/389,293,1,1/407,1/389,,0,0/407,0/389,1:1,4:12,4:12,{},{}
240000004802,LOW_TAIL,,18,407,389,1114268227,294,1,1/407,1/389,294,1,1/407,1/389,,0,0/407,0/389,1:1,0:15,0:15,{},{}
240000004802,LOW_TAIL,,18,407,389,1304344879,295,1,1/407,1/389,295,1,1/407,1/389,,0,0/407,0/389,1:1,12:6,12:6,{},{}
240000004802,LOW_TAIL,,18,407,389,1392241007,296,1,1/407,1/389,296,1,1/407,1/389,,0,0/407,0/389,1:1,0:14,0:14,{},{}
240000004802,LOW_TAIL,,18,407,389,1572186719,297,1,1/407,1/389,297,1,1/407,1/389,,0,0/407,0/389,1:1,21:8,21:8,{},{}
240000004802,LOW_TAIL,,18,407,389,1591862011,298,1,1/407,1/389,298,1,1/407,1/389,,0,0/407,0/389,1:1,3:13,3:13,{},{}
240000004802,LOW_TAIL,,18,407,389,1818145619,299,1,1/407,1/389,299,1,1/407,1/389,,0,0/407,0/389,1:1,14:3,14:3,{},{}
240000004802,LOW_TAIL,,18,407,389,1931656871,300,1,1/407,1/389,300,1,1/407,1/389,,0,0/407,0/389,1:1,22:5,22:5,{},{}
240000004802,LOW_TAIL,,18,407,389,2142856519,301,1,1/407,1/389,301,1,1/407,1/389,,0,0/407,0/389,1:1,10:6,10:6,{},{}
240000004802,LOW_TAIL,,18,407,389,2264150803,302,1,1/407,1/389,302,1,1/407,1/389,,0,0/407,0/389,1:1,9:0,9:0,{},{}
240000004802,LOW_TAIL,,18,407,389,2720095951,303,1,1/407,1/389,303,1,1/407,1/389,,0,0/407,0/389,1:1,18:12,18:12,{},{}
240000004802,LOW_TAIL,,18,407,389,2917136507,304,1,1/407,1/389,304,1,1/407,1/389,,0,0/407,0/389,1:1,23:4,23:4,{},{}
240000004802,LOW_TAIL,,18,407,389,3695519059,305,1,1/407,1/389,305,1,1/407,1/389,,0,0/407,0/389,1:1,20:4,20:4,{},{}
240000004802,LOW_TAIL,,18,407,389,4137928063,306,1,1/407,1/389,306,1,1/407,1/389,,0,0/407,0/389,1:1,11:0,11:0,{},{}
240000004802,LOW_TAIL,,18,407,389,4250734231,307,1,1/407,1/389,307,1,1/407,1/389,,0,0/407,0/389,1:1,21:5,21:5,{},{}
240000004802,LOW_TAIL,,18,407,389,4799999783,308,1,1/407,1/389,308,1,1/407,1/389,,0,0/407,0/389,1:1,3:6,3:6,{},{}
240000004802,LOW_TAIL,,18,407,389,6982747483,309,1,1/407,1/389,309,1,1/407,1/389,,0,0/407,0/389,1:1,7:15,7:15,{},{}
240000004802,LOW_TAIL,,18,407,389,7055024971,310,1,1/407,1/389,310,1,1/407,1/389,,0,0/407,0/389,1:1,17:6,17:6,{},{}
240000004802,LOW_TAIL,,18,407,389,7309115819,311,1,1/407,1/389,311,1,1/407,1/389,,0,0/407,0/389,1:1,14:14,14:14,{},{}
240000004802,LOW_TAIL,,18,407,389,7958831759,312,1,1/407,1/389,312,1,1/407,1/389,,0,0/407,0/389,1:1,15:13,15:13,{},{}
240000004802,LOW_TAIL,,18,407,389,7961255507,313,1,1/407,1/389,313,1,1/407,1/389,,0,0/407,0/389,1:1,19:7,19:7,{},{}
240000004802,LOW_TAIL,,18,407,389,7999991651,314,1,1/407,1/389,314,1,1/407,1/389,,0,0/407,0/389,1:1,11:7,11:7,{},{}
240000004802,LOW_TAIL,,18,407,389,7999997483,315,1,1/407,1/389,315,1,1/407,1/389,,0,0/407,0/389,1:1,7:7,7:7,{},{}
240000004802,LOW_TAIL,,18,407,389,8000000087,316,1,1/407,1/389,316,1,1/407,1/389,,0,0/407,0/389,1:1,7:1,7:1,{},{}
240000004802,LOW_TAIL,,18,407,389,14975785543,317,1,1/407,1/389,317,1,1/407,1/389,,0,0/407,0/389,1:1,18:6,18:6,{},{}
240000004802,LOW_TAIL,,18,407,389,14999999323,318,1,1/407,1/389,318,1,1/407,1/389,,0,0/407,0/389,1:1,2:6,2:6,{},{}
240000004802,LOW_TAIL,,18,407,389,17453281663,319,1,1/407,1/389,319,1,1/407,1/389,,0,0/407,0/389,1:1,16:15,16:15,{},{}
240000004802,LOW_TAIL,,18,407,389,17456824603,320,1,1/407,1/389,320,1,1/407,1/389,,0,0/407,0/389,1:1,12:15,12:15,{},{}
240000004802,LOW_TAIL,,18,407,389,19999601819,321,1,1/407,1/389,321,1,1/407,1/389,,0,0/407,0/389,1:1,14:1,14:1,{},{}
240000004802,LOW_TAIL,,18,407,389,19999837639,322,1,1/407,1/389,322,1,1/407,1/389,,0,0/407,0/389,1:1,2:9,2:9,{},{}
240000004802,LOW_TAIL,,18,407,389,19999956103,323,1,1/407,1/389,323,1,1/407,1/389,,0,0/407,0/389,1:1,12:3,12:3,{},{}
240000004802,LOW_TAIL,,18,407,389,23389648699,324,1,1/407,1/389,324,1,1/407,1/389,,0,0/407,0/389,1:1,7:14,7:14,{},{}
240000004802,LOW_TAIL,,18,407,389,23859360271,325,1,1/407,1/389,325,1,1/407,1/389,,0,0/407,0/389,1:1,19:12,19:12,{},{}
240000004802,LOW_TAIL,,18,407,389,23883774331,326,1,1/407,1/389,326,1,1/407,1/389,,0,0/407,0/389,1:1,19:2,19:2,{},{}
240000004802,LOW_TAIL,,18,407,389,29237060327,327,1,1/407,1/389,327,1,1/407,1/389,,0,0/407,0/389,1:1,8:14,8:14,{},{}
240000004802,LOW_TAIL,,18,407,389,30000000431,328,1,1/407,1/389,328,1,1/407,1/389,,0,0/407,0/389,1:1,6:4,6:4,{},{}
240000004802,LOW_TAIL,,18,407,389,30000000587,329,1,1/407,1/389,329,1,1/407,1/389,,0,0/407,0/389,1:1,4:2,4:2,{},{}
240000004802,LOW_TAIL,,18,407,389,39978464419,330,1,1/407,1/389,330,1,1/407,1/389,,0,0/407,0/389,1:1,17:7,17:7,{},{}
240000004802,LOW_TAIL,,18,407,389,43641487007,331,1,1/407,1/389,331,1,1/407,1/389,,0,0/407,0/389,1:1,17:16,17:16,{},{}
240000004802,LOW_TAIL,,18,407,389,43706047247,332,1,1/407,1/389,332,1,1/407,1/389,,0,0/407,0/389,1:1,9:16,9:16,{},{}
240000004802,LOW_TAIL,,18,407,389,60000001199,333,1,1/407,1/389,333,1,1/407,1/389,,0,0/407,0/389,1:1,0:1,0:1,{},{}
240000004802,LOW_TAIL,,18,407,389,114769825787,334,1,1/407,1/389,334,1,1/407,1/389,,0,0/407,0/389,1:1,21:2,21:2,{},{}
240000004802,LOW_TAIL,,18,407,389,114769825799,335,1,1/407,1/389,335,1,1/407,1/389,,0,0/407,0/389,1:1,21:0,21:0,{},{}
240000004802,LOW_TAIL,,18,407,389,116883674507,336,1,1/407,1/389,336,1,1/407,1/389,,0,0/407,0/389,1:1,17:14,17:14,{},{}
240000004802,LOW_TAIL,,18,407,389,116948244587,337,1,1/407,1/389,337,1,1/407,1/389,,0,0/407,0/389,1:1,1:14,1:14,{},{}
240000004802,LOW_TAIL,,18,407,389,119418871667,338,1,1/407,1/389,338,1,1/407,1/389,,0,0/407,0/389,1:1,19:0,19:0,{},{}
240000004802,LOW_TAIL,,18,407,389,119877922247,339,1,1/407,1/389,339,1,1/407,1/389,,0,0/407,0/389,1:1,9:12,9:12,{},{}
240000004802,LOW_TAIL,,18,407,389,119877932087,340,1,1/407,1/389,340,1,1/407,1/389,,0,0/407,0/389,1:1,1:12,1:12,{},{}
240000004802,LOW_TAIL,,18,407,389,119935432007,341,1,1/407,1/389,341,1,1/407,1/389,,0,0/407,0/389,1:1,17:4,17:4,{},{}
240000004802,LOW_TAIL,,18,407,389,119995109747,342,1,1/407,1/389,342,1,1/407,1/389,,0,0/407,0/389,1:1,9:10,9:10,{},{}
240000004802,LOW_TAIL,,18,407,389,119999009927,343,1,1/407,1/389,343,1,1/407,1/389,,0,0/407,0/389,1:1,13:8,13:8,{},{}
240000004802,LOW_TAIL,,18,407,389,119999205239,344,1,1/407,1/389,344,1,1/407,1/389,,0,0/407,0/389,1:1,13:0,13:0,{},{}
240000004802,LOW_TAIL,,18,407,389,120000001307,345,1,1/407,1/389,345,1,1/407,1/389,,0,0/407,0/389,1:1,7:0,7:0,{},{}
240000044158,LOW_TAIL,,19,407,388,3,1,158,158/407,158/388,1,137,137/407,137/388,1,21,21/407,21/388,1:137;3:21,1:0;1:4;1:6;1:10;1:12;1:14;1:16;2:2;2:4;2:8;2:10;2:14;2:16;3:2;3:4;3:8;3:10;3:14;3:16;4:2;4:4;4:8;4:10;4:12;4:14;4:16;5:2;5:4;5:8;5:10;5:12;5:14;5:16;6:2;6:4;6:8;6:10;6:12;6:14;6:16;7:2;7:4;7:8;7:10;7:12;7:14;7:16;8:2;8:4;8:8;8:10;8:12;8:14;8:16;9:2;9:4;9:8;9:10;9:12;9:14;9:16;10:2;10:4;10:8;10:10;10:12;10:14;10:16;11:2;11:4;11:8;11:10;11:12;11:14;11:16;12:2;12:4;12:8;12:10;12:12;12:14;12:16;13:2;13:4;13:8;13:10;13:12;13:14;13:16;14:2;14:4;14:8;14:10;14:12;14:14;14:16;15:2;15:4;15:8;15:10;15:12;15:14;15:16;16:2;16:4;16:8;16:10;16:12;16:14;16:16;17:2;17:4;17:8;17:10;17:12;17:14;17:16;18:2;18:4;18:8;18:10;18:12;18:14;18:16;19:2;19:4;19:8;19:10;19:12;19:14;19:16;20:2;20:4;20:8;20:10;20:12;20:14;20:16;21:2;21:4;21:8;21:10;21:12;21:14;21:16;22:2;22:4;22:8;22:10;22:12;22:14;22:16;23:2;23:4;23:8;23:10;23:12;23:14,1:0;1:4;1:6;1:10;1:12;1:16;2:2;2:4;2:8;2:10;2:14;2:16;3:2;3:4;3:8;3:10;3:14;3:16;4:2;4:4;4:8;4:10;4:14;4:16;5:2;5:4;5:8;5:10;5:14;5:16;6:2;6:4;6:8;6:10;6:14;6:16;7:2;7:4;7:8;7:10;7:14;7:16;8:2;8:4;8:8;8:10;8:14;8:16;9:2;9:4;9:8;9:10;9:14;9:16;10:2;10:4;10:8;10:10;10:14;10:16;11:2;11:4;11:8;11:10;11:14;11:16;12:2;12:4;12:8;12:10;12:14;12:16;13:2;13:4;13:8;13:10;13:14;13:16;14:2;14:4;14:8;14:10;14:14;14:16;15:2;15:4;15:8;15:10;15:14;15:16;16:2;16:4;16:8;16:10;16:14;16:16;17:2;17:4;17:8;17:10;17:14;17:16;18:2;18:4;18:8;18:10;18:14;18:16;19:2;19:4;19:8;19:10;19:14;19:16;20:2;20:4;20:8;20:10;20:14;20:16;21:2;21:4;21:8;21:10;21:14;21:16;22:2;22:4;22:8;22:10;22:14;22:16;23:2;23:4;23:8;23:10;23:14,"{""3"":[[1,14],[4,12],[5,12],[6,12],[7,12],[8,12],[9,12],[10,12],[11,12],[12,12],[13,12],[14,12],[15,12],[16,12],[17,12],[18,12],[19,12],[20,12],[21,12],[22,12],[23,12]]}","{""3"":""81""}"
240000044158,LOW_TAIL,,19,407,388,7,2,62,62/407,62/388,2,61,61/407,61/388,2,1,1/407,1/388,1:61;3:1,0:3;0:9;1:2;1:8;1:14;2:1;2:7;3:0;3:6;3:12;4:5;4:11;5:4;5:10;5:16;6:3;6:9;6:15;7:2;7:8;7:14;8:1;8:7;8:13;9:0;9:6;9:12;10:11;11:4;11:10;11:16;12:3;12:9;12:15;13:2;13:8;13:14;14:1;14:7;14:13;15:0;15:6;15:12;16:5;17:4;17:10;17:16;18:3;18:9;18:15;19:2;19:8;19:14;20:1;20:7;20:13;21:0;21:12;22:5;22:11;23:4;23:10,0:3;0:9;1:2;1:8;1:14;2:1;2:7;3:0;3:6;3:12;4:5;4:11;5:4;5:10;5:16;6:3;6:9;6:15;7:2;7:8;7:14;8:1;8:7;8:13;9:0;9:6;9:12;10:11;11:4;11:10;11:16;12:3;12:9;12:15;13:2;13:8;13:14;14:1;14:7;14:13;15:6;15:12;16:5;17:4;17:10;17:16;18:3;18:9;18:15;19:2;19:8;19:14;20:1;20:7;20:13;21:0;21:12;22:5;22:11;23:4;23:10,"{""3"":[[15,0]]}","{""3"":""2401""}"
240000044158,LOW_TAIL,,19,407,388,11,3,51,51/407,51/388,3,50,50/407,50/388,3,1,1/407,1/388,1:50;3:1,0:1;0:6;0:11;1:2;1:7;1:12;3:0;3:5;3:10;3:15;5:1;5:6;5:11;6:2;6:7;6:12;8:0;8:5;8:10;8:15;10:1;10:6;10:11;11:2;11:7;11:12;13:0;13:5;13:10;13:15;15:1;15:6;15:11;16:2;16:7;16:12;18:0;18:5;18:10;18:15;20:1;20:6;20:11;20:16;21:2;21:7;21:12;23:0;23:5;23:10;23:15,0:1;0:6;0:11;1:2;1:7;1:12;3:0;3:5;3:10;3:15;5:1;5:6;5:11;6:2;6:7;6:12;8:0;8:5;8:10;8:15;10:1;10:6;10:11;11:2;11:7;11:12;13:0;13:5;13:10;13:15;15:1;15:6;15:11;16:2;16:7;16:12;18:0;18:5;18:10;18:15;20:1;20:6;20:11;21:2;21:7;21:12;23:0;23:5;23:10;23:15,"{""3"":[[20,16]]}","{""3"":""14641""}"
240000044158,LOW_TAIL,,19,407,388,19,4,19,19/407,19/388,4,19,19/407,19/388,,0,0/407,0/388,1:19,1:2;1:11;3:0;3:9;4:8;7:6;7:15;12:4;12:13;14:1;14:10;15:7;15:16;16:3;16:12;19:11;21:0;21:9;22:8,1:2;1:11;3:0;3:9;4:8;7:6;7:15;12:4;12:13;14:1;14:10;15:7;15:16;16:3;16:12;19:11;21:0;21:9;22:8,{},{}
240000044158,LOW_TAIL,,19,407,388,23,5,19,19/407,19/388,5,19,19/407,19/388,,0,0/407,0/388,1:19,0:14;1:9;2:1;3:3;4:2;5:0;6:13;8:6;9:15;11:14;12:9;14:3;15:2;16:0;17:13;19:6;20:15;22:14;23:9,0:14;1:9;2:1;3:3;4:2;5:0;6:13;8:6;9:15;11:14;12:9;14:3;15:2;16:0;17:13;19:6;20:15;22:14;23:9,{},{}
240000044158,LOW_TAIL,,19,407,388,31,6,15,15/407,15/388,6,15,15/407,15/388,,0,0/407,0/388,1:15,2:0;2:3;2:9;2:12;2:15;6:2;6:5;6:8;6:11;6:14;20:1;20:7;20:10;20:13;20:16,2:0;2:3;2:9;2:12;2:15;6:2;6:5;6:8;6:11;6:14;20:1;20:7;20:10;20:13;20:16,{},{}
240000044158,LOW_TAIL,,19,407,388,43,7,11,11/407,11/388,7,11,11/407,11/388,,0,0/407,0/388,1:11,2:10;5:1;7:3;8:15;9:0;10:4;12:5;14:16;18:12;21:11;22:14,2:10;5:1;7:3;8:15;9:0;10:4;12:5;14:16;18:12;21:11;22:14,{},{}
240000044158,LOW_TAIL,,19,407,388,47,8,11,11/407,11/388,8,11,11/407,11/388,,0,0/407,0/388,1:11,0:7;4:2;8:3;11:8;13:5;15:16;16:14;19:15;20:1;22:13;23:7,0:7;4:2;8:3;11:8;13:5;15:16;16:14;19:15;20:1;22:13;23:7,{},{}
240000044158,LOW_TAIL,,19,407,388,71,9,7,7/407,7/388,9,7,7/407,7/388,,0,0/407,0/388,1:7,0:1;0:6;0:11;0:16;15:4;15:9;15:14,0:1;0:6;0:11;0:16;15:4;15:9;15:14,{},{}
240000044158,LOW_TAIL,,19,407,388,67,10,5,5/407,5/388,10,5,5/407,5/388,,0,0/407,0/388,1:5,7:15;10:11;11:4;12:16;21:5,7:15;10:11;11:4;12:16;21:5,{},{}
240000044158,LOW_TAIL,,19,407,388,79,11,5,5/407,5/388,11,5,5/407,5/388,,0,0/407,0/388,1:5,2:16;6:15;8:14;20:9;21:13,2:16;6:15;8:14;20:9;21:13,{},{}
240000044158,LOW_TAIL,,19,407,388,83,12,5,5/407,5/388,12,5,5/407,5/388,,0,0/407,0/388,1:5,5:15;6:2;10:5;11:16;17:3,5:15;6:2;10:5;11:16;17:3,{},{}
240000044158,LOW_TAIL,,19,407,388,223,13,5,5/407,5/388,13,5,5/407,5/388,,0,0/407,0/388,1:5,6:16;7:6;17:0;19:13;21:9,6:16;7:6;17:0;19:13;21:9,{},{}
240000044158,LOW_TAIL,,19,407,388,59,14,4,4/407,4/388,14,4,4/407,4/388,,0,0/407,0/388,1:4,0:4;3:7;11:3;14:11,0:4;3:7;11:3;14:11,{},{}
240000044158,LOW_TAIL,,19,407,388,103,15,4,4/407,4/388,15,4,4/407,4/388,,0,0/407,0/388,1:4,1:4;2:0;4:16;12:8,1:4;2:0;4:16;12:8,{},{}
240000044158,LOW_TAIL,,19,407,388,367,16,4,4/407,4/388,16,4,4/407,4/388,,0,0/407,0/388,1:4,6:1;11:12;18:3;23:14,6:1;11:12;18:3;23:14,{},{}
240000044158,LOW_TAIL,,19,407,388,599,17,4,4/407,4/388,17,4,4/407,4/388,,0,0/407,0/388,1:4,4:5;13:13;16:4;17:7,4:5;13:13;16:4;17:7,{},{}
240000044158,LOW_TAIL,,19,407,388,127,18,3,3/407,3/388,18,3,3/407,3/388,,0,0/407,0/388,1:3,2:7;7:0;18:2,2:7;7:0;18:2,{},{}
240000044158,LOW_TAIL,,19,407,388,139,19,3,3/407,3/388,19,3,3/407,3/388,,0,0/407,0/388,1:3,6:11;14:13;23:6,6:11;14:13;23:6,{},{}
240000044158,LOW_TAIL,,19,407,388,163,20,3,3/407,3/388,20,3,3/407,3/388,,0,0/407,0/388,1:3,6:8;11:2;17:0,6:8;11:2;17:0,{},{}
240000044158,LOW_TAIL,,19,407,388,191,21,3,3/407,3/388,21,3,3/407,3/388,,0,0/407,0/388,1:3,0:6;7:5;10:3,0:6;7:5;10:3,{},{}
240000044158,LOW_TAIL,,19,407,388,251,22,3,3/407,3/388,22,3,3/407,3/388,,0,0/407,0/388,1:3,7:1;8:15;11:16,7:1;8:15;11:16,{},{}
240000044158,LOW_TAIL,,19,407,388,479,23,3,3/407,3/388,23,3,3/407,3/388,,0,0/407,0/388,1:3,2:9;6:0;16:11,2:9;6:0;16:11,{},{}
240000044158,LOW_TAIL,,19,407,388,2287,24,3,3/407,3/388,24,3,3/407,3/388,,0,0/407,0/388,1:3,0:9;1:2;3:0,0:9;1:2;3:0,{},{}
240000044158,LOW_TAIL,,19,407,388,107,25,2,2/407,2/388,25,2,2/407,2/388,,0,0/407,0/388,1:2,4:7;6:12,4:7;6:12,{},{}
240000044158,LOW_TAIL,,19,407,388,151,26,2,2/407,2/388,26,2,2/407,2/388,,0,0/407,0/388,1:2,14:13;19:4,14:13;19:4,{},{}
240000044158,LOW_TAIL,,19,407,388,179,27,2,2/407,2/388,27,2,2/407,2/388,,0,0/407,0/388,1:2,12:14;15:12,12:14;15:12,{},{}
240000044158,LOW_TAIL,,19,407,388,199,28,2,2/407,2/388,28,2,2/407,2/388,,0,0/407,0/388,1:2,3:6;18:1,3:6;18:1,{},{}
240000044158,LOW_TAIL,,19,407,388,211,29,2,2/407,2/388,29,2,2/407,2/388,,0,0/407,0/388,1:2,6:2;22:10,6:2;22:10,{},{}
240000044158,LOW_TAIL,,19,407,388,227,30,2,2/407,2/388,30,2,2/407,2/388,,0,0/407,0/388,1:2,7:12;18:13,7:12;18:13,{},{}
240000044158,LOW_TAIL,,19,407,388,283,31,2,2/407,2/388,31,2,2/407,2/388,,0,0/407,0/388,1:2,2:15;3:5,2:15;3:5,{},{}
240000044158,LOW_TAIL,,19,407,388,311,32,2,2/407,2/388,32,2,2/407,2/388,,0,0/407,0/388,1:2,0:5;15:12,0:5;15:12,{},{}
240000044158,LOW_TAIL,,19,407,388,347,33,2,2/407,2/388,33,2,2/407,2/388,,0,0/407,0/388,1:2,12:15;16:9,12:15;16:9,{},{}
240000044158,LOW_TAIL,,19,407,388,431,34,2,2/407,2/388,34,2,2/407,2/388,,0,0/407,0/388,1:2,1:1;4:13,1:1;4:13,{},{}
240000044158,LOW_TAIL,,19,407,388,523,35,2,2/407,2/388,35,2,2/407,2/388,,0,0/407,0/388,1:2,2:15;15:2,2:15;15:2,{},{}
240000044158,LOW_TAIL,,19,407,388,631,36,2,2/407,2/388,36,2,2/407,2/388,,0,0/407,0/388,1:2,22:13;23:2,22:13;23:2,{},{}
240000044158,LOW_TAIL,,19,407,388,787,37,2,2/407,2/388,37,2,2/407,2/388,,0,0/407,0/388,1:2,17:9;18:8,17:9;18:8,{},{}
240000044158,LOW_TAIL,,19,407,388,947,38,2,2/407,2/388,38,2,2/407,2/388,,0,0/407,0/388,1:2,7:6;22:14,7:6;22:14,{},{}
240000044158,LOW_TAIL,,19,407,388,991,39,2,2/407,2/388,39,2,2/407,2/388,,0,0/407,0/388,1:2,5:9;14:15,5:9;14:15,{},{}
240000044158,LOW_TAIL,,19,407,388,1367,40,2,2/407,2/388,40,2,2/407,2/388,,0,0/407,0/388,1:2,10:0;11:13,10:0;11:13,{},{}
240000044158,LOW_TAIL,,19,407,388,1811,41,2,2/407,2/388,41,2,2/407,2/388,,0,0/407,0/388,1:2,3:14;13:5,3:14;13:5,{},{}
240000044158,LOW_TAIL,,19,407,388,3323,42,2,2/407,2/388,42,2,2/407,2/388,,0,0/407,0/388,1:2,7:6;14:2,7:6;14:2,{},{}
240000044158,LOW_TAIL,,19,407,388,19471,43,2,2/407,2/388,43,2,2/407,2/388,,0,0/407,0/388,1:2,6:10;9:16,6:10;9:16,{},{}
240000044158,LOW_TAIL,,19,407,388,131,44,1,1/407,1/388,44,1,1/407,1/388,,0,0/407,0/388,1:1,0:11,0:11,{},{}
240000044158,LOW_TAIL,,19,407,388,167,45,1,1/407,1/388,45,1,1/407,1/388,,0,0/407,0/388,1:1,18:14,18:14,{},{}
240000044158,LOW_TAIL,,19,407,388,239,46,1,1/407,1/388,46,1,1/407,1/388,,0,0/407,0/388,1:1,16:6,16:6,{},{}
240000044158,LOW_TAIL,,19,407,388,263,47,1,1/407,1/388,47,1,1/407,1/388,,0,0/407,0/388,1:1,20:7,20:7,{},{}
240000044158,LOW_TAIL,,19,407,388,271,48,1,1/407,1/388,48,1,1/407,1/388,,0,0/407,0/388,1:1,22:9,22:9,{},{}
240000044158,LOW_TAIL,,19,407,388,331,49,1,1/407,1/388,49,1,1/407,1/388,,0,0/407,0/388,1:1,3:7,3:7,{},{}
240000044158,LOW_TAIL,,19,407,388,379,50,1,1/407,1/388,50,1,1/407,1/388,,0,0/407,0/388,1:1,21:13,21:13,{},{}
240000044158,LOW_TAIL,,19,407,388,439,51,1,1/407,1/388,51,1,1/407,1/388,,0,0/407,0/388,1:1,2:15,2:15,{},{}
240000044158,LOW_TAIL,,19,407,388,463,52,1,1/407,1/388,52,1,1/407,1/388,,0,0/407,0/388,1:1,2:16,2:16,{},{}
240000044158,LOW_TAIL,,19,407,388,487,53,1,1/407,1/388,53,1,1/407,1/388,,0,0/407,0/388,1:1,22:14,22:14,{},{}
240000044158,LOW_TAIL,,19,407,388,491,54,1,1/407,1/388,54,1,1/407,1/388,,0,0/407,0/388,1:1,16:13,16:13,{},{}
240000044158,LOW_TAIL,,19,407,388,499,55,1,1/407,1/388,55,1,1/407,1/388,,0,0/407,0/388,1:1,8:15,8:15,{},{}
240000044158,LOW_TAIL,,19,407,388,571,56,1,1/407,1/388,56,1,1/407,1/388,,0,0/407,0/388,1:1,20:14,20:14,{},{}
240000044158,LOW_TAIL,,19,407,388,587,57,1,1/407,1/388,57,1,1/407,1/388,,0,0/407,0/388,1:1,18:8,18:8,{},{}
240000044158,LOW_TAIL,,19,407,388,647,58,1,1/407,1/388,58,1,1/407,1/388,,0,0/407,0/388,1:1,20:11,20:11,{},{}
240000044158,LOW_TAIL,,19,407,388,691,59,1,1/407,1/388,59,1,1/407,1/388,,0,0/407,0/388,1:1,0:10,0:10,{},{}
240000044158,LOW_TAIL,,19,407,388,739,60,1,1/407,1/388,60,1,1/407,1/388,,0,0/407,0/388,1:1,5:9,5:9,{},{}
240000044158,LOW_TAIL,,19,407,388,743,61,1,1/407,1/388,61,1,1/407,1/388,,0,0/407,0/388,1:1,4:3,4:3,{},{}
240000044158,LOW_TAIL,,19,407,388,827,62,1,1/407,1/388,62,1,1/407,1/388,,0,0/407,0/388,1:1,14:3,14:3,{},{}
240000044158,LOW_TAIL,,19,407,388,863,63,1,1/407,1/388,63,1,1/407,1/388,,0,0/407,0/388,1:1,4:15,4:15,{},{}
240000044158,LOW_TAIL,,19,407,388,907,64,1,1/407,1/388,64,1,1/407,1/388,,0,0/407,0/388,1:1,22:12,22:12,{},{}
240000044158,LOW_TAIL,,19,407,388,911,65,1,1/407,1/388,65,1,1/407,1/388,,0,0/407,0/388,1:1,5:1,5:1,{},{}
240000044158,LOW_TAIL,,19,407,388,983,66,1,1/407,1/388,66,1,1/407,1/388,,0,0/407,0/388,1:1,18:6,18:6,{},{}
240000044158,LOW_TAIL,,19,407,388,1019,67,1,1/407,1/388,67,1,1/407,1/388,,0,0/407,0/388,1:1,11:2,11:2,{},{}
240000044158,LOW_TAIL,,19,407,388,1031,68,1,1/407,1/388,68,1,1/407,1/388,,0,0/407,0/388,1:1,9:8,9:8,{},{}
240000044158,LOW_TAIL,,19,407,388,1039,69,1,1/407,1/388,69,1,1/407,1/388,,0,0/407,0/388,1:1,10:15,10:15,{},{}
240000044158,LOW_TAIL,,19,407,388,1091,70,1,1/407,1/388,70,1,1/407,1/388,,0,0/407,0/388,1:1,6:0,6:0,{},{}
240000044158,LOW_TAIL,,19,407,388,1151,71,1,1/407,1/388,71,1,1/407,1/388,,0,0/407,0/388,1:1,12:1,12:1,{},{}
240000044158,LOW_TAIL,,19,407,388,1171,72,1,1/407,1/388,72,1,1/407,1/388,,0,0/407,0/388,1:1,13:11,13:11,{},{}
240000044158,LOW_TAIL,,19,407,388,1187,73,1,1/407,1/388,73,1,1/407,1/388,,0,0/407,0/388,1:1,13:1,13:1,{},{}
240000044158,LOW_TAIL,,19,407,388,1259,74,1,1/407,1/388,74,1,1/407,1/388,,0,0/407,0/388,1:1,4:16,4:16,{},{}
240000044158,LOW_TAIL,,19,407,388,1319,75,1,1/407,1/388,75,1,1/407,1/388,,0,0/407,0/388,1:1,10:1,10:1,{},{}
240000044158,LOW_TAIL,,19,407,388,1447,76,1,1/407,1/388,76,1,1/407,1/388,,0,0/407,0/388,1:1,21:14,21:14,{},{}
240000044158,LOW_TAIL,,19,407,388,1471,77,1,1/407,1/388,77,1,1/407,1/388,,0,0/407,0/388,1:1,18:6,18:6,{},{}
240000044158,LOW_TAIL,,19,407,388,1523,78,1,1/407,1/388,78,1,1/407,1/388,,0,0/407,0/388,1:1,9:9,9:9,{},{}
240000044158,LOW_TAIL,,19,407,388,1559,79,1,1/407,1/388,79,1,1/407,1/388,,0,0/407,0/388,1:1,14:12,14:12,{},{}
240000044158,LOW_TAIL,,19,407,388,1607,80,1,1/407,1/388,80,1,1/407,1/388,,0,0/407,0/388,1:1,4:2,4:2,{},{}
240000044158,LOW_TAIL,,19,407,388,1667,81,1,1/407,1/388,81,1,1/407,1/388,,0,0/407,0/388,1:1,23:5,23:5,{},{}
240000044158,LOW_TAIL,,19,407,388,1823,82,1,1/407,1/388,82,1,1/407,1/388,,0,0/407,0/388,1:1,6:4,6:4,{},{}
240000044158,LOW_TAIL,,19,407,388,1831,83,1,1/407,1/388,83,1,1/407,1/388,,0,0/407,0/388,1:1,10:7,10:7,{},{}
240000044158,LOW_TAIL,,19,407,388,1879,84,1,1/407,1/388,84,1,1/407,1/388,,0,0/407,0/388,1:1,17:1,17:1,{},{}
240000044158,LOW_TAIL,,19,407,388,1951,85,1,1/407,1/388,85,1,1/407,1/388,,0,0/407,0/388,1:1,9:5,9:5,{},{}
240000044158,LOW_TAIL,,19,407,388,1999,86,1,1/407,1/388,86,1,1/407,1/388,,0,0/407,0/388,1:1,15:3,15:3,{},{}
240000044158,LOW_TAIL,,19,407,388,2011,87,1,1/407,1/388,87,1,1/407,1/388,,0,0/407,0/388,1:1,4:3,4:3,{},{}
240000044158,LOW_TAIL,,19,407,388,2039,88,1,1/407,1/388,88,1,1/407,1/388,,0,0/407,0/388,1:1,15:6,15:6,{},{}
240000044158,LOW_TAIL,,19,407,388,2087,89,1,1/407,1/388,89,1,1/407,1/388,,0,0/407,0/388,1:1,15:0,15:0,{},{}
240000044158,LOW_TAIL,,19,407,388,2239,90,1,1/407,1/388,90,1,1/407,1/388,,0,0/407,0/388,1:1,23:3,23:3,{},{}
240000044158,LOW_TAIL,,19,407,388,2459,91,1,1/407,1/388,91,1,1/407,1/388,,0,0/407,0/388,1:1,12:15,12:15,{},{}
240000044158,LOW_TAIL,,19,407,388,2531,92,1,1/407,1/388,92,1,1/407,1/388,,0,0/407,0/388,1:1,19:5,19:5,{},{}
240000044158,LOW_TAIL,,19,407,388,2671,93,1,1/407,1/388,93,1,1/407,1/388,,0,0/407,0/388,1:1,23:5,23:5,{},{}
240000044158,LOW_TAIL,,19,407,388,2683,94,1,1/407,1/388,94,1,1/407,1/388,,0,0/407,0/388,1:1,12:4,12:4,{},{}
240000044158,LOW_TAIL,,19,407,388,2699,95,1,1/407,1/388,95,1,1/407,1/388,,0,0/407,0/388,1:1,21:7,21:7,{},{}
240000044158,LOW_TAIL,,19,407,388,3499,96,1,1/407,1/388,96,1,1/407,1/388,,0,0/407,0/388,1:1,17:5,17:5,{},{}
240000044158,LOW_TAIL,,19,407,388,3659,97,1,1/407,1/388,97,1,1/407,1/388,,0,0/407,0/388,1:1,1:9,1:9,{},{}
240000044158,LOW_TAIL,,19,407,388,3779,98,1,1/407,1/388,98,1,1/407,1/388,,0,0/407,0/388,1:1,22:0,22:0,{},{}
240000044158,LOW_TAIL,,19,407,388,3803,99,1,1/407,1/388,99,1,1/407,1/388,,0,0/407,0/388,1:1,4:4,4:4,{},{}
240000044158,LOW_TAIL,,19,407,388,3847,100,1,1/407,1/388,100,1,1/407,1/388,,0,0/407,0/388,1:1,16:5,16:5,{},{}
240000044158,LOW_TAIL,,19,407,388,3919,101,1,1/407,1/388,101,1,1/407,1/388,,0,0/407,0/388,1:1,12:7,12:7,{},{}
240000044158,LOW_TAIL,,19,407,388,4339,102,1,1/407,1/388,102,1,1/407,1/388,,0,0/407,0/388,1:1,23:14,23:14,{},{}
240000044158,LOW_TAIL,,19,407,388,4447,103,1,1/407,1/388,103,1,1/407,1/388,,0,0/407,0/388,1:1,16:14,16:14,{},{}
240000044158,LOW_TAIL,,19,407,388,4603,104,1,1/407,1/388,104,1,1/407,1/388,,0,0/407,0/388,1:1,18:6,18:6,{},{}
240000044158,LOW_TAIL,,19,407,388,5651,105,1,1/407,1/388,105,1,1/407,1/388,,0,0/407,0/388,1:1,23:4,23:4,{},{}
240000044158,LOW_TAIL,,19,407,388,5683,106,1,1/407,1/388,106,1,1/407,1/388,,0,0/407,0/388,1:1,15:15,15:15,{},{}
240000044158,LOW_TAIL,,19,407,388,5839,107,1,1/407,1/388,107,1,1/407,1/388,,0,0/407,0/388,1:1,6:3,6:3,{},{}
240000044158,LOW_TAIL,,19,407,388,5987,108,1,1/407,1/388,108,1,1/407,1/388,,0,0/407,0/388,1:1,0:9,0:9,{},{}
240000044158,LOW_TAIL,,19,407,388,6011,109,1,1/407,1/388,109,1,1/407,1/388,,0,0/407,0/388,1:1,1:13,1:13,{},{}
240000044158,LOW_TAIL,,19,407,388,6691,110,1,1/407,1/388,110,1,1/407,1/388,,0,0/407,0/388,1:1,23:11,23:11,{},{}
240000044158,LOW_TAIL,,19,407,388,6791,111,1,1/407,1/388,111,1,1/407,1/388,,0,0/407,0/388,1:1,4:15,4:15,{},{}
240000044158,LOW_TAIL,,19,407,388,7219,112,1,1/407,1/388,112,1,1/407,1/388,,0,0/407,0/388,1:1,0:1,0:1,{},{}
240000044158,LOW_TAIL,,19,407,388,7523,113,1,1/407,1/388,113,1,1/407,1/388,,0,0/407,0/388,1:1,7:15,7:15,{},{}
240000044158,LOW_TAIL,,19,407,388,9547,114,1,1/407,1/388,114,1,1/407,1/388,,0,0/407,0/388,1:1,12:3,12:3,{},{}
240000044158,LOW_TAIL,,19,407,388,10039,115,1,1/407,1/388,115,1,1/407,1/388,,0,0/407,0/388,1:1,4:3,4:3,{},{}
240000044158,LOW_TAIL,,19,407,388,10139,116,1,1/407,1/388,116,1,1/407,1/388,,0,0/407,0/388,1:1,10:0,10:0,{},{}
240000044158,LOW_TAIL,,19,407,388,10247,117,1,1/407,1/388,117,1,1/407,1/388,,0,0/407,0/388,1:1,2:6,2:6,{},{}
240000044158,LOW_TAIL,,19,407,388,11743,118,1,1/407,1/388,118,1,1/407,1/388,,0,0/407,0/388,1:1,1:6,1:6,{},{}
240000044158,LOW_TAIL,,19,407,388,13171,119,1,1/407,1/388,119,1,1/407,1/388,,0,0/407,0/388,1:1,14:11,14:11,{},{}
240000044158,LOW_TAIL,,19,407,388,13183,120,1,1/407,1/388,120,1,1/407,1/388,,0,0/407,0/388,1:1,23:8,23:8,{},{}
240000044158,LOW_TAIL,,19,407,388,13831,121,1,1/407,1/388,121,1,1/407,1/388,,0,0/407,0/388,1:1,21:2,21:2,{},{}
240000044158,LOW_TAIL,,19,407,388,14627,122,1,1/407,1/388,122,1,1/407,1/388,,0,0/407,0/388,1:1,23:14,23:14,{},{}
240000044158,LOW_TAIL,,19,407,388,16883,123,1,1/407,1/388,123,1,1/407,1/388,,0,0/407,0/388,1:1,23:15,23:15,{},{}
240000044158,LOW_TAIL,,19,407,388,16931,124,1,1/407,1/388,124,1,1/407,1/388,,0,0/407,0/388,1:1,6:5,6:5,{},{}
240000044158,LOW_TAIL,,19,407,388,18803,125,1,1/407,1/388,125,1,1/407,1/388,,0,0/407,0/388,1:1,21:3,21:3,{},{}
240000044158,LOW_TAIL,,19,407,388,21283,126,1,1/407,1/388,126,1,1/407,1/388,,0,0/407,0/388,1:1,12:10,12:10,{},{}
240000044158,LOW_TAIL,,19,407,388,21491,127,1,1/407,1/388,127,1,1/407,1/388,,0,0/407,0/388,1:1,13:16,13:16,{},{}
240000044158,LOW_TAIL,,19,407,388,23159,128,1,1/407,1/388,128,1,1/407,1/388,,0,0/407,0/388,1:1,3:13,3:13,{},{}
240000044158,LOW_TAIL,,19,407,388,23887,129,1,1/407,1/388,129,1,1/407,1/388,,0,0/407,0/388,1:1,23:15,23:15,{},{}
240000044158,LOW_TAIL,,19,407,388,27947,130,1,1/407,1/388,130,1,1/407,1/388,,0,0/407,0/388,1:1,15:8,15:8,{},{}
240000044158,LOW_TAIL,,19,407,388,28579,131,1,1/407,1/388,131,1,1/407,1/388,,0,0/407,0/388,1:1,6:5,6:5,{},{}
240000044158,LOW_TAIL,,19,407,388,32771,132,1,1/407,1/388,132,1,1/407,1/388,,0,0/407,0/388,1:1,5:9,5:9,{},{}
240000044158,LOW_TAIL,,19,407,388,33487,133,1,1/407,1/388,133,1,1/407,1/388,,0,0/407,0/388,1:1,5:10,5:10,{},{}
240000044158,LOW_TAIL,,19,407,388,34127,134,1,1/407,1/388,134,1,1/407,1/388,,0,0/407,0/388,1:1,5:10,5:10,{},{}
240000044158,LOW_TAIL,,19,407,388,36691,135,1,1/407,1/388,135,1,1/407,1/388,,0,0/407,0/388,1:1,11:0,11:0,{},{}
240000044158,LOW_TAIL,,19,407,388,40283,136,1,1/407,1/388,136,1,1/407,1/388,,0,0/407,0/388,1:1,12:11,12:11,{},{}
240000044158,LOW_TAIL,,19,407,388,43223,137,1,1/407,1/388,137,1,1/407,1/388,,0,0/407,0/388,1:1,18:8,18:8,{},{}
240000044158,LOW_TAIL,,19,407,388,46027,138,1,1/407,1/388,138,1,1/407,1/388,,0,0/407,0/388,1:1,18:9,18:9,{},{}
240000044158,LOW_TAIL,,19,407,388,46399,139,1,1/407,1/388,139,1,1/407,1/388,,0,0/407,0/388,1:1,16:10,16:10,{},{}
240000044158,LOW_TAIL,,19,407,388,49451,140,1,1/407,1/388,140,1,1/407,1/388,,0,0/407,0/388,1:1,5:3,5:3,{},{}
240000044158,LOW_TAIL,,19,407,388,50291,141,1,1/407,1/388,141,1,1/407,1/388,,0,0/407,0/388,1:1,21:2,21:2,{},{}
240000044158,LOW_TAIL,,19,407,388,59183,142,1,1/407,1/388,142,1,1/407,1/388,,0,0/407,0/388,1:1,20:3,20:3,{},{}
240000044158,LOW_TAIL,,19,407,388,63059,143,1,1/407,1/388,143,1,1/407,1/388,,0,0/407,0/388,1:1,19:10,19:10,{},{}
240000044158,LOW_TAIL,,19,407,388,67807,144,1,1/407,1/388,144,1,1/407,1/388,,0,0/407,0/388,1:1,22:16,22:16,{},{}
240000044158,LOW_TAIL,,19,407,388,72679,145,1,1/407,1/388,145,1,1/407,1/388,,0,0/407,0/388,1:1,11:0,11:0,{},{}
240000044158,LOW_TAIL,,19,407,388,73291,146,1,1/407,1/388,146,1,1/407,1/388,,0,0/407,0/388,1:1,0:11,0:11,{},{}
240000044158,LOW_TAIL,,19,407,388,84919,147,1,1/407,1/388,147,1,1/407,1/388,,0,0/407,0/388,1:1,15:6,15:6,{},{}
240000044158,LOW_TAIL,,19,407,388,88211,148,1,1/407,1/388,148,1,1/407,1/388,,0,0/407,0/388,1:1,19:12,19:12,{},{}
240000044158,LOW_TAIL,,19,407,388,93187,149,1,1/407,1/388,149,1,1/407,1/388,,0,0/407,0/388,1:1,13:12,13:12,{},{}
240000044158,LOW_TAIL,,19,407,388,93239,150,1,1/407,1/388,150,1,1/407,1/388,,0,0/407,0/388,1:1,16:14,16:14,{},{}
240000044158,LOW_TAIL,,19,407,388,106759,151,1,1/407,1/388,151,1,1/407,1/388,,0,0/407,0/388,1:1,23:10,23:10,{},{}
240000044158,LOW_TAIL,,19,407,388,116491,152,1,1/407,1/388,152,1,1/407,1/388,,0,0/407,0/388,1:1,21:1,21:1,{},{}
240000044158,LOW_TAIL,,19,407,388,116791,153,1,1/407,1/388,153,1,1/407,1/388,,0,0/407,0/388,1:1,18:13,18:13,{},{}
240000044158,LOW_TAIL,,19,407,388,117959,154,1,1/407,1/388,154,1,1/407,1/388,,0,0/407,0/388,1:1,22:0,22:0,{},{}
240000044158,LOW_TAIL,,19,407,388,118127,155,1,1/407,1/388,155,1,1/407,1/388,,0,0/407,0/388,1:1,6:1,6:1,{},{}
240000044158,LOW_TAIL,,19,407,388,127931,156,1,1/407,1/388,156,1,1/407,1/388,,0,0/407,0/388,1:1,10:15,10:15,{},{}
240000044158,LOW_TAIL,,19,407,388,132523,157,1,1/407,1/388,157,1,1/407,1/388,,0,0/407,0/388,1:1,17:12,17:12,{},{}
240000044158,LOW_TAIL,,19,407,388,134807,158,1,1/407,1/388,158,1,1/407,1/388,,0,0/407,0/388,1:1,15:16,15:16,{},{}
240000044158,LOW_TAIL,,19,407,388,142759,159,1,1/407,1/388,159,1,1/407,1/388,,0,0/407,0/388,1:1,11:5,11:5,{},{}
240000044158,LOW_TAIL,,19,407,388,156347,160,1,1/407,1/388,160,1,1/407,1/388,,0,0/407,0/388,1:1,0:15,0:15,{},{}
240000044158,LOW_TAIL,,19,407,388,167267,161,1,1/407,1/388,161,1,1/407,1/388,,0,0/407,0/388,1:1,2:1,2:1,{},{}
240000044158,LOW_TAIL,,19,407,388,175303,162,1,1/407,1/388,162,1,1/407,1/388,,0,0/407,0/388,1:1,22:1,22:1,{},{}
240000044158,LOW_TAIL,,19,407,388,186727,163,1,1/407,1/388,163,1,1/407,1/388,,0,0/407,0/388,1:1,18:10,18:10,{},{}
240000044158,LOW_TAIL,,19,407,388,199151,164,1,1/407,1/388,164,1,1/407,1/388,,0,0/407,0/388,1:1,2:16,2:16,{},{}
240000044158,LOW_TAIL,,19,407,388,210911,165,1,1/407,1/388,165,1,1/407,1/388,,0,0/407,0/388,1:1,11:15,11:15,{},{}
240000044158,LOW_TAIL,,19,407,388,285179,166,1,1/407,1/388,166,1,1/407,1/388,,0,0/407,0/388,1:1,1:9,1:9,{},{}
240000044158,LOW_TAIL,,19,407,388,320387,167,1,1/407,1/388,167,1,1/407,1/388,,0,0/407,0/388,1:1,10:12,10:12,{},{}
240000044158,LOW_TAIL,,19,407,388,325943,168,1,1/407,1/388,168,1,1/407,1/388,,0,0/407,0/388,1:1,0:8,0:8,{},{}
240000044158,LOW_TAIL,,19,407,388,402223,169,1,1/407,1/388,169,1,1/407,1/388,,0,0/407,0/388,1:1,0:6,0:6,{},{}
240000044158,LOW_TAIL,,19,407,388,404167,170,1,1/407,1/388,170,1,1/407,1/388,,0,0/407,0/388,1:1,12:16,12:16,{},{}
240000044158,LOW_TAIL,,19,407,388,404539,171,1,1/407,1/388,171,1,1/407,1/388,,0,0/407,0/388,1:1,4:4,4:4,{},{}
240000044158,LOW_TAIL,,19,407,388,424547,172,1,1/407,1/388,172,1,1/407,1/388,,0,0/407,0/388,1:1,6:14,6:14,{},{}
240000044158,LOW_TAIL,,19,407,388,425003,173,1,1/407,1/388,173,1,1/407,1/388,,0,0/407,0/388,1:1,3:2,3:2,{},{}
240000044158,LOW_TAIL,,19,407,388,425519,174,1,1/407,1/388,174,1,1/407,1/388,,0,0/407,0/388,1:1,23:6,23:6,{},{}
240000044158,LOW_TAIL,,19,407,388,429223,175,1,1/407,1/388,175,1,1/407,1/388,,0,0/407,0/388,1:1,19:7,19:7,{},{}
240000044158,LOW_TAIL,,19,407,388,614543,176,1,1/407,1/388,176,1,1/407,1/388,,0,0/407,0/388,1:1,23:4,23:4,{},{}
240000044158,LOW_TAIL,,19,407,388,678883,177,1,1/407,1/388,177,1,1/407,1/388,,0,0/407,0/388,1:1,9:11,9:11,{},{}
240000044158,LOW_TAIL,,19,407,388,707939,178,1,1/407,1/388,178,1,1/407,1/388,,0,0/407,0/388,1:1,22:11,22:11,{},{}
240000044158,LOW_TAIL,,19,407,388,762563,179,1,1/407,1/388,179,1,1/407,1/388,,0,0/407,0/388,1:1,21:13,21:13,{},{}
240000044158,LOW_TAIL,,19,407,388,763267,180,1,1/407,1/388,180,1,1/407,1/388,,0,0/407,0/388,1:1,3:12,3:12,{},{}
240000044158,LOW_TAIL,,19,407,388,766739,181,1,1/407,1/388,181,1,1/407,1/388,,0,0/407,0/388,1:1,7:4,7:4,{},{}
240000044158,LOW_TAIL,,19,407,388,773147,182,1,1/407,1/388,182,1,1/407,1/388,,0,0/407,0/388,1:1,21:7,21:7,{},{}
240000044158,LOW_TAIL,,19,407,388,853799,183,1,1/407,1/388,183,1,1/407,1/388,,0,0/407,0/388,1:1,4:14,4:14,{},{}
240000044158,LOW_TAIL,,19,407,388,1027127,184,1,1/407,1/388,184,1,1/407,1/388,,0,0/407,0/388,1:1,6:10,6:10,{},{}
240000044158,LOW_TAIL,,19,407,388,1099807,185,1,1/407,1/388,185,1,1/407,1/388,,0,0/407,0/388,1:1,11:12,11:12,{},{}
240000044158,LOW_TAIL,,19,407,388,1335647,186,1,1/407,1/388,186,1,1/407,1/388,,0,0/407,0/388,1:1,16:1,16:1,{},{}
240000044158,LOW_TAIL,,19,407,388,1615183,187,1,1/407,1/388,187,1,1/407,1/388,,0,0/407,0/388,1:1,7:0,7:0,{},{}
240000044158,LOW_TAIL,,19,407,388,1675463,188,1,1/407,1/388,188,1,1/407,1/388,,0,0/407,0/388,1:1,8:6,8:6,{},{}
240000044158,LOW_TAIL,,19,407,388,1695347,189,1,1/407,1/388,189,1,1/407,1/388,,0,0/407,0/388,1:1,21:16,21:16,{},{}
240000044158,LOW_TAIL,,19,407,388,1844111,190,1,1/407,1/388,190,1,1/407,1/388,,0,0/407,0/388,1:1,10:5,10:5,{},{}
240000044158,LOW_TAIL,,19,407,388,1886119,191,1,1/407,1/388,191,1,1/407,1/388,,0,0/407,0/388,1:1,6:12,6:12,{},{}
240000044158,LOW_TAIL,,19,407,388,2299783,192,1,1/407,1/388,192,1,1/407,1/388,,0,0/407,0/388,1:1,18:11,18:11,{},{}
240000044158,LOW_TAIL,,19,407,388,2567923,193,1,1/407,1/388,193,1,1/407,1/388,,0,0/407,0/388,1:1,16:4,16:4,{},{}
240000044158,LOW_TAIL,,19,407,388,3325099,194,1,1/407,1/388,194,1,1/407,1/388,,0,0/407,0/388,1:1,15:2,15:2,{},{}
240000044158,LOW_TAIL,,19,407,388,3839503,195,1,1/407,1/388,195,1,1/407,1/388,,0,0/407,0/388,1:1,2:8,2:8,{},{}
240000044158,LOW_TAIL,,19,407,388,3871831,196,1,1/407,1/388,196,1,1/407,1/388,,0,0/407,0/388,1:1,19:6,19:6,{},{}
240000044158,LOW_TAIL,,19,407,388,3877663,197,1,1/407,1/388,197,1,1/407,1/388,,0,0/407,0/388,1:1,5:12,5:12,{},{}
240000044158,LOW_TAIL,,19,407,388,3958039,198,1,1/407,1/388,198,1,1/407,1/388,,0,0/407,0/388,1:1,6:8,6:8,{},{}
240000044158,LOW_TAIL,,19,407,388,4094579,199,1,1/407,1/388,199,1,1/407,1/388,,0,0/407,0/388,1:1,3:8,3:8,{},{}
240000044158,LOW_TAIL,,19,407,388,4630859,200,1,1/407,1/388,200,1,1/407,1/388,,0,0/407,0/388,1:1,10:16,10:16,{},{}
240000044158,LOW_TAIL,,19,407,388,5239879,201,1,1/407,1/388,201,1,1/407,1/388,,0,0/407,0/388,1:1,2:12,2:12,{},{}
240000044158,LOW_TAIL,,19,407,388,5417459,202,1,1/407,1/388,202,1,1/407,1/388,,0,0/407,0/388,1:1,21:9,21:9,{},{}
240000044158,LOW_TAIL,,19,407,388,6018539,203,1,1/407,1/388,203,1,1/407,1/388,,0,0/407,0/388,1:1,14:2,14:2,{},{}
240000044158,LOW_TAIL,,19,407,388,6144707,204,1,1/407,1/388,204,1,1/407,1/388,,0,0/407,0/388,1:1,3:7,3:7,{},{}
240000044158,LOW_TAIL,,19,407,388,7154783,205,1,1/407,1/388,205,1,1/407,1/388,,0,0/407,0/388,1:1,4:5,4:5,{},{}
240000044158,LOW_TAIL,,19,407,388,7290527,206,1,1/407,1/388,206,1,1/407,1/388,,0,0/407,0/388,1:1,6:13,6:13,{},{}
240000044158,LOW_TAIL,,19,407,388,7841023,207,1,1/407,1/388,207,1,1/407,1/388,,0,0/407,0/388,1:1,10:9,10:9,{},{}
240000044158,LOW_TAIL,,19,407,388,9650167,208,1,1/407,1/388,208,1,1/407,1/388,,0,0/407,0/388,1:1,5:8,5:8,{},{}
240000044158,LOW_TAIL,,19,407,388,10339739,209,1,1/407,1/388,209,1,1/407,1/388,,0,0/407,0/388,1:1,3:16,3:16,{},{}
240000044158,LOW_TAIL,,19,407,388,10438367,210,1,1/407,1/388,210,1,1/407,1/388,,0,0/407,0/388,1:1,21:4,21:4,{},{}
240000044158,LOW_TAIL,,19,407,388,11029127,211,1,1/407,1/388,211,1,1/407,1/388,,0,0/407,0/388,1:1,21:12,21:12,{},{}
240000044158,LOW_TAIL,,19,407,388,11308487,212,1,1/407,1/388,212,1,1/407,1/388,,0,0/407,0/388,1:1,23:1,23:1,{},{}
240000044158,LOW_TAIL,,19,407,388,11658847,213,1,1/407,1/388,213,1,1/407,1/388,,0,0/407,0/388,1:1,18:3,18:3,{},{}
240000044158,LOW_TAIL,,19,407,388,14142607,214,1,1/407,1/388,214,1,1/407,1/388,,0,0/407,0/388,1:1,5:5,5:5,{},{}
240000044158,LOW_TAIL,,19,407,388,14910587,215,1,1/407,1/388,215,1,1/407,1/388,,0,0/407,0/388,1:1,19:3,19:3,{},{}
240000044158,LOW_TAIL,,19,407,388,16384483,216,1,1/407,1/388,216,1,1/407,1/388,,0,0/407,0/388,1:1,10:7,10:7,{},{}
240000044158,LOW_TAIL,,19,407,388,16494847,217,1,1/407,1/388,217,1,1/407,1/388,,0,0/407,0/388,1:1,9:4,9:4,{},{}
240000044158,LOW_TAIL,,19,407,388,16602167,218,1,1/407,1/388,218,1,1/407,1/388,,0,0/407,0/388,1:1,17:15,17:15,{},{}
240000044158,LOW_TAIL,,19,407,388,20595023,219,1,1/407,1/388,219,1,1/407,1/388,,0,0/407,0/388,1:1,20:6,20:6,{},{}
240000044158,LOW_TAIL,,19,407,388,21438779,220,1,1/407,1/388,220,1,1/407,1/388,,0,0/407,0/388,1:1,15:5,15:5,{},{}
240000044158,LOW_TAIL,,19,407,388,24673651,221,1,1/407,1/388,221,1,1/407,1/388,,0,0/407,0/388,1:1,15:10,15:10,{},{}
240000044158,LOW_TAIL,,19,407,388,26064239,222,1,1/407,1/388,222,1,1/407,1/388,,0,0/407,0/388,1:1,12:1,12:1,{},{}
240000044158,LOW_TAIL,,19,407,388,27889003,223,1,1/407,1/388,223,1,1/407,1/388,,0,0/407,0/388,1:1,16:6,16:6,{},{}
240000044158,LOW_TAIL,,19,407,388,29303987,224,1,1/407,1/388,224,1,1/407,1/388,,0,0/407,0/388,1:1,1:8,1:8,{},{}
240000044158,LOW_TAIL,,19,407,388,34100603,225,1,1/407,1/388,225,1,1/407,1/388,,0,0/407,0/388,1:1,5:0,5:0,{},{}
240000044158,LOW_TAIL,,19,407,388,36295447,226,1,1/407,1/388,226,1,1/407,1/388,,0,0/407,0/388,1:1,14:10,14:10,{},{}
240000044158,LOW_TAIL,,19,407,388,36308627,227,1,1/407,1/388,227,1,1/407,1/388,,0,0/407,0/388,1:1,9:1,9:1,{},{}
240000044158,LOW_TAIL,,19,407,388,38548031,228,1,1/407,1/388,228,1,1/407,1/388,,0,0/407,0/388,1:1,3:5,3:5,{},{}
240000044158,LOW_TAIL,,19,407,388,39447739,229,1,1/407,1/388,229,1,1/407,1/388,,0,0/407,0/388,1:1,4:0,4:0,{},{}
240000044158,LOW_TAIL,,19,407,388,42272431,230,1,1/407,1/388,230,1,1/407,1/388,,0,0/407,0/388,1:1,21:8,21:8,{},{}
240000044158,LOW_TAIL,,19,407,388,43763683,231,1,1/407,1/388,231,1,1/407,1/388,,0,0/407,0/388,1:1,8:2,8:2,{},{}
240000044158,LOW_TAIL,,19,407,388,46493203,232,1,1/407,1/388,232,1,1/407,1/388,,0,0/407,0/388,1:1,11:9,11:9,{},{}
240000044158,LOW_TAIL,,19,407,388,47013503,233,1,1/407,1/388,233,1,1/407,1/388,,0,0/407,0/388,1:1,16:7,16:7,{},{}
240000044158,LOW_TAIL,,19,407,388,47351371,234,1,1/407,1/388,234,1,1/407,1/388,,0,0/407,0/388,1:1,6:15,6:15,{},{}
240000044158,LOW_TAIL,,19,407,388,60778079,235,1,1/407,1/388,235,1,1/407,1/388,,0,0/407,0/388,1:1,16:13,16:13,{},{}
240000044158,LOW_TAIL,,19,407,388,64342727,236,1,1/407,1/388,236,1,1/407,1/388,,0,0/407,0/388,1:1,13:7,13:7,{},{}
240000044158,LOW_TAIL,,19,407,388,75625439,237,1,1/407,1/388,237,1,1/407,1/388,,0,0/407,0/388,1:1,1:15,1:15,{},{}
240000044158,LOW_TAIL,,19,407,388,76190479,238,1,1/407,1/388,238,1,1/407,1/388,,0,0/407,0/388,1:1,9:6,9:6,{},{}
240000044158,LOW_TAIL,,19,407,388,78688507,239,1,1/407,1/388,239,1,1/407,1/388,,0,0/407,0/388,1:1,9:7,9:7,{},{}
240000044158,LOW_TAIL,,19,407,388,78876263,240,1,1/407,1/388,240,1,1/407,1/388,,0,0/407,0/388,1:1,21:10,21:10,{},{}
240000044158,LOW_TAIL,,19,407,388,80971543,241,1,1/407,1/388,241,1,1/407,1/388,,0,0/407,0/388,1:1,4:8,4:8,{},{}
240000044158,LOW_TAIL,,19,407,388,82389107,242,1,1/407,1/388,242,1,1/407,1/388,,0,0/407,0/388,1:1,22:10,22:10,{},{}
240000044158,LOW_TAIL,,19,407,388,85287799,243,1,1/407,1/388,243,1,1/407,1/388,,0,0/407,0/388,1:1,11:4,11:4,{},{}
240000044158,LOW_TAIL,,19,407,388,86827163,244,1,1/407,1/388,244,1,1/407,1/388,,0,0/407,0/388,1:1,0:10,0:10,{},{}
240000044158,LOW_TAIL,,19,407,388,93239491,245,1,1/407,1/388,245,1,1/407,1/388,,0,0/407,0/388,1:1,13:0,13:0,{},{}
240000044158,LOW_TAIL,,19,407,388,94113827,246,1,1/407,1/388,246,1,1/407,1/388,,0,0/407,0/388,1:1,9:10,9:10,{},{}
240000044158,LOW_TAIL,,19,407,388,96463039,247,1,1/407,1/388,247,1,1/407,1/388,,0,0/407,0/388,1:1,0:5,0:5,{},{}
240000044158,LOW_TAIL,,19,407,388,101077531,248,1,1/407,1/388,248,1,1/407,1/388,,0,0/407,0/388,1:1,0:12,0:12,{},{}
240000044158,LOW_TAIL,,19,407,388,116521511,249,1,1/407,1/388,249,1,1/407,1/388,,0,0/407,0/388,1:1,18:14,18:14,{},{}
240000044158,LOW_TAIL,,19,407,388,135537187,250,1,1/407,1/388,250,1,1/407,1/388,,0,0/407,0/388,1:1,20:13,20:13,{},{}
240000044158,LOW_TAIL,,19,407,388,147330167,251,1,1/407,1/388,251,1,1/407,1/388,,0,0/407,0/388,1:1,23:0,23:0,{},{}
240000044158,LOW_TAIL,,19,407,388,152282743,252,1,1/407,1/388,252,1,1/407,1/388,,0,0/407,0/388,1:1,2:13,2:13,{},{}
240000044158,LOW_TAIL,,19,407,388,157226131,253,1,1/407,1/388,253,1,1/407,1/388,,0,0/407,0/388,1:1,18:2,18:2,{},{}
240000044158,LOW_TAIL,,19,407,388,194174047,254,1,1/407,1/388,254,1,1/407,1/388,,0,0/407,0/388,1:1,12:8,12:8,{},{}
240000044158,LOW_TAIL,,19,407,388,196001651,255,1,1/407,1/388,255,1,1/407,1/388,,0,0/407,0/388,1:1,18:16,18:16,{},{}
240000044158,LOW_TAIL,,19,407,388,215796767,256,1,1/407,1/388,256,1,1/407,1/388,,0,0/407,0/388,1:1,20:5,20:5,{},{}
240000044158,LOW_TAIL,,19,407,388,224133727,257,1,1/407,1/388,257,1,1/407,1/388,,0,0/407,0/388,1:1,1:16,1:16,{},{}
240000044158,LOW_TAIL,,19,407,388,237623803,258,1,1/407,1/388,258,1,1/407,1/388,,0,0/407,0/388,1:1,1:5,1:5,{},{}
240000044158,LOW_TAIL,,19,407,388,242424271,259,1,1/407,1/388,259,1,1/407,1/388,,0,0/407,0/388,1:1,5:6,5:6,{},{}
240000044158,LOW_TAIL,,19,407,388,275791951,260,1,1/407,1/388,260,1,1/407,1/388,,0,0/407,0/388,1:1,19:9,19:9,{},{}
240000044158,LOW_TAIL,,19,407,388,302205559,261,1,1/407,1/388,261,1,1/407,1/388,,0,0/407,0/388,1:1,7:11,7:11,{},{}
240000044158,LOW_TAIL,,19,407,388,319148891,262,1,1/407,1/388,262,1,1/407,1/388,,0,0/407,0/388,1:1,0:7,0:7,{},{}
240000044158,LOW_TAIL,,19,407,388,374226751,263,1,1/407,1/388,263,1,1/407,1/388,,0,0/407,0/388,1:1,20:9,20:9,{},{}
240000044158,LOW_TAIL,,19,407,388,377358559,264,1,1/407,1/388,264,1,1/407,1/388,,0,0/407,0/388,1:1,2:4,2:4,{},{}
240000044158,LOW_TAIL,,19,407,388,415221607,265,1,1/407,1/388,265,1,1/407,1/388,,0,0/407,0/388,1:1,7:9,7:9,{},{}
240000044158,LOW_TAIL,,19,407,388,465097439,266,1,1/407,1/388,266,1,1/407,1/388,,0,0/407,0/388,1:1,2:10,2:10,{},{}
240000044158,LOW_TAIL,,19,407,388,535710023,267,1,1/407,1/388,267,1,1/407,1/388,,0,0/407,0/388,1:1,6:9,6:9,{},{}
240000044158,LOW_TAIL,,19,407,388,540539443,268,1,1/407,1/388,268,1,1/407,1/388,,0,0/407,0/388,1:1,12:2,12:2,{},{}
240000044158,LOW_TAIL,,19,407,388,605082383,269,1,1/407,1/388,269,1,1/407,1/388,,0,0/407,0/388,1:1,18:0,18:0,{},{}
240000044158,LOW_TAIL,,19,407,388,615380639,270,1,1/407,1/388,270,1,1/407,1/388,,0,0/407,0/388,1:1,13:4,13:4,{},{}
240000044158,LOW_TAIL,,19,407,388,662848663,271,1,1/407,1/388,271,1,1/407,1/388,,0,0/407,0/388,1:1,3:11,3:11,{},{}
240000044158,LOW_TAIL,,19,407,388,1105767847,272,1,1/407,1/388,272,1,1/407,1/388,,0,0/407,0/388,1:1,19:16,19:16,{},{}
240000044158,LOW_TAIL,,19,407,388,1120668607,273,1,1/407,1/388,273,1,1/407,1/388,,0,0/407,0/388,1:1,7:16,7:16,{},{}
240000044158,LOW_TAIL,,19,407,388,1337301179,274,1,1/407,1/388,274,1,1/407,1/388,,0,0/407,0/388,1:1,22:4,22:4,{},{}
240000044158,LOW_TAIL,,19,407,388,1538458939,275,1,1/407,1/388,275,1,1/407,1/388,,0,0/407,0/388,1:1,10:8,10:8,{},{}
240000044158,LOW_TAIL,,19,407,388,1559310059,276,1,1/407,1/388,276,1,1/407,1/388,,0,0/407,0/388,1:1,9:14,9:14,{},{}
240000044158,LOW_TAIL,,19,407,388,1600000163,277,1,1/407,1/388,277,1,1/407,1/388,,0,0/407,0/388,1:1,9:2,9:2,{},{}
240000044158,LOW_TAIL,,19,407,388,1844785199,278,1,1/407,1/388,278,1,1/407,1/388,,0,0/407,0/388,1:1,17:11,17:11,{},{}
240000044158,LOW_TAIL,,19,407,388,1846153583,279,1,1/407,1/388,279,1,1/407,1/388,,0,0/407,0/388,1:1,5:7,5:7,{},{}
240000044158,LOW_TAIL,,19,407,388,2142421571,280,1,1/407,1/388,280,1,1/407,1/388,,0,0/407,0/388,1:1,4:11,4:11,{},{}
240000044158,LOW_TAIL,,19,407,388,2307223231,281,1,1/407,1/388,281,1,1/407,1/388,,0,0/407,0/388,1:1,2:11,2:11,{},{}
240000044158,LOW_TAIL,,19,407,388,2352941603,282,1,1/407,1/388,282,1,1/407,1/388,,0,0/407,0/388,1:1,3:4,3:4,{},{}
240000044158,LOW_TAIL,,19,407,388,2542353571,283,1,1/407,1/388,283,1,1/407,1/388,,0,0/407,0/388,1:1,0:14,0:14,{},{}
240000044158,LOW_TAIL,,19,407,388,2696531939,284,1,1/407,1/388,284,1,1/407,1/388,,0,0/407,0/388,1:1,23:12,23:12,{},{}
240000044158,LOW_TAIL,,19,407,388,2727273119,285,1,1/407,1/388,285,1,1/407,1/388,,0,0/407,0/388,1:1,8:5,8:5,{},{}
240000044158,LOW_TAIL,,19,407,388,3076923643,286,1,1/407,1/388,286,1,1/407,1/388,,0,0/407,0/388,1:1,1:0,1:0,{},{}
240000044158,LOW_TAIL,,19,407,388,4263916687,287,1,1/407,1/388,287,1,1/407,1/388,,0,0/407,0/388,1:1,8:13,8:13,{},{}
240000044158,LOW_TAIL,,19,407,388,4775586427,288,1,1/407,1/388,288,1,1/407,1/388,,0,0/407,0/388,1:1,9:13,9:13,{},{}
240000044158,LOW_TAIL,,19,407,388,4800000487,289,1,1/407,1/388,289,1,1/407,1/388,,0,0/407,0/388,1:1,9:3,9:3,{},{}
240000044158,LOW_TAIL,,19,407,388,5794971359,290,1,1/407,1/388,290,1,1/407,1/388,,0,0/407,0/388,1:1,22:6,22:6,{},{}
240000044158,LOW_TAIL,,19,407,388,6569812771,291,1,1/407,1/388,291,1,1/407,1/388,,0,0/407,0/388,1:1,20:0,20:0,{},{}
240000044158,LOW_TAIL,,19,407,388,6666534599,292,1,1/407,1/388,292,1,1/407,1/388,,0,0/407,0/388,1:1,14:6,14:6,{},{}
240000044158,LOW_TAIL,,19,407,388,6666653131,293,1,1/407,1/388,293,1,1/407,1/388,,0,0/407,0/388,1:1,12:0,12:0,{},{}
240000044158,LOW_TAIL,,19,407,388,6666667439,294,1,1/407,1/388,294,1,1/407,1/388,,0,0/407,0/388,1:1,6:6,6:6,{},{}
240000044158,LOW_TAIL,,19,407,388,7792246279,295,1,1/407,1/388,295,1,1/407,1/388,,0,0/407,0/388,1:1,17:14,17:14,{},{}
240000044158,LOW_TAIL,,19,407,388,7796550943,296,1,1/407,1/388,296,1,1/407,1/388,,0,0/407,0/388,1:1,5:14,5:14,{},{}
240000044158,LOW_TAIL,,19,407,388,7995683779,297,1,1/407,1/388,297,1,1/407,1/388,,0,0/407,0/388,1:1,17:8,17:8,{},{}
240000044158,LOW_TAIL,,19,407,388,7995696799,298,1,1/407,1/388,298,1,1/407,1/388,,0,0/407,0/388,1:1,17:2,17:2,{},{}
240000044158,LOW_TAIL,,19,407,388,7999675951,299,1,1/407,1/388,299,1,1/407,1/388,,0,0/407,0/388,1:1,1:10,1:10,{},{}
240000044158,LOW_TAIL,,19,407,388,8000001463,300,1,1/407,1/388,300,1,1/407,1/388,,0,0/407,0/388,1:1,5:2,5:2,{},{}
240000044158,LOW_TAIL,,19,407,388,9228886111,301,1,1/407,1/388,301,1,1/407,1/388,,0,0/407,0/388,1:1,11:11,11:11,{},{}
240000044158,LOW_TAIL,,19,407,388,13089963707,302,1,1/407,1/388,302,1,1/407,1/388,,0,0/407,0/388,1:1,16:15,16:15,{},{}
240000044158,LOW_TAIL,,19,407,388,19709438311,303,1,1/407,1/388,303,1,1/407,1/388,,0,0/407,0/388,1:1,20:2,20:2,{},{}
240000044158,LOW_TAIL,,19,407,388,19902211283,304,1,1/407,1/388,304,1,1/407,1/388,,0,0/407,0/388,1:1,21:15,21:15,{},{}
240000044158,LOW_TAIL,,19,407,388,19967718587,305,1,1/407,1/388,305,1,1/407,1/388,,0,0/407,0/388,1:1,18:4,18:4,{},{}
240000044158,LOW_TAIL,,19,407,388,19999189871,306,1,1/407,1/388,306,1,1/407,1/388,,0,0/407,0/388,1:1,4:10,4:10,{},{}
240000044158,LOW_TAIL,,19,407,388,19999572547,307,1,1/407,1/388,307,1,1/407,1/388,,0,0/407,0/388,1:1,14:8,14:8,{},{}
240000044158,LOW_TAIL,,19,407,388,19999605047,308,1,1/407,1/388,308,1,1/407,1/388,,0,0/407,0/388,1:1,14:4,14:4,{},{}
240000044158,LOW_TAIL,,19,407,388,22262675803,309,1,1/407,1/388,309,1,1/407,1/388,,0,0/407,0/388,1:1,22:15,22:15,{},{}
240000044158,LOW_TAIL,,19,407,388,23877934079,310,1,1/407,1/388,310,1,1/407,1/388,,0,0/407,0/388,1:1,5:13,5:13,{},{}
240000044158,LOW_TAIL,,19,407,388,23999649671,311,1,1/407,1/388,311,1,1/407,1/388,,0,0/407,0/388,1:1,13:9,13:9,{},{}
240000044158,LOW_TAIL,,19,407,388,23999844971,312,1,1/407,1/388,312,1,1/407,1/388,,0,0/407,0/388,1:1,13:3,13:3,{},{}
240000044158,LOW_TAIL,,19,407,388,24000004403,313,1,1/407,1/388,313,1,1/407,1/388,,0,0/407,0/388,1:1,1:3,1:3,{},{}
240000044158,LOW_TAIL,,19,407,388,26077363303,314,1,1/407,1/388,314,1,1/407,1/388,,0,0/407,0/388,1:1,22:7,22:7,{},{}
240000044158,LOW_TAIL,,19,407,388,29999760559,315,1,1/407,1/388,315,1,1/407,1/388,,0,0/407,0/388,1:1,8:9,8:9,{},{}
240000044158,LOW_TAIL,,19,407,388,39998379391,316,1,1/407,1/388,316,1,1/407,1/388,,0,0/407,0/388,1:1,7:10,7:10,{},{}
240000044158,LOW_TAIL,,19,407,388,60000011039,317,1,1/407,1/388,317,1,1/407,1/388,,0,0/407,0/388,1:1,0:0,0:0,{},{}
240000044158,LOW_TAIL,,19,407,388,72318081103,318,1,1/407,1/388,318,1,1/407,1/388,,0,0/407,0/388,1:1,23:13,23:13,{},{}
240000044158,LOW_TAIL,,19,407,388,119382496063,319,1,1/407,1/388,319,1,1/407,1/388,,0,0/407,0/388,1:1,15:13,15:13,{},{}
240000044158,LOW_TAIL,,19,407,388,119389669423,320,1,1/407,1/388,320,1,1/407,1/388,,0,0/407,0/388,1:1,7:13,7:13,{},{}
240000044158,LOW_TAIL,,19,407,388,119418891343,321,1,1/407,1/388,321,1,1/407,1/388,,0,0/407,0/388,1:1,19:1,19:1,{},{}
240000044158,LOW_TAIL,,19,407,388,119999933503,322,1,1/407,1/388,322,1,1/407,1/388,,0,0/407,0/388,1:1,11:1,11:1,{},{}
240000044158,LOW_TAIL,,19,407,388,119999981923,323,1,1/407,1/388,323,1,1/407,1/388,,0,0/407,0/388,1:1,7:7,7:7,{},{}
240000044158,LOW_TAIL,,19,407,388,120000022063,324,1,1/407,1/388,324,1,1/407,1/388,,0,0/407,0/388,1:1,3:1,3:1,{},{}
240000000968,LOW_TAIL,,20,407,387,3,1,165,165/407,165/387,1,143,143/407,143/387,1,22,22/407,22/387,1:143;3:21;7:1,0:2;0:4;0:8;0:10;0:14;0:16;1:1;1:3;1:5;1:7;1:11;1:13;2:1;2:3;2:7;2:9;2:13;2:15;3:1;3:3;3:5;3:7;3:9;3:13;3:15;4:1;4:3;4:5;4:7;4:9;4:13;4:15;5:1;5:3;5:5;5:7;5:9;5:13;5:15;6:1;6:3;6:5;6:7;6:9;6:13;6:15;7:1;7:3;7:5;7:7;7:9;7:13;7:15;8:1;8:3;8:5;8:7;8:9;8:13;8:15;9:1;9:3;9:5;9:7;9:9;9:13;9:15;10:1;10:3;10:5;10:7;10:9;10:13;10:15;11:1;11:3;11:5;11:7;11:9;11:13;11:15;12:1;12:3;12:5;12:7;12:9;12:13;12:15;13:1;13:3;13:5;13:7;13:9;13:13;13:15;14:1;14:3;14:5;14:7;14:9;14:13;14:15;15:1;15:3;15:5;15:7;15:9;15:13;15:15;16:1;16:3;16:5;16:7;16:9;16:13;16:15;17:1;17:3;17:5;17:7;17:9;17:13;17:15;18:1;18:3;18:5;18:7;18:9;18:13;18:15;19:1;19:3;19:5;19:7;19:9;19:13;19:15;20:1;20:3;20:5;20:7;20:9;20:13;20:15;21:1;21:3;21:5;21:7;21:9;21:13;21:15;22:1;22:3;22:5;22:7;22:9;22:13;22:15;23:1;23:3;23:5;23:7;23:9;23:13;23:15,0:2;0:4;0:8;0:10;0:14;0:16;1:1;1:5;1:7;1:11;1:13;2:1;2:3;2:7;2:9;2:13;2:15;3:1;3:3;3:7;3:9;3:13;3:15;4:1;4:3;4:7;4:9;4:13;4:15;5:1;5:3;5:7;5:9;5:13;5:15;6:1;6:3;6:7;6:9;6:13;6:15;7:1;7:3;7:7;7:9;7:13;7:15;8:1;8:3;8:7;8:9;8:13;8:15;9:1;9:3;9:7;9:9;9:13;9:15;10:1;10:3;10:7;10:9;10:13;10:15;11:1;11:3;11:7;11:9;11:13;11:15;12:1;12:3;12:7;12:9;12:13;12:15;13:1;13:3;13:7;13:9;13:13;13:15;14:1;14:3;14:7;14:9;14:13;14:15;15:1;15:3;15:7;15:9;15:13;15:15;16:1;16:3;16:7;16:9;16:13;16:15;17:1;17:3;17:7;17:9;17:13;17:15;18:1;18:3;18:7;18:9;18:13;18:15;19:1;19:3;19:7;19:9;19:13;19:15;20:1;20:3;20:7;20:9;20:13;20:15;21:1;21:3;21:7;21:9;21:13;21:15;22:1;22:3;22:7;22:9;22:13;22:15;23:1;23:3;23:7;23:9;23:13;23:15,"{""3"":[[1,3],[4,5],[5,5],[6,5],[7,5],[8,5],[9,5],[10,5],[11,5],[12,5],[13,5],[14,5],[15,5],[16,5],[17,5],[18,5],[19,5],[20,5],[21,5],[22,5],[23,5]],""7"":[[3,5]]}","{""3"":""81"",""7"":""6561""}"
240000000968,LOW_TAIL,,20,407,387,7,2,58,58/407,58/387,2,56,56/407,56/387,2,2,2/407,2/387,1:56;3:2,0:3;0:9;0:15;1:2;1:8;2:1;2:7;2:13;3:0;3:6;3:12;4:11;5:4;5:16;6:9;6:15;7:2;7:8;7:14;8:1;8:7;8:13;9:0;9:6;10:5;11:4;11:10;12:3;12:9;12:15;13:2;13:8;13:14;14:1;14:7;14:13;15:0;15:6;15:12;16:5;16:11;17:4;17:10;17:16;18:3;18:9;19:2;19:8;19:14;20:7;20:13;21:0;21:6;21:12;22:5;22:11;23:4;23:10,0:3;0:9;0:15;1:2;1:8;2:1;2:7;2:13;3:0;3:12;4:11;5:4;5:16;6:9;6:15;7:2;7:8;7:14;8:1;8:7;8:13;9:0;9:6;10:5;11:4;11:10;12:3;12:15;13:2;13:8;13:14;14:1;14:7;14:13;15:0;15:6;15:12;16:5;16:11;17:4;17:10;17:16;18:3;18:9;19:2;19:8;19:14;20:7;20:13;21:0;21:6;21:12;22:5;22:11;23:4;23:10,"{""3"":[[3,6],[12,9]]}","{""3"":""2401""}"
240000000968,LOW_TAIL,,20,407,387,11,3,42,42/407,42/387,3,42,42/407,42/387,,0,0/407,0/387,1:42,0:0;0:5;0:10;0:15;2:3;2:13;4:4;4:9;4:14;5:0;5:5;5:10;5:15;7:3;7:13;9:4;9:9;9:14;10:0;10:5;10:10;10:15;12:3;12:13;14:4;14:9;14:14;15:0;15:5;15:10;15:15;17:3;17:13;19:4;19:9;19:14;20:0;20:5;20:10;20:15;22:3;22:13,0:0;0:5;0:10;0:15;2:3;2:13;4:4;4:9;4:14;5:0;5:5;5:10;5:15;7:3;7:13;9:4;9:9;9:14;10:0;10:5;10:10;10:15;12:3;12:13;14:4;14:9;14:14;15:0;15:5;15:10;15:15;17:3;17:13;19:4;19:9;19:14;20:0;20:5;20:10;20:15;22:3;22:13,{},{}
240000000968,LOW_TAIL,,20,407,387,19,4,22,22/407,22/387,4,22,22/407,22/387,,0,0/407,0/387,1:22,0:1;0:10;2:7;2:16;3:4;3:13;4:0;4:9;7:8;9:6;9:15;10:5;10:14;13:3;13:12;18:1;18:10;20:7;20:16;21:4;21:13;22:0,0:1;0:10;2:7;2:16;3:4;3:13;4:0;4:9;7:8;9:6;9:15;10:5;10:14;13:3;13:12;18:1;18:10;20:7;20:16;21:4;21:13;22:0,{},{}
240000000968,LOW_TAIL,,20,407,387,23,5,13,13/407,13/387,5,13,13/407,13/387,,0,0/407,0/387,1:13,0:7;2:10;5:1;6:2;7:8;10:3;11:7;13:10;16:1;17:2;18:8;21:3;22:7,0:7;2:10;5:1;6:2;7:8;10:3;11:7;13:10;16:1;17:2;18:8;21:3;22:7,{},{}
240000000968,LOW_TAIL,,20,407,387,31,6,11,11/407,11/387,6,11,11/407,11/387,,0,0/407,0/387,1:11,2:2;2:5;2:8;2:11;2:14;9:1;9:4;9:7;9:10;9:13;9:16,2:2;2:5;2:8;2:11;2:14;9:1;9:4;9:7;9:10;9:13;9:16,{},{}
240000000968,LOW_TAIL,,20,407,387,71,7,10,10/407,10/387,7,10,10/407,10/387,,0,0/407,0/387,1:10,0:3;0:8;0:13;5:2;5:7;5:12;14:0;14:5;14:10;14:15,0:3;0:8;0:13;5:2;5:7;5:12;14:0;14:5;14:10;14:15,{},{}
240000000968,LOW_TAIL,,20,407,387,47,8,9,9/407,9/387,8,9,9/407,9/387,,0,0/407,0/387,1:9,0:4;1:10;9:2;11:7;14:0;17:11;20:8;21:15;23:4,0:4;1:10;9:2;11:7;14:0;17:11;20:8;21:15;23:4,{},{}
240000000968,LOW_TAIL,,20,407,387,59,9,9,9/407,9/387,9,9,9/407,9/387,,0,0/407,0/387,1:9,2:2;3:3;8:14;9:5;11:1;13:7;15:8;22:16;23:9,2:2;3:3;8:14;9:5;11:1;13:7;15:8;22:16;23:9,{},{}
240000000968,LOW_TAIL,,20,407,387,43,10,8,8/407,8/387,10,8,8/407,8/387,,0,0/407,0/387,1:8,8:13;10:1;14:9;15:14;18:4;19:3;20:0;21:6,8:13;10:1;14:9;15:14;18:4;19:3;20:0;21:6,{},{}
240000000968,LOW_TAIL,,20,407,387,67,11,8,8/407,8/387,11,8,8/407,8/387,,0,0/407,0/387,1:8,0:15;1:5;7:7;10:16;18:4;21:0;22:15;23:5,0:15;1:5;7:7;10:16;18:4;21:0;22:15;23:5,{},{}
240000000968,LOW_TAIL,,20,407,387,79,12,5,5/407,5/387,12,5,5/407,5/387,,0,0/407,0/387,1:5,0:6;3:14;15:1;20:16;21:3,0:6;3:14;15:1;20:16;21:3,{},{}
240000000968,LOW_TAIL,,20,407,387,127,13,5,5/407,5/387,13,5,5/407,5/387,,0,0/407,0/387,1:5,1:12;3:9;10:2;13:11;15:13,1:12;3:9;10:2;13:11;15:13,{},{}
240000000968,LOW_TAIL,,20,407,387,131,14,5,5/407,5/387,14,5,5/407,5/387,,0,0/407,0/387,1:5,8:0;18:11;20:6;21:15;23:1,8:0;18:11;20:6;21:15;23:1,{},{}
240000000968,LOW_TAIL,,20,407,387,167,15,5,5/407,5/387,15,5,5/407,5/387,,0,0/407,0/387,1:5,4:7;10:5;17:12;19:10;21:15,4:7;10:5;17:12;19:10;21:15,{},{}
240000000968,LOW_TAIL,,20,407,387,83,16,4,4/407,4/387,16,4,4/407,4/387,,0,0/407,0/387,1:4,13:0;15:8;16:4;23:10,13:0;15:8;16:4;23:10,{},{}
240000000968,LOW_TAIL,,20,407,387,179,17,4,4/407,4/387,17,4,4/407,4/387,,0,0/407,0/387,1:4,2:8;15:11;19:4;22:2,2:8;15:11;19:4;22:2,{},{}
240000000968,LOW_TAIL,,20,407,387,239,18,4,4/407,4/387,18,4,4/407,4/387,,0,0/407,0/387,1:4,1:13;3:10;10:15;19:11,1:13;3:10;10:15;19:11,{},{}
240000000968,LOW_TAIL,,20,407,387,107,19,3,3/407,3/387,19,3,3/407,3/387,,0,0/407,0/387,1:3,2:3;12:15;17:4,2:3;12:15;17:4,{},{}
240000000968,LOW_TAIL,,20,407,387,139,20,3,3/407,3/387,20,3,3/407,3/387,,0,0/407,0/387,1:3,5:8;13:7;21:6,5:8;13:7;21:6,{},{}
240000000968,LOW_TAIL,,20,407,387,199,21,3,3/407,3/387,21,3,3/407,3/387,,0,0/407,0/387,1:3,7:3;13:15;15:13,7:3;13:15;15:13,{},{}
240000000968,LOW_TAIL,,20,407,387,211,22,3,3/407,3/387,22,3,3/407,3/387,,0,0/407,0/387,1:3,1:13;7:9;15:10,1:13;7:9;15:10,{},{}
240000000968,LOW_TAIL,,20,407,387,227,23,3,3/407,3/387,23,3,3/407,3/387,,0,0/407,0/387,1:3,4:10;9:1;19:7,4:10;9:1;19:7,{},{}
240000000968,LOW_TAIL,,20,407,387,263,24,3,3/407,3/387,24,3,3/407,3/387,,0,0/407,0/387,1:3,3:2;7:5;14:0,3:2;7:5;14:0,{},{}
240000000968,LOW_TAIL,,20,407,387,151,25,2,2/407,2/387,25,2,2/407,2/387,,0,0/407,0/387,1:2,4:7;23:6,4:7;23:6,{},{}
240000000968,LOW_TAIL,,20,407,387,191,26,2,2/407,2/387,26,2,2/407,2/387,,0,0/407,0/387,1:2,9:11;12:4,9:11;12:4,{},{}
240000000968,LOW_TAIL,,20,407,387,283,27,2,2/407,2/387,27,2,2/407,2/387,,0,0/407,0/387,1:2,18:16;19:11,18:16;19:11,{},{}
240000000968,LOW_TAIL,,20,407,387,307,28,2,2/407,2/387,28,2,2/407,2/387,,0,0/407,0/387,1:2,5:1;20:6,5:1;20:6,{},{}
240000000968,LOW_TAIL,,20,407,387,311,29,2,2/407,2/387,29,2,2/407,2/387,,0,0/407,0/387,1:2,7:9;8:2,7:9;8:2,{},{}
240000000968,LOW_TAIL,,20,407,387,487,30,2,2/407,2/387,30,2,2/407,2/387,,0,0/407,0/387,1:2,10:7;12:5,10:7;12:5,{},{}
240000000968,LOW_TAIL,,20,407,387,563,31,2,2/407,2/387,31,2,2/407,2/387,,0,0/407,0/387,1:2,12:0;23:2,12:0;23:2,{},{}
240000000968,LOW_TAIL,,20,407,387,607,32,2,2/407,2/387,32,2,2/407,2/387,,0,0/407,0/387,1:2,16:10;17:1,16:10;17:1,{},{}
240000000968,LOW_TAIL,,20,407,387,719,33,2,2/407,2/387,33,2,2/407,2/387,,0,0/407,0/387,1:2,11:11;14:8,11:11;14:8,{},{}
240000000968,LOW_TAIL,,20,407,387,1163,34,2,2/407,2/387,34,2,2/407,2/387,,0,0/407,0/387,1:2,8:8;16:0,8:8;16:0,{},{}
240000000968,LOW_TAIL,,20,407,387,1307,35,2,2/407,2/387,35,2,2/407,2/387,,0,0/407,0/387,1:2,2:16;15:3,2:16;15:3,{},{}
240000000968,LOW_TAIL,,20,407,387,1511,36,2,2/407,2/387,36,2,2/407,2/387,,0,0/407,0/387,1:2,2:11;22:6,2:11;22:6,{},{}
240000000968,LOW_TAIL,,20,407,387,1619,37,2,2/407,2/387,37,2,2/407,2/387,,0,0/407,0/387,1:2,6:7;7:14,6:7;7:14,{},{}
240000000968,LOW_TAIL,,20,407,387,2131,38,2,2/407,2/387,38,2,2/407,2/387,,0,0/407,0/387,1:2,0:3;21:10,0:3;21:10,{},{}
240000000968,LOW_TAIL,,20,407,387,3907,39,2,2/407,2/387,39,2,2/407,2/387,,0,0/407,0/387,1:2,0:3;4:13,0:3;4:13,{},{}
240000000968,LOW_TAIL,,20,407,387,10243,40,2,2/407,2/387,40,2,2/407,2/387,,0,0/407,0/387,1:2,13:1;17:0,13:1;17:0,{},{}
240000000968,LOW_TAIL,,20,407,387,103,41,1,1/407,1/387,41,1,1/407,1/387,,0,0/407,0/387,1:1,6:6,6:6,{},{}
240000000968,LOW_TAIL,,20,407,387,163,42,1,1/407,1/387,42,1,1/407,1/387,,0,0/407,0/387,1:1,3:10,3:10,{},{}
240000000968,LOW_TAIL,,20,407,387,251,43,1,1/407,1/387,43,1,1/407,1/387,,0,0/407,0/387,1:1,17:1,17:1,{},{}
240000000968,LOW_TAIL,,20,407,387,271,44,1,1/407,1/387,44,1,1/407,1/387,,0,0/407,0/387,1:1,0:6,0:6,{},{}
240000000968,LOW_TAIL,,20,407,387,331,45,1,1/407,1/387,45,1,1/407,1/387,,0,0/407,0/387,1:1,17:2,17:2,{},{}
240000000968,LOW_TAIL,,20,407,387,347,46,1,1/407,1/387,46,1,1/407,1/387,,0,0/407,0/387,1:1,22:4,22:4,{},{}
240000000968,LOW_TAIL,,20,407,387,367,47,1,1/407,1/387,47,1,1/407,1/387,,0,0/407,0/387,1:1,14:4,14:4,{},{}
240000000968,LOW_TAIL,,20,407,387,379,48,1,1/407,1/387,48,1,1/407,1/387,,0,0/407,0/387,1:1,15:6,15:6,{},{}
240000000968,LOW_TAIL,,20,407,387,419,49,1,1/407,1/387,49,1,1/407,1/387,,0,0/407,0/387,1:1,13:1,13:1,{},{}
240000000968,LOW_TAIL,,20,407,387,463,50,1,1/407,1/387,50,1,1/407,1/387,,0,0/407,0/387,1:1,3:4,3:4,{},{}
240000000968,LOW_TAIL,,20,407,387,491,51,1,1/407,1/387,51,1,1/407,1/387,,0,0/407,0/387,1:1,16:7,16:7,{},{}
240000000968,LOW_TAIL,,20,407,387,499,52,1,1/407,1/387,52,1,1/407,1/387,,0,0/407,0/387,1:1,2:12,2:12,{},{}
240000000968,LOW_TAIL,,20,407,387,503,53,1,1/407,1/387,53,1,1/407,1/387,,0,0/407,0/387,1:1,23:15,23:15,{},{}
240000000968,LOW_TAIL,,20,407,387,523,54,1,1/407,1/387,54,1,1/407,1/387,,0,0/407,0/387,1:1,19:5,19:5,{},{}
240000000968,LOW_TAIL,,20,407,387,571,55,1,1/407,1/387,55,1,1/407,1/387,,0,0/407,0/387,1:1,2:8,2:8,{},{}
240000000968,LOW_TAIL,,20,407,387,643,56,1,1/407,1/387,56,1,1/407,1/387,,0,0/407,0/387,1:1,5:12,5:12,{},{}
240000000968,LOW_TAIL,,20,407,387,727,57,1,1/407,1/387,57,1,1/407,1/387,,0,0/407,0/387,1:1,21:13,21:13,{},{}
240000000968,LOW_TAIL,,20,407,387,743,58,1,1/407,1/387,58,1,1/407,1/387,,0,0/407,0/387,1:1,18:4,18:4,{},{}
240000000968,LOW_TAIL,,20,407,387,811,59,1,1/407,1/387,59,1,1/407,1/387,,0,0/407,0/387,1:1,19:14,19:14,{},{}
240000000968,LOW_TAIL,,20,407,387,823,60,1,1/407,1/387,60,1,1/407,1/387,,0,0/407,0/387,1:1,15:9,15:9,{},{}
240000000968,LOW_TAIL,,20,407,387,887,61,1,1/407,1/387,61,1,1/407,1/387,,0,0/407,0/387,1:1,13:13,13:13,{},{}
240000000968,LOW_TAIL,,20,407,387,907,62,1,1/407,1/387,62,1,1/407,1/387,,0,0/407,0/387,1:1,4:11,4:11,{},{}
240000000968,LOW_TAIL,,20,407,387,911,63,1,1/407,1/387,63,1,1/407,1/387,,0,0/407,0/387,1:1,6:15,6:15,{},{}
240000000968,LOW_TAIL,,20,407,387,947,64,1,1/407,1/387,64,1,1/407,1/387,,0,0/407,0/387,1:1,18:14,18:14,{},{}
240000000968,LOW_TAIL,,20,407,387,971,65,1,1/407,1/387,65,1,1/407,1/387,,0,0/407,0/387,1:1,18:14,18:14,{},{}
240000000968,LOW_TAIL,,20,407,387,1019,66,1,1/407,1/387,66,1,1/407,1/387,,0,0/407,0/387,1:1,15:3,15:3,{},{}
240000000968,LOW_TAIL,,20,407,387,1031,67,1,1/407,1/387,67,1,1/407,1/387,,0,0/407,0/387,1:1,4:0,4:0,{},{}
240000000968,LOW_TAIL,,20,407,387,1039,68,1,1/407,1/387,68,1,1/407,1/387,,0,0/407,0/387,1:1,9:9,9:9,{},{}
240000000968,LOW_TAIL,,20,407,387,1091,69,1,1/407,1/387,69,1,1/407,1/387,,0,0/407,0/387,1:1,7:10,7:10,{},{}
240000000968,LOW_TAIL,,20,407,387,1103,70,1,1/407,1/387,70,1,1/407,1/387,,0,0/407,0/387,1:1,16:15,16:15,{},{}
240000000968,LOW_TAIL,,20,407,387,1171,71,1,1/407,1/387,71,1,1/407,1/387,,0,0/407,0/387,1:1,6:11,6:11,{},{}
240000000968,LOW_TAIL,,20,407,387,1223,72,1,1/407,1/387,72,1,1/407,1/387,,0,0/407,0/387,1:1,4:7,4:7,{},{}
240000000968,LOW_TAIL,,20,407,387,1231,73,1,1/407,1/387,73,1,1/407,1/387,,0,0/407,0/387,1:1,22:2,22:2,{},{}
240000000968,LOW_TAIL,,20,407,387,1291,74,1,1/407,1/387,74,1,1/407,1/387,,0,0/407,0/387,1:1,20:2,20:2,{},{}
240000000968,LOW_TAIL,,20,407,387,1319,75,1,1/407,1/387,75,1,1/407,1/387,,0,0/407,0/387,1:1,7:5,7:5,{},{}
240000000968,LOW_TAIL,,20,407,387,1471,76,1,1/407,1/387,76,1,1/407,1/387,,0,0/407,0/387,1:1,11:16,11:16,{},{}
240000000968,LOW_TAIL,,20,407,387,1499,77,1,1/407,1/387,77,1,1/407,1/387,,0,0/407,0/387,1:1,4:4,4:4,{},{}
240000000968,LOW_TAIL,,20,407,387,1543,78,1,1/407,1/387,78,1,1/407,1/387,,0,0/407,0/387,1:1,17:2,17:2,{},{}
240000000968,LOW_TAIL,,20,407,387,1663,79,1,1/407,1/387,79,1,1/407,1/387,,0,0/407,0/387,1:1,13:4,13:4,{},{}
240000000968,LOW_TAIL,,20,407,387,1723,80,1,1/407,1/387,80,1,1/407,1/387,,0,0/407,0/387,1:1,9:5,9:5,{},{}
240000000968,LOW_TAIL,,20,407,387,1867,81,1,1/407,1/387,81,1,1/407,1/387,,0,0/407,0/387,1:1,2:0,2:0,{},{}
240000000968,LOW_TAIL,,20,407,387,1907,82,1,1/407,1/387,82,1,1/407,1/387,,0,0/407,0/387,1:1,20:8,20:8,{},{}
240000000968,LOW_TAIL,,20,407,387,2063,83,1,1/407,1/387,83,1,1/407,1/387,,0,0/407,0/387,1:1,0:4,0:4,{},{}
240000000968,LOW_TAIL,,20,407,387,2399,84,1,1/407,1/387,84,1,1/407,1/387,,0,0/407,0/387,1:1,16:8,16:8,{},{}
240000000968,LOW_TAIL,,20,407,387,2423,85,1,1/407,1/387,85,1,1/407,1/387,,0,0/407,0/387,1:1,14:11,14:11,{},{}
240000000968,LOW_TAIL,,20,407,387,2647,86,1,1/407,1/387,86,1,1/407,1/387,,0,0/407,0/387,1:1,14:12,14:12,{},{}
240000000968,LOW_TAIL,,20,407,387,2683,87,1,1/407,1/387,87,1,1/407,1/387,,0,0/407,0/387,1:1,16:9,16:9,{},{}
240000000968,LOW_TAIL,,20,407,387,2687,88,1,1/407,1/387,88,1,1/407,1/387,,0,0/407,0/387,1:1,12:13,12:13,{},{}
240000000968,LOW_TAIL,,20,407,387,2711,89,1,1/407,1/387,89,1,1/407,1/387,,0,0/407,0/387,1:1,14:9,14:9,{},{}
240000000968,LOW_TAIL,,20,407,387,2843,90,1,1/407,1/387,90,1,1/407,1/387,,0,0/407,0/387,1:1,13:0,13:0,{},{}
240000000968,LOW_TAIL,,20,407,387,3203,91,1,1/407,1/387,91,1,1/407,1/387,,0,0/407,0/387,1:1,7:5,7:5,{},{}
240000000968,LOW_TAIL,,20,407,387,3463,92,1,1/407,1/387,92,1,1/407,1/387,,0,0/407,0/387,1:1,6:14,6:14,{},{}
240000000968,LOW_TAIL,,20,407,387,3547,93,1,1/407,1/387,93,1,1/407,1/387,,0,0/407,0/387,1:1,20:6,20:6,{},{}
240000000968,LOW_TAIL,,20,407,387,3571,94,1,1/407,1/387,94,1,1/407,1/387,,0,0/407,0/387,1:1,10:10,10:10,{},{}
240000000968,LOW_TAIL,,20,407,387,3607,95,1,1/407,1/387,95,1,1/407,1/387,,0,0/407,0/387,1:1,3:5,3:5,{},{}
240000000968,LOW_TAIL,,20,407,387,3779,96,1,1/407,1/387,96,1,1/407,1/387,,0,0/407,0/387,1:1,16:0,16:0,{},{}
240000000968,LOW_TAIL,,20,407,387,3803,97,1,1/407,1/387,97,1,1/407,1/387,,0,0/407,0/387,1:1,3:5,3:5,{},{}
240000000968,LOW_TAIL,,20,407,387,3863,98,1,1/407,1/387,98,1,1/407,1/387,,0,0/407,0/387,1:1,15:14,15:14,{},{}
240000000968,LOW_TAIL,,20,407,387,3919,99,1,1/407,1/387,99,1,1/407,1/387,,0,0/407,0/387,1:1,11:13,11:13,{},{}
240000000968,LOW_TAIL,,20,407,387,4051,100,1,1/407,1/387,100,1,1/407,1/387,,0,0/407,0/387,1:1,23:0,23:0,{},{}
240000000968,LOW_TAIL,,20,407,387,4919,101,1,1/407,1/387,101,1,1/407,1/387,,0,0/407,0/387,1:1,13:5,13:5,{},{}
240000000968,LOW_TAIL,,20,407,387,5279,102,1,1/407,1/387,102,1,1/407,1/387,,0,0/407,0/387,1:1,1:16,1:16,{},{}
240000000968,LOW_TAIL,,20,407,387,5323,103,1,1/407,1/387,103,1,1/407,1/387,,0,0/407,0/387,1:1,0:6,0:6,{},{}
240000000968,LOW_TAIL,,20,407,387,5387,104,1,1/407,1/387,104,1,1/407,1/387,,0,0/407,0/387,1:1,15:16,15:16,{},{}
240000000968,LOW_TAIL,,20,407,387,5623,105,1,1/407,1/387,105,1,1/407,1/387,,0,0/407,0/387,1:1,2:16,2:16,{},{}
240000000968,LOW_TAIL,,20,407,387,5647,106,1,1/407,1/387,106,1,1/407,1/387,,0,0/407,0/387,1:1,13:5,13:5,{},{}
240000000968,LOW_TAIL,,20,407,387,6067,107,1,1/407,1/387,107,1,1/407,1/387,,0,0/407,0/387,1:1,23:8,23:8,{},{}
240000000968,LOW_TAIL,,20,407,387,6263,108,1,1/407,1/387,108,1,1/407,1/387,,0,0/407,0/387,1:1,18:15,18:15,{},{}
240000000968,LOW_TAIL,,20,407,387,6451,109,1,1/407,1/387,109,1,1/407,1/387,,0,0/407,0/387,1:1,2:5,2:5,{},{}
240000000968,LOW_TAIL,,20,407,387,6899,110,1,1/407,1/387,110,1,1/407,1/387,,0,0/407,0/387,1:1,21:11,21:11,{},{}
240000000968,LOW_TAIL,,20,407,387,7247,111,1,1/407,1/387,111,1,1/407,1/387,,0,0/407,0/387,1:1,12:14,12:14,{},{}
240000000968,LOW_TAIL,,20,407,387,8123,112,1,1/407,1/387,112,1,1/407,1/387,,0,0/407,0/387,1:1,4:9,4:9,{},{}
240000000968,LOW_TAIL,,20,407,387,8231,113,1,1/407,1/387,113,1,1/407,1/387,,0,0/407,0/387,1:1,22:6,22:6,{},{}
240000000968,LOW_TAIL,,20,407,387,8387,114,1,1/407,1/387,114,1,1/407,1/387,,0,0/407,0/387,1:1,22:6,22:6,{},{}
240000000968,LOW_TAIL,,20,407,387,9151,115,1,1/407,1/387,115,1,1/407,1/387,,0,0/407,0/387,1:1,0:2,0:2,{},{}
240000000968,LOW_TAIL,,20,407,387,9623,116,1,1/407,1/387,116,1,1/407,1/387,,0,0/407,0/387,1:1,10:14,10:14,{},{}
240000000968,LOW_TAIL,,20,407,387,9767,117,1,1/407,1/387,117,1,1/407,1/387,,0,0/407,0/387,1:1,18:14,18:14,{},{}
240000000968,LOW_TAIL,,20,407,387,10099,118,1,1/407,1/387,118,1,1/407,1/387,,0,0/407,0/387,1:1,11:7,11:7,{},{}
240000000968,LOW_TAIL,,20,407,387,10639,119,1,1/407,1/387,119,1,1/407,1/387,,0,0/407,0/387,1:1,15:13,15:13,{},{}
240000000968,LOW_TAIL,,20,407,387,10687,120,1,1/407,1/387,120,1,1/407,1/387,,0,0/407,0/387,1:1,18:16,18:16,{},{}
240000000968,LOW_TAIL,,20,407,387,10831,121,1,1/407,1/387,121,1,1/407,1/387,,0,0/407,0/387,1:1,19:15,19:15,{},{}
240000000968,LOW_TAIL,,20,407,387,10903,122,1,1/407,1/387,122,1,1/407,1/387,,0,0/407,0/387,1:1,8:10,8:10,{},{}
240000000968,LOW_TAIL,,20,407,387,11731,123,1,1/407,1/387,123,1,1/407,1/387,,0,0/407,0/387,1:1,2:3,2:3,{},{}
240000000968,LOW_TAIL,,20,407,387,12251,124,1,1/407,1/387,124,1,1/407,1/387,,0,0/407,0/387,1:1,5:16,5:16,{},{}
240000000968,LOW_TAIL,,20,407,387,13331,125,1,1/407,1/387,125,1,1/407,1/387,,0,0/407,0/387,1:1,12:13,12:13,{},{}
240000000968,LOW_TAIL,,20,407,387,14387,126,1,1/407,1/387,126,1,1/407,1/387,,0,0/407,0/387,1:1,18:16,18:16,{},{}
240000000968,LOW_TAIL,,20,407,387,14879,127,1,1/407,1/387,127,1,1/407,1/387,,0,0/407,0/387,1:1,1:10,1:10,{},{}
240000000968,LOW_TAIL,,20,407,387,15139,128,1,1/407,1/387,128,1,1/407,1/387,,0,0/407,0/387,1:1,22:12,22:12,{},{}
240000000968,LOW_TAIL,,20,407,387,15427,129,1,1/407,1/387,129,1,1/407,1/387,,0,0/407,0/387,1:1,7:0,7:0,{},{}
240000000968,LOW_TAIL,,20,407,387,15683,130,1,1/407,1/387,130,1,1/407,1/387,,0,0/407,0/387,1:1,17:5,17:5,{},{}
240000000968,LOW_TAIL,,20,407,387,15791,131,1,1/407,1/387,131,1,1/407,1/387,,0,0/407,0/387,1:1,10:15,10:15,{},{}
240000000968,LOW_TAIL,,20,407,387,16127,132,1,1/407,1/387,132,1,1/407,1/387,,0,0/407,0/387,1:1,6:13,6:13,{},{}
240000000968,LOW_TAIL,,20,407,387,16427,133,1,1/407,1/387,133,1,1/407,1/387,,0,0/407,0/387,1:1,9:0,9:0,{},{}
240000000968,LOW_TAIL,,20,407,387,16447,134,1,1/407,1/387,134,1,1/407,1/387,,0,0/407,0/387,1:1,22:10,22:10,{},{}
240000000968,LOW_TAIL,,20,407,387,17159,135,1,1/407,1/387,135,1,1/407,1/387,,0,0/407,0/387,1:1,1:10,1:10,{},{}
240000000968,LOW_TAIL,,20,407,387,18191,136,1,1/407,1/387,136,1,1/407,1/387,,0,0/407,0/387,1:1,10:5,10:5,{},{}
240000000968,LOW_TAIL,,20,407,387,19219,137,1,1/407,1/387,137,1,1/407,1/387,,0,0/407,0/387,1:1,17:12,17:12,{},{}
240000000968,LOW_TAIL,,20,407,387,19543,138,1,1/407,1/387,138,1,1/407,1/387,,0,0/407,0/387,1:1,3:4,3:4,{},{}
240000000968,LOW_TAIL,,20,407,387,19571,139,1,1/407,1/387,139,1,1/407,1/387,,0,0/407,0/387,1:1,21:1,21:1,{},{}
240000000968,LOW_TAIL,,20,407,387,21323,140,1,1/407,1/387,140,1,1/407,1/387,,0,0/407,0/387,1:1,11:9,11:9,{},{}
240000000968,LOW_TAIL,,20,407,387,22679,141,1,1/407,1/387,141,1,1/407,1/387,,0,0/407,0/387,1:1,1:8,1:8,{},{}
240000000968,LOW_TAIL,,20,407,387,23131,142,1,1/407,1/387,142,1,1/407,1/387,,0,0/407,0/387,1:1,18:7,18:7,{},{}
240000000968,LOW_TAIL,,20,407,387,25679,143,1,1/407,1/387,143,1,1/407,1/387,,0,0/407,0/387,1:1,8:5,8:5,{},{}
240000000968,LOW_TAIL,,20,407,387,27299,144,1,1/407,1/387,144,1,1/407,1/387,,0,0/407,0/387,1:1,16:0,16:0,{},{}
240000000968,LOW_TAIL,,20,407,387,30319,145,1,1/407,1/387,145,1,1/407,1/387,,0,0/407,0/387,1:1,22:8,22:8,{},{}
240000000968,LOW_TAIL,,20,407,387,31723,146,1,1/407,1/387,146,1,1/407,1/387,,0,0/407,0/387,1:1,14:4,14:4,{},{}
240000000968,LOW_TAIL,,20,407,387,37607,147,1,1/407,1/387,147,1,1/407,1/387,,0,0/407,0/387,1:1,16:3,16:3,{},{}
240000000968,LOW_TAIL,,20,407,387,37951,148,1,1/407,1/387,148,1,1/407,1/387,,0,0/407,0/387,1:1,0:7,0:7,{},{}
240000000968,LOW_TAIL,,20,407,387,40123,149,1,1/407,1/387,149,1,1/407,1/387,,0,0/407,0/387,1:1,15:11,15:11,{},{}
240000000968,LOW_TAIL,,20,407,387,44087,150,1,1/407,1/387,150,1,1/407,1/387,,0,0/407,0/387,1:1,18:0,18:0,{},{}
240000000968,LOW_TAIL,,20,407,387,46219,151,1,1/407,1/387,151,1,1/407,1/387,,0,0/407,0/387,1:1,16:6,16:6,{},{}
240000000968,LOW_TAIL,,20,407,387,46439,152,1,1/407,1/387,152,1,1/407,1/387,,0,0/407,0/387,1:1,22:0,22:0,{},{}
240000000968,LOW_TAIL,,20,407,387,49783,153,1,1/407,1/387,153,1,1/407,1/387,,0,0/407,0/387,1:1,23:2,23:2,{},{}
240000000968,LOW_TAIL,,20,407,387,52567,154,1,1/407,1/387,154,1,1/407,1/387,,0,0/407,0/387,1:1,2:4,2:4,{},{}
240000000968,LOW_TAIL,,20,407,387,52583,155,1,1/407,1/387,155,1,1/407,1/387,,0,0/407,0/387,1:1,2:13,2:13,{},{}
240000000968,LOW_TAIL,,20,407,387,52691,156,1,1/407,1/387,156,1,1/407,1/387,,0,0/407,0/387,1:1,17:11,17:11,{},{}
240000000968,LOW_TAIL,,20,407,387,53359,157,1,1/407,1/387,157,1,1/407,1/387,,0,0/407,0/387,1:1,1:12,1:12,{},{}
240000000968,LOW_TAIL,,20,407,387,54443,158,1,1/407,1/387,158,1,1/407,1/387,,0,0/407,0/387,1:1,19:4,19:4,{},{}
240000000968,LOW_TAIL,,20,407,387,54667,159,1,1/407,1/387,159,1,1/407,1/387,,0,0/407,0/387,1:1,12:7,12:7,{},{}
240000000968,LOW_TAIL,,20,407,387,57791,160,1,1/407,1/387,160,1,1/407,1/387,,0,0/407,0/387,1:1,0:9,0:9,{},{}
240000000968,LOW_TAIL,,20,407,387,59791,161,1,1/407,1/387,161,1,1/407,1/387,,0,0/407,0/387,1:1,4:5,4:5,{},{}
240000000968,LOW_TAIL,,20,407,387,74507,162,1,1/407,1/387,162,1,1/407,1/387,,0,0/407,0/387,1:1,10:10,10:10,{},{}
240000000968,LOW_TAIL,,20,407,387,85751,163,1,1/407,1/387,163,1,1/407,1/387,,0,0/407,0/387,1:1,16:14,16:14,{},{}
240000000968,LOW_TAIL,,20,407,387,92119,164,1,1/407,1/387,164,1,1/407,1/387,,0,0/407,0/387,1:1,20:14,20:14,{},{}
240000000968,LOW_TAIL,,20,407,387,92203,165,1,1/407,1/387,165,1,1/407,1/387,,0,0/407,0/387,1:1,12:16,12:16,{},{}
240000000968,LOW_TAIL,,20,407,387,99871,166,1,1/407,1/387,166,1,1/407,1/387,,0,0/407,0/387,1:1,5:4,5:4,{},{}
240000000968,LOW_TAIL,,20,407,387,117619,167,1,1/407,1/387,167,1,1/407,1/387,,0,0/407,0/387,1:1,2:7,2:7,{},{}
240000000968,LOW_TAIL,,20,407,387,118219,168,1,1/407,1/387,168,1,1/407,1/387,,0,0/407,0/387,1:1,22:0,22:0,{},{}
240000000968,LOW_TAIL,,20,407,387,118903,169,1,1/407,1/387,169,1,1/407,1/387,,0,0/407,0/387,1:1,7:4,7:4,{},{}
240000000968,LOW_TAIL,,20,407,387,121259,170,1,1/407,1/387,170,1,1/407,1/387,,0,0/407,0/387,1:1,5:14,5:14,{},{}
240000000968,LOW_TAIL,,20,407,387,123059,171,1,1/407,1/387,171,1,1/407,1/387,,0,0/407,0/387,1:1,7:2,7:2,{},{}
240000000968,LOW_TAIL,,20,407,387,131431,172,1,1/407,1/387,172,1,1/407,1/387,,0,0/407,0/387,1:1,18:11,18:11,{},{}
240000000968,LOW_TAIL,,20,407,387,133439,173,1,1/407,1/387,173,1,1/407,1/387,,0,0/407,0/387,1:1,1:9,1:9,{},{}
240000000968,LOW_TAIL,,20,407,387,141623,174,1,1/407,1/387,174,1,1/407,1/387,,0,0/407,0/387,1:1,5:1,5:1,{},{}
240000000968,LOW_TAIL,,20,407,387,145987,175,1,1/407,1/387,175,1,1/407,1/387,,0,0/407,0/387,1:1,6:1,6:1,{},{}
240000000968,LOW_TAIL,,20,407,387,148471,176,1,1/407,1/387,176,1,1/407,1/387,,0,0/407,0/387,1:1,11:6,11:6,{},{}
240000000968,LOW_TAIL,,20,407,387,169159,177,1,1/407,1/387,177,1,1/407,1/387,,0,0/407,0/387,1:1,17:6,17:6,{},{}
240000000968,LOW_TAIL,,20,407,387,172027,178,1,1/407,1/387,178,1,1/407,1/387,,0,0/407,0/387,1:1,0:11,0:11,{},{}
240000000968,LOW_TAIL,,20,407,387,200351,179,1,1/407,1/387,179,1,1/407,1/387,,0,0/407,0/387,1:1,19:15,19:15,{},{}
240000000968,LOW_TAIL,,20,407,387,211711,180,1,1/407,1/387,180,1,1/407,1/387,,0,0/407,0/387,1:1,11:0,11:0,{},{}
240000000968,LOW_TAIL,,20,407,387,237607,181,1,1/407,1/387,181,1,1/407,1/387,,0,0/407,0/387,1:1,21:12,21:12,{},{}
240000000968,LOW_TAIL,,20,407,387,243871,182,1,1/407,1/387,182,1,1/407,1/387,,0,0/407,0/387,1:1,13:7,13:7,{},{}
240000000968,LOW_TAIL,,20,407,387,250951,183,1,1/407,1/387,183,1,1/407,1/387,,0,0/407,0/387,1:1,4:4,4:4,{},{}
240000000968,LOW_TAIL,,20,407,387,312679,184,1,1/407,1/387,184,1,1/407,1/387,,0,0/407,0/387,1:1,1:15,1:15,{},{}
240000000968,LOW_TAIL,,20,407,387,323623,185,1,1/407,1/387,185,1,1/407,1/387,,0,0/407,0/387,1:1,14:11,14:11,{},{}
240000000968,LOW_TAIL,,20,407,387,336239,186,1,1/407,1/387,186,1,1/407,1/387,,0,0/407,0/387,1:1,0:2,0:2,{},{}
240000000968,LOW_TAIL,,20,407,387,379459,187,1,1/407,1/387,187,1,1/407,1/387,,0,0/407,0/387,1:1,12:3,12:3,{},{}
240000000968,LOW_TAIL,,20,407,387,404119,188,1,1/407,1/387,188,1,1/407,1/387,,0,0/407,0/387,1:1,11:6,11:6,{},{}
240000000968,LOW_TAIL,,20,407,387,422479,189,1,1/407,1/387,189,1,1/407,1/387,,0,0/407,0/387,1:1,1:11,1:11,{},{}
240000000968,LOW_TAIL,,20,407,387,446759,190,1,1/407,1/387,190,1,1/407,1/387,,0,0/407,0/387,1:1,8:9,8:9,{},{}
240000000968,LOW_TAIL,,20,407,387,457651,191,1,1/407,1/387,191,1,1/407,1/387,,0,0/407,0/387,1:1,2:15,2:15,{},{}
240000000968,LOW_TAIL,,20,407,387,473383,192,1,1/407,1/387,192,1,1/407,1/387,,0,0/407,0/387,1:1,22:2,22:2,{},{}
240000000968,LOW_TAIL,,20,407,387,494927,193,1,1/407,1/387,193,1,1/407,1/387,,0,0/407,0/387,1:1,1:3,1:3,{},{}
240000000968,LOW_TAIL,,20,407,387,495751,194,1,1/407,1/387,194,1,1/407,1/387,,0,0/407,0/387,1:1,6:4,6:4,{},{}
240000000968,LOW_TAIL,,20,407,387,533879,195,1,1/407,1/387,195,1,1/407,1/387,,0,0/407,0/387,1:1,9:6,9:6,{},{}
240000000968,LOW_TAIL,,20,407,387,560827,196,1,1/407,1/387,196,1,1/407,1/387,,0,0/407,0/387,1:1,13:13,13:13,{},{}
240000000968,LOW_TAIL,,20,407,387,569323,197,1,1/407,1/387,197,1,1/407,1/387,,0,0/407,0/387,1:1,21:4,21:4,{},{}
240000000968,LOW_TAIL,,20,407,387,620771,198,1,1/407,1/387,198,1,1/407,1/387,,0,0/407,0/387,1:1,3:1,3:1,{},{}
240000000968,LOW_TAIL,,20,407,387,639631,199,1,1/407,1/387,199,1,1/407,1/387,,0,0/407,0/387,1:1,10:14,10:14,{},{}
240000000968,LOW_TAIL,,20,407,387,643583,200,1,1/407,1/387,200,1,1/407,1/387,,0,0/407,0/387,1:1,11:3,11:3,{},{}
240000000968,LOW_TAIL,,20,407,387,697423,201,1,1/407,1/387,201,1,1/407,1/387,,0,0/407,0/387,1:1,0:11,0:11,{},{}
240000000968,LOW_TAIL,,20,407,387,714143,202,1,1/407,1/387,202,1,1/407,1/387,,0,0/407,0/387,1:1,4:15,4:15,{},{}
240000000968,LOW_TAIL,,20,407,387,734743,203,1,1/407,1/387,203,1,1/407,1/387,,0,0/407,0/387,1:1,13:9,13:9,{},{}
240000000968,LOW_TAIL,,20,407,387,827923,204,1,1/407,1/387,204,1,1/407,1/387,,0,0/407,0/387,1:1,1:16,1:16,{},{}
240000000968,LOW_TAIL,,20,407,387,875323,205,1,1/407,1/387,205,1,1/407,1/387,,0,0/407,0/387,1:1,23:1,23:1,{},{}
240000000968,LOW_TAIL,,20,407,387,923903,206,1,1/407,1/387,206,1,1/407,1/387,,0,0/407,0/387,1:1,15:1,15:1,{},{}
240000000968,LOW_TAIL,,20,407,387,931727,207,1,1/407,1/387,207,1,1/407,1/387,,0,0/407,0/387,1:1,19:14,19:14,{},{}
240000000968,LOW_TAIL,,20,407,387,980827,208,1,1/407,1/387,208,1,1/407,1/387,,0,0/407,0/387,1:1,23:4,23:4,{},{}
240000000968,LOW_TAIL,,20,407,387,1051147,209,1,1/407,1/387,209,1,1/407,1/387,,0,0/407,0/387,1:1,2:6,2:6,{},{}
240000000968,LOW_TAIL,,20,407,387,1207447,210,1,1/407,1/387,210,1,1/407,1/387,,0,0/407,0/387,1:1,22:14,22:14,{},{}
240000000968,LOW_TAIL,,20,407,387,1319399,211,1,1/407,1/387,211,1,1/407,1/387,,0,0/407,0/387,1:1,20:8,20:8,{},{}
240000000968,LOW_TAIL,,20,407,387,1662103,212,1,1/407,1/387,212,1,1/407,1/387,,0,0/407,0/387,1:1,19:16,19:16,{},{}
240000000968,LOW_TAIL,,20,407,387,1737871,213,1,1/407,1/387,213,1,1/407,1/387,,0,0/407,0/387,1:1,5:6,5:6,{},{}
240000000968,LOW_TAIL,,20,407,387,1811899,214,1,1/407,1/387,214,1,1/407,1/387,,0,0/407,0/387,1:1,3:13,3:13,{},{}
240000000968,LOW_TAIL,,20,407,387,2114207,215,1,1/407,1/387,215,1,1/407,1/387,,0,0/407,0/387,1:1,19:5,19:5,{},{}
240000000968,LOW_TAIL,,20,407,387,2538691,216,1,1/407,1/387,216,1,1/407,1/387,,0,0/407,0/387,1:1,11:13,11:13,{},{}
240000000968,LOW_TAIL,,20,407,387,2934479,217,1,1/407,1/387,217,1,1/407,1/387,,0,0/407,0/387,1:1,20:7,20:7,{},{}
240000000968,LOW_TAIL,,20,407,387,3263107,218,1,1/407,1/387,218,1,1/407,1/387,,0,0/407,0/387,1:1,3:16,3:16,{},{}
240000000968,LOW_TAIL,,20,407,387,3489691,219,1,1/407,1/387,219,1,1/407,1/387,,0,0/407,0/387,1:1,9:11,9:11,{},{}
240000000968,LOW_TAIL,,20,407,387,3729751,220,1,1/407,1/387,220,1,1/407,1/387,,0,0/407,0/387,1:1,8:12,8:12,{},{}
240000000968,LOW_TAIL,,20,407,387,4777139,221,1,1/407,1/387,221,1,1/407,1/387,,0,0/407,0/387,1:1,23:15,23:15,{},{}
240000000968,LOW_TAIL,,20,407,387,4947791,222,1,1/407,1/387,222,1,1/407,1/387,,0,0/407,0/387,1:1,17:9,17:9,{},{}
240000000968,LOW_TAIL,,20,407,387,5474947,223,1,1/407,1/387,223,1,1/407,1/387,,0,0/407,0/387,1:1,6:15,6:15,{},{}
240000000968,LOW_TAIL,,20,407,387,5479939,224,1,1/407,1/387,224,1,1/407,1/387,,0,0/407,0/387,1:1,19:7,19:7,{},{}
240000000968,LOW_TAIL,,20,407,387,5854507,225,1,1/407,1/387,225,1,1/407,1/387,,0,0/407,0/387,1:1,17:0,17:0,{},{}
240000000968,LOW_TAIL,,20,407,387,5861951,226,1,1/407,1/387,226,1,1/407,1/387,,0,0/407,0/387,1:1,0:5,0:5,{},{}
240000000968,LOW_TAIL,,20,407,387,6125887,227,1,1/407,1/387,227,1,1/407,1/387,,0,0/407,0/387,1:1,4:0,4:0,{},{}
240000000968,LOW_TAIL,,20,407,387,7215827,228,1,1/407,1/387,228,1,1/407,1/387,,0,0/407,0/387,1:1,13:4,13:4,{},{}
240000000968,LOW_TAIL,,20,407,387,8575211,229,1,1/407,1/387,229,1,1/407,1/387,,0,0/407,0/387,1:1,18:12,18:12,{},{}
240000000968,LOW_TAIL,,20,407,387,8776387,230,1,1/407,1/387,230,1,1/407,1/387,,0,0/407,0/387,1:1,12:8,12:8,{},{}
240000000968,LOW_TAIL,,20,407,387,11383963,231,1,1/407,1/387,231,1,1/407,1/387,,0,0/407,0/387,1:1,6:11,6:11,{},{}
240000000968,LOW_TAIL,,20,407,387,12149843,232,1,1/407,1/387,232,1,1/407,1/387,,0,0/407,0/387,1:1,15:9,15:9,{},{}
240000000968,LOW_TAIL,,20,407,387,12251647,233,1,1/407,1/387,233,1,1/407,1/387,,0,0/407,0/387,1:1,15:8,15:8,{},{}
240000000968,LOW_TAIL,,20,407,387,12372163,234,1,1/407,1/387,234,1,1/407,1/387,,0,0/407,0/387,1:1,14:3,14:3,{},{}
240000000968,LOW_TAIL,,20,407,387,13455931,235,1,1/407,1/387,235,1,1/407,1/387,,0,0/407,0/387,1:1,3:6,3:6,{},{}
240000000968,LOW_TAIL,,20,407,387,14204987,236,1,1/407,1/387,236,1,1/407,1/387,,0,0/407,0/387,1:1,23:6,23:6,{},{}
240000000968,LOW_TAIL,,20,407,387,14598539,237,1,1/407,1/387,237,1,1/407,1/387,,0,0/407,0/387,1:1,9:3,9:3,{},{}
240000000968,LOW_TAIL,,20,407,387,17266159,238,1,1/407,1/387,238,1,1/407,1/387,,0,0/407,0/387,1:1,5:8,5:8,{},{}
240000000968,LOW_TAIL,,20,407,387,17548991,239,1,1/407,1/387,239,1,1/407,1/387,,0,0/407,0/387,1:1,3:2,3:2,{},{}
240000000968,LOW_TAIL,,20,407,387,20302619,240,1,1/407,1/387,240,1,1/407,1/387,,0,0/407,0/387,1:1,0:15,0:15,{},{}
240000000968,LOW_TAIL,,20,407,387,22580983,241,1,1/407,1/387,241,1,1/407,1/387,,0,0/407,0/387,1:1,20:4,20:4,{},{}
240000000968,LOW_TAIL,,20,407,387,27956471,242,1,1/407,1/387,242,1,1/407,1/387,,0,0/407,0/387,1:1,20:16,20:16,{},{}
240000000968,LOW_TAIL,,20,407,387,28239443,243,1,1/407,1/387,243,1,1/407,1/387,,0,0/407,0/387,1:1,16:13,16:13,{},{}
240000000968,LOW_TAIL,,20,407,387,28308563,244,1,1/407,1/387,244,1,1/407,1/387,,0,0/407,0/387,1:1,6:5,6:5,{},{}
240000000968,LOW_TAIL,,20,407,387,34313731,245,1,1/407,1/387,245,1,1/407,1/387,,0,0/407,0/387,1:1,6:10,6:10,{},{}
240000000968,LOW_TAIL,,20,407,387,34671367,246,1,1/407,1/387,246,1,1/407,1/387,,0,0/407,0/387,1:1,14:6,14:6,{},{}
240000000968,LOW_TAIL,,20,407,387,46613683,247,1,1/407,1/387,247,1,1/407,1/387,,0,0/407,0/387,1:1,12:15,12:15,{},{}
240000000968,LOW_TAIL,,20,407,387,49745687,248,1,1/407,1/387,248,1,1/407,1/387,,0,0/407,0/387,1:1,5:13,5:13,{},{}
240000000968,LOW_TAIL,,20,407,387,51932047,249,1,1/407,1/387,249,1,1/407,1/387,,0,0/407,0/387,1:1,21:2,21:2,{},{}
240000000968,LOW_TAIL,,20,407,387,54993179,250,1,1/407,1/387,250,1,1/407,1/387,,0,0/407,0/387,1:1,7:10,7:10,{},{}
240000000968,LOW_TAIL,,20,407,387,56936827,251,1,1/407,1/387,251,1,1/407,1/387,,0,0/407,0/387,1:1,3:14,3:14,{},{}
240000000968,LOW_TAIL,,20,407,387,64516103,252,1,1/407,1/387,252,1,1/407,1/387,,0,0/407,0/387,1:1,9:7,9:7,{},{}
240000000968,LOW_TAIL,,20,407,387,65609623,253,1,1/407,1/387,253,1,1/407,1/387,,0,0/407,0/387,1:1,2:2,2:2,{},{}
240000000968,LOW_TAIL,,20,407,387,66033839,254,1,1/407,1/387,254,1,1/407,1/387,,0,0/407,0/387,1:1,20:12,20:12,{},{}
240000000968,LOW_TAIL,,20,407,387,74028371,255,1,1/407,1/387,255,1,1/407,1/387,,0,0/407,0/387,1:1,8:6,8:6,{},{}
240000000968,LOW_TAIL,,20,407,387,84745763,256,1,1/407,1/387,256,1,1/407,1/387,,0,0/407,0/387,1:1,3:3,3:3,{},{}
240000000968,LOW_TAIL,,20,407,387,90397787,257,1,1/407,1/387,257,1,1/407,1/387,,0,0/407,0/387,1:1,17:13,17:13,{},{}
240000000968,LOW_TAIL,,20,407,387,91878247,258,1,1/407,1/387,258,1,1/407,1/387,,0,0/407,0/387,1:1,9:15,9:15,{},{}
240000000968,LOW_TAIL,,20,407,387,96076859,259,1,1/407,1/387,259,1,1/407,1/387,,0,0/407,0/387,1:1,8:4,8:4,{},{}
240000000968,LOW_TAIL,,20,407,387,96314399,260,1,1/407,1/387,260,1,1/407,1/387,,0,0/407,0/387,1:1,22:9,22:9,{},{}
240000000968,LOW_TAIL,,20,407,387,103004851,261,1,1/407,1/387,261,1,1/407,1/387,,0,0/407,0/387,1:1,23:9,23:9,{},{}
240000000968,LOW_TAIL,,20,407,387,105262459,262,1,1/407,1/387,262,1,1/407,1/387,,0,0/407,0/387,1:1,13:3,13:3,{},{}
240000000968,LOW_TAIL,,20,407,387,115715959,263,1,1/407,1/387,263,1,1/407,1/387,,0,0/407,0/387,1:1,19:3,19:3,{},{}
240000000968,LOW_TAIL,,20,407,387,132214447,264,1,1/407,1/387,264,1,1/407,1/387,,0,0/407,0/387,1:1,8:13,8:13,{},{}
240000000968,LOW_TAIL,,20,407,387,133306207,265,1,1/407,1/387,265,1,1/407,1/387,,0,0/407,0/387,1:1,5:11,5:11,{},{}
240000000968,LOW_TAIL,,20,407,387,139998223,266,1,1/407,1/387,266,1,1/407,1/387,,0,0/407,0/387,1:1,16:2,16:2,{},{}
240000000968,LOW_TAIL,,20,407,387,140987243,267,1,1/407,1/387,267,1,1/407,1/387,,0,0/407,0/387,1:1,9:16,9:16,{},{}
240000000968,LOW_TAIL,,20,407,387,146664611,268,1,1/407,1/387,268,1,1/407,1/387,,0,0/407,0/387,1:1,7:16,7:16,{},{}
240000000968,LOW_TAIL,,20,407,387,155834839,269,1,1/407,1/387,269,1,1/407,1/387,,0,0/407,0/387,1:1,15:0,15:0,{},{}
240000000968,LOW_TAIL,,20,407,387,169978723,270,1,1/407,1/387,270,1,1/407,1/387,,0,0/407,0/387,1:1,16:16,16:16,{},{}
240000000968,LOW_TAIL,,20,407,387,174672103,271,1,1/407,1/387,271,1,1/407,1/387,,0,0/407,0/387,1:1,12:1,12:1,{},{}
240000000968,LOW_TAIL,,20,407,387,182462603,272,1,1/407,1/387,272,1,1/407,1/387,,0,0/407,0/387,1:1,0:12,0:12,{},{}
240000000968,LOW_TAIL,,20,407,387,238669883,273,1,1/407,1/387,273,1,1/407,1/387,,0,0/407,0/387,1:1,1:14,1:14,{},{}
240000000968,LOW_TAIL,,20,407,387,250013971,274,1,1/407,1/387,274,1,1/407,1/387,,0,0/407,0/387,1:1,20:0,20:0,{},{}
240000000968,LOW_TAIL,,20,407,387,254777071,275,1,1/407,1/387,275,1,1/407,1/387,,0,0/407,0/387,1:1,4:1,4:1,{},{}
240000000968,LOW_TAIL,,20,407,387,318301663,276,1,1/407,1/387,276,1,1/407,1/387,,0,0/407,0/387,1:1,12:6,12:6,{},{}
240000000968,LOW_TAIL,,20,407,387,321715739,277,1,1/407,1/387,277,1,1/407,1/387,,0,0/407,0/387,1:1,10:4,10:4,{},{}
240000000968,LOW_TAIL,,20,407,387,357526907,278,1,1/407,1/387,278,1,1/407,1/387,,0,0/407,0/387,1:1,19:10,19:10,{},{}
240000000968,LOW_TAIL,,20,407,387,400951043,279,1,1/407,1/387,279,1,1/407,1/387,,0,0/407,0/387,1:1,14:16,14:16,{},{}
240000000968,LOW_TAIL,,20,407,387,426611851,280,1,1/407,1/387,280,1,1/407,1/387,,0,0/407,0/387,1:1,4:12,4:12,{},{}
240000000968,LOW_TAIL,,20,407,387,477675479,281,1,1/407,1/387,281,1,1/407,1/387,,0,0/407,0/387,1:1,19:0,19:0,{},{}
240000000968,LOW_TAIL,,20,407,387,542963131,282,1,1/407,1/387,282,1,1/407,1/387,,0,0/407,0/387,1:1,12:10,12:10,{},{}
240000000968,LOW_TAIL,,20,407,387,563379367,283,1,1/407,1/387,283,1,1/407,1/387,,0,0/407,0/387,1:1,0:8,0:8,{},{}
240000000968,LOW_TAIL,,20,407,387,623449787,284,1,1/407,1/387,284,1,1/407,1/387,,0,0/407,0/387,1:1,17:16,17:16,{},{}
240000000968,LOW_TAIL,,20,407,387,624999799,285,1,1/407,1/387,285,1,1/407,1/387,,0,0/407,0/387,1:1,3:7,3:7,{},{}
240000000968,LOW_TAIL,,20,407,387,630932279,286,1,1/407,1/387,286,1,1/407,1/387,,0,0/407,0/387,1:1,13:12,13:12,{},{}
240000000968,LOW_TAIL,,20,407,387,655737707,287,1,1/407,1/387,287,1,1/407,1/387,,0,0/407,0/387,1:1,4:3,4:3,{},{}
240000000968,LOW_TAIL,,20,407,387,662982347,288,1,1/407,1/387,288,1,1/407,1/387,,0,0/407,0/387,1:1,6:8,6:8,{},{}
240000000968,LOW_TAIL,,20,407,387,804466723,289,1,1/407,1/387,289,1,1/407,1/387,,0,0/407,0/387,1:1,20:1,20:1,{},{}
240000000968,LOW_TAIL,,20,407,387,816326531,290,1,1/407,1/387,290,1,1/407,1/387,,0,0/407,0/387,1:1,6:3,6:3,{},{}
240000000968,LOW_TAIL,,20,407,387,833163787,291,1,1/407,1/387,291,1,1/407,1/387,,0,0/407,0/387,1:1,7:11,7:11,{},{}
240000000968,LOW_TAIL,,20,407,387,859369739,292,1,1/407,1/387,292,1,1/407,1/387,,0,0/407,0/387,1:1,21:14,21:14,{},{}
240000000968,LOW_TAIL,,20,407,387,982605259,293,1,1/407,1/387,293,1,1/407,1/387,,0,0/407,0/387,1:1,11:12,11:12,{},{}
240000000968,LOW_TAIL,,20,407,387,1091053363,294,1,1/407,1/387,294,1,1/407,1/387,,0,0/407,0/387,1:1,11:15,11:15,{},{}
240000000968,LOW_TAIL,,20,407,387,1188118447,295,1,1/407,1/387,295,1,1/407,1/387,,0,0/407,0/387,1:1,10:6,10:6,{},{}
240000000968,LOW_TAIL,,20,407,387,1642159787,296,1,1/407,1/387,296,1,1/407,1/387,,0,0/407,0/387,1:1,12:12,12:12,{},{}
240000000968,LOW_TAIL,,20,407,387,1643832947,297,1,1/407,1/387,297,1,1/407,1/387,,0,0/407,0/387,1:1,4:8,4:8,{},{}
240000000968,LOW_TAIL,,20,407,387,1655318359,298,1,1/407,1/387,298,1,1/407,1/387,,0,0/407,0/387,1:1,22:11,22:11,{},{}
240000000968,LOW_TAIL,,20,407,387,1681544351,299,1,1/407,1/387,299,1,1/407,1/387,,0,0/407,0/387,1:1,0:13,0:13,{},{}
240000000968,LOW_TAIL,,20,407,387,1714271543,300,1,1/407,1/387,300,1,1/407,1/387,,0,0/407,0/387,1:1,13:8,13:8,{},{}
240000000968,LOW_TAIL,,20,407,387,1904032747,301,1,1/407,1/387,301,1,1/407,1/387,,0,0/407,0/387,1:1,16:11,16:11,{},{}
240000000968,LOW_TAIL,,20,407,387,1912829747,302,1,1/407,1/387,302,1,1/407,1/387,,0,0/407,0/387,1:1,21:7,21:7,{},{}
240000000968,LOW_TAIL,,20,407,387,2068960631,303,1,1/407,1/387,303,1,1/407,1/387,,0,0/407,0/387,1:1,11:8,11:8,{},{}
240000000968,LOW_TAIL,,20,407,387,2182108571,304,1,1/407,1/387,304,1,1/407,1/387,,0,0/407,0/387,1:1,3:15,3:15,{},{}
240000000968,LOW_TAIL,,20,407,387,3038682167,305,1,1/407,1/387,305,1,1/407,1/387,,0,0/407,0/387,1:1,23:7,23:7,{},{}
240000000968,LOW_TAIL,,20,407,387,4437269951,306,1,1/407,1/387,306,1,1/407,1/387,,0,0/407,0/387,1:1,18:5,18:5,{},{}
240000000968,LOW_TAIL,,20,407,387,5454545471,307,1,1/407,1/387,307,1,1/407,1/387,,0,0/407,0/387,1:1,5:0,5:0,{},{}
240000000968,LOW_TAIL,,20,407,387,6026504959,308,1,1/407,1/387,308,1,1/407,1/387,,0,0/407,0/387,1:1,23:13,23:13,{},{}
240000000968,LOW_TAIL,,20,407,387,6315789499,309,1,1/407,1/387,309,1,1/407,1/387,,0,0/407,0/387,1:1,0:1,0:1,{},{}
240000000968,LOW_TAIL,,20,407,387,8529919267,310,1,1/407,1/387,310,1,1/407,1/387,,0,0/407,0/387,1:1,19:2,19:2,{},{}
240000000968,LOW_TAIL,,20,407,387,8571073507,311,1,1/407,1/387,311,1,1/407,1/387,,0,0/407,0/387,1:1,11:10,11:10,{},{}
240000000968,LOW_TAIL,,20,407,387,9215867879,312,1,1/407,1/387,312,1,1/407,1/387,,0,0/407,0/387,1:1,18:6,18:6,{},{}
240000000968,LOW_TAIL,,20,407,387,9215868479,313,1,1/407,1/387,313,1,1/407,1/387,,0,0/407,0/387,1:1,18:2,18:2,{},{}
240000000968,LOW_TAIL,,20,407,387,9230748827,314,1,1/407,1/387,314,1,1/407,1/387,,0,0/407,0/387,1:1,12:2,12:2,{},{}
240000000968,LOW_TAIL,,20,407,387,9951572479,315,1,1/407,1/387,315,1,1/407,1/387,,0,0/407,0/387,1:1,19:1,19:1,{},{}
240000000968,LOW_TAIL,,20,407,387,11688367259,316,1,1/407,1/387,316,1,1/407,1/387,,0,0/407,0/387,1:1,17:14,17:14,{},{}
240000000968,LOW_TAIL,,20,407,387,11999919551,317,1,1/407,1/387,317,1,1/407,1/387,,0,0/407,0/387,1:1,13:6,13:6,{},{}
240000000968,LOW_TAIL,,20,407,387,11999999267,318,1,1/407,1/387,318,1,1/407,1/387,,0,0/407,0/387,1:1,1:6,1:6,{},{}
240000000968,LOW_TAIL,,20,407,387,34769823559,319,1,1/407,1/387,319,1,1/407,1/387,,0,0/407,0/387,1:1,22:1,22:1,{},{}
240000000968,LOW_TAIL,,20,407,387,34913736047,320,1,1/407,1/387,320,1,1/407,1/387,,0,0/407,0/387,1:1,8:15,8:15,{},{}
240000000968,LOW_TAIL,,20,407,387,36403170379,321,1,1/407,1/387,321,1,1/407,1/387,,0,0/407,0/387,1:1,23:12,23:12,{},{}
240000000968,LOW_TAIL,,20,407,387,39418543907,322,1,1/407,1/387,322,1,1/407,1/387,,0,0/407,0/387,1:1,20:9,20:9,{},{}
240000000968,LOW_TAIL,,20,407,387,39418869407,323,1,1/407,1/387,323,1,1/407,1/387,,0,0/407,0/387,1:1,20:3,20:3,{},{}
240000000968,LOW_TAIL,,20,407,387,39731979559,324,1,1/407,1/387,324,1,1/407,1/387,,0,0/407,0/387,1:1,18:13,18:13,{},{}
240000000968,LOW_TAIL,,20,407,387,39796539799,325,1,1/407,1/387,325,1,1/407,1/387,,0,0/407,0/387,1:1,10:13,10:13,{},{}
240000000968,LOW_TAIL,,20,407,387,39999664799,326,1,1/407,1/387,326,1,1/407,1/387,,0,0/407,0/387,1:1,10:9,10:9,{},{}
240000000968,LOW_TAIL,,20,407,387,39999674639,327,1,1/407,1/387,327,1,1/407,1/387,,0,0/407,0/387,1:1,2:9,2:9,{},{}
240000000968,LOW_TAIL,,20,407,387,39999999047,328,1,1/407,1/387,328,1,1/407,1/387,,0,0/407,0/387,1:1,8:3,8:3,{},{}
240000000968,LOW_TAIL,,20,407,387,43706051891,329,1,1/407,1/387,329,1,1/407,1/387,,0,0/407,0/387,1:1,8:16,8:16,{},{}
240000000968,LOW_TAIL,,20,407,387,43706054807,330,1,1/407,1/387,330,1,1/407,1/387,,0,0/407,0/387,1:1,6:16,6:16,{},{}
240000000968,LOW_TAIL,,20,407,387,43706055131,331,1,1/407,1/387,331,1,1/407,1/387,,0,0/407,0/387,1:1,4:16,4:16,{},{}
240000000968,LOW_TAIL,,20,407,387,59648399719,332,1,1/407,1/387,332,1,1/407,1/387,,0,0/407,0/387,1:1,19:12,19:12,{},{}
240000000968,LOW_TAIL,,20,407,387,59938964539,333,1,1/407,1/387,333,1,1/407,1/387,,0,0/407,0/387,1:1,7:12,7:12,{},{}
240000000968,LOW_TAIL,,20,407,387,59996412859,334,1,1/407,1/387,334,1,1/407,1/387,,0,0/407,0/387,1:1,15:4,15:4,{},{}
240000000968,LOW_TAIL,,20,407,387,59999902579,335,1,1/407,1/387,335,1,1/407,1/387,,0,0/407,0/387,1:1,3:8,3:8,{},{}
240000000968,LOW_TAIL,,20,407,387,119856406811,336,1,1/407,1/387,336,1,1/407,1/387,,0,0/407,0/387,1:1,16:12,16:12,{},{}
240000000968,LOW_TAIL,,20,407,387,119877900647,337,1,1/407,1/387,337,1,1/407,1/387,,0,0/407,0/387,1:1,10:12,10:12,{},{}
240000000968,LOW_TAIL,,20,407,387,119877929807,338,1,1/407,1/387,338,1,1/407,1/387,,0,0/407,0/387,1:1,6:12,6:12,{},{}
240000000968,LOW_TAIL,,20,407,387,119997608987,339,1,1/407,1/387,339,1,1/407,1/387,,0,0/407,0/387,1:1,14:2,14:2,{},{}
240000000968,LOW_TAIL,,20,407,387,119999775647,340,1,1/407,1/387,340,1,1/407,1/387,,0,0/407,0/387,1:1,10:8,10:8,{},{}
240000000968,LOW_TAIL,,20,407,387,119999992631,341,1,1/407,1/387,341,1,1/407,1/387,,0,0/407,0/387,1:1,4:6,4:6,{},{}
240000000968,LOW_TAIL,,20,407,387,120000000119,342,1,1/407,1/387,342,1,1/407,1/387,,0,0/407,0/387,1:1,6:0,6:0,{},{}
240000000968,LOW_TAIL,,20,407,387,120000000431,343,1,1/407,1/387,343,1,1/407,1/387,,0,0/407,0/387,1:1,4:2,4:2,{},{}
240000001544,LOW_TAIL,,21,407,386,3,1,166,166/407,166/386,1,143,143/407,143/386,1,23,23/407,23/386,1:143;3:23,0:2;0:4;0:8;0:10;0:14;0:16;1:1;1:5;1:7;1:9;1:11;1:13;2:1;2:3;2:5;2:7;2:9;2:13;2:15;3:1;3:3;3:7;3:9;3:11;3:13;3:15;4:1;4:3;4:7;4:9;4:11;4:13;4:15;5:1;5:3;5:7;5:9;5:11;5:13;5:15;6:1;6:3;6:7;6:9;6:11;6:13;6:15;7:1;7:3;7:7;7:9;7:11;7:13;7:15;8:1;8:3;8:7;8:9;8:11;8:13;8:15;9:1;9:3;9:7;9:9;9:11;9:13;9:15;10:1;10:3;10:7;10:9;10:11;10:13;10:15;11:1;11:3;11:7;11:9;11:11;11:13;11:15;12:1;12:3;12:7;12:9;12:11;12:13;12:15;13:1;13:3;13:7;13:9;13:11;13:13;13:15;14:1;14:3;14:7;14:9;14:11;14:13;14:15;15:1;15:3;15:7;15:9;15:11;15:13;15:15;16:1;16:3;16:7;16:9;16:11;16:13;16:15;17:1;17:3;17:7;17:9;17:11;17:13;17:15;18:1;18:3;18:7;18:9;18:11;18:13;18:15;19:1;19:3;19:7;19:9;19:11;19:13;19:15;20:1;20:3;20:7;20:9;20:11;20:13;20:15;21:1;21:3;21:7;21:9;21:11;21:13;21:15;22:1;22:3;22:7;22:9;22:11;22:13;22:15;23:1;23:3;23:7;23:9;23:11;23:13;23:15,0:2;0:4;0:8;0:10;0:14;0:16;1:1;1:5;1:7;1:11;1:13;2:1;2:3;2:7;2:9;2:13;2:15;3:1;3:3;3:7;3:9;3:13;3:15;4:1;4:3;4:7;4:9;4:13;4:15;5:1;5:3;5:7;5:9;5:13;5:15;6:1;6:3;6:7;6:9;6:13;6:15;7:1;7:3;7:7;7:9;7:13;7:15;8:1;8:3;8:7;8:9;8:13;8:15;9:1;9:3;9:7;9:9;9:13;9:15;10:1;10:3;10:7;10:9;10:13;10:15;11:1;11:3;11:7;11:9;11:13;11:15;12:1;12:3;12:7;12:9;12:13;12:15;13:1;13:3;13:7;13:9;13:13;13:15;14:1;14:3;14:7;14:9;14:13;14:15;15:1;15:3;15:7;15:9;15:13;15:15;16:1;16:3;16:7;16:9;16:13;16:15;17:1;17:3;17:7;17:9;17:13;17:15;18:1;18:3;18:7;18:9;18:13;18:15;19:1;19:3;19:7;19:9;19:13;19:15;20:1;20:3;20:7;20:9;20:13;20:15;21:1;21:3;21:7;21:9;21:13;21:15;22:1;22:3;22:7;22:9;22:13;22:15;23:1;23:3;23:7;23:9;23:13;23:15,"{""3"":[[1,9],[2,5],[3,11],[4,11],[5,11],[6,11],[7,11],[8,11],[9,11],[10,11],[11,11],[12,11],[13,11],[14,11],[15,11],[16,11],[17,11],[18,11],[19,11],[20,11],[21,11],[22,11],[23,11]]}","{""3"":""81""}"
240000001544,LOW_TAIL,,21,407,386,7,2,51,51/407,51/386,2,50,50/407,50/386,2,1,1/407,1/386,1:50;3:1,0:0;0:6;0:12;1:3;1:9;1:15;3:5;3:11;4:1;4:7;4:13;5:2;5:8;5:14;6:0;6:6;6:12;7:9;7:15;9:5;9:11;10:7;10:13;11:2;11:8;11:14;12:0;12:6;12:12;13:3;13:9;13:15;15:5;16:1;16:7;17:2;17:8;17:14;18:0;18:6;18:12;19:3;19:9;19:15;21:5;21:11;22:1;22:7;22:13;23:2;23:8,0:0;0:6;0:12;1:3;1:9;1:15;3:5;3:11;4:1;4:7;4:13;5:2;5:8;5:14;6:0;6:6;6:12;7:9;7:15;9:5;9:11;10:7;10:13;11:2;11:14;12:0;12:6;12:12;13:3;13:9;13:15;15:5;16:1;16:7;17:2;17:8;17:14;18:0;18:6;18:12;19:3;19:9;19:15;21:5;21:11;22:1;22:7;22:13;23:2;23:8,"{""3"":[[11,8]]}","{""3"":""2401""}"
240000001544,LOW_TAIL,,21,407,386,11,3,45,45/407,45/386,3,45,45/407,45/386,,0,0/407,0/386,1:45,0:1;0:11;0:16;1:2;1:7;3:0;3:5;3:10;3:15;5:1;5:11;5:16;6:2;6:7;8:0;8:5;8:10;8:15;10:1;10:11;10:16;11:2;11:7;13:0;13:5;13:10;13:15;15:1;15:11;15:16;16:2;16:7;18:0;18:5;18:10;18:15;20:1;20:11;20:16;21:2;21:7;23:0;23:5;23:10;23:15,0:1;0:11;0:16;1:2;1:7;3:0;3:5;3:10;3:15;5:1;5:11;5:16;6:2;6:7;8:0;8:5;8:10;8:15;10:1;10:11;10:16;11:2;11:7;13:0;13:5;13:10;13:15;15:1;15:11;15:16;16:2;16:7;18:0;18:5;18:10;18:15;20:1;20:11;20:16;21:2;21:7;23:0;23:5;23:10;23:15,{},{}
240000001544,LOW_TAIL,,21,407,386,19,4,25,25/407,25/386,4,25,25/407,25/386,,0,0/407,0/386,1:25,0:3;0:12;1:5;1:14;3:8;4:6;4:15;5:7;5:16;6:1;6:10;8:2;8:11;12:0;12:9;13:4;13:13;18:3;18:12;19:5;19:14;21:8;22:6;22:15;23:7,0:3;0:12;1:5;1:14;3:8;4:6;4:15;5:7;5:16;6:1;6:10;8:2;8:11;12:0;12:9;13:4;13:13;18:3;18:12;19:5;19:14;21:8;22:6;22:15;23:7,{},{}
240000001544,LOW_TAIL,,21,407,386,23,5,17,17/407,17/386,5,17,17/407,17/386,,0,0/407,0/386,1:17,0:12;1:8;2:3;6:16;7:7;8:14;9:0;10:9;11:12;12:8;13:3;18:7;19:14;20:0;21:9;22:12;23:8,0:12;1:8;2:3;6:16;7:7;8:14;9:0;10:9;11:12;12:8;13:3;18:7;19:14;20:0;21:9;22:12;23:8,{},{}
240000001544,LOW_TAIL,,21,407,386,31,6,17,17/407,17/386,6,17,17/407,17/386,,0,0/407,0/386,1:17,3:2;3:5;3:8;3:11;3:14;6:1;6:4;6:7;6:10;6:13;6:16;8:0;8:3;8:6;8:9;8:12;8:15,3:2;3:5;3:8;3:11;3:14;6:1;6:4;6:7;6:10;6:13;6:16;8:0;8:3;8:6;8:9;8:12;8:15,{},{}
240000001544,LOW_TAIL,,21,407,386,71,7,13,13/407,13/386,7,13,13/407,13/386,,0,0/407,0/386,1:13,2:3;2:8;2:13;12:4;12:9;12:14;17:2;17:7;17:12;19:1;19:6;19:11;19:16,2:3;2:8;2:13;12:4;12:9;12:14;17:2;17:7;17:12;19:1;19:6;19:11;19:16,{},{}
240000001544,LOW_TAIL,,21,407,386,43,8,11,11/407,11/386,8,11,11/407,11/386,,0,0/407,0/386,1:11,1:5;2:4;3:1;4:7;6:11;10:9;14:3;18:16;19:8;21:13;23:12,1:5;2:4;3:1;4:7;6:11;10:9;14:3;18:16;19:8;21:13;23:12,{},{}
240000001544,LOW_TAIL,,21,407,386,47,9,7,7/407,7/386,9,7,7/407,7/386,,0,0/407,0/386,1:7,2:12;4:9;11:5;14:11;17:2;18:6;22:7,2:12;4:9;11:5;14:11;17:2;18:6;22:7,{},{}
240000001544,LOW_TAIL,,21,407,386,59,10,6,6/407,6/386,10,6,6/407,6/386,,0,0/407,0/386,1:6,0:16;4:5;12:15;14:10;17:0;22:1,0:16;4:5;12:15;14:10;17:0;22:1,{},{}
240000001544,LOW_TAIL,,21,407,386,67,11,6,6/407,6/386,11,6,6/407,6/386,,0,0/407,0/386,1:6,4:1;7:5;8:16;12:4;18:12;19:6,4:1;7:5;8:16;12:4;18:12;19:6,{},{}
240000001544,LOW_TAIL,,21,407,386,83,12,6,6/407,6/386,12,6,6/407,6/386,,0,0/407,0/386,1:6,0:5;1:9;7:12;14:4;15:7;22:10,0:5;1:9;7:12;14:4;15:7;22:10,{},{}
240000001544,LOW_TAIL,,21,407,386,179,13,5,5/407,5/386,13,5,5/407,5/386,,0,0/407,0/386,1:5,6:5;7:9;13:3;17:12;21:2,6:5;7:9;13:3;17:12;21:2,{},{}
240000001544,LOW_TAIL,,21,407,386,79,14,4,4/407,4/386,14,4,4/407,4/386,,0,0/407,0/386,1:4,4:1;5:0;13:6;19:8,4:1;5:0;13:6;19:8,{},{}
240000001544,LOW_TAIL,,21,407,386,103,15,4,4/407,4/386,15,4,4/407,4/386,,0,0/407,0/386,1:4,1:5;5:0;11:7;17:9,1:5;5:0;11:7;17:9,{},{}
240000001544,LOW_TAIL,,21,407,386,131,16,4,4/407,4/386,16,4,4/407,4/386,,0,0/407,0/386,1:4,1:13;4:8;14:6;21:1,1:13;4:8;14:6;21:1,{},{}
240000001544,LOW_TAIL,,21,407,386,139,17,4,4/407,4/386,17,4,4/407,4/386,,0,0/407,0/386,1:4,6:3;7:6;14:10;22:12,6:3;7:6;14:10;22:12,{},{}
240000001544,LOW_TAIL,,21,407,386,167,18,4,4/407,4/386,18,4,4/407,4/386,,0,0/407,0/386,1:4,0:4;15:2;17:9;23:0,0:4;15:2;17:9;23:0,{},{}
240000001544,LOW_TAIL,,21,407,386,239,19,4,4/407,4/386,19,4,4/407,4/386,,0,0/407,0/386,1:4,9:3;13:9;14:13;16:5,9:3;13:9;14:13;16:5,{},{}
240000001544,LOW_TAIL,,21,407,386,127,20,3,3/407,3/386,20,3,3/407,3/386,,0,0/407,0/386,1:3,16:12;17:0;23:6,16:12;17:0;23:6,{},{}
240000001544,LOW_TAIL,,21,407,386,331,21,3,3/407,3/386,21,3,3/407,3/386,,0,0/407,0/386,1:3,10:12;13:9;16:13,10:12;13:9;16:13,{},{}
240000001544,LOW_TAIL,,21,407,386,659,22,3,3/407,3/386,22,3,3/407,3/386,,0,0/407,0/386,1:3,8:11;18:5;19:9,8:11;18:5;19:9,{},{}
240000001544,LOW_TAIL,,21,407,386,107,23,2,2/407,2/386,23,2,2/407,2/386,,0,0/407,0/386,1:2,13:13;15:8,13:13;15:8,{},{}
240000001544,LOW_TAIL,,21,407,386,151,24,2,2/407,2/386,24,2,2/407,2/386,,0,0/407,0/386,1:2,9:7;22:8,9:7;22:8,{},{}
240000001544,LOW_TAIL,,21,407,386,163,25,2,2/407,2/386,25,2,2/407,2/386,,0,0/407,0/386,1:2,10:12;12:14,10:12;12:14,{},{}
240000001544,LOW_TAIL,,21,407,386,191,26,2,2/407,2/386,26,2,2/407,2/386,,0,0/407,0/386,1:2,2:3;19:2,2:3;19:2,{},{}
240000001544,LOW_TAIL,,21,407,386,199,27,2,2/407,2/386,27,2,2/407,2/386,,0,0/407,0/386,1:2,14:10;19:3,14:10;19:3,{},{}
240000001544,LOW_TAIL,,21,407,386,211,28,2,2/407,2/386,28,2,2/407,2/386,,0,0/407,0/386,1:2,8:9;11:6,8:9;11:6,{},{}
240000001544,LOW_TAIL,,21,407,386,227,29,2,2/407,2/386,29,2,2/407,2/386,,0,0/407,0/386,1:2,17:11;21:15,17:11;21:15,{},{}
240000001544,LOW_TAIL,,21,407,386,263,30,2,2/407,2/386,30,2,2/407,2/386,,0,0/407,0/386,1:2,1:4;19:8,1:4;19:8,{},{}
240000001544,LOW_TAIL,,21,407,386,347,31,2,2/407,2/386,31,2,2/407,2/386,,0,0/407,0/386,1:2,2:8;9:15,2:8;9:15,{},{}
240000001544,LOW_TAIL,,21,407,386,379,32,2,2/407,2/386,32,2,2/407,2/386,,0,0/407,0/386,1:2,13:0;21:7,13:0;21:7,{},{}
240000001544,LOW_TAIL,,21,407,386,383,33,2,2/407,2/386,33,2,2/407,2/386,,0,0/407,0/386,1:2,9:13;19:11,9:13;19:11,{},{}
240000001544,LOW_TAIL,,21,407,386,563,34,2,2/407,2/386,34,2,2/407,2/386,,0,0/407,0/386,1:2,9:1;18:4,9:1;18:4,{},{}
240000001544,LOW_TAIL,,21,407,386,691,35,2,2/407,2/386,35,2,2/407,2/386,,0,0/407,0/386,1:2,7:15;18:9,7:15;18:9,{},{}
240000001544,LOW_TAIL,,21,407,386,751,36,2,2/407,2/386,36,2,2/407,2/386,,0,0/407,0/386,1:2,13:14;18:9,13:14;18:9,{},{}
240000001544,LOW_TAIL,,21,407,386,787,37,2,2/407,2/386,37,2,2/407,2/386,,0,0/407,0/386,1:2,2:7;12:1,2:7;12:1,{},{}
240000001544,LOW_TAIL,,21,407,386,827,38,2,2/407,2/386,38,2,2/407,2/386,,0,0/407,0/386,1:2,7:15;9:8,7:15;9:8,{},{}
240000001544,LOW_TAIL,,21,407,386,983,39,2,2/407,2/386,39,2,2/407,2/386,,0,0/407,0/386,1:2,9:15;15:2,9:15;15:2,{},{}
240000001544,LOW_TAIL,,21,407,386,1091,40,2,2/407,2/386,40,2,2/407,2/386,,0,0/407,0/386,1:2,0:7;7:15,0:7;7:15,{},{}
240000001544,LOW_TAIL,,21,407,386,1571,41,2,2/407,2/386,41,2,2/407,2/386,,0,0/407,0/386,1:2,18:4;22:14,18:4;22:14,{},{}
240000001544,LOW_TAIL,,21,407,386,1667,42,2,2/407,2/386,42,2,2/407,2/386,,0,0/407,0/386,1:2,7:6;20:4,7:6;20:4,{},{}
240000001544,LOW_TAIL,,21,407,386,2939,43,2,2/407,2/386,43,2,2/407,2/386,,0,0/407,0/386,1:2,12:13;13:10,12:13;13:10,{},{}
240000001544,LOW_TAIL,,21,407,386,3511,44,2,2/407,2/386,44,2,2/407,2/386,,0,0/407,0/386,1:2,2:0;10:11,2:0;10:11,{},{}
240000001544,LOW_TAIL,,21,407,386,11587,45,2,2/407,2/386,45,2,2/407,2/386,,0,0/407,0/386,1:2,1:2;3:0,1:2;3:0,{},{}
240000001544,LOW_TAIL,,21,407,386,16979,46,2,2/407,2/386,46,2,2/407,2/386,,0,0/407,0/386,1:2,7:4;9:8,7:4;9:8,{},{}
240000001544,LOW_TAIL,,21,407,386,27691,47,2,2/407,2/386,47,2,2/407,2/386,,0,0/407,0/386,1:2,1:2;3:0,1:2;3:0,{},{}
240000001544,LOW_TAIL,,21,407,386,271,48,1,1/407,1/386,48,1,1/407,1/386,,0,0/407,0/386,1:1,8:13,8:13,{},{}
240000001544,LOW_TAIL,,21,407,386,283,49,1,1/407,1/386,49,1,1/407,1/386,,0,0/407,0/386,1:1,16:0,16:0,{},{}
240000001544,LOW_TAIL,,21,407,386,367,50,1,1/407,1/386,50,1,1/407,1/386,,0,0/407,0/386,1:1,17:10,17:10,{},{}
240000001544,LOW_TAIL,,21,407,386,419,51,1,1/407,1/386,51,1,1/407,1/386,,0,0/407,0/386,1:1,23:5,23:5,{},{}
240000001544,LOW_TAIL,,21,407,386,431,52,1,1/407,1/386,52,1,1/407,1/386,,0,0/407,0/386,1:1,22:10,22:10,{},{}
240000001544,LOW_TAIL,,21,407,386,439,53,1,1/407,1/386,53,1,1/407,1/386,,0,0/407,0/386,1:1,4:2,4:2,{},{}
240000001544,LOW_TAIL,,21,407,386,443,54,1,1/407,1/386,54,1,1/407,1/386,,0,0/407,0/386,1:1,3:8,3:8,{},{}
240000001544,LOW_TAIL,,21,407,386,467,55,1,1/407,1/386,55,1,1/407,1/386,,0,0/407,0/386,1:1,17:6,17:6,{},{}
240000001544,LOW_TAIL,,21,407,386,479,56,1,1/407,1/386,56,1,1/407,1/386,,0,0/407,0/386,1:1,5:2,5:2,{},{}
240000001544,LOW_TAIL,,21,407,386,487,57,1,1/407,1/386,57,1,1/407,1/386,,0,0/407,0/386,1:1,13:11,13:11,{},{}
240000001544,LOW_TAIL,,21,407,386,491,58,1,1/407,1/386,58,1,1/407,1/386,,0,0/407,0/386,1:1,18:2,18:2,{},{}
240000001544,LOW_TAIL,,21,407,386,503,59,1,1/407,1/386,59,1,1/407,1/386,,0,0/407,0/386,1:1,1:0,1:0,{},{}
240000001544,LOW_TAIL,,21,407,386,523,60,1,1/407,1/386,60,1,1/407,1/386,,0,0/407,0/386,1:1,21:16,21:16,{},{}
240000001544,LOW_TAIL,,21,407,386,599,61,1,1/407,1/386,61,1,1/407,1/386,,0,0/407,0/386,1:1,0:3,0:3,{},{}
240000001544,LOW_TAIL,,21,407,386,619,62,1,1/407,1/386,62,1,1/407,1/386,,0,0/407,0/386,1:1,18:14,18:14,{},{}
240000001544,LOW_TAIL,,21,407,386,839,63,1,1/407,1/386,63,1,1/407,1/386,,0,0/407,0/386,1:1,15:6,15:6,{},{}
240000001544,LOW_TAIL,,21,407,386,907,64,1,1/407,1/386,64,1,1/407,1/386,,0,0/407,0/386,1:1,6:8,6:8,{},{}
240000001544,LOW_TAIL,,21,407,386,919,65,1,1/407,1/386,65,1,1/407,1/386,,0,0/407,0/386,1:1,5:8,5:8,{},{}
240000001544,LOW_TAIL,,21,407,386,967,66,1,1/407,1/386,66,1,1/407,1/386,,0,0/407,0/386,1:1,8:2,8:2,{},{}
240000001544,LOW_TAIL,,21,407,386,991,67,1,1/407,1/386,67,1,1/407,1/386,,0,0/407,0/386,1:1,4:2,4:2,{},{}
240000001544,LOW_TAIL,,21,407,386,1019,68,1,1/407,1/386,68,1,1/407,1/386,,0,0/407,0/386,1:1,6:6,6:6,{},{}
240000001544,LOW_TAIL,,21,407,386,1039,69,1,1/407,1/386,69,1,1/407,1/386,,0,0/407,0/386,1:1,1:11,1:11,{},{}
240000001544,LOW_TAIL,,21,407,386,1087,70,1,1/407,1/386,70,1,1/407,1/386,,0,0/407,0/386,1:1,16:6,16:6,{},{}
240000001544,LOW_TAIL,,21,407,386,1171,71,1,1/407,1/386,71,1,1/407,1/386,,0,0/407,0/386,1:1,9:3,9:3,{},{}
240000001544,LOW_TAIL,,21,407,386,1319,72,1,1/407,1/386,72,1,1/407,1/386,,0,0/407,0/386,1:1,20:4,20:4,{},{}
240000001544,LOW_TAIL,,21,407,386,1367,73,1,1/407,1/386,73,1,1/407,1/386,,0,0/407,0/386,1:1,3:1,3:1,{},{}
240000001544,LOW_TAIL,,21,407,386,1447,74,1,1/407,1/386,74,1,1/407,1/386,,0,0/407,0/386,1:1,7:11,7:11,{},{}
240000001544,LOW_TAIL,,21,407,386,1511,75,1,1/407,1/386,75,1,1/407,1/386,,0,0/407,0/386,1:1,10:4,10:4,{},{}
240000001544,LOW_TAIL,,21,407,386,1523,76,1,1/407,1/386,76,1,1/407,1/386,,0,0/407,0/386,1:1,12:9,12:9,{},{}
240000001544,LOW_TAIL,,21,407,386,1607,77,1,1/407,1/386,77,1,1/407,1/386,,0,0/407,0/386,1:1,11:15,11:15,{},{}
240000001544,LOW_TAIL,,21,407,386,1747,78,1,1/407,1/386,78,1,1/407,1/386,,0,0/407,0/386,1:1,20:3,20:3,{},{}
240000001544,LOW_TAIL,,21,407,386,1787,79,1,1/407,1/386,79,1,1/407,1/386,,0,0/407,0/386,1:1,8:10,8:10,{},{}
240000001544,LOW_TAIL,,21,407,386,1999,80,1,1/407,1/386,80,1,1/407,1/386,,0,0/407,0/386,1:1,20:14,20:14,{},{}
240000001544,LOW_TAIL,,21,407,386,2003,81,1,1/407,1/386,81,1,1/407,1/386,,0,0/407,0/386,1:1,6:1,6:1,{},{}
240000001544,LOW_TAIL,,21,407,386,2099,82,1,1/407,1/386,82,1,1/407,1/386,,0,0/407,0/386,1:1,16:10,16:10,{},{}
240000001544,LOW_TAIL,,21,407,386,2111,83,1,1/407,1/386,83,1,1/407,1/386,,0,0/407,0/386,1:1,5:16,5:16,{},{}
240000001544,LOW_TAIL,,21,407,386,2203,84,1,1/407,1/386,84,1,1/407,1/386,,0,0/407,0/386,1:1,18:16,18:16,{},{}
240000001544,LOW_TAIL,,21,407,386,2239,85,1,1/407,1/386,85,1,1/407,1/386,,0,0/407,0/386,1:1,18:11,18:11,{},{}
240000001544,LOW_TAIL,,21,407,386,2287,86,1,1/407,1/386,86,1,1/407,1/386,,0,0/407,0/386,1:1,0:13,0:13,{},{}
240000001544,LOW_TAIL,,21,407,386,2411,87,1,1/407,1/386,87,1,1/407,1/386,,0,0/407,0/386,1:1,13:12,13:12,{},{}
240000001544,LOW_TAIL,,21,407,386,2447,88,1,1/407,1/386,88,1,1/407,1/386,,0,0/407,0/386,1:1,4:16,4:16,{},{}
240000001544,LOW_TAIL,,21,407,386,2467,89,1,1/407,1/386,89,1,1/407,1/386,,0,0/407,0/386,1:1,19:0,19:0,{},{}
240000001544,LOW_TAIL,,21,407,386,2503,90,1,1/407,1/386,90,1,1/407,1/386,,0,0/407,0/386,1:1,12:15,12:15,{},{}
240000001544,LOW_TAIL,,21,407,386,2591,91,1,1/407,1/386,91,1,1/407,1/386,,0,0/407,0/386,1:1,11:10,11:10,{},{}
240000001544,LOW_TAIL,,21,407,386,2711,92,1,1/407,1/386,92,1,1/407,1/386,,0,0/407,0/386,1:1,21:13,21:13,{},{}
240000001544,LOW_TAIL,,21,407,386,2731,93,1,1/407,1/386,93,1,1/407,1/386,,0,0/407,0/386,1:1,4:2,4:2,{},{}
240000001544,LOW_TAIL,,21,407,386,2803,94,1,1/407,1/386,94,1,1/407,1/386,,0,0/407,0/386,1:1,23:6,23:6,{},{}
240000001544,LOW_TAIL,,21,407,386,2971,95,1,1/407,1/386,95,1,1/407,1/386,,0,0/407,0/386,1:1,5:7,5:7,{},{}
240000001544,LOW_TAIL,,21,407,386,2999,96,1,1/407,1/386,96,1,1/407,1/386,,0,0/407,0/386,1:1,7:12,7:12,{},{}
240000001544,LOW_TAIL,,21,407,386,3187,97,1,1/407,1/386,97,1,1/407,1/386,,0,0/407,0/386,1:1,13:8,13:8,{},{}
240000001544,LOW_TAIL,,21,407,386,3323,98,1,1/407,1/386,98,1,1/407,1/386,,0,0/407,0/386,1:1,12:14,12:14,{},{}
240000001544,LOW_TAIL,,21,407,386,3359,99,1,1/407,1/386,99,1,1/407,1/386,,0,0/407,0/386,1:1,12:11,12:11,{},{}
240000001544,LOW_TAIL,,21,407,386,3463,100,1,1/407,1/386,100,1,1/407,1/386,,0,0/407,0/386,1:1,5:10,5:10,{},{}
240000001544,LOW_TAIL,,21,407,386,3499,101,1,1/407,1/386,101,1,1/407,1/386,,0,0/407,0/386,1:1,23:1,23:1,{},{}
240000001544,LOW_TAIL,,21,407,386,3539,102,1,1/407,1/386,102,1,1/407,1/386,,0,0/407,0/386,1:1,16:7,16:7,{},{}
240000001544,LOW_TAIL,,21,407,386,3911,103,1,1/407,1/386,103,1,1/407,1/386,,0,0/407,0/386,1:1,1:12,1:12,{},{}
240000001544,LOW_TAIL,,21,407,386,3931,104,1,1/407,1/386,104,1,1/407,1/386,,0,0/407,0/386,1:1,14:5,14:5,{},{}
240000001544,LOW_TAIL,,21,407,386,4099,105,1,1/407,1/386,105,1,1/407,1/386,,0,0/407,0/386,1:1,1:10,1:10,{},{}
240000001544,LOW_TAIL,,21,407,386,4139,106,1,1/407,1/386,106,1,1/407,1/386,,0,0/407,0/386,1:1,10:15,10:15,{},{}
240000001544,LOW_TAIL,,21,407,386,4219,107,1,1/407,1/386,107,1,1/407,1/386,,0,0/407,0/386,1:1,8:13,8:13,{},{}
240000001544,LOW_TAIL,,21,407,386,5011,108,1,1/407,1/386,108,1,1/407,1/386,,0,0/407,0/386,1:1,13:8,13:8,{},{}
240000001544,LOW_TAIL,,21,407,386,5231,109,1,1/407,1/386,109,1,1/407,1/386,,0,0/407,0/386,1:1,3:14,3:14,{},{}
240000001544,LOW_TAIL,,21,407,386,5483,110,1,1/407,1/386,110,1,1/407,1/386,,0,0/407,0/386,1:1,6:0,6:0,{},{}
240000001544,LOW_TAIL,,21,407,386,6547,111,1,1/407,1/386,111,1,1/407,1/386,,0,0/407,0/386,1:1,13:3,13:3,{},{}
240000001544,LOW_TAIL,,21,407,386,6571,112,1,1/407,1/386,112,1,1/407,1/386,,0,0/407,0/386,1:1,9:6,9:6,{},{}
240000001544,LOW_TAIL,,21,407,386,6899,113,1,1/407,1/386,113,1,1/407,1/386,,0,0/407,0/386,1:1,13:10,13:10,{},{}
240000001544,LOW_TAIL,,21,407,386,7207,114,1,1/407,1/386,114,1,1/407,1/386,,0,0/407,0/386,1:1,23:1,23:1,{},{}
240000001544,LOW_TAIL,,21,407,386,7219,115,1,1/407,1/386,115,1,1/407,1/386,,0,0/407,0/386,1:1,4:4,4:4,{},{}
240000001544,LOW_TAIL,,21,407,386,9067,116,1,1/407,1/386,116,1,1/407,1/386,,0,0/407,0/386,1:1,2:11,2:11,{},{}
240000001544,LOW_TAIL,,21,407,386,9371,117,1,1/407,1/386,117,1,1/407,1/386,,0,0/407,0/386,1:1,12:12,12:12,{},{}
240000001544,LOW_TAIL,,21,407,386,9631,118,1,1/407,1/386,118,1,1/407,1/386,,0,0/407,0/386,1:1,22:15,22:15,{},{}
240000001544,LOW_TAIL,,21,407,386,9743,119,1,1/407,1/386,119,1,1/407,1/386,,0,0/407,0/386,1:1,1:12,1:12,{},{}
240000001544,LOW_TAIL,,21,407,386,10151,120,1,1/407,1/386,120,1,1/407,1/386,,0,0/407,0/386,1:1,11:6,11:6,{},{}
240000001544,LOW_TAIL,,21,407,386,10391,121,1,1/407,1/386,121,1,1/407,1/386,,0,0/407,0/386,1:1,13:6,13:6,{},{}
240000001544,LOW_TAIL,,21,407,386,10883,122,1,1/407,1/386,122,1,1/407,1/386,,0,0/407,0/386,1:1,22:9,22:9,{},{}
240000001544,LOW_TAIL,,21,407,386,11579,123,1,1/407,1/386,123,1,1/407,1/386,,0,0/407,0/386,1:1,13:11,13:11,{},{}
240000001544,LOW_TAIL,,21,407,386,11783,124,1,1/407,1/386,124,1,1/407,1/386,,0,0/407,0/386,1:1,9:16,9:16,{},{}
240000001544,LOW_TAIL,,21,407,386,12251,125,1,1/407,1/386,125,1,1/407,1/386,,0,0/407,0/386,1:1,9:4,9:4,{},{}
240000001544,LOW_TAIL,,21,407,386,12743,126,1,1/407,1/386,126,1,1/407,1/386,,0,0/407,0/386,1:1,11:16,11:16,{},{}
240000001544,LOW_TAIL,,21,407,386,12979,127,1,1/407,1/386,127,1,1/407,1/386,,0,0/407,0/386,1:1,21:14,21:14,{},{}
240000001544,LOW_TAIL,,21,407,386,13627,128,1,1/407,1/386,128,1,1/407,1/386,,0,0/407,0/386,1:1,5:7,5:7,{},{}
240000001544,LOW_TAIL,,21,407,386,13907,129,1,1/407,1/386,129,1,1/407,1/386,,0,0/407,0/386,1:1,12:15,12:15,{},{}
240000001544,LOW_TAIL,,21,407,386,14327,130,1,1/407,1/386,130,1,1/407,1/386,,0,0/407,0/386,1:1,5:2,5:2,{},{}
240000001544,LOW_TAIL,,21,407,386,15391,131,1,1/407,1/386,131,1,1/407,1/386,,0,0/407,0/386,1:1,18:9,18:9,{},{}
240000001544,LOW_TAIL,,21,407,386,15551,132,1,1/407,1/386,132,1,1/407,1/386,,0,0/407,0/386,1:1,16:8,16:8,{},{}
240000001544,LOW_TAIL,,21,407,386,15767,133,1,1/407,1/386,133,1,1/407,1/386,,0,0/407,0/386,1:1,21:12,21:12,{},{}
240000001544,LOW_TAIL,,21,407,386,15887,134,1,1/407,1/386,134,1,1/407,1/386,,0,0/407,0/386,1:1,18:15,18:15,{},{}
240000001544,LOW_TAIL,,21,407,386,16339,135,1,1/407,1/386,135,1,1/407,1/386,,0,0/407,0/386,1:1,0:9,0:9,{},{}
240000001544,LOW_TAIL,,21,407,386,18523,136,1,1/407,1/386,136,1,1/407,1/386,,0,0/407,0/386,1:1,7:12,7:12,{},{}
240000001544,LOW_TAIL,,21,407,386,18919,137,1,1/407,1/386,137,1,1/407,1/386,,0,0/407,0/386,1:1,1:0,1:0,{},{}
240000001544,LOW_TAIL,,21,407,386,19031,138,1,1/407,1/386,138,1,1/407,1/386,,0,0/407,0/386,1:1,6:10,6:10,{},{}
240000001544,LOW_TAIL,,21,407,386,19139,139,1,1/407,1/386,139,1,1/407,1/386,,0,0/407,0/386,1:1,5:12,5:12,{},{}
240000001544,LOW_TAIL,,21,407,386,19571,140,1,1/407,1/386,140,1,1/407,1/386,,0,0/407,0/386,1:1,8:0,8:0,{},{}
240000001544,LOW_TAIL,,21,407,386,19843,141,1,1/407,1/386,141,1,1/407,1/386,,0,0/407,0/386,1:1,20:6,20:6,{},{}
240000001544,LOW_TAIL,,21,407,386,20327,142,1,1/407,1/386,142,1,1/407,1/386,,0,0/407,0/386,1:1,19:11,19:11,{},{}
240000001544,LOW_TAIL,,21,407,386,21467,143,1,1/407,1/386,143,1,1/407,1/386,,0,0/407,0/386,1:1,23:9,23:9,{},{}
240000001544,LOW_TAIL,,21,407,386,21487,144,1,1/407,1/386,144,1,1/407,1/386,,0,0/407,0/386,1:1,13:12,13:12,{},{}
240000001544,LOW_TAIL,,21,407,386,22619,145,1,1/407,1/386,145,1,1/407,1/386,,0,0/407,0/386,1:1,2:11,2:11,{},{}
240000001544,LOW_TAIL,,21,407,386,23011,146,1,1/407,1/386,146,1,1/407,1/386,,0,0/407,0/386,1:1,10:11,10:11,{},{}
240000001544,LOW_TAIL,,21,407,386,23539,147,1,1/407,1/386,147,1,1/407,1/386,,0,0/407,0/386,1:1,18:8,18:8,{},{}
240000001544,LOW_TAIL,,21,407,386,24239,148,1,1/407,1/386,148,1,1/407,1/386,,0,0/407,0/386,1:1,19:9,19:9,{},{}
240000001544,LOW_TAIL,,21,407,386,25343,149,1,1/407,1/386,149,1,1/407,1/386,,0,0/407,0/386,1:1,3:11,3:11,{},{}
240000001544,LOW_TAIL,,21,407,386,25679,150,1,1/407,1/386,150,1,1/407,1/386,,0,0/407,0/386,1:1,23:0,23:0,{},{}
240000001544,LOW_TAIL,,21,407,386,26459,151,1,1/407,1/386,151,1,1/407,1/386,,0,0/407,0/386,1:1,0:13,0:13,{},{}
240000001544,LOW_TAIL,,21,407,386,26959,152,1,1/407,1/386,152,1,1/407,1/386,,0,0/407,0/386,1:1,14:1,14:1,{},{}
240000001544,LOW_TAIL,,21,407,386,27031,153,1,1/407,1/386,153,1,1/407,1/386,,0,0/407,0/386,1:1,4:14,4:14,{},{}
240000001544,LOW_TAIL,,21,407,386,27091,154,1,1/407,1/386,154,1,1/407,1/386,,0,0/407,0/386,1:1,18:4,18:4,{},{}
240000001544,LOW_TAIL,,21,407,386,27299,155,1,1/407,1/386,155,1,1/407,1/386,,0,0/407,0/386,1:1,8:11,8:11,{},{}
240000001544,LOW_TAIL,,21,407,386,30047,156,1,1/407,1/386,156,1,1/407,1/386,,0,0/407,0/386,1:1,21:12,21:12,{},{}
240000001544,LOW_TAIL,,21,407,386,32443,157,1,1/407,1/386,157,1,1/407,1/386,,0,0/407,0/386,1:1,22:15,22:15,{},{}
240000001544,LOW_TAIL,,21,407,386,34159,158,1,1/407,1/386,158,1,1/407,1/386,,0,0/407,0/386,1:1,17:7,17:7,{},{}
240000001544,LOW_TAIL,,21,407,386,34183,159,1,1/407,1/386,159,1,1/407,1/386,,0,0/407,0/386,1:1,10:12,10:12,{},{}
240000001544,LOW_TAIL,,21,407,386,34807,160,1,1/407,1/386,160,1,1/407,1/386,,0,0/407,0/386,1:1,8:13,8:13,{},{}
240000001544,LOW_TAIL,,21,407,386,35731,161,1,1/407,1/386,161,1,1/407,1/386,,0,0/407,0/386,1:1,9:3,9:3,{},{}
240000001544,LOW_TAIL,,21,407,386,38567,162,1,1/407,1/386,162,1,1/407,1/386,,0,0/407,0/386,1:1,22:12,22:12,{},{}
240000001544,LOW_TAIL,,21,407,386,39883,163,1,1/407,1/386,163,1,1/407,1/386,,0,0/407,0/386,1:1,18:15,18:15,{},{}
240000001544,LOW_TAIL,,21,407,386,45439,164,1,1/407,1/386,164,1,1/407,1/386,,0,0/407,0/386,1:1,2:15,2:15,{},{}
240000001544,LOW_TAIL,,21,407,386,46091,165,1,1/407,1/386,165,1,1/407,1/386,,0,0/407,0/386,1:1,6:6,6:6,{},{}
240000001544,LOW_TAIL,,21,407,386,49531,166,1,1/407,1/386,166,1,1/407,1/386,,0,0/407,0/386,1:1,5:16,5:16,{},{}
240000001544,LOW_TAIL,,21,407,386,50647,167,1,1/407,1/386,167,1,1/407,1/386,,0,0/407,0/386,1:1,15:13,15:13,{},{}
240000001544,LOW_TAIL,,21,407,386,53783,168,1,1/407,1/386,168,1,1/407,1/386,,0,0/407,0/386,1:1,20:4,20:4,{},{}
240000001544,LOW_TAIL,,21,407,386,58687,169,1,1/407,1/386,169,1,1/407,1/386,,0,0/407,0/386,1:1,18:6,18:6,{},{}
240000001544,LOW_TAIL,,21,407,386,62003,170,1,1/407,1/386,170,1,1/407,1/386,,0,0/407,0/386,1:1,21:7,21:7,{},{}
240000001544,LOW_TAIL,,21,407,386,67943,171,1,1/407,1/386,171,1,1/407,1/386,,0,0/407,0/386,1:1,3:9,3:9,{},{}
240000001544,LOW_TAIL,,21,407,386,71443,172,1,1/407,1/386,172,1,1/407,1/386,,0,0/407,0/386,1:1,12:0,12:0,{},{}
240000001544,LOW_TAIL,,21,407,386,73091,173,1,1/407,1/386,173,1,1/407,1/386,,0,0/407,0/386,1:1,13:6,13:6,{},{}
240000001544,LOW_TAIL,,21,407,386,76123,174,1,1/407,1/386,174,1,1/407,1/386,,0,0/407,0/386,1:1,19:4,19:4,{},{}
240000001544,LOW_TAIL,,21,407,386,76847,175,1,1/407,1/386,175,1,1/407,1/386,,0,0/407,0/386,1:1,13:4,13:4,{},{}
240000001544,LOW_TAIL,,21,407,386,88079,176,1,1/407,1/386,176,1,1/407,1/386,,0,0/407,0/386,1:1,10:14,10:14,{},{}
240000001544,LOW_TAIL,,21,407,386,91867,177,1,1/407,1/386,177,1,1/407,1/386,,0,0/407,0/386,1:1,18:16,18:16,{},{}
240000001544,LOW_TAIL,,21,407,386,110807,178,1,1/407,1/386,178,1,1/407,1/386,,0,0/407,0/386,1:1,10:9,10:9,{},{}
240000001544,LOW_TAIL,,21,407,386,119047,179,1,1/407,1/386,179,1,1/407,1/386,,0,0/407,0/386,1:1,10:2,10:2,{},{}
240000001544,LOW_TAIL,,21,407,386,125959,180,1,1/407,1/386,180,1,1/407,1/386,,0,0/407,0/386,1:1,15:4,15:4,{},{}
240000001544,LOW_TAIL,,21,407,386,131671,181,1,1/407,1/386,181,1,1/407,1/386,,0,0/407,0/386,1:1,2:9,2:9,{},{}
240000001544,LOW_TAIL,,21,407,386,135671,182,1,1/407,1/386,182,1,1/407,1/386,,0,0/407,0/386,1:1,14:5,14:5,{},{}
240000001544,LOW_TAIL,,21,407,386,137147,183,1,1/407,1/386,183,1,1/407,1/386,,0,0/407,0/386,1:1,23:10,23:10,{},{}
240000001544,LOW_TAIL,,21,407,386,138731,184,1,1/407,1/386,184,1,1/407,1/386,,0,0/407,0/386,1:1,6:15,6:15,{},{}
240000001544,LOW_TAIL,,21,407,386,164251,185,1,1/407,1/386,185,1,1/407,1/386,,0,0/407,0/386,1:1,20:13,20:13,{},{}
240000001544,LOW_TAIL,,21,407,386,170123,186,1,1/407,1/386,186,1,1/407,1/386,,0,0/407,0/386,1:1,3:1,3:1,{},{}
240000001544,LOW_TAIL,,21,407,386,205559,187,1,1/407,1/386,187,1,1/407,1/386,,0,0/407,0/386,1:1,7:2,7:2,{},{}
240000001544,LOW_TAIL,,21,407,386,213943,188,1,1/407,1/386,188,1,1/407,1/386,,0,0/407,0/386,1:1,12:10,12:10,{},{}
240000001544,LOW_TAIL,,21,407,386,227399,189,1,1/407,1/386,189,1,1/407,1/386,,0,0/407,0/386,1:1,17:8,17:8,{},{}
240000001544,LOW_TAIL,,21,407,386,235871,190,1,1/407,1/386,190,1,1/407,1/386,,0,0/407,0/386,1:1,14:12,14:12,{},{}
240000001544,LOW_TAIL,,21,407,386,257611,191,1,1/407,1/386,191,1,1/407,1/386,,0,0/407,0/386,1:1,15:11,15:11,{},{}
240000001544,LOW_TAIL,,21,407,386,260171,192,1,1/407,1/386,192,1,1/407,1/386,,0,0/407,0/386,1:1,10:3,10:3,{},{}
240000001544,LOW_TAIL,,21,407,386,277003,193,1,1/407,1/386,193,1,1/407,1/386,,0,0/407,0/386,1:1,18:0,18:0,{},{}
240000001544,LOW_TAIL,,21,407,386,283099,194,1,1/407,1/386,194,1,1/407,1/386,,0,0/407,0/386,1:1,23:9,23:9,{},{}
240000001544,LOW_TAIL,,21,407,386,291887,195,1,1/407,1/386,195,1,1/407,1/386,,0,0/407,0/386,1:1,7:2,7:2,{},{}
240000001544,LOW_TAIL,,21,407,386,303931,196,1,1/407,1/386,196,1,1/407,1/386,,0,0/407,0/386,1:1,21:6,21:6,{},{}
240000001544,LOW_TAIL,,21,407,386,332179,197,1,1/407,1/386,197,1,1/407,1/386,,0,0/407,0/386,1:1,8:5,8:5,{},{}
240000001544,LOW_TAIL,,21,407,386,332803,198,1,1/407,1/386,198,1,1/407,1/386,,0,0/407,0/386,1:1,15:7,15:7,{},{}
240000001544,LOW_TAIL,,21,407,386,359719,199,1,1/407,1/386,199,1,1/407,1/386,,0,0/407,0/386,1:1,8:9,8:9,{},{}
240000001544,LOW_TAIL,,21,407,386,373327,200,1,1/407,1/386,200,1,1/407,1/386,,0,0/407,0/386,1:1,9:2,9:2,{},{}
240000001544,LOW_TAIL,,21,407,386,380591,201,1,1/407,1/386,201,1,1/407,1/386,,0,0/407,0/386,1:1,0:7,0:7,{},{}
240000001544,LOW_TAIL,,21,407,386,478099,202,1,1/407,1/386,202,1,1/407,1/386,,0,0/407,0/386,1:1,1:9,1:9,{},{}
240000001544,LOW_TAIL,,21,407,386,583147,203,1,1/407,1/386,203,1,1/407,1/386,,0,0/407,0/386,1:1,22:10,22:10,{},{}
240000001544,LOW_TAIL,,21,407,386,590987,204,1,1/407,1/386,204,1,1/407,1/386,,0,0/407,0/386,1:1,15:6,15:6,{},{}
240000001544,LOW_TAIL,,21,407,386,798487,205,1,1/407,1/386,205,1,1/407,1/386,,0,0/407,0/386,1:1,11:10,11:10,{},{}
240000001544,LOW_TAIL,,21,407,386,894151,206,1,1/407,1/386,206,1,1/407,1/386,,0,0/407,0/386,1:1,4:12,4:12,{},{}
240000001544,LOW_TAIL,,21,407,386,974143,207,1,1/407,1/386,207,1,1/407,1/386,,0,0/407,0/386,1:1,2:8,2:8,{},{}
240000001544,LOW_TAIL,,21,407,386,1107203,208,1,1/407,1/386,208,1,1/407,1/386,,0,0/407,0/386,1:1,18:13,18:13,{},{}
240000001544,LOW_TAIL,,21,407,386,1223447,209,1,1/407,1/386,209,1,1/407,1/386,,0,0/407,0/386,1:1,13:13,13:13,{},{}
240000001544,LOW_TAIL,,21,407,386,1240807,210,1,1/407,1/386,210,1,1/407,1/386,,0,0/407,0/386,1:1,15:15,15:15,{},{}
240000001544,LOW_TAIL,,21,407,386,1360439,211,1,1/407,1/386,211,1,1/407,1/386,,0,0/407,0/386,1:1,16:5,16:5,{},{}
240000001544,LOW_TAIL,,21,407,386,1531627,212,1,1/407,1/386,212,1,1/407,1/386,,0,0/407,0/386,1:1,11:1,11:1,{},{}
240000001544,LOW_TAIL,,21,407,386,1575547,213,1,1/407,1/386,213,1,1/407,1/386,,0,0/407,0/386,1:1,1:7,1:7,{},{}
240000001544,LOW_TAIL,,21,407,386,1712287,214,1,1/407,1/386,214,1,1/407,1/386,,0,0/407,0/386,1:1,17:3,17:3,{},{}
240000001544,LOW_TAIL,,21,407,386,1827487,215,1,1/407,1/386,215,1,1/407,1/386,,0,0/407,0/386,1:1,12:12,12:12,{},{}
240000001544,LOW_TAIL,,21,407,386,1854623,216,1,1/407,1/386,216,1,1/407,1/386,,0,0/407,0/386,1:1,9:16,9:16,{},{}
240000001544,LOW_TAIL,,21,407,386,2163827,217,1,1/407,1/386,217,1,1/407,1/386,,0,0/407,0/386,1:1,16:14,16:14,{},{}
240000001544,LOW_TAIL,,21,407,386,2465651,218,1,1/407,1/386,218,1,1/407,1/386,,0,0/407,0/386,1:1,14:16,14:16,{},{}
240000001544,LOW_TAIL,,21,407,386,2903363,219,1,1/407,1/386,219,1,1/407,1/386,,0,0/407,0/386,1:1,14:15,14:15,{},{}
240000001544,LOW_TAIL,,21,407,386,2938219,220,1,1/407,1/386,220,1,1/407,1/386,,0,0/407,0/386,1:1,8:8,8:8,{},{}
240000001544,LOW_TAIL,,21,407,386,3032879,221,1,1/407,1/386,221,1,1/407,1/386,,0,0/407,0/386,1:1,15:5,15:5,{},{}
240000001544,LOW_TAIL,,21,407,386,3126547,222,1,1/407,1/386,222,1,1/407,1/386,,0,0/407,0/386,1:1,6:0,6:0,{},{}
240000001544,LOW_TAIL,,21,407,386,3131771,223,1,1/407,1/386,223,1,1/407,1/386,,0,0/407,0/386,1:1,5:12,5:12,{},{}
240000001544,LOW_TAIL,,21,407,386,4897559,224,1,1/407,1/386,224,1,1/407,1/386,,0,0/407,0/386,1:1,9:4,9:4,{},{}
240000001544,LOW_TAIL,,21,407,386,5039171,225,1,1/407,1/386,225,1,1/407,1/386,,0,0/407,0/386,1:1,18:1,18:1,{},{}
240000001544,LOW_TAIL,,21,407,386,5360731,226,1,1/407,1/386,226,1,1/407,1/386,,0,0/407,0/386,1:1,10:6,10:6,{},{}
240000001544,LOW_TAIL,,21,407,386,6104447,227,1,1/407,1/386,227,1,1/407,1/386,,0,0/407,0/386,1:1,8:10,8:10,{},{}
240000001544,LOW_TAIL,,21,407,386,6377551,228,1,1/407,1/386,228,1,1/407,1/386,,0,0/407,0/386,1:1,7:3,7:3,{},{}
240000001544,LOW_TAIL,,21,407,386,6531323,229,1,1/407,1/386,229,1,1/407,1/386,,0,0/407,0/386,1:1,8:2,8:2,{},{}
240000001544,LOW_TAIL,,21,407,386,6887843,230,1,1/407,1/386,230,1,1/407,1/386,,0,0/407,0/386,1:1,3:2,3:2,{},{}
240000001544,LOW_TAIL,,21,407,386,7344331,231,1,1/407,1/386,231,1,1/407,1/386,,0,0/407,0/386,1:1,0:9,0:9,{},{}
240000001544,LOW_TAIL,,21,407,386,7763471,232,1,1/407,1/386,232,1,1/407,1/386,,0,0/407,0/386,1:1,10:0,10:0,{},{}
240000001544,LOW_TAIL,,21,407,386,7768427,233,1,1/407,1/386,233,1,1/407,1/386,,0,0/407,0/386,1:1,5:11,5:11,{},{}
240000001544,LOW_TAIL,,21,407,386,7875871,234,1,1/407,1/386,234,1,1/407,1/386,,0,0/407,0/386,1:1,8:15,8:15,{},{}
240000001544,LOW_TAIL,,21,407,386,10231051,235,1,1/407,1/386,235,1,1/407,1/386,,0,0/407,0/386,1:1,8:4,8:4,{},{}
240000001544,LOW_TAIL,,21,407,386,10539251,236,1,1/407,1/386,236,1,1/407,1/386,,0,0/407,0/386,1:1,11:4,11:4,{},{}
240000001544,LOW_TAIL,,21,407,386,12259763,237,1,1/407,1/386,237,1,1/407,1/386,,0,0/407,0/386,1:1,6:16,6:16,{},{}
240000001544,LOW_TAIL,,21,407,386,14897579,238,1,1/407,1/386,238,1,1/407,1/386,,0,0/407,0/386,1:1,6:5,6:5,{},{}
240000001544,LOW_TAIL,,21,407,386,16803503,239,1,1/407,1/386,239,1,1/407,1/386,,0,0/407,0/386,1:1,23:15,23:15,{},{}
240000001544,LOW_TAIL,,21,407,386,16837687,240,1,1/407,1/386,240,1,1/407,1/386,,0,0/407,0/386,1:1,22:1,22:1,{},{}
240000001544,LOW_TAIL,,21,407,386,17548991,241,1,1/407,1/386,241,1,1/407,1/386,,0,0/407,0/386,1:1,1:4,1:4,{},{}
240000001544,LOW_TAIL,,21,407,386,17817227,242,1,1/407,1/386,242,1,1/407,1/386,,0,0/407,0/386,1:1,6:9,6:9,{},{}
240000001544,LOW_TAIL,,21,407,386,20684227,243,1,1/407,1/386,243,1,1/407,1/386,,0,0/407,0/386,1:1,20:10,20:10,{},{}
240000001544,LOW_TAIL,,21,407,386,21136663,244,1,1/407,1/386,244,1,1/407,1/386,,0,0/407,0/386,1:1,22:7,22:7,{},{}
240000001544,LOW_TAIL,,21,407,386,23460403,245,1,1/407,1/386,245,1,1/407,1/386,,0,0/407,0/386,1:1,6:7,6:7,{},{}
240000001544,LOW_TAIL,,21,407,386,24438031,246,1,1/407,1/386,246,1,1/407,1/386,,0,0/407,0/386,1:1,20:9,20:9,{},{}
240000001544,LOW_TAIL,,21,407,386,25225927,247,1,1/407,1/386,247,1,1/407,1/386,,0,0/407,0/386,1:1,12:4,12:4,{},{}
240000001544,LOW_TAIL,,21,407,386,26637307,248,1,1/407,1/386,248,1,1/407,1/386,,0,0/407,0/386,1:1,22:11,22:11,{},{}
240000001544,LOW_TAIL,,21,407,386,29144191,249,1,1/407,1/386,249,1,1/407,1/386,,0,0/407,0/386,1:1,21:2,21:2,{},{}
240000001544,LOW_TAIL,,21,407,386,35263003,250,1,1/407,1/386,250,1,1/407,1/386,,0,0/407,0/386,1:1,0:5,0:5,{},{}
240000001544,LOW_TAIL,,21,407,386,36783823,251,1,1/407,1/386,251,1,1/407,1/386,,0,0/407,0/386,1:1,21:16,21:16,{},{}
240000001544,LOW_TAIL,,21,407,386,37973807,252,1,1/407,1/386,252,1,1/407,1/386,,0,0/407,0/386,1:1,1:13,1:13,{},{}
240000001544,LOW_TAIL,,21,407,386,41000051,253,1,1/407,1/386,253,1,1/407,1/386,,0,0/407,0/386,1:1,7:16,7:16,{},{}
240000001544,LOW_TAIL,,21,407,386,46985087,254,1,1/407,1/386,254,1,1/407,1/386,,0,0/407,0/386,1:1,11:0,11:0,{},{}
240000001544,LOW_TAIL,,21,407,386,47790571,255,1,1/407,1/386,255,1,1/407,1/386,,0,0/407,0/386,1:1,23:2,23:2,{},{}
240000001544,LOW_TAIL,,21,407,386,49751243,256,1,1/407,1/386,256,1,1/407,1/386,,0,0/407,0/386,1:1,7:5,7:5,{},{}
240000001544,LOW_TAIL,,21,407,386,53472739,257,1,1/407,1/386,257,1,1/407,1/386,,0,0/407,0/386,1:1,15:1,15:1,{},{}
240000001544,LOW_TAIL,,21,407,386,58436227,258,1,1/407,1/386,258,1,1/407,1/386,,0,0/407,0/386,1:1,23:3,23:3,{},{}
240000001544,LOW_TAIL,,21,407,386,61567531,259,1,1/407,1/386,259,1,1/407,1/386,,0,0/407,0/386,1:1,4:10,4:10,{},{}
240000001544,LOW_TAIL,,21,407,386,66225139,260,1,1/407,1/386,260,1,1/407,1/386,,0,0/407,0/386,1:1,9:7,9:7,{},{}
240000001544,LOW_TAIL,,21,407,386,86201743,261,1,1/407,1/386,261,1,1/407,1/386,,0,0/407,0/386,1:1,15:3,15:3,{},{}
240000001544,LOW_TAIL,,21,407,386,87527159,262,1,1/407,1/386,262,1,1/407,1/386,,0,0/407,0/386,1:1,12:3,12:3,{},{}
240000001544,LOW_TAIL,,21,407,386,88530839,263,1,1/407,1/386,263,1,1/407,1/386,,0,0/407,0/386,1:1,15:12,15:12,{},{}
240000001544,LOW_TAIL,,21,407,386,94397711,264,1,1/407,1/386,264,1,1/407,1/386,,0,0/407,0/386,1:1,22:4,22:4,{},{}
240000001544,LOW_TAIL,,21,407,386,106100759,265,1,1/407,1/386,265,1,1/407,1/386,,0,0/407,0/386,1:1,8:7,8:7,{},{}
240000001544,LOW_TAIL,,21,407,386,113355427,266,1,1/407,1/386,266,1,1/407,1/386,,0,0/407,0/386,1:1,13:15,13:15,{},{}
240000001544,LOW_TAIL,,21,407,386,113858951,267,1,1/407,1/386,267,1,1/407,1/386,,0,0/407,0/386,1:1,21:5,21:5,{},{}
240000001544,LOW_TAIL,,21,407,386,123074431,268,1,1/407,1/386,268,1,1/407,1/386,,0,0/407,0/386,1:1,14:7,14:7,{},{}
240000001544,LOW_TAIL,,21,407,386,132890323,269,1,1/407,1/386,269,1,1/407,1/386,,0,0/407,0/386,1:1,4:7,4:7,{},{}
240000001544,LOW_TAIL,,21,407,386,151779643,270,1,1/407,1/386,270,1,1/407,1/386,,0,0/407,0/386,1:1,21:11,21:11,{},{}
240000001544,LOW_TAIL,,21,407,386,152866243,271,1,1/407,1/386,271,1,1/407,1/386,,0,0/407,0/386,1:1,2:2,2:2,{},{}
240000001544,LOW_TAIL,,21,407,386,198373507,272,1,1/407,1/386,272,1,1/407,1/386,,0,0/407,0/386,1:1,3:15,3:15,{},{}
240000001544,LOW_TAIL,,21,407,386,200668571,273,1,1/407,1/386,273,1,1/407,1/386,,0,0/407,0/386,1:1,1:8,1:8,{},{}
240000001544,LOW_TAIL,,21,407,386,207914579,274,1,1/407,1/386,274,1,1/407,1/386,,0,0/407,0/386,1:1,21:9,21:9,{},{}
240000001544,LOW_TAIL,,21,407,386,216606499,275,1,1/407,1/386,275,1,1/407,1/386,,0,0/407,0/386,1:1,3:4,3:4,{},{}
240000001544,LOW_TAIL,,21,407,386,216859607,276,1,1/407,1/386,276,1,1/407,1/386,,0,0/407,0/386,1:1,22:0,22:0,{},{}
240000001544,LOW_TAIL,,21,407,386,225988699,277,1,1/407,1/386,277,1,1/407,1/386,,0,0/407,0/386,1:1,4:5,4:5,{},{}
240000001544,LOW_TAIL,,21,407,386,226485143,278,1,1/407,1/386,278,1,1/407,1/386,,0,0/407,0/386,1:1,23:8,23:8,{},{}
240000001544,LOW_TAIL,,21,407,386,239520959,279,1,1/407,1/386,279,1,1/407,1/386,,0,0/407,0/386,1:1,0:4,0:4,{},{}
240000001544,LOW_TAIL,,21,407,386,249480251,280,1,1/407,1/386,280,1,1/407,1/386,,0,0/407,0/386,1:1,4:0,4:0,{},{}
240000001544,LOW_TAIL,,21,407,386,310986539,281,1,1/407,1/386,281,1,1/407,1/386,,0,0/407,0/386,1:1,19:7,19:7,{},{}
240000001544,LOW_TAIL,,21,407,386,312614843,282,1,1/407,1/386,282,1,1/407,1/386,,0,0/407,0/386,1:1,19:2,19:2,{},{}
240000001544,LOW_TAIL,,21,407,386,338843591,283,1,1/407,1/386,283,1,1/407,1/386,,0,0/407,0/386,1:1,20:8,20:8,{},{}
240000001544,LOW_TAIL,,21,407,386,355029007,284,1,1/407,1/386,284,1,1/407,1/386,,0,0/407,0/386,1:1,7:8,7:8,{},{}
240000001544,LOW_TAIL,,21,407,386,376175551,285,1,1/407,1/386,285,1,1/407,1/386,,0,0/407,0/386,1:1,0:1,0:1,{},{}
240000001544,LOW_TAIL,,21,407,386,384615103,286,1,1/407,1/386,286,1,1/407,1/386,,0,0/407,0/386,1:1,11:3,11:3,{},{}
240000001544,LOW_TAIL,,21,407,386,402660491,287,1,1/407,1/386,287,1,1/407,1/386,,0,0/407,0/386,1:1,15:0,15:0,{},{}
240000001544,LOW_TAIL,,21,407,386,431008087,288,1,1/407,1/386,288,1,1/407,1/386,,0,0/407,0/386,1:1,22:16,22:16,{},{}
240000001544,LOW_TAIL,,21,407,386,441314123,289,1,1/407,1/386,289,1,1/407,1/386,,0,0/407,0/386,1:1,6:14,6:14,{},{}
240000001544,LOW_TAIL,,21,407,386,476190479,290,1,1/407,1/386,290,1,1/407,1/386,,0,0/407,0/386,1:1,1:3,1:3,{},{}
240000001544,LOW_TAIL,,21,407,386,495867739,291,1,1/407,1/386,291,1,1/407,1/386,,0,0/407,0/386,1:1,5:6,5:6,{},{}
240000001544,LOW_TAIL,,21,407,386,521739091,292,1,1/407,1/386,292,1,1/407,1/386,,0,0/407,0/386,1:1,9:0,9:0,{},{}
240000001544,LOW_TAIL,,21,407,386,671418023,293,1,1/407,1/386,293,1,1/407,1/386,,0,0/407,0/386,1:1,5:15,5:15,{},{}
240000001544,LOW_TAIL,,21,407,386,833333327,294,1,1/407,1/386,294,1,1/407,1/386,,0,0/407,0/386,1:1,5:5,5:5,{},{}
240000001544,LOW_TAIL,,21,407,386,888888883,295,1,1/407,1/386,295,1,1/407,1/386,,0,0/407,0/386,1:1,2:5,2:5,{},{}
240000001544,LOW_TAIL,,21,407,386,1249327403,296,1,1/407,1/386,296,1,1/407,1/386,,0,0/407,0/386,1:1,17:1,17:1,{},{}
240000001544,LOW_TAIL,,21,407,386,1285472219,297,1,1/407,1/386,297,1,1/407,1/386,,0,0/407,0/386,1:1,3:16,3:16,{},{}
240000001544,LOW_TAIL,,21,407,386,1411764623,298,1,1/407,1/386,298,1,1/407,1/386,,0,0/407,0/386,1:1,2:6,2:6,{},{}
240000001544,LOW_TAIL,,21,407,386,1599955103,299,1,1/407,1/386,299,1,1/407,1/386,,0,0/407,0/386,1:1,14:9,14:9,{},{}
240000001544,LOW_TAIL,,21,407,386,1846150399,300,1,1/407,1/386,300,1,1/407,1/386,,0,0/407,0/386,1:1,10:8,10:8,{},{}
240000001544,LOW_TAIL,,21,407,386,2640969731,301,1,1/407,1/386,301,1,1/407,1/386,,0,0/407,0/386,1:1,20:15,20:15,{},{}
240000001544,LOW_TAIL,,21,407,386,3020253391,302,1,1/407,1/386,302,1,1/407,1/386,,0,0/407,0/386,1:1,21:8,21:8,{},{}
240000001544,LOW_TAIL,,21,407,386,3032219731,303,1,1/407,1/386,303,1,1/407,1/386,,0,0/407,0/386,1:1,20:7,20:7,{},{}
240000001544,LOW_TAIL,,21,407,386,3360348623,304,1,1/407,1/386,304,1,1/407,1/386,,0,0/407,0/386,1:1,16:16,16:16,{},{}
240000001544,LOW_TAIL,,21,407,386,4442743087,305,1,1/407,1/386,305,1,1/407,1/386,,0,0/407,0/386,1:1,16:11,16:11,{},{}
240000001544,LOW_TAIL,,21,407,386,4443540247,306,1,1/407,1/386,306,1,1/407,1/386,,0,0/407,0/386,1:1,4:11,4:11,{},{}
240000001544,LOW_TAIL,,21,407,386,4588338451,307,1,1/407,1/386,307,1,1/407,1/386,,0,0/407,0/386,1:1,19:12,19:12,{},{}
240000001544,LOW_TAIL,,21,407,386,4615384603,308,1,1/407,1/386,308,1,1/407,1/386,,0,0/407,0/386,1:1,7:0,7:0,{},{}
240000001544,LOW_TAIL,,21,407,386,4677834059,309,1,1/407,1/386,309,1,1/407,1/386,,0,0/407,0/386,1:1,14:14,14:14,{},{}
240000001544,LOW_TAIL,,21,407,386,4799896559,310,1,1/407,1/386,310,1,1/407,1/386,,0,0/407,0/386,1:1,14:8,14:8,{},{}
240000001544,LOW_TAIL,,21,407,386,4799904371,311,1,1/407,1/386,311,1,1/407,1/386,,0,0/407,0/386,1:1,14:2,14:2,{},{}
240000001544,LOW_TAIL,,21,407,386,5454323543,312,1,1/407,1/386,312,1,1/407,1/386,,0,0/407,0/386,1:1,3:10,3:10,{},{}
240000001544,LOW_TAIL,,21,407,386,6026504983,313,1,1/407,1/386,313,1,1/407,1/386,,0,0/407,0/386,1:1,23:13,23:13,{},{}
240000001544,LOW_TAIL,,21,407,386,6953964727,314,1,1/407,1/386,314,1,1/407,1/386,,0,0/407,0/386,1:1,22:3,22:3,{},{}
240000001544,LOW_TAIL,,21,407,386,8000000051,315,1,1/407,1/386,315,1,1/407,1/386,,0,0/407,0/386,1:1,2:1,2:1,{},{}
240000001544,LOW_TAIL,,21,407,386,8353439599,316,1,1/407,1/386,316,1,1/407,1/386,,0,0/407,0/386,1:1,11:14,11:14,{},{}
240000001544,LOW_TAIL,,21,407,386,8741211091,317,1,1/407,1/386,317,1,1/407,1/386,,0,0/407,0/386,1:1,2:16,2:16,{},{}
240000001544,LOW_TAIL,,21,407,386,9229113623,318,1,1/407,1/386,318,1,1/407,1/386,,0,0/407,0/386,1:1,16:4,16:4,{},{}
240000001544,LOW_TAIL,,21,407,386,9949137343,319,1,1/407,1/386,319,1,1/407,1/386,,0,0/407,0/386,1:1,7:13,7:13,{},{}
240000001544,LOW_TAIL,,21,407,386,9999911303,320,1,1/407,1/386,320,1,1/407,1/386,,0,0/407,0/386,1:1,11:9,11:9,{},{}
240000001544,LOW_TAIL,,21,407,386,9999930379,321,1,1/407,1/386,321,1,1/407,1/386,,0,0/407,0/386,1:1,13:7,13:7,{},{}
240000001544,LOW_TAIL,,21,407,386,10906871519,322,1,1/407,1/386,322,1,1/407,1/386,,0,0/407,0/386,1:1,0:11,0:11,{},{}
240000001544,LOW_TAIL,,21,407,386,20861894191,323,1,1/407,1/386,323,1,1/407,1/386,,0,0/407,0/386,1:1,22:2,22:2,{},{}
240000001544,LOW_TAIL,,21,407,386,23389648591,324,1,1/407,1/386,324,1,1/407,1/386,,0,0/407,0/386,1:1,2:14,2:14,{},{}
240000001544,LOW_TAIL,,21,407,386,23999017687,325,1,1/407,1/386,325,1,1/407,1/386,,0,0/407,0/386,1:1,10:10,10:10,{},{}
240000001544,LOW_TAIL,,21,407,386,23999023591,326,1,1/407,1/386,326,1,1/407,1/386,,0,0/407,0/386,1:1,2:10,2:10,{},{}
240000001544,LOW_TAIL,,21,407,386,34906562783,327,1,1/407,1/386,327,1,1/407,1/386,,0,0/407,0/386,1:1,16:15,16:15,{},{}
240000001544,LOW_TAIL,,21,407,386,36464205523,328,1,1/407,1/386,328,1,1/407,1/386,,0,0/407,0/386,1:1,23:4,23:4,{},{}
240000001544,LOW_TAIL,,21,407,386,39992500283,329,1,1/407,1/386,329,1,1/407,1/386,,0,0/407,0/386,1:1,16:9,16:9,{},{}
240000001544,LOW_TAIL,,21,407,386,39992825783,330,1,1/407,1/386,330,1,1/407,1/386,,0,0/407,0/386,1:1,16:3,16:3,{},{}
240000001544,LOW_TAIL,,21,407,386,39999898663,331,1,1/407,1/386,331,1,1/407,1/386,,0,0/407,0/386,1:1,12:7,12:7,{},{}
240000001544,LOW_TAIL,,21,407,386,39999999163,332,1,1/407,1/386,332,1,1/407,1/386,,0,0/407,0/386,1:1,8:1,8:1,{},{}
240000001544,LOW_TAIL,,21,407,386,40000000223,333,1,1/407,1/386,333,1,1/407,1/386,,0,0/407,0/386,1:1,4:3,4:3,{},{}
240000001544,LOW_TAIL,,21,407,386,43705789739,334,1,1/407,1/386,334,1,1/407,1/386,,0,0/407,0/386,1:1,12:16,12:16,{},{}
240000001544,LOW_TAIL,,21,407,386,57382470679,335,1,1/407,1/386,335,1,1/407,1/386,,0,0/407,0/386,1:1,21:10,21:10,{},{}
240000001544,LOW_TAIL,,21,407,386,58474116559,336,1,1/407,1/386,336,1,1/407,1/386,,0,0/407,0/386,1:1,9:14,9:14,{},{}
240000001544,LOW_TAIL,,21,407,386,59938965223,337,1,1/407,1/386,337,1,1/407,1/386,,0,0/407,0/386,1:1,3:12,3:12,{},{}
240000001544,LOW_TAIL,,21,407,386,59997554059,338,1,1/407,1/386,338,1,1/407,1/386,,0,0/407,0/386,1:1,9:10,9:10,{},{}
240000001544,LOW_TAIL,,21,407,386,59999601799,339,1,1/407,1/386,339,1,1/407,1/386,,0,0/407,0/386,1:1,13:2,13:2,{},{}
240000001544,LOW_TAIL,,21,407,386,59999996479,340,1,1/407,1/386,340,1,1/407,1/386,,0,0/407,0/386,1:1,1:6,1:6,{},{}
240000001544,LOW_TAIL,,21,407,386,118134538259,341,1,1/407,1/386,341,1,1/407,1/386,,0,0/407,0/386,1:1,20:12,20:12,{},{}
240000001544,LOW_TAIL,,21,407,386,118256608559,342,1,1/407,1/386,342,1,1/407,1/386,,0,0/407,0/386,1:1,20:2,20:2,{},{}
240000001544,LOW_TAIL,,21,407,386,119997609287,343,1,1/407,1/386,343,1,1/407,1/386,,0,0/407,0/386,1:1,14:0,14:0,{},{}
240000001544,LOW_TAIL,,21,407,386,119999735039,344,1,1/407,1/386,344,1,1/407,1/386,,0,0/407,0/386,1:1,12:2,12:2,{},{}
240000002114,OLD_CONTROL_MOD_120,240000005594,50,407,357,3,1,125,125/407,125/357,1,122,122/407,122/357,1,3,3/407,3/357,1:122;3:3,0:0;0:2;0:4;0:6;0:8;0:12;0:14;1:1;1:3;1:7;1:9;1:11;1:13;1:15;2:3;2:5;2:9;2:11;2:15;3:1;3:3;3:5;3:9;3:11;3:15;4:3;4:5;4:9;4:11;4:15;5:3;5:5;5:9;5:11;5:15;6:3;6:5;6:9;6:11;6:15;7:3;7:5;7:9;7:11;7:15;8:3;8:5;8:9;8:11;8:15;9:3;9:5;9:9;9:11;9:15;10:3;10:5;10:9;10:11;10:15;11:3;11:5;11:9;11:11;11:15;12:3;12:5;12:9;12:11;12:15;13:3;13:5;13:9;13:11;13:15;14:3;14:5;14:9;14:11;14:15;15:3;15:5;15:9;15:11;15:15;16:3;16:5;16:9;16:11;16:15;17:3;17:5;17:9;17:11;17:15;18:3;18:5;18:9;18:11;18:15;19:3;19:5;19:9;19:11;19:15;20:3;20:5;20:9;20:11;20:15;21:3;21:5;21:9;21:11;21:15;22:3;22:5;22:9;22:11;22:15;23:3;23:5;23:9;23:11;23:15,0:0;0:2;0:6;0:8;0:12;0:14;1:1;1:3;1:7;1:9;1:13;1:15;2:3;2:5;2:9;2:11;2:15;3:3;3:5;3:9;3:11;3:15;4:3;4:5;4:9;4:11;4:15;5:3;5:5;5:9;5:11;5:15;6:3;6:5;6:9;6:11;6:15;7:3;7:5;7:9;7:11;7:15;8:3;8:5;8:9;8:11;8:15;9:3;9:5;9:9;9:11;9:15;10:3;10:5;10:9;10:11;10:15;11:3;11:5;11:9;11:11;11:15;12:3;12:5;12:9;12:11;12:15;13:3;13:5;13:9;13:11;13:15;14:3;14:5;14:9;14:11;14:15;15:3;15:5;15:9;15:11;15:15;16:3;16:5;16:9;16:11;16:15;17:3;17:5;17:9;17:11;17:15;18:3;18:5;18:9;18:11;18:15;19:3;19:5;19:9;19:11;19:15;20:3;20:5;20:9;20:11;20:15;21:3;21:5;21:9;21:11;21:15;22:3;22:5;22:9;22:11;22:15;23:3;23:5;23:9;23:11;23:15,"{""3"":[[0,4],[1,11],[3,1]]}","{""3"":""81""}"
240000002114,OLD_CONTROL_MOD_120,240000005594,50,407,357,7,2,51,51/407,51/357,2,50,50/407,50/357,2,1,1/407,1/357,1:50;3:1,0:2;0:8;0:14;1:10;1:16;2:5;2:11;3:3;3:9;3:15;4:0;4:6;4:12;6:2;6:8;6:14;7:4;7:10;8:5;8:11;9:3;9:9;9:15;10:0;10:6;12:2;12:8;12:14;13:4;13:10;13:16;14:5;14:11;15:3;15:9;15:15;16:0;16:6;16:12;18:2;18:8;18:14;19:4;19:10;19:16;20:5;20:11;21:3;21:9;22:0;22:12,0:2;0:8;0:14;1:10;1:16;2:5;2:11;3:3;3:9;3:15;4:0;4:6;4:12;6:2;6:14;7:4;7:10;8:5;8:11;9:3;9:9;9:15;10:0;10:6;12:2;12:8;12:14;13:4;13:10;13:16;14:5;14:11;15:3;15:9;15:15;16:0;16:6;16:12;18:2;18:8;18:14;19:4;19:10;19:16;20:5;20:11;21:3;21:9;22:0;22:12,"{""3"":[[6,8]]}","{""3"":""2401""}"
240000002114,OLD_CONTROL_MOD_120,240000005594,50,407,357,11,3,30,30/407,30/357,3,30,30/407,30/357,,0,0/407,0/357,1:30,0:2;0:7;0:12;1:0;1:10;1:15;5:2;5:7;5:12;6:0;6:10;6:15;10:2;10:7;10:12;11:0;11:10;11:15;15:2;15:7;15:12;16:0;16:10;16:15;20:2;20:7;20:12;21:0;21:10;21:15,0:2;0:7;0:12;1:0;1:10;1:15;5:2;5:7;5:12;6:0;6:10;6:15;10:2;10:7;10:12;11:0;11:10;11:15;15:2;15:7;15:12;16:0;16:10;16:15;20:2;20:7;20:12;21:0;21:10;21:15,{},{}
240000002114,OLD_CONTROL_MOD_120,240000005594,50,407,357,19,4,23,23/407,23/357,4,23,23/407,23/357,,0,0/407,0/357,1:23,0:3;0:12;1:5;1:14;3:8;4:6;4:15;5:7;5:16;6:1;6:10;8:2;8:11;12:0;13:4;13:13;18:3;18:12;19:5;19:14;21:8;22:6;23:7,0:3;0:12;1:5;1:14;3:8;4:6;4:15;5:7;5:16;6:1;6:10;8:2;8:11;12:0;13:4;13:13;18:3;18:12;19:5;19:14;21:8;22:6;23:7,{},{}
240000002114,OLD_CONTROL_MOD_120,240000005594,50,407,357,23,5,20,20/407,20/357,5,20,20/407,20/357,,0,0/407,0/357,1:20,0:14;1:9;2:1;3:3;4:2;5:0;6:13;8:6;9:15;11:14;12:9;13:1;14:3;15:2;16:0;17:13;19:6;20:15;22:14;23:9,0:14;1:9;2:1;3:3;4:2;5:0;6:13;8:6;9:15;11:14;12:9;13:1;14:3;15:2;16:0;17:13;19:6;20:15;22:14;23:9,{},{}
240000002114,OLD_CONTROL_MOD_120,240000005594,50,407,357,31,6,16,16/407,16/357,6,16,16/407,16/357,,0,0/407,0/357,1:16,0:0;0:3;0:6;0:9;0:15;12:2;12:5;12:8;12:11;12:14;16:1;16:4;16:7;16:10;16:13;16:16,0:0;0:3;0:6;0:9;0:15;12:2;12:5;12:8;12:11;12:14;16:1;16:4;16:7;16:10;16:13;16:16,{},{}
240000002114,OLD_CONTROL_MOD_120,240000005594,50,407,357,43,7,10,10/407,10/357,7,10,10/407,10/357,,0,0/407,0/357,1:10,1:16;2:11;3:6;4:1;10:13;11:8;12:3;18:15;19:10;20:5,1:16;2:11;3:6;4:1;10:13;11:8;12:3;18:15;19:10;20:5,{},{}
240000002114,OLD_CONTROL_MOD_120,240000005594,50,407,357,47,8,9,9/407,9/357,8,9,9/407,9/357,,0,0/407,0/357,1:9,5:2;7:8;8:1;12:6;16:0;17:3;18:14;21:10;22:16,5:2;7:8;8:1;12:6;16:0;17:3;18:14;21:10;22:16,{},{}
240000002114,OLD_CONTROL_MOD_120,240000005594,50,407,357,79,9,6,6/407,6/357,9,6,6/407,6/357,,0,0/407,0/357,1:6,0:13;4:15;7:8;14:16;16:9;22:12,0:13;4:15;7:8;14:16;16:9;22:12,{},{}
240000002114,OLD_CONTROL_MOD_120,240000005594,50,407,357,139,10,6,6/407,6/357,10,6,6/407,6/357,,0,0/407,0/357,1:6,2:2;3:7;5:4;13:10;18:5;22:11,2:2;3:7;5:4;13:10;18:5;22:11,{},{}
240000002114,OLD_CONTROL_MOD_120,240000005594,50,407,357,67,11,5,5/407,5/357,11,5,5/407,5/357,,0,0/407,0/357,1:5,8:3;9:0;13:12;17:15;21:9,8:3;9:0;13:12;17:15;21:9,{},{}
240000002114,OLD_CONTROL_MOD_120,240000005594,50,407,357,107,12,5,5/407,5/357,12,5,5/407,5/357,,0,0/407,0/357,1:5,4:5;7:10;9:0;10:14;15:6,4:5;7:10;9:0;10:14;15:6,{},{}
240000002114,OLD_CONTROL_MOD_120,240000005594,50,407,357,71,13,4,4/407,4/357,13,4,4/407,4/357,,0,0/407,0/357,1:4,16:1;16:6;16:11;16:16,16:1;16:6;16:11;16:16,{},{}
240000002114,OLD_CONTROL_MOD_120,240000005594,50,407,357,131,14,4,4/407,4/357,14,4,4/407,4/357,,0,0/407,0/357,1:4,2:4;6:6;8:10;12:1,2:4;6:6;8:10;12:1,{},{}
240000002114,OLD_CONTROL_MOD_120,240000005594,50,407,357,151,15,4,4/407,4/357,15,4,4/407,4/357,,0,0/407,0/357,1:4,3:12;12:1;22:5;23:11,3:12;12:1;22:5;23:11,{},{}
240000002114,OLD_CONTROL_MOD_120,240000005594,50,407,357,179,16,4,4/407,4/357,16,4,4/407,4/357,,0,0/407,0/357,1:4,1:3;3:10;4:8;17:6,1:3;3:10;4:8;17:6,{},{}
240000002114,OLD_CONTROL_MOD_120,240000005594,50,407,357,83,17,3,3/407,3/357,17,3,3/407,3/357,,0,0/407,0/357,1:3,12:9;15:10;19:8,12:9;15:10;19:8,{},{}
240000002114,OLD_CONTROL_MOD_120,240000005594,50,407,357,103,18,3,3/407,3/357,18,3,3/407,3/357,,0,0/407,0/357,1:3,0:10;14:16;22:15,0:10;14:16;22:15,{},{}
240000002114,OLD_CONTROL_MOD_120,240000005594,50,407,357,167,19,3,3/407,3/357,19,3,3/407,3/357,,0,0/407,0/357,1:3,6:10;15:6;17:15,6:10;15:6;17:15,{},{}
240000002114,OLD_CONTROL_MOD_120,240000005594,50,407,357,199,20,3,3/407,3/357,20,3,3/407,3/357,,0,0/407,0/357,1:3,13:5;19:10;20:16,13:5;19:10;20:16,{},{}
240000002114,OLD_CONTROL_MOD_120,240000005594,50,407,357,283,21,3,3/407,3/357,21,3,3/407,3/357,,0,0/407,0/357,1:3,9:14;15:12;16:1,9:14;15:12;16:1,{},{}
240000002114,OLD_CONTROL_MOD_120,240000005594,50,407,357,311,22,3,3/407,3/357,22,3,3/407,3/357,,0,0/407,0/357,1:3,1:15;5:2;12:5,1:15;5:2;12:5,{},{}
240000002114,OLD_CONTROL_MOD_120,240000005594,50,407,357,191,23,2,2/407,2/357,23,2,2/407,2/357,,0,0/407,0/357,1:2,9:11;12:4,9:11;12:4,{},{}
240000002114,OLD_CONTROL_MOD_120,240000005594,50,407,357,223,24,2,2/407,2/357,24,2,2/407,2/357,,0,0/407,0/357,1:2,6:6;14:13,6:6;14:13,{},{}
240000002114,OLD_CONTROL_MOD_120,240000005594,50,407,357,227,25,2,2/407,2/357,25,2,2/407,2/357,,0,0/407,0/357,1:2,1:5;20:9,1:5;20:9,{},{}
240000002114,OLD_CONTROL_MOD_120,240000005594,50,407,357,263,26,2,2/407,2/357,26,2,2/407,2/357,,0,0/407,0/357,1:2,5:16;22:11,5:16;22:11,{},{}
240000002114,OLD_CONTROL_MOD_120,240000005594,50,407,357,347,27,2,2/407,2/357,27,2,2/407,2/357,,0,0/407,0/357,1:2,6:12;15:2,6:12;15:2,{},{}
240000002114,OLD_CONTROL_MOD_120,240000005594,50,407,357,359,28,2,2/407,2/357,28,2,2/407,2/357,,0,0/407,0/357,1:2,5:8;22:9,5:8;22:9,{},{}
240000002114,OLD_CONTROL_MOD_120,240000005594,50,407,357,383,29,2,2/407,2/357,29,2,2/407,2/357,,0,0/407,0/357,1:2,15:6;19:2,15:6;19:2,{},{}
240000002114,OLD_CONTROL_MOD_120,240000005594,50,407,357,419,30,2,2/407,2/357,30,2,2/407,2/357,,0,0/407,0/357,1:2,12:5;14:13,12:5;14:13,{},{}
240000002114,OLD_CONTROL_MOD_120,240000005594,50,407,357,439,31,2,2/407,2/357,31,2,2/407,2/357,,0,0/407,0/357,1:2,5:12;10:9,5:12;10:9,{},{}
240000002114,OLD_CONTROL_MOD_120,240000005594,50,407,357,503,32,2,2/407,2/357,32,2,2/407,2/357,,0,0/407,0/357,1:2,9:1;16:13,9:1;16:13,{},{}
240000002114,OLD_CONTROL_MOD_120,240000005594,50,407,357,599,33,2,2/407,2/357,33,2,2/407,2/357,,0,0/407,0/357,1:2,8:3;23:13,8:3;23:13,{},{}
240000002114,OLD_CONTROL_MOD_120,240000005594,50,407,357,631,34,2,2/407,2/357,34,2,2/407,2/357,,0,0/407,0/357,1:2,20:4;22:12,20:4;22:12,{},{}
240000002114,OLD_CONTROL_MOD_120,240000005594,50,407,357,727,35,2,2/407,2/357,35,2,2/407,2/357,,0,0/407,0/357,1:2,19:5;21:2,19:5;21:2,{},{}
240000002114,OLD_CONTROL_MOD_120,240000005594,50,407,357,787,36,2,2/407,2/357,36,2,2/407,2/357,,0,0/407,0/357,1:2,1:0;3:5,1:0;3:5,{},{}
240000002114,OLD_CONTROL_MOD_120,240000005594,50,407,357,967,37,2,2/407,2/357,37,2,2/407,2/357,,0,0/407,0/357,1:2,6:4;11:12,6:4;11:12,{},{}
240000002114,OLD_CONTROL_MOD_120,240000005594,50,407,357,1283,38,2,2/407,2/357,38,2,2/407,2/357,,0,0/407,0/357,1:2,4:2;18:10,4:2;18:10,{},{}
240000002114,OLD_CONTROL_MOD_120,240000005594,50,407,357,1483,39,2,2/407,2/357,39,2,2/407,2/357,,0,0/407,0/357,1:2,9:12;11:0,9:12;11:0,{},{}
240000002114,OLD_CONTROL_MOD_120,240000005594,50,407,357,2819,40,2,2/407,2/357,40,2,2/407,2/357,,0,0/407,0/357,1:2,1:1;20:14,1:1;20:14,{},{}
240000002114,OLD_CONTROL_MOD_120,240000005594,50,407,357,4951,41,2,2/407,2/357,41,2,2/407,2/357,,0,0/407,0/357,1:2,12:5;23:12,12:5;23:12,{},{}
240000002114,OLD_CONTROL_MOD_120,240000005594,50,407,357,9230769311,42,2,2/407,2/357,42,2,2/407,2/357,,0,0/407,0/357,1:2,1:2;3:0,1:2;3:0,{},{}
240000002114,OLD_CONTROL_MOD_120,240000005594,50,407,357,127,43,1,1/407,1/357,43,1,1/407,1/357,,0,0/407,0/357,1:1,1:14,1:14,{},{}
240000002114,OLD_CONTROL_MOD_120,240000005594,50,407,357,239,44,1,1/407,1/357,44,1,1/407,1/357,,0,0/407,0/357,1:1,13:13,13:13,{},{}
240000002114,OLD_CONTROL_MOD_120,240000005594,50,407,357,271,45,1,1/407,1/357,45,1,1/407,1/357,,0,0/407,0/357,1:1,1:14,1:14,{},{}
240000002114,OLD_CONTROL_MOD_120,240000005594,50,407,357,379,46,1,1/407,1/357,46,1,1/407,1/357,,0,0/407,0/357,1:1,18:12,18:12,{},{}
240000002114,OLD_CONTROL_MOD_120,240000005594,50,407,357,463,47,1,1/407,1/357,47,1,1/407,1/357,,0,0/407,0/357,1:1,12:10,12:10,{},{}
240000002114,OLD_CONTROL_MOD_120,240000005594,50,407,357,479,48,1,1/407,1/357,48,1,1/407,1/357,,0,0/407,0/357,1:1,8:2,8:2,{},{}
240000002114,OLD_CONTROL_MOD_120,240000005594,50,407,357,499,49,1,1/407,1/357,49,1,1/407,1/357,,0,0/407,0/357,1:1,1:9,1:9,{},{}
240000002114,OLD_CONTROL_MOD_120,240000005594,50,407,357,563,50,1,1/407,1/357,50,1,1/407,1/357,,0,0/407,0/357,1:1,5:5,5:5,{},{}
240000002114,OLD_CONTROL_MOD_120,240000005594,50,407,357,571,51,1,1/407,1/357,51,1,1/407,1/357,,0,0/407,0/357,1:1,17:14,17:14,{},{}
240000002114,OLD_CONTROL_MOD_120,240000005594,50,407,357,587,52,1,1/407,1/357,52,1,1/407,1/357,,0,0/407,0/357,1:1,22:16,22:16,{},{}
240000002114,OLD_CONTROL_MOD_120,240000005594,50,407,357,607,53,1,1/407,1/357,53,1,1/407,1/357,,0,0/407,0/357,1:1,15:10,15:10,{},{}
240000002114,OLD_CONTROL_MOD_120,240000005594,50,407,357,619,54,1,1/407,1/357,54,1,1/407,1/357,,0,0/407,0/357,1:1,23:0,23:0,{},{}
240000002114,OLD_CONTROL_MOD_120,240000005594,50,407,357,719,55,1,1/407,1/357,55,1,1/407,1/357,,0,0/407,0/357,1:1,16:4,16:4,{},{}
240000002114,OLD_CONTROL_MOD_120,240000005594,50,407,357,743,56,1,1/407,1/357,56,1,1/407,1/357,,0,0/407,0/357,1:1,12:15,12:15,{},{}
240000002114,OLD_CONTROL_MOD_120,240000005594,50,407,357,823,57,1,1/407,1/357,57,1,1/407,1/357,,0,0/407,0/357,1:1,22:15,22:15,{},{}
240000002114,OLD_CONTROL_MOD_120,240000005594,50,407,357,839,58,1,1/407,1/357,58,1,1/407,1/357,,0,0/407,0/357,1:1,9:15,9:15,{},{}
240000002114,OLD_CONTROL_MOD_120,240000005594,50,407,357,887,59,1,1/407,1/357,59,1,1/407,1/357,,0,0/407,0/357,1:1,2:16,2:16,{},{}
240000002114,OLD_CONTROL_MOD_120,240000005594,50,407,357,907,60,1,1/407,1/357,60,1,1/407,1/357,,0,0/407,0/357,1:1,10:16,10:16,{},{}
240000002114,OLD_CONTROL_MOD_120,240000005594,50,407,357,1031,61,1,1/407,1/357,61,1,1/407,1/357,,0,0/407,0/357,1:1,17:0,17:0,{},{}
240000002114,OLD_CONTROL_MOD_120,240000005594,50,407,357,1123,62,1,1/407,1/357,62,1,1/407,1/357,,0,0/407,0/357,1:1,0:6,0:6,{},{}
240000002114,OLD_CONTROL_MOD_120,240000005594,50,407,357,1163,63,1,1/407,1/357,63,1,1/407,1/357,,0,0/407,0/357,1:1,6:8,6:8,{},{}
240000002114,OLD_CONTROL_MOD_120,240000005594,50,407,357,1223,64,1,1/407,1/357,64,1,1/407,1/357,,0,0/407,0/357,1:1,12:15,12:15,{},{}
240000002114,OLD_CONTROL_MOD_120,240000005594,50,407,357,1279,65,1,1/407,1/357,65,1,1/407,1/357,,0,0/407,0/357,1:1,13:2,13:2,{},{}
240000002114,OLD_CONTROL_MOD_120,240000005594,50,407,357,1307,66,1,1/407,1/357,66,1,1/407,1/357,,0,0/407,0/357,1:1,20:14,20:14,{},{}
240000002114,OLD_CONTROL_MOD_120,240000005594,50,407,357,1423,67,1,1/407,1/357,67,1,1/407,1/357,,0,0/407,0/357,1:1,16:3,16:3,{},{}
240000002114,OLD_CONTROL_MOD_120,240000005594,50,407,357,1427,68,1,1/407,1/357,68,1,1/407,1/357,,0,0/407,0/357,1:1,18:0,18:0,{},{}
240000002114,OLD_CONTROL_MOD_120,240000005594,50,407,357,1451,69,1,1/407,1/357,69,1,1/407,1/357,,0,0/407,0/357,1:1,15:15,15:15,{},{}
240000002114,OLD_CONTROL_MOD_120,240000005594,50,407,357,1459,70,1,1/407,1/357,70,1,1/407,1/357,,0,0/407,0/357,1:1,18:10,18:10,{},{}
240000002114,OLD_CONTROL_MOD_120,240000005594,50,407,357,1471,71,1,1/407,1/357,71,1,1/407,1/357,,0,0/407,0/357,1:1,8:13,8:13,{},{}
240000002114,OLD_CONTROL_MOD_120,240000005594,50,407,357,1487,72,1,1/407,1/357,72,1,1/407,1/357,,0,0/407,0/357,1:1,23:0,23:0,{},{}
240000002114,OLD_CONTROL_MOD_120,240000005594,50,407,357,1531,73,1,1/407,1/357,73,1,1/407,1/357,,0,0/407,0/357,1:1,10:6,10:6,{},{}
240000002114,OLD_CONTROL_MOD_120,240000005594,50,407,357,1747,74,1,1/407,1/357,74,1,1/407,1/357,,0,0/407,0/357,1:1,4:3,4:3,{},{}
240000002114,OLD_CONTROL_MOD_120,240000005594,50,407,357,1847,75,1,1/407,1/357,75,1,1/407,1/357,,0,0/407,0/357,1:1,9:11,9:11,{},{}
240000002114,OLD_CONTROL_MOD_120,240000005594,50,407,357,1931,76,1,1/407,1/357,76,1,1/407,1/357,,0,0/407,0/357,1:1,17:9,17:9,{},{}
240000002114,OLD_CONTROL_MOD_120,240000005594,50,407,357,1999,77,1,1/407,1/357,77,1,1/407,1/357,,0,0/407,0/357,1:1,11:14,11:14,{},{}
240000002114,OLD_CONTROL_MOD_120,240000005594,50,407,357,2411,78,1,1/407,1/357,78,1,1/407,1/357,,0,0/407,0/357,1:1,20:11,20:11,{},{}
240000002114,OLD_CONTROL_MOD_120,240000005594,50,407,357,2699,79,1,1/407,1/357,79,1,1/407,1/357,,0,0/407,0/357,1:1,11:3,11:3,{},{}
240000002114,OLD_CONTROL_MOD_120,240000005594,50,407,357,2843,80,1,1/407,1/357,80,1,1/407,1/357,,0,0/407,0/357,1:1,19:3,19:3,{},{}
240000002114,OLD_CONTROL_MOD_120,240000005594,50,407,357,3203,81,1,1/407,1/357,81,1,1/407,1/357,,0,0/407,0/357,1:1,3:2,3:2,{},{}
240000002114,OLD_CONTROL_MOD_120,240000005594,50,407,357,3307,82,1,1/407,1/357,82,1,1/407,1/357,,0,0/407,0/357,1:1,14:7,14:7,{},{}
240000002114,OLD_CONTROL_MOD_120,240000005594,50,407,357,3347,83,1,1/407,1/357,83,1,1/407,1/357,,0,0/407,0/357,1:1,3:1,3:1,{},{}
240000002114,OLD_CONTROL_MOD_120,240000005594,50,407,357,3643,84,1,1/407,1/357,84,1,1/407,1/357,,0,0/407,0/357,1:1,1:0,1:0,{},{}
240000002114,OLD_CONTROL_MOD_120,240000005594,50,407,357,3919,85,1,1/407,1/357,85,1,1/407,1/357,,0,0/407,0/357,1:1,3:16,3:16,{},{}
240000002114,OLD_CONTROL_MOD_120,240000005594,50,407,357,4271,86,1,1/407,1/357,86,1,1/407,1/357,,0,0/407,0/357,1:1,18:1,18:1,{},{}
240000002114,OLD_CONTROL_MOD_120,240000005594,50,407,357,4339,87,1,1/407,1/357,87,1,1/407,1/357,,0,0/407,0/357,1:1,20:5,20:5,{},{}
240000002114,OLD_CONTROL_MOD_120,240000005594,50,407,357,4447,88,1,1/407,1/357,88,1,1/407,1/357,,0,0/407,0/357,1:1,7:14,7:14,{},{}
240000002114,OLD_CONTROL_MOD_120,240000005594,50,407,357,4603,89,1,1/407,1/357,89,1,1/407,1/357,,0,0/407,0/357,1:1,21:12,21:12,{},{}
240000002114,OLD_CONTROL_MOD_120,240000005594,50,407,357,4679,90,1,1/407,1/357,90,1,1/407,1/357,,0,0/407,0/357,1:1,15:10,15:10,{},{}
240000002114,OLD_CONTROL_MOD_120,240000005594,50,407,357,5147,91,1,1/407,1/357,91,1,1/407,1/357,,0,0/407,0/357,1:1,8:9,8:9,{},{}
240000002114,OLD_CONTROL_MOD_120,240000005594,50,407,357,5791,92,1,1/407,1/357,92,1,1/407,1/357,,0,0/407,0/357,1:1,12:2,12:2,{},{}
240000002114,OLD_CONTROL_MOD_120,240000005594,50,407,357,5851,93,1,1/407,1/357,93,1,1/407,1/357,,0,0/407,0/357,1:1,8:5,8:5,{},{}
240000002114,OLD_CONTROL_MOD_120,240000005594,50,407,357,6079,94,1,1/407,1/357,94,1,1/407,1/357,,0,0/407,0/357,1:1,3:2,3:2,{},{}
240000002114,OLD_CONTROL_MOD_120,240000005594,50,407,357,6163,95,1,1/407,1/357,95,1,1/407,1/357,,0,0/407,0/357,1:1,3:2,3:2,{},{}
240000002114,OLD_CONTROL_MOD_120,240000005594,50,407,357,6263,96,1,1/407,1/357,96,1,1/407,1/357,,0,0/407,0/357,1:1,23:15,23:15,{},{}
240000002114,OLD_CONTROL_MOD_120,240000005594,50,407,357,7187,97,1,1/407,1/357,97,1,1/407,1/357,,0,0/407,0/357,1:1,14:6,14:6,{},{}
240000002114,OLD_CONTROL_MOD_120,240000005594,50,407,357,7219,98,1,1/407,1/357,98,1,1/407,1/357,,0,0/407,0/357,1:1,19:11,19:11,{},{}
240000002114,OLD_CONTROL_MOD_120,240000005594,50,407,357,7559,99,1,1/407,1/357,99,1,1/407,1/357,,0,0/407,0/357,1:1,21:14,21:14,{},{}
240000002114,OLD_CONTROL_MOD_120,240000005594,50,407,357,7919,100,1,1/407,1/357,100,1,1/407,1/357,,0,0/407,0/357,1:1,9:16,9:16,{},{}
240000002114,OLD_CONTROL_MOD_120,240000005594,50,407,357,8219,101,1,1/407,1/357,101,1,1/407,1/357,,0,0/407,0/357,1:1,23:2,23:2,{},{}
240000002114,OLD_CONTROL_MOD_120,240000005594,50,407,357,8287,102,1,1/407,1/357,102,1,1/407,1/357,,0,0/407,0/357,1:1,22:6,22:6,{},{}
240000002114,OLD_CONTROL_MOD_120,240000005594,50,407,357,8311,103,1,1/407,1/357,103,1,1/407,1/357,,0,0/407,0/357,1:1,7:7,7:7,{},{}
240000002114,OLD_CONTROL_MOD_120,240000005594,50,407,357,8623,104,1,1/407,1/357,104,1,1/407,1/357,,0,0/407,0/357,1:1,20:9,20:9,{},{}
240000002114,OLD_CONTROL_MOD_120,240000005594,50,407,357,9767,105,1,1/407,1/357,105,1,1/407,1/357,,0,0/407,0/357,1:1,1:13,1:13,{},{}
240000002114,OLD_CONTROL_MOD_120,240000005594,50,407,357,11311,106,1,1/407,1/357,106,1,1/407,1/357,,0,0/407,0/357,1:1,17:4,17:4,{},{}
240000002114,OLD_CONTROL_MOD_120,240000005594,50,407,357,11411,107,1,1/407,1/357,107,1,1/407,1/357,,0,0/407,0/357,1:1,11:16,11:16,{},{}
240000002114,OLD_CONTROL_MOD_120,240000005594,50,407,357,15091,108,1,1/407,1/357,108,1,1/407,1/357,,0,0/407,0/357,1:1,20:5,20:5,{},{}
240000002114,OLD_CONTROL_MOD_120,240000005594,50,407,357,16087,109,1,1/407,1/357,109,1,1/407,1/357,,0,0/407,0/357,1:1,14:9,14:9,{},{}
240000002114,OLD_CONTROL_MOD_120,240000005594,50,407,357,18439,110,1,1/407,1/357,110,1,1/407,1/357,,0,0/407,0/357,1:1,20:2,20:2,{},{}
240000002114,OLD_CONTROL_MOD_120,240000005594,50,407,357,19211,111,1,1/407,1/357,111,1,1/407,1/357,,0,0/407,0/357,1:1,12:15,12:15,{},{}
240000002114,OLD_CONTROL_MOD_120,240000005594,50,407,357,22003,112,1,1/407,1/357,112,1,1/407,1/357,,0,0/407,0/357,1:1,9:6,9:6,{},{}
240000002114,OLD_CONTROL_MOD_120,240000005594,50,407,357,27103,113,1,1/407,1/357,113,1,1/407,1/357,,0,0/407,0/357,1:1,17:11,17:11,{},{}
240000002114,OLD_CONTROL_MOD_120,240000005594,50,407,357,28723,114,1,1/407,1/357,114,1,1/407,1/357,,0,0/407,0/357,1:1,7:13,7:13,{},{}
240000002114,OLD_CONTROL_MOD_120,240000005594,50,407,357,34631,115,1,1/407,1/357,115,1,1/407,1/357,,0,0/407,0/357,1:1,18:1,18:1,{},{}
240000002114,OLD_CONTROL_MOD_120,240000005594,50,407,357,37447,116,1,1/407,1/357,116,1,1/407,1/357,,0,0/407,0/357,1:1,12:1,12:1,{},{}
240000002114,OLD_CONTROL_MOD_120,240000005594,50,407,357,41011,117,1,1/407,1/357,117,1,1/407,1/357,,0,0/407,0/357,1:1,21:6,21:6,{},{}
240000002114,OLD_CONTROL_MOD_120,240000005594,50,407,357,47819,118,1,1/407,1/357,118,1,1/407,1/357,,0,0/407,0/357,1:1,3:13,3:13,{},{}
240000002114,OLD_CONTROL_MOD_120,240000005594,50,407,357,48023,119,1,1/407,1/357,119,1,1/407,1/357,,0,0/407,0/357,1:1,5:10,5:10,{},{}
240000002114,OLD_CONTROL_MOD_120,240000005594,50,407,357,48299,120,1,1/407,1/357,120,1,1/407,1/357,,0,0/407,0/357,1:1,22:10,22:10,{},{}
240000002114,OLD_CONTROL_MOD_120,240000005594,50,407,357,51347,121,1,1/407,1/357,121,1,1/407,1/357,,0,0/407,0/357,1:1,6:6,6:6,{},{}
240000002114,OLD_CONTROL_MOD_120,240000005594,50,407,357,52511,122,1,1/407,1/357,122,1,1/407,1/357,,0,0/407,0/357,1:1,10:11,10:11,{},{}
240000002114,OLD_CONTROL_MOD_120,240000005594,50,407,357,55763,123,1,1/407,1/357,123,1,1/407,1/357,,0,0/407,0/357,1:1,7:10,7:10,{},{}
240000002114,OLD_CONTROL_MOD_120,240000005594,50,407,357,58099,124,1,1/407,1/357,124,1,1/407,1/357,,0,0/407,0/357,1:1,0:10,0:10,{},{}
240000002114,OLD_CONTROL_MOD_120,240000005594,50,407,357,58579,125,1,1/407,1/357,125,1,1/407,1/357,,0,0/407,0/357,1:1,23:13,23:13,{},{}
240000002114,OLD_CONTROL_MOD_120,240000005594,50,407,357,76159,126,1,1/407,1/357,126,1,1/407,1/357,,0,0/407,0/357,1:1,10:11,10:11,{},{}
240000002114,OLD_CONTROL_MOD_120,240000005594,50,407,357,77359,127,1,1/407,1/357,127,1,1/407,1/357,,0,0/407,0/357,1:1,1:16,1:16,{},{}
240000002114,OLD_CONTROL_MOD_120,240000005594,50,407,357,78203,128,1,1/407,1/357,128,1,1/407,1/357,,0,0/407,0/357,1:1,4:2,4:2,{},{}
240000002114,OLD_CONTROL_MOD_120,240000005594,50,407,357,78311,129,1,1/407,1/357,129,1,1/407,1/357,,0,0/407,0/357,1:1,5:12,5:12,{},{}
240000002114,OLD_CONTROL_MOD_120,240000005594,50,407,357,79139,130,1,1/407,1/357,130,1,1/407,1/357,,0,0/407,0/357,1:1,5:13,5:13,{},{}
240000002114,OLD_CONTROL_MOD_120,240000005594,50,407,357,79231,131,1,1/407,1/357,131,1,1/407,1/357,,0,0/407,0/357,1:1,23:0,23:0,{},{}
240000002114,OLD_CONTROL_MOD_120,240000005594,50,407,357,83459,132,1,1/407,1/357,132,1,1/407,1/357,,0,0/407,0/357,1:1,11:9,11:9,{},{}
240000002114,OLD_CONTROL_MOD_120,240000005594,50,407,357,91591,133,1,1/407,1/357,133,1,1/407,1/357,,0,0/407,0/357,1:1,5:14,5:14,{},{}
240000002114,OLD_CONTROL_MOD_120,240000005594,50,407,357,93283,134,1,1/407,1/357,134,1,1/407,1/357,,0,0/407,0/357,1:1,8:4,8:4,{},{}
240000002114,OLD_CONTROL_MOD_120,240000005594,50,407,357,95143,135,1,1/407,1/357,135,1,1/407,1/357,,0,0/407,0/357,1:1,13:1,13:1,{},{}
240000002114,OLD_CONTROL_MOD_120,240000005594,50,407,357,98479,136,1,1/407,1/357,136,1,1/407,1/357,,0,0/407,0/357,1:1,0:11,0:11,{},{}
240000002114,OLD_CONTROL_MOD_120,240000005594,50,407,357,106871,137,1,1/407,1/357,137,1,1/407,1/357,,0,0/407,0/357,1:1,20:0,20:0,{},{}
240000002114,OLD_CONTROL_MOD_120,240000005594,50,407,357,113363,138,1,1/407,1/357,138,1,1/407,1/357,,0,0/407,0/357,1:1,9:11,9:11,{},{}
240000002114,OLD_CONTROL_MOD_120,240000005594,50,407,357,115123,139,1,1/407,1/357,139,1,1/407,1/357,,0,0/407,0/357,1:1,19:9,19:9,{},{}
240000002114,OLD_CONTROL_MOD_120,240000005594,50,407,357,121283,140,1,1/407,1/357,140,1,1/407,1/357,,0,0/407,0/357,1:1,6:15,6:15,{},{}
240000002114,OLD_CONTROL_MOD_120,240000005594,50,407,357,124543,141,1,1/407,1/357,141,1,1/407,1/357,,0,0/407,0/357,1:1,9:8,9:8,{},{}
240000002114,OLD_CONTROL_MOD_120,240000005594,50,407,357,134887,142,1,1/407,1/357,142,1,1/407,1/357,,0,0/407,0/357,1:1,23:5,23:5,{},{}
240000002114,OLD_CONTROL_MOD_120,240000005594,50,407,357,137623,143,1,1/407,1/357,143,1,1/407,1/357,,0,0/407,0/357,1:1,3:7,3:7,{},{}
240000002114,OLD_CONTROL_MOD_120,240000005594,50,407,357,145759,144,1,1/407,1/357,144,1,1/407,1/357,,0,0/407,0/357,1:1,20:2,20:2,{},{}
240000002114,OLD_CONTROL_MOD_120,240000005594,50,407,357,167623,145,1,1/407,1/357,145,1,1/407,1/357,,0,0/407,0/357,1:1,5:13,5:13,{},{}
240000002114,OLD_CONTROL_MOD_120,240000005594,50,407,357,168599,146,1,1/407,1/357,146,1,1/407,1/357,,0,0/407,0/357,1:1,2:0,2:0,{},{}
240000002114,OLD_CONTROL_MOD_120,240000005594,50,407,357,213131,147,1,1/407,1/357,147,1,1/407,1/357,,0,0/407,0/357,1:1,4:5,4:5,{},{}
240000002114,OLD_CONTROL_MOD_120,240000005594,50,407,357,246527,148,1,1/407,1/357,148,1,1/407,1/357,,0,0/407,0/357,1:1,15:4,15:4,{},{}
240000002114,OLD_CONTROL_MOD_120,240000005594,50,407,357,256391,149,1,1/407,1/357,149,1,1/407,1/357,,0,0/407,0/357,1:1,13:10,13:10,{},{}
240000002114,OLD_CONTROL_MOD_120,240000005594,50,407,357,257519,150,1,1/407,1/357,150,1,1/407,1/357,,0,0/407,0/357,1:1,9:0,9:0,{},{}
240000002114,OLD_CONTROL_MOD_120,240000005594,50,407,357,258871,151,1,1/407,1/357,151,1,1/407,1/357,,0,0/407,0/357,1:1,11:5,11:5,{},{}
240000002114,OLD_CONTROL_MOD_120,240000005594,50,407,357,273083,152,1,1/407,1/357,152,1,1/407,1/357,,0,0/407,0/357,1:1,16:6,16:6,{},{}
240000002114,OLD_CONTROL_MOD_120,240000005594,50,407,357,277411,153,1,1/407,1/357,153,1,1/407,1/357,,0,0/407,0/357,1:1,3:13,3:13,{},{}
240000002114,OLD_CONTROL_MOD_120,240000005594,50,407,357,296503,154,1,1/407,1/357,154,1,1/407,1/357,,0,0/407,0/357,1:1,7:8,7:8,{},{}
240000002114,OLD_CONTROL_MOD_120,240000005594,50,407,357,312679,155,1,1/407,1/357,155,1,1/407,1/357,,0,0/407,0/357,1:1,13:8,13:8,{},{}
240000002114,OLD_CONTROL_MOD_120,240000005594,50,407,357,312779,156,1,1/407,1/357,156,1,1/407,1/357,,0,0/407,0/357,1:1,12:8,12:8,{},{}
240000002114,OLD_CONTROL_MOD_120,240000005594,50,407,357,349423,157,1,1/407,1/357,157,1,1/407,1/357,,0,0/407,0/357,1:1,13:6,13:6,{},{}
240000002114,OLD_CONTROL_MOD_120,240000005594,50,407,357,425291,158,1,1/407,1/357,158,1,1/407,1/357,,0,0/407,0/357,1:1,16:13,16:13,{},{}
240000002114,OLD_CONTROL_MOD_120,240000005594,50,407,357,458663,159,1,1/407,1/357,159,1,1/407,1/357,,0,0/407,0/357,1:1,6:1,6:1,{},{}
240000002114,OLD_CONTROL_MOD_120,240000005594,50,407,357,461843,160,1,1/407,1/357,160,1,1/407,1/357,,0,0/407,0/357,1:1,7:13,7:13,{},{}
240000002114,OLD_CONTROL_MOD_120,240000005594,50,407,357,498343,161,1,1/407,1/357,161,1,1/407,1/357,,0,0/407,0/357,1:1,8:3,8:3,{},{}
240000002114,OLD_CONTROL_MOD_120,240000005594,50,407,357,514939,162,1,1/407,1/357,162,1,1/407,1/357,,0,0/407,0/357,1:1,18:16,18:16,{},{}
240000002114,OLD_CONTROL_MOD_120,240000005594,50,407,357,522623,163,1,1/407,1/357,163,1,1/407,1/357,,0,0/407,0/357,1:1,9:5,9:5,{},{}
240000002114,OLD_CONTROL_MOD_120,240000005594,50,407,357,545791,164,1,1/407,1/357,164,1,1/407,1/357,,0,0/407,0/357,1:1,14:4,14:4,{},{}
240000002114,OLD_CONTROL_MOD_120,240000005594,50,407,357,609143,165,1,1/407,1/357,165,1,1/407,1/357,,0,0/407,0/357,1:1,0:11,0:11,{},{}
240000002114,OLD_CONTROL_MOD_120,240000005594,50,407,357,677587,166,1,1/407,1/357,166,1,1/407,1/357,,0,0/407,0/357,1:1,3:11,3:11,{},{}
240000002114,OLD_CONTROL_MOD_120,240000005594,50,407,357,684127,167,1,1/407,1/357,167,1,1/407,1/357,,0,0/407,0/357,1:1,4:15,4:15,{},{}
240000002114,OLD_CONTROL_MOD_120,240000005594,50,407,357,717047,168,1,1/407,1/357,168,1,1/407,1/357,,0,0/407,0/357,1:1,1:11,1:11,{},{}
240000002114,OLD_CONTROL_MOD_120,240000005594,50,407,357,847663,169,1,1/407,1/357,169,1,1/407,1/357,,0,0/407,0/357,1:1,15:8,15:8,{},{}
240000002114,OLD_CONTROL_MOD_120,240000005594,50,407,357,947327,170,1,1/407,1/357,170,1,1/407,1/357,,0,0/407,0/357,1:1,0:8,0:8,{},{}
240000002114,OLD_CONTROL_MOD_120,240000005594,50,407,357,995551,171,1,1/407,1/357,171,1,1/407,1/357,,0,0/407,0/357,1:1,12:0,12:0,{},{}
240000002114,OLD_CONTROL_MOD_120,240000005594,50,407,357,1023299,172,1,1/407,1/357,172,1,1/407,1/357,,0,0/407,0/357,1:1,13:3,13:3,{},{}
240000002114,OLD_CONTROL_MOD_120,240000005594,50,407,357,1050523,173,1,1/407,1/357,173,1,1/407,1/357,,0,0/407,0/357,1:1,15:14,15:14,{},{}
240000002114,OLD_CONTROL_MOD_120,240000005594,50,407,357,1094491,174,1,1/407,1/357,174,1,1/407,1/357,,0,0/407,0/357,1:1,2:6,2:6,{},{}
240000002114,OLD_CONTROL_MOD_120,240000005594,50,407,357,1167587,175,1,1/407,1/357,175,1,1/407,1/357,,0,0/407,0/357,1:1,20:11,20:11,{},{}
240000002114,OLD_CONTROL_MOD_120,240000005594,50,407,357,1329767,176,1,1/407,1/357,176,1,1/407,1/357,,0,0/407,0/357,1:1,23:3,23:3,{},{}
240000002114,OLD_CONTROL_MOD_120,240000005594,50,407,357,1419967,177,1,1/407,1/357,177,1,1/407,1/357,,0,0/407,0/357,1:1,9:2,9:2,{},{}
240000002114,OLD_CONTROL_MOD_120,240000005594,50,407,357,1441199,178,1,1/407,1/357,178,1,1/407,1/357,,0,0/407,0/357,1:1,15:7,15:7,{},{}
240000002114,OLD_CONTROL_MOD_120,240000005594,50,407,357,1452631,179,1,1/407,1/357,179,1,1/407,1/357,,0,0/407,0/357,1:1,23:10,23:10,{},{}
240000002114,OLD_CONTROL_MOD_120,240000005594,50,407,357,1579363,180,1,1/407,1/357,180,1,1/407,1/357,,0,0/407,0/357,1:1,2:4,2:4,{},{}
240000002114,OLD_CONTROL_MOD_120,240000005594,50,407,357,1604299,181,1,1/407,1/357,181,1,1/407,1/357,,0,0/407,0/357,1:1,7:7,7:7,{},{}
240000002114,OLD_CONTROL_MOD_120,240000005594,50,407,357,1646719,182,1,1/407,1/357,182,1,1/407,1/357,,0,0/407,0/357,1:1,8:15,8:15,{},{}
240000002114,OLD_CONTROL_MOD_120,240000005594,50,407,357,1937207,183,1,1/407,1/357,183,1,1/407,1/357,,0,0/407,0/357,1:1,17:10,17:10,{},{}
240000002114,OLD_CONTROL_MOD_120,240000005594,50,407,357,2116591,184,1,1/407,1/357,184,1,1/407,1/357,,0,0/407,0/357,1:1,22:14,22:14,{},{}
240000002114,OLD_CONTROL_MOD_120,240000005594,50,407,357,2264831,185,1,1/407,1/357,185,1,1/407,1/357,,0,0/407,0/357,1:1,4:8,4:8,{},{}
240000002114,OLD_CONTROL_MOD_120,240000005594,50,407,357,2382323,186,1,1/407,1/357,186,1,1/407,1/357,,0,0/407,0/357,1:1,14:3,14:3,{},{}
240000002114,OLD_CONTROL_MOD_120,240000005594,50,407,357,2464571,187,1,1/407,1/357,187,1,1/407,1/357,,0,0/407,0/357,1:1,2:7,2:7,{},{}
240000002114,OLD_CONTROL_MOD_120,240000005594,50,407,357,2543623,188,1,1/407,1/357,188,1,1/407,1/357,,0,0/407,0/357,1:1,11:14,11:14,{},{}
240000002114,OLD_CONTROL_MOD_120,240000005594,50,407,357,2872183,189,1,1/407,1/357,189,1,1/407,1/357,,0,0/407,0/357,1:1,2:8,2:8,{},{}
240000002114,OLD_CONTROL_MOD_120,240000005594,50,407,357,2881799,190,1,1/407,1/357,190,1,1/407,1/357,,0,0/407,0/357,1:1,19:5,19:5,{},{}
240000002114,OLD_CONTROL_MOD_120,240000005594,50,407,357,2945291,191,1,1/407,1/357,191,1,1/407,1/357,,0,0/407,0/357,1:1,9:1,9:1,{},{}
240000002114,OLD_CONTROL_MOD_120,240000005594,50,407,357,2962039,192,1,1/407,1/357,192,1,1/407,1/357,,0,0/407,0/357,1:1,15:12,15:12,{},{}
240000002114,OLD_CONTROL_MOD_120,240000005594,50,407,357,3118439,193,1,1/407,1/357,193,1,1/407,1/357,,0,0/407,0/357,1:1,17:15,17:15,{},{}
240000002114,OLD_CONTROL_MOD_120,240000005594,50,407,357,3241783,194,1,1/407,1/357,194,1,1/407,1/357,,0,0/407,0/357,1:1,18:15,18:15,{},{}
240000002114,OLD_CONTROL_MOD_120,240000005594,50,407,357,3287311,195,1,1/407,1/357,195,1,1/407,1/357,,0,0/407,0/357,1:1,0:4,0:4,{},{}
240000002114,OLD_CONTROL_MOD_120,240000005594,50,407,357,3437171,196,1,1/407,1/357,196,1,1/407,1/357,,0,0/407,0/357,1:1,15:15,15:15,{},{}
240000002114,OLD_CONTROL_MOD_120,240000005594,50,407,357,3485203,197,1,1/407,1/357,197,1,1/407,1/357,,0,0/407,0/357,1:1,1:9,1:9,{},{}
240000002114,OLD_CONTROL_MOD_120,240000005594,50,407,357,3885727,198,1,1/407,1/357,198,1,1/407,1/357,,0,0/407,0/357,1:1,8:9,8:9,{},{}
240000002114,OLD_CONTROL_MOD_120,240000005594,50,407,357,5429063,199,1,1/407,1/357,199,1,1/407,1/357,,0,0/407,0/357,1:1,13:14,13:14,{},{}
240000002114,OLD_CONTROL_MOD_120,240000005594,50,407,357,5439463,200,1,1/407,1/357,200,1,1/407,1/357,,0,0/407,0/357,1:1,1:6,1:6,{},{}
240000002114,OLD_CONTROL_MOD_120,240000005594,50,407,357,5856607,201,1,1/407,1/357,201,1,1/407,1/357,,0,0/407,0/357,1:1,20:4,20:4,{},{}
240000002114,OLD_CONTROL_MOD_120,240000005594,50,407,357,6491707,202,1,1/407,1/357,202,1,1/407,1/357,,0,0/407,0/357,1:1,13:0,13:0,{},{}
240000002114,OLD_CONTROL_MOD_120,240000005594,50,407,357,7356091,203,1,1/407,1/357,203,1,1/407,1/357,,0,0/407,0/357,1:1,11:0,11:0,{},{}
240000002114,OLD_CONTROL_MOD_120,240000005594,50,407,357,7711471,204,1,1/407,1/357,204,1,1/407,1/357,,0,0/407,0/357,1:1,21:5,21:5,{},{}
240000002114,OLD_CONTROL_MOD_120,240000005594,50,407,357,7812691,205,1,1/407,1/357,205,1,1/407,1/357,,0,0/407,0/357,1:1,4:12,4:12,{},{}
240000002114,OLD_CONTROL_MOD_120,240000005594,50,407,357,7934807,206,1,1/407,1/357,206,1,1/407,1/357,,0,0/407,0/357,1:1,21:16,21:16,{},{}
240000002114,OLD_CONTROL_MOD_120,240000005594,50,407,357,8407459,207,1,1/407,1/357,207,1,1/407,1/357,,0,0/407,0/357,1:1,18:3,18:3,{},{}
240000002114,OLD_CONTROL_MOD_120,240000005594,50,407,357,8746459,208,1,1/407,1/357,208,1,1/407,1/357,,0,0/407,0/357,1:1,5:16,5:16,{},{}
240000002114,OLD_CONTROL_MOD_120,240000005594,50,407,357,8948543,209,1,1/407,1/357,209,1,1/407,1/357,,0,0/407,0/357,1:1,6:7,6:7,{},{}
240000002114,OLD_CONTROL_MOD_120,240000005594,50,407,357,9195467,210,1,1/407,1/357,210,1,1/407,1/357,,0,0/407,0/357,1:1,7:16,7:16,{},{}
240000002114,OLD_CONTROL_MOD_120,240000005594,50,407,357,10205711,211,1,1/407,1/357,211,1,1/407,1/357,,0,0/407,0/357,1:1,1:15,1:15,{},{}
240000002114,OLD_CONTROL_MOD_120,240000005594,50,407,357,10791367,212,1,1/407,1/357,212,1,1/407,1/357,,0,0/407,0/357,1:1,2:2,2:2,{},{}
240000002114,OLD_CONTROL_MOD_120,240000005594,50,407,357,11120399,213,1,1/407,1/357,213,1,1/407,1/357,,0,0/407,0/357,1:1,10:12,10:12,{},{}
240000002114,OLD_CONTROL_MOD_120,240000005594,50,407,357,11594203,214,1,1/407,1/357,214,1,1/407,1/357,,0,0/407,0/357,1:1,2:1,2:1,{},{}
240000002114,OLD_CONTROL_MOD_120,240000005594,50,407,357,13545547,215,1,1/407,1/357,215,1,1/407,1/357,,0,0/407,0/357,1:1,5:3,5:3,{},{}
240000002114,OLD_CONTROL_MOD_120,240000005594,50,407,357,15408167,216,1,1/407,1/357,216,1,1/407,1/357,,0,0/407,0/357,1:1,14:12,14:12,{},{}
240000002114,OLD_CONTROL_MOD_120,240000005594,50,407,357,23885311,217,1,1/407,1/357,217,1,1/407,1/357,,0,0/407,0/357,1:1,8:8,8:8,{},{}
240000002114,OLD_CONTROL_MOD_120,240000005594,50,407,357,26365187,218,1,1/407,1/357,218,1,1/407,1/357,,0,0/407,0/357,1:1,17:8,17:8,{},{}
240000002114,OLD_CONTROL_MOD_120,240000005594,50,407,357,27023179,219,1,1/407,1/357,219,1,1/407,1/357,,0,0/407,0/357,1:1,22:4,22:4,{},{}
240000002114,OLD_CONTROL_MOD_120,240000005594,50,407,357,30850031,220,1,1/407,1/357,220,1,1/407,1/357,,0,0/407,0/357,1:1,10:13,10:13,{},{}
240000002114,OLD_CONTROL_MOD_120,240000005594,50,407,357,33057851,221,1,1/407,1/357,221,1,1/407,1/357,,0,0/407,0/357,1:1,6:5,6:5,{},{}
240000002114,OLD_CONTROL_MOD_120,240000005594,50,407,357,33281707,222,1,1/407,1/357,222,1,1/407,1/357,,0,0/407,0/357,1:1,15:16,15:16,{},{}
240000002114,OLD_CONTROL_MOD_120,240000005594,50,407,357,38301947,223,1,1/407,1/357,223,1,1/407,1/357,,0,0/407,0/357,1:1,7:2,7:2,{},{}
240000002114,OLD_CONTROL_MOD_120,240000005594,50,407,357,53247223,224,1,1/407,1/357,224,1,1/407,1/357,,0,0/407,0/357,1:1,18:7,18:7,{},{}
240000002114,OLD_CONTROL_MOD_120,240000005594,50,407,357,57676159,225,1,1/407,1/357,225,1,1/407,1/357,,0,0/407,0/357,1:1,6:13,6:13,{},{}
240000002114,OLD_CONTROL_MOD_120,240000005594,50,407,357,61071119,226,1,1/407,1/357,226,1,1/407,1/357,,0,0/407,0/357,1:1,22:0,22:0,{},{}
240000002114,OLD_CONTROL_MOD_120,240000005594,50,407,357,81569899,227,1,1/407,1/357,227,1,1/407,1/357,,0,0/407,0/357,1:1,21:9,21:9,{},{}
240000002114,OLD_CONTROL_MOD_120,240000005594,50,407,357,83694683,228,1,1/407,1/357,228,1,1/407,1/357,,0,0/407,0/357,1:1,21:11,21:11,{},{}
240000002114,OLD_CONTROL_MOD_120,240000005594,50,407,357,119806283,229,1,1/407,1/357,229,1,1/407,1/357,,0,0/407,0/357,1:1,18:6,18:6,{},{}
240000002114,OLD_CONTROL_MOD_120,240000005594,50,407,357,119875243,230,1,1/407,1/357,230,1,1/407,1/357,,0,0/407,0/357,1:1,1:10,1:10,{},{}
240000002114,OLD_CONTROL_MOD_120,240000005594,50,407,357,123630271,231,1,1/407,1/357,231,1,1/407,1/357,,0,0/407,0/357,1:1,17:16,17:16,{},{}
240000002114,OLD_CONTROL_MOD_120,240000005594,50,407,357,129870131,232,1,1/407,1/357,232,1,1/407,1/357,,0,0/407,0/357,1:1,0:2,0:2,{},{}
240000002114,OLD_CONTROL_MOD_120,240000005594,50,407,357,150345343,233,1,1/407,1/357,233,1,1/407,1/357,,0,0/407,0/357,1:1,8:11,8:11,{},{}
240000002114,OLD_CONTROL_MOD_120,240000005594,50,407,357,159740419,234,1,1/407,1/357,234,1,1/407,1/357,,0,0/407,0/357,1:1,18:9,18:9,{},{}
240000002114,OLD_CONTROL_MOD_120,240000005594,50,407,357,176955143,235,1,1/407,1/357,235,1,1/407,1/357,,0,0/407,0/357,1:1,4:11,4:11,{},{}
240000002114,OLD_CONTROL_MOD_120,240000005594,50,407,357,179263339,236,1,1/407,1/357,236,1,1/407,1/357,,0,0/407,0/357,1:1,12:13,12:13,{},{}
240000002114,OLD_CONTROL_MOD_120,240000005594,50,407,357,209790211,237,1,1/407,1/357,237,1,1/407,1/357,,0,0/407,0/357,1:1,6:0,6:0,{},{}
240000002114,OLD_CONTROL_MOD_120,240000005594,50,407,357,215015123,238,1,1/407,1/357,238,1,1/407,1/357,,0,0/407,0/357,1:1,16:7,16:7,{},{}
240000002114,OLD_CONTROL_MOD_120,240000005594,50,407,357,221982479,239,1,1/407,1/357,239,1,1/407,1/357,,0,0/407,0/357,1:1,21:10,21:10,{},{}
240000002114,OLD_CONTROL_MOD_120,240000005594,50,407,357,228998311,240,1,1/407,1/357,240,1,1/407,1/357,,0,0/407,0/357,1:1,8:10,8:10,{},{}
240000002114,OLD_CONTROL_MOD_120,240000005594,50,407,357,238606703,241,1,1/407,1/357,241,1,1/407,1/357,,0,0/407,0/357,1:1,21:4,21:4,{},{}
240000002114,OLD_CONTROL_MOD_120,240000005594,50,407,357,248447207,242,1,1/407,1/357,242,1,1/407,1/357,,0,0/407,0/357,1:1,3:3,3:3,{},{}
240000002114,OLD_CONTROL_MOD_120,240000005594,50,407,357,249480251,243,1,1/407,1/357,243,1,1/407,1/357,,0,0/407,0/357,1:1,3:4,3:4,{},{}
240000002114,OLD_CONTROL_MOD_120,240000005594,50,407,357,253117091,244,1,1/407,1/357,244,1,1/407,1/357,,0,0/407,0/357,1:1,16:9,16:9,{},{}
240000002114,OLD_CONTROL_MOD_120,240000005594,50,407,357,293398319,245,1,1/407,1/357,245,1,1/407,1/357,,0,0/407,0/357,1:1,11:2,11:2,{},{}
240000002114,OLD_CONTROL_MOD_120,240000005594,50,407,357,320307079,246,1,1/407,1/357,246,1,1/407,1/357,,0,0/407,0/357,1:1,13:15,13:15,{},{}
240000002114,OLD_CONTROL_MOD_120,240000005594,50,407,357,409555651,247,1,1/407,1/357,247,1,1/407,1/357,,0,0/407,0/357,1:1,1:8,1:8,{},{}
240000002114,OLD_CONTROL_MOD_120,240000005594,50,407,357,426481711,248,1,1/407,1/357,248,1,1/407,1/357,,0,0/407,0/357,1:1,23:7,23:7,{},{}
240000002114,OLD_CONTROL_MOD_120,240000005594,50,407,357,428571431,249,1,1/407,1/357,249,1,1/407,1/357,,0,0/407,0/357,1:1,6:2,6:2,{},{}
240000002114,OLD_CONTROL_MOD_120,240000005594,50,407,357,532687427,250,1,1/407,1/357,250,1,1/407,1/357,,0,0/407,0/357,1:1,20:3,20:3,{},{}
240000002114,OLD_CONTROL_MOD_120,240000005594,50,407,357,571300931,251,1,1/407,1/357,251,1,1/407,1/357,,0,0/407,0/357,1:1,14:11,14:11,{},{}
240000002114,OLD_CONTROL_MOD_120,240000005594,50,407,357,576449659,252,1,1/407,1/357,252,1,1/407,1/357,,0,0/407,0/357,1:1,17:13,17:13,{},{}
240000002114,OLD_CONTROL_MOD_120,240000005594,50,407,357,597255403,253,1,1/407,1/357,253,1,1/407,1/357,,0,0/407,0/357,1:1,20:7,20:7,{},{}
240000002114,OLD_CONTROL_MOD_120,240000005594,50,407,357,606187159,254,1,1/407,1/357,254,1,1/407,1/357,,0,0/407,0/357,1:1,19:0,19:0,{},{}
240000002114,OLD_CONTROL_MOD_120,240000005594,50,407,357,638296423,255,1,1/407,1/357,255,1,1/407,1/357,,0,0/407,0/357,1:1,12:6,12:6,{},{}
240000002114,OLD_CONTROL_MOD_120,240000005594,50,407,357,729979067,256,1,1/407,1/357,256,1,1/407,1/357,,0,0/407,0/357,1:1,20:1,20:1,{},{}
240000002114,OLD_CONTROL_MOD_120,240000005594,50,407,357,754710839,257,1,1/407,1/357,257,1,1/407,1/357,,0,0/407,0/357,1:1,7:9,7:9,{},{}
240000002114,OLD_CONTROL_MOD_120,240000005594,50,407,357,763553699,258,1,1/407,1/357,258,1,1/407,1/357,,0,0/407,0/357,1:1,1:12,1:12,{},{}
240000002114,OLD_CONTROL_MOD_120,240000005594,50,407,357,764330603,259,1,1/407,1/357,259,1,1/407,1/357,,0,0/407,0/357,1:1,11:6,11:6,{},{}
240000002114,OLD_CONTROL_MOD_120,240000005594,50,407,357,902249651,260,1,1/407,1/357,260,1,1/407,1/357,,0,0/407,0/357,1:1,13:4,13:4,{},{}
240000002114,OLD_CONTROL_MOD_120,240000005594,50,407,357,1080861143,261,1,1/407,1/357,261,1,1/407,1/357,,0,0/407,0/357,1:1,5:11,5:11,{},{}
240000002114,OLD_CONTROL_MOD_120,240000005594,50,407,357,1158993691,262,1,1/407,1/357,262,1,1/407,1/357,,0,0/407,0/357,1:1,22:7,22:7,{},{}
240000002114,OLD_CONTROL_MOD_120,240000005594,50,407,357,1379029723,263,1,1/407,1/357,263,1,1/407,1/357,,0,0/407,0/357,1:1,7:11,7:11,{},{}
240000002114,OLD_CONTROL_MOD_120,240000005594,50,407,357,1461823147,264,1,1/407,1/357,264,1,1/407,1/357,,0,0/407,0/357,1:1,14:14,14:14,{},{}
240000002114,OLD_CONTROL_MOD_120,240000005594,50,407,357,1463414647,265,1,1/407,1/357,265,1,1/407,1/357,,0,0/407,0/357,1:1,0:1,0:1,{},{}
240000002114,OLD_CONTROL_MOD_120,240000005594,50,407,357,1689374387,266,1,1/407,1/357,266,1,1/407,1/357,,0,0/407,0/357,1:1,0:15,0:15,{},{}
240000002114,OLD_CONTROL_MOD_120,240000005594,50,407,357,1875000011,267,1,1/407,1/357,267,1,1/407,1/357,,0,0/407,0/357,1:1,4:4,4:4,{},{}
240000002114,OLD_CONTROL_MOD_120,240000005594,50,407,357,2206570627,268,1,1/407,1/357,268,1,1/407,1/357,,0,0/407,0/357,1:1,3:14,3:14,{},{}
240000002114,OLD_CONTROL_MOD_120,240000005594,50,407,357,2248590767,269,1,1/407,1/357,269,1,1/407,1/357,,0,0/407,0/357,1:1,16:14,16:14,{},{}
240000002114,OLD_CONTROL_MOD_120,240000005594,50,407,357,2307598427,270,1,1/407,1/357,270,1,1/407,1/357,,0,0/407,0/357,1:1,4:10,4:10,{},{}
240000002114,OLD_CONTROL_MOD_120,240000005594,50,407,357,2352800491,271,1,1/407,1/357,271,1,1/407,1/357,,0,0/407,0/357,1:1,15:5,15:5,{},{}
240000002114,OLD_CONTROL_MOD_120,240000005594,50,407,357,2448979607,272,1,1/407,1/357,272,1,1/407,1/357,,0,0/407,0/357,1:1,1:4,1:4,{},{}
240000002114,OLD_CONTROL_MOD_120,240000005594,50,407,357,2731628279,273,1,1/407,1/357,273,1,1/407,1/357,,0,0/407,0/357,1:1,8:16,8:16,{},{}
240000002114,OLD_CONTROL_MOD_120,240000005594,50,407,357,2999940239,274,1,1/407,1/357,274,1,1/407,1/357,,0,0/407,0/357,1:1,14:2,14:2,{},{}
240000002114,OLD_CONTROL_MOD_120,240000005594,50,407,357,3999967471,275,1,1/407,1/357,275,1,1/407,1/357,,0,0/407,0/357,1:1,6:9,6:9,{},{}
240000002114,OLD_CONTROL_MOD_120,240000005594,50,407,357,3999967483,276,1,1/407,1/357,276,1,1/407,1/357,,0,0/407,0/357,1:1,2:9,2:9,{},{}
240000002114,OLD_CONTROL_MOD_120,240000005594,50,407,357,3999998999,277,1,1/407,1/357,277,1,1/407,1/357,,0,0/407,0/357,1:1,10:5,10:5,{},{}
240000002114,OLD_CONTROL_MOD_120,240000005594,50,407,357,4113682759,278,1,1/407,1/357,278,1,1/407,1/357,,0,0/407,0/357,1:1,19:12,19:12,{},{}
240000002114,OLD_CONTROL_MOD_120,240000005594,50,407,357,5454543727,279,1,1/407,1/357,279,1,1/407,1/357,,0,0/407,0/357,1:1,0:7,0:7,{},{}
240000002114,OLD_CONTROL_MOD_120,240000005594,50,407,357,5463256963,280,1,1/407,1/357,280,1,1/407,1/357,,0,0/407,0/357,1:1,4:16,4:16,{},{}
240000002114,OLD_CONTROL_MOD_120,240000005594,50,407,357,5999988811,281,1,1/407,1/357,281,1,1/407,1/357,,0,0/407,0/357,1:1,10:8,10:8,{},{}
240000002114,OLD_CONTROL_MOD_120,240000005594,50,407,357,6535903183,282,1,1/407,1/357,282,1,1/407,1/357,,0,0/407,0/357,1:1,20:13,20:13,{},{}
240000002114,OLD_CONTROL_MOD_120,240000005594,50,407,357,6632758303,283,1,1/407,1/357,283,1,1/407,1/357,,0,0/407,0/357,1:1,4:13,4:13,{},{}
240000002114,OLD_CONTROL_MOD_120,240000005594,50,407,357,7058818363,284,1,1/407,1/357,284,1,1/407,1/357,,0,0/407,0/357,1:1,11:4,11:4,{},{}
240000002114,OLD_CONTROL_MOD_120,240000005594,50,407,357,9230217431,285,1,1/407,1/357,285,1,1/407,1/357,,0,0/407,0/357,1:1,15:0,15:0,{},{}
240000002114,OLD_CONTROL_MOD_120,240000005594,50,407,357,9230768531,286,1,1/407,1/357,286,1,1/407,1/357,,0,0/407,0/357,1:1,9:4,9:4,{},{}
240000002114,OLD_CONTROL_MOD_120,240000005594,50,407,357,9230768627,287,1,1/407,1/357,287,1,1/407,1/357,,0,0/407,0/357,1:1,7:6,7:6,{},{}
240000002114,OLD_CONTROL_MOD_120,240000005594,50,407,357,29237059991,288,1,1/407,1/357,288,1,1/407,1/357,,0,0/407,0/357,1:1,8:14,8:14,{},{}
240000002114,OLD_CONTROL_MOD_120,240000005594,50,407,357,29562931511,289,1,1/407,1/357,289,1,1/407,1/357,,0,0/407,0/357,1:1,20:10,20:10,{},{}
240000002114,OLD_CONTROL_MOD_120,240000005594,50,407,357,34720027087,290,1,1/407,1/357,290,1,1/407,1/357,,0,0/407,0/357,1:1,19:15,19:15,{},{}
240000002114,OLD_CONTROL_MOD_120,240000005594,50,407,357,34913736967,291,1,1/407,1/357,291,1,1/407,1/357,,0,0/407,0/357,1:1,7:15,7:15,{},{}
240000002114,OLD_CONTROL_MOD_120,240000005594,50,407,357,34913737291,292,1,1/407,1/357,292,1,1/407,1/357,,0,0/407,0/357,1:1,5:15,5:15,{},{}
240000002114,OLD_CONTROL_MOD_120,240000005594,50,407,357,39978476471,293,1,1/407,1/357,293,1,1/407,1/357,,0,0/407,0/357,1:1,17:5,17:5,{},{}
240000002114,OLD_CONTROL_MOD_120,240000005594,50,407,357,39989470847,294,1,1/407,1/357,294,1,1/407,1/357,,0,0/407,0/357,1:1,15:11,15:11,{},{}
240000002114,OLD_CONTROL_MOD_120,240000005594,50,407,357,39991596611,295,1,1/407,1/357,295,1,1/407,1/357,,0,0/407,0/357,1:1,13:11,13:11,{},{}
240000002114,OLD_CONTROL_MOD_120,240000005594,50,407,357,39991832807,296,1,1/407,1/357,296,1,1/407,1/357,,0,0/407,0/357,1:1,11:11,11:11,{},{}
240000002114,OLD_CONTROL_MOD_120,240000005594,50,407,357,39999409111,297,1,1/407,1/357,297,1,1/407,1/357,,0,0/407,0/357,1:1,13:9,13:9,{},{}
240000002114,OLD_CONTROL_MOD_120,240000005594,50,407,357,39999674791,298,1,1/407,1/357,298,1,1/407,1/357,,0,0/407,0/357,1:1,5:9,5:9,{},{}
240000002114,OLD_CONTROL_MOD_120,240000005594,50,407,357,39999987331,299,1,1/407,1/357,299,1,1/407,1/357,,0,0/407,0/357,1:1,1:7,1:7,{},{}
240000002114,OLD_CONTROL_MOD_120,240000005594,50,407,357,39999999467,300,1,1/407,1/357,300,1,1/407,1/357,,0,0/407,0/357,1:1,7:5,7:5,{},{}
240000002114,OLD_CONTROL_MOD_120,240000005594,50,407,357,39999999967,301,1,1/407,1/357,301,1,1/407,1/357,,0,0/407,0/357,1:1,7:3,7:3,{},{}
240000002114,OLD_CONTROL_MOD_120,240000005594,50,407,357,59999999747,302,1,1/407,1/357,302,1,1/407,1/357,,0,0/407,0/357,1:1,0:5,0:5,{},{}
240000002114,OLD_CONTROL_MOD_120,240000005594,50,407,357,69876653831,303,1,1/407,1/357,303,1,1/407,1/357,,0,0/407,0/357,1:1,23:14,23:14,{},{}
240000002114,OLD_CONTROL_MOD_120,240000005594,50,407,357,72928216331,304,1,1/407,1/357,304,1,1/407,1/357,,0,0/407,0/357,1:1,23:8,23:8,{},{}
240000002114,OLD_CONTROL_MOD_120,240000005594,50,407,357,72928403831,305,1,1/407,1/357,305,1,1/407,1/357,,0,0/407,0/357,1:1,23:6,23:6,{},{}
240000002114,OLD_CONTROL_MOD_120,240000005594,50,407,357,72928411331,306,1,1/407,1/357,306,1,1/407,1/357,,0,0/407,0/357,1:1,23:4,23:4,{},{}
240000002114,OLD_CONTROL_MOD_120,240000005594,50,407,357,119813360663,307,1,1/407,1/357,307,1,1/407,1/357,,0,0/407,0/357,1:1,17:12,17:12,{},{}
240000002114,OLD_CONTROL_MOD_120,240000005594,50,407,357,119877929651,308,1,1/407,1/357,308,1,1/407,1/357,,0,0/407,0/357,1:1,7:12,7:12,{},{}
240000002114,OLD_CONTROL_MOD_120,240000005594,50,407,357,119935430963,309,1,1/407,1/357,309,1,1/407,1/357,,0,0/407,0/357,1:1,17:2,17:2,{},{}
240000002114,OLD_CONTROL_MOD_120,240000005594,50,407,357,119995108403,310,1,1/407,1/357,310,1,1/407,1/357,,0,0/407,0/357,1:1,9:10,9:10,{},{}
240000002114,OLD_CONTROL_MOD_120,240000005594,50,407,357,119999993123,311,1,1/407,1/357,311,1,1/407,1/357,,0,0/407,0/357,1:1,5:6,5:6,{},{}
240000002114,OLD_CONTROL_MOD_120,240000005594,50,407,357,119999999963,312,1,1/407,1/357,312,1,1/407,1/357,,0,0/407,0/357,1:1,7:0,7:0,{},{}
240000003122,OLD_CONTROL_MOD_120,240000004802,53,407,354,3,1,125,125/407,125/354,1,122,122/407,122/354,1,3,3/407,3/354,1:122;3:3,0:0;0:2;0:6;0:8;0:12;0:14;0:16;1:1;1:3;1:7;1:9;1:13;1:15;2:1;2:3;2:5;2:9;2:11;2:15;3:3;3:5;3:7;3:9;3:11;3:15;4:3;4:5;4:9;4:11;4:15;5:3;5:5;5:9;5:11;5:15;6:3;6:5;6:9;6:11;6:15;7:3;7:5;7:9;7:11;7:15;8:3;8:5;8:9;8:11;8:15;9:3;9:5;9:9;9:11;9:15;10:3;10:5;10:9;10:11;10:15;11:3;11:5;11:9;11:11;11:15;12:3;12:5;12:9;12:11;12:15;13:3;13:5;13:9;13:11;13:15;14:3;14:5;14:9;14:11;14:15;15:3;15:5;15:9;15:11;15:15;16:3;16:5;16:9;16:11;16:15;17:3;17:5;17:9;17:11;17:15;18:3;18:5;18:9;18:11;18:15;19:3;19:5;19:9;19:11;19:15;20:3;20:5;20:9;20:11;20:15;21:3;21:5;21:9;21:11;21:15;22:3;22:5;22:9;22:11;22:15;23:3;23:5;23:9;23:11;23:15,0:0;0:2;0:6;0:8;0:12;0:14;1:1;1:3;1:7;1:9;1:13;1:15;2:3;2:5;2:9;2:11;2:15;3:3;3:5;3:9;3:11;3:15;4:3;4:5;4:9;4:11;4:15;5:3;5:5;5:9;5:11;5:15;6:3;6:5;6:9;6:11;6:15;7:3;7:5;7:9;7:11;7:15;8:3;8:5;8:9;8:11;8:15;9:3;9:5;9:9;9:11;9:15;10:3;10:5;10:9;10:11;10:15;11:3;11:5;11:9;11:11;11:15;12:3;12:5;12:9;12:11;12:15;13:3;13:5;13:9;13:11;13:15;14:3;14:5;14:9;14:11;14:15;15:3;15:5;15:9;15:11;15:15;16:3;16:5;16:9;16:11;16:15;17:3;17:5;17:9;17:11;17:15;18:3;18:5;18:9;18:11;18:15;19:3;19:5;19:9;19:11;19:15;20:3;20:5;20:9;20:11;20:15;21:3;21:5;21:9;21:11;21:15;22:3;22:5;22:9;22:11;22:15;23:3;23:5;23:9;23:11;23:15,"{""3"":[[0,16],[2,1],[3,7]]}","{""3"":""81""}"
240000003122,OLD_CONTROL_MOD_120,240000004802,53,407,354,7,2,47,47/407,47/354,2,46,46/407,46/354,2,1,1/407,1/354,1:46;3:1,0:2;0:8;1:4;1:10;1:16;2:5;2:11;3:3;3:9;4:0;4:6;6:8;6:14;7:10;7:16;8:5;8:11;9:3;9:15;10:0;10:6;10:12;12:2;12:8;12:14;13:4;13:10;14:11;15:3;15:9;15:15;16:0;16:12;18:2;18:8;18:14;19:4;19:10;19:16;20:5;20:11;21:3;21:9;21:15;22:0;22:6;22:12,0:2;0:8;1:4;1:10;1:16;2:5;2:11;3:3;3:9;4:0;4:6;6:8;6:14;7:10;7:16;8:5;8:11;9:3;9:15;10:0;10:6;10:12;12:2;12:8;12:14;13:4;13:10;14:11;15:9;15:15;16:0;16:12;18:2;18:8;18:14;19:4;19:10;19:16;20:5;20:11;21:3;21:9;21:15;22:0;22:6;22:12,"{""3"":[[15,3]]}","{""3"":""2401""}"
240000003122,OLD_CONTROL_MOD_120,240000004802,53,407,354,19,3,21,21/407,21/354,3,21,21/407,21/354,,0,0/407,0/354,1:21,2:8;3:1;3:10;5:4;5:13;6:2;6:11;7:3;7:12;8:6;8:15;10:7;10:16;14:5;14:14;15:0;15:9;20:8;21:1;23:4;23:13,2:8;3:1;3:10;5:4;5:13;6:2;6:11;7:3;7:12;8:6;8:15;10:7;10:16;14:5;14:14;15:0;15:9;20:8;21:1;23:4;23:13,{},{}
240000003122,OLD_CONTROL_MOD_120,240000004802,53,407,354,23,4,16,16/407,16/354,4,16,16/407,16/354,,0,0/407,0/354,1:16,0:10;2:0;4:13;5:5;6:7;7:6;8:4;10:2;11:10;13:0;15:13;16:5;17:7;18:6;19:4;21:2,0:10;2:0;4:13;5:5;6:7;7:6;8:4;10:2;11:10;13:0;15:13;16:5;17:7;18:6;19:4;21:2,{},{}
240000003122,OLD_CONTROL_MOD_120,240000004802,53,407,354,31,5,16,16/407,16/354,5,16,16/407,16/354,,0,0/407,0/354,1:16,7:0;7:3;7:6;7:9;7:12;7:15;11:1;11:4;11:7;11:10;11:13;13:2;13:5;13:8;13:11;13:14,7:0;7:3;7:6;7:9;7:12;7:15;11:1;11:4;11:7;11:10;11:13;13:2;13:5;13:8;13:11;13:14,{},{}
240000003122,OLD_CONTROL_MOD_120,240000004802,53,407,354,43,6,10,10/407,10/354,6,10,10/407,10/354,,0,0/407,0/354,1:10,1:6;4:10;5:11;7:2;8:7;15:16;16:3;17:14;20:1;22:9,1:6;4:10;5:11;7:2;8:7;15:16;16:3;17:14;20:1;22:9,{},{}
240000003122,OLD_CONTROL_MOD_120,240000004802,53,407,354,71,7,10,10/407,10/354,7,10,10/407,10/354,,0,0/407,0/354,1:10,1:1;1:6;1:11;1:16;14:2;14:7;14:12;21:3;21:8;21:13,1:1;1:6;1:11;1:16;14:2;14:7;14:12;21:3;21:8;21:13,{},{}
240000003122,OLD_CONTROL_MOD_120,240000004802,53,407,354,59,8,9,9/407,9/354,8,9,9/407,9/354,,0,0/407,0/354,1:9,0:10;5:5;7:0;9:13;11:4;14:9;17:8;18:3;22:6,0:10;5:5;7:0;9:13;11:4;14:9;17:8;18:3;22:6,{},{}
240000003122,OLD_CONTROL_MOD_120,240000004802,53,407,354,47,9,7,7/407,7/354,9,7,7/407,7/354,,0,0/407,0/354,1:7,3:14;9:16;13:12;14:9;15:10;17:1;18:0,3:14;9:16;13:12;14:9;15:10;17:1;18:0,{},{}
240000003122,OLD_CONTROL_MOD_120,240000004802,53,407,354,83,10,7,7/407,7/354,10,7,7/407,7/354,,0,0/407,0/354,1:7,0:11;2:13;7:8;8:9;9:4;20:1;21:14,0:11;2:13;7:8;8:9;9:4;20:1;21:14,{},{}
240000003122,OLD_CONTROL_MOD_120,240000004802,53,407,354,103,11,5,5/407,5/354,11,5,5/407,5/354,,0,0/407,0/354,1:5,5:12;12:4;17:6;21:8;22:1,5:12;12:4;17:6;21:8;22:1,{},{}
240000003122,OLD_CONTROL_MOD_120,240000004802,53,407,354,127,12,5,5/407,5/354,12,5,5/407,5/354,,0,0/407,0/354,1:5,2:1;5:2;9:12;10:7;14:9,2:1;5:2;9:12;10:7;14:9,{},{}
240000003122,OLD_CONTROL_MOD_120,240000004802,53,407,354,139,13,5,5/407,5/354,13,5,5/407,5/354,,0,0/407,0/354,1:5,1:11;6:8;7:15;8:10;12:2,1:11;6:8;7:15;8:10;12:2,{},{}
240000003122,OLD_CONTROL_MOD_120,240000004802,53,407,354,79,14,4,4/407,4/354,14,4,4/407,4/354,,0,0/407,0/354,1:4,8:0;9:4;17:14;20:12,8:0;9:4;17:14;20:12,{},{}
240000003122,OLD_CONTROL_MOD_120,240000004802,53,407,354,131,15,4,4/407,4/354,15,4,4/407,4/354,,0,0/407,0/354,1:4,2:13;3:14;10:11;15:12,2:13;3:14;10:11;15:12,{},{}
240000003122,OLD_CONTROL_MOD_120,240000004802,53,407,354,251,16,4,4/407,4/354,16,4,4/407,4/354,,0,0/407,0/354,1:4,5:8;16:11;18:14;22:9,5:8;16:11;18:14;22:9,{},{}
240000003122,OLD_CONTROL_MOD_120,240000004802,53,407,354,107,17,3,3/407,3/354,17,3,3/407,3/354,,0,0/407,0/354,1:3,6:16;10:10;13:3,6:16;10:10;13:3,{},{}
240000003122,OLD_CONTROL_MOD_120,240000004802,53,407,354,163,18,3,3/407,3/354,18,3,3/407,3/354,,0,0/407,0/354,1:3,1:5;2:14;18:16,1:5;2:14;18:16,{},{}
240000003122,OLD_CONTROL_MOD_120,240000004802,53,407,354,167,19,3,3/407,3/354,19,3,3/407,3/354,,0,0/407,0/354,1:3,4:5;5:4;8:12,4:5;5:4;8:12,{},{}
240000003122,OLD_CONTROL_MOD_120,240000004802,53,407,354,211,20,3,3/407,3/354,20,3,3/407,3/354,,0,0/407,0/354,1:3,3:4;12:16;23:2,3:4;12:16;23:2,{},{}
240000003122,OLD_CONTROL_MOD_120,240000004802,53,407,354,227,21,3,3/407,3/354,21,3,3/407,3/354,,0,0/407,0/354,1:3,13:16;14:11;18:14,13:16;14:11;18:14,{},{}
240000003122,OLD_CONTROL_MOD_120,240000004802,53,407,354,239,22,3,3/407,3/354,22,3,3/407,3/354,,0,0/407,0/354,1:3,10:8;11:14;17:9,10:8;11:14;17:9,{},{}
240000003122,OLD_CONTROL_MOD_120,240000004802,53,407,354,331,23,3,3/407,3/354,23,3,3/407,3/354,,0,0/407,0/354,1:3,4:4;5:10;14:2,4:4;5:10;14:2,{},{}
240000003122,OLD_CONTROL_MOD_120,240000004802,53,407,354,67,24,2,2/407,2/354,24,2,2/407,2/354,,0,0/407,0/354,1:2,4:13;5:6,4:13;5:6,{},{}
240000003122,OLD_CONTROL_MOD_120,240000004802,53,407,354,151,25,2,2/407,2/354,25,2,2/407,2/354,,0,0/407,0/354,1:2,1:2;3:0,1:2;3:0,{},{}
240000003122,OLD_CONTROL_MOD_120,240000004802,53,407,354,179,26,2,2/407,2/354,26,2,2/407,2/354,,0,0/407,0/354,1:2,0:16;11:3,0:16;11:3,{},{}
240000003122,OLD_CONTROL_MOD_120,240000004802,53,407,354,199,27,2,2/407,2/354,27,2,2/407,2/354,,0,0/407,0/354,1:2,19:13;20:14,19:13;20:14,{},{}
240000003122,OLD_CONTROL_MOD_120,240000004802,53,407,354,263,28,2,2/407,2/354,28,2,2/407,2/354,,0,0/407,0/354,1:2,1:4;19:8,1:4;19:8,{},{}
240000003122,OLD_CONTROL_MOD_120,240000004802,53,407,354,419,29,2,2/407,2/354,29,2,2/407,2/354,,0,0/407,0/354,1:2,10:6;18:10,10:6;18:10,{},{}
240000003122,OLD_CONTROL_MOD_120,240000004802,53,407,354,463,30,2,2/407,2/354,30,2,2/407,2/354,,0,0/407,0/354,1:2,1:2;3:0,1:2;3:0,{},{}
240000003122,OLD_CONTROL_MOD_120,240000004802,53,407,354,499,31,2,2/407,2/354,31,2,2/407,2/354,,0,0/407,0/354,1:2,3:2;10:12,3:2;10:12,{},{}
240000003122,OLD_CONTROL_MOD_120,240000004802,53,407,354,523,32,2,2/407,2/354,32,2,2/407,2/354,,0,0/407,0/354,1:2,6:14;16:2,6:14;16:2,{},{}
240000003122,OLD_CONTROL_MOD_120,240000004802,53,407,354,563,33,2,2/407,2/354,33,2,2/407,2/354,,0,0/407,0/354,1:2,12:8;22:9,12:8;22:9,{},{}
240000003122,OLD_CONTROL_MOD_120,240000004802,53,407,354,743,34,2,2/407,2/354,34,2,2/407,2/354,,0,0/407,0/354,1:2,18:8;20:14,18:8;20:14,{},{}
240000003122,OLD_CONTROL_MOD_120,240000004802,53,407,354,823,35,2,2/407,2/354,35,2,2/407,2/354,,0,0/407,0/354,1:2,9:4;10:7,9:4;10:7,{},{}
240000003122,OLD_CONTROL_MOD_120,240000004802,53,407,354,971,36,2,2/407,2/354,36,2,2/407,2/354,,0,0/407,0/354,1:2,15:14;18:12,15:14;18:12,{},{}
240000003122,OLD_CONTROL_MOD_120,240000004802,53,407,354,1171,37,2,2/407,2/354,37,2,2/407,2/354,,0,0/407,0/354,1:2,6:15;19:7,6:15;19:7,{},{}
240000003122,OLD_CONTROL_MOD_120,240000004802,53,407,354,1279,38,2,2/407,2/354,38,2,2/407,2/354,,0,0/407,0/354,1:2,8:6;9:13,8:6;9:13,{},{}
240000003122,OLD_CONTROL_MOD_120,240000004802,53,407,354,1459,39,2,2/407,2/354,39,2,2/407,2/354,,0,0/407,0/354,1:2,2:4;23:15,2:4;23:15,{},{}
240000003122,OLD_CONTROL_MOD_120,240000004802,53,407,354,1871,40,2,2/407,2/354,40,2,2/407,2/354,,0,0/407,0/354,1:2,1:15;18:15,1:15;18:15,{},{}
240000003122,OLD_CONTROL_MOD_120,240000004802,53,407,354,3319,41,2,2/407,2/354,41,2,2/407,2/354,,0,0/407,0/354,1:2,15:6;22:11,15:6;22:11,{},{}
240000003122,OLD_CONTROL_MOD_120,240000004802,53,407,354,4751,42,2,2/407,2/354,42,2,2/407,2/354,,0,0/407,0/354,1:2,19:7;20:14,19:7;20:14,{},{}
240000003122,OLD_CONTROL_MOD_120,240000004802,53,407,354,13171,43,2,2/407,2/354,43,2,2/407,2/354,,0,0/407,0/354,1:2,13:12;21:10,13:12;21:10,{},{}
240000003122,OLD_CONTROL_MOD_120,240000004802,53,407,354,1716419,44,2,2/407,2/354,44,2,2/407,2/354,,0,0/407,0/354,1:2,1:2;3:0,1:2;3:0,{},{}
240000003122,OLD_CONTROL_MOD_120,240000004802,53,407,354,191,45,1,1/407,1/354,45,1,1/407,1/354,,0,0/407,0/354,1:1,10:6,10:6,{},{}
240000003122,OLD_CONTROL_MOD_120,240000004802,53,407,354,271,46,1,1/407,1/354,46,1,1/407,1/354,,0,0/407,0/354,1:1,2:13,2:13,{},{}
240000003122,OLD_CONTROL_MOD_120,240000004802,53,407,354,307,47,1,1/407,1/354,47,1,1/407,1/354,,0,0/407,0/354,1:1,19:10,19:10,{},{}
240000003122,OLD_CONTROL_MOD_120,240000004802,53,407,354,311,48,1,1/407,1/354,48,1,1/407,1/354,,0,0/407,0/354,1:1,3:1,3:1,{},{}
240000003122,OLD_CONTROL_MOD_120,240000004802,53,407,354,347,49,1,1/407,1/354,49,1,1/407,1/354,,0,0/407,0/354,1:1,17:13,17:13,{},{}
240000003122,OLD_CONTROL_MOD_120,240000004802,53,407,354,367,50,1,1/407,1/354,50,1,1/407,1/354,,0,0/407,0/354,1:1,9:13,9:13,{},{}
240000003122,OLD_CONTROL_MOD_120,240000004802,53,407,354,379,51,1,1/407,1/354,51,1,1/407,1/354,,0,0/407,0/354,1:1,0:10,0:10,{},{}
240000003122,OLD_CONTROL_MOD_120,240000004802,53,407,354,431,52,1,1/407,1/354,52,1,1/407,1/354,,0,0/407,0/354,1:1,12:15,12:15,{},{}
240000003122,OLD_CONTROL_MOD_120,240000004802,53,407,354,439,53,1,1/407,1/354,53,1,1/407,1/354,,0,0/407,0/354,1:1,21:0,21:0,{},{}
240000003122,OLD_CONTROL_MOD_120,240000004802,53,407,354,443,54,1,1/407,1/354,54,1,1/407,1/354,,0,0/407,0/354,1:1,22:5,22:5,{},{}
240000003122,OLD_CONTROL_MOD_120,240000004802,53,407,354,467,55,1,1/407,1/354,55,1,1/407,1/354,,0,0/407,0/354,1:1,13:3,13:3,{},{}
240000003122,OLD_CONTROL_MOD_120,240000004802,53,407,354,479,56,1,1/407,1/354,56,1,1/407,1/354,,0,0/407,0/354,1:1,9:13,9:13,{},{}
240000003122,OLD_CONTROL_MOD_120,240000004802,53,407,354,491,57,1,1/407,1/354,57,1,1/407,1/354,,0,0/407,0/354,1:1,22:0,22:0,{},{}
240000003122,OLD_CONTROL_MOD_120,240000004802,53,407,354,571,58,1,1/407,1/354,58,1,1/407,1/354,,0,0/407,0/354,1:1,20:11,20:11,{},{}
240000003122,OLD_CONTROL_MOD_120,240000004802,53,407,354,647,59,1,1/407,1/354,59,1,1/407,1/354,,0,0/407,0/354,1:1,10:12,10:12,{},{}
240000003122,OLD_CONTROL_MOD_120,240000004802,53,407,354,659,60,1,1/407,1/354,60,1,1/407,1/354,,0,0/407,0/354,1:1,9:8,9:8,{},{}
240000003122,OLD_CONTROL_MOD_120,240000004802,53,407,354,719,61,1,1/407,1/354,61,1,1/407,1/354,,0,0/407,0/354,1:1,9:11,9:11,{},{}
240000003122,OLD_CONTROL_MOD_120,240000004802,53,407,354,739,62,1,1/407,1/354,62,1,1/407,1/354,,0,0/407,0/354,1:1,2:7,2:7,{},{}
240000003122,OLD_CONTROL_MOD_120,240000004802,53,407,354,827,63,1,1/407,1/354,63,1,1/407,1/354,,0,0/407,0/354,1:1,15:15,15:15,{},{}
240000003122,OLD_CONTROL_MOD_120,240000004802,53,407,354,863,64,1,1/407,1/354,64,1,1/407,1/354,,0,0/407,0/354,1:1,11:4,11:4,{},{}
240000003122,OLD_CONTROL_MOD_120,240000004802,53,407,354,947,65,1,1/407,1/354,65,1,1/407,1/354,,0,0/407,0/354,1:1,11:16,11:16,{},{}
240000003122,OLD_CONTROL_MOD_120,240000004802,53,407,354,967,66,1,1/407,1/354,66,1,1/407,1/354,,0,0/407,0/354,1:1,0:11,0:11,{},{}
240000003122,OLD_CONTROL_MOD_120,240000004802,53,407,354,983,67,1,1/407,1/354,67,1,1/407,1/354,,0,0/407,0/354,1:1,13:12,13:12,{},{}
240000003122,OLD_CONTROL_MOD_120,240000004802,53,407,354,1039,68,1,1/407,1/354,68,1,1/407,1/354,,0,0/407,0/354,1:1,23:10,23:10,{},{}
240000003122,OLD_CONTROL_MOD_120,240000004802,53,407,354,1103,69,1,1/407,1/354,69,1,1/407,1/354,,0,0/407,0/354,1:1,1:3,1:3,{},{}
240000003122,OLD_CONTROL_MOD_120,240000004802,53,407,354,1151,70,1,1/407,1/354,70,1,1/407,1/354,,0,0/407,0/354,1:1,19:0,19:0,{},{}
240000003122,OLD_CONTROL_MOD_120,240000004802,53,407,354,1187,71,1,1/407,1/354,71,1,1/407,1/354,,0,0/407,0/354,1:1,9:1,9:1,{},{}
240000003122,OLD_CONTROL_MOD_120,240000004802,53,407,354,1231,72,1,1/407,1/354,72,1,1/407,1/354,,0,0/407,0/354,1:1,5:6,5:6,{},{}
240000003122,OLD_CONTROL_MOD_120,240000004802,53,407,354,1291,73,1,1/407,1/354,73,1,1/407,1/354,,0,0/407,0/354,1:1,8:8,8:8,{},{}
240000003122,OLD_CONTROL_MOD_120,240000004802,53,407,354,1307,74,1,1/407,1/354,74,1,1/407,1/354,,0,0/407,0/354,1:1,18:16,18:16,{},{}
240000003122,OLD_CONTROL_MOD_120,240000004802,53,407,354,1427,75,1,1/407,1/354,75,1,1/407,1/354,,0,0/407,0/354,1:1,23:4,23:4,{},{}
240000003122,OLD_CONTROL_MOD_120,240000004802,53,407,354,1439,76,1,1/407,1/354,76,1,1/407,1/354,,0,0/407,0/354,1:1,2:14,2:14,{},{}
240000003122,OLD_CONTROL_MOD_120,240000004802,53,407,354,1483,77,1,1/407,1/354,77,1,1/407,1/354,,0,0/407,0/354,1:1,11:7,11:7,{},{}
240000003122,OLD_CONTROL_MOD_120,240000004802,53,407,354,1543,78,1,1/407,1/354,78,1,1/407,1/354,,0,0/407,0/354,1:1,20:1,20:1,{},{}
240000003122,OLD_CONTROL_MOD_120,240000004802,53,407,354,1579,79,1,1/407,1/354,79,1,1/407,1/354,,0,0/407,0/354,1:1,1:7,1:7,{},{}
240000003122,OLD_CONTROL_MOD_120,240000004802,53,407,354,1627,80,1,1/407,1/354,80,1,1/407,1/354,,0,0/407,0/354,1:1,23:3,23:3,{},{}
240000003122,OLD_CONTROL_MOD_120,240000004802,53,407,354,1999,81,1,1/407,1/354,81,1,1/407,1/354,,0,0/407,0/354,1:1,3:5,3:5,{},{}
240000003122,OLD_CONTROL_MOD_120,240000004802,53,407,354,2003,82,1,1/407,1/354,82,1,1/407,1/354,,0,0/407,0/354,1:1,7:3,7:3,{},{}
240000003122,OLD_CONTROL_MOD_120,240000004802,53,407,354,2083,83,1,1/407,1/354,83,1,1/407,1/354,,0,0/407,0/354,1:1,17:11,17:11,{},{}
240000003122,OLD_CONTROL_MOD_120,240000004802,53,407,354,2251,84,1,1/407,1/354,84,1,1/407,1/354,,0,0/407,0/354,1:1,2:13,2:13,{},{}
240000003122,OLD_CONTROL_MOD_120,240000004802,53,407,354,2287,85,1,1/407,1/354,85,1,1/407,1/354,,0,0/407,0/354,1:1,18:14,18:14,{},{}
240000003122,OLD_CONTROL_MOD_120,240000004802,53,407,354,2383,86,1,1/407,1/354,86,1,1/407,1/354,,0,0/407,0/354,1:1,12:7,12:7,{},{}
240000003122,OLD_CONTROL_MOD_120,240000004802,53,407,354,2399,87,1,1/407,1/354,87,1,1/407,1/354,,0,0/407,0/354,1:1,4:5,4:5,{},{}
240000003122,OLD_CONTROL_MOD_120,240000004802,53,407,354,2447,88,1,1/407,1/354,88,1,1/407,1/354,,0,0/407,0/354,1:1,11:8,11:8,{},{}
240000003122,OLD_CONTROL_MOD_120,240000004802,53,407,354,2683,89,1,1/407,1/354,89,1,1/407,1/354,,0,0/407,0/354,1:1,12:13,12:13,{},{}
240000003122,OLD_CONTROL_MOD_120,240000004802,53,407,354,2719,90,1,1/407,1/354,90,1,1/407,1/354,,0,0/407,0/354,1:1,8:4,8:4,{},{}
240000003122,OLD_CONTROL_MOD_120,240000004802,53,407,354,2731,91,1,1/407,1/354,91,1,1/407,1/354,,0,0/407,0/354,1:1,3:7,3:7,{},{}
240000003122,OLD_CONTROL_MOD_120,240000004802,53,407,354,2791,92,1,1/407,1/354,92,1,1/407,1/354,,0,0/407,0/354,1:1,13:4,13:4,{},{}
240000003122,OLD_CONTROL_MOD_120,240000004802,53,407,354,3203,93,1,1/407,1/354,93,1,1/407,1/354,,0,0/407,0/354,1:1,15:11,15:11,{},{}
240000003122,OLD_CONTROL_MOD_120,240000004802,53,407,354,3347,94,1,1/407,1/354,94,1,1/407,1/354,,0,0/407,0/354,1:1,10:6,10:6,{},{}
240000003122,OLD_CONTROL_MOD_120,240000004802,53,407,354,3371,95,1,1/407,1/354,95,1,1/407,1/354,,0,0/407,0/354,1:1,0:8,0:8,{},{}
240000003122,OLD_CONTROL_MOD_120,240000004802,53,407,354,3391,96,1,1/407,1/354,96,1,1/407,1/354,,0,0/407,0/354,1:1,20:15,20:15,{},{}
240000003122,OLD_CONTROL_MOD_120,240000004802,53,407,354,3559,97,1,1/407,1/354,97,1,1/407,1/354,,0,0/407,0/354,1:1,23:2,23:2,{},{}
240000003122,OLD_CONTROL_MOD_120,240000004802,53,407,354,4159,98,1,1/407,1/354,98,1,1/407,1/354,,0,0/407,0/354,1:1,10:8,10:8,{},{}
240000003122,OLD_CONTROL_MOD_120,240000004802,53,407,354,4327,99,1,1/407,1/354,99,1,1/407,1/354,,0,0/407,0/354,1:1,20:13,20:13,{},{}
240000003122,OLD_CONTROL_MOD_120,240000004802,53,407,354,4339,100,1,1/407,1/354,100,1,1/407,1/354,,0,0/407,0/354,1:1,17:0,17:0,{},{}
240000003122,OLD_CONTROL_MOD_120,240000004802,53,407,354,4423,101,1,1/407,1/354,101,1,1/407,1/354,,0,0/407,0/354,1:1,20:16,20:16,{},{}
240000003122,OLD_CONTROL_MOD_120,240000004802,53,407,354,4703,102,1,1/407,1/354,102,1,1/407,1/354,,0,0/407,0/354,1:1,22:16,22:16,{},{}
240000003122,OLD_CONTROL_MOD_120,240000004802,53,407,354,4987,103,1,1/407,1/354,103,1,1/407,1/354,,0,0/407,0/354,1:1,9:2,9:2,{},{}
240000003122,OLD_CONTROL_MOD_120,240000004802,53,407,354,5023,104,1,1/407,1/354,104,1,1/407,1/354,,0,0/407,0/354,1:1,5:14,5:14,{},{}
240000003122,OLD_CONTROL_MOD_120,240000004802,53,407,354,5563,105,1,1/407,1/354,105,1,1/407,1/354,,0,0/407,0/354,1:1,3:3,3:3,{},{}
240000003122,OLD_CONTROL_MOD_120,240000004802,53,407,354,5807,106,1,1/407,1/354,106,1,1/407,1/354,,0,0/407,0/354,1:1,5:11,5:11,{},{}
240000003122,OLD_CONTROL_MOD_120,240000004802,53,407,354,5843,107,1,1/407,1/354,107,1,1/407,1/354,,0,0/407,0/354,1:1,13:3,13:3,{},{}
240000003122,OLD_CONTROL_MOD_120,240000004802,53,407,354,5879,108,1,1/407,1/354,108,1,1/407,1/354,,0,0/407,0/354,1:1,19:6,19:6,{},{}
240000003122,OLD_CONTROL_MOD_120,240000004802,53,407,354,5923,109,1,1/407,1/354,109,1,1/407,1/354,,0,0/407,0/354,1:1,13:4,13:4,{},{}
240000003122,OLD_CONTROL_MOD_120,240000004802,53,407,354,6287,110,1,1/407,1/354,110,1,1/407,1/354,,0,0/407,0/354,1:1,20:4,20:4,{},{}
240000003122,OLD_CONTROL_MOD_120,240000004802,53,407,354,6367,111,1,1/407,1/354,111,1,1/407,1/354,,0,0/407,0/354,1:1,5:2,5:2,{},{}
240000003122,OLD_CONTROL_MOD_120,240000004802,53,407,354,6599,112,1,1/407,1/354,112,1,1/407,1/354,,0,0/407,0/354,1:1,16:4,16:4,{},{}
240000003122,OLD_CONTROL_MOD_120,240000004802,53,407,354,6803,113,1,1/407,1/354,113,1,1/407,1/354,,0,0/407,0/354,1:1,5:13,5:13,{},{}
240000003122,OLD_CONTROL_MOD_120,240000004802,53,407,354,7699,114,1,1/407,1/354,114,1,1/407,1/354,,0,0/407,0/354,1:1,0:0,0:0,{},{}
240000003122,OLD_CONTROL_MOD_120,240000004802,53,407,354,8539,115,1,1/407,1/354,115,1,1/407,1/354,,0,0/407,0/354,1:1,7:8,7:8,{},{}
240000003122,OLD_CONTROL_MOD_120,240000004802,53,407,354,8819,116,1,1/407,1/354,116,1,1/407,1/354,,0,0/407,0/354,1:1,23:4,23:4,{},{}
240000003122,OLD_CONTROL_MOD_120,240000004802,53,407,354,8831,117,1,1/407,1/354,117,1,1/407,1/354,,0,0/407,0/354,1:1,16:1,16:1,{},{}
240000003122,OLD_CONTROL_MOD_120,240000004802,53,407,354,9391,118,1,1/407,1/354,118,1,1/407,1/354,,0,0/407,0/354,1:1,13:5,13:5,{},{}
240000003122,OLD_CONTROL_MOD_120,240000004802,53,407,354,9587,119,1,1/407,1/354,119,1,1/407,1/354,,0,0/407,0/354,1:1,21:8,21:8,{},{}
240000003122,OLD_CONTROL_MOD_120,240000004802,53,407,354,9803,120,1,1/407,1/354,120,1,1/407,1/354,,0,0/407,0/354,1:1,23:12,23:12,{},{}
240000003122,OLD_CONTROL_MOD_120,240000004802,53,407,354,10639,121,1,1/407,1/354,121,1,1/407,1/354,,0,0/407,0/354,1:1,9:9,9:9,{},{}
240000003122,OLD_CONTROL_MOD_120,240000004802,53,407,354,11119,122,1,1/407,1/354,122,1,1/407,1/354,,0,0/407,0/354,1:1,18:4,18:4,{},{}
240000003122,OLD_CONTROL_MOD_120,240000004802,53,407,354,11831,123,1,1/407,1/354,123,1,1/407,1/354,,0,0/407,0/354,1:1,11:10,11:10,{},{}
240000003122,OLD_CONTROL_MOD_120,240000004802,53,407,354,11959,124,1,1/407,1/354,124,1,1/407,1/354,,0,0/407,0/354,1:1,8:9,8:9,{},{}
240000003122,OLD_CONTROL_MOD_120,240000004802,53,407,354,12211,125,1,1/407,1/354,125,1,1/407,1/354,,0,0/407,0/354,1:1,19:11,19:11,{},{}
240000003122,OLD_CONTROL_MOD_120,240000004802,53,407,354,12703,126,1,1/407,1/354,126,1,1/407,1/354,,0,0/407,0/354,1:1,5:16,5:16,{},{}
240000003122,OLD_CONTROL_MOD_120,240000004802,53,407,354,13331,127,1,1/407,1/354,127,1,1/407,1/354,,0,0/407,0/354,1:1,14:0,14:0,{},{}
240000003122,OLD_CONTROL_MOD_120,240000004802,53,407,354,14563,128,1,1/407,1/354,128,1,1/407,1/354,,0,0/407,0/354,1:1,21:5,21:5,{},{}
240000003122,OLD_CONTROL_MOD_120,240000004802,53,407,354,14867,129,1,1/407,1/354,129,1,1/407,1/354,,0,0/407,0/354,1:1,7:15,7:15,{},{}
240000003122,OLD_CONTROL_MOD_120,240000004802,53,407,354,15803,130,1,1/407,1/354,130,1,1/407,1/354,,0,0/407,0/354,1:1,3:3,3:3,{},{}
240000003122,OLD_CONTROL_MOD_120,240000004802,53,407,354,18119,131,1,1/407,1/354,131,1,1/407,1/354,,0,0/407,0/354,1:1,9:14,9:14,{},{}
240000003122,OLD_CONTROL_MOD_120,240000004802,53,407,354,18671,132,1,1/407,1/354,132,1,1/407,1/354,,0,0/407,0/354,1:1,13:13,13:13,{},{}
240000003122,OLD_CONTROL_MOD_120,240000004802,53,407,354,19423,133,1,1/407,1/354,133,1,1/407,1/354,,0,0/407,0/354,1:1,23:2,23:2,{},{}
240000003122,OLD_CONTROL_MOD_120,240000004802,53,407,354,20543,134,1,1/407,1/354,134,1,1/407,1/354,,0,0/407,0/354,1:1,16:12,16:12,{},{}
240000003122,OLD_CONTROL_MOD_120,240000004802,53,407,354,21323,135,1,1/407,1/354,135,1,1/407,1/354,,0,0/407,0/354,1:1,0:3,0:3,{},{}
240000003122,OLD_CONTROL_MOD_120,240000004802,53,407,354,23911,136,1,1/407,1/354,136,1,1/407,1/354,,0,0/407,0/354,1:1,12:7,12:7,{},{}
240000003122,OLD_CONTROL_MOD_120,240000004802,53,407,354,24547,137,1,1/407,1/354,137,1,1/407,1/354,,0,0/407,0/354,1:1,3:16,3:16,{},{}
240000003122,OLD_CONTROL_MOD_120,240000004802,53,407,354,24799,138,1,1/407,1/354,138,1,1/407,1/354,,0,0/407,0/354,1:1,13:14,13:14,{},{}
240000003122,OLD_CONTROL_MOD_120,240000004802,53,407,354,31511,139,1,1/407,1/354,139,1,1/407,1/354,,0,0/407,0/354,1:1,6:3,6:3,{},{}
240000003122,OLD_CONTROL_MOD_120,240000004802,53,407,354,32479,140,1,1/407,1/354,140,1,1/407,1/354,,0,0/407,0/354,1:1,7:5,7:5,{},{}
240000003122,OLD_CONTROL_MOD_120,240000004802,53,407,354,33863,141,1,1/407,1/354,141,1,1/407,1/354,,0,0/407,0/354,1:1,7:8,7:8,{},{}
240000003122,OLD_CONTROL_MOD_120,240000004802,53,407,354,38747,142,1,1/407,1/354,142,1,1/407,1/354,,0,0/407,0/354,1:1,4:3,4:3,{},{}
240000003122,OLD_CONTROL_MOD_120,240000004802,53,407,354,39323,143,1,1/407,1/354,143,1,1/407,1/354,,0,0/407,0/354,1:1,5:6,5:6,{},{}
240000003122,OLD_CONTROL_MOD_120,240000004802,53,407,354,40459,144,1,1/407,1/354,144,1,1/407,1/354,,0,0/407,0/354,1:1,19:12,19:12,{},{}
240000003122,OLD_CONTROL_MOD_120,240000004802,53,407,354,48271,145,1,1/407,1/354,145,1,1/407,1/354,,0,0/407,0/354,1:1,17:5,17:5,{},{}
240000003122,OLD_CONTROL_MOD_120,240000004802,53,407,354,48823,146,1,1/407,1/354,146,1,1/407,1/354,,0,0/407,0/354,1:1,6:3,6:3,{},{}
240000003122,OLD_CONTROL_MOD_120,240000004802,53,407,354,57223,147,1,1/407,1/354,147,1,1/407,1/354,,0,0/407,0/354,1:1,21:1,21:1,{},{}
240000003122,OLD_CONTROL_MOD_120,240000004802,53,407,354,60659,148,1,1/407,1/354,148,1,1/407,1/354,,0,0/407,0/354,1:1,0:4,0:4,{},{}
240000003122,OLD_CONTROL_MOD_120,240000004802,53,407,354,78007,149,1,1/407,1/354,149,1,1/407,1/354,,0,0/407,0/354,1:1,1:8,1:8,{},{}
240000003122,OLD_CONTROL_MOD_120,240000004802,53,407,354,86131,150,1,1/407,1/354,150,1,1/407,1/354,,0,0/407,0/354,1:1,1:16,1:16,{},{}
240000003122,OLD_CONTROL_MOD_120,240000004802,53,407,354,88211,151,1,1/407,1/354,151,1,1/407,1/354,,0,0/407,0/354,1:1,6:15,6:15,{},{}
240000003122,OLD_CONTROL_MOD_120,240000004802,53,407,354,89371,152,1,1/407,1/354,152,1,1/407,1/354,,0,0/407,0/354,1:1,19:3,19:3,{},{}
240000003122,OLD_CONTROL_MOD_120,240000004802,53,407,354,90731,153,1,1/407,1/354,153,1,1/407,1/354,,0,0/407,0/354,1:1,23:8,23:8,{},{}
240000003122,OLD_CONTROL_MOD_120,240000004802,53,407,354,92779,154,1,1/407,1/354,154,1,1/407,1/354,,0,0/407,0/354,1:1,15:15,15:15,{},{}
240000003122,OLD_CONTROL_MOD_120,240000004802,53,407,354,97787,155,1,1/407,1/354,155,1,1/407,1/354,,0,0/407,0/354,1:1,1:0,1:0,{},{}
240000003122,OLD_CONTROL_MOD_120,240000004802,53,407,354,98807,156,1,1/407,1/354,156,1,1/407,1/354,,0,0/407,0/354,1:1,22:11,22:11,{},{}
240000003122,OLD_CONTROL_MOD_120,240000004802,53,407,354,101347,157,1,1/407,1/354,157,1,1/407,1/354,,0,0/407,0/354,1:1,5:15,5:15,{},{}
240000003122,OLD_CONTROL_MOD_120,240000004802,53,407,354,109919,158,1,1/407,1/354,158,1,1/407,1/354,,0,0/407,0/354,1:1,1:4,1:4,{},{}
240000003122,OLD_CONTROL_MOD_120,240000004802,53,407,354,123583,159,1,1/407,1/354,159,1,1/407,1/354,,0,0/407,0/354,1:1,19:2,19:2,{},{}
240000003122,OLD_CONTROL_MOD_120,240000004802,53,407,354,129887,160,1,1/407,1/354,160,1,1/407,1/354,,0,0/407,0/354,1:1,0:0,0:0,{},{}
240000003122,OLD_CONTROL_MOD_120,240000004802,53,407,354,132863,161,1,1/407,1/354,161,1,1/407,1/354,,0,0/407,0/354,1:1,4:1,4:1,{},{}
240000003122,OLD_CONTROL_MOD_120,240000004802,53,407,354,134999,162,1,1/407,1/354,162,1,1/407,1/354,,0,0/407,0/354,1:1,19:14,19:14,{},{}
240000003122,OLD_CONTROL_MOD_120,240000004802,53,407,354,137399,163,1,1/407,1/354,163,1,1/407,1/354,,0,0/407,0/354,1:1,13:5,13:5,{},{}
240000003122,OLD_CONTROL_MOD_120,240000004802,53,407,354,143551,164,1,1/407,1/354,164,1,1/407,1/354,,0,0/407,0/354,1:1,12:1,12:1,{},{}
240000003122,OLD_CONTROL_MOD_120,240000004802,53,407,354,148403,165,1,1/407,1/354,165,1,1/407,1/354,,0,0/407,0/354,1:1,5:2,5:2,{},{}
240000003122,OLD_CONTROL_MOD_120,240000004802,53,407,354,152123,166,1,1/407,1/354,166,1,1/407,1/354,,0,0/407,0/354,1:1,13:14,13:14,{},{}
240000003122,OLD_CONTROL_MOD_120,240000004802,53,407,354,152239,167,1,1/407,1/354,167,1,1/407,1/354,,0,0/407,0/354,1:1,19:10,19:10,{},{}
240000003122,OLD_CONTROL_MOD_120,240000004802,53,407,354,160159,168,1,1/407,1/354,168,1,1/407,1/354,,0,0/407,0/354,1:1,5:11,5:11,{},{}
240000003122,OLD_CONTROL_MOD_120,240000004802,53,407,354,161911,169,1,1/407,1/354,169,1,1/407,1/354,,0,0/407,0/354,1:1,14:16,14:16,{},{}
240000003122,OLD_CONTROL_MOD_120,240000004802,53,407,354,164011,170,1,1/407,1/354,170,1,1/407,1/354,,0,0/407,0/354,1:1,19:5,19:5,{},{}
240000003122,OLD_CONTROL_MOD_120,240000004802,53,407,354,172279,171,1,1/407,1/354,171,1,1/407,1/354,,0,0/407,0/354,1:1,21:13,21:13,{},{}
240000003122,OLD_CONTROL_MOD_120,240000004802,53,407,354,181499,172,1,1/407,1/354,172,1,1/407,1/354,,0,0/407,0/354,1:1,10:11,10:11,{},{}
240000003122,OLD_CONTROL_MOD_120,240000004802,53,407,354,199999,173,1,1/407,1/354,173,1,1/407,1/354,,0,0/407,0/354,1:1,1:5,1:5,{},{}
240000003122,OLD_CONTROL_MOD_120,240000004802,53,407,354,205063,174,1,1/407,1/354,174,1,1/407,1/354,,0,0/407,0/354,1:1,8:5,8:5,{},{}
240000003122,OLD_CONTROL_MOD_120,240000004802,53,407,354,206383,175,1,1/407,1/354,175,1,1/407,1/354,,0,0/407,0/354,1:1,14:10,14:10,{},{}
240000003122,OLD_CONTROL_MOD_120,240000004802,53,407,354,211891,176,1,1/407,1/354,176,1,1/407,1/354,,0,0/407,0/354,1:1,0:8,0:8,{},{}
240000003122,OLD_CONTROL_MOD_120,240000004802,53,407,354,216451,177,1,1/407,1/354,177,1,1/407,1/354,,0,0/407,0/354,1:1,0:3,0:3,{},{}
240000003122,OLD_CONTROL_MOD_120,240000004802,53,407,354,223463,178,1,1/407,1/354,178,1,1/407,1/354,,0,0/407,0/354,1:1,3:14,3:14,{},{}
240000003122,OLD_CONTROL_MOD_120,240000004802,53,407,354,228383,179,1,1/407,1/354,179,1,1/407,1/354,,0,0/407,0/354,1:1,22:14,22:14,{},{}
240000003122,OLD_CONTROL_MOD_120,240000004802,53,407,354,267647,180,1,1/407,1/354,180,1,1/407,1/354,,0,0/407,0/354,1:1,18:0,18:0,{},{}
240000003122,OLD_CONTROL_MOD_120,240000004802,53,407,354,280603,181,1,1/407,1/354,181,1,1/407,1/354,,0,0/407,0/354,1:1,11:13,11:13,{},{}
240000003122,OLD_CONTROL_MOD_120,240000004802,53,407,354,284083,182,1,1/407,1/354,182,1,1/407,1/354,,0,0/407,0/354,1:1,16:4,16:4,{},{}
240000003122,OLD_CONTROL_MOD_120,240000004802,53,407,354,349579,183,1,1/407,1/354,183,1,1/407,1/354,,0,0/407,0/354,1:1,10:10,10:10,{},{}
240000003122,OLD_CONTROL_MOD_120,240000004802,53,407,354,369979,184,1,1/407,1/354,184,1,1/407,1/354,,0,0/407,0/354,1:1,23:5,23:5,{},{}
240000003122,OLD_CONTROL_MOD_120,240000004802,53,407,354,394931,185,1,1/407,1/354,185,1,1/407,1/354,,0,0/407,0/354,1:1,14:8,14:8,{},{}
240000003122,OLD_CONTROL_MOD_120,240000004802,53,407,354,466139,186,1,1/407,1/354,186,1,1/407,1/354,,0,0/407,0/354,1:1,20:12,20:12,{},{}
240000003122,OLD_CONTROL_MOD_120,240000004802,53,407,354,527407,187,1,1/407,1/354,187,1,1/407,1/354,,0,0/407,0/354,1:1,1:13,1:13,{},{}
240000003122,OLD_CONTROL_MOD_120,240000004802,53,407,354,570403,188,1,1/407,1/354,188,1,1/407,1/354,,0,0/407,0/354,1:1,15:2,15:2,{},{}
240000003122,OLD_CONTROL_MOD_120,240000004802,53,407,354,598123,189,1,1/407,1/354,189,1,1/407,1/354,,0,0/407,0/354,1:1,0:9,0:9,{},{}
240000003122,OLD_CONTROL_MOD_120,240000004802,53,407,354,710483,190,1,1/407,1/354,190,1,1/407,1/354,,0,0/407,0/354,1:1,13:13,13:13,{},{}
240000003122,OLD_CONTROL_MOD_120,240000004802,53,407,354,716383,191,1,1/407,1/354,191,1,1/407,1/354,,0,0/407,0/354,1:1,18:15,18:15,{},{}
240000003122,OLD_CONTROL_MOD_120,240000004802,53,407,354,777251,192,1,1/407,1/354,192,1,1/407,1/354,,0,0/407,0/354,1:1,6:10,6:10,{},{}
240000003122,OLD_CONTROL_MOD_120,240000004802,53,407,354,821939,193,1,1/407,1/354,193,1,1/407,1/354,,0,0/407,0/354,1:1,2:8,2:8,{},{}
240000003122,OLD_CONTROL_MOD_120,240000004802,53,407,354,886819,194,1,1/407,1/354,194,1,1/407,1/354,,0,0/407,0/354,1:1,11:1,11:1,{},{}
240000003122,OLD_CONTROL_MOD_120,240000004802,53,407,354,899491,195,1,1/407,1/354,195,1,1/407,1/354,,0,0/407,0/354,1:1,17:2,17:2,{},{}
240000003122,OLD_CONTROL_MOD_120,240000004802,53,407,354,981091,196,1,1/407,1/354,196,1,1/407,1/354,,0,0/407,0/354,1:1,17:1,17:1,{},{}
240000003122,OLD_CONTROL_MOD_120,240000004802,53,407,354,992819,197,1,1/407,1/354,197,1,1/407,1/354,,0,0/407,0/354,1:1,7:12,7:12,{},{}
240000003122,OLD_CONTROL_MOD_120,240000004802,53,407,354,1036883,198,1,1/407,1/354,198,1,1/407,1/354,,0,0/407,0/354,1:1,19:15,19:15,{},{}
240000003122,OLD_CONTROL_MOD_120,240000004802,53,407,354,1130407,199,1,1/407,1/354,199,1,1/407,1/354,,0,0/407,0/354,1:1,0:16,0:16,{},{}
240000003122,OLD_CONTROL_MOD_120,240000004802,53,407,354,1334947,200,1,1/407,1/354,200,1,1/407,1/354,,0,0/407,0/354,1:1,0:13,0:13,{},{}
240000003122,OLD_CONTROL_MOD_120,240000004802,53,407,354,1543127,201,1,1/407,1/354,201,1,1/407,1/354,,0,0/407,0/354,1:1,12:6,12:6,{},{}
240000003122,OLD_CONTROL_MOD_120,240000004802,53,407,354,1903063,202,1,1/407,1/354,202,1,1/407,1/354,,0,0/407,0/354,1:1,12:8,12:8,{},{}
240000003122,OLD_CONTROL_MOD_120,240000004802,53,407,354,2002579,203,1,1/407,1/354,203,1,1/407,1/354,,0,0/407,0/354,1:1,18:3,18:3,{},{}
240000003122,OLD_CONTROL_MOD_120,240000004802,53,407,354,2215979,204,1,1/407,1/354,204,1,1/407,1/354,,0,0/407,0/354,1:1,17:3,17:3,{},{}
240000003122,OLD_CONTROL_MOD_120,240000004802,53,407,354,2383411,205,1,1/407,1/354,205,1,1/407,1/354,,0,0/407,0/354,1:1,15:4,15:4,{},{}
240000003122,OLD_CONTROL_MOD_120,240000004802,53,407,354,3236507,206,1,1/407,1/354,206,1,1/407,1/354,,0,0/407,0/354,1:1,12:16,12:16,{},{}
240000003122,OLD_CONTROL_MOD_120,240000004802,53,407,354,3347959,207,1,1/407,1/354,207,1,1/407,1/354,,0,0/407,0/354,1:1,20:5,20:5,{},{}
240000003122,OLD_CONTROL_MOD_120,240000004802,53,407,354,3993043,208,1,1/407,1/354,208,1,1/407,1/354,,0,0/407,0/354,1:1,6:14,6:14,{},{}
240000003122,OLD_CONTROL_MOD_120,240000004802,53,407,354,4027927,209,1,1/407,1/354,209,1,1/407,1/354,,0,0/407,0/354,1:1,6:2,6:2,{},{}
240000003122,OLD_CONTROL_MOD_120,240000004802,53,407,354,4214503,210,1,1/407,1/354,210,1,1/407,1/354,,0,0/407,0/354,1:1,1:14,1:14,{},{}
240000003122,OLD_CONTROL_MOD_120,240000004802,53,407,354,4304191,211,1,1/407,1/354,211,1,1/407,1/354,,0,0/407,0/354,1:1,4:13,4:13,{},{}
240000003122,OLD_CONTROL_MOD_120,240000004802,53,407,354,4930039,212,1,1/407,1/354,212,1,1/407,1/354,,0,0/407,0/354,1:1,20:11,20:11,{},{}
240000003122,OLD_CONTROL_MOD_120,240000004802,53,407,354,5025487,213,1,1/407,1/354,213,1,1/407,1/354,,0,0/407,0/354,1:1,16:5,16:5,{},{}
240000003122,OLD_CONTROL_MOD_120,240000004802,53,407,354,5272871,214,1,1/407,1/354,214,1,1/407,1/354,,0,0/407,0/354,1:1,8:3,8:3,{},{}
240000003122,OLD_CONTROL_MOD_120,240000004802,53,407,354,5585179,215,1,1/407,1/354,215,1,1/407,1/354,,0,0/407,0/354,1:1,17:10,17:10,{},{}
240000003122,OLD_CONTROL_MOD_120,240000004802,53,407,354,5921159,216,1,1/407,1/354,216,1,1/407,1/354,,0,0/407,0/354,1:1,21:3,21:3,{},{}
240000003122,OLD_CONTROL_MOD_120,240000004802,53,407,354,5947951,217,1,1/407,1/354,217,1,1/407,1/354,,0,0/407,0/354,1:1,11:5,11:5,{},{}
240000003122,OLD_CONTROL_MOD_120,240000004802,53,407,354,6371723,218,1,1/407,1/354,218,1,1/407,1/354,,0,0/407,0/354,1:1,16:16,16:16,{},{}
240000003122,OLD_CONTROL_MOD_120,240000004802,53,407,354,7587247,219,1,1/407,1/354,219,1,1/407,1/354,,0,0/407,0/354,1:1,22:0,22:0,{},{}
240000003122,OLD_CONTROL_MOD_120,240000004802,53,407,354,8707007,220,1,1/407,1/354,220,1,1/407,1/354,,0,0/407,0/354,1:1,10:5,10:5,{},{}
240000003122,OLD_CONTROL_MOD_120,240000004802,53,407,354,9120151,221,1,1/407,1/354,221,1,1/407,1/354,,0,0/407,0/354,1:1,7:11,7:11,{},{}
240000003122,OLD_CONTROL_MOD_120,240000004802,53,407,354,9264599,222,1,1/407,1/354,222,1,1/407,1/354,,0,0/407,0/354,1:1,21:16,21:16,{},{}
240000003122,OLD_CONTROL_MOD_120,240000004802,53,407,354,10111747,223,1,1/407,1/354,223,1,1/407,1/354,,0,0/407,0/354,1:1,17:4,17:4,{},{}
240000003122,OLD_CONTROL_MOD_120,240000004802,53,407,354,10534547,224,1,1/407,1/354,224,1,1/407,1/354,,0,0/407,0/354,1:1,5:9,5:9,{},{}
240000003122,OLD_CONTROL_MOD_120,240000004802,53,407,354,10961927,225,1,1/407,1/354,225,1,1/407,1/354,,0,0/407,0/354,1:1,3:15,3:15,{},{}
240000003122,OLD_CONTROL_MOD_120,240000004802,53,407,354,11232799,226,1,1/407,1/354,226,1,1/407,1/354,,0,0/407,0/354,1:1,9:1,9:1,{},{}
240000003122,OLD_CONTROL_MOD_120,240000004802,53,407,354,13267283,227,1,1/407,1/354,227,1,1/407,1/354,,0,0/407,0/354,1:1,19:13,19:13,{},{}
240000003122,OLD_CONTROL_MOD_120,240000004802,53,407,354,13454699,228,1,1/407,1/354,228,1,1/407,1/354,,0,0/407,0/354,1:1,4:14,4:14,{},{}
240000003122,OLD_CONTROL_MOD_120,240000004802,53,407,354,16148567,229,1,1/407,1/354,229,1,1/407,1/354,,0,0/407,0/354,1:1,5:3,5:3,{},{}
240000003122,OLD_CONTROL_MOD_120,240000004802,53,407,354,16163767,230,1,1/407,1/354,230,1,1/407,1/354,,0,0/407,0/354,1:1,4:8,4:8,{},{}
240000003122,OLD_CONTROL_MOD_120,240000004802,53,407,354,17226523,231,1,1/407,1/354,231,1,1/407,1/354,,0,0/407,0/354,1:1,8:7,8:7,{},{}
240000003122,OLD_CONTROL_MOD_120,240000004802,53,407,354,21182159,232,1,1/407,1/354,232,1,1/407,1/354,,0,0/407,0/354,1:1,18:2,18:2,{},{}
240000003122,OLD_CONTROL_MOD_120,240000004802,53,407,354,22432247,233,1,1/407,1/354,233,1,1/407,1/354,,0,0/407,0/354,1:1,8:12,8:12,{},{}
240000003122,OLD_CONTROL_MOD_120,240000004802,53,407,354,26948123,234,1,1/407,1/354,234,1,1/407,1/354,,0,0/407,0/354,1:1,9:0,9:0,{},{}
240000003122,OLD_CONTROL_MOD_120,240000004802,53,407,354,27171307,235,1,1/407,1/354,235,1,1/407,1/354,,0,0/407,0/354,1:1,19:9,19:9,{},{}
240000003122,OLD_CONTROL_MOD_120,240000004802,53,407,354,29476787,236,1,1/407,1/354,236,1,1/407,1/354,,0,0/407,0/354,1:1,5:5,5:5,{},{}
240000003122,OLD_CONTROL_MOD_120,240000004802,53,407,354,30832427,237,1,1/407,1/354,237,1,1/407,1/354,,0,0/407,0/354,1:1,6:8,6:8,{},{}
240000003122,OLD_CONTROL_MOD_120,240000004802,53,407,354,33660587,238,1,1/407,1/354,238,1,1/407,1/354,,0,0/407,0/354,1:1,7:6,7:6,{},{}
240000003122,OLD_CONTROL_MOD_120,240000004802,53,407,354,34407911,239,1,1/407,1/354,239,1,1/407,1/354,,0,0/407,0/354,1:1,17:14,17:14,{},{}
240000003122,OLD_CONTROL_MOD_120,240000004802,53,407,354,37819099,240,1,1/407,1/354,240,1,1/407,1/354,,0,0/407,0/354,1:1,5:4,5:4,{},{}
240000003122,OLD_CONTROL_MOD_120,240000004802,53,407,354,37875611,241,1,1/407,1/354,241,1,1/407,1/354,,0,0/407,0/354,1:1,22:7,22:7,{},{}
240000003122,OLD_CONTROL_MOD_120,240000004802,53,407,354,37974683,242,1,1/407,1/354,242,1,1/407,1/354,,0,0/407,0/354,1:1,8:0,8:0,{},{}
240000003122,OLD_CONTROL_MOD_120,240000004802,53,407,354,38208479,243,1,1/407,1/354,243,1,1/407,1/354,,0,0/407,0/354,1:1,17:13,17:13,{},{}
240000003122,OLD_CONTROL_MOD_120,240000004802,53,407,354,38787103,244,1,1/407,1/354,244,1,1/407,1/354,,0,0/407,0/354,1:1,17:12,17:12,{},{}
240000003122,OLD_CONTROL_MOD_120,240000004802,53,407,354,38897891,245,1,1/407,1/354,245,1,1/407,1/354,,0,0/407,0/354,1:1,3:6,3:6,{},{}
240000003122,OLD_CONTROL_MOD_120,240000004802,53,407,354,39305599,246,1,1/407,1/354,246,1,1/407,1/354,,0,0/407,0/354,1:1,1:6,1:6,{},{}
240000003122,OLD_CONTROL_MOD_120,240000004802,53,407,354,43156331,247,1,1/407,1/354,247,1,1/407,1/354,,0,0/407,0/354,1:1,13:15,13:15,{},{}
240000003122,OLD_CONTROL_MOD_120,240000004802,53,407,354,56261851,248,1,1/407,1/354,248,1,1/407,1/354,,0,0/407,0/354,1:1,22:1,22:1,{},{}
240000003122,OLD_CONTROL_MOD_120,240000004802,53,407,354,56888059,249,1,1/407,1/354,249,1,1/407,1/354,,0,0/407,0/354,1:1,18:7,18:7,{},{}
240000003122,OLD_CONTROL_MOD_120,240000004802,53,407,354,60146291,250,1,1/407,1/354,250,1,1/407,1/354,,0,0/407,0/354,1:1,15:9,15:9,{},{}
240000003122,OLD_CONTROL_MOD_120,240000004802,53,407,354,64377559,251,1,1/407,1/354,251,1,1/407,1/354,,0,0/407,0/354,1:1,17:7,17:7,{},{}
240000003122,OLD_CONTROL_MOD_120,240000004802,53,407,354,65609623,252,1,1/407,1/354,252,1,1/407,1/354,,0,0/407,0/354,1:1,7:0,7:0,{},{}
240000003122,OLD_CONTROL_MOD_120,240000004802,53,407,354,80955187,253,1,1/407,1/354,253,1,1/407,1/354,,0,0/407,0/354,1:1,6:11,6:11,{},{}
240000003122,OLD_CONTROL_MOD_120,240000004802,53,407,354,84582527,254,1,1/407,1/354,254,1,1/407,1/354,,0,0/407,0/354,1:1,23:13,23:13,{},{}
240000003122,OLD_CONTROL_MOD_120,240000004802,53,407,354,103459663,255,1,1/407,1/354,255,1,1/407,1/354,,0,0/407,0/354,1:1,18:5,18:5,{},{}
240000003122,OLD_CONTROL_MOD_120,240000004802,53,407,354,115345387,256,1,1/407,1/354,256,1,1/407,1/354,,0,0/407,0/354,1:1,15:13,15:13,{},{}
240000003122,OLD_CONTROL_MOD_120,240000004802,53,407,354,145630747,257,1,1/407,1/354,257,1,1/407,1/354,,0,0/407,0/354,1:1,12:4,12:4,{},{}
240000003122,OLD_CONTROL_MOD_120,240000004802,53,407,354,148346423,258,1,1/407,1/354,258,1,1/407,1/354,,0,0/407,0/354,1:1,19:4,19:4,{},{}
240000003122,OLD_CONTROL_MOD_120,240000004802,53,407,354,179967719,259,1,1/407,1/354,259,1,1/407,1/354,,0,0/407,0/354,1:1,4:15,4:15,{},{}
240000003122,OLD_CONTROL_MOD_120,240000004802,53,407,354,198891571,260,1,1/407,1/354,260,1,1/407,1/354,,0,0/407,0/354,1:1,0:14,0:14,{},{}
240000003122,OLD_CONTROL_MOD_120,240000004802,53,407,354,394207591,261,1,1/407,1/354,261,1,1/407,1/354,,0,0/407,0/354,1:1,23:6,23:6,{},{}
240000003122,OLD_CONTROL_MOD_120,240000004802,53,407,354,413890811,262,1,1/407,1/354,262,1,1/407,1/354,,0,0/407,0/354,1:1,21:12,21:12,{},{}
240000003122,OLD_CONTROL_MOD_120,240000004802,53,407,354,422096971,263,1,1/407,1/354,263,1,1/407,1/354,,0,0/407,0/354,1:1,14:12,14:12,{},{}
240000003122,OLD_CONTROL_MOD_120,240000004802,53,407,354,489795919,264,1,1/407,1/354,264,1,1/407,1/354,,0,0/407,0/354,1:1,7:4,7:4,{},{}
240000003122,OLD_CONTROL_MOD_120,240000004802,53,407,354,514497559,265,1,1/407,1/354,265,1,1/407,1/354,,0,0/407,0/354,1:1,1:12,1:12,{},{}
240000003122,OLD_CONTROL_MOD_120,240000004802,53,407,354,540536147,266,1,1/407,1/354,266,1,1/407,1/354,,0,0/407,0/354,1:1,6:9,6:9,{},{}
240000003122,OLD_CONTROL_MOD_120,240000004802,53,407,354,575079299,267,1,1/407,1/354,267,1,1/407,1/354,,0,0/407,0/354,1:1,10:16,10:16,{},{}
240000003122,OLD_CONTROL_MOD_120,240000004802,53,407,354,615259423,268,1,1/407,1/354,268,1,1/407,1/354,,0,0/407,0/354,1:1,3:11,3:11,{},{}
240000003122,OLD_CONTROL_MOD_120,240000004802,53,407,354,632152663,269,1,1/407,1/354,269,1,1/407,1/354,,0,0/407,0/354,1:1,7:14,7:14,{},{}
240000003122,OLD_CONTROL_MOD_120,240000004802,53,407,354,658343663,270,1,1/407,1/354,270,1,1/407,1/354,,0,0/407,0/354,1:1,17:15,17:15,{},{}
240000003122,OLD_CONTROL_MOD_120,240000004802,53,407,354,697646039,271,1,1/407,1/354,271,1,1/407,1/354,,0,0/407,0/354,1:1,4:10,4:10,{},{}
240000003122,OLD_CONTROL_MOD_120,240000004802,53,407,354,769380607,272,1,1/407,1/354,272,1,1/407,1/354,,0,0/407,0/354,1:1,14:14,14:14,{},{}
240000003122,OLD_CONTROL_MOD_120,240000004802,53,407,354,881453423,273,1,1/407,1/354,273,1,1/407,1/354,,0,0/407,0/354,1:1,12:12,12:12,{},{}
240000003122,OLD_CONTROL_MOD_120,240000004802,53,407,354,1026663619,274,1,1/407,1/354,274,1,1/407,1/354,,0,0/407,0/354,1:1,16:15,16:15,{},{}
240000003122,OLD_CONTROL_MOD_120,240000004802,53,407,354,1304347843,275,1,1/407,1/354,275,1,1/407,1/354,,0,0/407,0/354,1:1,2:0,2:0,{},{}
240000003122,OLD_CONTROL_MOD_120,240000004802,53,407,354,1396548319,276,1,1/407,1/354,276,1,1/407,1/354,,0,0/407,0/354,1:1,11:15,11:15,{},{}
240000003122,OLD_CONTROL_MOD_120,240000004802,53,407,354,1428571447,277,1,1/407,1/354,277,1,1/407,1/354,,0,0/407,0/354,1:1,0:2,0:2,{},{}
240000003122,OLD_CONTROL_MOD_120,240000004802,53,407,354,1538145151,278,1,1/407,1/354,278,1,1/407,1/354,,0,0/407,0/354,1:1,12:11,12:11,{},{}
240000003122,OLD_CONTROL_MOD_120,240000004802,53,407,354,1538458151,279,1,1/407,1/354,279,1,1/407,1/354,,0,0/407,0/354,1:1,12:3,12:3,{},{}
240000003122,OLD_CONTROL_MOD_120,240000004802,53,407,354,1599673319,280,1,1/407,1/354,280,1,1/407,1/354,,0,0/407,0/354,1:1,11:11,11:11,{},{}
240000003122,OLD_CONTROL_MOD_120,240000004802,53,407,354,1599985819,281,1,1/407,1/354,281,1,1/407,1/354,,0,0/407,0/354,1:1,11:9,11:9,{},{}
240000003122,OLD_CONTROL_MOD_120,240000004802,53,407,354,2856561607,282,1,1/407,1/354,282,1,1/407,1/354,,0,0/407,0/354,1:1,2:11,2:11,{},{}
240000003122,OLD_CONTROL_MOD_120,240000004802,53,407,354,2942190023,283,1,1/407,1/354,283,1,1/407,1/354,,0,0/407,0/354,1:1,21:11,21:11,{},{}
240000003122,OLD_CONTROL_MOD_120,240000004802,53,407,354,3720978623,284,1,1/407,1/354,284,1,1/407,1/354,,0,0/407,0/354,1:1,22:12,22:12,{},{}
240000003122,OLD_CONTROL_MOD_120,240000004802,53,407,354,4285713287,285,1,1/407,1/354,285,1,1/407,1/354,,0,0/407,0/354,1:1,10:0,10:0,{},{}
240000003122,OLD_CONTROL_MOD_120,240000004802,53,407,354,4795113707,286,1,1/407,1/354,286,1,1/407,1/354,,0,0/407,0/354,1:1,11:12,11:12,{},{}
240000003122,OLD_CONTROL_MOD_120,240000004802,53,407,354,4799996207,287,1,1/407,1/354,287,1,1/407,1/354,,0,0/407,0/354,1:1,11:6,11:6,{},{}
240000003122,OLD_CONTROL_MOD_120,240000004802,53,407,354,4799996519,288,1,1/407,1/354,288,1,1/407,1/354,,0,0/407,0/354,1:1,11:2,11:2,{},{}
240000003122,OLD_CONTROL_MOD_120,240000004802,53,407,354,4860266539,289,1,1/407,1/354,289,1,1/407,1/354,,0,0/407,0/354,1:1,23:11,23:11,{},{}
240000003122,OLD_CONTROL_MOD_120,240000004802,53,407,354,4861829039,290,1,1/407,1/354,290,1,1/407,1/354,,0,0/407,0/354,1:1,23:9,23:9,{},{}
240000003122,OLD_CONTROL_MOD_120,240000004802,53,407,354,6631562591,291,1,1/407,1/354,291,1,1/407,1/354,,0,0/407,0/354,1:1,16:13,16:13,{},{}
240000003122,OLD_CONTROL_MOD_120,240000004802,53,407,354,6632758151,292,1,1/407,1/354,292,1,1/407,1/354,,0,0/407,0/354,1:1,8:13,8:13,{},{}
240000003122,OLD_CONTROL_MOD_120,240000004802,53,407,354,6666666571,293,1,1/407,1/354,293,1,1/407,1/354,,0,0/407,0/354,1:1,8:1,8:1,{},{}
240000003122,OLD_CONTROL_MOD_120,240000004802,53,407,354,7058818411,294,1,1/407,1/354,294,1,1/407,1/354,,0,0/407,0/354,1:1,11:0,11:0,{},{}
240000003122,OLD_CONTROL_MOD_120,240000004802,53,407,354,7999521703,295,1,1/407,1/354,295,1,1/407,1/354,,0,0/407,0/354,1:1,15:5,15:5,{},{}
240000003122,OLD_CONTROL_MOD_120,240000004802,53,407,354,9999999479,296,1,1/407,1/354,296,1,1/407,1/354,,0,0/407,0/354,1:1,0:6,0:6,{},{}
240000003122,OLD_CONTROL_MOD_120,240000004802,53,407,354,13975330867,297,1,1/407,1/354,297,1,1/407,1/354,,0,0/407,0/354,1:1,23:14,23:14,{},{}
240000003122,OLD_CONTROL_MOD_120,240000004802,53,407,354,14999389843,298,1,1/407,1/354,298,1,1/407,1/354,,0,0/407,0/354,1:1,2:10,2:10,{},{}
240000003122,OLD_CONTROL_MOD_120,240000004802,53,407,354,14999700283,299,1,1/407,1/354,299,1,1/407,1/354,,0,0/407,0/354,1:1,14:6,14:6,{},{}
240000003122,OLD_CONTROL_MOD_120,240000004802,53,407,354,19709434883,300,1,1/407,1/354,300,1,1/407,1/354,,0,0/407,0/354,1:1,20:3,20:3,{},{}
240000003122,OLD_CONTROL_MOD_120,240000004802,53,407,354,19967552459,301,1,1/407,1/354,301,1,1/407,1/354,,0,0/407,0/354,1:1,18:9,18:9,{},{}
240000003122,OLD_CONTROL_MOD_120,240000004802,53,407,354,19995931243,302,1,1/407,1/354,302,1,1/407,1/354,,0,0/407,0/354,1:1,4:11,4:11,{},{}
240000003122,OLD_CONTROL_MOD_120,240000004802,53,407,354,19999832579,303,1,1/407,1/354,303,1,1/407,1/354,,0,0/407,0/354,1:1,10:9,10:9,{},{}
240000003122,OLD_CONTROL_MOD_120,240000004802,53,407,354,19999837499,304,1,1/407,1/354,304,1,1/407,1/354,,0,0/407,0/354,1:1,2:9,2:9,{},{}
240000003122,OLD_CONTROL_MOD_120,240000004802,53,407,354,19999999939,305,1,1/407,1/354,305,1,1/407,1/354,,0,0/407,0/354,1:1,6:5,6:5,{},{}
240000003122,OLD_CONTROL_MOD_120,240000004802,53,407,354,23975586247,306,1,1/407,1/354,306,1,1/407,1/354,,0,0/407,0/354,1:1,3:12,3:12,{},{}
240000003122,OLD_CONTROL_MOD_120,240000004802,53,407,354,23998526359,307,1,1/407,1/354,307,1,1/407,1/354,,0,0/407,0/354,1:1,15:8,15:8,{},{}
240000003122,OLD_CONTROL_MOD_120,240000004802,53,407,354,23999961247,308,1,1/407,1/354,308,1,1/407,1/354,,0,0/407,0/354,1:1,3:8,3:8,{},{}
240000003122,OLD_CONTROL_MOD_120,240000004802,53,407,354,26077319111,309,1,1/407,1/354,309,1,1/407,1/354,,0,0/407,0/354,1:1,22:8,22:8,{},{}
240000003122,OLD_CONTROL_MOD_120,240000004802,53,407,354,29564150387,310,1,1/407,1/354,310,1,1/407,1/354,,0,0/407,0/354,1:1,20:6,20:6,{},{}
240000003122,OLD_CONTROL_MOD_120,240000004802,53,407,354,29969482811,311,1,1/407,1/354,311,1,1/407,1/354,,0,0/407,0/354,1:1,2:12,2:12,{},{}
240000003122,OLD_CONTROL_MOD_120,240000004802,53,407,354,29993398847,312,1,1/407,1/354,312,1,1/407,1/354,,0,0/407,0/354,1:1,16:10,16:10,{},{}
240000003122,OLD_CONTROL_MOD_120,240000004802,53,407,354,29999992931,313,1,1/407,1/354,313,1,1/407,1/354,,0,0/407,0/354,1:1,10:4,10:4,{},{}
240000003122,OLD_CONTROL_MOD_120,240000004802,53,407,354,29999999567,314,1,1/407,1/354,314,1,1/407,1/354,,0,0/407,0/354,1:1,8:2,8:2,{},{}
240000003122,OLD_CONTROL_MOD_120,240000004802,53,407,354,30000000299,315,1,1/407,1/354,315,1,1/407,1/354,,0,0/407,0/354,1:1,6:0,6:0,{},{}
240000003122,OLD_CONTROL_MOD_120,240000004802,53,407,354,39999409279,316,1,1/407,1/354,316,1,1/407,1/354,,0,0/407,0/354,1:1,13:9,13:9,{},{}
240000003122,OLD_CONTROL_MOD_120,240000004802,53,407,354,39999674999,317,1,1/407,1/354,317,1,1/407,1/354,,0,0/407,0/354,1:1,1:9,1:9,{},{}
240000003122,OLD_CONTROL_MOD_120,240000004802,53,407,354,39999996719,318,1,1/407,1/354,318,1,1/407,1/354,,0,0/407,0/354,1:1,9:5,9:5,{},{}
240000003122,OLD_CONTROL_MOD_120,240000004802,53,407,354,43641486167,319,1,1/407,1/354,319,1,1/407,1/354,,0,0/407,0/354,1:1,17:16,17:16,{},{}
240000003122,OLD_CONTROL_MOD_120,240000004802,53,407,354,59999999999,320,1,1/407,1/354,320,1,1/407,1/354,,0,0/407,0/354,1:1,0:5,0:5,{},{}
240000003122,OLD_CONTROL_MOD_120,240000004802,53,407,354,60000000779,321,1,1/407,1/354,321,1,1/407,1/354,,0,0/407,0/354,1:1,0:1,0:1,{},{}
240000003122,OLD_CONTROL_MOD_120,240000004802,53,407,354,72928412147,322,1,1/407,1/354,322,1,1/407,1/354,,0,0/407,0/354,1:1,23:0,23:0,{},{}
240000003122,OLD_CONTROL_MOD_120,240000004802,53,407,354,114769817147,323,1,1/407,1/354,323,1,1/407,1/354,,0,0/407,0/354,1:1,21:6,21:6,{},{}
240000003122,OLD_CONTROL_MOD_120,240000004802,53,407,354,114769824647,324,1,1/407,1/354,324,1,1/407,1/354,,0,0/407,0/354,1:1,21:4,21:4,{},{}
240000003122,OLD_CONTROL_MOD_120,240000004802,53,407,354,119995108907,325,1,1/407,1/354,325,1,1/407,1/354,,0,0/407,0/354,1:1,9:10,9:10,{},{}
240000003122,OLD_CONTROL_MOD_120,240000004802,53,407,354,119999196587,326,1,1/407,1/354,326,1,1/407,1/354,,0,0/407,0/354,1:1,13:6,13:6,{},{}
240000003122,OLD_CONTROL_MOD_120,240000004802,53,407,354,119999983907,327,1,1/407,1/354,327,1,1/407,1/354,,0,0/407,0/354,1:1,9:6,9:6,{},{}
240000003122,OLD_CONTROL_MOD_120,240000004802,53,407,354,120000001439,328,1,1/407,1/354,328,1,1/407,1/354,,0,0/407,0/354,1:1,5:0,5:0,{},{}
240000048838,OLD_CONTROL_MOD_120,240000044158,55,407,352,3,1,139,139/407,139/352,1,137,137/407,137/352,1,2,2/407,2/352,1:137;3:2,1:0;1:4;1:6;1:8;1:10;1:12;1:16;2:2;2:4;2:8;2:10;2:14;2:16;3:2;3:4;3:6;3:8;3:10;3:14;3:16;4:2;4:4;4:8;4:10;4:14;4:16;5:2;5:4;5:8;5:10;5:14;5:16;6:2;6:4;6:8;6:10;6:14;6:16;7:2;7:4;7:8;7:10;7:14;7:16;8:2;8:4;8:8;8:10;8:14;8:16;9:2;9:4;9:8;9:10;9:14;9:16;10:2;10:4;10:8;10:10;10:14;10:16;11:2;11:4;11:8;11:10;11:14;11:16;12:2;12:4;12:8;12:10;12:14;12:16;13:2;13:4;13:8;13:10;13:14;13:16;14:2;14:4;14:8;14:10;14:14;14:16;15:2;15:4;15:8;15:10;15:14;15:16;16:2;16:4;16:8;16:10;16:14;16:16;17:2;17:4;17:8;17:10;17:14;17:16;18:2;18:4;18:8;18:10;18:14;18:16;19:2;19:4;19:8;19:10;19:14;19:16;20:2;20:4;20:8;20:10;20:14;20:16;21:2;21:4;21:8;21:10;21:14;21:16;22:2;22:4;22:8;22:10;22:14;22:16;23:2;23:4;23:8;23:10;23:14,1:0;1:4;1:6;1:10;1:12;1:16;2:2;2:4;2:8;2:10;2:14;2:16;3:2;3:4;3:8;3:10;3:14;3:16;4:2;4:4;4:8;4:10;4:14;4:16;5:2;5:4;5:8;5:10;5:14;5:16;6:2;6:4;6:8;6:10;6:14;6:16;7:2;7:4;7:8;7:10;7:14;7:16;8:2;8:4;8:8;8:10;8:14;8:16;9:2;9:4;9:8;9:10;9:14;9:16;10:2;10:4;10:8;10:10;10:14;10:16;11:2;11:4;11:8;11:10;11:14;11:16;12:2;12:4;12:8;12:10;12:14;12:16;13:2;13:4;13:8;13:10;13:14;13:16;14:2;14:4;14:8;14:10;14:14;14:16;15:2;15:4;15:8;15:10;15:14;15:16;16:2;16:4;16:8;16:10;16:14;16:16;17:2;17:4;17:8;17:10;17:14;17:16;18:2;18:4;18:8;18:10;18:14;18:16;19:2;19:4;19:8;19:10;19:14;19:16;20:2;20:4;20:8;20:10;20:14;20:16;21:2;21:4;21:8;21:10;21:14;21:16;22:2;22:4;22:8;22:10;22:14;22:16;23:2;23:4;23:8;23:10;23:14,"{""3"":[[1,8],[3,6]]}","{""3"":""81""}"
240000048838,OLD_CONTROL_MOD_120,240000044158,55,407,352,7,2,46,46/407,46/352,2,46,46/407,46/352,,0,0/407,0/352,1:46,0:5;1:0;1:6;1:12;2:4;2:10;3:1;3:7;3:13;5:3;5:9;5:15;6:5;6:11;7:0;7:6;8:4;8:16;9:1;9:7;11:3;11:9;11:15;12:5;12:11;13:0;13:6;13:12;14:10;14:16;15:1;15:7;15:13;17:3;17:9;18:11;19:0;19:6;19:12;20:4;20:10;20:16;21:1;21:13;23:9;23:15,0:5;1:0;1:6;1:12;2:4;2:10;3:1;3:7;3:13;5:3;5:9;5:15;6:5;6:11;7:0;7:6;8:4;8:16;9:1;9:7;11:3;11:9;11:15;12:5;12:11;13:0;13:6;13:12;14:10;14:16;15:1;15:7;15:13;17:3;17:9;18:11;19:0;19:6;19:12;20:4;20:10;20:16;21:1;21:13;23:9;23:15,{},{}
240000048838,OLD_CONTROL_MOD_120,240000044158,55,407,352,19,3,21,21/407,21/352,3,21,21/407,21/352,,0,0/407,0/352,1:21,2:2;2:11;3:6;3:15;8:5;8:14;9:7;9:16;11:1;11:10;12:8;13:0;13:9;14:3;14:12;16:4;16:13;20:2;20:11;21:6;21:15,2:2;2:11;3:6;3:15;8:5;8:14;9:7;9:16;11:1;11:10;12:8;13:0;13:9;14:3;14:12;16:4;16:13;20:2;20:11;21:6;21:15,{},{}
240000048838,OLD_CONTROL_MOD_120,240000044158,55,407,352,23,4,17,17/407,17/352,4,17,17/407,17/352,,0,0/407,0/352,1:17,0:0;2:8;3:13;4:14;6:10;8:15;10:7;11:0;12:11;13:8;14:13;15:14;17:10;19:15;21:7;22:0;23:11,0:0;2:8;3:13;4:14;6:10;8:15;10:7;11:0;12:11;13:8;14:13;15:14;17:10;19:15;21:7;22:0;23:11,{},{}
240000048838,OLD_CONTROL_MOD_120,240000044158,55,407,352,31,5,16,16/407,16/352,5,16,16/407,16/352,,0,0/407,0/352,1:16,12:0;12:6;12:9;12:12;12:15;18:1;18:4;18:7;18:10;18:13;18:16;21:2;21:5;21:8;21:11;21:14,12:0;12:6;12:9;12:12;12:15;18:1;18:4;18:7;18:10;18:13;18:16;21:2;21:5;21:8;21:11;21:14,{},{}
240000048838,OLD_CONTROL_MOD_120,240000044158,55,407,352,43,6,11,11/407,11/352,6,11,11/407,11/352,,0,0/407,0/352,1:11,0:2;1:4;5:12;8:0;9:7;10:6;11:3;12:9;14:13;18:11;22:5,0:2;1:4;5:12;8:0;9:7;10:6;11:3;12:9;14:13;18:11;22:5,{},{}
240000048838,OLD_CONTROL_MOD_120,240000044158,55,407,352,47,7,10,10/407,10/352,7,10,10/407,10/352,,0,0/407,0/352,1:10,3:10;4:1;5:3;7:4;8:7;12:14;14:2;19:6;21:12;22:5,3:10;4:1;5:3;7:4;8:7;12:14;14:2;19:6;21:12;22:5,{},{}
240000048838,OLD_CONTROL_MOD_120,240000044158,55,407,352,79,8,7,7/407,7/352,8,7,7/407,7/352,,0,0/407,0/352,1:7,7:1;10:13;15:0;18:7;19:15;21:11;22:9,7:1;10:13;15:0;18:7;19:15;21:11;22:9,{},{}
240000048838,OLD_CONTROL_MOD_120,240000044158,55,407,352,59,9,6,6/407,6/352,9,6,6/407,6/352,,0,0/407,0/352,1:6,3:13;5:9;7:15;9:16;15:3;18:5,3:13;5:9;7:15;9:16;15:3;18:5,{},{}
240000048838,OLD_CONTROL_MOD_120,240000044158,55,407,352,67,10,5,5/407,5/352,10,5,5/407,5/352,,0,0/407,0/352,1:5,1:9;12:6;15:2;17:7;23:9,1:9;12:6;15:2;17:7;23:9,{},{}
240000048838,OLD_CONTROL_MOD_120,240000044158,55,407,352,83,11,4,4/407,4/352,11,4,4/407,4/352,,0,0/407,0/352,1:4,9:8;12:13;19:7;21:9,9:8;12:13;19:7;21:9,{},{}
240000048838,OLD_CONTROL_MOD_120,240000044158,55,407,352,127,12,4,4/407,4/352,12,4,4/407,4/352,,0,0/407,0/352,1:4,2:0;10:12;19:3;23:11,2:0;10:12;19:3;23:11,{},{}
240000048838,OLD_CONTROL_MOD_120,240000044158,55,407,352,131,13,3,3/407,3/352,13,3,3/407,3/352,,0,0/407,0/352,1:3,4:12;10:10;15:8,4:12;10:10;15:8,{},{}
240000048838,OLD_CONTROL_MOD_120,240000044158,55,407,352,151,14,3,3/407,3/352,14,3,3/407,3/352,,0,0/407,0/352,1:3,1:8;5:12;15:11,1:8;5:12;15:11,{},{}
240000048838,OLD_CONTROL_MOD_120,240000044158,55,407,352,199,15,3,3/407,3/352,15,3,3/407,3/352,,0,0/407,0/352,1:3,2:2;17:3;20:6,2:2;17:3;20:6,{},{}
240000048838,OLD_CONTROL_MOD_120,240000044158,55,407,352,263,16,3,3/407,3/352,16,3,3/407,3/352,,0,0/407,0/352,1:3,8:8;14:1;15:16,8:8;14:1;15:16,{},{}
240000048838,OLD_CONTROL_MOD_120,240000044158,55,407,352,271,17,3,3/407,3/352,17,3,3/407,3/352,,0,0/407,0/352,1:3,4:0;8:2;15:4,4:0;8:2;15:4,{},{}
240000048838,OLD_CONTROL_MOD_120,240000044158,55,407,352,331,18,3,3/407,3/352,18,3,3/407,3/352,,0,0/407,0/352,1:3,0:14;4:0;15:2,0:14;4:0;15:2,{},{}
240000048838,OLD_CONTROL_MOD_120,240000044158,55,407,352,367,19,3,3/407,3/352,19,3,3/407,3/352,,0,0/407,0/352,1:3,6:14;8:7;22:3,6:14;8:7;22:3,{},{}
240000048838,OLD_CONTROL_MOD_120,240000044158,55,407,352,103,20,2,2/407,2/352,20,2,2/407,2/352,,0,0/407,0/352,1:2,10:2;22:10,10:2;22:10,{},{}
240000048838,OLD_CONTROL_MOD_120,240000044158,55,407,352,107,21,2,2/407,2/352,21,2,2/407,2/352,,0,0/407,0/352,1:2,13:13;15:8,13:13;15:8,{},{}
240000048838,OLD_CONTROL_MOD_120,240000044158,55,407,352,167,22,2,2/407,2/352,22,2,2/407,2/352,,0,0/407,0/352,1:2,10:9;16:2,10:9;16:2,{},{}
240000048838,OLD_CONTROL_MOD_120,240000044158,55,407,352,179,23,2,2/407,2/352,23,2,2/407,2/352,,0,0/407,0/352,1:2,4:6;16:15,4:6;16:15,{},{}
240000048838,OLD_CONTROL_MOD_120,240000044158,55,407,352,191,24,2,2/407,2/352,24,2,2/407,2/352,,0,0/407,0/352,1:2,10:8;17:6,10:8;17:6,{},{}
240000048838,OLD_CONTROL_MOD_120,240000044158,55,407,352,251,25,2,2/407,2/352,25,2,2/407,2/352,,0,0/407,0/352,1:2,0:9;16:3,0:9;16:3,{},{}
240000048838,OLD_CONTROL_MOD_120,240000044158,55,407,352,311,26,2,2/407,2/352,26,2,2/407,2/352,,0,0/407,0/352,1:2,8:0;16:7,8:0;16:7,{},{}
240000048838,OLD_CONTROL_MOD_120,240000044158,55,407,352,359,27,2,2/407,2/352,27,2,2/407,2/352,,0,0/407,0/352,1:2,9:8;16:7,9:8;16:7,{},{}
240000048838,OLD_CONTROL_MOD_120,240000044158,55,407,352,379,28,2,2/407,2/352,28,2,2/407,2/352,,0,0/407,0/352,1:2,8:7;12:6,8:7;12:6,{},{}
240000048838,OLD_CONTROL_MOD_120,240000044158,55,407,352,383,29,2,2/407,2/352,29,2,2/407,2/352,,0,0/407,0/352,1:2,9:8;13:11,9:8;13:11,{},{}
240000048838,OLD_CONTROL_MOD_120,240000044158,55,407,352,499,30,2,2/407,2/352,30,2,2/407,2/352,,0,0/407,0/352,1:2,18:11;21:2,18:11;21:2,{},{}
240000048838,OLD_CONTROL_MOD_120,240000044158,55,407,352,659,31,2,2/407,2/352,31,2,2/407,2/352,,0,0/407,0/352,1:2,3:14;8:2,3:14;8:2,{},{}
240000048838,OLD_CONTROL_MOD_120,240000044158,55,407,352,2039,32,2,2/407,2/352,32,2,2/407,2/352,,0,0/407,0/352,1:2,9:5;11:4,9:5;11:4,{},{}
240000048838,OLD_CONTROL_MOD_120,240000044158,55,407,352,3967,33,2,2/407,2/352,33,2,2/407,2/352,,0,0/407,0/352,1:2,1:3;14:9,1:3;14:9,{},{}
240000048838,OLD_CONTROL_MOD_120,240000044158,55,407,352,223,34,1,1/407,1/352,34,1,1/407,1/352,,0,0/407,0/352,1:1,10:6,10:6,{},{}
240000048838,OLD_CONTROL_MOD_120,240000044158,55,407,352,227,35,1,1/407,1/352,35,1,1/407,1/352,,0,0/407,0/352,1:1,13:7,13:7,{},{}
240000048838,OLD_CONTROL_MOD_120,240000044158,55,407,352,239,36,1,1/407,1/352,36,1,1/407,1/352,,0,0/407,0/352,1:1,19:9,19:9,{},{}
240000048838,OLD_CONTROL_MOD_120,240000044158,55,407,352,283,37,1,1/407,1/352,37,1,1/407,1/352,,0,0/407,0/352,1:1,10:14,10:14,{},{}
240000048838,OLD_CONTROL_MOD_120,240000044158,55,407,352,307,38,1,1/407,1/352,38,1,1/407,1/352,,0,0/407,0/352,1:1,10:8,10:8,{},{}
240000048838,OLD_CONTROL_MOD_120,240000044158,55,407,352,347,39,1,1/407,1/352,39,1,1/407,1/352,,0,0/407,0/352,1:1,2:1,2:1,{},{}
240000048838,OLD_CONTROL_MOD_120,240000044158,55,407,352,419,40,1,1/407,1/352,40,1,1/407,1/352,,0,0/407,0/352,1:1,16:12,16:12,{},{}
240000048838,OLD_CONTROL_MOD_120,240000044158,55,407,352,431,41,1,1/407,1/352,41,1,1/407,1/352,,0,0/407,0/352,1:1,5:11,5:11,{},{}
240000048838,OLD_CONTROL_MOD_120,240000044158,55,407,352,443,42,1,1/407,1/352,42,1,1/407,1/352,,0,0/407,0/352,1:1,15:3,15:3,{},{}
240000048838,OLD_CONTROL_MOD_120,240000044158,55,407,352,463,43,1,1/407,1/352,43,1,1/407,1/352,,0,0/407,0/352,1:1,14:9,14:9,{},{}
240000048838,OLD_CONTROL_MOD_120,240000044158,55,407,352,487,44,1,1/407,1/352,44,1,1/407,1/352,,0,0/407,0/352,1:1,5:15,5:15,{},{}
240000048838,OLD_CONTROL_MOD_120,240000044158,55,407,352,491,45,1,1/407,1/352,45,1,1/407,1/352,,0,0/407,0/352,1:1,9:2,9:2,{},{}
240000048838,OLD_CONTROL_MOD_120,240000044158,55,407,352,523,46,1,1/407,1/352,46,1,1/407,1/352,,0,0/407,0/352,1:1,15:16,15:16,{},{}
240000048838,OLD_CONTROL_MOD_120,240000044158,55,407,352,563,47,1,1/407,1/352,47,1,1/407,1/352,,0,0/407,0/352,1:1,13:9,13:9,{},{}
240000048838,OLD_CONTROL_MOD_120,240000044158,55,407,352,587,48,1,1/407,1/352,48,1,1/407,1/352,,0,0/407,0/352,1:1,13:3,13:3,{},{}
240000048838,OLD_CONTROL_MOD_120,240000044158,55,407,352,619,49,1,1/407,1/352,49,1,1/407,1/352,,0,0/407,0/352,1:1,16:4,16:4,{},{}
240000048838,OLD_CONTROL_MOD_120,240000044158,55,407,352,683,50,1,1/407,1/352,50,1,1/407,1/352,,0,0/407,0/352,1:1,12:16,12:16,{},{}
240000048838,OLD_CONTROL_MOD_120,240000044158,55,407,352,719,51,1,1/407,1/352,51,1,1/407,1/352,,0,0/407,0/352,1:1,4:1,4:1,{},{}
240000048838,OLD_CONTROL_MOD_120,240000044158,55,407,352,823,52,1,1/407,1/352,52,1,1/407,1/352,,0,0/407,0/352,1:1,21:2,21:2,{},{}
240000048838,OLD_CONTROL_MOD_120,240000044158,55,407,352,1019,53,1,1/407,1/352,53,1,1/407,1/352,,0,0/407,0/352,1:1,5:13,5:13,{},{}
240000048838,OLD_CONTROL_MOD_120,240000044158,55,407,352,1039,54,1,1/407,1/352,54,1,1/407,1/352,,0,0/407,0/352,1:1,23:10,23:10,{},{}
240000048838,OLD_CONTROL_MOD_120,240000044158,55,407,352,1151,55,1,1/407,1/352,55,1,1/407,1/352,,0,0/407,0/352,1:1,20:6,20:6,{},{}
240000048838,OLD_CONTROL_MOD_120,240000044158,55,407,352,1231,56,1,1/407,1/352,56,1,1/407,1/352,,0,0/407,0/352,1:1,2:2,2:2,{},{}
240000048838,OLD_CONTROL_MOD_120,240000044158,55,407,352,1259,57,1,1/407,1/352,57,1,1/407,1/352,,0,0/407,0/352,1:1,22:1,22:1,{},{}
240000048838,OLD_CONTROL_MOD_120,240000044158,55,407,352,1279,58,1,1/407,1/352,58,1,1/407,1/352,,0,0/407,0/352,1:1,2:7,2:7,{},{}
240000048838,OLD_CONTROL_MOD_120,240000044158,55,407,352,1283,59,1,1/407,1/352,59,1,1/407,1/352,,0,0/407,0/352,1:1,5:9,5:9,{},{}
240000048838,OLD_CONTROL_MOD_120,240000044158,55,407,352,1367,60,1,1/407,1/352,60,1,1/407,1/352,,0,0/407,0/352,1:1,20:16,20:16,{},{}
240000048838,OLD_CONTROL_MOD_120,240000044158,55,407,352,1523,61,1,1/407,1/352,61,1,1/407,1/352,,0,0/407,0/352,1:1,2:4,2:4,{},{}
240000048838,OLD_CONTROL_MOD_120,240000044158,55,407,352,1811,62,1,1/407,1/352,62,1,1/407,1/352,,0,0/407,0/352,1:1,12:13,12:13,{},{}
240000048838,OLD_CONTROL_MOD_120,240000044158,55,407,352,1847,63,1,1/407,1/352,63,1,1/407,1/352,,0,0/407,0/352,1:1,21:8,21:8,{},{}
240000048838,OLD_CONTROL_MOD_120,240000044158,55,407,352,1879,64,1,1/407,1/352,64,1,1/407,1/352,,0,0/407,0/352,1:1,23:10,23:10,{},{}
240000048838,OLD_CONTROL_MOD_120,240000044158,55,407,352,1951,65,1,1/407,1/352,65,1,1/407,1/352,,0,0/407,0/352,1:1,9:0,9:0,{},{}
240000048838,OLD_CONTROL_MOD_120,240000044158,55,407,352,2099,66,1,1/407,1/352,66,1,1/407,1/352,,0,0/407,0/352,1:1,4:16,4:16,{},{}
240000048838,OLD_CONTROL_MOD_120,240000044158,55,407,352,2179,67,1,1/407,1/352,67,1,1/407,1/352,,0,0/407,0/352,1:1,2:15,2:15,{},{}
240000048838,OLD_CONTROL_MOD_120,240000044158,55,407,352,2287,68,1,1/407,1/352,68,1,1/407,1/352,,0,0/407,0/352,1:1,2:3,2:3,{},{}
240000048838,OLD_CONTROL_MOD_120,240000044158,55,407,352,2459,69,1,1/407,1/352,69,1,1/407,1/352,,0,0/407,0/352,1:1,15:5,15:5,{},{}
240000048838,OLD_CONTROL_MOD_120,240000044158,55,407,352,2467,70,1,1/407,1/352,70,1,1/407,1/352,,0,0/407,0/352,1:1,7:9,7:9,{},{}
240000048838,OLD_CONTROL_MOD_120,240000044158,55,407,352,2579,71,1,1/407,1/352,71,1,1/407,1/352,,0,0/407,0/352,1:1,23:9,23:9,{},{}
240000048838,OLD_CONTROL_MOD_120,240000044158,55,407,352,2719,72,1,1/407,1/352,72,1,1/407,1/352,,0,0/407,0/352,1:1,12:1,12:1,{},{}
240000048838,OLD_CONTROL_MOD_120,240000044158,55,407,352,2879,73,1,1/407,1/352,73,1,1/407,1/352,,0,0/407,0/352,1:1,11:1,11:1,{},{}
240000048838,OLD_CONTROL_MOD_120,240000044158,55,407,352,2971,74,1,1/407,1/352,74,1,1/407,1/352,,0,0/407,0/352,1:1,0:7,0:7,{},{}
240000048838,OLD_CONTROL_MOD_120,240000044158,55,407,352,3079,75,1,1/407,1/352,75,1,1/407,1/352,,0,0/407,0/352,1:1,2:7,2:7,{},{}
240000048838,OLD_CONTROL_MOD_120,240000044158,55,407,352,3119,76,1,1/407,1/352,76,1,1/407,1/352,,0,0/407,0/352,1:1,5:8,5:8,{},{}
240000048838,OLD_CONTROL_MOD_120,240000044158,55,407,352,3187,77,1,1/407,1/352,77,1,1/407,1/352,,0,0/407,0/352,1:1,20:6,20:6,{},{}
240000048838,OLD_CONTROL_MOD_120,240000044158,55,407,352,3191,78,1,1/407,1/352,78,1,1/407,1/352,,0,0/407,0/352,1:1,20:8,20:8,{},{}
240000048838,OLD_CONTROL_MOD_120,240000044158,55,407,352,3203,79,1,1/407,1/352,79,1,1/407,1/352,,0,0/407,0/352,1:1,10:14,10:14,{},{}
240000048838,OLD_CONTROL_MOD_120,240000044158,55,407,352,3307,80,1,1/407,1/352,80,1,1/407,1/352,,0,0/407,0/352,1:1,7:12,7:12,{},{}
240000048838,OLD_CONTROL_MOD_120,240000044158,55,407,352,3491,81,1,1/407,1/352,81,1,1/407,1/352,,0,0/407,0/352,1:1,19:11,19:11,{},{}
240000048838,OLD_CONTROL_MOD_120,240000044158,55,407,352,4099,82,1,1/407,1/352,82,1,1/407,1/352,,0,0/407,0/352,1:1,11:5,11:5,{},{}
240000048838,OLD_CONTROL_MOD_120,240000044158,55,407,352,4111,83,1,1/407,1/352,83,1,1/407,1/352,,0,0/407,0/352,1:1,11:7,11:7,{},{}
240000048838,OLD_CONTROL_MOD_120,240000044158,55,407,352,4507,84,1,1/407,1/352,84,1,1/407,1/352,,0,0/407,0/352,1:1,5:2,5:2,{},{}
240000048838,OLD_CONTROL_MOD_120,240000044158,55,407,352,4519,85,1,1/407,1/352,85,1,1/407,1/352,,0,0/407,0/352,1:1,12:4,12:4,{},{}
240000048838,OLD_CONTROL_MOD_120,240000044158,55,407,352,4547,86,1,1/407,1/352,86,1,1/407,1/352,,0,0/407,0/352,1:1,6:12,6:12,{},{}
240000048838,OLD_CONTROL_MOD_120,240000044158,55,407,352,5179,87,1,1/407,1/352,87,1,1/407,1/352,,0,0/407,0/352,1:1,9:11,9:11,{},{}
240000048838,OLD_CONTROL_MOD_120,240000044158,55,407,352,5347,88,1,1/407,1/352,88,1,1/407,1/352,,0,0/407,0/352,1:1,2:12,2:12,{},{}
240000048838,OLD_CONTROL_MOD_120,240000044158,55,407,352,5827,89,1,1/407,1/352,89,1,1/407,1/352,,0,0/407,0/352,1:1,16:2,16:2,{},{}
240000048838,OLD_CONTROL_MOD_120,240000044158,55,407,352,5851,90,1,1/407,1/352,90,1,1/407,1/352,,0,0/407,0/352,1:1,22:8,22:8,{},{}
240000048838,OLD_CONTROL_MOD_120,240000044158,55,407,352,6311,91,1,1/407,1/352,91,1,1/407,1/352,,0,0/407,0/352,1:1,14:16,14:16,{},{}
240000048838,OLD_CONTROL_MOD_120,240000044158,55,407,352,6323,92,1,1/407,1/352,92,1,1/407,1/352,,0,0/407,0/352,1:1,7:12,7:12,{},{}
240000048838,OLD_CONTROL_MOD_120,240000044158,55,407,352,8363,93,1,1/407,1/352,93,1,1/407,1/352,,0,0/407,0/352,1:1,2:9,2:9,{},{}
240000048838,OLD_CONTROL_MOD_120,240000044158,55,407,352,8387,94,1,1/407,1/352,94,1,1/407,1/352,,0,0/407,0/352,1:1,11:16,11:16,{},{}
240000048838,OLD_CONTROL_MOD_120,240000044158,55,407,352,8803,95,1,1/407,1/352,95,1,1/407,1/352,,0,0/407,0/352,1:1,23:12,23:12,{},{}
240000048838,OLD_CONTROL_MOD_120,240000044158,55,407,352,8831,96,1,1/407,1/352,96,1,1/407,1/352,,0,0/407,0/352,1:1,18:9,18:9,{},{}
240000048838,OLD_CONTROL_MOD_120,240000044158,55,407,352,8839,97,1,1/407,1/352,97,1,1/407,1/352,,0,0/407,0/352,1:1,15:9,15:9,{},{}
240000048838,OLD_CONTROL_MOD_120,240000044158,55,407,352,8887,98,1,1/407,1/352,98,1,1/407,1/352,,0,0/407,0/352,1:1,9:0,9:0,{},{}
240000048838,OLD_CONTROL_MOD_120,240000044158,55,407,352,8923,99,1,1/407,1/352,99,1,1/407,1/352,,0,0/407,0/352,1:1,16:12,16:12,{},{}
240000048838,OLD_CONTROL_MOD_120,240000044158,55,407,352,9011,100,1,1/407,1/352,100,1,1/407,1/352,,0,0/407,0/352,1:1,11:12,11:12,{},{}
240000048838,OLD_CONTROL_MOD_120,240000044158,55,407,352,9091,101,1,1/407,1/352,101,1,1/407,1/352,,0,0/407,0/352,1:1,13:13,13:13,{},{}
240000048838,OLD_CONTROL_MOD_120,240000044158,55,407,352,9187,102,1,1/407,1/352,102,1,1/407,1/352,,0,0/407,0/352,1:1,0:2,0:2,{},{}
240000048838,OLD_CONTROL_MOD_120,240000044158,55,407,352,9311,103,1,1/407,1/352,103,1,1/407,1/352,,0,0/407,0/352,1:1,11:11,11:11,{},{}
240000048838,OLD_CONTROL_MOD_120,240000044158,55,407,352,9791,104,1,1/407,1/352,104,1,1/407,1/352,,0,0/407,0/352,1:1,0:14,0:14,{},{}
240000048838,OLD_CONTROL_MOD_120,240000044158,55,407,352,10711,105,1,1/407,1/352,105,1,1/407,1/352,,0,0/407,0/352,1:1,0:0,0:0,{},{}
240000048838,OLD_CONTROL_MOD_120,240000044158,55,407,352,10771,106,1,1/407,1/352,106,1,1/407,1/352,,0,0/407,0/352,1:1,1:16,1:16,{},{}
240000048838,OLD_CONTROL_MOD_120,240000044158,55,407,352,10867,107,1,1/407,1/352,107,1,1/407,1/352,,0,0/407,0/352,1:1,8:1,8:1,{},{}
240000048838,OLD_CONTROL_MOD_120,240000044158,55,407,352,11423,108,1,1/407,1/352,108,1,1/407,1/352,,0,0/407,0/352,1:1,14:4,14:4,{},{}
240000048838,OLD_CONTROL_MOD_120,240000044158,55,407,352,11587,109,1,1/407,1/352,109,1,1/407,1/352,,0,0/407,0/352,1:1,12:12,12:12,{},{}
240000048838,OLD_CONTROL_MOD_120,240000044158,55,407,352,11743,110,1,1/407,1/352,110,1,1/407,1/352,,0,0/407,0/352,1:1,9:4,9:4,{},{}
240000048838,OLD_CONTROL_MOD_120,240000044158,55,407,352,11923,111,1,1/407,1/352,111,1,1/407,1/352,,0,0/407,0/352,1:1,4:13,4:13,{},{}
240000048838,OLD_CONTROL_MOD_120,240000044158,55,407,352,12451,112,1,1/407,1/352,112,1,1/407,1/352,,0,0/407,0/352,1:1,23:10,23:10,{},{}
240000048838,OLD_CONTROL_MOD_120,240000044158,55,407,352,12491,113,1,1/407,1/352,113,1,1/407,1/352,,0,0/407,0/352,1:1,22:5,22:5,{},{}
240000048838,OLD_CONTROL_MOD_120,240000044158,55,407,352,15803,114,1,1/407,1/352,114,1,1/407,1/352,,0,0/407,0/352,1:1,16:7,16:7,{},{}
240000048838,OLD_CONTROL_MOD_120,240000044158,55,407,352,16363,115,1,1/407,1/352,115,1,1/407,1/352,,0,0/407,0/352,1:1,23:4,23:4,{},{}
240000048838,OLD_CONTROL_MOD_120,240000044158,55,407,352,16451,116,1,1/407,1/352,116,1,1/407,1/352,,0,0/407,0/352,1:1,3:16,3:16,{},{}
240000048838,OLD_CONTROL_MOD_120,240000044158,55,407,352,17519,117,1,1/407,1/352,117,1,1/407,1/352,,0,0/407,0/352,1:1,6:13,6:13,{},{}
240000048838,OLD_CONTROL_MOD_120,240000044158,55,407,352,18043,118,1,1/407,1/352,118,1,1/407,1/352,,0,0/407,0/352,1:1,0:14,0:14,{},{}
240000048838,OLD_CONTROL_MOD_120,240000044158,55,407,352,19163,119,1,1/407,1/352,119,1,1/407,1/352,,0,0/407,0/352,1:1,14:3,14:3,{},{}
240000048838,OLD_CONTROL_MOD_120,240000044158,55,407,352,19867,120,1,1/407,1/352,120,1,1/407,1/352,,0,0/407,0/352,1:1,12:15,12:15,{},{}
240000048838,OLD_CONTROL_MOD_120,240000044158,55,407,352,20599,121,1,1/407,1/352,121,1,1/407,1/352,,0,0/407,0/352,1:1,23:13,23:13,{},{}
240000048838,OLD_CONTROL_MOD_120,240000044158,55,407,352,21379,122,1,1/407,1/352,122,1,1/407,1/352,,0,0/407,0/352,1:1,21:3,21:3,{},{}
240000048838,OLD_CONTROL_MOD_120,240000044158,55,407,352,21383,123,1,1/407,1/352,123,1,1/407,1/352,,0,0/407,0/352,1:1,23:8,23:8,{},{}
240000048838,OLD_CONTROL_MOD_120,240000044158,55,407,352,21503,124,1,1/407,1/352,124,1,1/407,1/352,,0,0/407,0/352,1:1,10:14,10:14,{},{}
240000048838,OLD_CONTROL_MOD_120,240000044158,55,407,352,23071,125,1,1/407,1/352,125,1,1/407,1/352,,0,0/407,0/352,1:1,0:5,0:5,{},{}
240000048838,OLD_CONTROL_MOD_120,240000044158,55,407,352,23539,126,1,1/407,1/352,126,1,1/407,1/352,,0,0/407,0/352,1:1,10:15,10:15,{},{}
240000048838,OLD_CONTROL_MOD_120,240000044158,55,407,352,23567,127,1,1/407,1/352,127,1,1/407,1/352,,0,0/407,0/352,1:1,23:0,23:0,{},{}
240000048838,OLD_CONTROL_MOD_120,240000044158,55,407,352,24547,128,1,1/407,1/352,128,1,1/407,1/352,,0,0/407,0/352,1:1,13:13,13:13,{},{}
240000048838,OLD_CONTROL_MOD_120,240000044158,55,407,352,25391,129,1,1/407,1/352,129,1,1/407,1/352,,0,0/407,0/352,1:1,5:3,5:3,{},{}
240000048838,OLD_CONTROL_MOD_120,240000044158,55,407,352,30911,130,1,1/407,1/352,130,1,1/407,1/352,,0,0/407,0/352,1:1,17:5,17:5,{},{}
240000048838,OLD_CONTROL_MOD_120,240000044158,55,407,352,31547,131,1,1/407,1/352,131,1,1/407,1/352,,0,0/407,0/352,1:1,3:1,3:1,{},{}
240000048838,OLD_CONTROL_MOD_120,240000044158,55,407,352,35731,132,1,1/407,1/352,132,1,1/407,1/352,,0,0/407,0/352,1:1,14:4,14:4,{},{}
240000048838,OLD_CONTROL_MOD_120,240000044158,55,407,352,35963,133,1,1/407,1/352,133,1,1/407,1/352,,0,0/407,0/352,1:1,11:1,11:1,{},{}
240000048838,OLD_CONTROL_MOD_120,240000044158,55,407,352,40039,134,1,1/407,1/352,134,1,1/407,1/352,,0,0/407,0/352,1:1,17:16,17:16,{},{}
240000048838,OLD_CONTROL_MOD_120,240000044158,55,407,352,41467,135,1,1/407,1/352,135,1,1/407,1/352,,0,0/407,0/352,1:1,0:3,0:3,{},{}
240000048838,OLD_CONTROL_MOD_120,240000044158,55,407,352,44111,136,1,1/407,1/352,136,1,1/407,1/352,,0,0/407,0/352,1:1,4:8,4:8,{},{}
240000048838,OLD_CONTROL_MOD_120,240000044158,55,407,352,44927,137,1,1/407,1/352,137,1,1/407,1/352,,0,0/407,0/352,1:1,1:15,1:15,{},{}
240000048838,OLD_CONTROL_MOD_120,240000044158,55,407,352,49843,138,1,1/407,1/352,138,1,1/407,1/352,,0,0/407,0/352,1:1,18:11,18:11,{},{}
240000048838,OLD_CONTROL_MOD_120,240000044158,55,407,352,50363,139,1,1/407,1/352,139,1,1/407,1/352,,0,0/407,0/352,1:1,8:4,8:4,{},{}
240000048838,OLD_CONTROL_MOD_120,240000044158,55,407,352,51563,140,1,1/407,1/352,140,1,1/407,1/352,,0,0/407,0/352,1:1,12:11,12:11,{},{}
240000048838,OLD_CONTROL_MOD_120,240000044158,55,407,352,51691,141,1,1/407,1/352,141,1,1/407,1/352,,0,0/407,0/352,1:1,19:15,19:15,{},{}
240000048838,OLD_CONTROL_MOD_120,240000044158,55,407,352,52583,142,1,1/407,1/352,142,1,1/407,1/352,,0,0/407,0/352,1:1,19:16,19:16,{},{}
240000048838,OLD_CONTROL_MOD_120,240000044158,55,407,352,55763,143,1,1/407,1/352,143,1,1/407,1/352,,0,0/407,0/352,1:1,5:1,5:1,{},{}
240000048838,OLD_CONTROL_MOD_120,240000044158,55,407,352,56731,144,1,1/407,1/352,144,1,1/407,1/352,,0,0/407,0/352,1:1,8:4,8:4,{},{}
240000048838,OLD_CONTROL_MOD_120,240000044158,55,407,352,68639,145,1,1/407,1/352,145,1,1/407,1/352,,0,0/407,0/352,1:1,16:3,16:3,{},{}
240000048838,OLD_CONTROL_MOD_120,240000044158,55,407,352,68767,146,1,1/407,1/352,146,1,1/407,1/352,,0,0/407,0/352,1:1,23:0,23:0,{},{}
240000048838,OLD_CONTROL_MOD_120,240000044158,55,407,352,86951,147,1,1/407,1/352,147,1,1/407,1/352,,0,0/407,0/352,1:1,11:12,11:12,{},{}
240000048838,OLD_CONTROL_MOD_120,240000044158,55,407,352,100907,148,1,1/407,1/352,148,1,1/407,1/352,,0,0/407,0/352,1:1,19:0,19:0,{},{}
240000048838,OLD_CONTROL_MOD_120,240000044158,55,407,352,101383,149,1,1/407,1/352,149,1,1/407,1/352,,0,0/407,0/352,1:1,3:9,3:9,{},{}
240000048838,OLD_CONTROL_MOD_120,240000044158,55,407,352,105899,150,1,1/407,1/352,150,1,1/407,1/352,,0,0/407,0/352,1:1,15:16,15:16,{},{}
240000048838,OLD_CONTROL_MOD_120,240000044158,55,407,352,121283,151,1,1/407,1/352,151,1,1/407,1/352,,0,0/407,0/352,1:1,13:6,13:6,{},{}
240000048838,OLD_CONTROL_MOD_120,240000044158,55,407,352,123791,152,1,1/407,1/352,152,1,1/407,1/352,,0,0/407,0/352,1:1,0:1,0:1,{},{}
240000048838,OLD_CONTROL_MOD_120,240000044158,55,407,352,126131,153,1,1/407,1/352,153,1,1/407,1/352,,0,0/407,0/352,1:1,2:3,2:3,{},{}
240000048838,OLD_CONTROL_MOD_120,240000044158,55,407,352,130787,154,1,1/407,1/352,154,1,1/407,1/352,,0,0/407,0/352,1:1,16:4,16:4,{},{}
240000048838,OLD_CONTROL_MOD_120,240000044158,55,407,352,133631,155,1,1/407,1/352,155,1,1/407,1/352,,0,0/407,0/352,1:1,21:8,21:8,{},{}
240000048838,OLD_CONTROL_MOD_120,240000044158,55,407,352,134851,156,1,1/407,1/352,156,1,1/407,1/352,,0,0/407,0/352,1:1,4:12,4:12,{},{}
240000048838,OLD_CONTROL_MOD_120,240000044158,55,407,352,135131,157,1,1/407,1/352,157,1,1/407,1/352,,0,0/407,0/352,1:1,11:14,11:14,{},{}
240000048838,OLD_CONTROL_MOD_120,240000044158,55,407,352,142271,158,1,1/407,1/352,158,1,1/407,1/352,,0,0/407,0/352,1:1,7:16,7:16,{},{}
240000048838,OLD_CONTROL_MOD_120,240000044158,55,407,352,151883,159,1,1/407,1/352,159,1,1/407,1/352,,0,0/407,0/352,1:1,0:2,0:2,{},{}
240000048838,OLD_CONTROL_MOD_120,240000044158,55,407,352,175391,160,1,1/407,1/352,160,1,1/407,1/352,,0,0/407,0/352,1:1,8:14,8:14,{},{}
240000048838,OLD_CONTROL_MOD_120,240000044158,55,407,352,184087,161,1,1/407,1/352,161,1,1/407,1/352,,0,0/407,0/352,1:1,19:1,19:1,{},{}
240000048838,OLD_CONTROL_MOD_120,240000044158,55,407,352,211811,162,1,1/407,1/352,162,1,1/407,1/352,,0,0/407,0/352,1:1,5:14,5:14,{},{}
240000048838,OLD_CONTROL_MOD_120,240000044158,55,407,352,228559,163,1,1/407,1/352,163,1,1/407,1/352,,0,0/407,0/352,1:1,22:8,22:8,{},{}
240000048838,OLD_CONTROL_MOD_120,240000044158,55,407,352,246599,164,1,1/407,1/352,164,1,1/407,1/352,,0,0/407,0/352,1:1,1:13,1:13,{},{}
240000048838,OLD_CONTROL_MOD_120,240000044158,55,407,352,264007,165,1,1/407,1/352,165,1,1/407,1/352,,0,0/407,0/352,1:1,1:10,1:10,{},{}
240000048838,OLD_CONTROL_MOD_120,240000044158,55,407,352,264919,166,1,1/407,1/352,166,1,1/407,1/352,,0,0/407,0/352,1:1,17:3,17:3,{},{}
240000048838,OLD_CONTROL_MOD_120,240000044158,55,407,352,304127,167,1,1/407,1/352,167,1,1/407,1/352,,0,0/407,0/352,1:1,12:9,12:9,{},{}
240000048838,OLD_CONTROL_MOD_120,240000044158,55,407,352,310091,168,1,1/407,1/352,168,1,1/407,1/352,,0,0/407,0/352,1:1,17:6,17:6,{},{}
240000048838,OLD_CONTROL_MOD_120,240000044158,55,407,352,312779,169,1,1/407,1/352,169,1,1/407,1/352,,0,0/407,0/352,1:1,13:2,13:2,{},{}
240000048838,OLD_CONTROL_MOD_120,240000044158,55,407,352,323131,170,1,1/407,1/352,170,1,1/407,1/352,,0,0/407,0/352,1:1,21:11,21:11,{},{}
240000048838,OLD_CONTROL_MOD_120,240000044158,55,407,352,331063,171,1,1/407,1/352,171,1,1/407,1/352,,0,0/407,0/352,1:1,13:16,13:16,{},{}
240000048838,OLD_CONTROL_MOD_120,240000044158,55,407,352,359167,172,1,1/407,1/352,172,1,1/407,1/352,,0,0/407,0/352,1:1,14:15,14:15,{},{}
240000048838,OLD_CONTROL_MOD_120,240000044158,55,407,352,412639,173,1,1/407,1/352,173,1,1/407,1/352,,0,0/407,0/352,1:1,19:12,19:12,{},{}
240000048838,OLD_CONTROL_MOD_120,240000044158,55,407,352,443879,174,1,1/407,1/352,174,1,1/407,1/352,,0,0/407,0/352,1:1,4:1,4:1,{},{}
240000048838,OLD_CONTROL_MOD_120,240000044158,55,407,352,472691,175,1,1/407,1/352,175,1,1/407,1/352,,0,0/407,0/352,1:1,5:15,5:15,{},{}
240000048838,OLD_CONTROL_MOD_120,240000044158,55,407,352,481087,176,1,1/407,1/352,176,1,1/407,1/352,,0,0/407,0/352,1:1,11:0,11:0,{},{}
240000048838,OLD_CONTROL_MOD_120,240000044158,55,407,352,543407,177,1,1/407,1/352,177,1,1/407,1/352,,0,0/407,0/352,1:1,3:1,3:1,{},{}
240000048838,OLD_CONTROL_MOD_120,240000044158,55,407,352,556211,178,1,1/407,1/352,178,1,1/407,1/352,,0,0/407,0/352,1:1,10:15,10:15,{},{}
240000048838,OLD_CONTROL_MOD_120,240000044158,55,407,352,600727,179,1,1/407,1/352,179,1,1/407,1/352,,0,0/407,0/352,1:1,4:4,4:4,{},{}
240000048838,OLD_CONTROL_MOD_120,240000044158,55,407,352,690163,180,1,1/407,1/352,180,1,1/407,1/352,,0,0/407,0/352,1:1,8:1,8:1,{},{}
240000048838,OLD_CONTROL_MOD_120,240000044158,55,407,352,710383,181,1,1/407,1/352,181,1,1/407,1/352,,0,0/407,0/352,1:1,13:10,13:10,{},{}
240000048838,OLD_CONTROL_MOD_120,240000044158,55,407,352,723467,182,1,1/407,1/352,182,1,1/407,1/352,,0,0/407,0/352,1:1,0:3,0:3,{},{}
240000048838,OLD_CONTROL_MOD_120,240000044158,55,407,352,730879,183,1,1/407,1/352,183,1,1/407,1/352,,0,0/407,0/352,1:1,20:16,20:16,{},{}
240000048838,OLD_CONTROL_MOD_120,240000044158,55,407,352,918959,184,1,1/407,1/352,184,1,1/407,1/352,,0,0/407,0/352,1:1,23:12,23:12,{},{}
240000048838,OLD_CONTROL_MOD_120,240000044158,55,407,352,929251,185,1,1/407,1/352,185,1,1/407,1/352,,0,0/407,0/352,1:1,12:5,12:5,{},{}
240000048838,OLD_CONTROL_MOD_120,240000044158,55,407,352,1111967,186,1,1/407,1/352,186,1,1/407,1/352,,0,0/407,0/352,1:1,0:13,0:13,{},{}
240000048838,OLD_CONTROL_MOD_120,240000044158,55,407,352,1348027,187,1,1/407,1/352,187,1,1/407,1/352,,0,0/407,0/352,1:1,7:6,7:6,{},{}
240000048838,OLD_CONTROL_MOD_120,240000044158,55,407,352,1501483,188,1,1/407,1/352,188,1,1/407,1/352,,0,0/407,0/352,1:1,3:5,3:5,{},{}
240000048838,OLD_CONTROL_MOD_120,240000044158,55,407,352,1734179,189,1,1/407,1/352,189,1,1/407,1/352,,0,0/407,0/352,1:1,7:7,7:7,{},{}
240000048838,OLD_CONTROL_MOD_120,240000044158,55,407,352,1803563,190,1,1/407,1/352,190,1,1/407,1/352,,0,0/407,0/352,1:1,15:2,15:2,{},{}
240000048838,OLD_CONTROL_MOD_120,240000044158,55,407,352,1811987,191,1,1/407,1/352,191,1,1/407,1/352,,0,0/407,0/352,1:1,15:10,15:10,{},{}
240000048838,OLD_CONTROL_MOD_120,240000044158,55,407,352,1919891,192,1,1/407,1/352,192,1,1/407,1/352,,0,0/407,0/352,1:1,23:11,23:11,{},{}
240000048838,OLD_CONTROL_MOD_120,240000044158,55,407,352,1937891,193,1,1/407,1/352,193,1,1/407,1/352,,0,0/407,0/352,1:1,3:2,3:2,{},{}
240000048838,OLD_CONTROL_MOD_120,240000044158,55,407,352,1985183,194,1,1/407,1/352,194,1,1/407,1/352,,0,0/407,0/352,1:1,22:7,22:7,{},{}
240000048838,OLD_CONTROL_MOD_120,240000044158,55,407,352,2243587,195,1,1/407,1/352,195,1,1/407,1/352,,0,0/407,0/352,1:1,13:9,13:9,{},{}
240000048838,OLD_CONTROL_MOD_120,240000044158,55,407,352,2306971,196,1,1/407,1/352,196,1,1/407,1/352,,0,0/407,0/352,1:1,22:12,22:12,{},{}
240000048838,OLD_CONTROL_MOD_120,240000044158,55,407,352,2599231,197,1,1/407,1/352,197,1,1/407,1/352,,0,0/407,0/352,1:1,9:16,9:16,{},{}
240000048838,OLD_CONTROL_MOD_120,240000044158,55,407,352,2853503,198,1,1/407,1/352,198,1,1/407,1/352,,0,0/407,0/352,1:1,15:8,15:8,{},{}
240000048838,OLD_CONTROL_MOD_120,240000044158,55,407,352,2945147,199,1,1/407,1/352,199,1,1/407,1/352,,0,0/407,0/352,1:1,9:3,9:3,{},{}
240000048838,OLD_CONTROL_MOD_120,240000044158,55,407,352,3062551,200,1,1/407,1/352,200,1,1/407,1/352,,0,0/407,0/352,1:1,11:2,11:2,{},{}
240000048838,OLD_CONTROL_MOD_120,240000044158,55,407,352,3567251,201,1,1/407,1/352,201,1,1/407,1/352,,0,0/407,0/352,1:1,16:16,16:16,{},{}
240000048838,OLD_CONTROL_MOD_120,240000044158,55,407,352,4280971,202,1,1/407,1/352,202,1,1/407,1/352,,0,0/407,0/352,1:1,16:6,16:6,{},{}
240000048838,OLD_CONTROL_MOD_120,240000044158,55,407,352,4590919,203,1,1/407,1/352,203,1,1/407,1/352,,0,0/407,0/352,1:1,15:3,15:3,{},{}
240000048838,OLD_CONTROL_MOD_120,240000044158,55,407,352,4857059,204,1,1/407,1/352,204,1,1/407,1/352,,0,0/407,0/352,1:1,2:14,2:14,{},{}
240000048838,OLD_CONTROL_MOD_120,240000044158,55,407,352,5516723,205,1,1/407,1/352,205,1,1/407,1/352,,0,0/407,0/352,1:1,12:1,12:1,{},{}
240000048838,OLD_CONTROL_MOD_120,240000044158,55,407,352,5860807,206,1,1/407,1/352,206,1,1/407,1/352,,0,0/407,0/352,1:1,7:0,7:0,{},{}
240000048838,OLD_CONTROL_MOD_120,240000044158,55,407,352,6573103,207,1,1/407,1/352,207,1,1/407,1/352,,0,0/407,0/352,1:1,17:15,17:15,{},{}
240000048838,OLD_CONTROL_MOD_120,240000044158,55,407,352,7066723,208,1,1/407,1/352,208,1,1/407,1/352,,0,0/407,0/352,1:1,7:3,7:3,{},{}
240000048838,OLD_CONTROL_MOD_120,240000044158,55,407,352,7237303,209,1,1/407,1/352,209,1,1/407,1/352,,0,0/407,0/352,1:1,18:4,18:4,{},{}
240000048838,OLD_CONTROL_MOD_120,240000044158,55,407,352,8660507,210,1,1/407,1/352,210,1,1/407,1/352,,0,0/407,0/352,1:1,6:7,6:7,{},{}
240000048838,OLD_CONTROL_MOD_120,240000044158,55,407,352,10252031,211,1,1/407,1/352,211,1,1/407,1/352,,0,0/407,0/352,1:1,1:5,1:5,{},{}
240000048838,OLD_CONTROL_MOD_120,240000044158,55,407,352,10360283,212,1,1/407,1/352,212,1,1/407,1/352,,0,0/407,0/352,1:1,18:5,18:5,{},{}
240000048838,OLD_CONTROL_MOD_120,240000044158,55,407,352,10750763,213,1,1/407,1/352,213,1,1/407,1/352,,0,0/407,0/352,1:1,0:6,0:6,{},{}
240000048838,OLD_CONTROL_MOD_120,240000044158,55,407,352,14475367,214,1,1/407,1/352,214,1,1/407,1/352,,0,0/407,0/352,1:1,22:2,22:2,{},{}
240000048838,OLD_CONTROL_MOD_120,240000044158,55,407,352,14914859,215,1,1/407,1/352,215,1,1/407,1/352,,0,0/407,0/352,1:1,21:6,21:6,{},{}
240000048838,OLD_CONTROL_MOD_120,240000044158,55,407,352,20712767,216,1,1/407,1/352,216,1,1/407,1/352,,0,0/407,0/352,1:1,22:1,22:1,{},{}
240000048838,OLD_CONTROL_MOD_120,240000044158,55,407,352,21906019,217,1,1/407,1/352,217,1,1/407,1/352,,0,0/407,0/352,1:1,17:4,17:4,{},{}
240000048838,OLD_CONTROL_MOD_120,240000044158,55,407,352,22204219,218,1,1/407,1/352,218,1,1/407,1/352,,0,0/407,0/352,1:1,23:14,23:14,{},{}
240000048838,OLD_CONTROL_MOD_120,240000044158,55,407,352,22224431,219,1,1/407,1/352,219,1,1/407,1/352,,0,0/407,0/352,1:1,10:13,10:13,{},{}
240000048838,OLD_CONTROL_MOD_120,240000044158,55,407,352,25542787,220,1,1/407,1/352,220,1,1/407,1/352,,0,0/407,0/352,1:1,8:6,8:6,{},{}
240000048838,OLD_CONTROL_MOD_120,240000044158,55,407,352,25552427,221,1,1/407,1/352,221,1,1/407,1/352,,0,0/407,0/352,1:1,20:3,20:3,{},{}
240000048838,OLD_CONTROL_MOD_120,240000044158,55,407,352,29274031,222,1,1/407,1/352,222,1,1/407,1/352,,0,0/407,0/352,1:1,13:12,13:12,{},{}
240000048838,OLD_CONTROL_MOD_120,240000044158,55,407,352,30178787,223,1,1/407,1/352,223,1,1/407,1/352,,0,0/407,0/352,1:1,14:13,14:13,{},{}
240000048838,OLD_CONTROL_MOD_120,240000044158,55,407,352,30666991,224,1,1/407,1/352,224,1,1/407,1/352,,0,0/407,0/352,1:1,11:3,11:3,{},{}
240000048838,OLD_CONTROL_MOD_120,240000044158,55,407,352,31209359,225,1,1/407,1/352,225,1,1/407,1/352,,0,0/407,0/352,1:1,1:7,1:7,{},{}
240000048838,OLD_CONTROL_MOD_120,240000044158,55,407,352,31217419,226,1,1/407,1/352,226,1,1/407,1/352,,0,0/407,0/352,1:1,12:3,12:3,{},{}
240000048838,OLD_CONTROL_MOD_120,240000044158,55,407,352,31720811,227,1,1/407,1/352,227,1,1/407,1/352,,0,0/407,0/352,1:1,7:8,7:8,{},{}
240000048838,OLD_CONTROL_MOD_120,240000044158,55,407,352,33753263,228,1,1/407,1/352,228,1,1/407,1/352,,0,0/407,0/352,1:1,15:0,15:0,{},{}
240000048838,OLD_CONTROL_MOD_120,240000044158,55,407,352,36753151,229,1,1/407,1/352,229,1,1/407,1/352,,0,0/407,0/352,1:1,9:9,9:9,{},{}
240000048838,OLD_CONTROL_MOD_120,240000044158,55,407,352,42120251,230,1,1/407,1/352,230,1,1/407,1/352,,0,0/407,0/352,1:1,17:14,17:14,{},{}
240000048838,OLD_CONTROL_MOD_120,240000044158,55,407,352,45359399,231,1,1/407,1/352,231,1,1/407,1/352,,0,0/407,0/352,1:1,1:11,1:11,{},{}
240000048838,OLD_CONTROL_MOD_120,240000044158,55,407,352,49850071,232,1,1/407,1/352,232,1,1/407,1/352,,0,0/407,0/352,1:1,4:14,4:14,{},{}
240000048838,OLD_CONTROL_MOD_120,240000044158,55,407,352,52445699,233,1,1/407,1/352,233,1,1/407,1/352,,0,0/407,0/352,1:1,15:15,15:15,{},{}
240000048838,OLD_CONTROL_MOD_120,240000044158,55,407,352,54206987,234,1,1/407,1/352,234,1,1/407,1/352,,0,0/407,0/352,1:1,21:12,21:12,{},{}
240000048838,OLD_CONTROL_MOD_120,240000044158,55,407,352,57932099,235,1,1/407,1/352,235,1,1/407,1/352,,0,0/407,0/352,1:1,6:15,6:15,{},{}
240000048838,OLD_CONTROL_MOD_120,240000044158,55,407,352,62271499,236,1,1/407,1/352,236,1,1/407,1/352,,0,0/407,0/352,1:1,14:14,14:14,{},{}
240000048838,OLD_CONTROL_MOD_120,240000044158,55,407,352,74035271,237,1,1/407,1/352,237,1,1/407,1/352,,0,0/407,0/352,1:1,19:5,19:5,{},{}
240000048838,OLD_CONTROL_MOD_120,240000044158,55,407,352,80428951,238,1,1/407,1/352,238,1,1/407,1/352,,0,0/407,0/352,1:1,10:1,10:1,{},{}
240000048838,OLD_CONTROL_MOD_120,240000044158,55,407,352,94067023,239,1,1/407,1/352,239,1,1/407,1/352,,0,0/407,0/352,1:1,17:2,17:2,{},{}
240000048838,OLD_CONTROL_MOD_120,240000044158,55,407,352,109589063,240,1,1/407,1/352,240,1,1/407,1/352,,0,0/407,0/352,1:1,5:4,5:4,{},{}
240000048838,OLD_CONTROL_MOD_120,240000044158,55,407,352,112231627,241,1,1/407,1/352,241,1,1/407,1/352,,0,0/407,0/352,1:1,7:11,7:11,{},{}
240000048838,OLD_CONTROL_MOD_120,240000044158,55,407,352,114066191,242,1,1/407,1/352,242,1,1/407,1/352,,0,0/407,0/352,1:1,14:1,14:1,{},{}
240000048838,OLD_CONTROL_MOD_120,240000044158,55,407,352,114487339,243,1,1/407,1/352,243,1,1/407,1/352,,0,0/407,0/352,1:1,23:3,23:3,{},{}
240000048838,OLD_CONTROL_MOD_120,240000044158,55,407,352,152866271,244,1,1/407,1/352,244,1,1/407,1/352,,0,0/407,0/352,1:1,5:5,5:5,{},{}
240000048838,OLD_CONTROL_MOD_120,240000044158,55,407,352,215053331,245,1,1/407,1/352,245,1,1/407,1/352,,0,0/407,0/352,1:1,12:0,12:0,{},{}
240000048838,OLD_CONTROL_MOD_120,240000044158,55,407,352,220586479,246,1,1/407,1/352,246,1,1/407,1/352,,0,0/407,0/352,1:1,8:9,8:9,{},{}
240000048838,OLD_CONTROL_MOD_120,240000044158,55,407,352,233937467,247,1,1/407,1/352,247,1,1/407,1/352,,0,0/407,0/352,1:1,18:16,18:16,{},{}
240000048838,OLD_CONTROL_MOD_120,240000044158,55,407,352,235539839,248,1,1/407,1/352,248,1,1/407,1/352,,0,0/407,0/352,1:1,19:8,19:8,{},{}
240000048838,OLD_CONTROL_MOD_120,240000044158,55,407,352,330090247,249,1,1/407,1/352,249,1,1/407,1/352,,0,0/407,0/352,1:1,22:9,22:9,{},{}
240000048838,OLD_CONTROL_MOD_120,240000044158,55,407,352,368957047,250,1,1/407,1/352,250,1,1/407,1/352,,0,0/407,0/352,1:1,17:11,17:11,{},{}
240000048838,OLD_CONTROL_MOD_120,240000044158,55,407,352,381436651,251,1,1/407,1/352,251,1,1/407,1/352,,0,0/407,0/352,1:1,7:13,7:13,{},{}
240000048838,OLD_CONTROL_MOD_120,240000044158,55,407,352,383386651,252,1,1/407,1/352,252,1,1/407,1/352,,0,0/407,0/352,1:1,7:5,7:5,{},{}
240000048838,OLD_CONTROL_MOD_120,240000044158,55,407,352,393442703,253,1,1/407,1/352,253,1,1/407,1/352,,0,0/407,0/352,1:1,1:1,1:1,{},{}
240000048838,OLD_CONTROL_MOD_120,240000044158,55,407,352,414709223,254,1,1/407,1/352,254,1,1/407,1/352,,0,0/407,0/352,1:1,12:14,12:14,{},{}
240000048838,OLD_CONTROL_MOD_120,240000044158,55,407,352,487304747,255,1,1/407,1/352,255,1,1/407,1/352,,0,0/407,0/352,1:1,9:13,9:13,{},{}
240000048838,OLD_CONTROL_MOD_120,240000044158,55,407,352,509726863,256,1,1/407,1/352,256,1,1/407,1/352,,0,0/407,0/352,1:1,20:1,20:1,{},{}
240000048838,OLD_CONTROL_MOD_120,240000044158,55,407,352,512820491,257,1,1/407,1/352,257,1,1/407,1/352,,0,0/407,0/352,1:1,10:0,10:0,{},{}
240000048838,OLD_CONTROL_MOD_120,240000044158,55,407,352,615380651,258,1,1/407,1/352,258,1,1/407,1/352,,0,0/407,0/352,1:1,13:4,13:4,{},{}
240000048838,OLD_CONTROL_MOD_120,240000044158,55,407,352,655736771,259,1,1/407,1/352,259,1,1/407,1/352,,0,0/407,0/352,1:1,3:8,3:8,{},{}
240000048838,OLD_CONTROL_MOD_120,240000044158,55,407,352,869563979,260,1,1/407,1/352,260,1,1/407,1/352,,0,0/407,0/352,1:1,2:8,2:8,{},{}
240000048838,OLD_CONTROL_MOD_120,240000044158,55,407,352,923879927,261,1,1/407,1/352,261,1,1/407,1/352,,0,0/407,0/352,1:1,20:5,20:5,{},{}
240000048838,OLD_CONTROL_MOD_120,240000044158,55,407,352,961257763,262,1,1/407,1/352,262,1,1/407,1/352,,0,0/407,0/352,1:1,18:13,18:13,{},{}
240000048838,OLD_CONTROL_MOD_120,240000044158,55,407,352,1037338879,263,1,1/407,1/352,263,1,1/407,1/352,,0,0/407,0/352,1:1,20:2,20:2,{},{}
240000048838,OLD_CONTROL_MOD_120,240000044158,55,407,352,1095317287,264,1,1/407,1/352,264,1,1/407,1/352,,0,0/407,0/352,1:1,11:13,11:13,{},{}
240000048838,OLD_CONTROL_MOD_120,240000044158,55,407,352,1153588643,265,1,1/407,1/352,265,1,1/407,1/352,,0,0/407,0/352,1:1,14:11,14:11,{},{}
240000048838,OLD_CONTROL_MOD_120,240000044158,55,407,352,1538183407,266,1,1/407,1/352,266,1,1/407,1/352,,0,0/407,0/352,1:1,16:8,16:8,{},{}
240000048838,OLD_CONTROL_MOD_120,240000044158,55,407,352,1599136787,267,1,1/407,1/352,267,1,1/407,1/352,,0,0/407,0/352,1:1,17:8,17:8,{},{}
240000048838,OLD_CONTROL_MOD_120,240000044158,55,407,352,1846153619,268,1,1/407,1/352,268,1,1/407,1/352,,0,0/407,0/352,1:1,5:7,5:7,{},{}
240000048838,OLD_CONTROL_MOD_120,240000044158,55,407,352,1874664079,269,1,1/407,1/352,269,1,1/407,1/352,,0,0/407,0/352,1:1,16:1,16:1,{},{}
240000048838,OLD_CONTROL_MOD_120,240000044158,55,407,352,2142421607,270,1,1/407,1/352,270,1,1/407,1/352,,0,0/407,0/352,1:1,6:11,6:11,{},{}
240000048838,OLD_CONTROL_MOD_120,240000044158,55,407,352,2514773567,271,1,1/407,1/352,271,1,1/407,1/352,,0,0/407,0/352,1:1,23:5,23:5,{},{}
240000048838,OLD_CONTROL_MOD_120,240000044158,55,407,352,2565060167,272,1,1/407,1/352,272,1,1/407,1/352,,0,0/407,0/352,1:1,21:16,21:16,{},{}
240000048838,OLD_CONTROL_MOD_120,240000044158,55,407,352,2815517843,273,1,1/407,1/352,273,1,1/407,1/352,,0,0/407,0/352,1:1,20:10,20:10,{},{}
240000048838,OLD_CONTROL_MOD_120,240000044158,55,407,352,2913738599,274,1,1/407,1/352,274,1,1/407,1/352,,0,0/407,0/352,1:1,5:16,5:16,{},{}
240000048838,OLD_CONTROL_MOD_120,240000044158,55,407,352,3062022907,275,1,1/407,1/352,275,1,1/407,1/352,,0,0/407,0/352,1:1,19:4,19:4,{},{}
240000048838,OLD_CONTROL_MOD_120,240000044158,55,407,352,3211041679,276,1,1/407,1/352,276,1,1/407,1/352,,0,0/407,0/352,1:1,19:13,19:13,{},{}
240000048838,OLD_CONTROL_MOD_120,240000044158,55,407,352,4773004111,277,1,1/407,1/352,277,1,1/407,1/352,,0,0/407,0/352,1:1,17:13,17:13,{},{}
240000048838,OLD_CONTROL_MOD_120,240000044158,55,407,352,5609876611,278,1,1/407,1/352,278,1,1/407,1/352,,0,0/407,0/352,1:1,23:7,23:7,{},{}
240000048838,OLD_CONTROL_MOD_120,240000044158,55,407,352,6649124659,279,1,1/407,1/352,279,1,1/407,1/352,,0,0/407,0/352,1:1,18:12,18:12,{},{}
240000048838,OLD_CONTROL_MOD_120,240000044158,55,407,352,6655906343,280,1,1/407,1/352,280,1,1/407,1/352,,0,0/407,0/352,1:1,18:0,18:0,{},{}
240000048838,OLD_CONTROL_MOD_120,240000044158,55,407,352,6666535163,281,1,1/407,1/352,281,1,1/407,1/352,,0,0/407,0/352,1:1,14:0,14:0,{},{}
240000048838,OLD_CONTROL_MOD_120,240000044158,55,407,352,6666668003,282,1,1/407,1/352,282,1,1/407,1/352,,0,0/407,0/352,1:1,6:0,6:0,{},{}
240000048838,OLD_CONTROL_MOD_120,240000044158,55,407,352,7650997667,283,1,1/407,1/352,283,1,1/407,1/352,,0,0/407,0/352,1:1,21:10,21:10,{},{}
240000048838,OLD_CONTROL_MOD_120,240000044158,55,407,352,7651323167,284,1,1/407,1/352,284,1,1/407,1/352,,0,0/407,0/352,1:1,21:4,21:4,{},{}
240000048838,OLD_CONTROL_MOD_120,240000044158,55,407,352,7796497963,285,1,1/407,1/352,285,1,1/407,1/352,,0,0/407,0/352,1:1,13:14,13:14,{},{}
240000048838,OLD_CONTROL_MOD_120,240000044158,55,407,352,7796550451,286,1,1/407,1/352,286,1,1/407,1/352,,0,0/407,0/352,1:1,9:14,9:14,{},{}
240000048838,OLD_CONTROL_MOD_120,240000044158,55,407,352,7999675451,287,1,1/407,1/352,287,1,1/407,1/352,,0,0/407,0/352,1:1,9:10,9:10,{},{}
240000048838,OLD_CONTROL_MOD_120,240000044158,55,407,352,7999676099,288,1,1/407,1/352,288,1,1/407,1/352,,0,0/407,0/352,1:1,5:10,5:10,{},{}
240000048838,OLD_CONTROL_MOD_120,240000044158,55,407,352,13068440639,289,1,1/407,1/352,289,1,1/407,1/352,,0,0/407,0/352,1:1,18:15,18:15,{},{}
240000048838,OLD_CONTROL_MOD_120,240000044158,55,407,352,15000002999,290,1,1/407,1/352,290,1,1/407,1/352,,0,0/407,0/352,1:1,6:3,6:3,{},{}
240000048838,OLD_CONTROL_MOD_120,240000044158,55,407,352,16876289467,291,1,1/407,1/352,291,1,1/407,1/352,,0,0/407,0/352,1:1,22:14,22:14,{},{}
240000048838,OLD_CONTROL_MOD_120,240000044158,55,407,352,19459092727,292,1,1/407,1/352,292,1,1/407,1/352,,0,0/407,0/352,1:1,18:14,18:14,{},{}
240000048838,OLD_CONTROL_MOD_120,240000044158,55,407,352,19967719027,293,1,1/407,1/352,293,1,1/407,1/352,,0,0/407,0/352,1:1,18:2,18:2,{},{}
240000048838,OLD_CONTROL_MOD_120,240000044158,55,407,352,20000004007,294,1,1/407,1/352,294,1,1/407,1/352,,0,0/407,0/352,1:1,6:2,6:2,{},{}
240000048838,OLD_CONTROL_MOD_120,240000044158,55,407,352,20948087639,295,1,1/407,1/352,295,1,1/407,1/352,,0,0/407,0/352,1:1,13:15,13:15,{},{}
240000048838,OLD_CONTROL_MOD_120,240000044158,55,407,352,20948245103,296,1,1/407,1/352,296,1,1/407,1/352,,0,0/407,0/352,1:1,9:15,9:15,{},{}
240000048838,OLD_CONTROL_MOD_120,240000044158,55,407,352,23987090867,297,1,1/407,1/352,297,1,1/407,1/352,,0,0/407,0/352,1:1,17:1,17:1,{},{}
240000048838,OLD_CONTROL_MOD_120,240000044158,55,407,352,23999845139,298,1,1/407,1/352,298,1,1/407,1/352,,0,0/407,0/352,1:1,13:5,13:5,{},{}
240000048838,OLD_CONTROL_MOD_120,240000044158,55,407,352,23999845451,299,1,1/407,1/352,299,1,1/407,1/352,,0,0/407,0/352,1:1,13:1,13:1,{},{}
240000048838,OLD_CONTROL_MOD_120,240000044158,55,407,352,24309478331,300,1,1/407,1/352,300,1,1/407,1/352,,0,0/407,0/352,1:1,23:2,23:2,{},{}
240000048838,OLD_CONTROL_MOD_120,240000044158,55,407,352,25924785763,301,1,1/407,1/352,301,1,1/407,1/352,,0,0/407,0/352,1:1,22:13,22:13,{},{}
240000048838,OLD_CONTROL_MOD_120,240000044158,55,407,352,26185308839,302,1,1/407,1/352,302,1,1/407,1/352,,0,0/407,0/352,1:1,0:15,0:15,{},{}
240000048838,OLD_CONTROL_MOD_120,240000044158,55,407,352,29993902579,303,1,1/407,1/352,303,1,1/407,1/352,,0,0/407,0/352,1:1,4:11,4:11,{},{}
240000048838,OLD_CONTROL_MOD_120,240000044158,55,407,352,29999407843,304,1,1/407,1/352,304,1,1/407,1/352,,0,0/407,0/352,1:1,14:5,14:5,{},{}
240000048838,OLD_CONTROL_MOD_120,240000044158,55,407,352,30000006079,305,1,1/407,1/352,305,1,1/407,1/352,,0,0/407,0/352,1:1,4:3,4:3,{},{}
240000048838,OLD_CONTROL_MOD_120,240000044158,55,407,352,38789045291,306,1,1/407,1/352,306,1,1/407,1/352,,0,0/407,0/352,1:1,19:14,19:14,{},{}
240000048838,OLD_CONTROL_MOD_120,240000044158,55,407,352,38982755171,307,1,1/407,1/352,307,1,1/407,1/352,,0,0/407,0/352,1:1,7:14,7:14,{},{}
240000048838,OLD_CONTROL_MOD_120,240000044158,55,407,352,39804670291,308,1,1/407,1/352,308,1,1/407,1/352,,0,0/407,0/352,1:1,19:10,19:10,{},{}
240000048838,OLD_CONTROL_MOD_120,240000044158,55,407,352,39806297891,309,1,1/407,1/352,309,1,1/407,1/352,,0,0/407,0/352,1:1,19:2,19:2,{},{}
240000048838,OLD_CONTROL_MOD_120,240000044158,55,407,352,39998380171,310,1,1/407,1/352,310,1,1/407,1/352,,0,0/407,0/352,1:1,7:10,7:10,{},{}
240000048838,OLD_CONTROL_MOD_120,240000044158,55,407,352,39999913511,311,1,1/407,1/352,311,1,1/407,1/352,,0,0/407,0/352,1:1,11:8,11:8,{},{}
240000048838,OLD_CONTROL_MOD_120,240000044158,55,407,352,40000007771,312,1,1/407,1/352,312,1,1/407,1/352,,0,0/407,0/352,1:1,7:2,7:2,{},{}
240000048838,OLD_CONTROL_MOD_120,240000044158,55,407,352,40000008031,313,1,1/407,1/352,313,1,1/407,1/352,,0,0/407,0/352,1:1,3:4,3:4,{},{}
240000048838,OLD_CONTROL_MOD_120,240000044158,55,407,352,59997570803,314,1,1/407,1/352,314,1,1/407,1/352,,0,0/407,0/352,1:1,0:10,0:10,{},{}
240000048838,OLD_CONTROL_MOD_120,240000044158,55,407,352,72928435003,315,1,1/407,1/352,315,1,1/407,1/352,,0,0/407,0/352,1:1,23:1,23:1,{},{}
240000048838,OLD_CONTROL_MOD_120,240000044158,55,407,352,119975610343,316,1,1/407,1/352,316,1,1/407,1/352,,0,0/407,0/352,1:1,3:11,3:11,{},{}
240000048838,OLD_CONTROL_MOD_120,240000044158,55,407,352,120000024343,317,1,1/407,1/352,317,1,1/407,1/352,,0,0/407,0/352,1:1,3:3,3:3,{},{}
240000000728,OLD_CONTROL_MOD_120,240000000968,58,407,349,3,1,127,127/407,127/349,1,122,122/407,122/349,1,5,5/407,5/349,1:122;3:4;7:1,0:0;0:2;0:6;0:8;0:10;0:12;0:14;1:1;1:3;1:5;1:7;1:9;1:13;1:15;2:3;2:5;2:7;2:9;2:11;2:15;3:3;3:5;3:9;3:11;3:13;3:15;4:3;4:5;4:9;4:11;4:13;4:15;5:3;5:5;5:9;5:11;5:15;6:3;6:5;6:9;6:11;6:15;7:3;7:5;7:9;7:11;7:15;8:3;8:5;8:9;8:11;8:15;9:3;9:5;9:9;9:11;9:15;10:3;10:5;10:9;10:11;10:15;11:3;11:5;11:9;11:11;11:15;12:3;12:5;12:9;12:11;12:15;13:3;13:5;13:9;13:11;13:15;14:3;14:5;14:9;14:11;14:15;15:3;15:5;15:9;15:11;15:15;16:3;16:5;16:9;16:11;16:15;17:3;17:5;17:9;17:11;17:15;18:3;18:5;18:9;18:11;18:15;19:3;19:5;19:9;19:11;19:15;20:3;20:5;20:9;20:11;20:15;21:3;21:5;21:9;21:11;21:15;22:3;22:5;22:9;22:11;22:15;23:3;23:5;23:9;23:11;23:15,0:0;0:2;0:6;0:8;0:12;0:14;1:1;1:3;1:7;1:9;1:13;1:15;2:3;2:5;2:9;2:11;2:15;3:3;3:5;3:9;3:11;3:15;4:3;4:5;4:9;4:11;4:15;5:3;5:5;5:9;5:11;5:15;6:3;6:5;6:9;6:11;6:15;7:3;7:5;7:9;7:11;7:15;8:3;8:5;8:9;8:11;8:15;9:3;9:5;9:9;9:11;9:15;10:3;10:5;10:9;10:11;10:15;11:3;11:5;11:9;11:11;11:15;12:3;12:5;12:9;12:11;12:15;13:3;13:5;13:9;13:11;13:15;14:3;14:5;14:9;14:11;14:15;15:3;15:5;15:9;15:11;15:15;16:3;16:5;16:9;16:11;16:15;17:3;17:5;17:9;17:11;17:15;18:3;18:5;18:9;18:11;18:15;19:3;19:5;19:9;19:11;19:15;20:3;20:5;20:9;20:11;20:15;21:3;21:5;21:9;21:11;21:15;22:3;22:5;22:9;22:11;22:15;23:3;23:5;23:9;23:11;23:15,"{""3"":[[0,10],[1,5],[2,7],[3,13]],""7"":[[4,13]]}","{""3"":""81"",""7"":""6561""}"
240000000728,OLD_CONTROL_MOD_120,240000000968,58,407,349,7,2,47,47/407,47/349,2,46,46/407,46/349,2,1,1/407,1/349,1:46;3:1,0:8;0:14;1:4;1:16;2:5;3:3;3:9;3:15;4:0;4:12;6:2;6:8;6:14;7:4;7:10;7:16;8:5;8:11;9:3;9:9;10:0;10:6;10:12;12:2;12:8;12:14;13:4;13:10;13:16;14:5;14:11;15:3;15:15;16:6;16:12;18:2;18:14;19:10;19:16;20:5;20:11;21:3;21:9;21:15;22:0;22:6;22:12,0:8;0:14;1:4;1:16;2:5;3:3;3:9;3:15;4:0;4:12;6:2;6:8;6:14;7:4;7:10;7:16;8:5;8:11;9:3;9:9;10:0;10:6;10:12;12:2;12:8;12:14;13:4;13:10;13:16;14:5;14:11;15:3;15:15;16:6;16:12;18:2;18:14;19:10;19:16;20:5;20:11;21:9;21:15;22:0;22:6;22:12,"{""3"":[[21,3]]}","{""3"":""2401""}"
240000000728,OLD_CONTROL_MOD_120,240000000968,58,407,349,11,3,35,35/407,35/349,3,35,35/407,35/349,,0,0/407,0/349,1:35,0:2;0:7;0:12;1:0;1:5;1:10;1:15;5:2;5:7;5:12;6:0;6:5;6:10;6:15;10:2;10:7;10:12;11:0;11:5;11:10;11:15;15:2;15:7;15:12;16:0;16:5;16:10;16:15;20:2;20:7;20:12;21:0;21:5;21:10;21:15,0:2;0:7;0:12;1:0;1:5;1:10;1:15;5:2;5:7;5:12;6:0;6:5;6:10;6:15;10:2;10:7;10:12;11:0;11:5;11:10;11:15;15:2;15:7;15:12;16:0;16:5;16:10;16:15;20:2;20:7;20:12;21:0;21:5;21:10;21:15,{},{}
240000000728,OLD_CONTROL_MOD_120,240000000968,58,407,349,19,4,20,20/407,20/349,4,20,20/407,20/349,,0,0/407,0/349,1:20,2:8;3:1;3:10;5:4;5:13;6:2;6:11;7:3;7:12;8:6;8:15;10:7;10:16;14:5;14:14;15:0;15:9;21:1;21:10;23:13,2:8;3:1;3:10;5:4;5:13;6:2;6:11;7:3;7:12;8:6;8:15;10:7;10:16;14:5;14:14;15:0;15:9;21:1;21:10;23:13,{},{}
240000000728,OLD_CONTROL_MOD_120,240000000968,58,407,349,23,5,14,14/407,14/349,5,14,14/407,14/349,,0,0/407,0/349,1:14,1:1;2:11;3:4;5:12;8:2;9:14;12:1;13:11;14:4;15:15;16:12;19:2;20:14;23:1,1:1;2:11;3:4;5:12;8:2;9:14;12:1;13:11;14:4;15:15;16:12;19:2;20:14;23:1,{},{}
240000000728,OLD_CONTROL_MOD_120,240000000968,58,407,349,43,6,11,11/407,11/349,6,11,11/407,11/349,,0,0/407,0/349,1:11,2:10;5:1;7:3;8:15;9:0;10:4;12:5;14:16;18:12;21:11;22:14,2:10;5:1;7:3;8:15;9:0;10:4;12:5;14:16;18:12;21:11;22:14,{},{}
240000000728,OLD_CONTROL_MOD_120,240000000968,58,407,349,31,7,10,10/407,10/349,7,10,10/407,10/349,,0,0/407,0/349,1:10,7:2;7:5;7:8;7:11;7:14;14:3;14:6;14:9;14:12;14:15,7:2;7:5;7:8;7:11;7:14;14:3;14:6;14:9;14:12;14:15,{},{}
240000000728,OLD_CONTROL_MOD_120,240000000968,58,407,349,47,8,8,8/407,8/349,8,8,8/407,8/349,,0,0/407,0/349,1:8,2:0;4:5;10:9;13:6;14:13;16:2;17:8;22:15,2:0;4:5;10:9;13:6;14:13;16:2;17:8;22:15,{},{}
240000000728,OLD_CONTROL_MOD_120,240000000968,58,407,349,59,9,7,7/407,7/349,9,7,7/407,7/349,,0,0/407,0/349,1:7,6:7;11:0;13:1;15:12;16:10;20:9;21:2,6:7;11:0;13:1;15:12;16:10;20:9;21:2,{},{}
240000000728,OLD_CONTROL_MOD_120,240000000968,58,407,349,71,10,7,7/407,7/349,10,7,7/407,7/349,,0,0/407,0/349,1:7,1:2;1:7;1:12;3:0;3:5;3:10;3:15,1:2;1:7;1:12;3:0;3:5;3:10;3:15,{},{}
240000000728,OLD_CONTROL_MOD_120,240000000968,58,407,349,79,11,6,6/407,6/349,11,6,6/407,6/349,,0,0/407,0/349,1:6,6:11;11:16;12:12;13:14;16:5;19:13,6:11;11:16;12:12;13:14;16:5;19:13,{},{}
240000000728,OLD_CONTROL_MOD_120,240000000968,58,407,349,83,12,6,6/407,6/349,12,6,6/407,6/349,,0,0/407,0/349,1:6,3:3;8:16;11:4;17:6;19:9;22:2,3:3;8:16;11:4;17:6;19:9;22:2,{},{}
240000000728,OLD_CONTROL_MOD_120,240000000968,58,407,349,107,13,5,5/407,5/349,13,5,5/407,5/349,,0,0/407,0/349,1:5,7:16;16:5;21:8;22:12;23:2,7:16;16:5;21:8;22:12;23:2,{},{}
240000000728,OLD_CONTROL_MOD_120,240000000968,58,407,349,163,14,5,5/407,5/349,14,5,5/407,5/349,,0,0/407,0/349,1:5,4:0;6:1;14:14;21:8;23:13,4:0;6:1;14:14;21:8;23:13,{},{}
240000000728,OLD_CONTROL_MOD_120,240000000968,58,407,349,179,15,5,5/407,5/349,15,5,5/407,5/349,,0,0/407,0/349,1:5,3:11;12:1;13:2;18:3;23:7,3:11;12:1;13:2;18:3;23:7,{},{}
240000000728,OLD_CONTROL_MOD_120,240000000968,58,407,349,191,16,5,5/407,5/349,16,5,5/407,5/349,,0,0/407,0/349,1:5,4:0;5:8;10:4;13:14;16:10,4:0;5:8;10:4;13:14;16:10,{},{}
240000000728,OLD_CONTROL_MOD_120,240000000968,58,407,349,67,17,4,4/407,4/349,17,4,4/407,4/349,,0,0/407,0/349,1:4,6:8;9:4;11:9;17:11,6:8;9:4;11:9;17:11,{},{}
240000000728,OLD_CONTROL_MOD_120,240000000968,58,407,349,127,18,4,4/407,4/349,18,4,4/407,4/349,,0,0/407,0/349,1:4,7:1;12:10;15:16;23:5,7:1;12:10;15:16;23:5,{},{}
240000000728,OLD_CONTROL_MOD_120,240000000968,58,407,349,131,19,4,4/407,4/349,19,4,4/407,4/349,,0,0/407,0/349,1:4,2:2;4:15;9:0;13:5,2:2;4:15;9:0;13:5,{},{}
240000000728,OLD_CONTROL_MOD_120,240000000968,58,407,349,139,20,3,3/407,3/349,20,3,3/407,3/349,,0,0/407,0/349,1:3,1:8;17:14;20:6,1:8;17:14;20:6,{},{}
240000000728,OLD_CONTROL_MOD_120,240000000968,58,407,349,251,21,3,3/407,3/349,21,3,3/407,3/349,,0,0/407,0/349,1:3,10:5;17:13;23:2,10:5;17:13;23:2,{},{}
240000000728,OLD_CONTROL_MOD_120,240000000968,58,407,349,307,22,3,3/407,3/349,22,3,3/407,3/349,,0,0/407,0/349,1:3,1:1;3:15;18:4,1:1;3:15;18:4,{},{}
240000000728,OLD_CONTROL_MOD_120,240000000968,58,407,349,311,23,3,3/407,3/349,23,3,3/407,3/349,,0,0/407,0/349,1:3,0:3;4:9;17:10,0:3;4:9;17:10,{},{}
240000000728,OLD_CONTROL_MOD_120,240000000968,58,407,349,367,24,3,3/407,3/349,24,3,3/407,3/349,,0,0/407,0/349,1:3,7:4;10:14;18:0,7:4;10:14;18:0,{},{}
240000000728,OLD_CONTROL_MOD_120,240000000968,58,407,349,883,25,3,3/407,3/349,25,3,3/407,3/349,,0,0/407,0/349,1:3,15:16;17:14;21:4,15:16;17:14;21:4,{},{}
240000000728,OLD_CONTROL_MOD_120,240000000968,58,407,349,103,26,2,2/407,2/349,26,2,2/407,2/349,,0,0/407,0/349,1:2,7:3;18:8,7:3;18:8,{},{}
240000000728,OLD_CONTROL_MOD_120,240000000968,58,407,349,211,27,2,2/407,2/349,27,2,2/407,2/349,,0,0/407,0/349,1:2,5:3;18:15,5:3;18:15,{},{}
240000000728,OLD_CONTROL_MOD_120,240000000968,58,407,349,431,28,2,2/407,2/349,28,2,2/407,2/349,,0,0/407,0/349,1:2,0:5;23:0,0:5;23:0,{},{}
240000000728,OLD_CONTROL_MOD_120,240000000968,58,407,349,443,29,2,2/407,2/349,29,2,2/407,2/349,,0,0/407,0/349,1:2,7:5;18:14,7:5;18:14,{},{}
240000000728,OLD_CONTROL_MOD_120,240000000968,58,407,349,499,30,2,2/407,2/349,30,2,2/407,2/349,,0,0/407,0/349,1:2,3:4;19:1,3:4;19:1,{},{}
240000000728,OLD_CONTROL_MOD_120,240000000968,58,407,349,719,31,2,2/407,2/349,31,2,2/407,2/349,,0,0/407,0/349,1:2,5:4;19:2,5:4;19:2,{},{}
240000000728,OLD_CONTROL_MOD_120,240000000968,58,407,349,743,32,2,2/407,2/349,32,2,2/407,2/349,,0,0/407,0/349,1:2,13:2;23:13,13:2;23:13,{},{}
240000000728,OLD_CONTROL_MOD_120,240000000968,58,407,349,839,33,2,2/407,2/349,33,2,2/407,2/349,,0,0/407,0/349,1:2,6:16;22:14,6:16;22:14,{},{}
240000000728,OLD_CONTROL_MOD_120,240000000968,58,407,349,1543,34,2,2/407,2/349,34,2,2/407,2/349,,0,0/407,0/349,1:2,4:2;21:13,4:2;21:13,{},{}
240000000728,OLD_CONTROL_MOD_120,240000000968,58,407,349,1979,35,2,2/407,2/349,35,2,2/407,2/349,,0,0/407,0/349,1:2,7:12;14:6,7:12;14:6,{},{}
240000000728,OLD_CONTROL_MOD_120,240000000968,58,407,349,12251,36,2,2/407,2/349,36,2,2/407,2/349,,0,0/407,0/349,1:2,1:16;18:3,1:16;18:3,{},{}
240000000728,OLD_CONTROL_MOD_120,240000000968,58,407,349,151,37,1,1/407,1/349,37,1,1/407,1/349,,0,0/407,0/349,1:1,10:14,10:14,{},{}
240000000728,OLD_CONTROL_MOD_120,240000000968,58,407,349,167,38,1,1/407,1/349,38,1,1/407,1/349,,0,0/407,0/349,1:1,19:9,19:9,{},{}
240000000728,OLD_CONTROL_MOD_120,240000000968,58,407,349,199,39,1,1/407,1/349,39,1,1/407,1/349,,0,0/407,0/349,1:1,4:0,4:0,{},{}
240000000728,OLD_CONTROL_MOD_120,240000000968,58,407,349,227,40,1,1/407,1/349,40,1,1/407,1/349,,0,0/407,0/349,1:1,8:16,8:16,{},{}
240000000728,OLD_CONTROL_MOD_120,240000000968,58,407,349,239,41,1,1/407,1/349,41,1,1/407,1/349,,0,0/407,0/349,1:1,6:8,6:8,{},{}
240000000728,OLD_CONTROL_MOD_120,240000000968,58,407,349,271,42,1,1/407,1/349,42,1,1/407,1/349,,0,0/407,0/349,1:1,5:14,5:14,{},{}
240000000728,OLD_CONTROL_MOD_120,240000000968,58,407,349,283,43,1,1/407,1/349,43,1,1/407,1/349,,0,0/407,0/349,1:1,10:14,10:14,{},{}
240000000728,OLD_CONTROL_MOD_120,240000000968,58,407,349,379,44,1,1/407,1/349,44,1,1/407,1/349,,0,0/407,0/349,1:1,9:13,9:13,{},{}
240000000728,OLD_CONTROL_MOD_120,240000000968,58,407,349,383,45,1,1/407,1/349,45,1,1/407,1/349,,0,0/407,0/349,1:1,16:5,16:5,{},{}
240000000728,OLD_CONTROL_MOD_120,240000000968,58,407,349,419,46,1,1/407,1/349,46,1,1/407,1/349,,0,0/407,0/349,1:1,15:11,15:11,{},{}
240000000728,OLD_CONTROL_MOD_120,240000000968,58,407,349,523,47,1,1/407,1/349,47,1,1/407,1/349,,0,0/407,0/349,1:1,20:16,20:16,{},{}
240000000728,OLD_CONTROL_MOD_120,240000000968,58,407,349,587,48,1,1/407,1/349,48,1,1/407,1/349,,0,0/407,0/349,1:1,6:4,6:4,{},{}
240000000728,OLD_CONTROL_MOD_120,240000000968,58,407,349,599,49,1,1/407,1/349,49,1,1/407,1/349,,0,0/407,0/349,1:1,18:11,18:11,{},{}
240000000728,OLD_CONTROL_MOD_120,240000000968,58,407,349,619,50,1,1/407,1/349,50,1,1/407,1/349,,0,0/407,0/349,1:1,8:5,8:5,{},{}
240000000728,OLD_CONTROL_MOD_120,240000000968,58,407,349,631,51,1,1/407,1/349,51,1,1/407,1/349,,0,0/407,0/349,1:1,21:15,21:15,{},{}
240000000728,OLD_CONTROL_MOD_120,240000000968,58,407,349,643,52,1,1/407,1/349,52,1,1/407,1/349,,0,0/407,0/349,1:1,1:12,1:12,{},{}
240000000728,OLD_CONTROL_MOD_120,240000000968,58,407,349,647,53,1,1/407,1/349,53,1,1/407,1/349,,0,0/407,0/349,1:1,15:11,15:11,{},{}
240000000728,OLD_CONTROL_MOD_120,240000000968,58,407,349,659,54,1,1/407,1/349,54,1,1/407,1/349,,0,0/407,0/349,1:1,3:4,3:4,{},{}
240000000728,OLD_CONTROL_MOD_120,240000000968,58,407,349,691,55,1,1/407,1/349,55,1,1/407,1/349,,0,0/407,0/349,1:1,19:9,19:9,{},{}
240000000728,OLD_CONTROL_MOD_120,240000000968,58,407,349,739,56,1,1/407,1/349,56,1,1/407,1/349,,0,0/407,0/349,1:1,10:8,10:8,{},{}
240000000728,OLD_CONTROL_MOD_120,240000000968,58,407,349,751,57,1,1/407,1/349,57,1,1/407,1/349,,0,0/407,0/349,1:1,15:2,15:2,{},{}
240000000728,OLD_CONTROL_MOD_120,240000000968,58,407,349,811,58,1,1/407,1/349,58,1,1/407,1/349,,0,0/407,0/349,1:1,2:7,2:7,{},{}
240000000728,OLD_CONTROL_MOD_120,240000000968,58,407,349,823,59,1,1/407,1/349,59,1,1/407,1/349,,0,0/407,0/349,1:1,12:2,12:2,{},{}
240000000728,OLD_CONTROL_MOD_120,240000000968,58,407,349,827,60,1,1/407,1/349,60,1,1/407,1/349,,0,0/407,0/349,1:1,16:15,16:15,{},{}
240000000728,OLD_CONTROL_MOD_120,240000000968,58,407,349,859,61,1,1/407,1/349,61,1,1/407,1/349,,0,0/407,0/349,1:1,8:3,8:3,{},{}
240000000728,OLD_CONTROL_MOD_120,240000000968,58,407,349,947,62,1,1/407,1/349,62,1,1/407,1/349,,0,0/407,0/349,1:1,17:5,17:5,{},{}
240000000728,OLD_CONTROL_MOD_120,240000000968,58,407,349,983,63,1,1/407,1/349,63,1,1/407,1/349,,0,0/407,0/349,1:1,5:1,5:1,{},{}
240000000728,OLD_CONTROL_MOD_120,240000000968,58,407,349,1039,64,1,1/407,1/349,64,1,1/407,1/349,,0,0/407,0/349,1:1,19:9,19:9,{},{}
240000000728,OLD_CONTROL_MOD_120,240000000968,58,407,349,1123,65,1,1/407,1/349,65,1,1/407,1/349,,0,0/407,0/349,1:1,16:5,16:5,{},{}
240000000728,OLD_CONTROL_MOD_120,240000000968,58,407,349,1171,66,1,1/407,1/349,66,1,1/407,1/349,,0,0/407,0/349,1:1,15:5,15:5,{},{}
240000000728,OLD_CONTROL_MOD_120,240000000968,58,407,349,1187,67,1,1/407,1/349,67,1,1/407,1/349,,0,0/407,0/349,1:1,16:9,16:9,{},{}
240000000728,OLD_CONTROL_MOD_120,240000000968,58,407,349,1259,68,1,1/407,1/349,68,1,1/407,1/349,,0,0/407,0/349,1:1,19:12,19:12,{},{}
240000000728,OLD_CONTROL_MOD_120,240000000968,58,407,349,1307,69,1,1/407,1/349,69,1,1/407,1/349,,0,0/407,0/349,1:1,13:14,13:14,{},{}
240000000728,OLD_CONTROL_MOD_120,240000000968,58,407,349,1327,70,1,1/407,1/349,70,1,1/407,1/349,,0,0/407,0/349,1:1,2:10,2:10,{},{}
240000000728,OLD_CONTROL_MOD_120,240000000968,58,407,349,1447,71,1,1/407,1/349,71,1,1/407,1/349,,0,0/407,0/349,1:1,8:6,8:6,{},{}
240000000728,OLD_CONTROL_MOD_120,240000000968,58,407,349,1607,72,1,1/407,1/349,72,1,1/407,1/349,,0,0/407,0/349,1:1,13:10,13:10,{},{}
240000000728,OLD_CONTROL_MOD_120,240000000968,58,407,349,1831,73,1,1/407,1/349,73,1,1/407,1/349,,0,0/407,0/349,1:1,13:15,13:15,{},{}
240000000728,OLD_CONTROL_MOD_120,240000000968,58,407,349,1867,74,1,1/407,1/349,74,1,1/407,1/349,,0,0/407,0/349,1:1,15:4,15:4,{},{}
240000000728,OLD_CONTROL_MOD_120,240000000968,58,407,349,2347,75,1,1/407,1/349,75,1,1/407,1/349,,0,0/407,0/349,1:1,2:4,2:4,{},{}
240000000728,OLD_CONTROL_MOD_120,240000000968,58,407,349,2503,76,1,1/407,1/349,76,1,1/407,1/349,,0,0/407,0/349,1:1,6:14,6:14,{},{}
240000000728,OLD_CONTROL_MOD_120,240000000968,58,407,349,2543,77,1,1/407,1/349,77,1,1/407,1/349,,0,0/407,0/349,1:1,8:14,8:14,{},{}
240000000728,OLD_CONTROL_MOD_120,240000000968,58,407,349,2731,78,1,1/407,1/349,78,1,1/407,1/349,,0,0/407,0/349,1:1,12:5,12:5,{},{}
240000000728,OLD_CONTROL_MOD_120,240000000968,58,407,349,2767,79,1,1/407,1/349,79,1,1/407,1/349,,0,0/407,0/349,1:1,4:0,4:0,{},{}
240000000728,OLD_CONTROL_MOD_120,240000000968,58,407,349,2887,80,1,1/407,1/349,80,1,1/407,1/349,,0,0/407,0/349,1:1,15:4,15:4,{},{}
240000000728,OLD_CONTROL_MOD_120,240000000968,58,407,349,3019,81,1,1/407,1/349,81,1,1/407,1/349,,0,0/407,0/349,1:1,19:0,19:0,{},{}
240000000728,OLD_CONTROL_MOD_120,240000000968,58,407,349,3067,82,1,1/407,1/349,82,1,1/407,1/349,,0,0/407,0/349,1:1,14:15,14:15,{},{}
240000000728,OLD_CONTROL_MOD_120,240000000968,58,407,349,3163,83,1,1/407,1/349,83,1,1/407,1/349,,0,0/407,0/349,1:1,17:8,17:8,{},{}
240000000728,OLD_CONTROL_MOD_120,240000000968,58,407,349,3347,84,1,1/407,1/349,84,1,1/407,1/349,,0,0/407,0/349,1:1,11:6,11:6,{},{}
240000000728,OLD_CONTROL_MOD_120,240000000968,58,407,349,3371,85,1,1/407,1/349,85,1,1/407,1/349,,0,0/407,0/349,1:1,6:10,6:10,{},{}
240000000728,OLD_CONTROL_MOD_120,240000000968,58,407,349,3407,86,1,1/407,1/349,86,1,1/407,1/349,,0,0/407,0/349,1:1,7:15,7:15,{},{}
240000000728,OLD_CONTROL_MOD_120,240000000968,58,407,349,3499,87,1,1/407,1/349,87,1,1/407,1/349,,0,0/407,0/349,1:1,6:2,6:2,{},{}
240000000728,OLD_CONTROL_MOD_120,240000000968,58,407,349,3631,88,1,1/407,1/349,88,1,1/407,1/349,,0,0/407,0/349,1:1,2:1,2:1,{},{}
240000000728,OLD_CONTROL_MOD_120,240000000968,58,407,349,3943,89,1,1/407,1/349,89,1,1/407,1/349,,0,0/407,0/349,1:1,5:1,5:1,{},{}
240000000728,OLD_CONTROL_MOD_120,240000000968,58,407,349,4099,90,1,1/407,1/349,90,1,1/407,1/349,,0,0/407,0/349,1:1,22:0,22:0,{},{}
240000000728,OLD_CONTROL_MOD_120,240000000968,58,407,349,4243,91,1,1/407,1/349,91,1,1/407,1/349,,0,0/407,0/349,1:1,10:9,10:9,{},{}
240000000728,OLD_CONTROL_MOD_120,240000000968,58,407,349,4327,92,1,1/407,1/349,92,1,1/407,1/349,,0,0/407,0/349,1:1,5:5,5:5,{},{}
240000000728,OLD_CONTROL_MOD_120,240000000968,58,407,349,4447,93,1,1/407,1/349,93,1,1/407,1/349,,0,0/407,0/349,1:1,3:1,3:1,{},{}
240000000728,OLD_CONTROL_MOD_120,240000000968,58,407,349,4451,94,1,1/407,1/349,94,1,1/407,1/349,,0,0/407,0/349,1:1,8:0,8:0,{},{}
240000000728,OLD_CONTROL_MOD_120,240000000968,58,407,349,4463,95,1,1/407,1/349,95,1,1/407,1/349,,0,0/407,0/349,1:1,10:13,10:13,{},{}
240000000728,OLD_CONTROL_MOD_120,240000000968,58,407,349,4567,96,1,1/407,1/349,96,1,1/407,1/349,,0,0/407,0/349,1:1,21:13,21:13,{},{}
240000000728,OLD_CONTROL_MOD_120,240000000968,58,407,349,4603,97,1,1/407,1/349,97,1,1/407,1/349,,0,0/407,0/349,1:1,12:12,12:12,{},{}
240000000728,OLD_CONTROL_MOD_120,240000000968,58,407,349,4643,98,1,1/407,1/349,98,1,1/407,1/349,,0,0/407,0/349,1:1,0:6,0:6,{},{}
240000000728,OLD_CONTROL_MOD_120,240000000968,58,407,349,4723,99,1,1/407,1/349,99,1,1/407,1/349,,0,0/407,0/349,1:1,18:9,18:9,{},{}
240000000728,OLD_CONTROL_MOD_120,240000000968,58,407,349,4759,100,1,1/407,1/349,100,1,1/407,1/349,,0,0/407,0/349,1:1,22:10,22:10,{},{}
240000000728,OLD_CONTROL_MOD_120,240000000968,58,407,349,5011,101,1,1/407,1/349,101,1,1/407,1/349,,0,0/407,0/349,1:1,2:8,2:8,{},{}
240000000728,OLD_CONTROL_MOD_120,240000000968,58,407,349,5039,102,1,1/407,1/349,102,1,1/407,1/349,,0,0/407,0/349,1:1,22:7,22:7,{},{}
240000000728,OLD_CONTROL_MOD_120,240000000968,58,407,349,5231,103,1,1/407,1/349,103,1,1/407,1/349,,0,0/407,0/349,1:1,14:5,14:5,{},{}
240000000728,OLD_CONTROL_MOD_120,240000000968,58,407,349,5279,104,1,1/407,1/349,104,1,1/407,1/349,,0,0/407,0/349,1:1,6:10,6:10,{},{}
240000000728,OLD_CONTROL_MOD_120,240000000968,58,407,349,5527,105,1,1/407,1/349,105,1,1/407,1/349,,0,0/407,0/349,1:1,13:10,13:10,{},{}
240000000728,OLD_CONTROL_MOD_120,240000000968,58,407,349,6091,106,1,1/407,1/349,106,1,1/407,1/349,,0,0/407,0/349,1:1,9:15,9:15,{},{}
240000000728,OLD_CONTROL_MOD_120,240000000968,58,407,349,6551,107,1,1/407,1/349,107,1,1/407,1/349,,0,0/407,0/349,1:1,7:7,7:7,{},{}
240000000728,OLD_CONTROL_MOD_120,240000000968,58,407,349,6827,108,1,1/407,1/349,108,1,1/407,1/349,,0,0/407,0/349,1:1,21:15,21:15,{},{}
240000000728,OLD_CONTROL_MOD_120,240000000968,58,407,349,7151,109,1,1/407,1/349,109,1,1/407,1/349,,0,0/407,0/349,1:1,22:4,22:4,{},{}
240000000728,OLD_CONTROL_MOD_120,240000000968,58,407,349,7351,110,1,1/407,1/349,110,1,1/407,1/349,,0,0/407,0/349,1:1,4:14,4:14,{},{}
240000000728,OLD_CONTROL_MOD_120,240000000968,58,407,349,8191,111,1,1/407,1/349,111,1,1/407,1/349,,0,0/407,0/349,1:1,0:13,0:13,{},{}
240000000728,OLD_CONTROL_MOD_120,240000000968,58,407,349,9091,112,1,1/407,1/349,112,1,1/407,1/349,,0,0/407,0/349,1:1,15:6,15:6,{},{}
240000000728,OLD_CONTROL_MOD_120,240000000968,58,407,349,9851,113,1,1/407,1/349,113,1,1/407,1/349,,0,0/407,0/349,1:1,23:1,23:1,{},{}
240000000728,OLD_CONTROL_MOD_120,240000000968,58,407,349,10247,114,1,1/407,1/349,114,1,1/407,1/349,,0,0/407,0/349,1:1,10:6,10:6,{},{}
240000000728,OLD_CONTROL_MOD_120,240000000968,58,407,349,10271,115,1,1/407,1/349,115,1,1/407,1/349,,0,0/407,0/349,1:1,11:7,11:7,{},{}
240000000728,OLD_CONTROL_MOD_120,240000000968,58,407,349,11131,116,1,1/407,1/349,116,1,1/407,1/349,,0,0/407,0/349,1:1,15:4,15:4,{},{}
240000000728,OLD_CONTROL_MOD_120,240000000968,58,407,349,12791,117,1,1/407,1/349,117,1,1/407,1/349,,0,0/407,0/349,1:1,7:16,7:16,{},{}
240000000728,OLD_CONTROL_MOD_120,240000000968,58,407,349,12799,118,1,1/407,1/349,118,1,1/407,1/349,,0,0/407,0/349,1:1,23:8,23:8,{},{}
240000000728,OLD_CONTROL_MOD_120,240000000968,58,407,349,12907,119,1,1/407,1/349,119,1,1/407,1/349,,0,0/407,0/349,1:1,16:2,16:2,{},{}
240000000728,OLD_CONTROL_MOD_120,240000000968,58,407,349,13043,120,1,1/407,1/349,120,1,1/407,1/349,,0,0/407,0/349,1:1,12:2,12:2,{},{}
240000000728,OLD_CONTROL_MOD_120,240000000968,58,407,349,14251,121,1,1/407,1/349,121,1,1/407,1/349,,0,0/407,0/349,1:1,18:0,18:0,{},{}
240000000728,OLD_CONTROL_MOD_120,240000000968,58,407,349,14303,122,1,1/407,1/349,122,1,1/407,1/349,,0,0/407,0/349,1:1,12:7,12:7,{},{}
240000000728,OLD_CONTROL_MOD_120,240000000968,58,407,349,14771,123,1,1/407,1/349,123,1,1/407,1/349,,0,0/407,0/349,1:1,11:11,11:11,{},{}
240000000728,OLD_CONTROL_MOD_120,240000000968,58,407,349,14843,124,1,1/407,1/349,124,1,1/407,1/349,,0,0/407,0/349,1:1,21:14,21:14,{},{}
240000000728,OLD_CONTROL_MOD_120,240000000968,58,407,349,15091,125,1,1/407,1/349,125,1,1/407,1/349,,0,0/407,0/349,1:1,22:9,22:9,{},{}
240000000728,OLD_CONTROL_MOD_120,240000000968,58,407,349,15467,126,1,1/407,1/349,126,1,1/407,1/349,,0,0/407,0/349,1:1,0:6,0:6,{},{}
240000000728,OLD_CONTROL_MOD_120,240000000968,58,407,349,17911,127,1,1/407,1/349,127,1,1/407,1/349,,0,0/407,0/349,1:1,7:12,7:12,{},{}
240000000728,OLD_CONTROL_MOD_120,240000000968,58,407,349,18119,128,1,1/407,1/349,128,1,1/407,1/349,,0,0/407,0/349,1:1,7:4,7:4,{},{}
240000000728,OLD_CONTROL_MOD_120,240000000968,58,407,349,18211,129,1,1/407,1/349,129,1,1/407,1/349,,0,0/407,0/349,1:1,18:3,18:3,{},{}
240000000728,OLD_CONTROL_MOD_120,240000000968,58,407,349,18439,130,1,1/407,1/349,130,1,1/407,1/349,,0,0/407,0/349,1:1,15:11,15:11,{},{}
240000000728,OLD_CONTROL_MOD_120,240000000968,58,407,349,19427,131,1,1/407,1/349,131,1,1/407,1/349,,0,0/407,0/349,1:1,10:13,10:13,{},{}
240000000728,OLD_CONTROL_MOD_120,240000000968,58,407,349,21727,132,1,1/407,1/349,132,1,1/407,1/349,,0,0/407,0/349,1:1,17:4,17:4,{},{}
240000000728,OLD_CONTROL_MOD_120,240000000968,58,407,349,22039,133,1,1/407,1/349,133,1,1/407,1/349,,0,0/407,0/349,1:1,4:13,4:13,{},{}
240000000728,OLD_CONTROL_MOD_120,240000000968,58,407,349,22051,134,1,1/407,1/349,134,1,1/407,1/349,,0,0/407,0/349,1:1,0:13,0:13,{},{}
240000000728,OLD_CONTROL_MOD_120,240000000968,58,407,349,22511,135,1,1/407,1/349,135,1,1/407,1/349,,0,0/407,0/349,1:1,18:16,18:16,{},{}
240000000728,OLD_CONTROL_MOD_120,240000000968,58,407,349,22907,136,1,1/407,1/349,136,1,1/407,1/349,,0,0/407,0/349,1:1,18:0,18:0,{},{}
240000000728,OLD_CONTROL_MOD_120,240000000968,58,407,349,27883,137,1,1/407,1/349,137,1,1/407,1/349,,0,0/407,0/349,1:1,16:14,16:14,{},{}
240000000728,OLD_CONTROL_MOD_120,240000000968,58,407,349,28603,138,1,1/407,1/349,138,1,1/407,1/349,,0,0/407,0/349,1:1,3:15,3:15,{},{}
240000000728,OLD_CONTROL_MOD_120,240000000968,58,407,349,35171,139,1,1/407,1/349,139,1,1/407,1/349,,0,0/407,0/349,1:1,7:13,7:13,{},{}
240000000728,OLD_CONTROL_MOD_120,240000000968,58,407,349,39451,140,1,1/407,1/349,140,1,1/407,1/349,,0,0/407,0/349,1:1,3:1,3:1,{},{}
240000000728,OLD_CONTROL_MOD_120,240000000968,58,407,349,41659,141,1,1/407,1/349,141,1,1/407,1/349,,0,0/407,0/349,1:1,7:0,7:0,{},{}
240000000728,OLD_CONTROL_MOD_120,240000000968,58,407,349,49199,142,1,1/407,1/349,142,1,1/407,1/349,,0,0/407,0/349,1:1,5:8,5:8,{},{}
240000000728,OLD_CONTROL_MOD_120,240000000968,58,407,349,58403,143,1,1/407,1/349,143,1,1/407,1/349,,0,0/407,0/349,1:1,15:6,15:6,{},{}
240000000728,OLD_CONTROL_MOD_120,240000000968,58,407,349,70919,144,1,1/407,1/349,144,1,1/407,1/349,,0,0/407,0/349,1:1,13:3,13:3,{},{}
240000000728,OLD_CONTROL_MOD_120,240000000968,58,407,349,85819,145,1,1/407,1/349,145,1,1/407,1/349,,0,0/407,0/349,1:1,20:0,20:0,{},{}
240000000728,OLD_CONTROL_MOD_120,240000000968,58,407,349,89563,146,1,1/407,1/349,146,1,1/407,1/349,,0,0/407,0/349,1:1,2:1,2:1,{},{}
240000000728,OLD_CONTROL_MOD_120,240000000968,58,407,349,90227,147,1,1/407,1/349,147,1,1/407,1/349,,0,0/407,0/349,1:1,13:2,13:2,{},{}
240000000728,OLD_CONTROL_MOD_120,240000000968,58,407,349,95231,148,1,1/407,1/349,148,1,1/407,1/349,,0,0/407,0/349,1:1,17:14,17:14,{},{}
240000000728,OLD_CONTROL_MOD_120,240000000968,58,407,349,99871,149,1,1/407,1/349,149,1,1/407,1/349,,0,0/407,0/349,1:1,1:4,1:4,{},{}
240000000728,OLD_CONTROL_MOD_120,240000000968,58,407,349,102859,150,1,1/407,1/349,150,1,1/407,1/349,,0,0/407,0/349,1:1,16:11,16:11,{},{}
240000000728,OLD_CONTROL_MOD_120,240000000968,58,407,349,121259,151,1,1/407,1/349,151,1,1/407,1/349,,0,0/407,0/349,1:1,1:14,1:14,{},{}
240000000728,OLD_CONTROL_MOD_120,240000000968,58,407,349,127207,152,1,1/407,1/349,152,1,1/407,1/349,,0,0/407,0/349,1:1,7:7,7:7,{},{}
240000000728,OLD_CONTROL_MOD_120,240000000968,58,407,349,127807,153,1,1/407,1/349,153,1,1/407,1/349,,0,0/407,0/349,1:1,14:0,14:0,{},{}
240000000728,OLD_CONTROL_MOD_120,240000000968,58,407,349,138883,154,1,1/407,1/349,154,1,1/407,1/349,,0,0/407,0/349,1:1,11:1,11:1,{},{}
240000000728,OLD_CONTROL_MOD_120,240000000968,58,407,349,141079,155,1,1/407,1/349,155,1,1/407,1/349,,0,0/407,0/349,1:1,3:12,3:12,{},{}
240000000728,OLD_CONTROL_MOD_120,240000000968,58,407,349,141623,156,1,1/407,1/349,156,1,1/407,1/349,,0,0/407,0/349,1:1,1:1,1:1,{},{}
240000000728,OLD_CONTROL_MOD_120,240000000968,58,407,349,178259,157,1,1/407,1/349,157,1,1/407,1/349,,0,0/407,0/349,1:1,6:12,6:12,{},{}
240000000728,OLD_CONTROL_MOD_120,240000000968,58,407,349,189439,158,1,1/407,1/349,158,1,1/407,1/349,,0,0/407,0/349,1:1,22:3,22:3,{},{}
240000000728,OLD_CONTROL_MOD_120,240000000968,58,407,349,194839,159,1,1/407,1/349,159,1,1/407,1/349,,0,0/407,0/349,1:1,15:16,15:16,{},{}
240000000728,OLD_CONTROL_MOD_120,240000000968,58,407,349,197779,160,1,1/407,1/349,160,1,1/407,1/349,,0,0/407,0/349,1:1,16:2,16:2,{},{}
240000000728,OLD_CONTROL_MOD_120,240000000968,58,407,349,199999,161,1,1/407,1/349,161,1,1/407,1/349,,0,0/407,0/349,1:1,6:1,6:1,{},{}
240000000728,OLD_CONTROL_MOD_120,240000000968,58,407,349,200579,162,1,1/407,1/349,162,1,1/407,1/349,,0,0/407,0/349,1:1,10:9,10:9,{},{}
240000000728,OLD_CONTROL_MOD_120,240000000968,58,407,349,212183,163,1,1/407,1/349,163,1,1/407,1/349,,0,0/407,0/349,1:1,21:7,21:7,{},{}
240000000728,OLD_CONTROL_MOD_120,240000000968,58,407,349,231107,164,1,1/407,1/349,164,1,1/407,1/349,,0,0/407,0/349,1:1,5:5,5:5,{},{}
240000000728,OLD_CONTROL_MOD_120,240000000968,58,407,349,235783,165,1,1/407,1/349,165,1,1/407,1/349,,0,0/407,0/349,1:1,6:11,6:11,{},{}
240000000728,OLD_CONTROL_MOD_120,240000000968,58,407,349,251791,166,1,1/407,1/349,166,1,1/407,1/349,,0,0/407,0/349,1:1,20:8,20:8,{},{}
240000000728,OLD_CONTROL_MOD_120,240000000968,58,407,349,290531,167,1,1/407,1/349,167,1,1/407,1/349,,0,0/407,0/349,1:1,16:16,16:16,{},{}
240000000728,OLD_CONTROL_MOD_120,240000000968,58,407,349,300163,168,1,1/407,1/349,168,1,1/407,1/349,,0,0/407,0/349,1:1,13:7,13:7,{},{}
240000000728,OLD_CONTROL_MOD_120,240000000968,58,407,349,320239,169,1,1/407,1/349,169,1,1/407,1/349,,0,0/407,0/349,1:1,7:15,7:15,{},{}
240000000728,OLD_CONTROL_MOD_120,240000000968,58,407,349,321163,170,1,1/407,1/349,170,1,1/407,1/349,,0,0/407,0/349,1:1,23:5,23:5,{},{}
240000000728,OLD_CONTROL_MOD_120,240000000968,58,407,349,325987,171,1,1/407,1/349,171,1,1/407,1/349,,0,0/407,0/349,1:1,0:16,0:16,{},{}
240000000728,OLD_CONTROL_MOD_120,240000000968,58,407,349,329663,172,1,1/407,1/349,172,1,1/407,1/349,,0,0/407,0/349,1:1,12:12,12:12,{},{}
240000000728,OLD_CONTROL_MOD_120,240000000968,58,407,349,340619,173,1,1/407,1/349,173,1,1/407,1/349,,0,0/407,0/349,1:1,12:5,12:5,{},{}
240000000728,OLD_CONTROL_MOD_120,240000000968,58,407,349,367207,174,1,1/407,1/349,174,1,1/407,1/349,,0,0/407,0/349,1:1,14:15,14:15,{},{}
240000000728,OLD_CONTROL_MOD_120,240000000968,58,407,349,527699,175,1,1/407,1/349,175,1,1/407,1/349,,0,0/407,0/349,1:1,17:5,17:5,{},{}
240000000728,OLD_CONTROL_MOD_120,240000000968,58,407,349,528659,176,1,1/407,1/349,176,1,1/407,1/349,,0,0/407,0/349,1:1,18:5,18:5,{},{}
240000000728,OLD_CONTROL_MOD_120,240000000968,58,407,349,552011,177,1,1/407,1/349,177,1,1/407,1/349,,0,0/407,0/349,1:1,17:4,17:4,{},{}
240000000728,OLD_CONTROL_MOD_120,240000000968,58,407,349,553991,178,1,1/407,1/349,178,1,1/407,1/349,,0,0/407,0/349,1:1,9:2,9:2,{},{}
240000000728,OLD_CONTROL_MOD_120,240000000968,58,407,349,647327,179,1,1/407,1/349,179,1,1/407,1/349,,0,0/407,0/349,1:1,5:11,5:11,{},{}
240000000728,OLD_CONTROL_MOD_120,240000000968,58,407,349,932203,180,1,1/407,1/349,180,1,1/407,1/349,,0,0/407,0/349,1:1,12:7,12:7,{},{}
240000000728,OLD_CONTROL_MOD_120,240000000968,58,407,349,953399,181,1,1/407,1/349,181,1,1/407,1/349,,0,0/407,0/349,1:1,13:15,13:15,{},{}
240000000728,OLD_CONTROL_MOD_120,240000000968,58,407,349,995903,182,1,1/407,1/349,182,1,1/407,1/349,,0,0/407,0/349,1:1,13:13,13:13,{},{}
240000000728,OLD_CONTROL_MOD_120,240000000968,58,407,349,1162867,183,1,1/407,1/349,183,1,1/407,1/349,,0,0/407,0/349,1:1,12:4,12:4,{},{}
240000000728,OLD_CONTROL_MOD_120,240000000968,58,407,349,1239899,184,1,1/407,1/349,184,1,1/407,1/349,,0,0/407,0/349,1:1,17:2,17:2,{},{}
240000000728,OLD_CONTROL_MOD_120,240000000968,58,407,349,1260383,185,1,1/407,1/349,185,1,1/407,1/349,,0,0/407,0/349,1:1,2:8,2:8,{},{}
240000000728,OLD_CONTROL_MOD_120,240000000968,58,407,349,1263863,186,1,1/407,1/349,186,1,1/407,1/349,,0,0/407,0/349,1:1,4:3,4:3,{},{}
240000000728,OLD_CONTROL_MOD_120,240000000968,58,407,349,1375411,187,1,1/407,1/349,187,1,1/407,1/349,,0,0/407,0/349,1:1,16:3,16:3,{},{}
240000000728,OLD_CONTROL_MOD_120,240000000968,58,407,349,1459123,188,1,1/407,1/349,188,1,1/407,1/349,,0,0/407,0/349,1:1,12:0,12:0,{},{}
240000000728,OLD_CONTROL_MOD_120,240000000968,58,407,349,1672963,189,1,1/407,1/349,189,1,1/407,1/349,,0,0/407,0/349,1:1,10:6,10:6,{},{}
240000000728,OLD_CONTROL_MOD_120,240000000968,58,407,349,1737871,190,1,1/407,1/349,190,1,1/407,1/349,,0,0/407,0/349,1:1,1:6,1:6,{},{}
240000000728,OLD_CONTROL_MOD_120,240000000968,58,407,349,1748051,191,1,1/407,1/349,191,1,1/407,1/349,,0,0/407,0/349,1:1,11:12,11:12,{},{}
240000000728,OLD_CONTROL_MOD_120,240000000968,58,407,349,1939403,192,1,1/407,1/349,192,1,1/407,1/349,,0,0/407,0/349,1:1,5:13,5:13,{},{}
240000000728,OLD_CONTROL_MOD_120,240000000968,58,407,349,1955983,193,1,1/407,1/349,193,1,1/407,1/349,,0,0/407,0/349,1:1,14:6,14:6,{},{}
240000000728,OLD_CONTROL_MOD_120,240000000968,58,407,349,2102927,194,1,1/407,1/349,194,1,1/407,1/349,,0,0/407,0/349,1:1,2:10,2:10,{},{}
240000000728,OLD_CONTROL_MOD_120,240000000968,58,407,349,2151463,195,1,1/407,1/349,195,1,1/407,1/349,,0,0/407,0/349,1:1,3:3,3:3,{},{}
240000000728,OLD_CONTROL_MOD_120,240000000968,58,407,349,2300047,196,1,1/407,1/349,196,1,1/407,1/349,,0,0/407,0/349,1:1,22:7,22:7,{},{}
240000000728,OLD_CONTROL_MOD_120,240000000968,58,407,349,2319731,197,1,1/407,1/349,197,1,1/407,1/349,,0,0/407,0/349,1:1,8:16,8:16,{},{}
240000000728,OLD_CONTROL_MOD_120,240000000968,58,407,349,2331151,198,1,1/407,1/349,198,1,1/407,1/349,,0,0/407,0/349,1:1,12:15,12:15,{},{}
240000000728,OLD_CONTROL_MOD_120,240000000968,58,407,349,2503651,199,1,1/407,1/349,199,1,1/407,1/349,,0,0/407,0/349,1:1,5:6,5:6,{},{}
240000000728,OLD_CONTROL_MOD_120,240000000968,58,407,349,2599543,200,1,1/407,1/349,200,1,1/407,1/349,,0,0/407,0/349,1:1,21:4,21:4,{},{}
240000000728,OLD_CONTROL_MOD_120,240000000968,58,407,349,2806711,201,1,1/407,1/349,201,1,1/407,1/349,,0,0/407,0/349,1:1,22:14,22:14,{},{}
240000000728,OLD_CONTROL_MOD_120,240000000968,58,407,349,2957651,202,1,1/407,1/349,202,1,1/407,1/349,,0,0/407,0/349,1:1,19:11,19:11,{},{}
240000000728,OLD_CONTROL_MOD_120,240000000968,58,407,349,3229207,203,1,1/407,1/349,203,1,1/407,1/349,,0,0/407,0/349,1:1,23:3,23:3,{},{}
240000000728,OLD_CONTROL_MOD_120,240000000968,58,407,349,3445399,204,1,1/407,1/349,204,1,1/407,1/349,,0,0/407,0/349,1:1,8:8,8:8,{},{}
240000000728,OLD_CONTROL_MOD_120,240000000968,58,407,349,3635363,205,1,1/407,1/349,205,1,1/407,1/349,,0,0/407,0/349,1:1,22:0,22:0,{},{}
240000000728,OLD_CONTROL_MOD_120,240000000968,58,407,349,3658871,206,1,1/407,1/349,206,1,1/407,1/349,,0,0/407,0/349,1:1,6:6,6:6,{},{}
240000000728,OLD_CONTROL_MOD_120,240000000968,58,407,349,3837151,207,1,1/407,1/349,207,1,1/407,1/349,,0,0/407,0/349,1:1,16:15,16:15,{},{}
240000000728,OLD_CONTROL_MOD_120,240000000968,58,407,349,4278523,208,1,1/407,1/349,208,1,1/407,1/349,,0,0/407,0/349,1:1,12:3,12:3,{},{}
240000000728,OLD_CONTROL_MOD_120,240000000968,58,407,349,4358311,209,1,1/407,1/349,209,1,1/407,1/349,,0,0/407,0/349,1:1,7:11,7:11,{},{}
240000000728,OLD_CONTROL_MOD_120,240000000968,58,407,349,4364747,210,1,1/407,1/349,210,1,1/407,1/349,,0,0/407,0/349,1:1,8:6,8:6,{},{}
240000000728,OLD_CONTROL_MOD_120,240000000968,58,407,349,4596283,211,1,1/407,1/349,211,1,1/407,1/349,,0,0/407,0/349,1:1,2:16,2:16,{},{}
240000000728,OLD_CONTROL_MOD_120,240000000968,58,407,349,4641683,212,1,1/407,1/349,212,1,1/407,1/349,,0,0/407,0/349,1:1,19:13,19:13,{},{}
240000000728,OLD_CONTROL_MOD_120,240000000968,58,407,349,5154563,213,1,1/407,1/349,213,1,1/407,1/349,,0,0/407,0/349,1:1,13:9,13:9,{},{}
240000000728,OLD_CONTROL_MOD_120,240000000968,58,407,349,6674747,214,1,1/407,1/349,214,1,1/407,1/349,,0,0/407,0/349,1:1,6:14,6:14,{},{}
240000000728,OLD_CONTROL_MOD_120,240000000968,58,407,349,6831479,215,1,1/407,1/349,215,1,1/407,1/349,,0,0/407,0/349,1:1,21:9,21:9,{},{}
240000000728,OLD_CONTROL_MOD_120,240000000968,58,407,349,6952159,216,1,1/407,1/349,216,1,1/407,1/349,,0,0/407,0/349,1:1,15:13,15:13,{},{}
240000000728,OLD_CONTROL_MOD_120,240000000968,58,407,349,8016851,217,1,1/407,1/349,217,1,1/407,1/349,,0,0/407,0/349,1:1,20:7,20:7,{},{}
240000000728,OLD_CONTROL_MOD_120,240000000968,58,407,349,8389607,218,1,1/407,1/349,218,1,1/407,1/349,,0,0/407,0/349,1:1,21:1,21:1,{},{}
240000000728,OLD_CONTROL_MOD_120,240000000968,58,407,349,8539199,219,1,1/407,1/349,219,1,1/407,1/349,,0,0/407,0/349,1:1,15:5,15:5,{},{}
240000000728,OLD_CONTROL_MOD_120,240000000968,58,407,349,9231479,220,1,1/407,1/349,220,1,1/407,1/349,,0,0/407,0/349,1:1,8:5,8:5,{},{}
240000000728,OLD_CONTROL_MOD_120,240000000968,58,407,349,10982291,221,1,1/407,1/349,221,1,1/407,1/349,,0,0/407,0/349,1:1,21:10,21:10,{},{}
240000000728,OLD_CONTROL_MOD_120,240000000968,58,407,349,11793323,222,1,1/407,1/349,222,1,1/407,1/349,,0,0/407,0/349,1:1,3:16,3:16,{},{}
240000000728,OLD_CONTROL_MOD_120,240000000968,58,407,349,13963639,223,1,1/407,1/349,223,1,1/407,1/349,,0,0/407,0/349,1:1,3:11,3:11,{},{}
240000000728,OLD_CONTROL_MOD_120,240000000968,58,407,349,14035303,224,1,1/407,1/349,224,1,1/407,1/349,,0,0/407,0/349,1:1,23:9,23:9,{},{}
240000000728,OLD_CONTROL_MOD_120,240000000968,58,407,349,14610979,225,1,1/407,1/349,225,1,1/407,1/349,,0,0/407,0/349,1:1,10:4,10:4,{},{}
240000000728,OLD_CONTROL_MOD_120,240000000968,58,407,349,17266159,226,1,1/407,1/349,226,1,1/407,1/349,,0,0/407,0/349,1:1,1:8,1:8,{},{}
240000000728,OLD_CONTROL_MOD_120,240000000968,58,407,349,17389367,227,1,1/407,1/349,227,1,1/407,1/349,,0,0/407,0/349,1:1,21:5,21:5,{},{}
240000000728,OLD_CONTROL_MOD_120,240000000968,58,407,349,17926487,228,1,1/407,1/349,228,1,1/407,1/349,,0,0/407,0/349,1:1,11:6,11:6,{},{}
240000000728,OLD_CONTROL_MOD_120,240000000968,58,407,349,18489971,229,1,1/407,1/349,229,1,1/407,1/349,,0,0/407,0/349,1:1,11:0,11:0,{},{}
240000000728,OLD_CONTROL_MOD_120,240000000968,58,407,349,20120263,230,1,1/407,1/349,230,1,1/407,1/349,,0,0/407,0/349,1:1,16:12,16:12,{},{}
240000000728,OLD_CONTROL_MOD_120,240000000968,58,407,349,26246719,231,1,1/407,1/349,231,1,1/407,1/349,,0,0/407,0/349,1:1,7:1,7:1,{},{}
240000000728,OLD_CONTROL_MOD_120,240000000968,58,407,349,29828611,232,1,1/407,1/349,232,1,1/407,1/349,,0,0/407,0/349,1:1,17:11,17:11,{},{}
240000000728,OLD_CONTROL_MOD_120,240000000968,58,407,349,31359931,233,1,1/407,1/349,233,1,1/407,1/349,,0,0/407,0/349,1:1,14:13,14:13,{},{}
240000000728,OLD_CONTROL_MOD_120,240000000968,58,407,349,37650607,234,1,1/407,1/349,234,1,1/407,1/349,,0,0/407,0/349,1:1,18:14,18:14,{},{}
240000000728,OLD_CONTROL_MOD_120,240000000968,58,407,349,37761011,235,1,1/407,1/349,235,1,1/407,1/349,,0,0/407,0/349,1:1,14:14,14:14,{},{}
240000000728,OLD_CONTROL_MOD_120,240000000968,58,407,349,37876511,236,1,1/407,1/349,236,1,1/407,1/349,,0,0/407,0/349,1:1,15:7,15:7,{},{}
240000000728,OLD_CONTROL_MOD_120,240000000968,58,407,349,42734071,237,1,1/407,1/349,237,1,1/407,1/349,,0,0/407,0/349,1:1,8:15,8:15,{},{}
240000000728,OLD_CONTROL_MOD_120,240000000968,58,407,349,44609659,238,1,1/407,1/349,238,1,1/407,1/349,,0,0/407,0/349,1:1,9:6,9:6,{},{}
240000000728,OLD_CONTROL_MOD_120,240000000968,58,407,349,49260683,239,1,1/407,1/349,239,1,1/407,1/349,,0,0/407,0/349,1:1,3:9,3:9,{},{}
240000000728,OLD_CONTROL_MOD_120,240000000968,58,407,349,49745687,240,1,1/407,1/349,240,1,1/407,1/349,,0,0/407,0/349,1:1,1:13,1:13,{},{}
240000000728,OLD_CONTROL_MOD_120,240000000968,58,407,349,51258047,241,1,1/407,1/349,241,1,1/407,1/349,,0,0/407,0/349,1:1,10:10,10:10,{},{}
240000000728,OLD_CONTROL_MOD_120,240000000968,58,407,349,51441083,242,1,1/407,1/349,242,1,1/407,1/349,,0,0/407,0/349,1:1,18:6,18:6,{},{}
240000000728,OLD_CONTROL_MOD_120,240000000968,58,407,349,51917683,243,1,1/407,1/349,243,1,1/407,1/349,,0,0/407,0/349,1:1,2:12,2:12,{},{}
240000000728,OLD_CONTROL_MOD_120,240000000968,58,407,349,58620043,244,1,1/407,1/349,244,1,1/407,1/349,,0,0/407,0/349,1:1,22:11,22:11,{},{}
240000000728,OLD_CONTROL_MOD_120,240000000968,58,407,349,66555199,245,1,1/407,1/349,245,1,1/407,1/349,,0,0/407,0/349,1:1,2:9,2:9,{},{}
240000000728,OLD_CONTROL_MOD_120,240000000968,58,407,349,74211503,246,1,1/407,1/349,246,1,1/407,1/349,,0,0/407,0/349,1:1,0:2,0:2,{},{}
240000000728,OLD_CONTROL_MOD_120,240000000968,58,407,349,79312619,247,1,1/407,1/349,247,1,1/407,1/349,,0,0/407,0/349,1:1,2:6,2:6,{},{}
240000000728,OLD_CONTROL_MOD_120,240000000968,58,407,349,92236531,248,1,1/407,1/349,248,1,1/407,1/349,,0,0/407,0/349,1:1,12:6,12:6,{},{}
240000000728,OLD_CONTROL_MOD_120,240000000968,58,407,349,92350351,249,1,1/407,1/349,249,1,1/407,1/349,,0,0/407,0/349,1:1,15:12,15:12,{},{}
240000000728,OLD_CONTROL_MOD_120,240000000968,58,407,349,101008879,250,1,1/407,1/349,250,1,1/407,1/349,,0,0/407,0/349,1:1,23:4,23:4,{},{}
240000000728,OLD_CONTROL_MOD_120,240000000968,58,407,349,123813187,251,1,1/407,1/349,251,1,1/407,1/349,,0,0/407,0/349,1:1,4:16,4:16,{},{}
240000000728,OLD_CONTROL_MOD_120,240000000968,58,407,349,124998983,252,1,1/407,1/349,252,1,1/407,1/349,,0,0/407,0/349,1:1,5:9,5:9,{},{}
240000000728,OLD_CONTROL_MOD_120,240000000968,58,407,349,133306207,253,1,1/407,1/349,253,1,1/407,1/349,,0,0/407,0/349,1:1,1:11,1:11,{},{}
240000000728,OLD_CONTROL_MOD_120,240000000968,58,407,349,139102003,254,1,1/407,1/349,254,1,1/407,1/349,,0,0/407,0/349,1:1,22:12,22:12,{},{}
240000000728,OLD_CONTROL_MOD_120,240000000968,58,407,349,149252407,255,1,1/407,1/349,255,1,1/407,1/349,,0,0/407,0/349,1:1,11:9,11:9,{},{}
240000000728,OLD_CONTROL_MOD_120,240000000968,58,407,349,149844323,256,1,1/407,1/349,256,1,1/407,1/349,,0,0/407,0/349,1:1,10:15,10:15,{},{}
240000000728,OLD_CONTROL_MOD_120,240000000968,58,407,349,150181307,257,1,1/407,1/349,257,1,1/407,1/349,,0,0/407,0/349,1:1,23:15,23:15,{},{}
240000000728,OLD_CONTROL_MOD_120,240000000968,58,407,349,179104463,258,1,1/407,1/349,258,1,1/407,1/349,,0,0/407,0/349,1:1,9:4,9:4,{},{}
240000000728,OLD_CONTROL_MOD_120,240000000968,58,407,349,192033239,259,1,1/407,1/349,259,1,1/407,1/349,,0,0/407,0/349,1:1,0:14,0:14,{},{}
240000000728,OLD_CONTROL_MOD_120,240000000968,58,407,349,225988627,260,1,1/407,1/349,260,1,1/407,1/349,,0,0/407,0/349,1:1,6:7,6:7,{},{}
240000000728,OLD_CONTROL_MOD_120,240000000968,58,407,349,226454867,261,1,1/407,1/349,261,1,1/407,1/349,,0,0/407,0/349,1:1,12:16,12:16,{},{}
240000000728,OLD_CONTROL_MOD_120,240000000968,58,407,349,278422271,262,1,1/407,1/349,262,1,1/407,1/349,,0,0/407,0/349,1:1,0:5,0:5,{},{}
240000000728,OLD_CONTROL_MOD_120,240000000968,58,407,349,285714263,263,1,1/407,1/349,263,1,1/407,1/349,,0,0/407,0/349,1:1,9:3,9:3,{},{}
240000000728,OLD_CONTROL_MOD_120,240000000968,58,407,349,333333307,264,1,1/407,1/349,264,1,1/407,1/349,,0,0/407,0/349,1:1,9:1,9:1,{},{}
240000000728,OLD_CONTROL_MOD_120,240000000968,58,407,349,385852091,265,1,1/407,1/349,265,1,1/407,1/349,,0,0/407,0/349,1:1,0:3,0:3,{},{}
240000000728,OLD_CONTROL_MOD_120,240000000968,58,407,349,413776267,266,1,1/407,1/349,266,1,1/407,1/349,,0,0/407,0/349,1:1,5:10,5:10,{},{}
240000000728,OLD_CONTROL_MOD_120,240000000968,58,407,349,460142443,267,1,1/407,1/349,267,1,1/407,1/349,,0,0/407,0/349,1:1,20:4,20:4,{},{}
240000000728,OLD_CONTROL_MOD_120,240000000968,58,407,349,466841563,268,1,1/407,1/349,268,1,1/407,1/349,,0,0/407,0/349,1:1,16:8,16:8,{},{}
240000000728,OLD_CONTROL_MOD_120,240000000968,58,407,349,523923479,269,1,1/407,1/349,269,1,1/407,1/349,,0,0/407,0/349,1:1,16:4,16:4,{},{}
240000000728,OLD_CONTROL_MOD_120,240000000968,58,407,349,550424911,270,1,1/407,1/349,270,1,1/407,1/349,,0,0/407,0/349,1:1,15:8,15:8,{},{}
240000000728,OLD_CONTROL_MOD_120,240000000968,58,407,349,621973279,271,1,1/407,1/349,271,1,1/407,1/349,,0,0/407,0/349,1:1,19:3,19:3,{},{}
240000000728,OLD_CONTROL_MOD_120,240000000968,58,407,349,624360827,272,1,1/407,1/349,272,1,1/407,1/349,,0,0/407,0/349,1:1,13:16,13:16,{},{}
240000000728,OLD_CONTROL_MOD_120,240000000968,58,407,349,641711023,273,1,1/407,1/349,273,1,1/407,1/349,,0,0/407,0/349,1:1,0:7,0:7,{},{}
240000000728,OLD_CONTROL_MOD_120,240000000968,58,407,349,646122887,274,1,1/407,1/349,274,1,1/407,1/349,,0,0/407,0/349,1:1,2:14,2:14,{},{}
240000000728,OLD_CONTROL_MOD_120,240000000968,58,407,349,714243011,275,1,1/407,1/349,275,1,1/407,1/349,,0,0/407,0/349,1:1,15:3,15:3,{},{}
240000000728,OLD_CONTROL_MOD_120,240000000968,58,407,349,754716983,276,1,1/407,1/349,276,1,1/407,1/349,,0,0/407,0/349,1:1,2:3,2:3,{},{}
240000000728,OLD_CONTROL_MOD_120,240000000968,58,407,349,1105459711,277,1,1/407,1/349,277,1,1/407,1/349,,0,0/407,0/349,1:1,3:13,3:13,{},{}
240000000728,OLD_CONTROL_MOD_120,240000000968,58,407,349,1218559891,278,1,1/407,1/349,278,1,1/407,1/349,,0,0/407,0/349,1:1,19:4,19:4,{},{}
240000000728,OLD_CONTROL_MOD_120,240000000968,58,407,349,1556855851,279,1,1/407,1/349,279,1,1/407,1/349,,0,0/407,0/349,1:1,10:12,10:12,{},{}
240000000728,OLD_CONTROL_MOD_120,240000000968,58,407,349,1621618987,280,1,1/407,1/349,280,1,1/407,1/349,,0,0/407,0/349,1:1,3:8,3:8,{},{}
240000000728,OLD_CONTROL_MOD_120,240000000968,58,407,349,1714274327,281,1,1/407,1/349,281,1,1/407,1/349,,0,0/407,0/349,1:1,13:4,13:4,{},{}
240000000728,OLD_CONTROL_MOD_120,240000000968,58,407,349,1744610687,282,1,1/407,1/349,282,1,1/407,1/349,,0,0/407,0/349,1:1,17:15,17:15,{},{}
240000000728,OLD_CONTROL_MOD_120,240000000968,58,407,349,1886261959,283,1,1/407,1/349,283,1,1/407,1/349,,0,0/407,0/349,1:1,7:14,7:14,{},{}
240000000728,OLD_CONTROL_MOD_120,240000000968,58,407,349,1935483859,284,1,1/407,1/349,284,1,1/407,1/349,,0,0/407,0/349,1:1,7:2,7:2,{},{}
240000000728,OLD_CONTROL_MOD_120,240000000968,58,407,349,2295396319,285,1,1/407,1/349,285,1,1/407,1/349,,0,0/407,0/349,1:1,21:6,21:6,{},{}
240000000728,OLD_CONTROL_MOD_120,240000000968,58,407,349,2352921971,286,1,1/407,1/349,286,1,1/407,1/349,,0,0/407,0/349,1:1,8:9,8:9,{},{}
240000000728,OLD_CONTROL_MOD_120,240000000968,58,407,349,2448979439,287,1,1/407,1/349,287,1,1/407,1/349,,0,0/407,0/349,1:1,4:6,4:6,{},{}
240000000728,OLD_CONTROL_MOD_120,240000000968,58,407,349,3632664547,288,1,1/407,1/349,288,1,1/407,1/349,,0,0/407,0/349,1:1,0:12,0:12,{},{}
240000000728,OLD_CONTROL_MOD_120,240000000968,58,407,349,5216810171,289,1,1/407,1/349,289,1,1/407,1/349,,0,0/407,0/349,1:1,21:0,21:0,{},{}
240000000728,OLD_CONTROL_MOD_120,240000000968,58,407,349,5454319499,290,1,1/407,1/349,290,1,1/407,1/349,,0,0/407,0/349,1:1,11:10,11:10,{},{}
240000000728,OLD_CONTROL_MOD_120,240000000968,58,407,349,5454545471,291,1,1/407,1/349,291,1,1/407,1/349,,0,0/407,0/349,1:1,1:0,1:0,{},{}
240000000728,OLD_CONTROL_MOD_120,240000000968,58,407,349,5714276431,292,1,1/407,1/349,292,1,1/407,1/349,,0,0/407,0/349,1:1,0:8,0:8,{},{}
240000000728,OLD_CONTROL_MOD_120,240000000968,58,407,349,7058395651,293,1,1/407,1/349,293,1,1/407,1/349,,0,0/407,0/349,1:1,14:10,14:10,{},{}
240000000728,OLD_CONTROL_MOD_120,240000000968,58,407,349,8529570487,294,1,1/407,1/349,294,1,1/407,1/349,,0,0/407,0/349,1:1,19:10,19:10,{},{}
240000000728,OLD_CONTROL_MOD_120,240000000968,58,407,349,8571079747,295,1,1/407,1/349,295,1,1/407,1/349,,0,0/407,0/349,1:1,7:10,7:10,{},{}
240000000728,OLD_CONTROL_MOD_120,240000000968,58,407,349,9951572339,296,1,1/407,1/349,296,1,1/407,1/349,,0,0/407,0/349,1:1,19:5,19:5,{},{}
240000000728,OLD_CONTROL_MOD_120,240000000968,58,407,349,9999918559,297,1,1/407,1/349,297,1,1/407,1/349,,0,0/407,0/349,1:1,7:9,7:9,{},{}
240000000728,OLD_CONTROL_MOD_120,240000000968,58,407,349,11999510771,298,1,1/407,1/349,298,1,1/407,1/349,,0,0/407,0/349,1:1,9:10,9:10,{},{}
240000000728,OLD_CONTROL_MOD_120,240000000968,58,407,349,13333333339,299,1,1/407,1/349,299,1,1/407,1/349,,0,0/407,0/349,1:1,0:4,0:4,{},{}
240000000728,OLD_CONTROL_MOD_120,240000000968,58,407,349,28015525247,300,1,1/407,1/349,300,1,1/407,1/349,,0,0/407,0/349,1:1,22:16,22:16,{},{}
240000000728,OLD_CONTROL_MOD_120,240000000968,58,407,349,34332606367,301,1,1/407,1/349,301,1,1/407,1/349,,0,0/407,0/349,1:1,20:15,20:15,{},{}
240000000728,OLD_CONTROL_MOD_120,240000000968,58,407,349,34769822999,302,1,1/407,1/349,302,1,1/407,1/349,,0,0/407,0/349,1:1,22:5,22:5,{},{}
240000000728,OLD_CONTROL_MOD_120,240000000968,58,407,349,34913737099,303,1,1/407,1/349,303,1,1/407,1/349,,0,0/407,0/349,1:1,2:15,2:15,{},{}
240000000728,OLD_CONTROL_MOD_120,240000000968,58,407,349,36403170319,304,1,1/407,1/349,304,1,1/407,1/349,,0,0/407,0/349,1:1,23:12,23:12,{},{}
240000000728,OLD_CONTROL_MOD_120,240000000968,58,407,349,39418869367,305,1,1/407,1/349,305,1,1/407,1/349,,0,0/407,0/349,1:1,20:3,20:3,{},{}
240000000728,OLD_CONTROL_MOD_120,240000000968,58,407,349,39991773527,306,1,1/407,1/349,306,1,1/407,1/349,,0,0/407,0/349,1:1,12:11,12:11,{},{}
240000000728,OLD_CONTROL_MOD_120,240000000968,58,407,349,39991852259,307,1,1/407,1/349,307,1,1/407,1/349,,0,0/407,0/349,1:1,10:11,10:11,{},{}
240000000728,OLD_CONTROL_MOD_120,240000000968,58,407,349,39991862087,308,1,1/407,1/349,308,1,1/407,1/349,,0,0/407,0/349,1:1,4:11,4:11,{},{}
240000000728,OLD_CONTROL_MOD_120,240000000968,58,407,349,39999586027,309,1,1/407,1/349,309,1,1/407,1/349,,0,0/407,0/349,1:1,12:9,12:9,{},{}
240000000728,OLD_CONTROL_MOD_120,240000000968,58,407,349,39999674479,310,1,1/407,1/349,310,1,1/407,1/349,,0,0/407,0/349,1:1,6:9,6:9,{},{}
240000000728,OLD_CONTROL_MOD_120,240000000968,58,407,349,39999990259,311,1,1/407,1/349,311,1,1/407,1/349,,0,0/407,0/349,1:1,10:3,10:3,{},{}
240000000728,OLD_CONTROL_MOD_120,240000000968,58,407,349,39999999979,312,1,1/407,1/349,312,1,1/407,1/349,,0,0/407,0/349,1:1,6:3,6:3,{},{}
240000000728,OLD_CONTROL_MOD_120,240000000968,58,407,349,59709337159,313,1,1/407,1/349,313,1,1/407,1/349,,0,0/407,0/349,1:1,19:8,19:8,{},{}
240000000728,OLD_CONTROL_MOD_120,240000000968,58,407,349,59999858239,314,1,1/407,1/349,314,1,1/407,1/349,,0,0/407,0/349,1:1,11:8,11:8,{},{}
240000000728,OLD_CONTROL_MOD_120,240000000968,58,407,349,104309275247,315,1,1/407,1/349,315,1,1/407,1/349,,0,0/407,0/349,1:1,22:8,22:8,{},{}
240000000728,OLD_CONTROL_MOD_120,240000000968,58,407,349,118251725351,316,1,1/407,1/349,316,1,1/407,1/349,,0,0/407,0/349,1:1,20:10,20:10,{},{}
240000000728,OLD_CONTROL_MOD_120,240000000968,58,407,349,119801407307,317,1,1/407,1/349,317,1,1/407,1/349,,0,0/407,0/349,1:1,18:10,18:10,{},{}
240000000728,OLD_CONTROL_MOD_120,240000000968,58,407,349,119877926771,318,1,1/407,1/349,318,1,1/407,1/349,,0,0/407,0/349,1:1,8:12,8:12,{},{}
240000000728,OLD_CONTROL_MOD_120,240000000968,58,407,349,119995114271,319,1,1/407,1/349,319,1,1/407,1/349,,0,0/407,0/349,1:1,8:10,8:10,{},{}
240000000728,OLD_CONTROL_MOD_120,240000000968,58,407,349,119995117511,320,1,1/407,1/349,320,1,1/407,1/349,,0,0/407,0/349,1:1,4:10,4:10,{},{}
240000000728,OLD_CONTROL_MOD_120,240000000968,58,407,349,119997413567,321,1,1/407,1/349,321,1,1/407,1/349,,0,0/407,0/349,1:1,14:8,14:8,{},{}
240000000728,OLD_CONTROL_MOD_120,240000000968,58,407,349,119997608867,322,1,1/407,1/349,322,1,1/407,1/349,,0,0/407,0/349,1:1,14:2,14:2,{},{}
240000000728,OLD_CONTROL_MOD_120,240000000968,58,407,349,119999805011,323,1,1/407,1/349,323,1,1/407,1/349,,0,0/407,0/349,1:1,4:8,4:8,{},{}
240000000728,OLD_CONTROL_MOD_120,240000000968,58,407,349,119999996771,324,1,1/407,1/349,324,1,1/407,1/349,,0,0/407,0/349,1:1,8:4,8:4,{},{}
240000000728,OLD_CONTROL_MOD_120,240000000968,58,407,349,120000000011,325,1,1/407,1/349,325,1,1/407,1/349,,0,0/407,0/349,1:1,4:4,4:4,{},{}
240000003584,OLD_CONTROL_MOD_120,240000001544,53,407,354,3,1,145,145/407,145/354,1,121,121/407,121/354,1,24,24/407,24/354,1:121;3:24,0:0;0:4;0:6;0:8;0:10;0:12;0:16;1:3;1:5;1:7;1:9;1:11;1:15;2:1;2:5;2:7;2:11;2:13;2:15;3:1;3:3;3:5;3:7;3:11;3:13;4:1;4:3;4:5;4:7;4:11;4:13;5:1;5:3;5:5;5:7;5:11;5:13;6:1;6:3;6:5;6:7;6:11;6:13;7:1;7:3;7:5;7:7;7:11;7:13;8:1;8:3;8:5;8:7;8:11;8:13;9:1;9:3;9:5;9:7;9:11;9:13;10:1;10:3;10:5;10:7;10:11;10:13;11:1;11:3;11:5;11:7;11:11;11:13;12:1;12:3;12:5;12:7;12:11;12:13;13:1;13:3;13:5;13:7;13:11;13:13;14:1;14:3;14:5;14:7;14:11;14:13;15:1;15:3;15:5;15:7;15:11;15:13;16:1;16:3;16:5;16:7;16:11;16:13;17:1;17:3;17:5;17:7;17:11;17:13;18:1;18:3;18:5;18:7;18:11;18:13;19:1;19:3;19:5;19:7;19:11;19:13;20:1;20:3;20:5;20:7;20:11;20:13;21:1;21:3;21:5;21:7;21:11;21:13;22:1;22:3;22:5;22:7;22:11;22:13;23:1;23:3;23:5;23:7;23:11;23:13,0:0;0:4;0:6;0:10;0:12;0:16;1:3;1:5;1:9;1:11;1:15;2:1;2:5;2:7;2:11;2:13;3:1;3:5;3:7;3:11;3:13;4:1;4:5;4:7;4:11;4:13;5:1;5:5;5:7;5:11;5:13;6:1;6:5;6:7;6:11;6:13;7:1;7:5;7:7;7:11;7:13;8:1;8:5;8:7;8:11;8:13;9:1;9:5;9:7;9:11;9:13;10:1;10:5;10:7;10:11;10:13;11:1;11:5;11:7;11:11;11:13;12:1;12:5;12:7;12:11;12:13;13:1;13:5;13:7;13:11;13:13;14:1;14:5;14:7;14:11;14:13;15:1;15:5;15:7;15:11;15:13;16:1;16:5;16:7;16:11;16:13;17:1;17:5;17:7;17:11;17:13;18:1;18:5;18:7;18:11;18:13;19:1;19:5;19:7;19:11;19:13;20:1;20:5;20:7;20:11;20:13;21:1;21:5;21:7;21:11;21:13;22:1;22:5;22:7;22:11;22:13;23:1;23:5;23:7;23:11;23:13,"{""3"":[[0,8],[1,7],[2,15],[3,3],[4,3],[5,3],[6,3],[7,3],[8,3],[9,3],[10,3],[11,3],[12,3],[13,3],[14,3],[15,3],[16,3],[17,3],[18,3],[19,3],[20,3],[21,3],[22,3],[23,3]]}","{""3"":""81""}"
240000003584,OLD_CONTROL_MOD_120,240000001544,53,407,354,7,2,51,51/407,51/354,2,50,50/407,50/354,2,1,1/407,1/354,1:50;3:1,0:2;0:8;0:14;1:10;1:16;2:5;2:11;3:3;3:9;3:15;4:0;4:6;4:12;6:2;6:14;7:4;7:10;7:16;8:5;8:11;9:3;9:9;9:15;10:0;10:6;12:2;12:8;12:14;13:4;13:10;13:16;14:5;14:11;15:3;15:9;15:15;16:0;16:6;16:12;18:2;18:8;18:14;19:4;19:10;19:16;20:5;20:11;21:3;21:9;22:0;22:12,0:2;0:8;0:14;1:10;1:16;2:5;2:11;3:3;3:9;3:15;4:0;4:6;4:12;6:2;6:14;7:4;7:10;8:5;8:11;9:3;9:9;9:15;10:0;10:6;12:2;12:8;12:14;13:4;13:10;13:16;14:5;14:11;15:3;15:9;15:15;16:0;16:6;16:12;18:2;18:8;18:14;19:4;19:10;19:16;20:5;20:11;21:3;21:9;22:0;22:12,"{""3"":[[7,16]]}","{""3"":""2401""}"
240000003584,OLD_CONTROL_MOD_120,240000001544,53,407,354,19,3,21,21/407,21/354,3,21,21/407,21/354,,0,0/407,0/354,1:21,1:7;1:16;3:3;3:12;5:8;7:4;7:13;9:9;11:5;11:14;13:1;13:10;15:6;15:15;17:2;17:11;19:7;19:16;21:3;21:12;23:8,1:7;1:16;3:3;3:12;5:8;7:4;7:13;9:9;11:5;11:14;13:1;13:10;15:6;15:15;17:2;17:11;19:7;19:16;21:3;21:12;23:8,{},{}
240000003584,OLD_CONTROL_MOD_120,240000001544,53,407,354,23,4,18,18/407,18/354,4,18,18/407,18/354,,0,0/407,0/354,1:18,0:9;1:10;2:16;3:6;6:15;7:3;9:7;10:4;11:9;13:16;14:6;16:11;17:15;18:3;20:7;21:4;22:9;23:10,0:9;1:10;2:16;3:6;6:15;7:3;9:7;10:4;11:9;13:16;14:6;16:11;17:15;18:3;20:7;21:4;22:9;23:10,{},{}
240000003584,OLD_CONTROL_MOD_120,240000001544,53,407,354,31,5,12,12/407,12/354,5,12,12/407,12/354,,0,0/407,0/354,1:12,14:1;14:4;14:7;14:10;14:13;14:16;22:0;22:3;22:6;22:9;22:12;22:15,14:1;14:4;14:7;14:10;14:13;14:16;22:0;22:3;22:6;22:9;22:12;22:15,{},{}
240000003584,OLD_CONTROL_MOD_120,240000001544,53,407,354,43,6,10,10/407,10/354,6,10,10/407,10/354,,0,0/407,0/354,1:10,1:1;3:10;4:8;5:4;10:12;13:3;15:5;17:2;18:6;20:7,1:1;3:10;4:8;5:4;10:12;13:3;15:5;17:2;18:6;20:7,{},{}
240000003584,OLD_CONTROL_MOD_120,240000001544,53,407,354,71,7,10,10/407,10/354,7,10,10/407,10/354,,0,0/407,0/354,1:10,6:2;6:7;6:12;18:0;18:5;18:10;18:15;19:4;19:9;19:14,6:2;6:7;6:12;18:0;18:5;18:10;18:15;19:4;19:9;19:14,{},{}
240000003584,OLD_CONTROL_MOD_120,240000001544,53,407,354,59,8,9,9/407,9/354,8,9,9/407,9/354,,0,0/407,0/354,1:9,1:15;2:8;10:1;11:2;16:13;17:4;19:0;21:6;23:7,1:15;2:8;10:1;11:2;16:13;17:4;19:0;21:6;23:7,{},{}
240000003584,OLD_CONTROL_MOD_120,240000001544,53,407,354,83,9,8,8/407,8/354,9,8,8/407,8/354,,0,0/407,0/354,1:8,2:10;4:7;5:12;13:4;17:11;18:3;20:9;23:5,2:10;4:7;5:12;13:4;17:11;18:3;20:9;23:5,{},{}
240000003584,OLD_CONTROL_MOD_120,240000001544,53,407,354,47,10,7,7/407,7/354,10,7,7/407,7/354,,0,0/407,0/354,1:7,1:13;4:10;7:6;8:12;16:4;18:9;21:2,1:13;4:10;7:6;8:12;16:4;18:9;21:2,{},{}
240000003584,OLD_CONTROL_MOD_120,240000001544,53,407,354,67,11,6,6/407,6/354,11,6,6/407,6/354,,0,0/407,0/354,1:6,2:10;3:4;13:3;14:14;16:16;18:2,2:10;3:4;13:3;14:14;16:16;18:2,{},{}
240000003584,OLD_CONTROL_MOD_120,240000001544,53,407,354,139,12,6,6/407,6/354,12,6,6/407,6/354,,0,0/407,0/354,1:6,0:16;10:0;13:13;16:2;17:3;22:7,0:16;10:0;13:13;16:2;17:3;22:7,{},{}
240000003584,OLD_CONTROL_MOD_120,240000001544,53,407,354,103,13,4,4/407,4/354,13,4,4/407,4/354,,0,0/407,0/354,1:4,8:8;13:16;19:15;23:14,8:8;13:16;19:15;23:14,{},{}
240000003584,OLD_CONTROL_MOD_120,240000001544,53,407,354,131,14,4,4/407,4/354,14,4,4/407,4/354,,0,0/407,0/354,1:4,1:1;3:5;5:16;23:0,1:1;3:5;5:16;23:0,{},{}
240000003584,OLD_CONTROL_MOD_120,240000001544,53,407,354,239,15,4,4/407,4/354,15,4,4/407,4/354,,0,0/407,0/354,1:4,1:15;2:6;4:5;17:0,1:15;2:6;4:5;17:0,{},{}
240000003584,OLD_CONTROL_MOD_120,240000001544,53,407,354,127,16,3,3/407,3/354,16,3,3/407,3/354,,0,0/407,0/354,1:3,0:16;6:0;22:2,0:16;6:0;22:2,{},{}
240000003584,OLD_CONTROL_MOD_120,240000001544,53,407,354,179,17,3,3/407,3/354,17,3,3/407,3/354,,0,0/407,0/354,1:3,16:7;18:14;19:12,16:7;18:14;19:12,{},{}
240000003584,OLD_CONTROL_MOD_120,240000001544,53,407,354,199,18,3,3/407,3/354,18,3,3/407,3/354,,0,0/407,0/354,1:3,3:3;15:5;23:2,3:3;15:5;23:2,{},{}
240000003584,OLD_CONTROL_MOD_120,240000001544,53,407,354,227,19,3,3/407,3/354,19,3,3/407,3/354,,0,0/407,0/354,1:3,11:11;13:13;20:3,11:11;13:13;20:3,{},{}
240000003584,OLD_CONTROL_MOD_120,240000001544,53,407,354,271,20,3,3/407,3/354,20,3,3/407,3/354,,0,0/407,0/354,1:3,8:9;10:8;21:0,8:9;10:8;21:0,{},{}
240000003584,OLD_CONTROL_MOD_120,240000001544,53,407,354,503,21,3,3/407,3/354,21,3,3/407,3/354,,0,0/407,0/354,1:3,3:1;14:13;21:4,3:1;14:13;21:4,{},{}
240000003584,OLD_CONTROL_MOD_120,240000001544,53,407,354,79,22,2,2/407,2/354,22,2,2/407,2/354,,0,0/407,0/354,1:2,10:14;20:10,10:14;20:10,{},{}
240000003584,OLD_CONTROL_MOD_120,240000001544,53,407,354,107,23,2,2/407,2/354,23,2,2/407,2/354,,0,0/407,0/354,1:2,2:11;10:4,2:11;10:4,{},{}
240000003584,OLD_CONTROL_MOD_120,240000001544,53,407,354,151,24,2,2/407,2/354,24,2,2/407,2/354,,0,0/407,0/354,1:2,3:11;14:16,3:11;14:16,{},{}
240000003584,OLD_CONTROL_MOD_120,240000001544,53,407,354,163,25,2,2/407,2/354,25,2,2/407,2/354,,0,0/407,0/354,1:2,1:0;3:6,1:0;3:6,{},{}
240000003584,OLD_CONTROL_MOD_120,240000001544,53,407,354,167,26,2,2/407,2/354,26,2,2/407,2/354,,0,0/407,0/354,1:2,2:12;18:10,2:12;18:10,{},{}
240000003584,OLD_CONTROL_MOD_120,240000001544,53,407,354,191,27,2,2/407,2/354,27,2,2/407,2/354,,0,0/407,0/354,1:2,8:7;23:8,8:7;23:8,{},{}
240000003584,OLD_CONTROL_MOD_120,240000001544,53,407,354,211,28,2,2/407,2/354,28,2,2/407,2/354,,0,0/407,0/354,1:2,7:11;17:3,7:11;17:3,{},{}
240000003584,OLD_CONTROL_MOD_120,240000001544,53,407,354,383,29,2,2/407,2/354,29,2,2/407,2/354,,0,0/407,0/354,1:2,8:1;21:7,8:1;21:7,{},{}
240000003584,OLD_CONTROL_MOD_120,240000001544,53,407,354,467,30,2,2/407,2/354,30,2,2/407,2/354,,0,0/407,0/354,1:2,14:13;18:15,14:13;18:15,{},{}
240000003584,OLD_CONTROL_MOD_120,240000001544,53,407,354,547,31,2,2/407,2/354,31,2,2/407,2/354,,0,0/407,0/354,1:2,1:8;15:8,1:8;15:8,{},{}
240000003584,OLD_CONTROL_MOD_120,240000001544,53,407,354,691,32,2,2/407,2/354,32,2,2/407,2/354,,0,0/407,0/354,1:2,4:15;13:6,4:15;13:6,{},{}
240000003584,OLD_CONTROL_MOD_120,240000001544,53,407,354,719,33,2,2/407,2/354,33,2,2/407,2/354,,0,0/407,0/354,1:2,2:14;19:1,2:14;19:1,{},{}
240000003584,OLD_CONTROL_MOD_120,240000001544,53,407,354,811,34,2,2/407,2/354,34,2,2/407,2/354,,0,0/407,0/354,1:2,2:5;23:11,2:5;23:11,{},{}
240000003584,OLD_CONTROL_MOD_120,240000001544,53,407,354,863,35,2,2/407,2/354,35,2,2/407,2/354,,0,0/407,0/354,1:2,0:7;10:6,0:7;10:6,{},{}
240000003584,OLD_CONTROL_MOD_120,240000001544,53,407,354,919,36,2,2/407,2/354,36,2,2/407,2/354,,0,0/407,0/354,1:2,14:6;17:8,14:6;17:8,{},{}
240000003584,OLD_CONTROL_MOD_120,240000001544,53,407,354,1031,37,2,2/407,2/354,37,2,2/407,2/354,,0,0/407,0/354,1:2,12:6;15:13,12:6;15:13,{},{}
240000003584,OLD_CONTROL_MOD_120,240000001544,53,407,354,1151,38,2,2/407,2/354,38,2,2/407,2/354,,0,0/407,0/354,1:2,12:13;15:1,12:13;15:1,{},{}
240000003584,OLD_CONTROL_MOD_120,240000001544,53,407,354,1319,39,2,2/407,2/354,39,2,2/407,2/354,,0,0/407,0/354,1:2,2:1;10:12,2:1;10:12,{},{}
240000003584,OLD_CONTROL_MOD_120,240000001544,53,407,354,2111,40,2,2/407,2/354,40,2,2/407,2/354,,0,0/407,0/354,1:2,11:1;17:8,11:1;17:8,{},{}
240000003584,OLD_CONTROL_MOD_120,240000001544,53,407,354,11027,41,2,2/407,2/354,41,2,2/407,2/354,,0,0/407,0/354,1:2,17:5;20:13,17:5;20:13,{},{}
240000003584,OLD_CONTROL_MOD_120,240000001544,53,407,354,223,42,1,1/407,1/354,42,1,1/407,1/354,,0,0/407,0/354,1:1,7:15,7:15,{},{}
240000003584,OLD_CONTROL_MOD_120,240000001544,53,407,354,251,43,1,1/407,1/354,43,1,1/407,1/354,,0,0/407,0/354,1:1,11:14,11:14,{},{}
240000003584,OLD_CONTROL_MOD_120,240000001544,53,407,354,283,44,1,1/407,1/354,44,1,1/407,1/354,,0,0/407,0/354,1:1,16:6,16:6,{},{}
240000003584,OLD_CONTROL_MOD_120,240000001544,53,407,354,347,45,1,1/407,1/354,45,1,1/407,1/354,,0,0/407,0/354,1:1,11:16,11:16,{},{}
240000003584,OLD_CONTROL_MOD_120,240000001544,53,407,354,359,46,1,1/407,1/354,46,1,1/407,1/354,,0,0/407,0/354,1:1,19:4,19:4,{},{}
240000003584,OLD_CONTROL_MOD_120,240000001544,53,407,354,443,47,1,1/407,1/354,47,1,1/407,1/354,,0,0/407,0/354,1:1,7:11,7:11,{},{}
240000003584,OLD_CONTROL_MOD_120,240000001544,53,407,354,463,48,1,1/407,1/354,48,1,1/407,1/354,,0,0/407,0/354,1:1,14:16,14:16,{},{}
240000003584,OLD_CONTROL_MOD_120,240000001544,53,407,354,479,49,1,1/407,1/354,49,1,1/407,1/354,,0,0/407,0/354,1:1,3:13,3:13,{},{}
240000003584,OLD_CONTROL_MOD_120,240000001544,53,407,354,491,50,1,1/407,1/354,50,1,1/407,1/354,,0,0/407,0/354,1:1,19:16,19:16,{},{}
240000003584,OLD_CONTROL_MOD_120,240000001544,53,407,354,607,51,1,1/407,1/354,51,1,1/407,1/354,,0,0/407,0/354,1:1,21:15,21:15,{},{}
240000003584,OLD_CONTROL_MOD_120,240000001544,53,407,354,619,52,1,1/407,1/354,52,1,1/407,1/354,,0,0/407,0/354,1:1,13:15,13:15,{},{}
240000003584,OLD_CONTROL_MOD_120,240000001544,53,407,354,643,53,1,1/407,1/354,53,1,1/407,1/354,,0,0/407,0/354,1:1,4:14,4:14,{},{}
240000003584,OLD_CONTROL_MOD_120,240000001544,53,407,354,647,54,1,1/407,1/354,54,1,1/407,1/354,,0,0/407,0/354,1:1,2:11,2:11,{},{}
240000003584,OLD_CONTROL_MOD_120,240000001544,53,407,354,659,55,1,1/407,1/354,55,1,1/407,1/354,,0,0/407,0/354,1:1,20:14,20:14,{},{}
240000003584,OLD_CONTROL_MOD_120,240000001544,53,407,354,683,56,1,1/407,1/354,56,1,1/407,1/354,,0,0/407,0/354,1:1,20:2,20:2,{},{}
240000003584,OLD_CONTROL_MOD_120,240000001544,53,407,354,727,57,1,1/407,1/354,57,1,1/407,1/354,,0,0/407,0/354,1:1,22:7,22:7,{},{}
240000003584,OLD_CONTROL_MOD_120,240000001544,53,407,354,751,58,1,1/407,1/354,58,1,1/407,1/354,,0,0/407,0/354,1:1,9:7,9:7,{},{}
240000003584,OLD_CONTROL_MOD_120,240000001544,53,407,354,823,59,1,1/407,1/354,59,1,1/407,1/354,,0,0/407,0/354,1:1,15:16,15:16,{},{}
240000003584,OLD_CONTROL_MOD_120,240000001544,53,407,354,887,60,1,1/407,1/354,60,1,1/407,1/354,,0,0/407,0/354,1:1,11:3,11:3,{},{}
240000003584,OLD_CONTROL_MOD_120,240000001544,53,407,354,1019,61,1,1/407,1/354,61,1,1/407,1/354,,0,0/407,0/354,1:1,3:2,3:2,{},{}
240000003584,OLD_CONTROL_MOD_120,240000001544,53,407,354,1051,62,1,1/407,1/354,62,1,1/407,1/354,,0,0/407,0/354,1:1,3:1,3:1,{},{}
240000003584,OLD_CONTROL_MOD_120,240000001544,53,407,354,1223,63,1,1/407,1/354,63,1,1/407,1/354,,0,0/407,0/354,1:1,23:12,23:12,{},{}
240000003584,OLD_CONTROL_MOD_120,240000001544,53,407,354,1231,64,1,1/407,1/354,64,1,1/407,1/354,,0,0/407,0/354,1:1,8:15,8:15,{},{}
240000003584,OLD_CONTROL_MOD_120,240000001544,53,407,354,1283,65,1,1/407,1/354,65,1,1/407,1/354,,0,0/407,0/354,1:1,22:4,22:4,{},{}
240000003584,OLD_CONTROL_MOD_120,240000001544,53,407,354,1459,66,1,1/407,1/354,66,1,1/407,1/354,,0,0/407,0/354,1:1,13:0,13:0,{},{}
240000003584,OLD_CONTROL_MOD_120,240000001544,53,407,354,1523,67,1,1/407,1/354,67,1,1/407,1/354,,0,0/407,0/354,1:1,22:5,22:5,{},{}
240000003584,OLD_CONTROL_MOD_120,240000001544,53,407,354,1567,68,1,1/407,1/354,68,1,1/407,1/354,,0,0/407,0/354,1:1,8:13,8:13,{},{}
240000003584,OLD_CONTROL_MOD_120,240000001544,53,407,354,1583,69,1,1/407,1/354,69,1,1/407,1/354,,0,0/407,0/354,1:1,3:14,3:14,{},{}
240000003584,OLD_CONTROL_MOD_120,240000001544,53,407,354,1607,70,1,1/407,1/354,70,1,1/407,1/354,,0,0/407,0/354,1:1,21:1,21:1,{},{}
240000003584,OLD_CONTROL_MOD_120,240000001544,53,407,354,1619,71,1,1/407,1/354,71,1,1/407,1/354,,0,0/407,0/354,1:1,6:13,6:13,{},{}
240000003584,OLD_CONTROL_MOD_120,240000001544,53,407,354,1747,72,1,1/407,1/354,72,1,1/407,1/354,,0,0/407,0/354,1:1,3:6,3:6,{},{}
240000003584,OLD_CONTROL_MOD_120,240000001544,53,407,354,1787,73,1,1/407,1/354,73,1,1/407,1/354,,0,0/407,0/354,1:1,4:14,4:14,{},{}
240000003584,OLD_CONTROL_MOD_120,240000001544,53,407,354,1907,74,1,1/407,1/354,74,1,1/407,1/354,,0,0/407,0/354,1:1,8:6,8:6,{},{}
240000003584,OLD_CONTROL_MOD_120,240000001544,53,407,354,1987,75,1,1/407,1/354,75,1,1/407,1/354,,0,0/407,0/354,1:1,3:12,3:12,{},{}
240000003584,OLD_CONTROL_MOD_120,240000001544,53,407,354,2003,76,1,1/407,1/354,76,1,1/407,1/354,,0,0/407,0/354,1:1,12:3,12:3,{},{}
240000003584,OLD_CONTROL_MOD_120,240000001544,53,407,354,2251,77,1,1/407,1/354,77,1,1/407,1/354,,0,0/407,0/354,1:1,19:12,19:12,{},{}
240000003584,OLD_CONTROL_MOD_120,240000001544,53,407,354,2399,78,1,1/407,1/354,78,1,1/407,1/354,,0,0/407,0/354,1:1,19:3,19:3,{},{}
240000003584,OLD_CONTROL_MOD_120,240000001544,53,407,354,2551,79,1,1/407,1/354,79,1,1/407,1/354,,0,0/407,0/354,1:1,20:9,20:9,{},{}
240000003584,OLD_CONTROL_MOD_120,240000001544,53,407,354,2683,80,1,1/407,1/354,80,1,1/407,1/354,,0,0/407,0/354,1:1,16:13,16:13,{},{}
240000003584,OLD_CONTROL_MOD_120,240000001544,53,407,354,2819,81,1,1/407,1/354,81,1,1/407,1/354,,0,0/407,0/354,1:1,20:6,20:6,{},{}
240000003584,OLD_CONTROL_MOD_120,240000001544,53,407,354,2971,82,1,1/407,1/354,82,1,1/407,1/354,,0,0/407,0/354,1:1,5:10,5:10,{},{}
240000003584,OLD_CONTROL_MOD_120,240000001544,53,407,354,3307,83,1,1/407,1/354,83,1,1/407,1/354,,0,0/407,0/354,1:1,23:6,23:6,{},{}
240000003584,OLD_CONTROL_MOD_120,240000001544,53,407,354,3343,84,1,1/407,1/354,84,1,1/407,1/354,,0,0/407,0/354,1:1,7:4,7:4,{},{}
240000003584,OLD_CONTROL_MOD_120,240000001544,53,407,354,3347,85,1,1/407,1/354,85,1,1/407,1/354,,0,0/407,0/354,1:1,3:16,3:16,{},{}
240000003584,OLD_CONTROL_MOD_120,240000001544,53,407,354,3371,86,1,1/407,1/354,86,1,1/407,1/354,,0,0/407,0/354,1:1,3:2,3:2,{},{}
240000003584,OLD_CONTROL_MOD_120,240000001544,53,407,354,3659,87,1,1/407,1/354,87,1,1/407,1/354,,0,0/407,0/354,1:1,9:12,9:12,{},{}
240000003584,OLD_CONTROL_MOD_120,240000001544,53,407,354,3911,88,1,1/407,1/354,88,1,1/407,1/354,,0,0/407,0/354,1:1,13:10,13:10,{},{}
240000003584,OLD_CONTROL_MOD_120,240000001544,53,407,354,3943,89,1,1/407,1/354,89,1,1/407,1/354,,0,0/407,0/354,1:1,12:2,12:2,{},{}
240000003584,OLD_CONTROL_MOD_120,240000001544,53,407,354,4663,90,1,1/407,1/354,90,1,1/407,1/354,,0,0/407,0/354,1:1,1:4,1:4,{},{}
240000003584,OLD_CONTROL_MOD_120,240000001544,53,407,354,4787,91,1,1/407,1/354,91,1,1/407,1/354,,0,0/407,0/354,1:1,22:1,22:1,{},{}
240000003584,OLD_CONTROL_MOD_120,240000001544,53,407,354,4903,92,1,1/407,1/354,92,1,1/407,1/354,,0,0/407,0/354,1:1,22:12,22:12,{},{}
240000003584,OLD_CONTROL_MOD_120,240000001544,53,407,354,5647,93,1,1/407,1/354,93,1,1/407,1/354,,0,0/407,0/354,1:1,0:10,0:10,{},{}
240000003584,OLD_CONTROL_MOD_120,240000001544,53,407,354,5939,94,1,1/407,1/354,94,1,1/407,1/354,,0,0/407,0/354,1:1,1:13,1:13,{},{}
240000003584,OLD_CONTROL_MOD_120,240000001544,53,407,354,5987,95,1,1/407,1/354,95,1,1/407,1/354,,0,0/407,0/354,1:1,4:14,4:14,{},{}
240000003584,OLD_CONTROL_MOD_120,240000001544,53,407,354,6143,96,1,1/407,1/354,96,1,1/407,1/354,,0,0/407,0/354,1:1,19:13,19:13,{},{}
240000003584,OLD_CONTROL_MOD_120,240000001544,53,407,354,6367,97,1,1/407,1/354,97,1,1/407,1/354,,0,0/407,0/354,1:1,6:0,6:0,{},{}
240000003584,OLD_CONTROL_MOD_120,240000001544,53,407,354,7687,98,1,1/407,1/354,98,1,1/407,1/354,,0,0/407,0/354,1:1,12:12,12:12,{},{}
240000003584,OLD_CONTROL_MOD_120,240000001544,53,407,354,7927,99,1,1/407,1/354,99,1,1/407,1/354,,0,0/407,0/354,1:1,11:13,11:13,{},{}
240000003584,OLD_CONTROL_MOD_120,240000001544,53,407,354,8627,100,1,1/407,1/354,100,1,1/407,1/354,,0,0/407,0/354,1:1,10:12,10:12,{},{}
240000003584,OLD_CONTROL_MOD_120,240000001544,53,407,354,9319,101,1,1/407,1/354,101,1,1/407,1/354,,0,0/407,0/354,1:1,11:15,11:15,{},{}
240000003584,OLD_CONTROL_MOD_120,240000001544,53,407,354,9403,102,1,1/407,1/354,102,1,1/407,1/354,,0,0/407,0/354,1:1,19:2,19:2,{},{}
240000003584,OLD_CONTROL_MOD_120,240000001544,53,407,354,9511,103,1,1/407,1/354,103,1,1/407,1/354,,0,0/407,0/354,1:1,5:0,5:0,{},{}
240000003584,OLD_CONTROL_MOD_120,240000001544,53,407,354,11131,104,1,1/407,1/354,104,1,1/407,1/354,,0,0/407,0/354,1:1,23:11,23:11,{},{}
240000003584,OLD_CONTROL_MOD_120,240000001544,53,407,354,11299,105,1,1/407,1/354,105,1,1/407,1/354,,0,0/407,0/354,1:1,18:4,18:4,{},{}
240000003584,OLD_CONTROL_MOD_120,240000001544,53,407,354,13763,106,1,1/407,1/354,106,1,1/407,1/354,,0,0/407,0/354,1:1,22:7,22:7,{},{}
240000003584,OLD_CONTROL_MOD_120,240000001544,53,407,354,13879,107,1,1/407,1/354,107,1,1/407,1/354,,0,0/407,0/354,1:1,10:11,10:11,{},{}
240000003584,OLD_CONTROL_MOD_120,240000001544,53,407,354,15791,108,1,1/407,1/354,108,1,1/407,1/354,,0,0/407,0/354,1:1,6:6,6:6,{},{}
240000003584,OLD_CONTROL_MOD_120,240000001544,53,407,354,15859,109,1,1/407,1/354,109,1,1/407,1/354,,0,0/407,0/354,1:1,0:6,0:6,{},{}
240000003584,OLD_CONTROL_MOD_120,240000001544,53,407,354,17123,110,1,1/407,1/354,110,1,1/407,1/354,,0,0/407,0/354,1:1,20:12,20:12,{},{}
240000003584,OLD_CONTROL_MOD_120,240000001544,53,407,354,17191,111,1,1/407,1/354,111,1,1/407,1/354,,0,0/407,0/354,1:1,22:13,22:13,{},{}
240000003584,OLD_CONTROL_MOD_120,240000001544,53,407,354,17467,112,1,1/407,1/354,112,1,1/407,1/354,,0,0/407,0/354,1:1,3:2,3:2,{},{}
240000003584,OLD_CONTROL_MOD_120,240000001544,53,407,354,17911,113,1,1/407,1/354,113,1,1/407,1/354,,0,0/407,0/354,1:1,0:9,0:9,{},{}
240000003584,OLD_CONTROL_MOD_120,240000001544,53,407,354,19423,114,1,1/407,1/354,114,1,1/407,1/354,,0,0/407,0/354,1:1,19:16,19:16,{},{}
240000003584,OLD_CONTROL_MOD_120,240000001544,53,407,354,20051,115,1,1/407,1/354,115,1,1/407,1/354,,0,0/407,0/354,1:1,4:3,4:3,{},{}
240000003584,OLD_CONTROL_MOD_120,240000001544,53,407,354,22171,116,1,1/407,1/354,116,1,1/407,1/354,,0,0/407,0/354,1:1,13:15,13:15,{},{}
240000003584,OLD_CONTROL_MOD_120,240000001544,53,407,354,24683,117,1,1/407,1/354,117,1,1/407,1/354,,0,0/407,0/354,1:1,22:11,22:11,{},{}
240000003584,OLD_CONTROL_MOD_120,240000001544,53,407,354,25303,118,1,1/407,1/354,118,1,1/407,1/354,,0,0/407,0/354,1:1,4:8,4:8,{},{}
240000003584,OLD_CONTROL_MOD_120,240000001544,53,407,354,30911,119,1,1/407,1/354,119,1,1/407,1/354,,0,0/407,0/354,1:1,17:8,17:8,{},{}
240000003584,OLD_CONTROL_MOD_120,240000001544,53,407,354,32159,120,1,1/407,1/354,120,1,1/407,1/354,,0,0/407,0/354,1:1,22:15,22:15,{},{}
240000003584,OLD_CONTROL_MOD_120,240000001544,53,407,354,41047,121,1,1/407,1/354,121,1,1/407,1/354,,0,0/407,0/354,1:1,3:4,3:4,{},{}
240000003584,OLD_CONTROL_MOD_120,240000001544,53,407,354,41227,122,1,1/407,1/354,122,1,1/407,1/354,,0,0/407,0/354,1:1,17:9,17:9,{},{}
240000003584,OLD_CONTROL_MOD_120,240000001544,53,407,354,44159,123,1,1/407,1/354,123,1,1/407,1/354,,0,0/407,0/354,1:1,20:15,20:15,{},{}
240000003584,OLD_CONTROL_MOD_120,240000001544,53,407,354,45191,124,1,1/407,1/354,124,1,1/407,1/354,,0,0/407,0/354,1:1,7:3,7:3,{},{}
240000003584,OLD_CONTROL_MOD_120,240000001544,53,407,354,46439,125,1,1/407,1/354,125,1,1/407,1/354,,0,0/407,0/354,1:1,6:3,6:3,{},{}
240000003584,OLD_CONTROL_MOD_120,240000001544,53,407,354,48527,126,1,1/407,1/354,126,1,1/407,1/354,,0,0/407,0/354,1:1,9:0,9:0,{},{}
240000003584,OLD_CONTROL_MOD_120,240000001544,53,407,354,50527,127,1,1/407,1/354,127,1,1/407,1/354,,0,0/407,0/354,1:1,17:12,17:12,{},{}
240000003584,OLD_CONTROL_MOD_120,240000001544,53,407,354,60259,128,1,1/407,1/354,128,1,1/407,1/354,,0,0/407,0/354,1:1,2:13,2:13,{},{}
240000003584,OLD_CONTROL_MOD_120,240000001544,53,407,354,65423,129,1,1/407,1/354,129,1,1/407,1/354,,0,0/407,0/354,1:1,23:13,23:13,{},{}
240000003584,OLD_CONTROL_MOD_120,240000001544,53,407,354,65579,130,1,1/407,1/354,130,1,1/407,1/354,,0,0/407,0/354,1:1,16:9,16:9,{},{}
240000003584,OLD_CONTROL_MOD_120,240000001544,53,407,354,73259,131,1,1/407,1/354,131,1,1/407,1/354,,0,0/407,0/354,1:1,3:5,3:5,{},{}
240000003584,OLD_CONTROL_MOD_120,240000001544,53,407,354,83939,132,1,1/407,1/354,132,1,1/407,1/354,,0,0/407,0/354,1:1,22:14,22:14,{},{}
240000003584,OLD_CONTROL_MOD_120,240000001544,53,407,354,90247,133,1,1/407,1/354,133,1,1/407,1/354,,0,0/407,0/354,1:1,9:1,9:1,{},{}
240000003584,OLD_CONTROL_MOD_120,240000001544,53,407,354,91711,134,1,1/407,1/354,134,1,1/407,1/354,,0,0/407,0/354,1:1,9:4,9:4,{},{}
240000003584,OLD_CONTROL_MOD_120,240000001544,53,407,354,110291,135,1,1/407,1/354,135,1,1/407,1/354,,0,0/407,0/354,1:1,4:8,4:8,{},{}
240000003584,OLD_CONTROL_MOD_120,240000001544,53,407,354,110807,136,1,1/407,1/354,136,1,1/407,1/354,,0,0/407,0/354,1:1,9:1,9:1,{},{}
240000003584,OLD_CONTROL_MOD_120,240000001544,53,407,354,115183,137,1,1/407,1/354,137,1,1/407,1/354,,0,0/407,0/354,1:1,20:16,20:16,{},{}
240000003584,OLD_CONTROL_MOD_120,240000001544,53,407,354,115343,138,1,1/407,1/354,138,1,1/407,1/354,,0,0/407,0/354,1:1,13:10,13:10,{},{}
240000003584,OLD_CONTROL_MOD_120,240000001544,53,407,354,117991,139,1,1/407,1/354,139,1,1/407,1/354,,0,0/407,0/354,1:1,18:2,18:2,{},{}
240000003584,OLD_CONTROL_MOD_120,240000001544,53,407,354,119771,140,1,1/407,1/354,140,1,1/407,1/354,,0,0/407,0/354,1:1,7:13,7:13,{},{}
240000003584,OLD_CONTROL_MOD_120,240000001544,53,407,354,134947,141,1,1/407,1/354,141,1,1/407,1/354,,0,0/407,0/354,1:1,7:4,7:4,{},{}
240000003584,OLD_CONTROL_MOD_120,240000001544,53,407,354,136987,142,1,1/407,1/354,142,1,1/407,1/354,,0,0/407,0/354,1:1,16:8,16:8,{},{}
240000003584,OLD_CONTROL_MOD_120,240000001544,53,407,354,137191,143,1,1/407,1/354,143,1,1/407,1/354,,0,0/407,0/354,1:1,6:11,6:11,{},{}
240000003584,OLD_CONTROL_MOD_120,240000001544,53,407,354,140627,144,1,1/407,1/354,144,1,1/407,1/354,,0,0/407,0/354,1:1,10:0,10:0,{},{}
240000003584,OLD_CONTROL_MOD_120,240000001544,53,407,354,148403,145,1,1/407,1/354,145,1,1/407,1/354,,0,0/407,0/354,1:1,6:0,6:0,{},{}
240000003584,OLD_CONTROL_MOD_120,240000001544,53,407,354,148747,146,1,1/407,1/354,146,1,1/407,1/354,,0,0/407,0/354,1:1,19:11,19:11,{},{}
240000003584,OLD_CONTROL_MOD_120,240000001544,53,407,354,159871,147,1,1/407,1/354,147,1,1/407,1/354,,0,0/407,0/354,1:1,10:4,10:4,{},{}
240000003584,OLD_CONTROL_MOD_120,240000001544,53,407,354,165887,148,1,1/407,1/354,148,1,1/407,1/354,,0,0/407,0/354,1:1,5:3,5:3,{},{}
240000003584,OLD_CONTROL_MOD_120,240000001544,53,407,354,169471,149,1,1/407,1/354,149,1,1/407,1/354,,0,0/407,0/354,1:1,5:15,5:15,{},{}
240000003584,OLD_CONTROL_MOD_120,240000001544,53,407,354,172427,150,1,1/407,1/354,150,1,1/407,1/354,,0,0/407,0/354,1:1,21:2,21:2,{},{}
240000003584,OLD_CONTROL_MOD_120,240000001544,53,407,354,172759,151,1,1/407,1/354,151,1,1/407,1/354,,0,0/407,0/354,1:1,0:10,0:10,{},{}
240000003584,OLD_CONTROL_MOD_120,240000001544,53,407,354,203279,152,1,1/407,1/354,152,1,1/407,1/354,,0,0/407,0/354,1:1,16:9,16:9,{},{}
240000003584,OLD_CONTROL_MOD_120,240000001544,53,407,354,209431,153,1,1/407,1/354,153,1,1/407,1/354,,0,0/407,0/354,1:1,11:9,11:9,{},{}
240000003584,OLD_CONTROL_MOD_120,240000001544,53,407,354,219587,154,1,1/407,1/354,154,1,1/407,1/354,,0,0/407,0/354,1:1,12:10,12:10,{},{}
240000003584,OLD_CONTROL_MOD_120,240000001544,53,407,354,235003,155,1,1/407,1/354,155,1,1/407,1/354,,0,0/407,0/354,1:1,21:3,21:3,{},{}
240000003584,OLD_CONTROL_MOD_120,240000001544,53,407,354,251359,156,1,1/407,1/354,156,1,1/407,1/354,,0,0/407,0/354,1:1,16:13,16:13,{},{}
240000003584,OLD_CONTROL_MOD_120,240000001544,53,407,354,259159,157,1,1/407,1/354,157,1,1/407,1/354,,0,0/407,0/354,1:1,20:15,20:15,{},{}
240000003584,OLD_CONTROL_MOD_120,240000001544,53,407,354,259751,158,1,1/407,1/354,158,1,1/407,1/354,,0,0/407,0/354,1:1,18:7,18:7,{},{}
240000003584,OLD_CONTROL_MOD_120,240000001544,53,407,354,281839,159,1,1/407,1/354,159,1,1/407,1/354,,0,0/407,0/354,1:1,2:5,2:5,{},{}
240000003584,OLD_CONTROL_MOD_120,240000001544,53,407,354,326323,160,1,1/407,1/354,160,1,1/407,1/354,,0,0/407,0/354,1:1,12:4,12:4,{},{}
240000003584,OLD_CONTROL_MOD_120,240000001544,53,407,354,334651,161,1,1/407,1/354,161,1,1/407,1/354,,0,0/407,0/354,1:1,19:4,19:4,{},{}
240000003584,OLD_CONTROL_MOD_120,240000001544,53,407,354,354271,162,1,1/407,1/354,162,1,1/407,1/354,,0,0/407,0/354,1:1,14:0,14:0,{},{}
240000003584,OLD_CONTROL_MOD_120,240000001544,53,407,354,354667,163,1,1/407,1/354,163,1,1/407,1/354,,0,0/407,0/354,1:1,6:8,6:8,{},{}
240000003584,OLD_CONTROL_MOD_120,240000001544,53,407,354,384067,164,1,1/407,1/354,164,1,1/407,1/354,,0,0/407,0/354,1:1,3:16,3:16,{},{}
240000003584,OLD_CONTROL_MOD_120,240000001544,53,407,354,401827,165,1,1/407,1/354,165,1,1/407,1/354,,0,0/407,0/354,1:1,13:4,13:4,{},{}
240000003584,OLD_CONTROL_MOD_120,240000001544,53,407,354,422803,166,1,1/407,1/354,166,1,1/407,1/354,,0,0/407,0/354,1:1,11:14,11:14,{},{}
240000003584,OLD_CONTROL_MOD_120,240000001544,53,407,354,464879,167,1,1/407,1/354,167,1,1/407,1/354,,0,0/407,0/354,1:1,18:3,18:3,{},{}
240000003584,OLD_CONTROL_MOD_120,240000001544,53,407,354,568303,168,1,1/407,1/354,168,1,1/407,1/354,,0,0/407,0/354,1:1,15:8,15:8,{},{}
240000003584,OLD_CONTROL_MOD_120,240000001544,53,407,354,591751,169,1,1/407,1/354,169,1,1/407,1/354,,0,0/407,0/354,1:1,1:1,1:1,{},{}
240000003584,OLD_CONTROL_MOD_120,240000001544,53,407,354,627547,170,1,1/407,1/354,170,1,1/407,1/354,,0,0/407,0/354,1:1,11:13,11:13,{},{}
240000003584,OLD_CONTROL_MOD_120,240000001544,53,407,354,661231,171,1,1/407,1/354,171,1,1/407,1/354,,0,0/407,0/354,1:1,9:16,9:16,{},{}
240000003584,OLD_CONTROL_MOD_120,240000001544,53,407,354,715859,172,1,1/407,1/354,172,1,1/407,1/354,,0,0/407,0/354,1:1,7:16,7:16,{},{}
240000003584,OLD_CONTROL_MOD_120,240000001544,53,407,354,815491,173,1,1/407,1/354,173,1,1/407,1/354,,0,0/407,0/354,1:1,19:0,19:0,{},{}
240000003584,OLD_CONTROL_MOD_120,240000001544,53,407,354,820691,174,1,1/407,1/354,174,1,1/407,1/354,,0,0/407,0/354,1:1,9:8,9:8,{},{}
240000003584,OLD_CONTROL_MOD_120,240000001544,53,407,354,863119,175,1,1/407,1/354,175,1,1/407,1/354,,0,0/407,0/354,1:1,2:10,2:10,{},{}
240000003584,OLD_CONTROL_MOD_120,240000001544,53,407,354,972967,176,1,1/407,1/354,176,1,1/407,1/354,,0,0/407,0/354,1:1,18:1,18:1,{},{}
240000003584,OLD_CONTROL_MOD_120,240000001544,53,407,354,1060867,177,1,1/407,1/354,177,1,1/407,1/354,,0,0/407,0/354,1:1,10:5,10:5,{},{}
240000003584,OLD_CONTROL_MOD_120,240000001544,53,407,354,1128151,178,1,1/407,1/354,178,1,1/407,1/354,,0,0/407,0/354,1:1,13:7,13:7,{},{}
240000003584,OLD_CONTROL_MOD_120,240000001544,53,407,354,1135427,179,1,1/407,1/354,179,1,1/407,1/354,,0,0/407,0/354,1:1,14:6,14:6,{},{}
240000003584,OLD_CONTROL_MOD_120,240000001544,53,407,354,1368847,180,1,1/407,1/354,180,1,1/407,1/354,,0,0/407,0/354,1:1,10:2,10:2,{},{}
240000003584,OLD_CONTROL_MOD_120,240000001544,53,407,354,1478987,181,1,1/407,1/354,181,1,1/407,1/354,,0,0/407,0/354,1:1,14:3,14:3,{},{}
240000003584,OLD_CONTROL_MOD_120,240000001544,53,407,354,1535747,182,1,1/407,1/354,182,1,1/407,1/354,,0,0/407,0/354,1:1,22:0,22:0,{},{}
240000003584,OLD_CONTROL_MOD_120,240000001544,53,407,354,1787603,183,1,1/407,1/354,183,1,1/407,1/354,,0,0/407,0/354,1:1,2:0,2:0,{},{}
240000003584,OLD_CONTROL_MOD_120,240000001544,53,407,354,1794983,184,1,1/407,1/354,184,1,1/407,1/354,,0,0/407,0/354,1:1,8:2,8:2,{},{}
240000003584,OLD_CONTROL_MOD_120,240000001544,53,407,354,1898759,185,1,1/407,1/354,185,1,1/407,1/354,,0,0/407,0/354,1:1,20:4,20:4,{},{}
240000003584,OLD_CONTROL_MOD_120,240000001544,53,407,354,2020771,186,1,1/407,1/354,186,1,1/407,1/354,,0,0/407,0/354,1:1,18:10,18:10,{},{}
240000003584,OLD_CONTROL_MOD_120,240000001544,53,407,354,2045359,187,1,1/407,1/354,187,1,1/407,1/354,,0,0/407,0/354,1:1,4:13,4:13,{},{}
240000003584,OLD_CONTROL_MOD_120,240000001544,53,407,354,2522227,188,1,1/407,1/354,188,1,1/407,1/354,,0,0/407,0/354,1:1,0:6,0:6,{},{}
240000003584,OLD_CONTROL_MOD_120,240000001544,53,407,354,2894123,189,1,1/407,1/354,189,1,1/407,1/354,,0,0/407,0/354,1:1,8:9,8:9,{},{}
240000003584,OLD_CONTROL_MOD_120,240000001544,53,407,354,3580259,190,1,1/407,1/354,190,1,1/407,1/354,,0,0/407,0/354,1:1,22:16,22:16,{},{}
240000003584,OLD_CONTROL_MOD_120,240000001544,53,407,354,3784687,191,1,1/407,1/354,191,1,1/407,1/354,,0,0/407,0/354,1:1,2:15,2:15,{},{}
240000003584,OLD_CONTROL_MOD_120,240000001544,53,407,354,3972851,192,1,1/407,1/354,192,1,1/407,1/354,,0,0/407,0/354,1:1,10:6,10:6,{},{}
240000003584,OLD_CONTROL_MOD_120,240000001544,53,407,354,4347659,193,1,1/407,1/354,193,1,1/407,1/354,,0,0/407,0/354,1:1,12:2,12:2,{},{}
240000003584,OLD_CONTROL_MOD_120,240000001544,53,407,354,4576331,194,1,1/407,1/354,194,1,1/407,1/354,,0,0/407,0/354,1:1,23:5,23:5,{},{}
240000003584,OLD_CONTROL_MOD_120,240000001544,53,407,354,4607311,195,1,1/407,1/354,195,1,1/407,1/354,,0,0/407,0/354,1:1,14:8,14:8,{},{}
240000003584,OLD_CONTROL_MOD_120,240000001544,53,407,354,4960231,196,1,1/407,1/354,196,1,1/407,1/354,,0,0/407,0/354,1:1,21:4,21:4,{},{}
240000003584,OLD_CONTROL_MOD_120,240000001544,53,407,354,4998859,197,1,1/407,1/354,197,1,1/407,1/354,,0,0/407,0/354,1:1,14:2,14:2,{},{}
240000003584,OLD_CONTROL_MOD_120,240000001544,53,407,354,5933251,198,1,1/407,1/354,198,1,1/407,1/354,,0,0/407,0/354,1:1,2:4,2:4,{},{}
240000003584,OLD_CONTROL_MOD_120,240000001544,53,407,354,6004307,199,1,1/407,1/354,199,1,1/407,1/354,,0,0/407,0/354,1:1,9:13,9:13,{},{}
240000003584,OLD_CONTROL_MOD_120,240000001544,53,407,354,6225679,200,1,1/407,1/354,200,1,1/407,1/354,,0,0/407,0/354,1:1,2:7,2:7,{},{}
240000003584,OLD_CONTROL_MOD_120,240000001544,53,407,354,6545563,201,1,1/407,1/354,201,1,1/407,1/354,,0,0/407,0/354,1:1,0:8,0:8,{},{}
240000003584,OLD_CONTROL_MOD_120,240000001544,53,407,354,6914419,202,1,1/407,1/354,202,1,1/407,1/354,,0,0/407,0/354,1:1,15:2,15:2,{},{}
240000003584,OLD_CONTROL_MOD_120,240000001544,53,407,354,8179399,203,1,1/407,1/354,203,1,1/407,1/354,,0,0/407,0/354,1:1,0:7,0:7,{},{}
240000003584,OLD_CONTROL_MOD_120,240000001544,53,407,354,9454031,204,1,1/407,1/354,204,1,1/407,1/354,,0,0/407,0/354,1:1,8:15,8:15,{},{}
240000003584,OLD_CONTROL_MOD_120,240000001544,53,407,354,9474931,205,1,1/407,1/354,205,1,1/407,1/354,,0,0/407,0/354,1:1,6:4,6:4,{},{}
240000003584,OLD_CONTROL_MOD_120,240000001544,53,407,354,12281603,206,1,1/407,1/354,206,1,1/407,1/354,,0,0/407,0/354,1:1,18:12,18:12,{},{}
240000003584,OLD_CONTROL_MOD_120,240000001544,53,407,354,13046987,207,1,1/407,1/354,207,1,1/407,1/354,,0,0/407,0/354,1:1,7:15,7:15,{},{}
240000003584,OLD_CONTROL_MOD_120,240000001544,53,407,354,13330259,208,1,1/407,1/354,208,1,1/407,1/354,,0,0/407,0/354,1:1,22:8,22:8,{},{}
240000003584,OLD_CONTROL_MOD_120,240000001544,53,407,354,14412259,209,1,1/407,1/354,209,1,1/407,1/354,,0,0/407,0/354,1:1,15:14,15:14,{},{}
240000003584,OLD_CONTROL_MOD_120,240000001544,53,407,354,16842131,210,1,1/407,1/354,210,1,1/407,1/354,,0,0/407,0/354,1:1,4:15,4:15,{},{}
240000003584,OLD_CONTROL_MOD_120,240000001544,53,407,354,16880011,211,1,1/407,1/354,211,1,1/407,1/354,,0,0/407,0/354,1:1,8:4,8:4,{},{}
240000003584,OLD_CONTROL_MOD_120,240000001544,53,407,354,18635999,212,1,1/407,1/354,212,1,1/407,1/354,,0,0/407,0/354,1:1,18:14,18:14,{},{}
240000003584,OLD_CONTROL_MOD_120,240000001544,53,407,354,20194399,213,1,1/407,1/354,213,1,1/407,1/354,,0,0/407,0/354,1:1,5:10,5:10,{},{}
240000003584,OLD_CONTROL_MOD_120,240000001544,53,407,354,20960699,214,1,1/407,1/354,214,1,1/407,1/354,,0,0/407,0/354,1:1,2:2,2:2,{},{}
240000003584,OLD_CONTROL_MOD_120,240000001544,53,407,354,23434867,215,1,1/407,1/354,215,1,1/407,1/354,,0,0/407,0/354,1:1,10:16,10:16,{},{}
240000003584,OLD_CONTROL_MOD_120,240000001544,53,407,354,25062451,216,1,1/407,1/354,216,1,1/407,1/354,,0,0/407,0/354,1:1,9:9,9:9,{},{}
240000003584,OLD_CONTROL_MOD_120,240000001544,53,407,354,25901087,217,1,1/407,1/354,217,1,1/407,1/354,,0,0/407,0/354,1:1,12:0,12:0,{},{}
240000003584,OLD_CONTROL_MOD_120,240000001544,53,407,354,26548531,218,1,1/407,1/354,218,1,1/407,1/354,,0,0/407,0/354,1:1,15:16,15:16,{},{}
240000003584,OLD_CONTROL_MOD_120,240000001544,53,407,354,29213167,219,1,1/407,1/354,219,1,1/407,1/354,,0,0/407,0/354,1:1,16:5,16:5,{},{}
240000003584,OLD_CONTROL_MOD_120,240000001544,53,407,354,29761663,220,1,1/407,1/354,220,1,1/407,1/354,,0,0/407,0/354,1:1,3:9,3:9,{},{}
240000003584,OLD_CONTROL_MOD_120,240000001544,53,407,354,29765471,221,1,1/407,1/354,221,1,1/407,1/354,,0,0/407,0/354,1:1,23:12,23:12,{},{}
240000003584,OLD_CONTROL_MOD_120,240000001544,53,407,354,39857287,222,1,1/407,1/354,222,1,1/407,1/354,,0,0/407,0/354,1:1,20:7,20:7,{},{}
240000003584,OLD_CONTROL_MOD_120,240000001544,53,407,354,45861923,223,1,1/407,1/354,223,1,1/407,1/354,,0,0/407,0/354,1:1,13:11,13:11,{},{}
240000003584,OLD_CONTROL_MOD_120,240000001544,53,407,354,48289739,224,1,1/407,1/354,224,1,1/407,1/354,,0,0/407,0/354,1:1,6:2,6:2,{},{}
240000003584,OLD_CONTROL_MOD_120,240000001544,53,407,354,48458287,225,1,1/407,1/354,225,1,1/407,1/354,,0,0/407,0/354,1:1,21:16,21:16,{},{}
240000003584,OLD_CONTROL_MOD_120,240000001544,53,407,354,50804363,226,1,1/407,1/354,226,1,1/407,1/354,,0,0/407,0/354,1:1,11:6,11:6,{},{}
240000003584,OLD_CONTROL_MOD_120,240000001544,53,407,354,56645539,227,1,1/407,1/354,227,1,1/407,1/354,,0,0/407,0/354,1:1,18:9,18:9,{},{}
240000003584,OLD_CONTROL_MOD_120,240000001544,53,407,354,60564599,228,1,1/407,1/354,228,1,1/407,1/354,,0,0/407,0/354,1:1,16:6,16:6,{},{}
240000003584,OLD_CONTROL_MOD_120,240000001544,53,407,354,62976899,229,1,1/407,1/354,229,1,1/407,1/354,,0,0/407,0/354,1:1,11:16,11:16,{},{}
240000003584,OLD_CONTROL_MOD_120,240000001544,53,407,354,63931807,230,1,1/407,1/354,230,1,1/407,1/354,,0,0/407,0/354,1:1,4:2,4:2,{},{}
240000003584,OLD_CONTROL_MOD_120,240000001544,53,407,354,76759643,231,1,1/407,1/354,231,1,1/407,1/354,,0,0/407,0/354,1:1,12:11,12:11,{},{}
240000003584,OLD_CONTROL_MOD_120,240000001544,53,407,354,76775263,232,1,1/407,1/354,232,1,1/407,1/354,,0,0/407,0/354,1:1,12:1,12:1,{},{}
240000003584,OLD_CONTROL_MOD_120,240000001544,53,407,354,86189359,233,1,1/407,1/354,233,1,1/407,1/354,,0,0/407,0/354,1:1,1:11,1:11,{},{}
240000003584,OLD_CONTROL_MOD_120,240000001544,53,407,354,86830099,234,1,1/407,1/354,234,1,1/407,1/354,,0,0/407,0/354,1:1,13:6,13:6,{},{}
240000003584,OLD_CONTROL_MOD_120,240000001544,53,407,354,90678619,235,1,1/407,1/354,235,1,1/407,1/354,,0,0/407,0/354,1:1,13:12,13:12,{},{}
240000003584,OLD_CONTROL_MOD_120,240000001544,53,407,354,101199239,236,1,1/407,1/354,236,1,1/407,1/354,,0,0/407,0/354,1:1,6:15,6:15,{},{}
240000003584,OLD_CONTROL_MOD_120,240000001544,53,407,354,140305171,237,1,1/407,1/354,237,1,1/407,1/354,,0,0/407,0/354,1:1,21:8,21:8,{},{}
240000003584,OLD_CONTROL_MOD_120,240000001544,53,407,354,153256703,238,1,1/407,1/354,238,1,1/407,1/354,,0,0/407,0/354,1:1,8:3,8:3,{},{}
240000003584,OLD_CONTROL_MOD_120,240000001544,53,407,354,155641679,239,1,1/407,1/354,239,1,1/407,1/354,,0,0/407,0/354,1:1,12:5,12:5,{},{}
240000003584,OLD_CONTROL_MOD_120,240000001544,53,407,354,158720671,240,1,1/407,1/354,240,1,1/407,1/354,,0,0/407,0/354,1:1,15:3,15:3,{},{}
240000003584,OLD_CONTROL_MOD_120,240000001544,53,407,354,164308483,241,1,1/407,1/354,241,1,1/407,1/354,,0,0/407,0/354,1:1,1:16,1:16,{},{}
240000003584,OLD_CONTROL_MOD_120,240000001544,53,407,354,195121951,242,1,1/407,1/354,242,1,1/407,1/354,,0,0/407,0/354,1:1,6:5,6:5,{},{}
240000003584,OLD_CONTROL_MOD_120,240000001544,53,407,354,207819847,243,1,1/407,1/354,243,1,1/407,1/354,,0,0/407,0/354,1:1,9:15,9:15,{},{}
240000003584,OLD_CONTROL_MOD_120,240000001544,53,407,354,278352719,244,1,1/407,1/354,244,1,1/407,1/354,,0,0/407,0/354,1:1,23:0,23:0,{},{}
240000003584,OLD_CONTROL_MOD_120,240000001544,53,407,354,291918439,245,1,1/407,1/354,245,1,1/407,1/354,,0,0/407,0/354,1:1,16:1,16:1,{},{}
240000003584,OLD_CONTROL_MOD_120,240000001544,53,407,354,344827591,246,1,1/407,1/354,246,1,1/407,1/354,,0,0/407,0/354,1:1,5:1,5:1,{},{}
240000003584,OLD_CONTROL_MOD_120,240000001544,53,407,354,455431939,247,1,1/407,1/354,247,1,1/407,1/354,,0,0/407,0/354,1:1,21:9,21:9,{},{}
240000003584,OLD_CONTROL_MOD_120,240000001544,53,407,354,468194591,248,1,1/407,1/354,248,1,1/407,1/354,,0,0/407,0/354,1:1,10:13,10:13,{},{}
240000003584,OLD_CONTROL_MOD_120,240000001544,53,407,354,523766807,249,1,1/407,1/354,249,1,1/407,1/354,,0,0/407,0/354,1:1,19:7,19:7,{},{}
240000003584,OLD_CONTROL_MOD_120,240000001544,53,407,354,588235247,250,1,1/407,1/354,250,1,1/407,1/354,,0,0/407,0/354,1:1,9:5,9:5,{},{}
240000003584,OLD_CONTROL_MOD_120,240000001544,53,407,354,888888683,251,1,1/407,1/354,251,1,1/407,1/354,,0,0/407,0/354,1:1,10:3,10:3,{},{}
240000003584,OLD_CONTROL_MOD_120,240000001544,53,407,354,972625571,252,1,1/407,1/354,252,1,1/407,1/354,,0,0/407,0/354,1:1,21:6,21:6,{},{}
240000003584,OLD_CONTROL_MOD_120,240000001544,53,407,354,983565823,253,1,1/407,1/354,253,1,1/407,1/354,,0,0/407,0/354,1:1,11:10,11:10,{},{}
240000003584,OLD_CONTROL_MOD_120,240000001544,53,407,354,983606563,254,1,1/407,1/354,254,1,1/407,1/354,,0,0/407,0/354,1:1,7:2,7:2,{},{}
240000003584,OLD_CONTROL_MOD_120,240000001544,53,407,354,1249745603,255,1,1/407,1/354,255,1,1/407,1/354,,0,0/407,0/354,1:1,9:11,9:11,{},{}
240000003584,OLD_CONTROL_MOD_120,240000001544,53,407,354,1249999991,256,1,1/407,1/354,256,1,1/407,1/354,,0,0/407,0/354,1:1,7:5,7:5,{},{}
240000003584,OLD_CONTROL_MOD_120,240000001544,53,407,354,1600000019,257,1,1/407,1/354,257,1,1/407,1/354,,0,0/407,0/354,1:1,6:1,6:1,{},{}
240000003584,OLD_CONTROL_MOD_120,240000001544,53,407,354,1619972047,258,1,1/407,1/354,258,1,1/407,1/354,,0,0/407,0/354,1:1,1:12,1:12,{},{}
240000003584,OLD_CONTROL_MOD_120,240000001544,53,407,354,2884307551,259,1,1/407,1/354,259,1,1/407,1/354,,0,0/407,0/354,1:1,20:0,20:0,{},{}
240000003584,OLD_CONTROL_MOD_120,240000001544,53,407,354,2926185259,260,1,1/407,1/354,260,1,1/407,1/354,,0,0/407,0/354,1:1,16:10,16:10,{},{}
240000003584,OLD_CONTROL_MOD_120,240000001544,53,407,354,2926710139,261,1,1/407,1/354,261,1,1/407,1/354,,0,0/407,0/354,1:1,8:10,8:10,{},{}
240000003584,OLD_CONTROL_MOD_120,240000001544,53,407,354,3243243203,262,1,1/407,1/354,262,1,1/407,1/354,,0,0/407,0/354,1:1,8:0,8:0,{},{}
240000003584,OLD_CONTROL_MOD_120,240000001544,53,407,354,3529382627,263,1,1/407,1/354,263,1,1/407,1/354,,0,0/407,0/354,1:1,13:8,13:8,{},{}
240000003584,OLD_CONTROL_MOD_120,240000001544,53,407,354,4172183567,264,1,1/407,1/354,264,1,1/407,1/354,,0,0/407,0/354,1:1,22:10,22:10,{},{}
240000003584,OLD_CONTROL_MOD_120,240000001544,53,407,354,4443647347,265,1,1/407,1/354,265,1,1/407,1/354,,0,0/407,0/354,1:1,16:3,16:3,{},{}
240000003584,OLD_CONTROL_MOD_120,240000001544,53,407,354,4997308027,266,1,1/407,1/354,266,1,1/407,1/354,,0,0/407,0/354,1:1,17:7,17:7,{},{}
240000003584,OLD_CONTROL_MOD_120,240000001544,53,407,354,7946395999,267,1,1/407,1/354,267,1,1/407,1/354,,0,0/407,0/354,1:1,18:13,18:13,{},{}
240000003584,OLD_CONTROL_MOD_120,240000001544,53,407,354,7985458499,268,1,1/407,1/354,268,1,1/407,1/354,,0,0/407,0/354,1:1,18:11,18:11,{},{}
240000003584,OLD_CONTROL_MOD_120,240000001544,53,407,354,7999995547,269,1,1/407,1/354,269,1,1/407,1/354,,0,0/407,0/354,1:1,10:7,10:7,{},{}
240000003584,OLD_CONTROL_MOD_120,240000001544,53,407,354,8702469247,270,1,1/407,1/354,270,1,1/407,1/354,,0,0/407,0/354,1:1,18:16,18:16,{},{}
240000003584,OLD_CONTROL_MOD_120,240000001544,53,407,354,8741211223,271,1,1/407,1/354,271,1,1/407,1/354,,0,0/407,0/354,1:1,6:16,6:16,{},{}
240000003584,OLD_CONTROL_MOD_120,240000001544,53,407,354,9943756679,272,1,1/407,1/354,272,1,1/407,1/354,,0,0/407,0/354,1:1,17:13,17:13,{},{}
240000003584,OLD_CONTROL_MOD_120,240000001544,53,407,354,9999399023,273,1,1/407,1/354,273,1,1/407,1/354,,0,0/407,0/354,1:1,15:7,15:7,{},{}
240000003584,OLD_CONTROL_MOD_120,240000001544,53,407,354,9999996803,274,1,1/407,1/354,274,1,1/407,1/354,,0,0/407,0/354,1:1,7:7,7:7,{},{}
240000003584,OLD_CONTROL_MOD_120,240000001544,53,407,354,10000000019,275,1,1/407,1/354,275,1,1/407,1/354,,0,0/407,0/354,1:1,1:5,1:5,{},{}
240000003584,OLD_CONTROL_MOD_120,240000001544,53,407,354,21820743199,276,1,1/407,1/354,276,1,1/407,1/354,,0,0/407,0/354,1:1,17:16,17:16,{},{}
240000003584,OLD_CONTROL_MOD_120,240000001544,53,407,354,23975107999,277,1,1/407,1/354,277,1,1/407,1/354,,0,0/407,0/354,1:1,14:12,14:12,{},{}
240000003584,OLD_CONTROL_MOD_120,240000001544,53,407,354,23999017891,278,1,1/407,1/354,278,1,1/407,1/354,,0,0/407,0/354,1:1,10:10,10:10,{},{}
240000003584,OLD_CONTROL_MOD_120,240000001544,53,407,354,23999023723,279,1,1/407,1/354,279,1,1/407,1/354,,0,0/407,0/354,1:1,6:10,6:10,{},{}
240000003584,OLD_CONTROL_MOD_120,240000001544,53,407,354,39418869863,280,1,1/407,1/354,280,1,1/407,1/354,,0,0/407,0/354,1:1,20:1,20:1,{},{}
240000003584,OLD_CONTROL_MOD_120,240000001544,53,407,354,39991862563,281,1,1/407,1/354,281,1,1/407,1/354,,0,0/407,0/354,1:1,4:11,4:11,{},{}
240000003584,OLD_CONTROL_MOD_120,240000001544,53,407,354,39999899003,282,1,1/407,1/354,282,1,1/407,1/354,,0,0/407,0/354,1:1,12:7,12:7,{},{}
240000003584,OLD_CONTROL_MOD_120,240000001544,53,407,354,40000000583,283,1,1/407,1/354,283,1,1/407,1/354,,0,0/407,0/354,1:1,4:1,4:1,{},{}
240000003584,OLD_CONTROL_MOD_120,240000001544,53,407,354,43705790759,284,1,1/407,1/354,284,1,1/407,1/354,,0,0/407,0/354,1:1,12:16,12:16,{},{}
240000003584,OLD_CONTROL_MOD_120,240000001544,53,407,354,43706053199,285,1,1/407,1/354,285,1,1/407,1/354,,0,0/407,0/354,1:1,8:16,8:16,{},{}
240000003584,OLD_CONTROL_MOD_120,240000001544,53,407,354,43706056439,286,1,1/407,1/354,286,1,1/407,1/354,,0,0/407,0/354,1:1,4:16,4:16,{},{}
240000003584,OLD_CONTROL_MOD_120,240000001544,53,407,354,58474121443,287,1,1/407,1/354,287,1,1/407,1/354,,0,0/407,0/354,1:1,7:14,7:14,{},{}
240000003584,OLD_CONTROL_MOD_120,240000001544,53,407,354,59709431623,288,1,1/407,1/354,288,1,1/407,1/354,,0,0/407,0/354,1:1,19:6,19:6,{},{}
240000003584,OLD_CONTROL_MOD_120,240000001544,53,407,354,59993972263,289,1,1/407,1/354,289,1,1/407,1/354,,0,0/407,0/354,1:1,15:10,15:10,{},{}
240000003584,OLD_CONTROL_MOD_120,240000001544,53,407,354,116926720619,290,1,1/407,1/354,290,1,1/407,1/354,,0,0/407,0/354,1:1,16:14,16:14,{},{}
240000003584,OLD_CONTROL_MOD_120,240000001544,53,407,354,116948240699,291,1,1/407,1/354,291,1,1/407,1/354,,0,0/407,0/354,1:1,8:14,8:14,{},{}
240000003584,OLD_CONTROL_MOD_120,240000001544,53,407,354,118256414279,292,1,1/407,1/354,292,1,1/407,1/354,,0,0/407,0/354,1:1,20:8,20:8,{},{}
240000003584,OLD_CONTROL_MOD_120,240000001544,53,407,354,120000001439,293,1,1/407,1/354,293,1,1/407,1/354,,0,0/407,0/354,1:1,4:4,4:4,{},{}
240000009194,CORRECTED_CONTROL_MOD_360,240000005594,46,407,361,3,1,145,145/407,145/361,1,143,143/407,143/361,1,2,2/407,2/361,1:143;3:2,0:2;0:4;0:8;0:10;0:12;0:14;0:16;1:1;1:5;1:7;1:11;1:13;1:15;2:1;2:3;2:7;2:9;2:13;2:15;3:1;3:3;3:7;3:9;3:13;3:15;4:1;4:3;4:7;4:9;4:13;4:15;5:1;5:3;5:7;5:9;5:13;5:15;6:1;6:3;6:7;6:9;6:13;6:15;7:1;7:3;7:7;7:9;7:13;7:15;8:1;8:3;8:7;8:9;8:13;8:15;9:1;9:3;9:7;9:9;9:13;9:15;10:1;10:3;10:7;10:9;10:13;10:15;11:1;11:3;11:7;11:9;11:13;11:15;12:1;12:3;12:7;12:9;12:13;12:15;13:1;13:3;13:7;13:9;13:13;13:15;14:1;14:3;14:7;14:9;14:13;14:15;15:1;15:3;15:7;15:9;15:13;15:15;16:1;16:3;16:7;16:9;16:13;16:15;17:1;17:3;17:7;17:9;17:13;17:15;18:1;18:3;18:7;18:9;18:13;18:15;19:1;19:3;19:7;19:9;19:13;19:15;20:1;20:3;20:7;20:9;20:13;20:15;21:1;21:3;21:7;21:9;21:13;21:15;22:1;22:3;22:7;22:9;22:13;22:15;23:1;23:3;23:7;23:9;23:13;23:15,0:2;0:4;0:8;0:10;0:14;0:16;1:1;1:5;1:7;1:11;1:13;2:1;2:3;2:7;2:9;2:13;2:15;3:1;3:3;3:7;3:9;3:13;3:15;4:1;4:3;4:7;4:9;4:13;4:15;5:1;5:3;5:7;5:9;5:13;5:15;6:1;6:3;6:7;6:9;6:13;6:15;7:1;7:3;7:7;7:9;7:13;7:15;8:1;8:3;8:7;8:9;8:13;8:15;9:1;9:3;9:7;9:9;9:13;9:15;10:1;10:3;10:7;10:9;10:13;10:15;11:1;11:3;11:7;11:9;11:13;11:15;12:1;12:3;12:7;12:9;12:13;12:15;13:1;13:3;13:7;13:9;13:13;13:15;14:1;14:3;14:7;14:9;14:13;14:15;15:1;15:3;15:7;15:9;15:13;15:15;16:1;16:3;16:7;16:9;16:13;16:15;17:1;17:3;17:7;17:9;17:13;17:15;18:1;18:3;18:7;18:9;18:13;18:15;19:1;19:3;19:7;19:9;19:13;19:15;20:1;20:3;20:7;20:9;20:13;20:15;21:1;21:3;21:7;21:9;21:13;21:15;22:1;22:3;22:7;22:9;22:13;22:15;23:1;23:3;23:7;23:9;23:13;23:15,"{""3"":[[0,12],[1,15]]}","{""3"":""81""}"
240000009194,CORRECTED_CONTROL_MOD_360,240000005594,46,407,361,7,2,49,49/407,49/361,2,48,48/407,48/361,2,1,1/407,1/361,1:48;3:1,1:1;1:7;1:13;2:3;2:9;2:15;3:10;3:16;4:2;4:8;4:14;5:5;7:1;7:7;7:13;8:3;8:9;8:15;9:4;9:10;9:16;10:2;10:8;10:14;11:5;11:11;13:7;13:13;14:3;14:15;15:4;15:16;16:2;16:8;16:14;17:11;19:1;19:7;19:13;20:3;20:9;20:15;21:4;21:10;21:16;22:2;22:8;23:5;23:11,1:1;1:7;1:13;2:3;2:9;2:15;3:10;3:16;4:2;4:8;4:14;5:5;7:1;7:7;8:3;8:9;8:15;9:4;9:10;9:16;10:2;10:8;10:14;11:5;11:11;13:7;13:13;14:3;14:15;15:4;15:16;16:2;16:8;16:14;17:11;19:1;19:7;19:13;20:3;20:9;20:15;21:4;21:10;21:16;22:2;22:8;23:5;23:11,"{""3"":[[7,13]]}","{""3"":""2401""}"
240000009194,CORRECTED_CONTROL_MOD_360,240000005594,46,407,361,19,3,18,18/407,18/361,3,18,18/407,18/361,,0,0/407,0/361,1:18,3:7;3:16;5:5;5:14;6:4;6:13;9:2;9:11;14:0;14:9;16:6;16:15;17:3;17:12;18:8;21:16;23:5;23:14,3:7;3:16;5:5;5:14;6:4;6:13;9:2;9:11;14:0;14:9;16:6;16:15;17:3;17:12;18:8;21:16;23:5;23:14,{},{}
240000009194,CORRECTED_CONTROL_MOD_360,240000005594,46,407,361,23,4,17,17/407,17/361,4,17,17/407,17/361,,0,0/407,0/361,1:17,0:10;2:0;4:13;5:5;6:7;7:6;8:4;10:2;11:10;13:0;15:13;16:5;17:7;18:6;19:4;21:2;22:10,0:10;2:0;4:13;5:5;6:7;7:6;8:4;10:2;11:10;13:0;15:13;16:5;17:7;18:6;19:4;21:2;22:10,{},{}
240000009194,CORRECTED_CONTROL_MOD_360,240000005594,46,407,361,31,5,17,17/407,17/361,5,17,17/407,17/361,,0,0/407,0/361,1:17,2:1;2:4;2:7;2:10;2:13;2:16;8:2;8:5;8:8;8:11;8:14;11:0;11:3;11:6;11:9;11:12;11:15,2:1;2:4;2:7;2:10;2:13;2:16;8:2;8:5;8:8;8:11;8:14;11:0;11:3;11:6;11:9;11:12;11:15,{},{}
240000009194,CORRECTED_CONTROL_MOD_360,240000005594,46,407,361,43,6,12,12/407,12/361,6,12,12/407,12/361,,0,0/407,0/361,1:12,1:2;3:0;4:13;7:11;9:3;11:12;12:10;13:6;16:1;18:14;21:5;23:7,1:2;3:0;4:13;7:11;9:3;11:12;12:10;13:6;16:1;18:14;21:5;23:7,{},{}
240000009194,CORRECTED_CONTROL_MOD_360,240000005594,46,407,361,79,7,9,9/407,9/361,7,9,9/407,9/361,,0,0/407,0/361,1:9,0:4;3:3;11:5;13:8;14:0;17:2;18:9;19:14;22:15,0:4;3:3;11:5;13:8;14:0;17:2;18:9;19:14;22:15,{},{}
240000009194,CORRECTED_CONTROL_MOD_360,240000005594,46,407,361,47,8,7,7/407,7/361,8,7,7/407,7/361,,0,0/407,0/361,1:7,1:11;5:8;11:10;13:14;15:6;16:3;17:4,1:11;5:8;11:10;13:14;15:6;16:3;17:4,{},{}
240000009194,CORRECTED_CONTROL_MOD_360,240000005594,46,407,361,83,9,6,6/407,6/361,9,6,6/407,6/361,,0,0/407,0/361,1:6,3:3;8:16;11:4;17:6;19:9;22:2,3:3;8:16;11:4;17:6;19:9;22:2,{},{}
240000009194,CORRECTED_CONTROL_MOD_360,240000005594,46,407,361,167,10,6,6/407,6/361,10,6,6/407,6/361,,0,0/407,0/361,1:6,0:13;4:8;11:10;13:5;21:1;23:7,0:13;4:8;11:10;13:5;21:1;23:7,{},{}
240000009194,CORRECTED_CONTROL_MOD_360,240000005594,46,407,361,67,11,5,5/407,5/361,11,5,5/407,5/361,,0,0/407,0/361,1:5,2:4;10:14;13:10;14:3;15:15,2:4;10:14;13:10;14:3;15:15,{},{}
240000009194,CORRECTED_CONTROL_MOD_360,240000005594,46,407,361,103,12,4,4/407,4/361,12,4,4/407,4/361,,0,0/407,0/361,1:4,3:9;14:1;16:16;17:13,3:9;14:1;16:16;17:13,{},{}
240000009194,CORRECTED_CONTROL_MOD_360,240000005594,46,407,361,107,13,4,4/407,4/361,13,4,4/407,4/361,,0,0/407,0/361,1:4,1:14;2:1;20:6;22:5,1:14;2:1;20:6;22:5,{},{}
240000009194,CORRECTED_CONTROL_MOD_360,240000005594,46,407,361,127,14,4,4/407,4/361,14,4,4/407,4/361,,0,0/407,0/361,1:4,5:0;9:9;13:2;14:15,5:0;9:9;13:2;14:15,{},{}
240000009194,CORRECTED_CONTROL_MOD_360,240000005594,46,407,361,71,15,3,3/407,3/361,15,3,3/407,3/361,,0,0/407,0/361,1:3,15:2;15:7;15:12,15:2;15:7;15:12,{},{}
240000009194,CORRECTED_CONTROL_MOD_360,240000005594,46,407,361,139,16,3,3/407,3/361,16,3,3/407,3/361,,0,0/407,0/361,1:3,17:9;22:6;23:13,17:9;22:6;23:13,{},{}
240000009194,CORRECTED_CONTROL_MOD_360,240000005594,46,407,361,211,17,3,3/407,3/361,17,3,3/407,3/361,,0,0/407,0/361,1:3,6:16;9:10;19:15,6:16;9:10;19:15,{},{}
240000009194,CORRECTED_CONTROL_MOD_360,240000005594,46,407,361,271,18,3,3/407,3/361,18,3,3/407,3/361,,0,0/407,0/361,1:3,1:0;3:12;15:1,1:0;3:12;15:1,{},{}
240000009194,CORRECTED_CONTROL_MOD_360,240000005594,46,407,361,307,19,3,3/407,3/361,19,3,3/407,3/361,,0,0/407,0/361,1:3,7:7;20:16;22:8,7:7;20:16;22:8,{},{}
240000009194,CORRECTED_CONTROL_MOD_360,240000005594,46,407,361,151,20,2,2/407,2/361,20,2,2/407,2/361,,0,0/407,0/361,1:2,0:15;12:8,0:15;12:8,{},{}
240000009194,CORRECTED_CONTROL_MOD_360,240000005594,46,407,361,367,21,2,2/407,2/361,21,2,2/407,2/361,,0,0/407,0/361,1:2,5:2;12:11,5:2;12:11,{},{}
240000009194,CORRECTED_CONTROL_MOD_360,240000005594,46,407,361,379,22,2,2/407,2/361,22,2,2/407,2/361,,0,0/407,0/361,1:2,2:10;20:0,2:10;20:0,{},{}
240000009194,CORRECTED_CONTROL_MOD_360,240000005594,46,407,361,419,23,2,2/407,2/361,23,2,2/407,2/361,,0,0/407,0/361,1:2,7:4;17:3,7:4;17:3,{},{}
240000009194,CORRECTED_CONTROL_MOD_360,240000005594,46,407,361,479,24,2,2/407,2/361,24,2,2/407,2/361,,0,0/407,0/361,1:2,1:5;12:15,1:5;12:15,{},{}
240000009194,CORRECTED_CONTROL_MOD_360,240000005594,46,407,361,571,25,2,2/407,2/361,25,2,2/407,2/361,,0,0/407,0/361,1:2,5:15;15:4,5:15;15:4,{},{}
240000009194,CORRECTED_CONTROL_MOD_360,240000005594,46,407,361,631,26,2,2/407,2/361,26,2,2/407,2/361,,0,0/407,0/361,1:2,11:6;20:15,11:6;20:15,{},{}
240000009194,CORRECTED_CONTROL_MOD_360,240000005594,46,407,361,647,27,2,2/407,2/361,27,2,2/407,2/361,,0,0/407,0/361,1:2,7:15;18:0,7:15;18:0,{},{}
240000009194,CORRECTED_CONTROL_MOD_360,240000005594,46,407,361,787,28,2,2/407,2/361,28,2,2/407,2/361,,0,0/407,0/361,1:2,10:5;20:7,10:5;20:7,{},{}
240000009194,CORRECTED_CONTROL_MOD_360,240000005594,46,407,361,859,29,2,2/407,2/361,29,2,2/407,2/361,,0,0/407,0/361,1:2,0:5;8:0,0:5;8:0,{},{}
240000009194,CORRECTED_CONTROL_MOD_360,240000005594,46,407,361,131,30,1,1/407,1/361,30,1,1/407,1/361,,0,0/407,0/361,1:1,7:2,7:2,{},{}
240000009194,CORRECTED_CONTROL_MOD_360,240000005594,46,407,361,179,31,1,1/407,1/361,31,1,1/407,1/361,,0,0/407,0/361,1:1,0:8,0:8,{},{}
240000009194,CORRECTED_CONTROL_MOD_360,240000005594,46,407,361,191,32,1,1/407,1/361,32,1,1/407,1/361,,0,0/407,0/361,1:1,14:7,14:7,{},{}
240000009194,CORRECTED_CONTROL_MOD_360,240000005594,46,407,361,199,33,1,1/407,1/361,33,1,1/407,1/361,,0,0/407,0/361,1:1,1:8,1:8,{},{}
240000009194,CORRECTED_CONTROL_MOD_360,240000005594,46,407,361,223,34,1,1/407,1/361,34,1,1/407,1/361,,0,0/407,0/361,1:1,2:13,2:13,{},{}
240000009194,CORRECTED_CONTROL_MOD_360,240000005594,46,407,361,239,35,1,1/407,1/361,35,1,1/407,1/361,,0,0/407,0/361,1:1,0:7,0:7,{},{}
240000009194,CORRECTED_CONTROL_MOD_360,240000005594,46,407,361,263,36,1,1/407,1/361,36,1,1/407,1/361,,0,0/407,0/361,1:1,13:6,13:6,{},{}
240000009194,CORRECTED_CONTROL_MOD_360,240000005594,46,407,361,311,37,1,1/407,1/361,37,1,1/407,1/361,,0,0/407,0/361,1:1,1:11,1:11,{},{}
240000009194,CORRECTED_CONTROL_MOD_360,240000005594,46,407,361,347,38,1,1/407,1/361,38,1,1/407,1/361,,0,0/407,0/361,1:1,19:16,19:16,{},{}
240000009194,CORRECTED_CONTROL_MOD_360,240000005594,46,407,361,359,39,1,1/407,1/361,39,1,1/407,1/361,,0,0/407,0/361,1:1,6:9,6:9,{},{}
240000009194,CORRECTED_CONTROL_MOD_360,240000005594,46,407,361,431,40,1,1/407,1/361,40,1,1/407,1/361,,0,0/407,0/361,1:1,18:4,18:4,{},{}
240000009194,CORRECTED_CONTROL_MOD_360,240000005594,46,407,361,439,41,1,1/407,1/361,41,1,1/407,1/361,,0,0/407,0/361,1:1,10:10,10:10,{},{}
240000009194,CORRECTED_CONTROL_MOD_360,240000005594,46,407,361,463,42,1,1/407,1/361,42,1,1/407,1/361,,0,0/407,0/361,1:1,17:7,17:7,{},{}
240000009194,CORRECTED_CONTROL_MOD_360,240000005594,46,407,361,467,43,1,1/407,1/361,43,1,1/407,1/361,,0,0/407,0/361,1:1,4:12,4:12,{},{}
240000009194,CORRECTED_CONTROL_MOD_360,240000005594,46,407,361,487,44,1,1/407,1/361,44,1,1/407,1/361,,0,0/407,0/361,1:1,8:11,8:11,{},{}
240000009194,CORRECTED_CONTROL_MOD_360,240000005594,46,407,361,503,45,1,1/407,1/361,45,1,1/407,1/361,,0,0/407,0/361,1:1,11:12,11:12,{},{}
240000009194,CORRECTED_CONTROL_MOD_360,240000005594,46,407,361,523,46,1,1/407,1/361,46,1,1/407,1/361,,0,0/407,0/361,1:1,15:4,15:4,{},{}
240000009194,CORRECTED_CONTROL_MOD_360,240000005594,46,407,361,563,47,1,1/407,1/361,47,1,1/407,1/361,,0,0/407,0/361,1:1,15:2,15:2,{},{}
240000009194,CORRECTED_CONTROL_MOD_360,240000005594,46,407,361,599,48,1,1/407,1/361,48,1,1/407,1/361,,0,0/407,0/361,1:1,19:9,19:9,{},{}
240000009194,CORRECTED_CONTROL_MOD_360,240000005594,46,407,361,607,49,1,1/407,1/361,49,1,1/407,1/361,,0,0/407,0/361,1:1,15:1,15:1,{},{}
240000009194,CORRECTED_CONTROL_MOD_360,240000005594,46,407,361,659,50,1,1/407,1/361,50,1,1/407,1/361,,0,0/407,0/361,1:1,17:1,17:1,{},{}
240000009194,CORRECTED_CONTROL_MOD_360,240000005594,46,407,361,691,51,1,1/407,1/361,51,1,1/407,1/361,,0,0/407,0/361,1:1,21:12,21:12,{},{}
240000009194,CORRECTED_CONTROL_MOD_360,240000005594,46,407,361,719,52,1,1/407,1/361,52,1,1/407,1/361,,0,0/407,0/361,1:1,4:4,4:4,{},{}
240000009194,CORRECTED_CONTROL_MOD_360,240000005594,46,407,361,743,53,1,1/407,1/361,53,1,1/407,1/361,,0,0/407,0/361,1:1,23:12,23:12,{},{}
240000009194,CORRECTED_CONTROL_MOD_360,240000005594,46,407,361,751,54,1,1/407,1/361,54,1,1/407,1/361,,0,0/407,0/361,1:1,5:12,5:12,{},{}
240000009194,CORRECTED_CONTROL_MOD_360,240000005594,46,407,361,811,55,1,1/407,1/361,55,1,1/407,1/361,,0,0/407,0/361,1:1,2:4,2:4,{},{}
240000009194,CORRECTED_CONTROL_MOD_360,240000005594,46,407,361,883,56,1,1/407,1/361,56,1,1/407,1/361,,0,0/407,0/361,1:1,20:4,20:4,{},{}
240000009194,CORRECTED_CONTROL_MOD_360,240000005594,46,407,361,947,57,1,1/407,1/361,57,1,1/407,1/361,,0,0/407,0/361,1:1,16:1,16:1,{},{}
240000009194,CORRECTED_CONTROL_MOD_360,240000005594,46,407,361,971,58,1,1/407,1/361,58,1,1/407,1/361,,0,0/407,0/361,1:1,16:10,16:10,{},{}
240000009194,CORRECTED_CONTROL_MOD_360,240000005594,46,407,361,983,59,1,1/407,1/361,59,1,1/407,1/361,,0,0/407,0/361,1:1,14:5,14:5,{},{}
240000009194,CORRECTED_CONTROL_MOD_360,240000005594,46,407,361,1019,60,1,1/407,1/361,60,1,1/407,1/361,,0,0/407,0/361,1:1,12:2,12:2,{},{}
240000009194,CORRECTED_CONTROL_MOD_360,240000005594,46,407,361,1063,61,1,1/407,1/361,61,1,1/407,1/361,,0,0/407,0/361,1:1,9:7,9:7,{},{}
240000009194,CORRECTED_CONTROL_MOD_360,240000005594,46,407,361,1087,62,1,1/407,1/361,62,1,1/407,1/361,,0,0/407,0/361,1:1,2:9,2:9,{},{}
240000009194,CORRECTED_CONTROL_MOD_360,240000005594,46,407,361,1151,63,1,1/407,1/361,63,1,1/407,1/361,,0,0/407,0/361,1:1,6:5,6:5,{},{}
240000009194,CORRECTED_CONTROL_MOD_360,240000005594,46,407,361,1283,64,1,1/407,1/361,64,1,1/407,1/361,,0,0/407,0/361,1:1,8:4,8:4,{},{}
240000009194,CORRECTED_CONTROL_MOD_360,240000005594,46,407,361,1303,65,1,1/407,1/361,65,1,1/407,1/361,,0,0/407,0/361,1:1,9:7,9:7,{},{}
240000009194,CORRECTED_CONTROL_MOD_360,240000005594,46,407,361,1307,66,1,1/407,1/361,66,1,1/407,1/361,,0,0/407,0/361,1:1,20:0,20:0,{},{}
240000009194,CORRECTED_CONTROL_MOD_360,240000005594,46,407,361,1327,67,1,1/407,1/361,67,1,1/407,1/361,,0,0/407,0/361,1:1,22:14,22:14,{},{}
240000009194,CORRECTED_CONTROL_MOD_360,240000005594,46,407,361,1367,68,1,1/407,1/361,68,1,1/407,1/361,,0,0/407,0/361,1:1,23:1,23:1,{},{}
240000009194,CORRECTED_CONTROL_MOD_360,240000005594,46,407,361,1427,69,1,1/407,1/361,69,1,1/407,1/361,,0,0/407,0/361,1:1,23:9,23:9,{},{}
240000009194,CORRECTED_CONTROL_MOD_360,240000005594,46,407,361,1439,70,1,1/407,1/361,70,1,1/407,1/361,,0,0/407,0/361,1:1,4:5,4:5,{},{}
240000009194,CORRECTED_CONTROL_MOD_360,240000005594,46,407,361,1471,71,1,1/407,1/361,71,1,1/407,1/361,,0,0/407,0/361,1:1,3:16,3:16,{},{}
240000009194,CORRECTED_CONTROL_MOD_360,240000005594,46,407,361,1487,72,1,1/407,1/361,72,1,1/407,1/361,,0,0/407,0/361,1:1,18:15,18:15,{},{}
240000009194,CORRECTED_CONTROL_MOD_360,240000005594,46,407,361,1499,73,1,1/407,1/361,73,1,1/407,1/361,,0,0/407,0/361,1:1,7:15,7:15,{},{}
240000009194,CORRECTED_CONTROL_MOD_360,240000005594,46,407,361,1511,74,1,1/407,1/361,74,1,1/407,1/361,,0,0/407,0/361,1:1,9:12,9:12,{},{}
240000009194,CORRECTED_CONTROL_MOD_360,240000005594,46,407,361,1571,75,1,1/407,1/361,75,1,1/407,1/361,,0,0/407,0/361,1:1,13:5,13:5,{},{}
240000009194,CORRECTED_CONTROL_MOD_360,240000005594,46,407,361,1583,76,1,1/407,1/361,76,1,1/407,1/361,,0,0/407,0/361,1:1,17:6,17:6,{},{}
240000009194,CORRECTED_CONTROL_MOD_360,240000005594,46,407,361,1663,77,1,1/407,1/361,77,1,1/407,1/361,,0,0/407,0/361,1:1,5:5,5:5,{},{}
240000009194,CORRECTED_CONTROL_MOD_360,240000005594,46,407,361,1907,78,1,1/407,1/361,78,1,1/407,1/361,,0,0/407,0/361,1:1,6:6,6:6,{},{}
240000009194,CORRECTED_CONTROL_MOD_360,240000005594,46,407,361,1931,79,1,1/407,1/361,79,1,1/407,1/361,,0,0/407,0/361,1:1,19:4,19:4,{},{}
240000009194,CORRECTED_CONTROL_MOD_360,240000005594,46,407,361,2039,80,1,1/407,1/361,80,1,1/407,1/361,,0,0/407,0/361,1:1,14:0,14:0,{},{}
240000009194,CORRECTED_CONTROL_MOD_360,240000005594,46,407,361,2083,81,1,1/407,1/361,81,1,1/407,1/361,,0,0/407,0/361,1:1,22:4,22:4,{},{}
240000009194,CORRECTED_CONTROL_MOD_360,240000005594,46,407,361,2111,82,1,1/407,1/361,82,1,1/407,1/361,,0,0/407,0/361,1:1,6:13,6:13,{},{}
240000009194,CORRECTED_CONTROL_MOD_360,240000005594,46,407,361,2143,83,1,1/407,1/361,83,1,1/407,1/361,,0,0/407,0/361,1:1,11:5,11:5,{},{}
240000009194,CORRECTED_CONTROL_MOD_360,240000005594,46,407,361,2243,84,1,1/407,1/361,84,1,1/407,1/361,,0,0/407,0/361,1:1,22:8,22:8,{},{}
240000009194,CORRECTED_CONTROL_MOD_360,240000005594,46,407,361,2371,85,1,1/407,1/361,85,1,1/407,1/361,,0,0/407,0/361,1:1,18:14,18:14,{},{}
240000009194,CORRECTED_CONTROL_MOD_360,240000005594,46,407,361,2579,86,1,1/407,1/361,86,1,1/407,1/361,,0,0/407,0/361,1:1,16:16,16:16,{},{}
240000009194,CORRECTED_CONTROL_MOD_360,240000005594,46,407,361,2671,87,1,1/407,1/361,87,1,1/407,1/361,,0,0/407,0/361,1:1,14:2,14:2,{},{}
240000009194,CORRECTED_CONTROL_MOD_360,240000005594,46,407,361,2803,88,1,1/407,1/361,88,1,1/407,1/361,,0,0/407,0/361,1:1,13:12,13:12,{},{}
240000009194,CORRECTED_CONTROL_MOD_360,240000005594,46,407,361,2819,89,1,1/407,1/361,89,1,1/407,1/361,,0,0/407,0/361,1:1,9:16,9:16,{},{}
240000009194,CORRECTED_CONTROL_MOD_360,240000005594,46,407,361,3187,90,1,1/407,1/361,90,1,1/407,1/361,,0,0/407,0/361,1:1,15:6,15:6,{},{}
240000009194,CORRECTED_CONTROL_MOD_360,240000005594,46,407,361,3347,91,1,1/407,1/361,91,1,1/407,1/361,,0,0/407,0/361,1:1,20:3,20:3,{},{}
240000009194,CORRECTED_CONTROL_MOD_360,240000005594,46,407,361,3371,92,1,1/407,1/361,92,1,1/407,1/361,,0,0/407,0/361,1:1,14:15,14:15,{},{}
240000009194,CORRECTED_CONTROL_MOD_360,240000005594,46,407,361,3499,93,1,1/407,1/361,93,1,1/407,1/361,,0,0/407,0/361,1:1,11:2,11:2,{},{}
240000009194,CORRECTED_CONTROL_MOD_360,240000005594,46,407,361,4003,94,1,1/407,1/361,94,1,1/407,1/361,,0,0/407,0/361,1:1,4:1,4:1,{},{}
240000009194,CORRECTED_CONTROL_MOD_360,240000005594,46,407,361,4051,95,1,1/407,1/361,95,1,1/407,1/361,,0,0/407,0/361,1:1,23:3,23:3,{},{}
240000009194,CORRECTED_CONTROL_MOD_360,240000005594,46,407,361,4219,96,1,1/407,1/361,96,1,1/407,1/361,,0,0/407,0/361,1:1,20:2,20:2,{},{}
240000009194,CORRECTED_CONTROL_MOD_360,240000005594,46,407,361,4523,97,1,1/407,1/361,97,1,1/407,1/361,,0,0/407,0/361,1:1,19:0,19:0,{},{}
240000009194,CORRECTED_CONTROL_MOD_360,240000005594,46,407,361,4591,98,1,1/407,1/361,98,1,1/407,1/361,,0,0/407,0/361,1:1,20:0,20:0,{},{}
240000009194,CORRECTED_CONTROL_MOD_360,240000005594,46,407,361,4603,99,1,1/407,1/361,99,1,1/407,1/361,,0,0/407,0/361,1:1,15:12,15:12,{},{}
240000009194,CORRECTED_CONTROL_MOD_360,240000005594,46,407,361,4751,100,1,1/407,1/361,100,1,1/407,1/361,,0,0/407,0/361,1:1,15:5,15:5,{},{}
240000009194,CORRECTED_CONTROL_MOD_360,240000005594,46,407,361,4951,101,1,1/407,1/361,101,1,1/407,1/361,,0,0/407,0/361,1:1,12:15,12:15,{},{}
240000009194,CORRECTED_CONTROL_MOD_360,240000005594,46,407,361,5023,102,1,1/407,1/361,102,1,1/407,1/361,,0,0/407,0/361,1:1,8:7,8:7,{},{}
240000009194,CORRECTED_CONTROL_MOD_360,240000005594,46,407,361,5179,103,1,1/407,1/361,103,1,1/407,1/361,,0,0/407,0/361,1:1,21:9,21:9,{},{}
240000009194,CORRECTED_CONTROL_MOD_360,240000005594,46,407,361,5779,104,1,1/407,1/361,104,1,1/407,1/361,,0,0/407,0/361,1:1,3:1,3:1,{},{}
240000009194,CORRECTED_CONTROL_MOD_360,240000005594,46,407,361,6263,105,1,1/407,1/361,105,1,1/407,1/361,,0,0/407,0/361,1:1,0:10,0:10,{},{}
240000009194,CORRECTED_CONTROL_MOD_360,240000005594,46,407,361,7727,106,1,1/407,1/361,106,1,1/407,1/361,,0,0/407,0/361,1:1,9:5,9:5,{},{}
240000009194,CORRECTED_CONTROL_MOD_360,240000005594,46,407,361,8087,107,1,1/407,1/361,107,1,1/407,1/361,,0,0/407,0/361,1:1,10:16,10:16,{},{}
240000009194,CORRECTED_CONTROL_MOD_360,240000005594,46,407,361,8747,108,1,1/407,1/361,108,1,1/407,1/361,,0,0/407,0/361,1:1,1:6,1:6,{},{}
240000009194,CORRECTED_CONTROL_MOD_360,240000005594,46,407,361,8867,109,1,1/407,1/361,109,1,1/407,1/361,,0,0/407,0/361,1:1,18:9,18:9,{},{}
240000009194,CORRECTED_CONTROL_MOD_360,240000005594,46,407,361,8951,110,1,1/407,1/361,110,1,1/407,1/361,,0,0/407,0/361,1:1,5:16,5:16,{},{}
240000009194,CORRECTED_CONTROL_MOD_360,240000005594,46,407,361,9463,111,1,1/407,1/361,111,1,1/407,1/361,,0,0/407,0/361,1:1,21:11,21:11,{},{}
240000009194,CORRECTED_CONTROL_MOD_360,240000005594,46,407,361,9467,112,1,1/407,1/361,112,1,1/407,1/361,,0,0/407,0/361,1:1,5:13,5:13,{},{}
240000009194,CORRECTED_CONTROL_MOD_360,240000005594,46,407,361,9887,113,1,1/407,1/361,113,1,1/407,1/361,,0,0/407,0/361,1:1,19:2,19:2,{},{}
240000009194,CORRECTED_CONTROL_MOD_360,240000005594,46,407,361,10639,114,1,1/407,1/361,114,1,1/407,1/361,,0,0/407,0/361,1:1,0:2,0:2,{},{}
240000009194,CORRECTED_CONTROL_MOD_360,240000005594,46,407,361,11243,115,1,1/407,1/361,115,1,1/407,1/361,,0,0/407,0/361,1:1,9:16,9:16,{},{}
240000009194,CORRECTED_CONTROL_MOD_360,240000005594,46,407,361,11251,116,1,1/407,1/361,116,1,1/407,1/361,,0,0/407,0/361,1:1,11:5,11:5,{},{}
240000009194,CORRECTED_CONTROL_MOD_360,240000005594,46,407,361,11351,117,1,1/407,1/361,117,1,1/407,1/361,,0,0/407,0/361,1:1,16:9,16:9,{},{}
240000009194,CORRECTED_CONTROL_MOD_360,240000005594,46,407,361,11923,118,1,1/407,1/361,118,1,1/407,1/361,,0,0/407,0/361,1:1,21:11,21:11,{},{}
240000009194,CORRECTED_CONTROL_MOD_360,240000005594,46,407,361,13151,119,1,1/407,1/361,119,1,1/407,1/361,,0,0/407,0/361,1:1,15:14,15:14,{},{}
240000009194,CORRECTED_CONTROL_MOD_360,240000005594,46,407,361,13903,120,1,1/407,1/361,120,1,1/407,1/361,,0,0/407,0/361,1:1,1:1,1:1,{},{}
240000009194,CORRECTED_CONTROL_MOD_360,240000005594,46,407,361,14303,121,1,1/407,1/361,121,1,1/407,1/361,,0,0/407,0/361,1:1,15:1,15:1,{},{}
240000009194,CORRECTED_CONTROL_MOD_360,240000005594,46,407,361,16487,122,1,1/407,1/361,122,1,1/407,1/361,,0,0/407,0/361,1:1,4:5,4:5,{},{}
240000009194,CORRECTED_CONTROL_MOD_360,240000005594,46,407,361,18371,123,1,1/407,1/361,123,1,1/407,1/361,,0,0/407,0/361,1:1,18:5,18:5,{},{}
240000009194,CORRECTED_CONTROL_MOD_360,240000005594,46,407,361,19991,124,1,1/407,1/361,124,1,1/407,1/361,,0,0/407,0/361,1:1,7:6,7:6,{},{}
240000009194,CORRECTED_CONTROL_MOD_360,240000005594,46,407,361,20287,125,1,1/407,1/361,125,1,1/407,1/361,,0,0/407,0/361,1:1,21:4,21:4,{},{}
240000009194,CORRECTED_CONTROL_MOD_360,240000005594,46,407,361,20807,126,1,1/407,1/361,126,1,1/407,1/361,,0,0/407,0/361,1:1,2:5,2:5,{},{}
240000009194,CORRECTED_CONTROL_MOD_360,240000005594,46,407,361,20983,127,1,1/407,1/361,127,1,1/407,1/361,,0,0/407,0/361,1:1,13:9,13:9,{},{}
240000009194,CORRECTED_CONTROL_MOD_360,240000005594,46,407,361,21383,128,1,1/407,1/361,128,1,1/407,1/361,,0,0/407,0/361,1:1,16:6,16:6,{},{}
240000009194,CORRECTED_CONTROL_MOD_360,240000005594,46,407,361,24671,129,1,1/407,1/361,129,1,1/407,1/361,,0,0/407,0/361,1:1,17:6,17:6,{},{}
240000009194,CORRECTED_CONTROL_MOD_360,240000005594,46,407,361,28879,130,1,1/407,1/361,130,1,1/407,1/361,,0,0/407,0/361,1:1,9:7,9:7,{},{}
240000009194,CORRECTED_CONTROL_MOD_360,240000005594,46,407,361,29191,131,1,1/407,1/361,131,1,1/407,1/361,,0,0/407,0/361,1:1,21:15,21:15,{},{}
240000009194,CORRECTED_CONTROL_MOD_360,240000005594,46,407,361,29327,132,1,1/407,1/361,132,1,1/407,1/361,,0,0/407,0/361,1:1,7:14,7:14,{},{}
240000009194,CORRECTED_CONTROL_MOD_360,240000005594,46,407,361,31531,133,1,1/407,1/361,133,1,1/407,1/361,,0,0/407,0/361,1:1,15:5,15:5,{},{}
240000009194,CORRECTED_CONTROL_MOD_360,240000005594,46,407,361,32707,134,1,1/407,1/361,134,1,1/407,1/361,,0,0/407,0/361,1:1,23:11,23:11,{},{}
240000009194,CORRECTED_CONTROL_MOD_360,240000005594,46,407,361,33223,135,1,1/407,1/361,135,1,1/407,1/361,,0,0/407,0/361,1:1,17:7,17:7,{},{}
240000009194,CORRECTED_CONTROL_MOD_360,240000005594,46,407,361,35591,136,1,1/407,1/361,136,1,1/407,1/361,,0,0/407,0/361,1:1,19:3,19:3,{},{}
240000009194,CORRECTED_CONTROL_MOD_360,240000005594,46,407,361,35999,137,1,1/407,1/361,137,1,1/407,1/361,,0,0/407,0/361,1:1,7:15,7:15,{},{}
240000009194,CORRECTED_CONTROL_MOD_360,240000005594,46,407,361,37691,138,1,1/407,1/361,138,1,1/407,1/361,,0,0/407,0/361,1:1,20:8,20:8,{},{}
240000009194,CORRECTED_CONTROL_MOD_360,240000005594,46,407,361,40819,139,1,1/407,1/361,139,1,1/407,1/361,,0,0/407,0/361,1:1,21:10,21:10,{},{}
240000009194,CORRECTED_CONTROL_MOD_360,240000005594,46,407,361,41603,140,1,1/407,1/361,140,1,1/407,1/361,,0,0/407,0/361,1:1,14:3,14:3,{},{}
240000009194,CORRECTED_CONTROL_MOD_360,240000005594,46,407,361,51503,141,1,1/407,1/361,141,1,1/407,1/361,,0,0/407,0/361,1:1,21:16,21:16,{},{}
240000009194,CORRECTED_CONTROL_MOD_360,240000005594,46,407,361,54163,142,1,1/407,1/361,142,1,1/407,1/361,,0,0/407,0/361,1:1,13:16,13:16,{},{}
240000009194,CORRECTED_CONTROL_MOD_360,240000005594,46,407,361,54979,143,1,1/407,1/361,143,1,1/407,1/361,,0,0/407,0/361,1:1,13:6,13:6,{},{}
240000009194,CORRECTED_CONTROL_MOD_360,240000005594,46,407,361,57259,144,1,1/407,1/361,144,1,1/407,1/361,,0,0/407,0/361,1:1,18:14,18:14,{},{}
240000009194,CORRECTED_CONTROL_MOD_360,240000005594,46,407,361,61487,145,1,1/407,1/361,145,1,1/407,1/361,,0,0/407,0/361,1:1,0:6,0:6,{},{}
240000009194,CORRECTED_CONTROL_MOD_360,240000005594,46,407,361,68927,146,1,1/407,1/361,146,1,1/407,1/361,,0,0/407,0/361,1:1,0:16,0:16,{},{}
240000009194,CORRECTED_CONTROL_MOD_360,240000005594,46,407,361,72671,147,1,1/407,1/361,147,1,1/407,1/361,,0,0/407,0/361,1:1,19:4,19:4,{},{}
240000009194,CORRECTED_CONTROL_MOD_360,240000005594,46,407,361,77863,148,1,1/407,1/361,148,1,1/407,1/361,,0,0/407,0/361,1:1,22:14,22:14,{},{}
240000009194,CORRECTED_CONTROL_MOD_360,240000005594,46,407,361,78203,149,1,1/407,1/361,149,1,1/407,1/361,,0,0/407,0/361,1:1,8:4,8:4,{},{}
240000009194,CORRECTED_CONTROL_MOD_360,240000005594,46,407,361,81131,150,1,1/407,1/361,150,1,1/407,1/361,,0,0/407,0/361,1:1,15:2,15:2,{},{}
240000009194,CORRECTED_CONTROL_MOD_360,240000005594,46,407,361,82567,151,1,1/407,1/361,151,1,1/407,1/361,,0,0/407,0/361,1:1,23:7,23:7,{},{}
240000009194,CORRECTED_CONTROL_MOD_360,240000005594,46,407,361,84239,152,1,1/407,1/361,152,1,1/407,1/361,,0,0/407,0/361,1:1,14:1,14:1,{},{}
240000009194,CORRECTED_CONTROL_MOD_360,240000005594,46,407,361,90031,153,1,1/407,1/361,153,1,1/407,1/361,,0,0/407,0/361,1:1,9:11,9:11,{},{}
240000009194,CORRECTED_CONTROL_MOD_360,240000005594,46,407,361,91939,154,1,1/407,1/361,154,1,1/407,1/361,,0,0/407,0/361,1:1,2:14,2:14,{},{}
240000009194,CORRECTED_CONTROL_MOD_360,240000005594,46,407,361,98779,155,1,1/407,1/361,155,1,1/407,1/361,,0,0/407,0/361,1:1,4:11,4:11,{},{}
240000009194,CORRECTED_CONTROL_MOD_360,240000005594,46,407,361,101503,156,1,1/407,1/361,156,1,1/407,1/361,,0,0/407,0/361,1:1,9:5,9:5,{},{}
240000009194,CORRECTED_CONTROL_MOD_360,240000005594,46,407,361,102587,157,1,1/407,1/361,157,1,1/407,1/361,,0,0/407,0/361,1:1,22:7,22:7,{},{}
240000009194,CORRECTED_CONTROL_MOD_360,240000005594,46,407,361,121447,158,1,1/407,1/361,158,1,1/407,1/361,,0,0/407,0/361,1:1,10:12,10:12,{},{}
240000009194,CORRECTED_CONTROL_MOD_360,240000005594,46,407,361,131959,159,1,1/407,1/361,159,1,1/407,1/361,,0,0/407,0/361,1:1,4:9,4:9,{},{}
240000009194,CORRECTED_CONTROL_MOD_360,240000005594,46,407,361,161591,160,1,1/407,1/361,160,1,1/407,1/361,,0,0/407,0/361,1:1,12:1,12:1,{},{}
240000009194,CORRECTED_CONTROL_MOD_360,240000005594,46,407,361,178567,161,1,1/407,1/361,161,1,1/407,1/361,,0,0/407,0/361,1:1,6:16,6:16,{},{}
240000009194,CORRECTED_CONTROL_MOD_360,240000005594,46,407,361,200971,162,1,1/407,1/361,162,1,1/407,1/361,,0,0/407,0/361,1:1,16:3,16:3,{},{}
240000009194,CORRECTED_CONTROL_MOD_360,240000005594,46,407,361,224047,163,1,1/407,1/361,163,1,1/407,1/361,,0,0/407,0/361,1:1,10:10,10:10,{},{}
240000009194,CORRECTED_CONTROL_MOD_360,240000005594,46,407,361,245851,164,1,1/407,1/361,164,1,1/407,1/361,,0,0/407,0/361,1:1,8:12,8:12,{},{}
240000009194,CORRECTED_CONTROL_MOD_360,240000005594,46,407,361,250807,165,1,1/407,1/361,165,1,1/407,1/361,,0,0/407,0/361,1:1,8:13,8:13,{},{}
240000009194,CORRECTED_CONTROL_MOD_360,240000005594,46,407,361,251347,166,1,1/407,1/361,166,1,1/407,1/361,,0,0/407,0/361,1:1,16:5,16:5,{},{}
240000009194,CORRECTED_CONTROL_MOD_360,240000005594,46,407,361,260987,167,1,1/407,1/361,167,1,1/407,1/361,,0,0/407,0/361,1:1,7:6,7:6,{},{}
240000009194,CORRECTED_CONTROL_MOD_360,240000005594,46,407,361,262819,168,1,1/407,1/361,168,1,1/407,1/361,,0,0/407,0/361,1:1,20:10,20:10,{},{}
240000009194,CORRECTED_CONTROL_MOD_360,240000005594,46,407,361,280031,169,1,1/407,1/361,169,1,1/407,1/361,,0,0/407,0/361,1:1,4:4,4:4,{},{}
240000009194,CORRECTED_CONTROL_MOD_360,240000005594,46,407,361,286411,170,1,1/407,1/361,170,1,1/407,1/361,,0,0/407,0/361,1:1,12:9,12:9,{},{}
240000009194,CORRECTED_CONTROL_MOD_360,240000005594,46,407,361,335519,171,1,1/407,1/361,171,1,1/407,1/361,,0,0/407,0/361,1:1,20:11,20:11,{},{}
240000009194,CORRECTED_CONTROL_MOD_360,240000005594,46,407,361,339727,172,1,1/407,1/361,172,1,1/407,1/361,,0,0/407,0/361,1:1,21:8,21:8,{},{}
240000009194,CORRECTED_CONTROL_MOD_360,240000005594,46,407,361,351779,173,1,1/407,1/361,173,1,1/407,1/361,,0,0/407,0/361,1:1,15:10,15:10,{},{}
240000009194,CORRECTED_CONTROL_MOD_360,240000005594,46,407,361,366787,174,1,1/407,1/361,174,1,1/407,1/361,,0,0/407,0/361,1:1,15:12,15:12,{},{}
240000009194,CORRECTED_CONTROL_MOD_360,240000005594,46,407,361,401651,175,1,1/407,1/361,175,1,1/407,1/361,,0,0/407,0/361,1:1,21:10,21:10,{},{}
240000009194,CORRECTED_CONTROL_MOD_360,240000005594,46,407,361,411011,176,1,1/407,1/361,176,1,1/407,1/361,,0,0/407,0/361,1:1,1:1,1:1,{},{}
240000009194,CORRECTED_CONTROL_MOD_360,240000005594,46,407,361,411347,177,1,1/407,1/361,177,1,1/407,1/361,,0,0/407,0/361,1:1,12:10,12:10,{},{}
240000009194,CORRECTED_CONTROL_MOD_360,240000005594,46,407,361,430303,178,1,1/407,1/361,178,1,1/407,1/361,,0,0/407,0/361,1:1,5:9,5:9,{},{}
240000009194,CORRECTED_CONTROL_MOD_360,240000005594,46,407,361,441499,179,1,1/407,1/361,179,1,1/407,1/361,,0,0/407,0/361,1:1,8:11,8:11,{},{}
240000009194,CORRECTED_CONTROL_MOD_360,240000005594,46,407,361,453983,180,1,1/407,1/361,180,1,1/407,1/361,,0,0/407,0/361,1:1,7:7,7:7,{},{}
240000009194,CORRECTED_CONTROL_MOD_360,240000005594,46,407,361,491059,181,1,1/407,1/361,181,1,1/407,1/361,,0,0/407,0/361,1:1,16:1,16:1,{},{}
240000009194,CORRECTED_CONTROL_MOD_360,240000005594,46,407,361,693779,182,1,1/407,1/361,182,1,1/407,1/361,,0,0/407,0/361,1:1,4:13,4:13,{},{}
240000009194,CORRECTED_CONTROL_MOD_360,240000005594,46,407,361,712319,183,1,1/407,1/361,183,1,1/407,1/361,,0,0/407,0/361,1:1,1:10,1:10,{},{}
240000009194,CORRECTED_CONTROL_MOD_360,240000005594,46,407,361,778963,184,1,1/407,1/361,184,1,1/407,1/361,,0,0/407,0/361,1:1,8:16,8:16,{},{}
240000009194,CORRECTED_CONTROL_MOD_360,240000005594,46,407,361,784307,185,1,1/407,1/361,185,1,1/407,1/361,,0,0/407,0/361,1:1,11:13,11:13,{},{}
240000009194,CORRECTED_CONTROL_MOD_360,240000005594,46,407,361,800651,186,1,1/407,1/361,186,1,1/407,1/361,,0,0/407,0/361,1:1,19:9,19:9,{},{}
240000009194,CORRECTED_CONTROL_MOD_360,240000005594,46,407,361,801079,187,1,1/407,1/361,187,1,1/407,1/361,,0,0/407,0/361,1:1,15:6,15:6,{},{}
240000009194,CORRECTED_CONTROL_MOD_360,240000005594,46,407,361,808187,188,1,1/407,1/361,188,1,1/407,1/361,,0,0/407,0/361,1:1,21:4,21:4,{},{}
240000009194,CORRECTED_CONTROL_MOD_360,240000005594,46,407,361,813383,189,1,1/407,1/361,189,1,1/407,1/361,,0,0/407,0/361,1:1,13:3,13:3,{},{}
240000009194,CORRECTED_CONTROL_MOD_360,240000005594,46,407,361,859267,190,1,1/407,1/361,190,1,1/407,1/361,,0,0/407,0/361,1:1,14:9,14:9,{},{}
240000009194,CORRECTED_CONTROL_MOD_360,240000005594,46,407,361,875923,191,1,1/407,1/361,191,1,1/407,1/361,,0,0/407,0/361,1:1,20:2,20:2,{},{}
240000009194,CORRECTED_CONTROL_MOD_360,240000005594,46,407,361,952859,192,1,1/407,1/361,192,1,1/407,1/361,,0,0/407,0/361,1:1,22:3,22:3,{},{}
240000009194,CORRECTED_CONTROL_MOD_360,240000005594,46,407,361,956831,193,1,1/407,1/361,193,1,1/407,1/361,,0,0/407,0/361,1:1,0:5,0:5,{},{}
240000009194,CORRECTED_CONTROL_MOD_360,240000005594,46,407,361,1044391,194,1,1/407,1/361,194,1,1/407,1/361,,0,0/407,0/361,1:1,17:10,17:10,{},{}
240000009194,CORRECTED_CONTROL_MOD_360,240000005594,46,407,361,1355647,195,1,1/407,1/361,195,1,1/407,1/361,,0,0/407,0/361,1:1,2:16,2:16,{},{}
240000009194,CORRECTED_CONTROL_MOD_360,240000005594,46,407,361,1442279,196,1,1/407,1/361,196,1,1/407,1/361,,0,0/407,0/361,1:1,14:4,14:4,{},{}
240000009194,CORRECTED_CONTROL_MOD_360,240000005594,46,407,361,1488607,197,1,1/407,1/361,197,1,1/407,1/361,,0,0/407,0/361,1:1,5:10,5:10,{},{}
240000009194,CORRECTED_CONTROL_MOD_360,240000005594,46,407,361,1691803,198,1,1/407,1/361,198,1,1/407,1/361,,0,0/407,0/361,1:1,1:15,1:15,{},{}
240000009194,CORRECTED_CONTROL_MOD_360,240000005594,46,407,361,1791991,199,1,1/407,1/361,199,1,1/407,1/361,,0,0/407,0/361,1:1,7:11,7:11,{},{}
240000009194,CORRECTED_CONTROL_MOD_360,240000005594,46,407,361,1830943,200,1,1/407,1/361,200,1,1/407,1/361,,0,0/407,0/361,1:1,6:2,6:2,{},{}
240000009194,CORRECTED_CONTROL_MOD_360,240000005594,46,407,361,1869071,201,1,1/407,1/361,201,1,1/407,1/361,,0,0/407,0/361,1:1,5:7,5:7,{},{}
240000009194,CORRECTED_CONTROL_MOD_360,240000005594,46,407,361,2542879,202,1,1/407,1/361,202,1,1/407,1/361,,0,0/407,0/361,1:1,10:15,10:15,{},{}
240000009194,CORRECTED_CONTROL_MOD_360,240000005594,46,407,361,2575499,203,1,1/407,1/361,203,1,1/407,1/361,,0,0/407,0/361,1:1,20:4,20:4,{},{}
240000009194,CORRECTED_CONTROL_MOD_360,240000005594,46,407,361,2638327,204,1,1/407,1/361,204,1,1/407,1/361,,0,0/407,0/361,1:1,7:9,7:9,{},{}
240000009194,CORRECTED_CONTROL_MOD_360,240000005594,46,407,361,2686487,205,1,1/407,1/361,205,1,1/407,1/361,,0,0/407,0/361,1:1,8:0,8:0,{},{}
240000009194,CORRECTED_CONTROL_MOD_360,240000005594,46,407,361,2735983,206,1,1/407,1/361,206,1,1/407,1/361,,0,0/407,0/361,1:1,1:11,1:11,{},{}
240000009194,CORRECTED_CONTROL_MOD_360,240000005594,46,407,361,3146303,207,1,1/407,1/361,207,1,1/407,1/361,,0,0/407,0/361,1:1,6:6,6:6,{},{}
240000009194,CORRECTED_CONTROL_MOD_360,240000005594,46,407,361,3464359,208,1,1/407,1/361,208,1,1/407,1/361,,0,0/407,0/361,1:1,18:16,18:16,{},{}
240000009194,CORRECTED_CONTROL_MOD_360,240000005594,46,407,361,3494467,209,1,1/407,1/361,209,1,1/407,1/361,,0,0/407,0/361,1:1,2:6,2:6,{},{}
240000009194,CORRECTED_CONTROL_MOD_360,240000005594,46,407,361,3981683,210,1,1/407,1/361,210,1,1/407,1/361,,0,0/407,0/361,1:1,8:7,8:7,{},{}
240000009194,CORRECTED_CONTROL_MOD_360,240000005594,46,407,361,4643963,211,1,1/407,1/361,211,1,1/407,1/361,,0,0/407,0/361,1:1,6:4,6:4,{},{}
240000009194,CORRECTED_CONTROL_MOD_360,240000005594,46,407,361,4995539,212,1,1/407,1/361,212,1,1/407,1/361,,0,0/407,0/361,1:1,11:16,11:16,{},{}
240000009194,CORRECTED_CONTROL_MOD_360,240000005594,46,407,361,5021791,213,1,1/407,1/361,213,1,1/407,1/361,,0,0/407,0/361,1:1,17:3,17:3,{},{}
240000009194,CORRECTED_CONTROL_MOD_360,240000005594,46,407,361,5076787,214,1,1/407,1/361,214,1,1/407,1/361,,0,0/407,0/361,1:1,1:16,1:16,{},{}
240000009194,CORRECTED_CONTROL_MOD_360,240000005594,46,407,361,5436667,215,1,1/407,1/361,215,1,1/407,1/361,,0,0/407,0/361,1:1,21:14,21:14,{},{}
240000009194,CORRECTED_CONTROL_MOD_360,240000005594,46,407,361,5792639,216,1,1/407,1/361,216,1,1/407,1/361,,0,0/407,0/361,1:1,23:10,23:10,{},{}
240000009194,CORRECTED_CONTROL_MOD_360,240000005594,46,407,361,6100351,217,1,1/407,1/361,217,1,1/407,1/361,,0,0/407,0/361,1:1,3:3,3:3,{},{}
240000009194,CORRECTED_CONTROL_MOD_360,240000005594,46,407,361,6134651,218,1,1/407,1/361,218,1,1/407,1/361,,0,0/407,0/361,1:1,11:6,11:6,{},{}
240000009194,CORRECTED_CONTROL_MOD_360,240000005594,46,407,361,6165059,219,1,1/407,1/361,219,1,1/407,1/361,,0,0/407,0/361,1:1,16:15,16:15,{},{}
240000009194,CORRECTED_CONTROL_MOD_360,240000005594,46,407,361,7211527,220,1,1/407,1/361,220,1,1/407,1/361,,0,0/407,0/361,1:1,2:8,2:8,{},{}
240000009194,CORRECTED_CONTROL_MOD_360,240000005594,46,407,361,7415647,221,1,1/407,1/361,221,1,1/407,1/361,,0,0/407,0/361,1:1,8:5,8:5,{},{}
240000009194,CORRECTED_CONTROL_MOD_360,240000005594,46,407,361,7912031,222,1,1/407,1/361,222,1,1/407,1/361,,0,0/407,0/361,1:1,4:16,4:16,{},{}
240000009194,CORRECTED_CONTROL_MOD_360,240000005594,46,407,361,8400851,223,1,1/407,1/361,223,1,1/407,1/361,,0,0/407,0/361,1:1,3:14,3:14,{},{}
240000009194,CORRECTED_CONTROL_MOD_360,240000005594,46,407,361,8976719,224,1,1/407,1/361,224,1,1/407,1/361,,0,0/407,0/361,1:1,22:2,22:2,{},{}
240000009194,CORRECTED_CONTROL_MOD_360,240000005594,46,407,361,9619019,225,1,1/407,1/361,225,1,1/407,1/361,,0,0/407,0/361,1:1,17:16,17:16,{},{}
240000009194,CORRECTED_CONTROL_MOD_360,240000005594,46,407,361,10960151,226,1,1/407,1/361,226,1,1/407,1/361,,0,0/407,0/361,1:1,20:13,20:13,{},{}
240000009194,CORRECTED_CONTROL_MOD_360,240000005594,46,407,361,11141971,227,1,1/407,1/361,227,1,1/407,1/361,,0,0/407,0/361,1:1,6:9,6:9,{},{}
240000009194,CORRECTED_CONTROL_MOD_360,240000005594,46,407,361,11227091,228,1,1/407,1/361,228,1,1/407,1/361,,0,0/407,0/361,1:1,22:12,22:12,{},{}
240000009194,CORRECTED_CONTROL_MOD_360,240000005594,46,407,361,11573251,229,1,1/407,1/361,229,1,1/407,1/361,,0,0/407,0/361,1:1,18:0,18:0,{},{}
240000009194,CORRECTED_CONTROL_MOD_360,240000005594,46,407,361,12467827,230,1,1/407,1/361,230,1,1/407,1/361,,0,0/407,0/361,1:1,10:14,10:14,{},{}
240000009194,CORRECTED_CONTROL_MOD_360,240000005594,46,407,361,16809103,231,1,1/407,1/361,231,1,1/407,1/361,,0,0/407,0/361,1:1,14:16,14:16,{},{}
240000009194,CORRECTED_CONTROL_MOD_360,240000005594,46,407,361,18239527,232,1,1/407,1/361,232,1,1/407,1/361,,0,0/407,0/361,1:1,17:15,17:15,{},{}
240000009194,CORRECTED_CONTROL_MOD_360,240000005594,46,407,361,20249651,233,1,1/407,1/361,233,1,1/407,1/361,,0,0/407,0/361,1:1,6:12,6:12,{},{}
240000009194,CORRECTED_CONTROL_MOD_360,240000005594,46,407,361,21467843,234,1,1/407,1/361,234,1,1/407,1/361,,0,0/407,0/361,1:1,19:12,19:12,{},{}
240000009194,CORRECTED_CONTROL_MOD_360,240000005594,46,407,361,25043747,235,1,1/407,1/361,235,1,1/407,1/361,,0,0/407,0/361,1:1,20:7,20:7,{},{}
240000009194,CORRECTED_CONTROL_MOD_360,240000005594,46,407,361,25662919,236,1,1/407,1/361,236,1,1/407,1/361,,0,0/407,0/361,1:1,4:8,4:8,{},{}
240000009194,CORRECTED_CONTROL_MOD_360,240000005594,46,407,361,29382959,237,1,1/407,1/361,237,1,1/407,1/361,,0,0/407,0/361,1:1,4:0,4:0,{},{}
240000009194,CORRECTED_CONTROL_MOD_360,240000005594,46,407,361,29702923,238,1,1/407,1/361,238,1,1/407,1/361,,0,0/407,0/361,1:1,6:8,6:8,{},{}
240000009194,CORRECTED_CONTROL_MOD_360,240000005594,46,407,361,37521391,239,1,1/407,1/361,239,1,1/407,1/361,,0,0/407,0/361,1:1,22:6,22:6,{},{}
240000009194,CORRECTED_CONTROL_MOD_360,240000005594,46,407,361,64174483,240,1,1/407,1/361,240,1,1/407,1/361,,0,0/407,0/361,1:1,4:12,4:12,{},{}
240000009194,CORRECTED_CONTROL_MOD_360,240000005594,46,407,361,70583959,241,1,1/407,1/361,241,1,1/407,1/361,,0,0/407,0/361,1:1,14:10,14:10,{},{}
240000009194,CORRECTED_CONTROL_MOD_360,240000005594,46,407,361,74441567,242,1,1/407,1/361,242,1,1/407,1/361,,0,0/407,0/361,1:1,8:8,8:8,{},{}
240000009194,CORRECTED_CONTROL_MOD_360,240000005594,46,407,361,81242459,243,1,1/407,1/361,243,1,1/407,1/361,,0,0/407,0/361,1:1,9:10,9:10,{},{}
240000009194,CORRECTED_CONTROL_MOD_360,240000005594,46,407,361,81839159,244,1,1/407,1/361,244,1,1/407,1/361,,0,0/407,0/361,1:1,11:14,11:14,{},{}
240000009194,CORRECTED_CONTROL_MOD_360,240000005594,46,407,361,97560979,245,1,1/407,1/361,245,1,1/407,1/361,,0,0/407,0/361,1:1,6:3,6:3,{},{}
240000009194,CORRECTED_CONTROL_MOD_360,240000005594,46,407,361,102827759,246,1,1/407,1/361,246,1,1/407,1/361,,0,0/407,0/361,1:1,9:1,9:1,{},{}
240000009194,CORRECTED_CONTROL_MOD_360,240000005594,46,407,361,105973951,247,1,1/407,1/361,247,1,1/407,1/361,,0,0/407,0/361,1:1,21:7,21:7,{},{}
240000009194,CORRECTED_CONTROL_MOD_360,240000005594,46,407,361,109034839,248,1,1/407,1/361,248,1,1/407,1/361,,0,0/407,0/361,1:1,21:13,21:13,{},{}
240000009194,CORRECTED_CONTROL_MOD_360,240000005594,46,407,361,114613063,249,1,1/407,1/361,249,1,1/407,1/361,,0,0/407,0/361,1:1,11:7,11:7,{},{}
240000009194,CORRECTED_CONTROL_MOD_360,240000005594,46,407,361,126582283,250,1,1/407,1/361,250,1,1/407,1/361,,0,0/407,0/361,1:1,0:4,0:4,{},{}
240000009194,CORRECTED_CONTROL_MOD_360,240000005594,46,407,361,138150239,251,1,1/407,1/361,251,1,1/407,1/361,,0,0/407,0/361,1:1,20:6,20:6,{},{}
240000009194,CORRECTED_CONTROL_MOD_360,240000005594,46,407,361,151324091,252,1,1/407,1/361,252,1,1/407,1/361,,0,0/407,0/361,1:1,5:4,5:4,{},{}
240000009194,CORRECTED_CONTROL_MOD_360,240000005594,46,407,361,152276363,253,1,1/407,1/361,253,1,1/407,1/361,,0,0/407,0/361,1:1,0:14,0:14,{},{}
240000009194,CORRECTED_CONTROL_MOD_360,240000005594,46,407,361,195757271,254,1,1/407,1/361,254,1,1/407,1/361,,0,0/407,0/361,1:1,13:4,13:4,{},{}
240000009194,CORRECTED_CONTROL_MOD_360,240000005594,46,407,361,235746799,255,1,1/407,1/361,255,1,1/407,1/361,,0,0/407,0/361,1:1,7:10,7:10,{},{}
240000009194,CORRECTED_CONTROL_MOD_360,240000005594,46,407,361,260038903,256,1,1/407,1/361,256,1,1/407,1/361,,0,0/407,0/361,1:1,1:12,1:12,{},{}
240000009194,CORRECTED_CONTROL_MOD_360,240000005594,46,407,361,296562859,257,1,1/407,1/361,257,1,1/407,1/361,,0,0/407,0/361,1:1,21:5,21:5,{},{}
240000009194,CORRECTED_CONTROL_MOD_360,240000005594,46,407,361,357454051,258,1,1/407,1/361,258,1,1/407,1/361,,0,0/407,0/361,1:1,0:13,0:13,{},{}
240000009194,CORRECTED_CONTROL_MOD_360,240000005594,46,407,361,424978171,259,1,1/407,1/361,259,1,1/407,1/361,,0,0/407,0/361,1:1,19:6,19:6,{},{}
240000009194,CORRECTED_CONTROL_MOD_360,240000005594,46,407,361,431114363,260,1,1/407,1/361,260,1,1/407,1/361,,0,0/407,0/361,1:1,19:8,19:8,{},{}
240000009194,CORRECTED_CONTROL_MOD_360,240000005594,46,407,361,449438219,261,1,1/407,1/361,261,1,1/407,1/361,,0,0/407,0/361,1:1,5:1,5:1,{},{}
240000009194,CORRECTED_CONTROL_MOD_360,240000005594,46,407,361,593938567,262,1,1/407,1/361,262,1,1/407,1/361,,0,0/407,0/361,1:1,0:11,0:11,{},{}
240000009194,CORRECTED_CONTROL_MOD_360,240000005594,46,407,361,710057519,263,1,1/407,1/361,263,1,1/407,1/361,,0,0/407,0/361,1:1,11:8,11:8,{},{}
240000009194,CORRECTED_CONTROL_MOD_360,240000005594,46,407,361,816321139,264,1,1/407,1/361,264,1,1/407,1/361,,0,0/407,0/361,1:1,13:1,13:1,{},{}
240000009194,CORRECTED_CONTROL_MOD_360,240000005594,46,407,361,847094519,265,1,1/407,1/361,265,1,1/407,1/361,,0,0/407,0/361,1:1,20:14,20:14,{},{}
240000009194,CORRECTED_CONTROL_MOD_360,240000005594,46,407,361,1845160531,266,1,1/407,1/361,266,1,1/407,1/361,,0,0/407,0/361,1:1,17:0,17:0,{},{}
240000009194,CORRECTED_CONTROL_MOD_360,240000005594,46,407,361,1903349531,267,1,1/407,1/361,267,1,1/407,1/361,,0,0/407,0/361,1:1,17:11,17:11,{},{}
240000009194,CORRECTED_CONTROL_MOD_360,240000005594,46,407,361,1904373047,268,1,1/407,1/361,268,1,1/407,1/361,,0,0/407,0/361,1:1,11:11,11:11,{},{}
240000009194,CORRECTED_CONTROL_MOD_360,240000005594,46,407,361,2142472879,269,1,1/407,1/361,269,1,1/407,1/361,,0,0/407,0/361,1:1,16:2,16:2,{},{}
240000009194,CORRECTED_CONTROL_MOD_360,240000005594,46,407,361,2250388783,270,1,1/407,1/361,270,1,1/407,1/361,,0,0/407,0/361,1:1,21:3,21:3,{},{}
240000009194,CORRECTED_CONTROL_MOD_360,240000005594,46,407,361,2352941263,271,1,1/407,1/361,271,1,1/407,1/361,,0,0/407,0/361,1:1,5:3,5:3,{},{}
240000009194,CORRECTED_CONTROL_MOD_360,240000005594,46,407,361,2448979679,272,1,1/407,1/361,272,1,1/407,1/361,,0,0/407,0/361,1:1,3:4,3:4,{},{}
240000009194,CORRECTED_CONTROL_MOD_360,240000005594,46,407,361,2493838387,273,1,1/407,1/361,273,1,1/407,1/361,,0,0/407,0/361,1:1,8:15,8:15,{},{}
240000009194,CORRECTED_CONTROL_MOD_360,240000005594,46,407,361,2850821383,274,1,1/407,1/361,274,1,1/407,1/361,,0,0/407,0/361,1:1,17:14,17:14,{},{}
240000009194,CORRECTED_CONTROL_MOD_360,240000005594,46,407,361,2852396023,275,1,1/407,1/361,275,1,1/407,1/361,,0,0/407,0/361,1:1,9:14,9:14,{},{}
240000009194,CORRECTED_CONTROL_MOD_360,240000005594,46,407,361,2857142887,276,1,1/407,1/361,276,1,1/407,1/361,,0,0/407,0/361,1:1,8:3,8:3,{},{}
240000009194,CORRECTED_CONTROL_MOD_360,240000005594,46,407,361,3243243359,277,1,1/407,1/361,277,1,1/407,1/361,,0,0/407,0/361,1:1,1:4,1:4,{},{}
240000009194,CORRECTED_CONTROL_MOD_360,240000005594,46,407,361,3491373839,278,1,1/407,1/361,278,1,1/407,1/361,,0,0/407,0/361,1:1,6:15,6:15,{},{}
240000009194,CORRECTED_CONTROL_MOD_360,240000005594,46,407,361,3993541843,279,1,1/407,1/361,279,1,1/407,1/361,,0,0/407,0/361,1:1,18:7,18:7,{},{}
240000009194,CORRECTED_CONTROL_MOD_360,240000005594,46,407,361,3993543143,280,1,1/407,1/361,280,1,1/407,1/361,,0,0/407,0/361,1:1,18:3,18:3,{},{}
240000009194,CORRECTED_CONTROL_MOD_360,240000005594,46,407,361,3999997867,281,1,1/407,1/361,281,1,1/407,1/361,,0,0/407,0/361,1:1,10:7,10:7,{},{}
240000009194,CORRECTED_CONTROL_MOD_360,240000005594,46,407,361,3999999167,282,1,1/407,1/361,282,1,1/407,1/361,,0,0/407,0/361,1:1,10:3,10:3,{},{}
240000009194,CORRECTED_CONTROL_MOD_360,240000005594,46,407,361,4284938783,283,1,1/407,1/361,283,1,1/407,1/361,,0,0/407,0/361,1:1,16:8,16:8,{},{}
240000009194,CORRECTED_CONTROL_MOD_360,240000005594,46,407,361,5609863067,284,1,1/407,1/361,284,1,1/407,1/361,,0,0/407,0/361,1:1,23:8,23:8,{},{}
240000009194,CORRECTED_CONTROL_MOD_360,240000005594,46,407,361,5609878067,285,1,1/407,1/361,285,1,1/407,1/361,,0,0/407,0/361,1:1,23:4,23:4,{},{}
240000009194,CORRECTED_CONTROL_MOD_360,240000005594,46,407,361,5609878091,286,1,1/407,1/361,286,1,1/407,1/361,,0,0/407,0/361,1:1,23:0,23:0,{},{}
240000009194,CORRECTED_CONTROL_MOD_360,240000005594,46,407,361,5999756071,287,1,1/407,1/361,287,1,1/407,1/361,,0,0/407,0/361,1:1,6:10,6:10,{},{}
240000009194,CORRECTED_CONTROL_MOD_360,240000005594,46,407,361,5999998363,288,1,1/407,1/361,288,1,1/407,1/361,,0,0/407,0/361,1:1,10:6,10:6,{},{}
240000009194,CORRECTED_CONTROL_MOD_360,240000005594,46,407,361,6664114843,289,1,1/407,1/361,289,1,1/407,1/361,,0,0/407,0/361,1:1,16:11,16:11,{},{}
240000009194,CORRECTED_CONTROL_MOD_360,240000005594,46,407,361,9225787631,290,1,1/407,1/361,290,1,1/407,1/361,,0,0/407,0/361,1:1,17:8,17:8,{},{}
240000009194,CORRECTED_CONTROL_MOD_360,240000005594,46,407,361,10926448391,291,1,1/407,1/361,291,1,1/407,1/361,,0,0/407,0/361,1:1,12:16,12:16,{},{}
240000009194,CORRECTED_CONTROL_MOD_360,240000005594,46,407,361,14999966383,292,1,1/407,1/361,292,1,1/407,1/361,,0,0/407,0/361,1:1,12:6,12:6,{},{}
240000009194,CORRECTED_CONTROL_MOD_360,240000005594,46,407,361,19223208707,293,1,1/407,1/361,293,1,1/407,1/361,,0,0/407,0/361,1:1,23:15,23:15,{},{}
240000009194,CORRECTED_CONTROL_MOD_360,240000005594,46,407,361,19709435399,294,1,1/407,1/361,294,1,1/407,1/361,,0,0/407,0/361,1:1,20:1,20:1,{},{}
240000009194,CORRECTED_CONTROL_MOD_360,240000005594,46,407,361,19894688279,295,1,1/407,1/361,295,1,1/407,1/361,,0,0/407,0/361,1:1,16:13,16:13,{},{}
240000009194,CORRECTED_CONTROL_MOD_360,240000005594,46,407,361,19898231219,296,1,1/407,1/361,296,1,1/407,1/361,,0,0/407,0/361,1:1,12:13,12:13,{},{}
240000009194,CORRECTED_CONTROL_MOD_360,240000005594,46,407,361,20000000219,297,1,1/407,1/361,297,1,1/407,1/361,,0,0/407,0/361,1:1,8:1,8:1,{},{}
240000009194,CORRECTED_CONTROL_MOD_360,240000005594,46,407,361,22953965599,298,1,1/407,1/361,298,1,1/407,1/361,,0,0/407,0/361,1:1,21:0,21:0,{},{}
240000009194,CORRECTED_CONTROL_MOD_360,240000005594,46,407,361,23999998951,299,1,1/407,1/361,299,1,1/407,1/361,,0,0/407,0/361,1:1,9:0,9:0,{},{}
240000009194,CORRECTED_CONTROL_MOD_360,240000005594,46,407,361,29964102731,300,1,1/407,1/361,300,1,1/407,1/361,,0,0/407,0/361,1:1,16:12,16:12,{},{}
240000009194,CORRECTED_CONTROL_MOD_360,240000005594,46,407,361,29994620231,301,1,1/407,1/361,301,1,1/407,1/361,,0,0/407,0/361,1:1,16:4,16:4,{},{}
240000009194,CORRECTED_CONTROL_MOD_360,240000005594,46,407,361,29999934719,302,1,1/407,1/361,302,1,1/407,1/361,,0,0/407,0/361,1:1,12:0,12:0,{},{}
240000009194,CORRECTED_CONTROL_MOD_360,240000005594,46,407,361,34913472791,303,1,1/407,1/361,303,1,1/407,1/361,,0,0/407,0/361,1:1,13:15,13:15,{},{}
240000009194,CORRECTED_CONTROL_MOD_360,240000005594,46,407,361,34913735231,304,1,1/407,1/361,304,1,1/407,1/361,,0,0/407,0/361,1:1,9:15,9:15,{},{}
240000009194,CORRECTED_CONTROL_MOD_360,240000005594,46,407,361,34913738507,305,1,1/407,1/361,305,1,1/407,1/361,,0,0/407,0/361,1:1,3:15,3:15,{},{}
240000009194,CORRECTED_CONTROL_MOD_360,240000005594,46,407,361,39796547731,306,1,1/407,1/361,306,1,1/407,1/361,,0,0/407,0/361,1:1,9:13,9:13,{},{}
240000009194,CORRECTED_CONTROL_MOD_360,240000005594,46,407,361,39796551007,307,1,1/407,1/361,307,1,1/407,1/361,,0,0/407,0/361,1:1,3:13,3:13,{},{}
240000009194,CORRECTED_CONTROL_MOD_360,240000005594,46,407,361,39997284527,308,1,1/407,1/361,308,1,1/407,1/361,,0,0/407,0/361,1:1,15:9,15:9,{},{}
240000009194,CORRECTED_CONTROL_MOD_360,240000005594,46,407,361,39997610027,309,1,1/407,1/361,309,1,1/407,1/361,,0,0/407,0/361,1:1,15:3,15:3,{},{}
240000009194,CORRECTED_CONTROL_MOD_360,240000005594,46,407,361,39999972007,310,1,1/407,1/361,310,1,1/407,1/361,,0,0/407,0/361,1:1,11:1,11:1,{},{}
240000009194,CORRECTED_CONTROL_MOD_360,240000005594,46,407,361,40000001147,311,1,1/407,1/361,311,1,1/407,1/361,,0,0/407,0/361,1:1,7:3,7:3,{},{}
240000009194,CORRECTED_CONTROL_MOD_360,240000005594,46,407,361,43706058191,312,1,1/407,1/361,312,1,1/407,1/361,,0,0/407,0/361,1:1,7:16,7:16,{},{}
240000009194,CORRECTED_CONTROL_MOD_360,240000005594,46,407,361,60000002267,313,1,1/407,1/361,313,1,1/407,1/361,,0,0/407,0/361,1:1,0:3,0:3,{},{}
240000009194,CORRECTED_CONTROL_MOD_360,240000005594,46,407,361,72928407371,314,1,1/407,1/361,314,1,1/407,1/361,,0,0/407,0/361,1:1,23:6,23:6,{},{}
240000009194,CORRECTED_CONTROL_MOD_360,240000005594,46,407,361,72928415171,315,1,1/407,1/361,315,1,1/407,1/361,,0,0/407,0/361,1:1,23:2,23:2,{},{}
240000009194,CORRECTED_CONTROL_MOD_360,240000005594,46,407,361,114769820183,316,1,1/407,1/361,316,1,1/407,1/361,,0,0/407,0/361,1:1,21:6,21:6,{},{}
240000009194,CORRECTED_CONTROL_MOD_360,240000005594,46,407,361,119413991051,317,1,1/407,1/361,317,1,1/407,1/361,,0,0/407,0/361,1:1,19:10,19:10,{},{}
240000009194,CORRECTED_CONTROL_MOD_360,240000005594,46,407,361,119877933191,318,1,1/407,1/361,318,1,1/407,1/361,,0,0/407,0/361,1:1,7:12,7:12,{},{}
240000009194,CORRECTED_CONTROL_MOD_360,240000005594,46,407,361,119992634831,319,1,1/407,1/361,319,1,1/407,1/361,,0,0/407,0/361,1:1,15:8,15:8,{},{}
240000009194,CORRECTED_CONTROL_MOD_360,240000005594,46,407,361,119992830143,320,1,1/407,1/361,320,1,1/407,1/361,,0,0/407,0/361,1:1,15:0,15:0,{},{}
240000009194,CORRECTED_CONTROL_MOD_360,240000005594,46,407,361,119999799443,321,1,1/407,1/361,321,1,1/407,1/361,,0,0/407,0/361,1:1,9:8,9:8,{},{}
240000009194,CORRECTED_CONTROL_MOD_360,240000005594,46,407,361,119999808191,322,1,1/407,1/361,322,1,1/407,1/361,,0,0/407,0/361,1:1,7:8,7:8,{},{}
240000009194,CORRECTED_CONTROL_MOD_360,240000005594,46,407,361,119999809271,323,1,1/407,1/361,323,1,1/407,1/361,,0,0/407,0/361,1:1,3:8,3:8,{},{}
240000009194,CORRECTED_CONTROL_MOD_360,240000005594,46,407,361,119999986943,324,1,1/407,1/361,324,1,1/407,1/361,,0,0/407,0/361,1:1,9:6,9:6,{},{}
240000009194,CORRECTED_CONTROL_MOD_360,240000005594,46,407,361,119999996663,325,1,1/407,1/361,325,1,1/407,1/361,,0,0/407,0/361,1:1,5:6,5:6,{},{}
240000009194,CORRECTED_CONTROL_MOD_360,240000005594,46,407,361,119999996771,326,1,1/407,1/361,326,1,1/407,1/361,,0,0/407,0/361,1:1,3:6,3:6,{},{}
240000009194,CORRECTED_CONTROL_MOD_360,240000005594,46,407,361,120000003503,327,1,1/407,1/361,327,1,1/407,1/361,,0,0/407,0/361,1:1,7:0,7:0,{},{}
240000009194,CORRECTED_CONTROL_MOD_360,240000005594,46,407,361,120000004571,328,1,1/407,1/361,328,1,1/407,1/361,,0,0/407,0/361,1:1,3:2,3:2,{},{}
240000001202,CORRECTED_CONTROL_MOD_360,240000004802,50,407,357,3,1,145,145/407,145/357,1,143,143/407,143/357,1,2,2/407,2/357,1:143;3:1;5:1,0:2;0:4;0:8;0:10;0:12;0:14;0:16;1:1;1:5;1:7;1:11;1:13;2:1;2:3;2:7;2:9;2:11;2:13;2:15;3:1;3:3;3:7;3:9;3:13;3:15;4:1;4:3;4:7;4:9;4:13;4:15;5:1;5:3;5:7;5:9;5:13;5:15;6:1;6:3;6:7;6:9;6:13;6:15;7:1;7:3;7:7;7:9;7:13;7:15;8:1;8:3;8:7;8:9;8:13;8:15;9:1;9:3;9:7;9:9;9:13;9:15;10:1;10:3;10:7;10:9;10:13;10:15;11:1;11:3;11:7;11:9;11:13;11:15;12:1;12:3;12:7;12:9;12:13;12:15;13:1;13:3;13:7;13:9;13:13;13:15;14:1;14:3;14:7;14:9;14:13;14:15;15:1;15:3;15:7;15:9;15:13;15:15;16:1;16:3;16:7;16:9;16:13;16:15;17:1;17:3;17:7;17:9;17:13;17:15;18:1;18:3;18:7;18:9;18:13;18:15;19:1;19:3;19:7;19:9;19:13;19:15;20:1;20:3;20:7;20:9;20:13;20:15;21:1;21:3;21:7;21:9;21:13;21:15;22:1;22:3;22:7;22:9;22:13;22:15;23:1;23:3;23:7;23:9;23:13;23:15,0:2;0:4;0:8;0:10;0:14;0:16;1:1;1:5;1:7;1:11;1:13;2:1;2:3;2:7;2:9;2:13;2:15;3:1;3:3;3:7;3:9;3:13;3:15;4:1;4:3;4:7;4:9;4:13;4:15;5:1;5:3;5:7;5:9;5:13;5:15;6:1;6:3;6:7;6:9;6:13;6:15;7:1;7:3;7:7;7:9;7:13;7:15;8:1;8:3;8:7;8:9;8:13;8:15;9:1;9:3;9:7;9:9;9:13;9:15;10:1;10:3;10:7;10:9;10:13;10:15;11:1;11:3;11:7;11:9;11:13;11:15;12:1;12:3;12:7;12:9;12:13;12:15;13:1;13:3;13:7;13:9;13:13;13:15;14:1;14:3;14:7;14:9;14:13;14:15;15:1;15:3;15:7;15:9;15:13;15:15;16:1;16:3;16:7;16:9;16:13;16:15;17:1;17:3;17:7;17:9;17:13;17:15;18:1;18:3;18:7;18:9;18:13;18:15;19:1;19:3;19:7;19:9;19:13;19:15;20:1;20:3;20:7;20:9;20:13;20:15;21:1;21:3;21:7;21:9;21:13;21:15;22:1;22:3;22:7;22:9;22:13;22:15;23:1;23:3;23:7;23:9;23:13;23:15,"{""3"":[[2,11]],""5"":[[0,12]]}","{""3"":""81"",""5"":""729""}"
240000001202,CORRECTED_CONTROL_MOD_360,240000004802,50,407,357,7,2,50,50/407,50/357,2,50,50/407,50/357,,0,0/407,0/357,1:50,0:4;0:10;2:6;2:12;3:2;3:8;3:14;4:9;4:15;5:1;5:7;5:13;6:4;6:10;6:16;8:0;8:6;8:12;9:8;9:14;10:3;10:9;10:15;11:1;11:7;11:13;12:4;12:16;14:0;14:6;14:12;15:2;15:8;16:3;16:15;17:1;17:7;18:4;18:10;18:16;20:0;20:12;21:2;21:8;21:14;22:3;22:9;22:15;23:1;23:13,0:4;0:10;2:6;2:12;3:2;3:8;3:14;4:9;4:15;5:1;5:7;5:13;6:4;6:10;6:16;8:0;8:6;8:12;9:8;9:14;10:3;10:9;10:15;11:1;11:7;11:13;12:4;12:16;14:0;14:6;14:12;15:2;15:8;16:3;16:15;17:1;17:7;18:4;18:10;18:16;20:0;20:12;21:2;21:8;21:14;22:3;22:9;22:15;23:1;23:13,{},{}
240000001202,CORRECTED_CONTROL_MOD_360,240000004802,50,407,357,19,3,25,25/407,25/357,3,25,25/407,25/357,,0,0/407,0/357,1:25,0:3;0:12;1:5;1:14;3:8;4:6;4:15;5:7;5:16;6:1;6:10;8:2;8:11;12:0;12:9;13:4;13:13;18:3;18:12;19:5;19:14;21:8;22:6;22:15;23:7,0:3;0:12;1:5;1:14;3:8;4:6;4:15;5:7;5:16;6:1;6:10;8:2;8:11;12:0;12:9;13:4;13:13;18:3;18:12;19:5;19:14;21:8;22:6;22:15;23:7,{},{}
240000001202,CORRECTED_CONTROL_MOD_360,240000004802,50,407,357,11,4,22,22/407,22/357,4,22,22/407,22/357,,0,0/407,0/357,1:22,0:3;0:13;4:0;4:5;4:15;5:3;5:13;9:0;9:5;9:15;10:3;10:13;14:0;14:5;14:15;15:3;15:13;19:0;19:5;19:15;20:3;20:13,0:3;0:13;4:0;4:5;4:15;5:3;5:13;9:0;9:5;9:15;10:3;10:13;14:0;14:5;14:15;15:3;15:13;19:0;19:5;19:15;20:3;20:13,{},{}
240000001202,CORRECTED_CONTROL_MOD_360,240000004802,50,407,357,23,5,20,20/407,20/357,5,20,20/407,20/357,,0,0/407,0/357,1:20,0:13;1:15;2:14;3:12;4:3;5:10;7:5;8:8;9:4;11:13;12:15;13:14;14:12;15:3;16:10;18:5;19:8;20:4;22:13;23:15,0:13;1:15;2:14;3:12;4:3;5:10;7:5;8:8;9:4;11:13;12:15;13:14;14:12;15:3;16:10;18:5;19:8;20:4;22:13;23:15,{},{}
240000001202,CORRECTED_CONTROL_MOD_360,240000004802,50,407,357,31,6,17,17/407,17/357,6,17,17/407,17/357,,0,0/407,0/357,1:17,4:0;4:3;4:6;4:9;4:12;4:15;5:2;5:5;5:8;5:11;5:14;21:1;21:4;21:7;21:10;21:13;21:16,4:0;4:3;4:6;4:9;4:12;4:15;5:2;5:5;5:8;5:11;5:14;21:1;21:4;21:7;21:10;21:13;21:16,{},{}
240000001202,CORRECTED_CONTROL_MOD_360,240000004802,50,407,357,43,7,10,10/407,10/357,7,10,10/407,10/357,,0,0/407,0/357,1:10,0:13;2:2;4:3;6:14;7:16;10:10;13:9;14:12;17:15;22:7,0:13;2:2;4:3;6:14;7:16;10:10;13:9;14:12;17:15;22:7,{},{}
240000001202,CORRECTED_CONTROL_MOD_360,240000004802,50,407,357,47,8,10,10/407,10/357,8,10,10/407,10/357,,0,0/407,0/357,1:10,0:11;1:7;2:1;4:14;13:2;17:10;18:8;19:13;21:9;23:11,0:11;1:7;2:1;4:14;13:2;17:10;18:8;19:13;21:9;23:11,{},{}
240000001202,CORRECTED_CONTROL_MOD_360,240000004802,50,407,357,71,9,7,7/407,7/357,9,7,7/407,7/357,,0,0/407,0/357,1:7,6:4;6:9;6:14;22:0;22:5;22:10;22:15,6:4;6:9;6:14;22:0;22:5;22:10;22:15,{},{}
240000001202,CORRECTED_CONTROL_MOD_360,240000004802,50,407,357,59,10,6,6/407,6/357,10,6,6/407,6/357,,0,0/407,0/357,1:6,3:1;5:2;7:13;8:11;12:10;13:3,3:1;5:2;7:13;8:11;12:10;13:3,{},{}
240000001202,CORRECTED_CONTROL_MOD_360,240000004802,50,407,357,79,11,6,6/407,6/357,11,6,6/407,6/357,,0,0/407,0/357,1:6,6:11;11:16;12:12;13:14;16:5;19:13,6:11;11:16;12:12;13:14;16:5;19:13,{},{}
240000001202,CORRECTED_CONTROL_MOD_360,240000004802,50,407,357,107,12,6,6/407,6/357,12,6,6/407,6/357,,0,0/407,0/357,1:6,5:3;12:8;15:9;17:6;18:5;22:15,5:3;12:8;15:9;17:6;18:5;22:15,{},{}
240000001202,CORRECTED_CONTROL_MOD_360,240000004802,50,407,357,83,13,5,5/407,5/357,13,5,5/407,5/357,,0,0/407,0/357,1:5,0:4;1:3;4:13;13:14;22:0,0:4;1:3;4:13;13:14;22:0,{},{}
240000001202,CORRECTED_CONTROL_MOD_360,240000004802,50,407,357,67,14,4,4/407,4/357,14,4,4/407,4/357,,0,0/407,0/357,1:4,1:14;2:7;12:8;23:14,1:14;2:7;12:8;23:14,{},{}
240000001202,CORRECTED_CONTROL_MOD_360,240000004802,50,407,357,127,15,4,4/407,4/357,15,4,4/407,4/357,,0,0/407,0/357,1:4,0:3;2:4;9:0;10:1,0:3;2:4;9:0;10:1,{},{}
240000001202,CORRECTED_CONTROL_MOD_360,240000004802,50,407,357,139,16,4,4/407,4/357,16,4,4/407,4/357,,0,0/407,0/357,1:4,8:5;10:13;17:15;23:12,8:5;10:13;17:15;23:12,{},{}
240000001202,CORRECTED_CONTROL_MOD_360,240000004802,50,407,357,499,17,4,4/407,4/357,17,4,4/407,4/357,,0,0/407,0/357,1:4,1:3;2:14;5:12;11:4,1:3;2:14;5:12;11:4,{},{}
240000001202,CORRECTED_CONTROL_MOD_360,240000004802,50,407,357,131,18,3,3/407,3/357,18,3,3/407,3/357,,0,0/407,0/357,1:3,0:8;1:5;16:3,0:8;1:5;16:3,{},{}
240000001202,CORRECTED_CONTROL_MOD_360,240000004802,50,407,357,163,19,3,3/407,3/357,19,3,3/407,3/357,,0,0/407,0/357,1:3,3:12;17:8;23:14,3:12;17:8;23:14,{},{}
240000001202,CORRECTED_CONTROL_MOD_360,240000004802,50,407,357,103,20,2,2/407,2/357,20,2,2/407,2/357,,0,0/407,0/357,1:2,4:15;20:16,4:15;20:16,{},{}
240000001202,CORRECTED_CONTROL_MOD_360,240000004802,50,407,357,151,21,2,2/407,2/357,21,2,2/407,2/357,,0,0/407,0/357,1:2,17:9;22:13,17:9;22:13,{},{}
240000001202,CORRECTED_CONTROL_MOD_360,240000004802,50,407,357,199,22,2,2/407,2/357,22,2,2/407,2/357,,0,0/407,0/357,1:2,0:14;20:4,0:14;20:4,{},{}
240000001202,CORRECTED_CONTROL_MOD_360,240000004802,50,407,357,443,23,2,2/407,2/357,23,2,2/407,2/357,,0,0/407,0/357,1:2,1:5;19:1,1:5;19:1,{},{}
240000001202,CORRECTED_CONTROL_MOD_360,240000004802,50,407,357,491,24,2,2/407,2/357,24,2,2/407,2/357,,0,0/407,0/357,1:2,1:7;19:6,1:7;19:6,{},{}
240000001202,CORRECTED_CONTROL_MOD_360,240000004802,50,407,357,571,25,2,2/407,2/357,25,2,2/407,2/357,,0,0/407,0/357,1:2,2:16;5:8,2:16;5:8,{},{}
240000001202,CORRECTED_CONTROL_MOD_360,240000004802,50,407,357,599,26,2,2/407,2/357,26,2,2/407,2/357,,0,0/407,0/357,1:2,9:15;12:7,9:15;12:7,{},{}
240000001202,CORRECTED_CONTROL_MOD_360,240000004802,50,407,357,743,27,2,2/407,2/357,27,2,2/407,2/357,,0,0/407,0/357,1:2,3:15;20:9,3:15;20:9,{},{}
240000001202,CORRECTED_CONTROL_MOD_360,240000004802,50,407,357,1171,28,2,2/407,2/357,28,2,2/407,2/357,,0,0/407,0/357,1:2,6:0;14:3,6:0;14:3,{},{}
240000001202,CORRECTED_CONTROL_MOD_360,240000004802,50,407,357,1231,29,2,2/407,2/357,29,2,2/407,2/357,,0,0/407,0/357,1:2,2:8;8:0,2:8;8:0,{},{}
240000001202,CORRECTED_CONTROL_MOD_360,240000004802,50,407,357,1867,30,2,2/407,2/357,30,2,2/407,2/357,,0,0/407,0/357,1:2,0:9;5:0,0:9;5:0,{},{}
240000001202,CORRECTED_CONTROL_MOD_360,240000004802,50,407,357,2767,31,2,2/407,2/357,31,2,2/407,2/357,,0,0/407,0/357,1:2,13:2;21:15,13:2;21:15,{},{}
240000001202,CORRECTED_CONTROL_MOD_360,240000004802,50,407,357,3607,32,2,2/407,2/357,32,2,2/407,2/357,,0,0/407,0/357,1:2,9:9;15:5,9:9;15:5,{},{}
240000001202,CORRECTED_CONTROL_MOD_360,240000004802,50,407,357,11731,33,2,2/407,2/357,33,2,2/407,2/357,,0,0/407,0/357,1:2,5:3;17:12,5:3;17:12,{},{}
240000001202,CORRECTED_CONTROL_MOD_360,240000004802,50,407,357,39607,34,2,2/407,2/357,34,2,2/407,2/357,,0,0/407,0/357,1:2,21:9;22:4,21:9;22:4,{},{}
240000001202,CORRECTED_CONTROL_MOD_360,240000004802,50,407,357,2332951,35,2,2/407,2/357,35,2,2/407,2/357,,0,0/407,0/357,1:2,1:2;3:0,1:2;3:0,{},{}
240000001202,CORRECTED_CONTROL_MOD_360,240000004802,50,407,357,179,36,1,1/407,1/357,36,1,1/407,1/357,,0,0/407,0/357,1:1,5:8,5:8,{},{}
240000001202,CORRECTED_CONTROL_MOD_360,240000004802,50,407,357,191,37,1,1/407,1/357,37,1,1/407,1/357,,0,0/407,0/357,1:1,14:14,14:14,{},{}
240000001202,CORRECTED_CONTROL_MOD_360,240000004802,50,407,357,211,38,1,1/407,1/357,38,1,1/407,1/357,,0,0/407,0/357,1:1,17:8,17:8,{},{}
240000001202,CORRECTED_CONTROL_MOD_360,240000004802,50,407,357,227,39,1,1/407,1/357,39,1,1/407,1/357,,0,0/407,0/357,1:1,6:3,6:3,{},{}
240000001202,CORRECTED_CONTROL_MOD_360,240000004802,50,407,357,239,40,1,1/407,1/357,40,1,1/407,1/357,,0,0/407,0/357,1:1,20:6,20:6,{},{}
240000001202,CORRECTED_CONTROL_MOD_360,240000004802,50,407,357,251,41,1,1/407,1/357,41,1,1/407,1/357,,0,0/407,0/357,1:1,20:8,20:8,{},{}
240000001202,CORRECTED_CONTROL_MOD_360,240000004802,50,407,357,263,42,1,1/407,1/357,42,1,1/407,1/357,,0,0/407,0/357,1:1,2:7,2:7,{},{}
240000001202,CORRECTED_CONTROL_MOD_360,240000004802,50,407,357,271,43,1,1/407,1/357,43,1,1/407,1/357,,0,0/407,0/357,1:1,20:8,20:8,{},{}
240000001202,CORRECTED_CONTROL_MOD_360,240000004802,50,407,357,307,44,1,1/407,1/357,44,1,1/407,1/357,,0,0/407,0/357,1:1,13:12,13:12,{},{}
240000001202,CORRECTED_CONTROL_MOD_360,240000004802,50,407,357,359,45,1,1/407,1/357,45,1,1/407,1/357,,0,0/407,0/357,1:1,4:0,4:0,{},{}
240000001202,CORRECTED_CONTROL_MOD_360,240000004802,50,407,357,367,46,1,1/407,1/357,46,1,1/407,1/357,,0,0/407,0/357,1:1,14:3,14:3,{},{}
240000001202,CORRECTED_CONTROL_MOD_360,240000004802,50,407,357,431,47,1,1/407,1/357,47,1,1/407,1/357,,0,0/407,0/357,1:1,3:3,3:3,{},{}
240000001202,CORRECTED_CONTROL_MOD_360,240000004802,50,407,357,439,48,1,1/407,1/357,48,1,1/407,1/357,,0,0/407,0/357,1:1,22:7,22:7,{},{}
240000001202,CORRECTED_CONTROL_MOD_360,240000004802,50,407,357,479,49,1,1/407,1/357,49,1,1/407,1/357,,0,0/407,0/357,1:1,14:5,14:5,{},{}
240000001202,CORRECTED_CONTROL_MOD_360,240000004802,50,407,357,503,50,1,1/407,1/357,50,1,1/407,1/357,,0,0/407,0/357,1:1,16:16,16:16,{},{}
240000001202,CORRECTED_CONTROL_MOD_360,240000004802,50,407,357,523,51,1,1/407,1/357,51,1,1/407,1/357,,0,0/407,0/357,1:1,9:2,9:2,{},{}
240000001202,CORRECTED_CONTROL_MOD_360,240000004802,50,407,357,563,52,1,1/407,1/357,52,1,1/407,1/357,,0,0/407,0/357,1:1,17:15,17:15,{},{}
240000001202,CORRECTED_CONTROL_MOD_360,240000004802,50,407,357,739,53,1,1/407,1/357,53,1,1/407,1/357,,0,0/407,0/357,1:1,4:13,4:13,{},{}
240000001202,CORRECTED_CONTROL_MOD_360,240000004802,50,407,357,839,54,1,1/407,1/357,54,1,1/407,1/357,,0,0/407,0/357,1:1,7:0,7:0,{},{}
240000001202,CORRECTED_CONTROL_MOD_360,240000004802,50,407,357,859,55,1,1/407,1/357,55,1,1/407,1/357,,0,0/407,0/357,1:1,14:15,14:15,{},{}
240000001202,CORRECTED_CONTROL_MOD_360,240000004802,50,407,357,883,56,1,1/407,1/357,56,1,1/407,1/357,,0,0/407,0/357,1:1,10:11,10:11,{},{}
240000001202,CORRECTED_CONTROL_MOD_360,240000004802,50,407,357,887,57,1,1/407,1/357,57,1,1/407,1/357,,0,0/407,0/357,1:1,7:4,7:4,{},{}
240000001202,CORRECTED_CONTROL_MOD_360,240000004802,50,407,357,907,58,1,1/407,1/357,58,1,1/407,1/357,,0,0/407,0/357,1:1,10:0,10:0,{},{}
240000001202,CORRECTED_CONTROL_MOD_360,240000004802,50,407,357,1031,59,1,1/407,1/357,59,1,1/407,1/357,,0,0/407,0/357,1:1,14:13,14:13,{},{}
240000001202,CORRECTED_CONTROL_MOD_360,240000004802,50,407,357,1091,60,1,1/407,1/357,60,1,1/407,1/357,,0,0/407,0/357,1:1,11:12,11:12,{},{}
240000001202,CORRECTED_CONTROL_MOD_360,240000004802,50,407,357,1307,61,1,1/407,1/357,61,1,1/407,1/357,,0,0/407,0/357,1:1,5:16,5:16,{},{}
240000001202,CORRECTED_CONTROL_MOD_360,240000004802,50,407,357,1319,62,1,1/407,1/357,62,1,1/407,1/357,,0,0/407,0/357,1:1,8:7,8:7,{},{}
240000001202,CORRECTED_CONTROL_MOD_360,240000004802,50,407,357,1327,63,1,1/407,1/357,63,1,1/407,1/357,,0,0/407,0/357,1:1,21:6,21:6,{},{}
240000001202,CORRECTED_CONTROL_MOD_360,240000004802,50,407,357,1367,64,1,1/407,1/357,64,1,1/407,1/357,,0,0/407,0/357,1:1,3:8,3:8,{},{}
240000001202,CORRECTED_CONTROL_MOD_360,240000004802,50,407,357,1451,65,1,1/407,1/357,65,1,1/407,1/357,,0,0/407,0/357,1:1,19:7,19:7,{},{}
240000001202,CORRECTED_CONTROL_MOD_360,240000004802,50,407,357,1499,66,1,1/407,1/357,66,1,1/407,1/357,,0,0/407,0/357,1:1,23:3,23:3,{},{}
240000001202,CORRECTED_CONTROL_MOD_360,240000004802,50,407,357,1511,67,1,1/407,1/357,67,1,1/407,1/357,,0,0/407,0/357,1:1,5:11,5:11,{},{}
240000001202,CORRECTED_CONTROL_MOD_360,240000004802,50,407,357,1531,68,1,1/407,1/357,68,1,1/407,1/357,,0,0/407,0/357,1:1,9:15,9:15,{},{}
240000001202,CORRECTED_CONTROL_MOD_360,240000004802,50,407,357,1567,69,1,1/407,1/357,69,1,1/407,1/357,,0,0/407,0/357,1:1,11:3,11:3,{},{}
240000001202,CORRECTED_CONTROL_MOD_360,240000004802,50,407,357,1619,70,1,1/407,1/357,70,1,1/407,1/357,,0,0/407,0/357,1:1,10:9,10:9,{},{}
240000001202,CORRECTED_CONTROL_MOD_360,240000004802,50,407,357,1699,71,1,1/407,1/357,71,1,1/407,1/357,,0,0/407,0/357,1:1,23:1,23:1,{},{}
240000001202,CORRECTED_CONTROL_MOD_360,240000004802,50,407,357,1747,72,1,1/407,1/357,72,1,1/407,1/357,,0,0/407,0/357,1:1,21:14,21:14,{},{}
240000001202,CORRECTED_CONTROL_MOD_360,240000004802,50,407,357,1831,73,1,1/407,1/357,73,1,1/407,1/357,,0,0/407,0/357,1:1,22:14,22:14,{},{}
240000001202,CORRECTED_CONTROL_MOD_360,240000004802,50,407,357,1907,74,1,1/407,1/357,74,1,1/407,1/357,,0,0/407,0/357,1:1,6:1,6:1,{},{}
240000001202,CORRECTED_CONTROL_MOD_360,240000004802,50,407,357,2087,75,1,1/407,1/357,75,1,1/407,1/357,,0,0/407,0/357,1:1,22:11,22:11,{},{}
240000001202,CORRECTED_CONTROL_MOD_360,240000004802,50,407,357,2131,76,1,1/407,1/357,76,1,1/407,1/357,,0,0/407,0/357,1:1,13:2,13:2,{},{}
240000001202,CORRECTED_CONTROL_MOD_360,240000004802,50,407,357,2179,77,1,1/407,1/357,77,1,1/407,1/357,,0,0/407,0/357,1:1,17:7,17:7,{},{}
240000001202,CORRECTED_CONTROL_MOD_360,240000004802,50,407,357,2207,78,1,1/407,1/357,78,1,1/407,1/357,,0,0/407,0/357,1:1,20:1,20:1,{},{}
240000001202,CORRECTED_CONTROL_MOD_360,240000004802,50,407,357,2251,79,1,1/407,1/357,79,1,1/407,1/357,,0,0/407,0/357,1:1,2:16,2:16,{},{}
240000001202,CORRECTED_CONTROL_MOD_360,240000004802,50,407,357,2287,80,1,1/407,1/357,80,1,1/407,1/357,,0,0/407,0/357,1:1,7:4,7:4,{},{}
240000001202,CORRECTED_CONTROL_MOD_360,240000004802,50,407,357,2467,81,1,1/407,1/357,81,1,1/407,1/357,,0,0/407,0/357,1:1,3:5,3:5,{},{}
240000001202,CORRECTED_CONTROL_MOD_360,240000004802,50,407,357,2543,82,1,1/407,1/357,82,1,1/407,1/357,,0,0/407,0/357,1:1,1:16,1:16,{},{}
240000001202,CORRECTED_CONTROL_MOD_360,240000004802,50,407,357,2591,83,1,1/407,1/357,83,1,1/407,1/357,,0,0/407,0/357,1:1,8:8,8:8,{},{}
240000001202,CORRECTED_CONTROL_MOD_360,240000004802,50,407,357,3011,84,1,1/407,1/357,84,1,1/407,1/357,,0,0/407,0/357,1:1,23:14,23:14,{},{}
240000001202,CORRECTED_CONTROL_MOD_360,240000004802,50,407,357,3163,85,1,1/407,1/357,85,1,1/407,1/357,,0,0/407,0/357,1:1,4:1,4:1,{},{}
240000001202,CORRECTED_CONTROL_MOD_360,240000004802,50,407,357,3203,86,1,1/407,1/357,86,1,1/407,1/357,,0,0/407,0/357,1:1,20:14,20:14,{},{}
240000001202,CORRECTED_CONTROL_MOD_360,240000004802,50,407,357,3499,87,1,1/407,1/357,87,1,1/407,1/357,,0,0/407,0/357,1:1,4:7,4:7,{},{}
240000001202,CORRECTED_CONTROL_MOD_360,240000004802,50,407,357,3527,88,1,1/407,1/357,88,1,1/407,1/357,,0,0/407,0/357,1:1,15:12,15:12,{},{}
240000001202,CORRECTED_CONTROL_MOD_360,240000004802,50,407,357,3547,89,1,1/407,1/357,89,1,1/407,1/357,,0,0/407,0/357,1:1,22:16,22:16,{},{}
240000001202,CORRECTED_CONTROL_MOD_360,240000004802,50,407,357,3923,90,1,1/407,1/357,90,1,1/407,1/357,,0,0/407,0/357,1:1,22:6,22:6,{},{}
240000001202,CORRECTED_CONTROL_MOD_360,240000004802,50,407,357,3931,91,1,1/407,1/357,91,1,1/407,1/357,,0,0/407,0/357,1:1,23:6,23:6,{},{}
240000001202,CORRECTED_CONTROL_MOD_360,240000004802,50,407,357,4079,92,1,1/407,1/357,92,1,1/407,1/357,,0,0/407,0/357,1:1,3:5,3:5,{},{}
240000001202,CORRECTED_CONTROL_MOD_360,240000004802,50,407,357,4651,93,1,1/407,1/357,93,1,1/407,1/357,,0,0/407,0/357,1:1,18:1,18:1,{},{}
240000001202,CORRECTED_CONTROL_MOD_360,240000004802,50,407,357,4751,94,1,1/407,1/357,94,1,1/407,1/357,,0,0/407,0/357,1:1,19:13,19:13,{},{}
240000001202,CORRECTED_CONTROL_MOD_360,240000004802,50,407,357,5059,95,1,1/407,1/357,95,1,1/407,1/357,,0,0/407,0/357,1:1,18:13,18:13,{},{}
240000001202,CORRECTED_CONTROL_MOD_360,240000004802,50,407,357,5119,96,1,1/407,1/357,96,1,1/407,1/357,,0,0/407,0/357,1:1,6:13,6:13,{},{}
240000001202,CORRECTED_CONTROL_MOD_360,240000004802,50,407,357,5503,97,1,1/407,1/357,97,1,1/407,1/357,,0,0/407,0/357,1:1,19:4,19:4,{},{}
240000001202,CORRECTED_CONTROL_MOD_360,240000004802,50,407,357,5623,98,1,1/407,1/357,98,1,1/407,1/357,,0,0/407,0/357,1:1,5:16,5:16,{},{}
240000001202,CORRECTED_CONTROL_MOD_360,240000004802,50,407,357,5651,99,1,1/407,1/357,99,1,1/407,1/357,,0,0/407,0/357,1:1,1:15,1:15,{},{}
240000001202,CORRECTED_CONTROL_MOD_360,240000004802,50,407,357,5851,100,1,1/407,1/357,100,1,1/407,1/357,,0,0/407,0/357,1:1,12:6,12:6,{},{}
240000001202,CORRECTED_CONTROL_MOD_360,240000004802,50,407,357,6263,101,1,1/407,1/357,101,1,1/407,1/357,,0,0/407,0/357,1:1,13:12,13:12,{},{}
240000001202,CORRECTED_CONTROL_MOD_360,240000004802,50,407,357,6451,102,1,1/407,1/357,102,1,1/407,1/357,,0,0/407,0/357,1:1,5:5,5:5,{},{}
240000001202,CORRECTED_CONTROL_MOD_360,240000004802,50,407,357,6551,103,1,1/407,1/357,103,1,1/407,1/357,,0,0/407,0/357,1:1,20:4,20:4,{},{}
240000001202,CORRECTED_CONTROL_MOD_360,240000004802,50,407,357,7219,104,1,1/407,1/357,104,1,1/407,1/357,,0,0/407,0/357,1:1,12:16,12:16,{},{}
240000001202,CORRECTED_CONTROL_MOD_360,240000004802,50,407,357,7699,105,1,1/407,1/357,105,1,1/407,1/357,,0,0/407,0/357,1:1,10:4,10:4,{},{}
240000001202,CORRECTED_CONTROL_MOD_360,240000004802,50,407,357,7759,106,1,1/407,1/357,106,1,1/407,1/357,,0,0/407,0/357,1:1,19:0,19:0,{},{}
240000001202,CORRECTED_CONTROL_MOD_360,240000004802,50,407,357,7919,107,1,1/407,1/357,107,1,1/407,1/357,,0,0/407,0/357,1:1,22:12,22:12,{},{}
240000001202,CORRECTED_CONTROL_MOD_360,240000004802,50,407,357,8867,108,1,1/407,1/357,108,1,1/407,1/357,,0,0/407,0/357,1:1,3:6,3:6,{},{}
240000001202,CORRECTED_CONTROL_MOD_360,240000004802,50,407,357,9491,109,1,1/407,1/357,109,1,1/407,1/357,,0,0/407,0/357,1:1,10:3,10:3,{},{}
240000001202,CORRECTED_CONTROL_MOD_360,240000004802,50,407,357,10691,110,1,1/407,1/357,110,1,1/407,1/357,,0,0/407,0/357,1:1,17:16,17:16,{},{}
240000001202,CORRECTED_CONTROL_MOD_360,240000004802,50,407,357,11287,111,1,1/407,1/357,111,1,1/407,1/357,,0,0/407,0/357,1:1,10:13,10:13,{},{}
240000001202,CORRECTED_CONTROL_MOD_360,240000004802,50,407,357,11831,112,1,1/407,1/357,112,1,1/407,1/357,,0,0/407,0/357,1:1,7:4,7:4,{},{}
240000001202,CORRECTED_CONTROL_MOD_360,240000004802,50,407,357,12119,113,1,1/407,1/357,113,1,1/407,1/357,,0,0/407,0/357,1:1,15:5,15:5,{},{}
240000001202,CORRECTED_CONTROL_MOD_360,240000004802,50,407,357,12583,114,1,1/407,1/357,114,1,1/407,1/357,,0,0/407,0/357,1:1,16:3,16:3,{},{}
240000001202,CORRECTED_CONTROL_MOD_360,240000004802,50,407,357,12619,115,1,1/407,1/357,115,1,1/407,1/357,,0,0/407,0/357,1:1,17:2,17:2,{},{}
240000001202,CORRECTED_CONTROL_MOD_360,240000004802,50,407,357,12923,116,1,1/407,1/357,116,1,1/407,1/357,,0,0/407,0/357,1:1,1:6,1:6,{},{}
240000001202,CORRECTED_CONTROL_MOD_360,240000004802,50,407,357,13463,117,1,1/407,1/357,117,1,1/407,1/357,,0,0/407,0/357,1:1,6:1,6:1,{},{}
240000001202,CORRECTED_CONTROL_MOD_360,240000004802,50,407,357,14503,118,1,1/407,1/357,118,1,1/407,1/357,,0,0/407,0/357,1:1,9:6,9:6,{},{}
240000001202,CORRECTED_CONTROL_MOD_360,240000004802,50,407,357,14543,119,1,1/407,1/357,119,1,1/407,1/357,,0,0/407,0/357,1:1,14:4,14:4,{},{}
240000001202,CORRECTED_CONTROL_MOD_360,240000004802,50,407,357,15427,120,1,1/407,1/357,120,1,1/407,1/357,,0,0/407,0/357,1:1,15:4,15:4,{},{}
240000001202,CORRECTED_CONTROL_MOD_360,240000004802,50,407,357,15671,121,1,1/407,1/357,121,1,1/407,1/357,,0,0/407,0/357,1:1,6:8,6:8,{},{}
240000001202,CORRECTED_CONTROL_MOD_360,240000004802,50,407,357,15767,122,1,1/407,1/357,122,1,1/407,1/357,,0,0/407,0/357,1:1,12:9,12:9,{},{}
240000001202,CORRECTED_CONTROL_MOD_360,240000004802,50,407,357,16183,123,1,1/407,1/357,123,1,1/407,1/357,,0,0/407,0/357,1:1,15:6,15:6,{},{}
240000001202,CORRECTED_CONTROL_MOD_360,240000004802,50,407,357,17167,124,1,1/407,1/357,124,1,1/407,1/357,,0,0/407,0/357,1:1,21:1,21:1,{},{}
240000001202,CORRECTED_CONTROL_MOD_360,240000004802,50,407,357,17239,125,1,1/407,1/357,125,1,1/407,1/357,,0,0/407,0/357,1:1,23:9,23:9,{},{}
240000001202,CORRECTED_CONTROL_MOD_360,240000004802,50,407,357,17471,126,1,1/407,1/357,126,1,1/407,1/357,,0,0/407,0/357,1:1,3:4,3:4,{},{}
240000001202,CORRECTED_CONTROL_MOD_360,240000004802,50,407,357,19739,127,1,1/407,1/357,127,1,1/407,1/357,,0,0/407,0/357,1:1,12:8,12:8,{},{}
240000001202,CORRECTED_CONTROL_MOD_360,240000004802,50,407,357,20143,128,1,1/407,1/357,128,1,1/407,1/357,,0,0/407,0/357,1:1,17:3,17:3,{},{}
240000001202,CORRECTED_CONTROL_MOD_360,240000004802,50,407,357,20551,129,1,1/407,1/357,129,1,1/407,1/357,,0,0/407,0/357,1:1,21:9,21:9,{},{}
240000001202,CORRECTED_CONTROL_MOD_360,240000004802,50,407,357,23687,130,1,1/407,1/357,130,1,1/407,1/357,,0,0/407,0/357,1:1,16:13,16:13,{},{}
240000001202,CORRECTED_CONTROL_MOD_360,240000004802,50,407,357,27367,131,1,1/407,1/357,131,1,1/407,1/357,,0,0/407,0/357,1:1,10:3,10:3,{},{}
240000001202,CORRECTED_CONTROL_MOD_360,240000004802,50,407,357,29027,132,1,1/407,1/357,132,1,1/407,1/357,,0,0/407,0/357,1:1,20:13,20:13,{},{}
240000001202,CORRECTED_CONTROL_MOD_360,240000004802,50,407,357,34303,133,1,1/407,1/357,133,1,1/407,1/357,,0,0/407,0/357,1:1,8:6,8:6,{},{}
240000001202,CORRECTED_CONTROL_MOD_360,240000004802,50,407,357,45259,134,1,1/407,1/357,134,1,1/407,1/357,,0,0/407,0/357,1:1,13:13,13:13,{},{}
240000001202,CORRECTED_CONTROL_MOD_360,240000004802,50,407,357,46279,135,1,1/407,1/357,135,1,1/407,1/357,,0,0/407,0/357,1:1,13:13,13:13,{},{}
240000001202,CORRECTED_CONTROL_MOD_360,240000004802,50,407,357,47491,136,1,1/407,1/357,136,1,1/407,1/357,,0,0/407,0/357,1:1,2:9,2:9,{},{}
240000001202,CORRECTED_CONTROL_MOD_360,240000004802,50,407,357,52567,137,1,1/407,1/357,137,1,1/407,1/357,,0,0/407,0/357,1:1,5:4,5:4,{},{}
240000001202,CORRECTED_CONTROL_MOD_360,240000004802,50,407,357,52583,138,1,1/407,1/357,138,1,1/407,1/357,,0,0/407,0/357,1:1,5:13,5:13,{},{}
240000001202,CORRECTED_CONTROL_MOD_360,240000004802,50,407,357,61339,139,1,1/407,1/357,139,1,1/407,1/357,,0,0/407,0/357,1:1,1:0,1:0,{},{}
240000001202,CORRECTED_CONTROL_MOD_360,240000004802,50,407,357,62347,140,1,1/407,1/357,140,1,1/407,1/357,,0,0/407,0/357,1:1,13:12,13:12,{},{}
240000001202,CORRECTED_CONTROL_MOD_360,240000004802,50,407,357,67759,141,1,1/407,1/357,141,1,1/407,1/357,,0,0/407,0/357,1:1,21:12,21:12,{},{}
240000001202,CORRECTED_CONTROL_MOD_360,240000004802,50,407,357,71399,142,1,1/407,1/357,142,1,1/407,1/357,,0,0/407,0/357,1:1,17:13,17:13,{},{}
240000001202,CORRECTED_CONTROL_MOD_360,240000004802,50,407,357,71887,143,1,1/407,1/357,143,1,1/407,1/357,,0,0/407,0/357,1:1,21:1,21:1,{},{}
240000001202,CORRECTED_CONTROL_MOD_360,240000004802,50,407,357,71999,144,1,1/407,1/357,144,1,1/407,1/357,,0,0/407,0/357,1:1,17:4,17:4,{},{}
240000001202,CORRECTED_CONTROL_MOD_360,240000004802,50,407,357,75707,145,1,1/407,1/357,145,1,1/407,1/357,,0,0/407,0/357,1:1,11:13,11:13,{},{}
240000001202,CORRECTED_CONTROL_MOD_360,240000004802,50,407,357,75991,146,1,1/407,1/357,146,1,1/407,1/357,,0,0/407,0/357,1:1,4:12,4:12,{},{}
240000001202,CORRECTED_CONTROL_MOD_360,240000004802,50,407,357,77263,147,1,1/407,1/357,147,1,1/407,1/357,,0,0/407,0/357,1:1,18:15,18:15,{},{}
240000001202,CORRECTED_CONTROL_MOD_360,240000004802,50,407,357,82183,148,1,1/407,1/357,148,1,1/407,1/357,,0,0/407,0/357,1:1,4:2,4:2,{},{}
240000001202,CORRECTED_CONTROL_MOD_360,240000004802,50,407,357,95479,149,1,1/407,1/357,149,1,1/407,1/357,,0,0/407,0/357,1:1,22:1,22:1,{},{}
240000001202,CORRECTED_CONTROL_MOD_360,240000004802,50,407,357,112603,150,1,1/407,1/357,150,1,1/407,1/357,,0,0/407,0/357,1:1,14:8,14:8,{},{}
240000001202,CORRECTED_CONTROL_MOD_360,240000004802,50,407,357,117619,151,1,1/407,1/357,151,1,1/407,1/357,,0,0/407,0/357,1:1,5:7,5:7,{},{}
240000001202,CORRECTED_CONTROL_MOD_360,240000004802,50,407,357,121343,152,1,1/407,1/357,152,1,1/407,1/357,,0,0/407,0/357,1:1,19:9,19:9,{},{}
240000001202,CORRECTED_CONTROL_MOD_360,240000004802,50,407,357,142799,153,1,1/407,1/357,153,1,1/407,1/357,,0,0/407,0/357,1:1,8:3,8:3,{},{}
240000001202,CORRECTED_CONTROL_MOD_360,240000004802,50,407,357,215587,154,1,1/407,1/357,154,1,1/407,1/357,,0,0/407,0/357,1:1,16:0,16:0,{},{}
240000001202,CORRECTED_CONTROL_MOD_360,240000004802,50,407,357,225523,155,1,1/407,1/357,155,1,1/407,1/357,,0,0/407,0/357,1:1,18:15,18:15,{},{}
240000001202,CORRECTED_CONTROL_MOD_360,240000004802,50,407,357,237203,156,1,1/407,1/357,156,1,1/407,1/357,,0,0/407,0/357,1:1,20:5,20:5,{},{}
240000001202,CORRECTED_CONTROL_MOD_360,240000004802,50,407,357,241291,157,1,1/407,1/357,157,1,1/407,1/357,,0,0/407,0/357,1:1,2:8,2:8,{},{}
240000001202,CORRECTED_CONTROL_MOD_360,240000004802,50,407,357,248167,158,1,1/407,1/357,158,1,1/407,1/357,,0,0/407,0/357,1:1,11:2,11:2,{},{}
240000001202,CORRECTED_CONTROL_MOD_360,240000004802,50,407,357,251707,159,1,1/407,1/357,159,1,1/407,1/357,,0,0/407,0/357,1:1,8:8,8:8,{},{}
240000001202,CORRECTED_CONTROL_MOD_360,240000004802,50,407,357,318431,160,1,1/407,1/357,160,1,1/407,1/357,,0,0/407,0/357,1:1,2:14,2:14,{},{}
240000001202,CORRECTED_CONTROL_MOD_360,240000004802,50,407,357,324419,161,1,1/407,1/357,161,1,1/407,1/357,,0,0/407,0/357,1:1,4:6,4:6,{},{}
240000001202,CORRECTED_CONTROL_MOD_360,240000004802,50,407,357,361679,162,1,1/407,1/357,162,1,1/407,1/357,,0,0/407,0/357,1:1,23:10,23:10,{},{}
240000001202,CORRECTED_CONTROL_MOD_360,240000004802,50,407,357,365039,163,1,1/407,1/357,163,1,1/407,1/357,,0,0/407,0/357,1:1,4:2,4:2,{},{}
240000001202,CORRECTED_CONTROL_MOD_360,240000004802,50,407,357,368327,164,1,1/407,1/357,164,1,1/407,1/357,,0,0/407,0/357,1:1,6:14,6:14,{},{}
240000001202,CORRECTED_CONTROL_MOD_360,240000004802,50,407,357,408803,165,1,1/407,1/357,165,1,1/407,1/357,,0,0/407,0/357,1:1,23:1,23:1,{},{}
240000001202,CORRECTED_CONTROL_MOD_360,240000004802,50,407,357,457651,166,1,1/407,1/357,166,1,1/407,1/357,,0,0/407,0/357,1:1,5:15,5:15,{},{}
240000001202,CORRECTED_CONTROL_MOD_360,240000004802,50,407,357,468667,167,1,1/407,1/357,167,1,1/407,1/357,,0,0/407,0/357,1:1,18:6,18:6,{},{}
240000001202,CORRECTED_CONTROL_MOD_360,240000004802,50,407,357,484283,168,1,1/407,1/357,168,1,1/407,1/357,,0,0/407,0/357,1:1,1:4,1:4,{},{}
240000001202,CORRECTED_CONTROL_MOD_360,240000004802,50,407,357,500299,169,1,1/407,1/357,169,1,1/407,1/357,,0,0/407,0/357,1:1,19:3,19:3,{},{}
240000001202,CORRECTED_CONTROL_MOD_360,240000004802,50,407,357,524971,170,1,1/407,1/357,170,1,1/407,1/357,,0,0/407,0/357,1:1,10:2,10:2,{},{}
240000001202,CORRECTED_CONTROL_MOD_360,240000004802,50,407,357,546031,171,1,1/407,1/357,171,1,1/407,1/357,,0,0/407,0/357,1:1,18:14,18:14,{},{}
240000001202,CORRECTED_CONTROL_MOD_360,240000004802,50,407,357,658403,172,1,1/407,1/357,172,1,1/407,1/357,,0,0/407,0/357,1:1,22:4,22:4,{},{}
240000001202,CORRECTED_CONTROL_MOD_360,240000004802,50,407,357,702731,173,1,1/407,1/357,173,1,1/407,1/357,,0,0/407,0/357,1:1,21:14,21:14,{},{}
240000001202,CORRECTED_CONTROL_MOD_360,240000004802,50,407,357,798199,174,1,1/407,1/357,174,1,1/407,1/357,,0,0/407,0/357,1:1,12:10,12:10,{},{}
240000001202,CORRECTED_CONTROL_MOD_360,240000004802,50,407,357,839899,175,1,1/407,1/357,175,1,1/407,1/357,,0,0/407,0/357,1:1,16:13,16:13,{},{}
240000001202,CORRECTED_CONTROL_MOD_360,240000004802,50,407,357,1029751,176,1,1/407,1/357,176,1,1/407,1/357,,0,0/407,0/357,1:1,11:15,11:15,{},{}
240000001202,CORRECTED_CONTROL_MOD_360,240000004802,50,407,357,1051147,177,1,1/407,1/357,177,1,1/407,1/357,,0,0/407,0/357,1:1,5:6,5:6,{},{}
240000001202,CORRECTED_CONTROL_MOD_360,240000004802,50,407,357,1140847,178,1,1/407,1/357,178,1,1/407,1/357,,0,0/407,0/357,1:1,7:6,7:6,{},{}
240000001202,CORRECTED_CONTROL_MOD_360,240000004802,50,407,357,1158467,179,1,1/407,1/357,179,1,1/407,1/357,,0,0/407,0/357,1:1,7:8,7:8,{},{}
240000001202,CORRECTED_CONTROL_MOD_360,240000004802,50,407,357,1279039,180,1,1/407,1/357,180,1,1/407,1/357,,0,0/407,0/357,1:1,3:12,3:12,{},{}
240000001202,CORRECTED_CONTROL_MOD_360,240000004802,50,407,357,1378799,181,1,1/407,1/357,181,1,1/407,1/357,,0,0/407,0/357,1:1,23:11,23:11,{},{}
240000001202,CORRECTED_CONTROL_MOD_360,240000004802,50,407,357,1399183,182,1,1/407,1/357,182,1,1/407,1/357,,0,0/407,0/357,1:1,19:0,19:0,{},{}
240000001202,CORRECTED_CONTROL_MOD_360,240000004802,50,407,357,1454927,183,1,1/407,1/357,183,1,1/407,1/357,,0,0/407,0/357,1:1,23:8,23:8,{},{}
240000001202,CORRECTED_CONTROL_MOD_360,240000004802,50,407,357,1622779,184,1,1/407,1/357,184,1,1/407,1/357,,0,0/407,0/357,1:1,0:12,0:12,{},{}
240000001202,CORRECTED_CONTROL_MOD_360,240000004802,50,407,357,1731227,185,1,1/407,1/357,185,1,1/407,1/357,,0,0/407,0/357,1:1,7:1,7:1,{},{}
240000001202,CORRECTED_CONTROL_MOD_360,240000004802,50,407,357,1733327,186,1,1/407,1/357,186,1,1/407,1/357,,0,0/407,0/357,1:1,1:7,1:7,{},{}
240000001202,CORRECTED_CONTROL_MOD_360,240000004802,50,407,357,1764743,187,1,1/407,1/357,187,1,1/407,1/357,,0,0/407,0/357,1:1,10:9,10:9,{},{}
240000001202,CORRECTED_CONTROL_MOD_360,240000004802,50,407,357,1928383,188,1,1/407,1/357,188,1,1/407,1/357,,0,0/407,0/357,1:1,7:12,7:12,{},{}
240000001202,CORRECTED_CONTROL_MOD_360,240000004802,50,407,357,1945651,189,1,1/407,1/357,189,1,1/407,1/357,,0,0/407,0/357,1:1,10:0,10:0,{},{}
240000001202,CORRECTED_CONTROL_MOD_360,240000004802,50,407,357,2062807,190,1,1/407,1/357,190,1,1/407,1/357,,0,0/407,0/357,1:1,14:4,14:4,{},{}
240000001202,CORRECTED_CONTROL_MOD_360,240000004802,50,407,357,2104867,191,1,1/407,1/357,191,1,1/407,1/357,,0,0/407,0/357,1:1,15:10,15:10,{},{}
240000001202,CORRECTED_CONTROL_MOD_360,240000004802,50,407,357,2151463,192,1,1/407,1/357,192,1,1/407,1/357,,0,0/407,0/357,1:1,0:4,0:4,{},{}
240000001202,CORRECTED_CONTROL_MOD_360,240000004802,50,407,357,2260483,193,1,1/407,1/357,193,1,1/407,1/357,,0,0/407,0/357,1:1,0:3,0:3,{},{}
240000001202,CORRECTED_CONTROL_MOD_360,240000004802,50,407,357,2621023,194,1,1/407,1/357,194,1,1/407,1/357,,0,0/407,0/357,1:1,17:7,17:7,{},{}
240000001202,CORRECTED_CONTROL_MOD_360,240000004802,50,407,357,2630491,195,1,1/407,1/357,195,1,1/407,1/357,,0,0/407,0/357,1:1,9:10,9:10,{},{}
240000001202,CORRECTED_CONTROL_MOD_360,240000004802,50,407,357,3289159,196,1,1/407,1/357,196,1,1/407,1/357,,0,0/407,0/357,1:1,22:12,22:12,{},{}
240000001202,CORRECTED_CONTROL_MOD_360,240000004802,50,407,357,3417343,197,1,1/407,1/357,197,1,1/407,1/357,,0,0/407,0/357,1:1,7:3,7:3,{},{}
240000001202,CORRECTED_CONTROL_MOD_360,240000004802,50,407,357,3487199,198,1,1/407,1/357,198,1,1/407,1/357,,0,0/407,0/357,1:1,17:8,17:8,{},{}
240000001202,CORRECTED_CONTROL_MOD_360,240000004802,50,407,357,3595079,199,1,1/407,1/357,199,1,1/407,1/357,,0,0/407,0/357,1:1,17:0,17:0,{},{}
240000001202,CORRECTED_CONTROL_MOD_360,240000004802,50,407,357,4262119,200,1,1/407,1/357,200,1,1/407,1/357,,0,0/407,0/357,1:1,7:7,7:7,{},{}
240000001202,CORRECTED_CONTROL_MOD_360,240000004802,50,407,357,4328887,201,1,1/407,1/357,201,1,1/407,1/357,,0,0/407,0/357,1:1,14:12,14:12,{},{}
240000001202,CORRECTED_CONTROL_MOD_360,240000004802,50,407,357,4337591,202,1,1/407,1/357,202,1,1/407,1/357,,0,0/407,0/357,1:1,6:10,6:10,{},{}
240000001202,CORRECTED_CONTROL_MOD_360,240000004802,50,407,357,4382843,203,1,1/407,1/357,203,1,1/407,1/357,,0,0/407,0/357,1:1,10:15,10:15,{},{}
240000001202,CORRECTED_CONTROL_MOD_360,240000004802,50,407,357,4425143,204,1,1/407,1/357,204,1,1/407,1/357,,0,0/407,0/357,1:1,22:0,22:0,{},{}
240000001202,CORRECTED_CONTROL_MOD_360,240000004802,50,407,357,4976443,205,1,1/407,1/357,205,1,1/407,1/357,,0,0/407,0/357,1:1,22:13,22:13,{},{}
240000001202,CORRECTED_CONTROL_MOD_360,240000004802,50,407,357,5709559,206,1,1/407,1/357,206,1,1/407,1/357,,0,0/407,0/357,1:1,10:12,10:12,{},{}
240000001202,CORRECTED_CONTROL_MOD_360,240000004802,50,407,357,5877983,207,1,1/407,1/357,207,1,1/407,1/357,,0,0/407,0/357,1:1,7:9,7:9,{},{}
240000001202,CORRECTED_CONTROL_MOD_360,240000004802,50,407,357,5895647,208,1,1/407,1/357,208,1,1/407,1/357,,0,0/407,0/357,1:1,0:5,0:5,{},{}
240000001202,CORRECTED_CONTROL_MOD_360,240000004802,50,407,357,6099407,209,1,1/407,1/357,209,1,1/407,1/357,,0,0/407,0/357,1:1,12:5,12:5,{},{}
240000001202,CORRECTED_CONTROL_MOD_360,240000004802,50,407,357,6152899,210,1,1/407,1/357,210,1,1/407,1/357,,0,0/407,0/357,1:1,9:5,9:5,{},{}
240000001202,CORRECTED_CONTROL_MOD_360,240000004802,50,407,357,6323111,211,1,1/407,1/357,211,1,1/407,1/357,,0,0/407,0/357,1:1,4:1,4:1,{},{}
240000001202,CORRECTED_CONTROL_MOD_360,240000004802,50,407,357,7302319,212,1,1/407,1/357,212,1,1/407,1/357,,0,0/407,0/357,1:1,13:8,13:8,{},{}
240000001202,CORRECTED_CONTROL_MOD_360,240000004802,50,407,357,8930419,213,1,1/407,1/357,213,1,1/407,1/357,,0,0/407,0/357,1:1,20:1,20:1,{},{}
240000001202,CORRECTED_CONTROL_MOD_360,240000004802,50,407,357,9289103,214,1,1/407,1/357,214,1,1/407,1/357,,0,0/407,0/357,1:1,14:9,14:9,{},{}
240000001202,CORRECTED_CONTROL_MOD_360,240000004802,50,407,357,10405271,215,1,1/407,1/357,215,1,1/407,1/357,,0,0/407,0/357,1:1,18:3,18:3,{},{}
240000001202,CORRECTED_CONTROL_MOD_360,240000004802,50,407,357,11130619,216,1,1/407,1/357,216,1,1/407,1/357,,0,0/407,0/357,1:1,13:0,13:0,{},{}
240000001202,CORRECTED_CONTROL_MOD_360,240000004802,50,407,357,12493483,217,1,1/407,1/357,217,1,1/407,1/357,,0,0/407,0/357,1:1,11:6,11:6,{},{}
240000001202,CORRECTED_CONTROL_MOD_360,240000004802,50,407,357,20693287,218,1,1/407,1/357,218,1,1/407,1/357,,0,0/407,0/357,1:1,19:12,19:12,{},{}
240000001202,CORRECTED_CONTROL_MOD_360,240000004802,50,407,357,26526611,219,1,1/407,1/357,219,1,1/407,1/357,,0,0/407,0/357,1:1,20:9,20:9,{},{}
240000001202,CORRECTED_CONTROL_MOD_360,240000004802,50,407,357,29756191,220,1,1/407,1/357,220,1,1/407,1/357,,0,0/407,0/357,1:1,21:8,21:8,{},{}
240000001202,CORRECTED_CONTROL_MOD_360,240000004802,50,407,357,31130147,221,1,1/407,1/357,221,1,1/407,1/357,,0,0/407,0/357,1:1,0:11,0:11,{},{}
240000001202,CORRECTED_CONTROL_MOD_360,240000004802,50,407,357,31618663,222,1,1/407,1/357,222,1,1/407,1/357,,0,0/407,0/357,1:1,15:3,15:3,{},{}
240000001202,CORRECTED_CONTROL_MOD_360,240000004802,50,407,357,32112607,223,1,1/407,1/357,223,1,1/407,1/357,,0,0/407,0/357,1:1,13:16,13:16,{},{}
240000001202,CORRECTED_CONTROL_MOD_360,240000004802,50,407,357,36716191,224,1,1/407,1/357,224,1,1/407,1/357,,0,0/407,0/357,1:1,15:14,15:14,{},{}
240000001202,CORRECTED_CONTROL_MOD_360,240000004802,50,407,357,42234503,225,1,1/407,1/357,225,1,1/407,1/357,,0,0/407,0/357,1:1,20:0,20:0,{},{}
240000001202,CORRECTED_CONTROL_MOD_360,240000004802,50,407,357,65609623,226,1,1/407,1/357,226,1,1/407,1/357,,0,0/407,0/357,1:1,5:2,5:2,{},{}
240000001202,CORRECTED_CONTROL_MOD_360,240000004802,50,407,357,66666667,227,1,1/407,1/357,227,1,1/407,1/357,,0,0/407,0/357,1:1,0:0,0:0,{},{}
240000001202,CORRECTED_CONTROL_MOD_360,240000004802,50,407,357,76535243,228,1,1/407,1/357,228,1,1/407,1/357,,0,0/407,0/357,1:1,14:14,14:14,{},{}
240000001202,CORRECTED_CONTROL_MOD_360,240000004802,50,407,357,81619303,229,1,1/407,1/357,229,1,1/407,1/357,,0,0/407,0/357,1:1,22:5,22:5,{},{}
240000001202,CORRECTED_CONTROL_MOD_360,240000004802,50,407,357,85898347,230,1,1/407,1/357,230,1,1/407,1/357,,0,0/407,0/357,1:1,9:0,9:0,{},{}
240000001202,CORRECTED_CONTROL_MOD_360,240000004802,50,407,357,88105727,231,1,1/407,1/357,231,1,1/407,1/357,,0,0/407,0/357,1:1,6:3,6:3,{},{}
240000001202,CORRECTED_CONTROL_MOD_360,240000004802,50,407,357,91817419,232,1,1/407,1/357,232,1,1/407,1/357,,0,0/407,0/357,1:1,22:10,22:10,{},{}
240000001202,CORRECTED_CONTROL_MOD_360,240000004802,50,407,357,91868219,233,1,1/407,1/357,233,1,1/407,1/357,,0,0/407,0/357,1:1,1:14,1:14,{},{}
240000001202,CORRECTED_CONTROL_MOD_360,240000004802,50,407,357,100047859,234,1,1/407,1/357,234,1,1/407,1/357,,0,0/407,0/357,1:1,20:7,20:7,{},{}
240000001202,CORRECTED_CONTROL_MOD_360,240000004802,50,407,357,109885639,235,1,1/407,1/357,235,1,1/407,1/357,,0,0/407,0/357,1:1,0:10,0:10,{},{}
240000001202,CORRECTED_CONTROL_MOD_360,240000004802,50,407,357,115942027,236,1,1/407,1/357,236,1,1/407,1/357,,0,0/407,0/357,1:1,7:5,7:5,{},{}
240000001202,CORRECTED_CONTROL_MOD_360,240000004802,50,407,357,122700031,237,1,1/407,1/357,237,1,1/407,1/357,,0,0/407,0/357,1:1,1:12,1:12,{},{}
240000001202,CORRECTED_CONTROL_MOD_360,240000004802,50,407,357,155888063,238,1,1/407,1/357,238,1,1/407,1/357,,0,0/407,0/357,1:1,9:12,9:12,{},{}
240000001202,CORRECTED_CONTROL_MOD_360,240000004802,50,407,357,197378491,239,1,1/407,1/357,239,1,1/407,1/357,,0,0/407,0/357,1:1,19:10,19:10,{},{}
240000001202,CORRECTED_CONTROL_MOD_360,240000004802,50,407,357,229833707,240,1,1/407,1/357,240,1,1/407,1/357,,0,0/407,0/357,1:1,14:11,14:11,{},{}
240000001202,CORRECTED_CONTROL_MOD_360,240000004802,50,407,357,288461539,241,1,1/407,1/357,241,1,1/407,1/357,,0,0/407,0/357,1:1,6:2,6:2,{},{}
240000001202,CORRECTED_CONTROL_MOD_360,240000004802,50,407,357,348822931,242,1,1/407,1/357,242,1,1/407,1/357,,0,0/407,0/357,1:1,10:10,10:10,{},{}
240000001202,CORRECTED_CONTROL_MOD_360,240000004802,50,407,357,348837211,243,1,1/407,1/357,243,1,1/407,1/357,,0,0/407,0/357,1:1,2:2,2:2,{},{}
240000001202,CORRECTED_CONTROL_MOD_360,240000004802,50,407,357,369215747,244,1,1/407,1/357,244,1,1/407,1/357,,0,0/407,0/357,1:1,3:10,3:10,{},{}
240000001202,CORRECTED_CONTROL_MOD_360,240000004802,50,407,357,382165607,245,1,1/407,1/357,245,1,1/407,1/357,,0,0/407,0/357,1:1,0:1,0:1,{},{}
240000001202,CORRECTED_CONTROL_MOD_360,240000004802,50,407,357,389602627,246,1,1/407,1/357,246,1,1/407,1/357,,0,0/407,0/357,1:1,14:0,14:0,{},{}
240000001202,CORRECTED_CONTROL_MOD_360,240000004802,50,407,357,452811431,247,1,1/407,1/357,247,1,1/407,1/357,,0,0/407,0/357,1:1,11:10,11:10,{},{}
240000001202,CORRECTED_CONTROL_MOD_360,240000004802,50,407,357,487795159,248,1,1/407,1/357,248,1,1/407,1/357,,0,0/407,0/357,1:1,14:1,14:1,{},{}
240000001202,CORRECTED_CONTROL_MOD_360,240000004802,50,407,357,524063123,249,1,1/407,1/357,249,1,1/407,1/357,,0,0/407,0/357,1:1,21:3,21:3,{},{}
240000001202,CORRECTED_CONTROL_MOD_360,240000004802,50,407,357,547945163,250,1,1/407,1/357,250,1,1/407,1/357,,0,0/407,0/357,1:1,9:3,9:3,{},{}
240000001202,CORRECTED_CONTROL_MOD_360,240000004802,50,407,357,583427287,251,1,1/407,1/357,251,1,1/407,1/357,,0,0/407,0/357,1:1,23:4,23:4,{},{}
240000001202,CORRECTED_CONTROL_MOD_360,240000004802,50,407,357,601960967,252,1,1/407,1/357,252,1,1/407,1/357,,0,0/407,0/357,1:1,8:15,8:15,{},{}
240000001202,CORRECTED_CONTROL_MOD_360,240000004802,50,407,357,637266463,253,1,1/407,1/357,253,1,1/407,1/357,,0,0/407,0/357,1:1,18:8,18:8,{},{}
240000001202,CORRECTED_CONTROL_MOD_360,240000004802,50,407,357,754716923,254,1,1/407,1/357,254,1,1/407,1/357,,0,0/407,0/357,1:1,9:1,9:1,{},{}
240000001202,CORRECTED_CONTROL_MOD_360,240000004802,50,407,357,882352943,255,1,1/407,1/357,255,1,1/407,1/357,,0,0/407,0/357,1:1,4:4,4:4,{},{}
240000001202,CORRECTED_CONTROL_MOD_360,240000004802,50,407,357,937331851,256,1,1/407,1/357,256,1,1/407,1/357,,0,0/407,0/357,1:1,16:4,16:4,{},{}
240000001202,CORRECTED_CONTROL_MOD_360,240000004802,50,407,357,1071428507,257,1,1/407,1/357,257,1,1/407,1/357,,0,0/407,0/357,1:1,2:6,2:6,{},{}
240000001202,CORRECTED_CONTROL_MOD_360,240000004802,50,407,357,1375861667,258,1,1/407,1/357,258,1,1/407,1/357,,0,0/407,0/357,1:1,7:14,7:14,{},{}
240000001202,CORRECTED_CONTROL_MOD_360,240000004802,50,407,357,1554012323,259,1,1/407,1/357,259,1,1/407,1/357,,0,0/407,0/357,1:1,18:16,18:16,{},{}
240000001202,CORRECTED_CONTROL_MOD_360,240000004802,50,407,357,1591861987,260,1,1/407,1/357,260,1,1/407,1/357,,0,0/407,0/357,1:1,3:13,3:13,{},{}
240000001202,CORRECTED_CONTROL_MOD_360,240000004802,50,407,357,1599986987,261,1,1/407,1/357,261,1,1/407,1/357,,0,0/407,0/357,1:1,3:9,3:9,{},{}
240000001202,CORRECTED_CONTROL_MOD_360,240000004802,50,407,357,1599999487,262,1,1/407,1/357,262,1,1/407,1/357,,0,0/407,0/357,1:1,3:7,3:7,{},{}
240000001202,CORRECTED_CONTROL_MOD_360,240000004802,50,407,357,1748242211,263,1,1/407,1/357,263,1,1/407,1/357,,0,0/407,0/357,1:1,3:16,3:16,{},{}
240000001202,CORRECTED_CONTROL_MOD_360,240000004802,50,407,357,1764389371,264,1,1/407,1/357,264,1,1/407,1/357,,0,0/407,0/357,1:1,16:2,16:2,{},{}
240000001202,CORRECTED_CONTROL_MOD_360,240000004802,50,407,357,2109545323,265,1,1/407,1/357,265,1,1/407,1/357,,0,0/407,0/357,1:1,20:12,20:12,{},{}
240000001202,CORRECTED_CONTROL_MOD_360,240000004802,50,407,357,2142852403,266,1,1/407,1/357,266,1,1/407,1/357,,0,0/407,0/357,1:1,12:4,12:4,{},{}
240000001202,CORRECTED_CONTROL_MOD_360,240000004802,50,407,357,2248999559,267,1,1/407,1/357,267,1,1/407,1/357,,0,0/407,0/357,1:1,12:14,12:14,{},{}
240000001202,CORRECTED_CONTROL_MOD_360,240000004802,50,407,357,2483558827,268,1,1/407,1/357,268,1,1/407,1/357,,0,0/407,0/357,1:1,22:3,22:3,{},{}
240000001202,CORRECTED_CONTROL_MOD_360,240000004802,50,407,357,2917136447,269,1,1/407,1/357,269,1,1/407,1/357,,0,0/407,0/357,1:1,23:2,23:2,{},{}
240000001202,CORRECTED_CONTROL_MOD_360,240000004802,50,407,357,2926690747,270,1,1/407,1/357,270,1,1/407,1/357,,0,0/407,0/357,1:1,13:10,13:10,{},{}
240000001202,CORRECTED_CONTROL_MOD_360,240000004802,50,407,357,6654548683,271,1,1/407,1/357,271,1,1/407,1/357,,0,0/407,0/357,1:1,18:11,18:11,{},{}
240000001202,CORRECTED_CONTROL_MOD_360,240000004802,50,407,357,6982269139,272,1,1/407,1/357,272,1,1/407,1/357,,0,0/407,0/357,1:1,15:15,15:15,{},{}
240000001202,CORRECTED_CONTROL_MOD_360,240000004802,50,407,357,6982747363,273,1,1/407,1/357,273,1,1/407,1/357,,0,0/407,0/357,1:1,7:15,7:15,{},{}
240000001202,CORRECTED_CONTROL_MOD_360,240000004802,50,407,357,7999519139,274,1,1/407,1/357,274,1,1/407,1/357,,0,0/407,0/357,1:1,15:7,15:7,{},{}
240000001202,CORRECTED_CONTROL_MOD_360,240000004802,50,407,357,7999521743,275,1,1/407,1/357,275,1,1/407,1/357,,0,0/407,0/357,1:1,15:1,15:1,{},{}
240000001202,CORRECTED_CONTROL_MOD_360,240000004802,50,407,357,7999929031,276,1,1/407,1/357,276,1,1/407,1/357,,0,0/407,0/357,1:1,11:9,11:9,{},{}
240000001202,CORRECTED_CONTROL_MOD_360,240000004802,50,407,357,8624984911,277,1,1/407,1/357,277,1,1/407,1/357,,0,0/407,0/357,1:1,19:16,19:16,{},{}
240000001202,CORRECTED_CONTROL_MOD_360,240000004802,50,407,357,8739776167,278,1,1/407,1/357,278,1,1/407,1/357,,0,0/407,0/357,1:1,15:16,15:16,{},{}
240000001202,CORRECTED_CONTROL_MOD_360,240000004802,50,407,357,10925915951,279,1,1/407,1/357,279,1,1/407,1/357,,0,0/407,0/357,1:1,14:16,14:16,{},{}
240000001202,CORRECTED_CONTROL_MOD_360,240000004802,50,407,357,14999389723,280,1,1/407,1/357,280,1,1/407,1/357,,0,0/407,0/357,1:1,2:10,2:10,{},{}
240000001202,CORRECTED_CONTROL_MOD_360,240000004802,50,407,357,17166303223,281,1,1/407,1/357,281,1,1/407,1/357,,0,0/407,0/357,1:1,20:15,20:15,{},{}
240000001202,CORRECTED_CONTROL_MOD_360,240000004802,50,407,357,19898274839,282,1,1/407,1/357,282,1,1/407,1/357,,0,0/407,0/357,1:1,2:13,2:13,{},{}
240000001202,CORRECTED_CONTROL_MOD_360,240000004802,50,407,357,19967552299,283,1,1/407,1/357,283,1,1/407,1/357,,0,0/407,0/357,1:1,18:9,18:9,{},{}
240000001202,CORRECTED_CONTROL_MOD_360,240000004802,50,407,357,19996406363,284,1,1/407,1/357,284,1,1/407,1/357,,0,0/407,0/357,1:1,16:7,16:7,{},{}
240000001202,CORRECTED_CONTROL_MOD_360,240000004802,50,407,357,19999955803,285,1,1/407,1/357,285,1,1/407,1/357,,0,0/407,0/357,1:1,12:3,12:3,{},{}
240000001202,CORRECTED_CONTROL_MOD_360,240000004802,50,407,357,23389630843,286,1,1/407,1/357,286,1,1/407,1/357,,0,0/407,0/357,1:1,11:14,11:14,{},{}
240000001202,CORRECTED_CONTROL_MOD_360,240000004802,50,407,357,23883773971,287,1,1/407,1/357,287,1,1/407,1/357,,0,0/407,0/357,1:1,19:2,19:2,{},{}
240000001202,CORRECTED_CONTROL_MOD_360,240000004802,50,407,357,23999023339,288,1,1/407,1/357,288,1,1/407,1/357,,0,0/407,0/357,1:1,7:10,7:10,{},{}
240000001202,CORRECTED_CONTROL_MOD_360,240000004802,50,407,357,23999943343,289,1,1/407,1/357,289,1,1/407,1/357,,0,0/407,0/357,1:1,11:8,11:8,{},{}
240000001202,CORRECTED_CONTROL_MOD_360,240000004802,50,407,357,23999999899,290,1,1/407,1/357,290,1,1/407,1/357,,0,0/407,0/357,1:1,7:2,7:2,{},{}
240000001202,CORRECTED_CONTROL_MOD_360,240000004802,50,407,357,26077318871,291,1,1/407,1/357,291,1,1/407,1/357,,0,0/407,0/357,1:1,22:8,22:8,{},{}
240000001202,CORRECTED_CONTROL_MOD_360,240000004802,50,407,357,29998778627,292,1,1/407,1/357,292,1,1/407,1/357,,0,0/407,0/357,1:1,8:10,8:10,{},{}
240000001202,CORRECTED_CONTROL_MOD_360,240000004802,50,407,357,34913471459,293,1,1/407,1/357,293,1,1/407,1/357,,0,0/407,0/357,1:1,13:15,13:15,{},{}
240000001202,CORRECTED_CONTROL_MOD_360,240000004802,50,407,357,39796546399,294,1,1/407,1/357,294,1,1/407,1/357,,0,0/407,0/357,1:1,9:13,9:13,{},{}
240000001202,CORRECTED_CONTROL_MOD_360,240000004802,50,407,357,39796549679,295,1,1/407,1/357,295,1,1/407,1/357,,0,0/407,0/357,1:1,1:13,1:13,{},{}
240000001202,CORRECTED_CONTROL_MOD_360,240000004802,50,407,357,39991862179,296,1,1/407,1/357,296,1,1/407,1/357,,0,0/407,0/357,1:1,1:11,1:11,{},{}
240000001202,CORRECTED_CONTROL_MOD_360,240000004802,50,407,357,39999674639,297,1,1/407,1/357,297,1,1/407,1/357,,0,0/407,0/357,1:1,5:9,5:9,{},{}
240000001202,CORRECTED_CONTROL_MOD_360,240000004802,50,407,357,39999721459,298,1,1/407,1/357,298,1,1/407,1/357,,0,0/407,0/357,1:1,13:7,13:7,{},{}
240000001202,CORRECTED_CONTROL_MOD_360,240000004802,50,407,357,39999734479,299,1,1/407,1/357,299,1,1/407,1/357,,0,0/407,0/357,1:1,13:1,13:1,{},{}
240000001202,CORRECTED_CONTROL_MOD_360,240000004802,50,407,357,39999983899,300,1,1/407,1/357,300,1,1/407,1/357,,0,0/407,0/357,1:1,9:7,9:7,{},{}
240000001202,CORRECTED_CONTROL_MOD_360,240000004802,50,407,357,40000000199,301,1,1/407,1/357,301,1,1/407,1/357,,0,0/407,0/357,1:1,1:1,1:1,{},{}
240000001202,CORRECTED_CONTROL_MOD_360,240000004802,50,407,357,43706045447,302,1,1/407,1/357,302,1,1/407,1/357,,0,0/407,0/357,1:1,9:16,9:16,{},{}
240000001202,CORRECTED_CONTROL_MOD_360,240000004802,50,407,357,72928411187,303,1,1/407,1/357,303,1,1/407,1/357,,0,0/407,0/357,1:1,23:0,23:0,{},{}
240000001202,CORRECTED_CONTROL_MOD_360,240000004802,50,407,357,114769823999,304,1,1/407,1/357,304,1,1/407,1/357,,0,0/407,0/357,1:1,21:0,21:0,{},{}
240000001202,CORRECTED_CONTROL_MOD_360,240000004802,50,407,357,116883672707,305,1,1/407,1/357,305,1,1/407,1/357,,0,0/407,0/357,1:1,17:14,17:14,{},{}
240000001202,CORRECTED_CONTROL_MOD_360,240000004802,50,407,357,119992826147,306,1,1/407,1/357,306,1,1/407,1/357,,0,0/407,0/357,1:1,15:0,15:0,{},{}
240000001202,CORRECTED_CONTROL_MOD_360,240000004802,50,407,357,119995117787,307,1,1/407,1/357,307,1,1/407,1/357,,0,0/407,0/357,1:1,1:10,1:10,{},{}
240000001202,CORRECTED_CONTROL_MOD_360,240000004802,50,407,357,119999195627,308,1,1/407,1/357,308,1,1/407,1/357,,0,0/407,0/357,1:1,13:6,13:6,{},{}
240000001202,CORRECTED_CONTROL_MOD_360,240000004802,50,407,357,119999805287,309,1,1/407,1/357,309,1,1/407,1/357,,0,0/407,0/357,1:1,1:8,1:8,{},{}
240000001202,CORRECTED_CONTROL_MOD_360,240000004802,50,407,357,119999912027,310,1,1/407,1/357,310,1,1/407,1/357,,0,0/407,0/357,1:1,11:0,11:0,{},{}
240000048838,CORRECTED_CONTROL_MOD_360,240000044158,55,407,352,3,1,139,139/407,139/352,1,137,137/407,137/352,1,2,2/407,2/352,1:137;3:2,1:0;1:4;1:6;1:8;1:10;1:12;1:16;2:2;2:4;2:8;2:10;2:14;2:16;3:2;3:4;3:6;3:8;3:10;3:14;3:16;4:2;4:4;4:8;4:10;4:14;4:16;5:2;5:4;5:8;5:10;5:14;5:16;6:2;6:4;6:8;6:10;6:14;6:16;7:2;7:4;7:8;7:10;7:14;7:16;8:2;8:4;8:8;8:10;8:14;8:16;9:2;9:4;9:8;9:10;9:14;9:16;10:2;10:4;10:8;10:10;10:14;10:16;11:2;11:4;11:8;11:10;11:14;11:16;12:2;12:4;12:8;12:10;12:14;12:16;13:2;13:4;13:8;13:10;13:14;13:16;14:2;14:4;14:8;14:10;14:14;14:16;15:2;15:4;15:8;15:10;15:14;15:16;16:2;16:4;16:8;16:10;16:14;16:16;17:2;17:4;17:8;17:10;17:14;17:16;18:2;18:4;18:8;18:10;18:14;18:16;19:2;19:4;19:8;19:10;19:14;19:16;20:2;20:4;20:8;20:10;20:14;20:16;21:2;21:4;21:8;21:10;21:14;21:16;22:2;22:4;22:8;22:10;22:14;22:16;23:2;23:4;23:8;23:10;23:14,1:0;1:4;1:6;1:10;1:12;1:16;2:2;2:4;2:8;2:10;2:14;2:16;3:2;3:4;3:8;3:10;3:14;3:16;4:2;4:4;4:8;4:10;4:14;4:16;5:2;5:4;5:8;5:10;5:14;5:16;6:2;6:4;6:8;6:10;6:14;6:16;7:2;7:4;7:8;7:10;7:14;7:16;8:2;8:4;8:8;8:10;8:14;8:16;9:2;9:4;9:8;9:10;9:14;9:16;10:2;10:4;10:8;10:10;10:14;10:16;11:2;11:4;11:8;11:10;11:14;11:16;12:2;12:4;12:8;12:10;12:14;12:16;13:2;13:4;13:8;13:10;13:14;13:16;14:2;14:4;14:8;14:10;14:14;14:16;15:2;15:4;15:8;15:10;15:14;15:16;16:2;16:4;16:8;16:10;16:14;16:16;17:2;17:4;17:8;17:10;17:14;17:16;18:2;18:4;18:8;18:10;18:14;18:16;19:2;19:4;19:8;19:10;19:14;19:16;20:2;20:4;20:8;20:10;20:14;20:16;21:2;21:4;21:8;21:10;21:14;21:16;22:2;22:4;22:8;22:10;22:14;22:16;23:2;23:4;23:8;23:10;23:14,"{""3"":[[1,8],[3,6]]}","{""3"":""81""}"
240000048838,CORRECTED_CONTROL_MOD_360,240000044158,55,407,352,7,2,46,46/407,46/352,2,46,46/407,46/352,,0,0/407,0/352,1:46,0:5;1:0;1:6;1:12;2:4;2:10;3:1;3:7;3:13;5:3;5:9;5:15;6:5;6:11;7:0;7:6;8:4;8:16;9:1;9:7;11:3;11:9;11:15;12:5;12:11;13:0;13:6;13:12;14:10;14:16;15:1;15:7;15:13;17:3;17:9;18:11;19:0;19:6;19:12;20:4;20:10;20:16;21:1;21:13;23:9;23:15,0:5;1:0;1:6;1:12;2:4;2:10;3:1;3:7;3:13;5:3;5:9;5:15;6:5;6:11;7:0;7:6;8:4;8:16;9:1;9:7;11:3;11:9;11:15;12:5;12:11;13:0;13:6;13:12;14:10;14:16;15:1;15:7;15:13;17:3;17:9;18:11;19:0;19:6;19:12;20:4;20:10;20:16;21:1;21:13;23:9;23:15,{},{}
240000048838,CORRECTED_CONTROL_MOD_360,240000044158,55,407,352,19,3,21,21/407,21/352,3,21,21/407,21/352,,0,0/407,0/352,1:21,2:2;2:11;3:6;3:15;8:5;8:14;9:7;9:16;11:1;11:10;12:8;13:0;13:9;14:3;14:12;16:4;16:13;20:2;20:11;21:6;21:15,2:2;2:11;3:6;3:15;8:5;8:14;9:7;9:16;11:1;11:10;12:8;13:0;13:9;14:3;14:12;16:4;16:13;20:2;20:11;21:6;21:15,{},{}
240000048838,CORRECTED_CONTROL_MOD_360,240000044158,55,407,352,23,4,17,17/407,17/352,4,17,17/407,17/352,,0,0/407,0/352,1:17,0:0;2:8;3:13;4:14;6:10;8:15;10:7;11:0;12:11;13:8;14:13;15:14;17:10;19:15;21:7;22:0;23:11,0:0;2:8;3:13;4:14;6:10;8:15;10:7;11:0;12:11;13:8;14:13;15:14;17:10;19:15;21:7;22:0;23:11,{},{}
240000048838,CORRECTED_CONTROL_MOD_360,240000044158,55,407,352,31,5,16,16/407,16/352,5,16,16/407,16/352,,0,0/407,0/352,1:16,12:0;12:6;12:9;12:12;12:15;18:1;18:4;18:7;18:10;18:13;18:16;21:2;21:5;21:8;21:11;21:14,12:0;12:6;12:9;12:12;12:15;18:1;18:4;18:7;18:10;18:13;18:16;21:2;21:5;21:8;21:11;21:14,{},{}
240000048838,CORRECTED_CONTROL_MOD_360,240000044158,55,407,352,43,6,11,11/407,11/352,6,11,11/407,11/352,,0,0/407,0/352,1:11,0:2;1:4;5:12;8:0;9:7;10:6;11:3;12:9;14:13;18:11;22:5,0:2;1:4;5:12;8:0;9:7;10:6;11:3;12:9;14:13;18:11;22:5,{},{}
240000048838,CORRECTED_CONTROL_MOD_360,240000044158,55,407,352,47,7,10,10/407,10/352,7,10,10/407,10/352,,0,0/407,0/352,1:10,3:10;4:1;5:3;7:4;8:7;12:14;14:2;19:6;21:12;22:5,3:10;4:1;5:3;7:4;8:7;12:14;14:2;19:6;21:12;22:5,{},{}
240000048838,CORRECTED_CONTROL_MOD_360,240000044158,55,407,352,79,8,7,7/407,7/352,8,7,7/407,7/352,,0,0/407,0/352,1:7,7:1;10:13;15:0;18:7;19:15;21:11;22:9,7:1;10:13;15:0;18:7;19:15;21:11;22:9,{},{}
240000048838,CORRECTED_CONTROL_MOD_360,240000044158,55,407,352,59,9,6,6/407,6/352,9,6,6/407,6/352,,0,0/407,0/352,1:6,3:13;5:9;7:15;9:16;15:3;18:5,3:13;5:9;7:15;9:16;15:3;18:5,{},{}
240000048838,CORRECTED_CONTROL_MOD_360,240000044158,55,407,352,67,10,5,5/407,5/352,10,5,5/407,5/352,,0,0/407,0/352,1:5,1:9;12:6;15:2;17:7;23:9,1:9;12:6;15:2;17:7;23:9,{},{}
240000048838,CORRECTED_CONTROL_MOD_360,240000044158,55,407,352,83,11,4,4/407,4/352,11,4,4/407,4/352,,0,0/407,0/352,1:4,9:8;12:13;19:7;21:9,9:8;12:13;19:7;21:9,{},{}
240000048838,CORRECTED_CONTROL_MOD_360,240000044158,55,407,352,127,12,4,4/407,4/352,12,4,4/407,4/352,,0,0/407,0/352,1:4,2:0;10:12;19:3;23:11,2:0;10:12;19:3;23:11,{},{}
240000048838,CORRECTED_CONTROL_MOD_360,240000044158,55,407,352,131,13,3,3/407,3/352,13,3,3/407,3/352,,0,0/407,0/352,1:3,4:12;10:10;15:8,4:12;10:10;15:8,{},{}
240000048838,CORRECTED_CONTROL_MOD_360,240000044158,55,407,352,151,14,3,3/407,3/352,14,3,3/407,3/352,,0,0/407,0/352,1:3,1:8;5:12;15:11,1:8;5:12;15:11,{},{}
240000048838,CORRECTED_CONTROL_MOD_360,240000044158,55,407,352,199,15,3,3/407,3/352,15,3,3/407,3/352,,0,0/407,0/352,1:3,2:2;17:3;20:6,2:2;17:3;20:6,{},{}
240000048838,CORRECTED_CONTROL_MOD_360,240000044158,55,407,352,263,16,3,3/407,3/352,16,3,3/407,3/352,,0,0/407,0/352,1:3,8:8;14:1;15:16,8:8;14:1;15:16,{},{}
240000048838,CORRECTED_CONTROL_MOD_360,240000044158,55,407,352,271,17,3,3/407,3/352,17,3,3/407,3/352,,0,0/407,0/352,1:3,4:0;8:2;15:4,4:0;8:2;15:4,{},{}
240000048838,CORRECTED_CONTROL_MOD_360,240000044158,55,407,352,331,18,3,3/407,3/352,18,3,3/407,3/352,,0,0/407,0/352,1:3,0:14;4:0;15:2,0:14;4:0;15:2,{},{}
240000048838,CORRECTED_CONTROL_MOD_360,240000044158,55,407,352,367,19,3,3/407,3/352,19,3,3/407,3/352,,0,0/407,0/352,1:3,6:14;8:7;22:3,6:14;8:7;22:3,{},{}
240000048838,CORRECTED_CONTROL_MOD_360,240000044158,55,407,352,103,20,2,2/407,2/352,20,2,2/407,2/352,,0,0/407,0/352,1:2,10:2;22:10,10:2;22:10,{},{}
240000048838,CORRECTED_CONTROL_MOD_360,240000044158,55,407,352,107,21,2,2/407,2/352,21,2,2/407,2/352,,0,0/407,0/352,1:2,13:13;15:8,13:13;15:8,{},{}
240000048838,CORRECTED_CONTROL_MOD_360,240000044158,55,407,352,167,22,2,2/407,2/352,22,2,2/407,2/352,,0,0/407,0/352,1:2,10:9;16:2,10:9;16:2,{},{}
240000048838,CORRECTED_CONTROL_MOD_360,240000044158,55,407,352,179,23,2,2/407,2/352,23,2,2/407,2/352,,0,0/407,0/352,1:2,4:6;16:15,4:6;16:15,{},{}
240000048838,CORRECTED_CONTROL_MOD_360,240000044158,55,407,352,191,24,2,2/407,2/352,24,2,2/407,2/352,,0,0/407,0/352,1:2,10:8;17:6,10:8;17:6,{},{}
240000048838,CORRECTED_CONTROL_MOD_360,240000044158,55,407,352,251,25,2,2/407,2/352,25,2,2/407,2/352,,0,0/407,0/352,1:2,0:9;16:3,0:9;16:3,{},{}
240000048838,CORRECTED_CONTROL_MOD_360,240000044158,55,407,352,311,26,2,2/407,2/352,26,2,2/407,2/352,,0,0/407,0/352,1:2,8:0;16:7,8:0;16:7,{},{}
240000048838,CORRECTED_CONTROL_MOD_360,240000044158,55,407,352,359,27,2,2/407,2/352,27,2,2/407,2/352,,0,0/407,0/352,1:2,9:8;16:7,9:8;16:7,{},{}
240000048838,CORRECTED_CONTROL_MOD_360,240000044158,55,407,352,379,28,2,2/407,2/352,28,2,2/407,2/352,,0,0/407,0/352,1:2,8:7;12:6,8:7;12:6,{},{}
240000048838,CORRECTED_CONTROL_MOD_360,240000044158,55,407,352,383,29,2,2/407,2/352,29,2,2/407,2/352,,0,0/407,0/352,1:2,9:8;13:11,9:8;13:11,{},{}
240000048838,CORRECTED_CONTROL_MOD_360,240000044158,55,407,352,499,30,2,2/407,2/352,30,2,2/407,2/352,,0,0/407,0/352,1:2,18:11;21:2,18:11;21:2,{},{}
240000048838,CORRECTED_CONTROL_MOD_360,240000044158,55,407,352,659,31,2,2/407,2/352,31,2,2/407,2/352,,0,0/407,0/352,1:2,3:14;8:2,3:14;8:2,{},{}
240000048838,CORRECTED_CONTROL_MOD_360,240000044158,55,407,352,2039,32,2,2/407,2/352,32,2,2/407,2/352,,0,0/407,0/352,1:2,9:5;11:4,9:5;11:4,{},{}
240000048838,CORRECTED_CONTROL_MOD_360,240000044158,55,407,352,3967,33,2,2/407,2/352,33,2,2/407,2/352,,0,0/407,0/352,1:2,1:3;14:9,1:3;14:9,{},{}
240000048838,CORRECTED_CONTROL_MOD_360,240000044158,55,407,352,223,34,1,1/407,1/352,34,1,1/407,1/352,,0,0/407,0/352,1:1,10:6,10:6,{},{}
240000048838,CORRECTED_CONTROL_MOD_360,240000044158,55,407,352,227,35,1,1/407,1/352,35,1,1/407,1/352,,0,0/407,0/352,1:1,13:7,13:7,{},{}
240000048838,CORRECTED_CONTROL_MOD_360,240000044158,55,407,352,239,36,1,1/407,1/352,36,1,1/407,1/352,,0,0/407,0/352,1:1,19:9,19:9,{},{}
240000048838,CORRECTED_CONTROL_MOD_360,240000044158,55,407,352,283,37,1,1/407,1/352,37,1,1/407,1/352,,0,0/407,0/352,1:1,10:14,10:14,{},{}
240000048838,CORRECTED_CONTROL_MOD_360,240000044158,55,407,352,307,38,1,1/407,1/352,38,1,1/407,1/352,,0,0/407,0/352,1:1,10:8,10:8,{},{}
240000048838,CORRECTED_CONTROL_MOD_360,240000044158,55,407,352,347,39,1,1/407,1/352,39,1,1/407,1/352,,0,0/407,0/352,1:1,2:1,2:1,{},{}
240000048838,CORRECTED_CONTROL_MOD_360,240000044158,55,407,352,419,40,1,1/407,1/352,40,1,1/407,1/352,,0,0/407,0/352,1:1,16:12,16:12,{},{}
240000048838,CORRECTED_CONTROL_MOD_360,240000044158,55,407,352,431,41,1,1/407,1/352,41,1,1/407,1/352,,0,0/407,0/352,1:1,5:11,5:11,{},{}
240000048838,CORRECTED_CONTROL_MOD_360,240000044158,55,407,352,443,42,1,1/407,1/352,42,1,1/407,1/352,,0,0/407,0/352,1:1,15:3,15:3,{},{}
240000048838,CORRECTED_CONTROL_MOD_360,240000044158,55,407,352,463,43,1,1/407,1/352,43,1,1/407,1/352,,0,0/407,0/352,1:1,14:9,14:9,{},{}
240000048838,CORRECTED_CONTROL_MOD_360,240000044158,55,407,352,487,44,1,1/407,1/352,44,1,1/407,1/352,,0,0/407,0/352,1:1,5:15,5:15,{},{}
240000048838,CORRECTED_CONTROL_MOD_360,240000044158,55,407,352,491,45,1,1/407,1/352,45,1,1/407,1/352,,0,0/407,0/352,1:1,9:2,9:2,{},{}
240000048838,CORRECTED_CONTROL_MOD_360,240000044158,55,407,352,523,46,1,1/407,1/352,46,1,1/407,1/352,,0,0/407,0/352,1:1,15:16,15:16,{},{}
240000048838,CORRECTED_CONTROL_MOD_360,240000044158,55,407,352,563,47,1,1/407,1/352,47,1,1/407,1/352,,0,0/407,0/352,1:1,13:9,13:9,{},{}
240000048838,CORRECTED_CONTROL_MOD_360,240000044158,55,407,352,587,48,1,1/407,1/352,48,1,1/407,1/352,,0,0/407,0/352,1:1,13:3,13:3,{},{}
240000048838,CORRECTED_CONTROL_MOD_360,240000044158,55,407,352,619,49,1,1/407,1/352,49,1,1/407,1/352,,0,0/407,0/352,1:1,16:4,16:4,{},{}
240000048838,CORRECTED_CONTROL_MOD_360,240000044158,55,407,352,683,50,1,1/407,1/352,50,1,1/407,1/352,,0,0/407,0/352,1:1,12:16,12:16,{},{}
240000048838,CORRECTED_CONTROL_MOD_360,240000044158,55,407,352,719,51,1,1/407,1/352,51,1,1/407,1/352,,0,0/407,0/352,1:1,4:1,4:1,{},{}
240000048838,CORRECTED_CONTROL_MOD_360,240000044158,55,407,352,823,52,1,1/407,1/352,52,1,1/407,1/352,,0,0/407,0/352,1:1,21:2,21:2,{},{}
240000048838,CORRECTED_CONTROL_MOD_360,240000044158,55,407,352,1019,53,1,1/407,1/352,53,1,1/407,1/352,,0,0/407,0/352,1:1,5:13,5:13,{},{}
240000048838,CORRECTED_CONTROL_MOD_360,240000044158,55,407,352,1039,54,1,1/407,1/352,54,1,1/407,1/352,,0,0/407,0/352,1:1,23:10,23:10,{},{}
240000048838,CORRECTED_CONTROL_MOD_360,240000044158,55,407,352,1151,55,1,1/407,1/352,55,1,1/407,1/352,,0,0/407,0/352,1:1,20:6,20:6,{},{}
240000048838,CORRECTED_CONTROL_MOD_360,240000044158,55,407,352,1231,56,1,1/407,1/352,56,1,1/407,1/352,,0,0/407,0/352,1:1,2:2,2:2,{},{}
240000048838,CORRECTED_CONTROL_MOD_360,240000044158,55,407,352,1259,57,1,1/407,1/352,57,1,1/407,1/352,,0,0/407,0/352,1:1,22:1,22:1,{},{}
240000048838,CORRECTED_CONTROL_MOD_360,240000044158,55,407,352,1279,58,1,1/407,1/352,58,1,1/407,1/352,,0,0/407,0/352,1:1,2:7,2:7,{},{}
240000048838,CORRECTED_CONTROL_MOD_360,240000044158,55,407,352,1283,59,1,1/407,1/352,59,1,1/407,1/352,,0,0/407,0/352,1:1,5:9,5:9,{},{}
240000048838,CORRECTED_CONTROL_MOD_360,240000044158,55,407,352,1367,60,1,1/407,1/352,60,1,1/407,1/352,,0,0/407,0/352,1:1,20:16,20:16,{},{}
240000048838,CORRECTED_CONTROL_MOD_360,240000044158,55,407,352,1523,61,1,1/407,1/352,61,1,1/407,1/352,,0,0/407,0/352,1:1,2:4,2:4,{},{}
240000048838,CORRECTED_CONTROL_MOD_360,240000044158,55,407,352,1811,62,1,1/407,1/352,62,1,1/407,1/352,,0,0/407,0/352,1:1,12:13,12:13,{},{}
240000048838,CORRECTED_CONTROL_MOD_360,240000044158,55,407,352,1847,63,1,1/407,1/352,63,1,1/407,1/352,,0,0/407,0/352,1:1,21:8,21:8,{},{}
240000048838,CORRECTED_CONTROL_MOD_360,240000044158,55,407,352,1879,64,1,1/407,1/352,64,1,1/407,1/352,,0,0/407,0/352,1:1,23:10,23:10,{},{}
240000048838,CORRECTED_CONTROL_MOD_360,240000044158,55,407,352,1951,65,1,1/407,1/352,65,1,1/407,1/352,,0,0/407,0/352,1:1,9:0,9:0,{},{}
240000048838,CORRECTED_CONTROL_MOD_360,240000044158,55,407,352,2099,66,1,1/407,1/352,66,1,1/407,1/352,,0,0/407,0/352,1:1,4:16,4:16,{},{}
240000048838,CORRECTED_CONTROL_MOD_360,240000044158,55,407,352,2179,67,1,1/407,1/352,67,1,1/407,1/352,,0,0/407,0/352,1:1,2:15,2:15,{},{}
240000048838,CORRECTED_CONTROL_MOD_360,240000044158,55,407,352,2287,68,1,1/407,1/352,68,1,1/407,1/352,,0,0/407,0/352,1:1,2:3,2:3,{},{}
240000048838,CORRECTED_CONTROL_MOD_360,240000044158,55,407,352,2459,69,1,1/407,1/352,69,1,1/407,1/352,,0,0/407,0/352,1:1,15:5,15:5,{},{}
240000048838,CORRECTED_CONTROL_MOD_360,240000044158,55,407,352,2467,70,1,1/407,1/352,70,1,1/407,1/352,,0,0/407,0/352,1:1,7:9,7:9,{},{}
240000048838,CORRECTED_CONTROL_MOD_360,240000044158,55,407,352,2579,71,1,1/407,1/352,71,1,1/407,1/352,,0,0/407,0/352,1:1,23:9,23:9,{},{}
240000048838,CORRECTED_CONTROL_MOD_360,240000044158,55,407,352,2719,72,1,1/407,1/352,72,1,1/407,1/352,,0,0/407,0/352,1:1,12:1,12:1,{},{}
240000048838,CORRECTED_CONTROL_MOD_360,240000044158,55,407,352,2879,73,1,1/407,1/352,73,1,1/407,1/352,,0,0/407,0/352,1:1,11:1,11:1,{},{}
240000048838,CORRECTED_CONTROL_MOD_360,240000044158,55,407,352,2971,74,1,1/407,1/352,74,1,1/407,1/352,,0,0/407,0/352,1:1,0:7,0:7,{},{}
240000048838,CORRECTED_CONTROL_MOD_360,240000044158,55,407,352,3079,75,1,1/407,1/352,75,1,1/407,1/352,,0,0/407,0/352,1:1,2:7,2:7,{},{}
240000048838,CORRECTED_CONTROL_MOD_360,240000044158,55,407,352,3119,76,1,1/407,1/352,76,1,1/407,1/352,,0,0/407,0/352,1:1,5:8,5:8,{},{}
240000048838,CORRECTED_CONTROL_MOD_360,240000044158,55,407,352,3187,77,1,1/407,1/352,77,1,1/407,1/352,,0,0/407,0/352,1:1,20:6,20:6,{},{}
240000048838,CORRECTED_CONTROL_MOD_360,240000044158,55,407,352,3191,78,1,1/407,1/352,78,1,1/407,1/352,,0,0/407,0/352,1:1,20:8,20:8,{},{}
240000048838,CORRECTED_CONTROL_MOD_360,240000044158,55,407,352,3203,79,1,1/407,1/352,79,1,1/407,1/352,,0,0/407,0/352,1:1,10:14,10:14,{},{}
240000048838,CORRECTED_CONTROL_MOD_360,240000044158,55,407,352,3307,80,1,1/407,1/352,80,1,1/407,1/352,,0,0/407,0/352,1:1,7:12,7:12,{},{}
240000048838,CORRECTED_CONTROL_MOD_360,240000044158,55,407,352,3491,81,1,1/407,1/352,81,1,1/407,1/352,,0,0/407,0/352,1:1,19:11,19:11,{},{}
240000048838,CORRECTED_CONTROL_MOD_360,240000044158,55,407,352,4099,82,1,1/407,1/352,82,1,1/407,1/352,,0,0/407,0/352,1:1,11:5,11:5,{},{}
240000048838,CORRECTED_CONTROL_MOD_360,240000044158,55,407,352,4111,83,1,1/407,1/352,83,1,1/407,1/352,,0,0/407,0/352,1:1,11:7,11:7,{},{}
240000048838,CORRECTED_CONTROL_MOD_360,240000044158,55,407,352,4507,84,1,1/407,1/352,84,1,1/407,1/352,,0,0/407,0/352,1:1,5:2,5:2,{},{}
240000048838,CORRECTED_CONTROL_MOD_360,240000044158,55,407,352,4519,85,1,1/407,1/352,85,1,1/407,1/352,,0,0/407,0/352,1:1,12:4,12:4,{},{}
240000048838,CORRECTED_CONTROL_MOD_360,240000044158,55,407,352,4547,86,1,1/407,1/352,86,1,1/407,1/352,,0,0/407,0/352,1:1,6:12,6:12,{},{}
240000048838,CORRECTED_CONTROL_MOD_360,240000044158,55,407,352,5179,87,1,1/407,1/352,87,1,1/407,1/352,,0,0/407,0/352,1:1,9:11,9:11,{},{}
240000048838,CORRECTED_CONTROL_MOD_360,240000044158,55,407,352,5347,88,1,1/407,1/352,88,1,1/407,1/352,,0,0/407,0/352,1:1,2:12,2:12,{},{}
240000048838,CORRECTED_CONTROL_MOD_360,240000044158,55,407,352,5827,89,1,1/407,1/352,89,1,1/407,1/352,,0,0/407,0/352,1:1,16:2,16:2,{},{}
240000048838,CORRECTED_CONTROL_MOD_360,240000044158,55,407,352,5851,90,1,1/407,1/352,90,1,1/407,1/352,,0,0/407,0/352,1:1,22:8,22:8,{},{}
240000048838,CORRECTED_CONTROL_MOD_360,240000044158,55,407,352,6311,91,1,1/407,1/352,91,1,1/407,1/352,,0,0/407,0/352,1:1,14:16,14:16,{},{}
240000048838,CORRECTED_CONTROL_MOD_360,240000044158,55,407,352,6323,92,1,1/407,1/352,92,1,1/407,1/352,,0,0/407,0/352,1:1,7:12,7:12,{},{}
240000048838,CORRECTED_CONTROL_MOD_360,240000044158,55,407,352,8363,93,1,1/407,1/352,93,1,1/407,1/352,,0,0/407,0/352,1:1,2:9,2:9,{},{}
240000048838,CORRECTED_CONTROL_MOD_360,240000044158,55,407,352,8387,94,1,1/407,1/352,94,1,1/407,1/352,,0,0/407,0/352,1:1,11:16,11:16,{},{}
240000048838,CORRECTED_CONTROL_MOD_360,240000044158,55,407,352,8803,95,1,1/407,1/352,95,1,1/407,1/352,,0,0/407,0/352,1:1,23:12,23:12,{},{}
240000048838,CORRECTED_CONTROL_MOD_360,240000044158,55,407,352,8831,96,1,1/407,1/352,96,1,1/407,1/352,,0,0/407,0/352,1:1,18:9,18:9,{},{}
240000048838,CORRECTED_CONTROL_MOD_360,240000044158,55,407,352,8839,97,1,1/407,1/352,97,1,1/407,1/352,,0,0/407,0/352,1:1,15:9,15:9,{},{}
240000048838,CORRECTED_CONTROL_MOD_360,240000044158,55,407,352,8887,98,1,1/407,1/352,98,1,1/407,1/352,,0,0/407,0/352,1:1,9:0,9:0,{},{}
240000048838,CORRECTED_CONTROL_MOD_360,240000044158,55,407,352,8923,99,1,1/407,1/352,99,1,1/407,1/352,,0,0/407,0/352,1:1,16:12,16:12,{},{}
240000048838,CORRECTED_CONTROL_MOD_360,240000044158,55,407,352,9011,100,1,1/407,1/352,100,1,1/407,1/352,,0,0/407,0/352,1:1,11:12,11:12,{},{}
240000048838,CORRECTED_CONTROL_MOD_360,240000044158,55,407,352,9091,101,1,1/407,1/352,101,1,1/407,1/352,,0,0/407,0/352,1:1,13:13,13:13,{},{}
240000048838,CORRECTED_CONTROL_MOD_360,240000044158,55,407,352,9187,102,1,1/407,1/352,102,1,1/407,1/352,,0,0/407,0/352,1:1,0:2,0:2,{},{}
240000048838,CORRECTED_CONTROL_MOD_360,240000044158,55,407,352,9311,103,1,1/407,1/352,103,1,1/407,1/352,,0,0/407,0/352,1:1,11:11,11:11,{},{}
240000048838,CORRECTED_CONTROL_MOD_360,240000044158,55,407,352,9791,104,1,1/407,1/352,104,1,1/407,1/352,,0,0/407,0/352,1:1,0:14,0:14,{},{}
240000048838,CORRECTED_CONTROL_MOD_360,240000044158,55,407,352,10711,105,1,1/407,1/352,105,1,1/407,1/352,,0,0/407,0/352,1:1,0:0,0:0,{},{}
240000048838,CORRECTED_CONTROL_MOD_360,240000044158,55,407,352,10771,106,1,1/407,1/352,106,1,1/407,1/352,,0,0/407,0/352,1:1,1:16,1:16,{},{}
240000048838,CORRECTED_CONTROL_MOD_360,240000044158,55,407,352,10867,107,1,1/407,1/352,107,1,1/407,1/352,,0,0/407,0/352,1:1,8:1,8:1,{},{}
240000048838,CORRECTED_CONTROL_MOD_360,240000044158,55,407,352,11423,108,1,1/407,1/352,108,1,1/407,1/352,,0,0/407,0/352,1:1,14:4,14:4,{},{}
240000048838,CORRECTED_CONTROL_MOD_360,240000044158,55,407,352,11587,109,1,1/407,1/352,109,1,1/407,1/352,,0,0/407,0/352,1:1,12:12,12:12,{},{}
240000048838,CORRECTED_CONTROL_MOD_360,240000044158,55,407,352,11743,110,1,1/407,1/352,110,1,1/407,1/352,,0,0/407,0/352,1:1,9:4,9:4,{},{}
240000048838,CORRECTED_CONTROL_MOD_360,240000044158,55,407,352,11923,111,1,1/407,1/352,111,1,1/407,1/352,,0,0/407,0/352,1:1,4:13,4:13,{},{}
240000048838,CORRECTED_CONTROL_MOD_360,240000044158,55,407,352,12451,112,1,1/407,1/352,112,1,1/407,1/352,,0,0/407,0/352,1:1,23:10,23:10,{},{}
240000048838,CORRECTED_CONTROL_MOD_360,240000044158,55,407,352,12491,113,1,1/407,1/352,113,1,1/407,1/352,,0,0/407,0/352,1:1,22:5,22:5,{},{}
240000048838,CORRECTED_CONTROL_MOD_360,240000044158,55,407,352,15803,114,1,1/407,1/352,114,1,1/407,1/352,,0,0/407,0/352,1:1,16:7,16:7,{},{}
240000048838,CORRECTED_CONTROL_MOD_360,240000044158,55,407,352,16363,115,1,1/407,1/352,115,1,1/407,1/352,,0,0/407,0/352,1:1,23:4,23:4,{},{}
240000048838,CORRECTED_CONTROL_MOD_360,240000044158,55,407,352,16451,116,1,1/407,1/352,116,1,1/407,1/352,,0,0/407,0/352,1:1,3:16,3:16,{},{}
240000048838,CORRECTED_CONTROL_MOD_360,240000044158,55,407,352,17519,117,1,1/407,1/352,117,1,1/407,1/352,,0,0/407,0/352,1:1,6:13,6:13,{},{}
240000048838,CORRECTED_CONTROL_MOD_360,240000044158,55,407,352,18043,118,1,1/407,1/352,118,1,1/407,1/352,,0,0/407,0/352,1:1,0:14,0:14,{},{}
240000048838,CORRECTED_CONTROL_MOD_360,240000044158,55,407,352,19163,119,1,1/407,1/352,119,1,1/407,1/352,,0,0/407,0/352,1:1,14:3,14:3,{},{}
240000048838,CORRECTED_CONTROL_MOD_360,240000044158,55,407,352,19867,120,1,1/407,1/352,120,1,1/407,1/352,,0,0/407,0/352,1:1,12:15,12:15,{},{}
240000048838,CORRECTED_CONTROL_MOD_360,240000044158,55,407,352,20599,121,1,1/407,1/352,121,1,1/407,1/352,,0,0/407,0/352,1:1,23:13,23:13,{},{}
240000048838,CORRECTED_CONTROL_MOD_360,240000044158,55,407,352,21379,122,1,1/407,1/352,122,1,1/407,1/352,,0,0/407,0/352,1:1,21:3,21:3,{},{}
240000048838,CORRECTED_CONTROL_MOD_360,240000044158,55,407,352,21383,123,1,1/407,1/352,123,1,1/407,1/352,,0,0/407,0/352,1:1,23:8,23:8,{},{}
240000048838,CORRECTED_CONTROL_MOD_360,240000044158,55,407,352,21503,124,1,1/407,1/352,124,1,1/407,1/352,,0,0/407,0/352,1:1,10:14,10:14,{},{}
240000048838,CORRECTED_CONTROL_MOD_360,240000044158,55,407,352,23071,125,1,1/407,1/352,125,1,1/407,1/352,,0,0/407,0/352,1:1,0:5,0:5,{},{}
240000048838,CORRECTED_CONTROL_MOD_360,240000044158,55,407,352,23539,126,1,1/407,1/352,126,1,1/407,1/352,,0,0/407,0/352,1:1,10:15,10:15,{},{}
240000048838,CORRECTED_CONTROL_MOD_360,240000044158,55,407,352,23567,127,1,1/407,1/352,127,1,1/407,1/352,,0,0/407,0/352,1:1,23:0,23:0,{},{}
240000048838,CORRECTED_CONTROL_MOD_360,240000044158,55,407,352,24547,128,1,1/407,1/352,128,1,1/407,1/352,,0,0/407,0/352,1:1,13:13,13:13,{},{}
240000048838,CORRECTED_CONTROL_MOD_360,240000044158,55,407,352,25391,129,1,1/407,1/352,129,1,1/407,1/352,,0,0/407,0/352,1:1,5:3,5:3,{},{}
240000048838,CORRECTED_CONTROL_MOD_360,240000044158,55,407,352,30911,130,1,1/407,1/352,130,1,1/407,1/352,,0,0/407,0/352,1:1,17:5,17:5,{},{}
240000048838,CORRECTED_CONTROL_MOD_360,240000044158,55,407,352,31547,131,1,1/407,1/352,131,1,1/407,1/352,,0,0/407,0/352,1:1,3:1,3:1,{},{}
240000048838,CORRECTED_CONTROL_MOD_360,240000044158,55,407,352,35731,132,1,1/407,1/352,132,1,1/407,1/352,,0,0/407,0/352,1:1,14:4,14:4,{},{}
240000048838,CORRECTED_CONTROL_MOD_360,240000044158,55,407,352,35963,133,1,1/407,1/352,133,1,1/407,1/352,,0,0/407,0/352,1:1,11:1,11:1,{},{}
240000048838,CORRECTED_CONTROL_MOD_360,240000044158,55,407,352,40039,134,1,1/407,1/352,134,1,1/407,1/352,,0,0/407,0/352,1:1,17:16,17:16,{},{}
240000048838,CORRECTED_CONTROL_MOD_360,240000044158,55,407,352,41467,135,1,1/407,1/352,135,1,1/407,1/352,,0,0/407,0/352,1:1,0:3,0:3,{},{}
240000048838,CORRECTED_CONTROL_MOD_360,240000044158,55,407,352,44111,136,1,1/407,1/352,136,1,1/407,1/352,,0,0/407,0/352,1:1,4:8,4:8,{},{}
240000048838,CORRECTED_CONTROL_MOD_360,240000044158,55,407,352,44927,137,1,1/407,1/352,137,1,1/407,1/352,,0,0/407,0/352,1:1,1:15,1:15,{},{}
240000048838,CORRECTED_CONTROL_MOD_360,240000044158,55,407,352,49843,138,1,1/407,1/352,138,1,1/407,1/352,,0,0/407,0/352,1:1,18:11,18:11,{},{}
240000048838,CORRECTED_CONTROL_MOD_360,240000044158,55,407,352,50363,139,1,1/407,1/352,139,1,1/407,1/352,,0,0/407,0/352,1:1,8:4,8:4,{},{}
240000048838,CORRECTED_CONTROL_MOD_360,240000044158,55,407,352,51563,140,1,1/407,1/352,140,1,1/407,1/352,,0,0/407,0/352,1:1,12:11,12:11,{},{}
240000048838,CORRECTED_CONTROL_MOD_360,240000044158,55,407,352,51691,141,1,1/407,1/352,141,1,1/407,1/352,,0,0/407,0/352,1:1,19:15,19:15,{},{}
240000048838,CORRECTED_CONTROL_MOD_360,240000044158,55,407,352,52583,142,1,1/407,1/352,142,1,1/407,1/352,,0,0/407,0/352,1:1,19:16,19:16,{},{}
240000048838,CORRECTED_CONTROL_MOD_360,240000044158,55,407,352,55763,143,1,1/407,1/352,143,1,1/407,1/352,,0,0/407,0/352,1:1,5:1,5:1,{},{}
240000048838,CORRECTED_CONTROL_MOD_360,240000044158,55,407,352,56731,144,1,1/407,1/352,144,1,1/407,1/352,,0,0/407,0/352,1:1,8:4,8:4,{},{}
240000048838,CORRECTED_CONTROL_MOD_360,240000044158,55,407,352,68639,145,1,1/407,1/352,145,1,1/407,1/352,,0,0/407,0/352,1:1,16:3,16:3,{},{}
240000048838,CORRECTED_CONTROL_MOD_360,240000044158,55,407,352,68767,146,1,1/407,1/352,146,1,1/407,1/352,,0,0/407,0/352,1:1,23:0,23:0,{},{}
240000048838,CORRECTED_CONTROL_MOD_360,240000044158,55,407,352,86951,147,1,1/407,1/352,147,1,1/407,1/352,,0,0/407,0/352,1:1,11:12,11:12,{},{}
240000048838,CORRECTED_CONTROL_MOD_360,240000044158,55,407,352,100907,148,1,1/407,1/352,148,1,1/407,1/352,,0,0/407,0/352,1:1,19:0,19:0,{},{}
240000048838,CORRECTED_CONTROL_MOD_360,240000044158,55,407,352,101383,149,1,1/407,1/352,149,1,1/407,1/352,,0,0/407,0/352,1:1,3:9,3:9,{},{}
240000048838,CORRECTED_CONTROL_MOD_360,240000044158,55,407,352,105899,150,1,1/407,1/352,150,1,1/407,1/352,,0,0/407,0/352,1:1,15:16,15:16,{},{}
240000048838,CORRECTED_CONTROL_MOD_360,240000044158,55,407,352,121283,151,1,1/407,1/352,151,1,1/407,1/352,,0,0/407,0/352,1:1,13:6,13:6,{},{}
240000048838,CORRECTED_CONTROL_MOD_360,240000044158,55,407,352,123791,152,1,1/407,1/352,152,1,1/407,1/352,,0,0/407,0/352,1:1,0:1,0:1,{},{}
240000048838,CORRECTED_CONTROL_MOD_360,240000044158,55,407,352,126131,153,1,1/407,1/352,153,1,1/407,1/352,,0,0/407,0/352,1:1,2:3,2:3,{},{}
240000048838,CORRECTED_CONTROL_MOD_360,240000044158,55,407,352,130787,154,1,1/407,1/352,154,1,1/407,1/352,,0,0/407,0/352,1:1,16:4,16:4,{},{}
240000048838,CORRECTED_CONTROL_MOD_360,240000044158,55,407,352,133631,155,1,1/407,1/352,155,1,1/407,1/352,,0,0/407,0/352,1:1,21:8,21:8,{},{}
240000048838,CORRECTED_CONTROL_MOD_360,240000044158,55,407,352,134851,156,1,1/407,1/352,156,1,1/407,1/352,,0,0/407,0/352,1:1,4:12,4:12,{},{}
240000048838,CORRECTED_CONTROL_MOD_360,240000044158,55,407,352,135131,157,1,1/407,1/352,157,1,1/407,1/352,,0,0/407,0/352,1:1,11:14,11:14,{},{}
240000048838,CORRECTED_CONTROL_MOD_360,240000044158,55,407,352,142271,158,1,1/407,1/352,158,1,1/407,1/352,,0,0/407,0/352,1:1,7:16,7:16,{},{}
240000048838,CORRECTED_CONTROL_MOD_360,240000044158,55,407,352,151883,159,1,1/407,1/352,159,1,1/407,1/352,,0,0/407,0/352,1:1,0:2,0:2,{},{}
240000048838,CORRECTED_CONTROL_MOD_360,240000044158,55,407,352,175391,160,1,1/407,1/352,160,1,1/407,1/352,,0,0/407,0/352,1:1,8:14,8:14,{},{}
240000048838,CORRECTED_CONTROL_MOD_360,240000044158,55,407,352,184087,161,1,1/407,1/352,161,1,1/407,1/352,,0,0/407,0/352,1:1,19:1,19:1,{},{}
240000048838,CORRECTED_CONTROL_MOD_360,240000044158,55,407,352,211811,162,1,1/407,1/352,162,1,1/407,1/352,,0,0/407,0/352,1:1,5:14,5:14,{},{}
240000048838,CORRECTED_CONTROL_MOD_360,240000044158,55,407,352,228559,163,1,1/407,1/352,163,1,1/407,1/352,,0,0/407,0/352,1:1,22:8,22:8,{},{}
240000048838,CORRECTED_CONTROL_MOD_360,240000044158,55,407,352,246599,164,1,1/407,1/352,164,1,1/407,1/352,,0,0/407,0/352,1:1,1:13,1:13,{},{}
240000048838,CORRECTED_CONTROL_MOD_360,240000044158,55,407,352,264007,165,1,1/407,1/352,165,1,1/407,1/352,,0,0/407,0/352,1:1,1:10,1:10,{},{}
240000048838,CORRECTED_CONTROL_MOD_360,240000044158,55,407,352,264919,166,1,1/407,1/352,166,1,1/407,1/352,,0,0/407,0/352,1:1,17:3,17:3,{},{}
240000048838,CORRECTED_CONTROL_MOD_360,240000044158,55,407,352,304127,167,1,1/407,1/352,167,1,1/407,1/352,,0,0/407,0/352,1:1,12:9,12:9,{},{}
240000048838,CORRECTED_CONTROL_MOD_360,240000044158,55,407,352,310091,168,1,1/407,1/352,168,1,1/407,1/352,,0,0/407,0/352,1:1,17:6,17:6,{},{}
240000048838,CORRECTED_CONTROL_MOD_360,240000044158,55,407,352,312779,169,1,1/407,1/352,169,1,1/407,1/352,,0,0/407,0/352,1:1,13:2,13:2,{},{}
240000048838,CORRECTED_CONTROL_MOD_360,240000044158,55,407,352,323131,170,1,1/407,1/352,170,1,1/407,1/352,,0,0/407,0/352,1:1,21:11,21:11,{},{}
240000048838,CORRECTED_CONTROL_MOD_360,240000044158,55,407,352,331063,171,1,1/407,1/352,171,1,1/407,1/352,,0,0/407,0/352,1:1,13:16,13:16,{},{}
240000048838,CORRECTED_CONTROL_MOD_360,240000044158,55,407,352,359167,172,1,1/407,1/352,172,1,1/407,1/352,,0,0/407,0/352,1:1,14:15,14:15,{},{}
240000048838,CORRECTED_CONTROL_MOD_360,240000044158,55,407,352,412639,173,1,1/407,1/352,173,1,1/407,1/352,,0,0/407,0/352,1:1,19:12,19:12,{},{}
240000048838,CORRECTED_CONTROL_MOD_360,240000044158,55,407,352,443879,174,1,1/407,1/352,174,1,1/407,1/352,,0,0/407,0/352,1:1,4:1,4:1,{},{}
240000048838,CORRECTED_CONTROL_MOD_360,240000044158,55,407,352,472691,175,1,1/407,1/352,175,1,1/407,1/352,,0,0/407,0/352,1:1,5:15,5:15,{},{}
240000048838,CORRECTED_CONTROL_MOD_360,240000044158,55,407,352,481087,176,1,1/407,1/352,176,1,1/407,1/352,,0,0/407,0/352,1:1,11:0,11:0,{},{}
240000048838,CORRECTED_CONTROL_MOD_360,240000044158,55,407,352,543407,177,1,1/407,1/352,177,1,1/407,1/352,,0,0/407,0/352,1:1,3:1,3:1,{},{}
240000048838,CORRECTED_CONTROL_MOD_360,240000044158,55,407,352,556211,178,1,1/407,1/352,178,1,1/407,1/352,,0,0/407,0/352,1:1,10:15,10:15,{},{}
240000048838,CORRECTED_CONTROL_MOD_360,240000044158,55,407,352,600727,179,1,1/407,1/352,179,1,1/407,1/352,,0,0/407,0/352,1:1,4:4,4:4,{},{}
240000048838,CORRECTED_CONTROL_MOD_360,240000044158,55,407,352,690163,180,1,1/407,1/352,180,1,1/407,1/352,,0,0/407,0/352,1:1,8:1,8:1,{},{}
240000048838,CORRECTED_CONTROL_MOD_360,240000044158,55,407,352,710383,181,1,1/407,1/352,181,1,1/407,1/352,,0,0/407,0/352,1:1,13:10,13:10,{},{}
240000048838,CORRECTED_CONTROL_MOD_360,240000044158,55,407,352,723467,182,1,1/407,1/352,182,1,1/407,1/352,,0,0/407,0/352,1:1,0:3,0:3,{},{}
240000048838,CORRECTED_CONTROL_MOD_360,240000044158,55,407,352,730879,183,1,1/407,1/352,183,1,1/407,1/352,,0,0/407,0/352,1:1,20:16,20:16,{},{}
240000048838,CORRECTED_CONTROL_MOD_360,240000044158,55,407,352,918959,184,1,1/407,1/352,184,1,1/407,1/352,,0,0/407,0/352,1:1,23:12,23:12,{},{}
240000048838,CORRECTED_CONTROL_MOD_360,240000044158,55,407,352,929251,185,1,1/407,1/352,185,1,1/407,1/352,,0,0/407,0/352,1:1,12:5,12:5,{},{}
240000048838,CORRECTED_CONTROL_MOD_360,240000044158,55,407,352,1111967,186,1,1/407,1/352,186,1,1/407,1/352,,0,0/407,0/352,1:1,0:13,0:13,{},{}
240000048838,CORRECTED_CONTROL_MOD_360,240000044158,55,407,352,1348027,187,1,1/407,1/352,187,1,1/407,1/352,,0,0/407,0/352,1:1,7:6,7:6,{},{}
240000048838,CORRECTED_CONTROL_MOD_360,240000044158,55,407,352,1501483,188,1,1/407,1/352,188,1,1/407,1/352,,0,0/407,0/352,1:1,3:5,3:5,{},{}
240000048838,CORRECTED_CONTROL_MOD_360,240000044158,55,407,352,1734179,189,1,1/407,1/352,189,1,1/407,1/352,,0,0/407,0/352,1:1,7:7,7:7,{},{}
240000048838,CORRECTED_CONTROL_MOD_360,240000044158,55,407,352,1803563,190,1,1/407,1/352,190,1,1/407,1/352,,0,0/407,0/352,1:1,15:2,15:2,{},{}
240000048838,CORRECTED_CONTROL_MOD_360,240000044158,55,407,352,1811987,191,1,1/407,1/352,191,1,1/407,1/352,,0,0/407,0/352,1:1,15:10,15:10,{},{}
240000048838,CORRECTED_CONTROL_MOD_360,240000044158,55,407,352,1919891,192,1,1/407,1/352,192,1,1/407,1/352,,0,0/407,0/352,1:1,23:11,23:11,{},{}
240000048838,CORRECTED_CONTROL_MOD_360,240000044158,55,407,352,1937891,193,1,1/407,1/352,193,1,1/407,1/352,,0,0/407,0/352,1:1,3:2,3:2,{},{}
240000048838,CORRECTED_CONTROL_MOD_360,240000044158,55,407,352,1985183,194,1,1/407,1/352,194,1,1/407,1/352,,0,0/407,0/352,1:1,22:7,22:7,{},{}
240000048838,CORRECTED_CONTROL_MOD_360,240000044158,55,407,352,2243587,195,1,1/407,1/352,195,1,1/407,1/352,,0,0/407,0/352,1:1,13:9,13:9,{},{}
240000048838,CORRECTED_CONTROL_MOD_360,240000044158,55,407,352,2306971,196,1,1/407,1/352,196,1,1/407,1/352,,0,0/407,0/352,1:1,22:12,22:12,{},{}
240000048838,CORRECTED_CONTROL_MOD_360,240000044158,55,407,352,2599231,197,1,1/407,1/352,197,1,1/407,1/352,,0,0/407,0/352,1:1,9:16,9:16,{},{}
240000048838,CORRECTED_CONTROL_MOD_360,240000044158,55,407,352,2853503,198,1,1/407,1/352,198,1,1/407,1/352,,0,0/407,0/352,1:1,15:8,15:8,{},{}
240000048838,CORRECTED_CONTROL_MOD_360,240000044158,55,407,352,2945147,199,1,1/407,1/352,199,1,1/407,1/352,,0,0/407,0/352,1:1,9:3,9:3,{},{}
240000048838,CORRECTED_CONTROL_MOD_360,240000044158,55,407,352,3062551,200,1,1/407,1/352,200,1,1/407,1/352,,0,0/407,0/352,1:1,11:2,11:2,{},{}
240000048838,CORRECTED_CONTROL_MOD_360,240000044158,55,407,352,3567251,201,1,1/407,1/352,201,1,1/407,1/352,,0,0/407,0/352,1:1,16:16,16:16,{},{}
240000048838,CORRECTED_CONTROL_MOD_360,240000044158,55,407,352,4280971,202,1,1/407,1/352,202,1,1/407,1/352,,0,0/407,0/352,1:1,16:6,16:6,{},{}
240000048838,CORRECTED_CONTROL_MOD_360,240000044158,55,407,352,4590919,203,1,1/407,1/352,203,1,1/407,1/352,,0,0/407,0/352,1:1,15:3,15:3,{},{}
240000048838,CORRECTED_CONTROL_MOD_360,240000044158,55,407,352,4857059,204,1,1/407,1/352,204,1,1/407,1/352,,0,0/407,0/352,1:1,2:14,2:14,{},{}
240000048838,CORRECTED_CONTROL_MOD_360,240000044158,55,407,352,5516723,205,1,1/407,1/352,205,1,1/407,1/352,,0,0/407,0/352,1:1,12:1,12:1,{},{}
240000048838,CORRECTED_CONTROL_MOD_360,240000044158,55,407,352,5860807,206,1,1/407,1/352,206,1,1/407,1/352,,0,0/407,0/352,1:1,7:0,7:0,{},{}
240000048838,CORRECTED_CONTROL_MOD_360,240000044158,55,407,352,6573103,207,1,1/407,1/352,207,1,1/407,1/352,,0,0/407,0/352,1:1,17:15,17:15,{},{}
240000048838,CORRECTED_CONTROL_MOD_360,240000044158,55,407,352,7066723,208,1,1/407,1/352,208,1,1/407,1/352,,0,0/407,0/352,1:1,7:3,7:3,{},{}
240000048838,CORRECTED_CONTROL_MOD_360,240000044158,55,407,352,7237303,209,1,1/407,1/352,209,1,1/407,1/352,,0,0/407,0/352,1:1,18:4,18:4,{},{}
240000048838,CORRECTED_CONTROL_MOD_360,240000044158,55,407,352,8660507,210,1,1/407,1/352,210,1,1/407,1/352,,0,0/407,0/352,1:1,6:7,6:7,{},{}
240000048838,CORRECTED_CONTROL_MOD_360,240000044158,55,407,352,10252031,211,1,1/407,1/352,211,1,1/407,1/352,,0,0/407,0/352,1:1,1:5,1:5,{},{}
240000048838,CORRECTED_CONTROL_MOD_360,240000044158,55,407,352,10360283,212,1,1/407,1/352,212,1,1/407,1/352,,0,0/407,0/352,1:1,18:5,18:5,{},{}
240000048838,CORRECTED_CONTROL_MOD_360,240000044158,55,407,352,10750763,213,1,1/407,1/352,213,1,1/407,1/352,,0,0/407,0/352,1:1,0:6,0:6,{},{}
240000048838,CORRECTED_CONTROL_MOD_360,240000044158,55,407,352,14475367,214,1,1/407,1/352,214,1,1/407,1/352,,0,0/407,0/352,1:1,22:2,22:2,{},{}
240000048838,CORRECTED_CONTROL_MOD_360,240000044158,55,407,352,14914859,215,1,1/407,1/352,215,1,1/407,1/352,,0,0/407,0/352,1:1,21:6,21:6,{},{}
240000048838,CORRECTED_CONTROL_MOD_360,240000044158,55,407,352,20712767,216,1,1/407,1/352,216,1,1/407,1/352,,0,0/407,0/352,1:1,22:1,22:1,{},{}
240000048838,CORRECTED_CONTROL_MOD_360,240000044158,55,407,352,21906019,217,1,1/407,1/352,217,1,1/407,1/352,,0,0/407,0/352,1:1,17:4,17:4,{},{}
240000048838,CORRECTED_CONTROL_MOD_360,240000044158,55,407,352,22204219,218,1,1/407,1/352,218,1,1/407,1/352,,0,0/407,0/352,1:1,23:14,23:14,{},{}
240000048838,CORRECTED_CONTROL_MOD_360,240000044158,55,407,352,22224431,219,1,1/407,1/352,219,1,1/407,1/352,,0,0/407,0/352,1:1,10:13,10:13,{},{}
240000048838,CORRECTED_CONTROL_MOD_360,240000044158,55,407,352,25542787,220,1,1/407,1/352,220,1,1/407,1/352,,0,0/407,0/352,1:1,8:6,8:6,{},{}
240000048838,CORRECTED_CONTROL_MOD_360,240000044158,55,407,352,25552427,221,1,1/407,1/352,221,1,1/407,1/352,,0,0/407,0/352,1:1,20:3,20:3,{},{}
240000048838,CORRECTED_CONTROL_MOD_360,240000044158,55,407,352,29274031,222,1,1/407,1/352,222,1,1/407,1/352,,0,0/407,0/352,1:1,13:12,13:12,{},{}
240000048838,CORRECTED_CONTROL_MOD_360,240000044158,55,407,352,30178787,223,1,1/407,1/352,223,1,1/407,1/352,,0,0/407,0/352,1:1,14:13,14:13,{},{}
240000048838,CORRECTED_CONTROL_MOD_360,240000044158,55,407,352,30666991,224,1,1/407,1/352,224,1,1/407,1/352,,0,0/407,0/352,1:1,11:3,11:3,{},{}
240000048838,CORRECTED_CONTROL_MOD_360,240000044158,55,407,352,31209359,225,1,1/407,1/352,225,1,1/407,1/352,,0,0/407,0/352,1:1,1:7,1:7,{},{}
240000048838,CORRECTED_CONTROL_MOD_360,240000044158,55,407,352,31217419,226,1,1/407,1/352,226,1,1/407,1/352,,0,0/407,0/352,1:1,12:3,12:3,{},{}
240000048838,CORRECTED_CONTROL_MOD_360,240000044158,55,407,352,31720811,227,1,1/407,1/352,227,1,1/407,1/352,,0,0/407,0/352,1:1,7:8,7:8,{},{}
240000048838,CORRECTED_CONTROL_MOD_360,240000044158,55,407,352,33753263,228,1,1/407,1/352,228,1,1/407,1/352,,0,0/407,0/352,1:1,15:0,15:0,{},{}
240000048838,CORRECTED_CONTROL_MOD_360,240000044158,55,407,352,36753151,229,1,1/407,1/352,229,1,1/407,1/352,,0,0/407,0/352,1:1,9:9,9:9,{},{}
240000048838,CORRECTED_CONTROL_MOD_360,240000044158,55,407,352,42120251,230,1,1/407,1/352,230,1,1/407,1/352,,0,0/407,0/352,1:1,17:14,17:14,{},{}
240000048838,CORRECTED_CONTROL_MOD_360,240000044158,55,407,352,45359399,231,1,1/407,1/352,231,1,1/407,1/352,,0,0/407,0/352,1:1,1:11,1:11,{},{}
240000048838,CORRECTED_CONTROL_MOD_360,240000044158,55,407,352,49850071,232,1,1/407,1/352,232,1,1/407,1/352,,0,0/407,0/352,1:1,4:14,4:14,{},{}
240000048838,CORRECTED_CONTROL_MOD_360,240000044158,55,407,352,52445699,233,1,1/407,1/352,233,1,1/407,1/352,,0,0/407,0/352,1:1,15:15,15:15,{},{}
240000048838,CORRECTED_CONTROL_MOD_360,240000044158,55,407,352,54206987,234,1,1/407,1/352,234,1,1/407,1/352,,0,0/407,0/352,1:1,21:12,21:12,{},{}
240000048838,CORRECTED_CONTROL_MOD_360,240000044158,55,407,352,57932099,235,1,1/407,1/352,235,1,1/407,1/352,,0,0/407,0/352,1:1,6:15,6:15,{},{}
240000048838,CORRECTED_CONTROL_MOD_360,240000044158,55,407,352,62271499,236,1,1/407,1/352,236,1,1/407,1/352,,0,0/407,0/352,1:1,14:14,14:14,{},{}
240000048838,CORRECTED_CONTROL_MOD_360,240000044158,55,407,352,74035271,237,1,1/407,1/352,237,1,1/407,1/352,,0,0/407,0/352,1:1,19:5,19:5,{},{}
240000048838,CORRECTED_CONTROL_MOD_360,240000044158,55,407,352,80428951,238,1,1/407,1/352,238,1,1/407,1/352,,0,0/407,0/352,1:1,10:1,10:1,{},{}
240000048838,CORRECTED_CONTROL_MOD_360,240000044158,55,407,352,94067023,239,1,1/407,1/352,239,1,1/407,1/352,,0,0/407,0/352,1:1,17:2,17:2,{},{}
240000048838,CORRECTED_CONTROL_MOD_360,240000044158,55,407,352,109589063,240,1,1/407,1/352,240,1,1/407,1/352,,0,0/407,0/352,1:1,5:4,5:4,{},{}
240000048838,CORRECTED_CONTROL_MOD_360,240000044158,55,407,352,112231627,241,1,1/407,1/352,241,1,1/407,1/352,,0,0/407,0/352,1:1,7:11,7:11,{},{}
240000048838,CORRECTED_CONTROL_MOD_360,240000044158,55,407,352,114066191,242,1,1/407,1/352,242,1,1/407,1/352,,0,0/407,0/352,1:1,14:1,14:1,{},{}
240000048838,CORRECTED_CONTROL_MOD_360,240000044158,55,407,352,114487339,243,1,1/407,1/352,243,1,1/407,1/352,,0,0/407,0/352,1:1,23:3,23:3,{},{}
240000048838,CORRECTED_CONTROL_MOD_360,240000044158,55,407,352,152866271,244,1,1/407,1/352,244,1,1/407,1/352,,0,0/407,0/352,1:1,5:5,5:5,{},{}
240000048838,CORRECTED_CONTROL_MOD_360,240000044158,55,407,352,215053331,245,1,1/407,1/352,245,1,1/407,1/352,,0,0/407,0/352,1:1,12:0,12:0,{},{}
240000048838,CORRECTED_CONTROL_MOD_360,240000044158,55,407,352,220586479,246,1,1/407,1/352,246,1,1/407,1/352,,0,0/407,0/352,1:1,8:9,8:9,{},{}
240000048838,CORRECTED_CONTROL_MOD_360,240000044158,55,407,352,233937467,247,1,1/407,1/352,247,1,1/407,1/352,,0,0/407,0/352,1:1,18:16,18:16,{},{}
240000048838,CORRECTED_CONTROL_MOD_360,240000044158,55,407,352,235539839,248,1,1/407,1/352,248,1,1/407,1/352,,0,0/407,0/352,1:1,19:8,19:8,{},{}
240000048838,CORRECTED_CONTROL_MOD_360,240000044158,55,407,352,330090247,249,1,1/407,1/352,249,1,1/407,1/352,,0,0/407,0/352,1:1,22:9,22:9,{},{}
240000048838,CORRECTED_CONTROL_MOD_360,240000044158,55,407,352,368957047,250,1,1/407,1/352,250,1,1/407,1/352,,0,0/407,0/352,1:1,17:11,17:11,{},{}
240000048838,CORRECTED_CONTROL_MOD_360,240000044158,55,407,352,381436651,251,1,1/407,1/352,251,1,1/407,1/352,,0,0/407,0/352,1:1,7:13,7:13,{},{}
240000048838,CORRECTED_CONTROL_MOD_360,240000044158,55,407,352,383386651,252,1,1/407,1/352,252,1,1/407,1/352,,0,0/407,0/352,1:1,7:5,7:5,{},{}
240000048838,CORRECTED_CONTROL_MOD_360,240000044158,55,407,352,393442703,253,1,1/407,1/352,253,1,1/407,1/352,,0,0/407,0/352,1:1,1:1,1:1,{},{}
240000048838,CORRECTED_CONTROL_MOD_360,240000044158,55,407,352,414709223,254,1,1/407,1/352,254,1,1/407,1/352,,0,0/407,0/352,1:1,12:14,12:14,{},{}
240000048838,CORRECTED_CONTROL_MOD_360,240000044158,55,407,352,487304747,255,1,1/407,1/352,255,1,1/407,1/352,,0,0/407,0/352,1:1,9:13,9:13,{},{}
240000048838,CORRECTED_CONTROL_MOD_360,240000044158,55,407,352,509726863,256,1,1/407,1/352,256,1,1/407,1/352,,0,0/407,0/352,1:1,20:1,20:1,{},{}
240000048838,CORRECTED_CONTROL_MOD_360,240000044158,55,407,352,512820491,257,1,1/407,1/352,257,1,1/407,1/352,,0,0/407,0/352,1:1,10:0,10:0,{},{}
240000048838,CORRECTED_CONTROL_MOD_360,240000044158,55,407,352,615380651,258,1,1/407,1/352,258,1,1/407,1/352,,0,0/407,0/352,1:1,13:4,13:4,{},{}
240000048838,CORRECTED_CONTROL_MOD_360,240000044158,55,407,352,655736771,259,1,1/407,1/352,259,1,1/407,1/352,,0,0/407,0/352,1:1,3:8,3:8,{},{}
240000048838,CORRECTED_CONTROL_MOD_360,240000044158,55,407,352,869563979,260,1,1/407,1/352,260,1,1/407,1/352,,0,0/407,0/352,1:1,2:8,2:8,{},{}
240000048838,CORRECTED_CONTROL_MOD_360,240000044158,55,407,352,923879927,261,1,1/407,1/352,261,1,1/407,1/352,,0,0/407,0/352,1:1,20:5,20:5,{},{}
240000048838,CORRECTED_CONTROL_MOD_360,240000044158,55,407,352,961257763,262,1,1/407,1/352,262,1,1/407,1/352,,0,0/407,0/352,1:1,18:13,18:13,{},{}
240000048838,CORRECTED_CONTROL_MOD_360,240000044158,55,407,352,1037338879,263,1,1/407,1/352,263,1,1/407,1/352,,0,0/407,0/352,1:1,20:2,20:2,{},{}
240000048838,CORRECTED_CONTROL_MOD_360,240000044158,55,407,352,1095317287,264,1,1/407,1/352,264,1,1/407,1/352,,0,0/407,0/352,1:1,11:13,11:13,{},{}
240000048838,CORRECTED_CONTROL_MOD_360,240000044158,55,407,352,1153588643,265,1,1/407,1/352,265,1,1/407,1/352,,0,0/407,0/352,1:1,14:11,14:11,{},{}
240000048838,CORRECTED_CONTROL_MOD_360,240000044158,55,407,352,1538183407,266,1,1/407,1/352,266,1,1/407,1/352,,0,0/407,0/352,1:1,16:8,16:8,{},{}
240000048838,CORRECTED_CONTROL_MOD_360,240000044158,55,407,352,1599136787,267,1,1/407,1/352,267,1,1/407,1/352,,0,0/407,0/352,1:1,17:8,17:8,{},{}
240000048838,CORRECTED_CONTROL_MOD_360,240000044158,55,407,352,1846153619,268,1,1/407,1/352,268,1,1/407,1/352,,0,0/407,0/352,1:1,5:7,5:7,{},{}
240000048838,CORRECTED_CONTROL_MOD_360,240000044158,55,407,352,1874664079,269,1,1/407,1/352,269,1,1/407,1/352,,0,0/407,0/352,1:1,16:1,16:1,{},{}
240000048838,CORRECTED_CONTROL_MOD_360,240000044158,55,407,352,2142421607,270,1,1/407,1/352,270,1,1/407,1/352,,0,0/407,0/352,1:1,6:11,6:11,{},{}
240000048838,CORRECTED_CONTROL_MOD_360,240000044158,55,407,352,2514773567,271,1,1/407,1/352,271,1,1/407,1/352,,0,0/407,0/352,1:1,23:5,23:5,{},{}
240000048838,CORRECTED_CONTROL_MOD_360,240000044158,55,407,352,2565060167,272,1,1/407,1/352,272,1,1/407,1/352,,0,0/407,0/352,1:1,21:16,21:16,{},{}
240000048838,CORRECTED_CONTROL_MOD_360,240000044158,55,407,352,2815517843,273,1,1/407,1/352,273,1,1/407,1/352,,0,0/407,0/352,1:1,20:10,20:10,{},{}
240000048838,CORRECTED_CONTROL_MOD_360,240000044158,55,407,352,2913738599,274,1,1/407,1/352,274,1,1/407,1/352,,0,0/407,0/352,1:1,5:16,5:16,{},{}
240000048838,CORRECTED_CONTROL_MOD_360,240000044158,55,407,352,3062022907,275,1,1/407,1/352,275,1,1/407,1/352,,0,0/407,0/352,1:1,19:4,19:4,{},{}
240000048838,CORRECTED_CONTROL_MOD_360,240000044158,55,407,352,3211041679,276,1,1/407,1/352,276,1,1/407,1/352,,0,0/407,0/352,1:1,19:13,19:13,{},{}
240000048838,CORRECTED_CONTROL_MOD_360,240000044158,55,407,352,4773004111,277,1,1/407,1/352,277,1,1/407,1/352,,0,0/407,0/352,1:1,17:13,17:13,{},{}
240000048838,CORRECTED_CONTROL_MOD_360,240000044158,55,407,352,5609876611,278,1,1/407,1/352,278,1,1/407,1/352,,0,0/407,0/352,1:1,23:7,23:7,{},{}
240000048838,CORRECTED_CONTROL_MOD_360,240000044158,55,407,352,6649124659,279,1,1/407,1/352,279,1,1/407,1/352,,0,0/407,0/352,1:1,18:12,18:12,{},{}
240000048838,CORRECTED_CONTROL_MOD_360,240000044158,55,407,352,6655906343,280,1,1/407,1/352,280,1,1/407,1/352,,0,0/407,0/352,1:1,18:0,18:0,{},{}
240000048838,CORRECTED_CONTROL_MOD_360,240000044158,55,407,352,6666535163,281,1,1/407,1/352,281,1,1/407,1/352,,0,0/407,0/352,1:1,14:0,14:0,{},{}
240000048838,CORRECTED_CONTROL_MOD_360,240000044158,55,407,352,6666668003,282,1,1/407,1/352,282,1,1/407,1/352,,0,0/407,0/352,1:1,6:0,6:0,{},{}
240000048838,CORRECTED_CONTROL_MOD_360,240000044158,55,407,352,7650997667,283,1,1/407,1/352,283,1,1/407,1/352,,0,0/407,0/352,1:1,21:10,21:10,{},{}
240000048838,CORRECTED_CONTROL_MOD_360,240000044158,55,407,352,7651323167,284,1,1/407,1/352,284,1,1/407,1/352,,0,0/407,0/352,1:1,21:4,21:4,{},{}
240000048838,CORRECTED_CONTROL_MOD_360,240000044158,55,407,352,7796497963,285,1,1/407,1/352,285,1,1/407,1/352,,0,0/407,0/352,1:1,13:14,13:14,{},{}
240000048838,CORRECTED_CONTROL_MOD_360,240000044158,55,407,352,7796550451,286,1,1/407,1/352,286,1,1/407,1/352,,0,0/407,0/352,1:1,9:14,9:14,{},{}
240000048838,CORRECTED_CONTROL_MOD_360,240000044158,55,407,352,7999675451,287,1,1/407,1/352,287,1,1/407,1/352,,0,0/407,0/352,1:1,9:10,9:10,{},{}
240000048838,CORRECTED_CONTROL_MOD_360,240000044158,55,407,352,7999676099,288,1,1/407,1/352,288,1,1/407,1/352,,0,0/407,0/352,1:1,5:10,5:10,{},{}
240000048838,CORRECTED_CONTROL_MOD_360,240000044158,55,407,352,13068440639,289,1,1/407,1/352,289,1,1/407,1/352,,0,0/407,0/352,1:1,18:15,18:15,{},{}
240000048838,CORRECTED_CONTROL_MOD_360,240000044158,55,407,352,15000002999,290,1,1/407,1/352,290,1,1/407,1/352,,0,0/407,0/352,1:1,6:3,6:3,{},{}
240000048838,CORRECTED_CONTROL_MOD_360,240000044158,55,407,352,16876289467,291,1,1/407,1/352,291,1,1/407,1/352,,0,0/407,0/352,1:1,22:14,22:14,{},{}
240000048838,CORRECTED_CONTROL_MOD_360,240000044158,55,407,352,19459092727,292,1,1/407,1/352,292,1,1/407,1/352,,0,0/407,0/352,1:1,18:14,18:14,{},{}
240000048838,CORRECTED_CONTROL_MOD_360,240000044158,55,407,352,19967719027,293,1,1/407,1/352,293,1,1/407,1/352,,0,0/407,0/352,1:1,18:2,18:2,{},{}
240000048838,CORRECTED_CONTROL_MOD_360,240000044158,55,407,352,20000004007,294,1,1/407,1/352,294,1,1/407,1/352,,0,0/407,0/352,1:1,6:2,6:2,{},{}
240000048838,CORRECTED_CONTROL_MOD_360,240000044158,55,407,352,20948087639,295,1,1/407,1/352,295,1,1/407,1/352,,0,0/407,0/352,1:1,13:15,13:15,{},{}
240000048838,CORRECTED_CONTROL_MOD_360,240000044158,55,407,352,20948245103,296,1,1/407,1/352,296,1,1/407,1/352,,0,0/407,0/352,1:1,9:15,9:15,{},{}
240000048838,CORRECTED_CONTROL_MOD_360,240000044158,55,407,352,23987090867,297,1,1/407,1/352,297,1,1/407,1/352,,0,0/407,0/352,1:1,17:1,17:1,{},{}
240000048838,CORRECTED_CONTROL_MOD_360,240000044158,55,407,352,23999845139,298,1,1/407,1/352,298,1,1/407,1/352,,0,0/407,0/352,1:1,13:5,13:5,{},{}
240000048838,CORRECTED_CONTROL_MOD_360,240000044158,55,407,352,23999845451,299,1,1/407,1/352,299,1,1/407,1/352,,0,0/407,0/352,1:1,13:1,13:1,{},{}
240000048838,CORRECTED_CONTROL_MOD_360,240000044158,55,407,352,24309478331,300,1,1/407,1/352,300,1,1/407,1/352,,0,0/407,0/352,1:1,23:2,23:2,{},{}
240000048838,CORRECTED_CONTROL_MOD_360,240000044158,55,407,352,25924785763,301,1,1/407,1/352,301,1,1/407,1/352,,0,0/407,0/352,1:1,22:13,22:13,{},{}
240000048838,CORRECTED_CONTROL_MOD_360,240000044158,55,407,352,26185308839,302,1,1/407,1/352,302,1,1/407,1/352,,0,0/407,0/352,1:1,0:15,0:15,{},{}
240000048838,CORRECTED_CONTROL_MOD_360,240000044158,55,407,352,29993902579,303,1,1/407,1/352,303,1,1/407,1/352,,0,0/407,0/352,1:1,4:11,4:11,{},{}
240000048838,CORRECTED_CONTROL_MOD_360,240000044158,55,407,352,29999407843,304,1,1/407,1/352,304,1,1/407,1/352,,0,0/407,0/352,1:1,14:5,14:5,{},{}
240000048838,CORRECTED_CONTROL_MOD_360,240000044158,55,407,352,30000006079,305,1,1/407,1/352,305,1,1/407,1/352,,0,0/407,0/352,1:1,4:3,4:3,{},{}
240000048838,CORRECTED_CONTROL_MOD_360,240000044158,55,407,352,38789045291,306,1,1/407,1/352,306,1,1/407,1/352,,0,0/407,0/352,1:1,19:14,19:14,{},{}
240000048838,CORRECTED_CONTROL_MOD_360,240000044158,55,407,352,38982755171,307,1,1/407,1/352,307,1,1/407,1/352,,0,0/407,0/352,1:1,7:14,7:14,{},{}
240000048838,CORRECTED_CONTROL_MOD_360,240000044158,55,407,352,39804670291,308,1,1/407,1/352,308,1,1/407,1/352,,0,0/407,0/352,1:1,19:10,19:10,{},{}
240000048838,CORRECTED_CONTROL_MOD_360,240000044158,55,407,352,39806297891,309,1,1/407,1/352,309,1,1/407,1/352,,0,0/407,0/352,1:1,19:2,19:2,{},{}
240000048838,CORRECTED_CONTROL_MOD_360,240000044158,55,407,352,39998380171,310,1,1/407,1/352,310,1,1/407,1/352,,0,0/407,0/352,1:1,7:10,7:10,{},{}
240000048838,CORRECTED_CONTROL_MOD_360,240000044158,55,407,352,39999913511,311,1,1/407,1/352,311,1,1/407,1/352,,0,0/407,0/352,1:1,11:8,11:8,{},{}
240000048838,CORRECTED_CONTROL_MOD_360,240000044158,55,407,352,40000007771,312,1,1/407,1/352,312,1,1/407,1/352,,0,0/407,0/352,1:1,7:2,7:2,{},{}
240000048838,CORRECTED_CONTROL_MOD_360,240000044158,55,407,352,40000008031,313,1,1/407,1/352,313,1,1/407,1/352,,0,0/407,0/352,1:1,3:4,3:4,{},{}
240000048838,CORRECTED_CONTROL_MOD_360,240000044158,55,407,352,59997570803,314,1,1/407,1/352,314,1,1/407,1/352,,0,0/407,0/352,1:1,0:10,0:10,{},{}
240000048838,CORRECTED_CONTROL_MOD_360,240000044158,55,407,352,72928435003,315,1,1/407,1/352,315,1,1/407,1/352,,0,0/407,0/352,1:1,23:1,23:1,{},{}
240000048838,CORRECTED_CONTROL_MOD_360,240000044158,55,407,352,119975610343,316,1,1/407,1/352,316,1,1/407,1/352,,0,0/407,0/352,1:1,3:11,3:11,{},{}
240000048838,CORRECTED_CONTROL_MOD_360,240000044158,55,407,352,120000024343,317,1,1/407,1/352,317,1,1/407,1/352,,0,0/407,0/352,1:1,3:3,3:3,{},{}
240000006368,CORRECTED_CONTROL_MOD_360,240000000968,47,407,360,3,1,146,146/407,146/360,1,143,143/407,143/360,1,3,3/407,3/360,1:143;3:2;5:1,0:2;0:4;0:6;0:8;0:10;0:14;0:16;1:1;1:5;1:7;1:11;1:13;2:1;2:3;2:7;2:9;2:13;2:15;3:1;3:3;3:5;3:7;3:9;3:13;3:15;4:1;4:3;4:5;4:7;4:9;4:13;4:15;5:1;5:3;5:7;5:9;5:13;5:15;6:1;6:3;6:7;6:9;6:13;6:15;7:1;7:3;7:7;7:9;7:13;7:15;8:1;8:3;8:7;8:9;8:13;8:15;9:1;9:3;9:7;9:9;9:13;9:15;10:1;10:3;10:7;10:9;10:13;10:15;11:1;11:3;11:7;11:9;11:13;11:15;12:1;12:3;12:7;12:9;12:13;12:15;13:1;13:3;13:7;13:9;13:13;13:15;14:1;14:3;14:7;14:9;14:13;14:15;15:1;15:3;15:7;15:9;15:13;15:15;16:1;16:3;16:7;16:9;16:13;16:15;17:1;17:3;17:7;17:9;17:13;17:15;18:1;18:3;18:7;18:9;18:13;18:15;19:1;19:3;19:7;19:9;19:13;19:15;20:1;20:3;20:7;20:9;20:13;20:15;21:1;21:3;21:7;21:9;21:13;21:15;22:1;22:3;22:7;22:9;22:13;22:15;23:1;23:3;23:7;23:9;23:13;23:15,0:2;0:4;0:8;0:10;0:14;0:16;1:1;1:5;1:7;1:11;1:13;2:1;2:3;2:7;2:9;2:13;2:15;3:1;3:3;3:7;3:9;3:13;3:15;4:1;4:3;4:7;4:9;4:13;4:15;5:1;5:3;5:7;5:9;5:13;5:15;6:1;6:3;6:7;6:9;6:13;6:15;7:1;7:3;7:7;7:9;7:13;7:15;8:1;8:3;8:7;8:9;8:13;8:15;9:1;9:3;9:7;9:9;9:13;9:15;10:1;10:3;10:7;10:9;10:13;10:15;11:1;11:3;11:7;11:9;11:13;11:15;12:1;12:3;12:7;12:9;12:13;12:15;13:1;13:3;13:7;13:9;13:13;13:15;14:1;14:3;14:7;14:9;14:13;14:15;15:1;15:3;15:7;15:9;15:13;15:15;16:1;16:3;16:7;16:9;16:13;16:15;17:1;17:3;17:7;17:9;17:13;17:15;18:1;18:3;18:7;18:9;18:13;18:15;19:1;19:3;19:7;19:9;19:13;19:15;20:1;20:3;20:7;20:9;20:13;20:15;21:1;21:3;21:7;21:9;21:13;21:15;22:1;22:3;22:7;22:9;22:13;22:15;23:1;23:3;23:7;23:9;23:13;23:15,"{""3"":[[0,6],[3,5]],""5"":[[4,5]]}","{""3"":""81"",""5"":""729""}"
240000006368,CORRECTED_CONTROL_MOD_360,240000000968,47,407,360,7,2,52,52/407,52/360,2,51,51/407,51/360,2,1,1/407,1/360,1:51;3:1,0:4;0:10;0:16;2:0;2:6;2:12;3:2;3:8;3:14;4:3;4:9;4:15;5:1;5:7;6:10;6:16;8:0;8:6;8:12;9:2;9:14;10:9;10:15;11:1;11:13;12:4;12:10;12:16;14:6;14:12;15:2;15:8;15:14;16:3;16:9;16:15;17:7;17:13;18:4;18:10;18:16;20:0;20:6;20:12;21:2;21:8;21:14;22:3;22:15;23:1;23:7;23:13,0:4;0:10;0:16;2:0;2:6;2:12;3:2;3:8;3:14;4:3;4:9;4:15;5:1;5:7;6:10;6:16;8:0;8:6;9:2;9:14;10:9;10:15;11:1;11:13;12:4;12:10;12:16;14:6;14:12;15:2;15:8;15:14;16:3;16:9;16:15;17:7;17:13;18:4;18:10;18:16;20:0;20:6;20:12;21:2;21:8;21:14;22:3;22:15;23:1;23:7;23:13,"{""3"":[[8,12]]}","{""3"":""2401""}"
240000006368,CORRECTED_CONTROL_MOD_360,240000000968,47,407,360,11,3,30,30/407,30/360,3,30,30/407,30/360,,0,0/407,0/360,1:30,1:4;1:9;1:14;2:2;2:7;2:12;6:4;6:9;6:14;7:2;7:7;7:12;11:4;11:9;11:14;12:2;12:7;12:12;16:4;16:9;16:14;17:2;17:7;17:12;21:4;21:9;21:14;22:2;22:7;22:12,1:4;1:9;1:14;2:2;2:7;2:12;6:4;6:9;6:14;7:2;7:7;7:12;11:4;11:9;11:14;12:2;12:7;12:12;16:4;16:9;16:14;17:2;17:7;17:12;21:4;21:9;21:14;22:2;22:7;22:12,{},{}
240000006368,CORRECTED_CONTROL_MOD_360,240000000968,47,407,360,19,4,23,23/407,23/360,4,23,23/407,23/360,,0,0/407,0/360,1:23,0:5;0:14;1:6;1:15;2:0;2:9;4:10;9:3;9:12;14:2;14:11;15:4;15:13;17:7;17:16;18:5;18:14;19:6;19:15;20:0;20:9;22:1;22:10,0:5;0:14;1:6;1:15;2:0;2:9;4:10;9:3;9:12;14:2;14:11;15:4;15:13;17:7;17:16;18:5;18:14;19:6;19:15;20:0;20:9;22:1;22:10,{},{}
240000006368,CORRECTED_CONTROL_MOD_360,240000000968,47,407,360,23,5,17,17/407,17/360,5,17,17/407,17/360,,0,0/407,0/360,1:17,1:3;2:4;3:10;4:0;6:5;7:9;9:12;10:1;12:3;13:4;14:10;15:0;17:5;18:9;20:12;21:1;23:3,1:3;2:4;3:10;4:0;6:5;7:9;9:12;10:1;12:3;13:4;14:10;15:0;17:5;18:9;20:12;21:1;23:3,{},{}
240000006368,CORRECTED_CONTROL_MOD_360,240000000968,47,407,360,31,6,17,17/407,17/360,6,17,17/407,17/360,,0,0/407,0/360,1:17,12:0;12:3;12:6;12:9;12:12;12:15;18:1;18:4;18:7;18:10;18:13;18:16;21:2;21:5;21:8;21:11;21:14,12:0;12:3;12:6;12:9;12:12;12:15;18:1;18:4;18:7;18:10;18:13;18:16;21:2;21:5;21:8;21:11;21:14,{},{}
240000006368,CORRECTED_CONTROL_MOD_360,240000000968,47,407,360,71,7,11,11/407,11/360,7,11,11/407,11/360,,0,0/407,0/360,1:11,11:4;11:9;11:14;14:1;14:6;14:11;14:16;19:0;19:5;19:10;19:15,11:4;11:9;11:14;14:1;14:6;14:11;14:16;19:0;19:5;19:10;19:15,{},{}
240000006368,CORRECTED_CONTROL_MOD_360,240000000968,47,407,360,47,8,8,8/407,8/360,8,8,8/407,8/360,,0,0/407,0/360,1:8,2:0;4:5;10:9;13:6;14:13;16:2;17:8;22:15,2:0;4:5;10:9;13:6;14:13;16:2;17:8;22:15,{},{}
240000006368,CORRECTED_CONTROL_MOD_360,240000000968,47,407,360,43,9,6,6/407,6/360,9,6,6/407,6/360,,0,0/407,0/360,1:6,0:3;1:7;9:15;12:14;18:1;21:12,0:3;1:7;9:15;12:14;18:1;21:12,{},{}
240000006368,CORRECTED_CONTROL_MOD_360,240000000968,47,407,360,67,10,6,6/407,6/360,10,6,6/407,6/360,,0,0/407,0/360,1:6,4:1;7:5;8:16;12:4;18:12;19:6,4:1;7:5;8:16;12:4;18:12;19:6,{},{}
240000006368,CORRECTED_CONTROL_MOD_360,240000000968,47,407,360,223,11,5,5/407,5/360,11,5,5/407,5/360,,0,0/407,0/360,1:5,0:9;7:16;14:15;18:4;22:5,0:9;7:16;14:15;18:4;22:5,{},{}
240000006368,CORRECTED_CONTROL_MOD_360,240000000968,47,407,360,271,12,5,5/407,5/360,12,5,5/407,5/360,,0,0/407,0/360,1:5,0:11;1:13;7:10;9:16;22:6,0:11;1:13;7:10;9:16;22:6,{},{}
240000006368,CORRECTED_CONTROL_MOD_360,240000000968,47,407,360,59,13,4,4/407,4/360,13,4,4/407,4/360,,0,0/407,0/360,1:4,0:1;14:6;21:0;23:11,0:1;14:6;21:0;23:11,{},{}
240000006368,CORRECTED_CONTROL_MOD_360,240000000968,47,407,360,79,14,4,4/407,4/360,14,4,4/407,4/360,,0,0/407,0/360,1:4,6:7;8:9;11:6;22:10,6:7;8:9;11:6;22:10,{},{}
240000006368,CORRECTED_CONTROL_MOD_360,240000000968,47,407,360,103,15,4,4/407,4/360,15,4,4/407,4/360,,0,0/407,0/360,1:4,11:12;13:5;17:3;20:11,11:12;13:5;17:3;20:11,{},{}
240000006368,CORRECTED_CONTROL_MOD_360,240000000968,47,407,360,127,16,4,4/407,4/360,16,4,4/407,4/360,,0,0/407,0/360,1:4,4:6;8:0;9:10;15:14,4:6;8:0;9:10;15:14,{},{}
240000006368,CORRECTED_CONTROL_MOD_360,240000000968,47,407,360,139,17,4,4/407,4/360,17,4,4/407,4/360,,0,0/407,0/360,1:4,10:1;11:6;13:3;21:9,10:1;11:6;13:3;21:9,{},{}
240000006368,CORRECTED_CONTROL_MOD_360,240000000968,47,407,360,107,18,3,3/407,3/360,18,3,3/407,3/360,,0,0/407,0/360,1:3,11:7;13:9;20:11,11:7;13:9;20:11,{},{}
240000006368,CORRECTED_CONTROL_MOD_360,240000000968,47,407,360,179,19,3,3/407,3/360,19,3,3/407,3/360,,0,0/407,0/360,1:3,4:1;7:8;16:0,4:1;7:8;16:0,{},{}
240000006368,CORRECTED_CONTROL_MOD_360,240000000968,47,407,360,211,20,3,3/407,3/360,20,3,3/407,3/360,,0,0/407,0/360,1:3,11:11;18:16;21:5,11:11;18:16;21:5,{},{}
240000006368,CORRECTED_CONTROL_MOD_360,240000000968,47,407,360,307,21,3,3/407,3/360,21,3,3/407,3/360,,0,0/407,0/360,1:3,0:8;1:14;18:3,0:8;1:14;18:3,{},{}
240000006368,CORRECTED_CONTROL_MOD_360,240000000968,47,407,360,331,22,3,3/407,3/360,22,3,3/407,3/360,,0,0/407,0/360,1:3,5:6;8:16;12:3,5:6;8:16;12:3,{},{}
240000006368,CORRECTED_CONTROL_MOD_360,240000000968,47,407,360,379,23,3,3/407,3/360,23,3,3/407,3/360,,0,0/407,0/360,1:3,2:9;16:4;21:14,2:9;16:4;21:14,{},{}
240000006368,CORRECTED_CONTROL_MOD_360,240000000968,47,407,360,467,24,3,3/407,3/360,24,3,3/407,3/360,,0,0/407,0/360,1:3,4:11;16:2;22:10,4:11;16:2;22:10,{},{}
240000006368,CORRECTED_CONTROL_MOD_360,240000000968,47,407,360,727,25,3,3/407,3/360,25,3,3/407,3/360,,0,0/407,0/360,1:3,15:2;18:3;22:12,15:2;18:3;22:12,{},{}
240000006368,CORRECTED_CONTROL_MOD_360,240000000968,47,407,360,1871,26,3,3/407,3/360,26,3,3/407,3/360,,0,0/407,0/360,1:3,6:10;8:6;23:10,6:10;8:6;23:10,{},{}
240000006368,CORRECTED_CONTROL_MOD_360,240000000968,47,407,360,83,27,2,2/407,2/360,27,2,2/407,2/360,,0,0/407,0/360,1:2,14:5;22:6,14:5;22:6,{},{}
240000006368,CORRECTED_CONTROL_MOD_360,240000000968,47,407,360,151,28,2,2/407,2/360,28,2,2/407,2/360,,0,0/407,0/360,1:2,9:12;14:15,9:12;14:15,{},{}
240000006368,CORRECTED_CONTROL_MOD_360,240000000968,47,407,360,167,29,2,2/407,2/360,29,2,2/407,2/360,,0,0/407,0/360,1:2,4:2;9:15,4:2;9:15,{},{}
240000006368,CORRECTED_CONTROL_MOD_360,240000000968,47,407,360,199,30,2,2/407,2/360,30,2,2/407,2/360,,0,0/407,0/360,1:2,10:1;18:2,10:1;18:2,{},{}
240000006368,CORRECTED_CONTROL_MOD_360,240000000968,47,407,360,227,31,2,2/407,2/360,31,2,2/407,2/360,,0,0/407,0/360,1:2,4:7;20:8,4:7;20:8,{},{}
240000006368,CORRECTED_CONTROL_MOD_360,240000000968,47,407,360,283,32,2,2/407,2/360,32,2,2/407,2/360,,0,0/407,0/360,1:2,3:10;12:12,3:10;12:12,{},{}
240000006368,CORRECTED_CONTROL_MOD_360,240000000968,47,407,360,431,33,2,2/407,2/360,33,2,2/407,2/360,,0,0/407,0/360,1:2,7:7;19:0,7:7;19:0,{},{}
240000006368,CORRECTED_CONTROL_MOD_360,240000000968,47,407,360,439,34,2,2/407,2/360,34,2,2/407,2/360,,0,0/407,0/360,1:2,8:3;12:14,8:3;12:14,{},{}
240000006368,CORRECTED_CONTROL_MOD_360,240000000968,47,407,360,599,35,2,2/407,2/360,35,2,2/407,2/360,,0,0/407,0/360,1:2,4:8;21:10,4:8;21:10,{},{}
240000006368,CORRECTED_CONTROL_MOD_360,240000000968,47,407,360,619,36,2,2/407,2/360,36,2,2/407,2/360,,0,0/407,0/360,1:2,2:13;12:7,2:13;12:7,{},{}
240000006368,CORRECTED_CONTROL_MOD_360,240000000968,47,407,360,659,37,2,2/407,2/360,37,2,2/407,2/360,,0,0/407,0/360,1:2,16:11;23:7,16:11;23:7,{},{}
240000006368,CORRECTED_CONTROL_MOD_360,240000000968,47,407,360,823,38,2,2/407,2/360,38,2,2/407,2/360,,0,0/407,0/360,1:2,10:15;11:14,10:15;11:14,{},{}
240000006368,CORRECTED_CONTROL_MOD_360,240000000968,47,407,360,911,39,2,2/407,2/360,39,2,2/407,2/360,,0,0/407,0/360,1:2,1:8;12:5,1:8;12:5,{},{}
240000006368,CORRECTED_CONTROL_MOD_360,240000000968,47,407,360,1031,40,2,2/407,2/360,40,2,2/407,2/360,,0,0/407,0/360,1:2,19:4;22:3,19:4;22:3,{},{}
240000006368,CORRECTED_CONTROL_MOD_360,240000000968,47,407,360,1303,41,2,2/407,2/360,41,2,2/407,2/360,,0,0/407,0/360,1:2,9:8;22:16,9:8;22:16,{},{}
240000006368,CORRECTED_CONTROL_MOD_360,240000000968,47,407,360,1811,42,2,2/407,2/360,42,2,2/407,2/360,,0,0/407,0/360,1:2,0:13;9:4,0:13;9:4,{},{}
240000006368,CORRECTED_CONTROL_MOD_360,240000000968,47,407,360,2239,43,2,2/407,2/360,43,2,2/407,2/360,,0,0/407,0/360,1:2,2:6;7:11,2:6;7:11,{},{}
240000006368,CORRECTED_CONTROL_MOD_360,240000000968,47,407,360,3163,44,2,2/407,2/360,44,2,2/407,2/360,,0,0/407,0/360,1:2,3:15;14:8,3:15;14:8,{},{}
240000006368,CORRECTED_CONTROL_MOD_360,240000000968,47,407,360,4027,45,2,2/407,2/360,45,2,2/407,2/360,,0,0/407,0/360,1:2,1:8;20:7,1:8;20:7,{},{}
240000006368,CORRECTED_CONTROL_MOD_360,240000000968,47,407,360,131,46,1,1/407,1/360,46,1,1/407,1/360,,0,0/407,0/360,1:1,19:7,19:7,{},{}
240000006368,CORRECTED_CONTROL_MOD_360,240000000968,47,407,360,163,47,1,1/407,1/360,47,1,1/407,1/360,,0,0/407,0/360,1:1,2:11,2:11,{},{}
240000006368,CORRECTED_CONTROL_MOD_360,240000000968,47,407,360,191,48,1,1/407,1/360,48,1,1/407,1/360,,0,0/407,0/360,1:1,1:15,1:15,{},{}
240000006368,CORRECTED_CONTROL_MOD_360,240000000968,47,407,360,251,49,1,1/407,1/360,49,1,1/407,1/360,,0,0/407,0/360,1:1,18:6,18:6,{},{}
240000006368,CORRECTED_CONTROL_MOD_360,240000000968,47,407,360,263,50,1,1/407,1/360,50,1,1/407,1/360,,0,0/407,0/360,1:1,0:15,0:15,{},{}
240000006368,CORRECTED_CONTROL_MOD_360,240000000968,47,407,360,347,51,1,1/407,1/360,51,1,1/407,1/360,,0,0/407,0/360,1:1,13:11,13:11,{},{}
240000006368,CORRECTED_CONTROL_MOD_360,240000000968,47,407,360,359,52,1,1/407,1/360,52,1,1/407,1/360,,0,0/407,0/360,1:1,12:14,12:14,{},{}
240000006368,CORRECTED_CONTROL_MOD_360,240000000968,47,407,360,367,53,1,1/407,1/360,53,1,1/407,1/360,,0,0/407,0/360,1:1,11:3,11:3,{},{}
240000006368,CORRECTED_CONTROL_MOD_360,240000000968,47,407,360,383,54,1,1/407,1/360,54,1,1/407,1/360,,0,0/407,0/360,1:1,16:12,16:12,{},{}
240000006368,CORRECTED_CONTROL_MOD_360,240000000968,47,407,360,419,55,1,1/407,1/360,55,1,1/407,1/360,,0,0/407,0/360,1:1,21:12,21:12,{},{}
240000006368,CORRECTED_CONTROL_MOD_360,240000000968,47,407,360,479,56,1,1/407,1/360,56,1,1/407,1/360,,0,0/407,0/360,1:1,19:9,19:9,{},{}
240000006368,CORRECTED_CONTROL_MOD_360,240000000968,47,407,360,487,57,1,1/407,1/360,57,1,1/407,1/360,,0,0/407,0/360,1:1,14:15,14:15,{},{}
240000006368,CORRECTED_CONTROL_MOD_360,240000000968,47,407,360,499,58,1,1/407,1/360,58,1,1/407,1/360,,0,0/407,0/360,1:1,19:6,19:6,{},{}
240000006368,CORRECTED_CONTROL_MOD_360,240000000968,47,407,360,523,59,1,1/407,1/360,59,1,1/407,1/360,,0,0/407,0/360,1:1,7:7,7:7,{},{}
240000006368,CORRECTED_CONTROL_MOD_360,240000000968,47,407,360,571,60,1,1/407,1/360,60,1,1/407,1/360,,0,0/407,0/360,1:1,17:10,17:10,{},{}
240000006368,CORRECTED_CONTROL_MOD_360,240000000968,47,407,360,607,61,1,1/407,1/360,61,1,1/407,1/360,,0,0/407,0/360,1:1,5:1,5:1,{},{}
240000006368,CORRECTED_CONTROL_MOD_360,240000000968,47,407,360,683,62,1,1/407,1/360,62,1,1/407,1/360,,0,0/407,0/360,1:1,12:9,12:9,{},{}
240000006368,CORRECTED_CONTROL_MOD_360,240000000968,47,407,360,691,63,1,1/407,1/360,63,1,1/407,1/360,,0,0/407,0/360,1:1,12:16,12:16,{},{}
240000006368,CORRECTED_CONTROL_MOD_360,240000000968,47,407,360,811,64,1,1/407,1/360,64,1,1/407,1/360,,0,0/407,0/360,1:1,12:1,12:1,{},{}
240000006368,CORRECTED_CONTROL_MOD_360,240000000968,47,407,360,859,65,1,1/407,1/360,65,1,1/407,1/360,,0,0/407,0/360,1:1,22:11,22:11,{},{}
240000006368,CORRECTED_CONTROL_MOD_360,240000000968,47,407,360,947,66,1,1/407,1/360,66,1,1/407,1/360,,0,0/407,0/360,1:1,14:12,14:12,{},{}
240000006368,CORRECTED_CONTROL_MOD_360,240000000968,47,407,360,983,67,1,1/407,1/360,67,1,1/407,1/360,,0,0/407,0/360,1:1,3:13,3:13,{},{}
240000006368,CORRECTED_CONTROL_MOD_360,240000000968,47,407,360,991,68,1,1/407,1/360,68,1,1/407,1/360,,0,0/407,0/360,1:1,13:8,13:8,{},{}
240000006368,CORRECTED_CONTROL_MOD_360,240000000968,47,407,360,1039,69,1,1/407,1/360,69,1,1/407,1/360,,0,0/407,0/360,1:1,16:6,16:6,{},{}
240000006368,CORRECTED_CONTROL_MOD_360,240000000968,47,407,360,1091,70,1,1/407,1/360,70,1,1/407,1/360,,0,0/407,0/360,1:1,2:2,2:2,{},{}
240000006368,CORRECTED_CONTROL_MOD_360,240000000968,47,407,360,1103,71,1,1/407,1/360,71,1,1/407,1/360,,0,0/407,0/360,1:1,16:3,16:3,{},{}
240000006368,CORRECTED_CONTROL_MOD_360,240000000968,47,407,360,1187,72,1,1/407,1/360,72,1,1/407,1/360,,0,0/407,0/360,1:1,6:12,6:12,{},{}
240000006368,CORRECTED_CONTROL_MOD_360,240000000968,47,407,360,1259,73,1,1/407,1/360,73,1,1/407,1/360,,0,0/407,0/360,1:1,11:5,11:5,{},{}
240000006368,CORRECTED_CONTROL_MOD_360,240000000968,47,407,360,1307,74,1,1/407,1/360,74,1,1/407,1/360,,0,0/407,0/360,1:1,23:14,23:14,{},{}
240000006368,CORRECTED_CONTROL_MOD_360,240000000968,47,407,360,1327,75,1,1/407,1/360,75,1,1/407,1/360,,0,0/407,0/360,1:1,4:12,4:12,{},{}
240000006368,CORRECTED_CONTROL_MOD_360,240000000968,47,407,360,1439,76,1,1/407,1/360,76,1,1/407,1/360,,0,0/407,0/360,1:1,21:16,21:16,{},{}
240000006368,CORRECTED_CONTROL_MOD_360,240000000968,47,407,360,1447,77,1,1/407,1/360,77,1,1/407,1/360,,0,0/407,0/360,1:1,21:0,21:0,{},{}
240000006368,CORRECTED_CONTROL_MOD_360,240000000968,47,407,360,1487,78,1,1/407,1/360,78,1,1/407,1/360,,0,0/407,0/360,1:1,18:9,18:9,{},{}
240000006368,CORRECTED_CONTROL_MOD_360,240000000968,47,407,360,1499,79,1,1/407,1/360,79,1,1/407,1/360,,0,0/407,0/360,1:1,20:6,20:6,{},{}
240000006368,CORRECTED_CONTROL_MOD_360,240000000968,47,407,360,1523,80,1,1/407,1/360,80,1,1/407,1/360,,0,0/407,0/360,1:1,6:5,6:5,{},{}
240000006368,CORRECTED_CONTROL_MOD_360,240000000968,47,407,360,1663,81,1,1/407,1/360,81,1,1/407,1/360,,0,0/407,0/360,1:1,21:10,21:10,{},{}
240000006368,CORRECTED_CONTROL_MOD_360,240000000968,47,407,360,1759,82,1,1/407,1/360,82,1,1/407,1/360,,0,0/407,0/360,1:1,7:14,7:14,{},{}
240000006368,CORRECTED_CONTROL_MOD_360,240000000968,47,407,360,1951,83,1,1/407,1/360,83,1,1/407,1/360,,0,0/407,0/360,1:1,0:4,0:4,{},{}
240000006368,CORRECTED_CONTROL_MOD_360,240000000968,47,407,360,2003,84,1,1/407,1/360,84,1,1/407,1/360,,0,0/407,0/360,1:1,8:10,8:10,{},{}
240000006368,CORRECTED_CONTROL_MOD_360,240000000968,47,407,360,2083,85,1,1/407,1/360,85,1,1/407,1/360,,0,0/407,0/360,1:1,2:1,2:1,{},{}
240000006368,CORRECTED_CONTROL_MOD_360,240000000968,47,407,360,2267,86,1,1/407,1/360,86,1,1/407,1/360,,0,0/407,0/360,1:1,20:3,20:3,{},{}
240000006368,CORRECTED_CONTROL_MOD_360,240000000968,47,407,360,2351,87,1,1/407,1/360,87,1,1/407,1/360,,0,0/407,0/360,1:1,9:10,9:10,{},{}
240000006368,CORRECTED_CONTROL_MOD_360,240000000968,47,407,360,2503,88,1,1/407,1/360,88,1,1/407,1/360,,0,0/407,0/360,1:1,19:5,19:5,{},{}
240000006368,CORRECTED_CONTROL_MOD_360,240000000968,47,407,360,2963,89,1,1/407,1/360,89,1,1/407,1/360,,0,0/407,0/360,1:1,22:12,22:12,{},{}
240000006368,CORRECTED_CONTROL_MOD_360,240000000968,47,407,360,2971,90,1,1/407,1/360,90,1,1/407,1/360,,0,0/407,0/360,1:1,1:0,1:0,{},{}
240000006368,CORRECTED_CONTROL_MOD_360,240000000968,47,407,360,3019,91,1,1/407,1/360,91,1,1/407,1/360,,0,0/407,0/360,1:1,16:16,16:16,{},{}
240000006368,CORRECTED_CONTROL_MOD_360,240000000968,47,407,360,3271,92,1,1/407,1/360,92,1,1/407,1/360,,0,0/407,0/360,1:1,1:8,1:8,{},{}
240000006368,CORRECTED_CONTROL_MOD_360,240000000968,47,407,360,3463,93,1,1/407,1/360,93,1,1/407,1/360,,0,0/407,0/360,1:1,19:13,19:13,{},{}
240000006368,CORRECTED_CONTROL_MOD_360,240000000968,47,407,360,3527,94,1,1/407,1/360,94,1,1/407,1/360,,0,0/407,0/360,1:1,5:4,5:4,{},{}
240000006368,CORRECTED_CONTROL_MOD_360,240000000968,47,407,360,3607,95,1,1/407,1/360,95,1,1/407,1/360,,0,0/407,0/360,1:1,10:0,10:0,{},{}
240000006368,CORRECTED_CONTROL_MOD_360,240000000968,47,407,360,3779,96,1,1/407,1/360,96,1,1/407,1/360,,0,0/407,0/360,1:1,22:0,22:0,{},{}
240000006368,CORRECTED_CONTROL_MOD_360,240000000968,47,407,360,3911,97,1,1/407,1/360,97,1,1/407,1/360,,0,0/407,0/360,1:1,11:3,11:3,{},{}
240000006368,CORRECTED_CONTROL_MOD_360,240000000968,47,407,360,4111,98,1,1/407,1/360,98,1,1/407,1/360,,0,0/407,0/360,1:1,18:6,18:6,{},{}
240000006368,CORRECTED_CONTROL_MOD_360,240000000968,47,407,360,4363,99,1,1/407,1/360,99,1,1/407,1/360,,0,0/407,0/360,1:1,12:9,12:9,{},{}
240000006368,CORRECTED_CONTROL_MOD_360,240000000968,47,407,360,5399,100,1,1/407,1/360,100,1,1/407,1/360,,0,0/407,0/360,1:1,0:12,0:12,{},{}
240000006368,CORRECTED_CONTROL_MOD_360,240000000968,47,407,360,5647,101,1,1/407,1/360,101,1,1/407,1/360,,0,0/407,0/360,1:1,20:2,20:2,{},{}
240000006368,CORRECTED_CONTROL_MOD_360,240000000968,47,407,360,6547,102,1,1/407,1/360,102,1,1/407,1/360,,0,0/407,0/360,1:1,21:1,21:1,{},{}
240000006368,CORRECTED_CONTROL_MOD_360,240000000968,47,407,360,6571,103,1,1/407,1/360,103,1,1/407,1/360,,0,0/407,0/360,1:1,4:4,4:4,{},{}
240000006368,CORRECTED_CONTROL_MOD_360,240000000968,47,407,360,6607,104,1,1/407,1/360,104,1,1/407,1/360,,0,0/407,0/360,1:1,7:6,7:6,{},{}
240000006368,CORRECTED_CONTROL_MOD_360,240000000968,47,407,360,6619,105,1,1/407,1/360,105,1,1/407,1/360,,0,0/407,0/360,1:1,17:13,17:13,{},{}
240000006368,CORRECTED_CONTROL_MOD_360,240000000968,47,407,360,6967,106,1,1/407,1/360,106,1,1/407,1/360,,0,0/407,0/360,1:1,11:3,11:3,{},{}
240000006368,CORRECTED_CONTROL_MOD_360,240000000968,47,407,360,7351,107,1,1/407,1/360,107,1,1/407,1/360,,0,0/407,0/360,1:1,11:2,11:2,{},{}
240000006368,CORRECTED_CONTROL_MOD_360,240000000968,47,407,360,7499,108,1,1/407,1/360,108,1,1/407,1/360,,0,0/407,0/360,1:1,2:6,2:6,{},{}
240000006368,CORRECTED_CONTROL_MOD_360,240000000968,47,407,360,7591,109,1,1/407,1/360,109,1,1/407,1/360,,0,0/407,0/360,1:1,22:11,22:11,{},{}
240000006368,CORRECTED_CONTROL_MOD_360,240000000968,47,407,360,7907,110,1,1/407,1/360,110,1,1/407,1/360,,0,0/407,0/360,1:1,3:15,3:15,{},{}
240000006368,CORRECTED_CONTROL_MOD_360,240000000968,47,407,360,8263,111,1,1/407,1/360,111,1,1/407,1/360,,0,0/407,0/360,1:1,19:13,19:13,{},{}
240000006368,CORRECTED_CONTROL_MOD_360,240000000968,47,407,360,9227,112,1,1/407,1/360,112,1,1/407,1/360,,0,0/407,0/360,1:1,1:6,1:6,{},{}
240000006368,CORRECTED_CONTROL_MOD_360,240000000968,47,407,360,9239,113,1,1/407,1/360,113,1,1/407,1/360,,0,0/407,0/360,1:1,4:1,4:1,{},{}
240000006368,CORRECTED_CONTROL_MOD_360,240000000968,47,407,360,9391,114,1,1/407,1/360,114,1,1/407,1/360,,0,0/407,0/360,1:1,20:14,20:14,{},{}
240000006368,CORRECTED_CONTROL_MOD_360,240000000968,47,407,360,9907,115,1,1/407,1/360,115,1,1/407,1/360,,0,0/407,0/360,1:1,3:7,3:7,{},{}
240000006368,CORRECTED_CONTROL_MOD_360,240000000968,47,407,360,10667,116,1,1/407,1/360,116,1,1/407,1/360,,0,0/407,0/360,1:1,1:11,1:11,{},{}
240000006368,CORRECTED_CONTROL_MOD_360,240000000968,47,407,360,10831,117,1,1/407,1/360,117,1,1/407,1/360,,0,0/407,0/360,1:1,21:5,21:5,{},{}
240000006368,CORRECTED_CONTROL_MOD_360,240000000968,47,407,360,11027,118,1,1/407,1/360,118,1,1/407,1/360,,0,0/407,0/360,1:1,12:10,12:10,{},{}
240000006368,CORRECTED_CONTROL_MOD_360,240000000968,47,407,360,11071,119,1,1/407,1/360,119,1,1/407,1/360,,0,0/407,0/360,1:1,21:9,21:9,{},{}
240000006368,CORRECTED_CONTROL_MOD_360,240000000968,47,407,360,11423,120,1,1/407,1/360,120,1,1/407,1/360,,0,0/407,0/360,1:1,15:10,15:10,{},{}
240000006368,CORRECTED_CONTROL_MOD_360,240000000968,47,407,360,12703,121,1,1/407,1/360,121,1,1/407,1/360,,0,0/407,0/360,1:1,21:1,21:1,{},{}
240000006368,CORRECTED_CONTROL_MOD_360,240000000968,47,407,360,13127,122,1,1/407,1/360,122,1,1/407,1/360,,0,0/407,0/360,1:1,23:3,23:3,{},{}
240000006368,CORRECTED_CONTROL_MOD_360,240000000968,47,407,360,13159,123,1,1/407,1/360,123,1,1/407,1/360,,0,0/407,0/360,1:1,19:1,19:1,{},{}
240000006368,CORRECTED_CONTROL_MOD_360,240000000968,47,407,360,14771,124,1,1/407,1/360,124,1,1/407,1/360,,0,0/407,0/360,1:1,6:1,6:1,{},{}
240000006368,CORRECTED_CONTROL_MOD_360,240000000968,47,407,360,15263,125,1,1/407,1/360,125,1,1/407,1/360,,0,0/407,0/360,1:1,14:14,14:14,{},{}
240000006368,CORRECTED_CONTROL_MOD_360,240000000968,47,407,360,15319,126,1,1/407,1/360,126,1,1/407,1/360,,0,0/407,0/360,1:1,7:16,7:16,{},{}
240000006368,CORRECTED_CONTROL_MOD_360,240000000968,47,407,360,16231,127,1,1/407,1/360,127,1,1/407,1/360,,0,0/407,0/360,1:1,5:1,5:1,{},{}
240000006368,CORRECTED_CONTROL_MOD_360,240000000968,47,407,360,17539,128,1,1/407,1/360,128,1,1/407,1/360,,0,0/407,0/360,1:1,13:12,13:12,{},{}
240000006368,CORRECTED_CONTROL_MOD_360,240000000968,47,407,360,17923,129,1,1/407,1/360,129,1,1/407,1/360,,0,0/407,0/360,1:1,16:3,16:3,{},{}
240000006368,CORRECTED_CONTROL_MOD_360,240000000968,47,407,360,19927,130,1,1/407,1/360,130,1,1/407,1/360,,0,0/407,0/360,1:1,14:13,14:13,{},{}
240000006368,CORRECTED_CONTROL_MOD_360,240000000968,47,407,360,21019,131,1,1/407,1/360,131,1,1/407,1/360,,0,0/407,0/360,1:1,9:3,9:3,{},{}
240000006368,CORRECTED_CONTROL_MOD_360,240000000968,47,407,360,22051,132,1,1/407,1/360,132,1,1/407,1/360,,0,0/407,0/360,1:1,17:0,17:0,{},{}
240000006368,CORRECTED_CONTROL_MOD_360,240000000968,47,407,360,26203,133,1,1/407,1/360,133,1,1/407,1/360,,0,0/407,0/360,1:1,16:1,16:1,{},{}
240000006368,CORRECTED_CONTROL_MOD_360,240000000968,47,407,360,26479,134,1,1/407,1/360,134,1,1/407,1/360,,0,0/407,0/360,1:1,14:3,14:3,{},{}
240000006368,CORRECTED_CONTROL_MOD_360,240000000968,47,407,360,26591,135,1,1/407,1/360,135,1,1/407,1/360,,0,0/407,0/360,1:1,4:16,4:16,{},{}
240000006368,CORRECTED_CONTROL_MOD_360,240000000968,47,407,360,28571,136,1,1/407,1/360,136,1,1/407,1/360,,0,0/407,0/360,1:1,17:14,17:14,{},{}
240000006368,CORRECTED_CONTROL_MOD_360,240000000968,47,407,360,29531,137,1,1/407,1/360,137,1,1/407,1/360,,0,0/407,0/360,1:1,17:5,17:5,{},{}
240000006368,CORRECTED_CONTROL_MOD_360,240000000968,47,407,360,31271,138,1,1/407,1/360,138,1,1/407,1/360,,0,0/407,0/360,1:1,8:6,8:6,{},{}
240000006368,CORRECTED_CONTROL_MOD_360,240000000968,47,407,360,32579,139,1,1/407,1/360,139,1,1/407,1/360,,0,0/407,0/360,1:1,14:0,14:0,{},{}
240000006368,CORRECTED_CONTROL_MOD_360,240000000968,47,407,360,32611,140,1,1/407,1/360,140,1,1/407,1/360,,0,0/407,0/360,1:1,14:10,14:10,{},{}
240000006368,CORRECTED_CONTROL_MOD_360,240000000968,47,407,360,36671,141,1,1/407,1/360,141,1,1/407,1/360,,0,0/407,0/360,1:1,11:6,11:6,{},{}
240000006368,CORRECTED_CONTROL_MOD_360,240000000968,47,407,360,41023,142,1,1/407,1/360,142,1,1/407,1/360,,0,0/407,0/360,1:1,4:14,4:14,{},{}
240000006368,CORRECTED_CONTROL_MOD_360,240000000968,47,407,360,42491,143,1,1/407,1/360,143,1,1/407,1/360,,0,0/407,0/360,1:1,14:13,14:13,{},{}
240000006368,CORRECTED_CONTROL_MOD_360,240000000968,47,407,360,42923,144,1,1/407,1/360,144,1,1/407,1/360,,0,0/407,0/360,1:1,17:13,17:13,{},{}
240000006368,CORRECTED_CONTROL_MOD_360,240000000968,47,407,360,47431,145,1,1/407,1/360,145,1,1/407,1/360,,0,0/407,0/360,1:1,0:3,0:3,{},{}
240000006368,CORRECTED_CONTROL_MOD_360,240000000968,47,407,360,50891,146,1,1/407,1/360,146,1,1/407,1/360,,0,0/407,0/360,1:1,6:8,6:8,{},{}
240000006368,CORRECTED_CONTROL_MOD_360,240000000968,47,407,360,51647,147,1,1/407,1/360,147,1,1/407,1/360,,0,0/407,0/360,1:1,10:12,10:12,{},{}
240000006368,CORRECTED_CONTROL_MOD_360,240000000968,47,407,360,54751,148,1,1/407,1/360,148,1,1/407,1/360,,0,0/407,0/360,1:1,21:15,21:15,{},{}
240000006368,CORRECTED_CONTROL_MOD_360,240000000968,47,407,360,56659,149,1,1/407,1/360,149,1,1/407,1/360,,0,0/407,0/360,1:1,10:6,10:6,{},{}
240000006368,CORRECTED_CONTROL_MOD_360,240000000968,47,407,360,56923,150,1,1/407,1/360,150,1,1/407,1/360,,0,0/407,0/360,1:1,14:2,14:2,{},{}
240000006368,CORRECTED_CONTROL_MOD_360,240000000968,47,407,360,57503,151,1,1/407,1/360,151,1,1/407,1/360,,0,0/407,0/360,1:1,18:1,18:1,{},{}
240000006368,CORRECTED_CONTROL_MOD_360,240000000968,47,407,360,57787,152,1,1/407,1/360,152,1,1/407,1/360,,0,0/407,0/360,1:1,2:7,2:7,{},{}
240000006368,CORRECTED_CONTROL_MOD_360,240000000968,47,407,360,62927,153,1,1/407,1/360,153,1,1/407,1/360,,0,0/407,0/360,1:1,2:7,2:7,{},{}
240000006368,CORRECTED_CONTROL_MOD_360,240000000968,47,407,360,68147,154,1,1/407,1/360,154,1,1/407,1/360,,0,0/407,0/360,1:1,15:2,15:2,{},{}
240000006368,CORRECTED_CONTROL_MOD_360,240000000968,47,407,360,80111,155,1,1/407,1/360,155,1,1/407,1/360,,0,0/407,0/360,1:1,15:14,15:14,{},{}
240000006368,CORRECTED_CONTROL_MOD_360,240000000968,47,407,360,85303,156,1,1/407,1/360,156,1,1/407,1/360,,0,0/407,0/360,1:1,5:6,5:6,{},{}
240000006368,CORRECTED_CONTROL_MOD_360,240000000968,47,407,360,95483,157,1,1/407,1/360,157,1,1/407,1/360,,0,0/407,0/360,1:1,3:13,3:13,{},{}
240000006368,CORRECTED_CONTROL_MOD_360,240000000968,47,407,360,105227,158,1,1/407,1/360,158,1,1/407,1/360,,0,0/407,0/360,1:1,9:14,9:14,{},{}
240000006368,CORRECTED_CONTROL_MOD_360,240000000968,47,407,360,110563,159,1,1/407,1/360,159,1,1/407,1/360,,0,0/407,0/360,1:1,5:12,5:12,{},{}
240000006368,CORRECTED_CONTROL_MOD_360,240000000968,47,407,360,110951,160,1,1/407,1/360,160,1,1/407,1/360,,0,0/407,0/360,1:1,14:2,14:2,{},{}
240000006368,CORRECTED_CONTROL_MOD_360,240000000968,47,407,360,116107,161,1,1/407,1/360,161,1,1/407,1/360,,0,0/407,0/360,1:1,18:6,18:6,{},{}
240000006368,CORRECTED_CONTROL_MOD_360,240000000968,47,407,360,159911,162,1,1/407,1/360,162,1,1/407,1/360,,0,0/407,0/360,1:1,22:6,22:6,{},{}
240000006368,CORRECTED_CONTROL_MOD_360,240000000968,47,407,360,159979,163,1,1/407,1/360,163,1,1/407,1/360,,0,0/407,0/360,1:1,14:10,14:10,{},{}
240000006368,CORRECTED_CONTROL_MOD_360,240000000968,47,407,360,160031,164,1,1/407,1/360,164,1,1/407,1/360,,0,0/407,0/360,1:1,14:12,14:12,{},{}
240000006368,CORRECTED_CONTROL_MOD_360,240000000968,47,407,360,165887,165,1,1/407,1/360,165,1,1/407,1/360,,0,0/407,0/360,1:1,3:5,3:5,{},{}
240000006368,CORRECTED_CONTROL_MOD_360,240000000968,47,407,360,166843,166,1,1/407,1/360,166,1,1/407,1/360,,0,0/407,0/360,1:1,21:8,21:8,{},{}
240000006368,CORRECTED_CONTROL_MOD_360,240000000968,47,407,360,166979,167,1,1/407,1/360,167,1,1/407,1/360,,0,0/407,0/360,1:1,23:5,23:5,{},{}
240000006368,CORRECTED_CONTROL_MOD_360,240000000968,47,407,360,177467,168,1,1/407,1/360,168,1,1/407,1/360,,0,0/407,0/360,1:1,11:11,11:11,{},{}
240000006368,CORRECTED_CONTROL_MOD_360,240000000968,47,407,360,178931,169,1,1/407,1/360,169,1,1/407,1/360,,0,0/407,0/360,1:1,18:3,18:3,{},{}
240000006368,CORRECTED_CONTROL_MOD_360,240000000968,47,407,360,188491,170,1,1/407,1/360,170,1,1/407,1/360,,0,0/407,0/360,1:1,16:2,16:2,{},{}
240000006368,CORRECTED_CONTROL_MOD_360,240000000968,47,407,360,234431,171,1,1/407,1/360,171,1,1/407,1/360,,0,0/407,0/360,1:1,2:12,2:12,{},{}
240000006368,CORRECTED_CONTROL_MOD_360,240000000968,47,407,360,331231,172,1,1/407,1/360,172,1,1/407,1/360,,0,0/407,0/360,1:1,17:4,17:4,{},{}
240000006368,CORRECTED_CONTROL_MOD_360,240000000968,47,407,360,349907,173,1,1/407,1/360,173,1,1/407,1/360,,0,0/407,0/360,1:1,13:0,13:0,{},{}
240000006368,CORRECTED_CONTROL_MOD_360,240000000968,47,407,360,409099,174,1,1/407,1/360,174,1,1/407,1/360,,0,0/407,0/360,1:1,17:14,17:14,{},{}
240000006368,CORRECTED_CONTROL_MOD_360,240000000968,47,407,360,411611,175,1,1/407,1/360,175,1,1/407,1/360,,0,0/407,0/360,1:1,23:2,23:2,{},{}
240000006368,CORRECTED_CONTROL_MOD_360,240000000968,47,407,360,474907,176,1,1/407,1/360,176,1,1/407,1/360,,0,0/407,0/360,1:1,6:15,6:15,{},{}
240000006368,CORRECTED_CONTROL_MOD_360,240000000968,47,407,360,480367,177,1,1/407,1/360,177,1,1/407,1/360,,0,0/407,0/360,1:1,8:0,8:0,{},{}
240000006368,CORRECTED_CONTROL_MOD_360,240000000968,47,407,360,493291,178,1,1/407,1/360,178,1,1/407,1/360,,0,0/407,0/360,1:1,16:11,16:11,{},{}
240000006368,CORRECTED_CONTROL_MOD_360,240000000968,47,407,360,538943,179,1,1/407,1/360,179,1,1/407,1/360,,0,0/407,0/360,1:1,6:10,6:10,{},{}
240000006368,CORRECTED_CONTROL_MOD_360,240000000968,47,407,360,553207,180,1,1/407,1/360,180,1,1/407,1/360,,0,0/407,0/360,1:1,6:0,6:0,{},{}
240000006368,CORRECTED_CONTROL_MOD_360,240000000968,47,407,360,636331,181,1,1/407,1/360,181,1,1/407,1/360,,0,0/407,0/360,1:1,21:12,21:12,{},{}
240000006368,CORRECTED_CONTROL_MOD_360,240000000968,47,407,360,672167,182,1,1/407,1/360,182,1,1/407,1/360,,0,0/407,0/360,1:1,21:0,21:0,{},{}
240000006368,CORRECTED_CONTROL_MOD_360,240000000968,47,407,360,683159,183,1,1/407,1/360,183,1,1/407,1/360,,0,0/407,0/360,1:1,17:7,17:7,{},{}
240000006368,CORRECTED_CONTROL_MOD_360,240000000968,47,407,360,733939,184,1,1/407,1/360,184,1,1/407,1/360,,0,0/407,0/360,1:1,5:9,5:9,{},{}
240000006368,CORRECTED_CONTROL_MOD_360,240000000968,47,407,360,762539,185,1,1/407,1/360,185,1,1/407,1/360,,0,0/407,0/360,1:1,8:2,8:2,{},{}
240000006368,CORRECTED_CONTROL_MOD_360,240000000968,47,407,360,908603,186,1,1/407,1/360,186,1,1/407,1/360,,0,0/407,0/360,1:1,13:6,13:6,{},{}
240000006368,CORRECTED_CONTROL_MOD_360,240000000968,47,407,360,1009387,187,1,1/407,1/360,187,1,1/407,1/360,,0,0/407,0/360,1:1,3:7,3:7,{},{}
240000006368,CORRECTED_CONTROL_MOD_360,240000000968,47,407,360,1117943,188,1,1/407,1/360,188,1,1/407,1/360,,0,0/407,0/360,1:1,1:5,1:5,{},{}
240000006368,CORRECTED_CONTROL_MOD_360,240000000968,47,407,360,1167659,189,1,1/407,1/360,189,1,1/407,1/360,,0,0/407,0/360,1:1,18:9,18:9,{},{}
240000006368,CORRECTED_CONTROL_MOD_360,240000000968,47,407,360,1197571,190,1,1/407,1/360,190,1,1/407,1/360,,0,0/407,0/360,1:1,18:10,18:10,{},{}
240000006368,CORRECTED_CONTROL_MOD_360,240000000968,47,407,360,1279787,191,1,1/407,1/360,191,1,1/407,1/360,,0,0/407,0/360,1:1,10:14,10:14,{},{}
240000006368,CORRECTED_CONTROL_MOD_360,240000000968,47,407,360,1306519,192,1,1/407,1/360,192,1,1/407,1/360,,0,0/407,0/360,1:1,20:10,20:10,{},{}
240000006368,CORRECTED_CONTROL_MOD_360,240000000968,47,407,360,1317443,193,1,1/407,1/360,193,1,1/407,1/360,,0,0/407,0/360,1:1,23:7,23:7,{},{}
240000006368,CORRECTED_CONTROL_MOD_360,240000000968,47,407,360,1381979,194,1,1/407,1/360,194,1,1/407,1/360,,0,0/407,0/360,1:1,7:5,7:5,{},{}
240000006368,CORRECTED_CONTROL_MOD_360,240000000968,47,407,360,1412539,195,1,1/407,1/360,195,1,1/407,1/360,,0,0/407,0/360,1:1,19:4,19:4,{},{}
240000006368,CORRECTED_CONTROL_MOD_360,240000000968,47,407,360,1428571,196,1,1/407,1/360,196,1,1/407,1/360,,0,0/407,0/360,1:1,5:7,5:7,{},{}
240000006368,CORRECTED_CONTROL_MOD_360,240000000968,47,407,360,1554559,197,1,1/407,1/360,197,1,1/407,1/360,,0,0/407,0/360,1:1,12:10,12:10,{},{}
240000006368,CORRECTED_CONTROL_MOD_360,240000000968,47,407,360,1626211,198,1,1/407,1/360,198,1,1/407,1/360,,0,0/407,0/360,1:1,12:5,12:5,{},{}
240000006368,CORRECTED_CONTROL_MOD_360,240000000968,47,407,360,1679131,199,1,1/407,1/360,199,1,1/407,1/360,,0,0/407,0/360,1:1,4:11,4:11,{},{}
240000006368,CORRECTED_CONTROL_MOD_360,240000000968,47,407,360,1713763,200,1,1/407,1/360,200,1,1/407,1/360,,0,0/407,0/360,1:1,17:15,17:15,{},{}
240000006368,CORRECTED_CONTROL_MOD_360,240000000968,47,407,360,1799731,201,1,1/407,1/360,201,1,1/407,1/360,,0,0/407,0/360,1:1,18:0,18:0,{},{}
240000006368,CORRECTED_CONTROL_MOD_360,240000000968,47,407,360,1907303,202,1,1/407,1/360,202,1,1/407,1/360,,0,0/407,0/360,1:1,11:7,11:7,{},{}
240000006368,CORRECTED_CONTROL_MOD_360,240000000968,47,407,360,1970783,203,1,1/407,1/360,203,1,1/407,1/360,,0,0/407,0/360,1:1,8:16,8:16,{},{}
240000006368,CORRECTED_CONTROL_MOD_360,240000000968,47,407,360,2061239,204,1,1/407,1/360,204,1,1/407,1/360,,0,0/407,0/360,1:1,21:7,21:7,{},{}
240000006368,CORRECTED_CONTROL_MOD_360,240000000968,47,407,360,2200307,205,1,1/407,1/360,205,1,1/407,1/360,,0,0/407,0/360,1:1,0:15,0:15,{},{}
240000006368,CORRECTED_CONTROL_MOD_360,240000000968,47,407,360,2865971,206,1,1/407,1/360,206,1,1/407,1/360,,0,0/407,0/360,1:1,5:16,5:16,{},{}
240000006368,CORRECTED_CONTROL_MOD_360,240000000968,47,407,360,2962963,207,1,1/407,1/360,207,1,1/407,1/360,,0,0/407,0/360,1:1,5:5,5:5,{},{}
240000006368,CORRECTED_CONTROL_MOD_360,240000000968,47,407,360,3232043,208,1,1/407,1/360,208,1,1/407,1/360,,0,0/407,0/360,1:1,15:4,15:4,{},{}
240000006368,CORRECTED_CONTROL_MOD_360,240000000968,47,407,360,3569939,209,1,1/407,1/360,209,1,1/407,1/360,,0,0/407,0/360,1:1,15:7,15:7,{},{}
240000006368,CORRECTED_CONTROL_MOD_360,240000000968,47,407,360,4336219,210,1,1/407,1/360,210,1,1/407,1/360,,0,0/407,0/360,1:1,15:9,15:9,{},{}
240000006368,CORRECTED_CONTROL_MOD_360,240000000968,47,407,360,4635703,211,1,1/407,1/360,211,1,1/407,1/360,,0,0/407,0/360,1:1,3:8,3:8,{},{}
240000006368,CORRECTED_CONTROL_MOD_360,240000000968,47,407,360,4817767,212,1,1/407,1/360,212,1,1/407,1/360,,0,0/407,0/360,1:1,22:3,22:3,{},{}
240000006368,CORRECTED_CONTROL_MOD_360,240000000968,47,407,360,4962163,213,1,1/407,1/360,213,1,1/407,1/360,,0,0/407,0/360,1:1,9:13,9:13,{},{}
240000006368,CORRECTED_CONTROL_MOD_360,240000000968,47,407,360,5554739,214,1,1/407,1/360,214,1,1/407,1/360,,0,0/407,0/360,1:1,2:9,2:9,{},{}
240000006368,CORRECTED_CONTROL_MOD_360,240000000968,47,407,360,5699899,215,1,1/407,1/360,215,1,1/407,1/360,,0,0/407,0/360,1:1,10:2,10:2,{},{}
240000006368,CORRECTED_CONTROL_MOD_360,240000000968,47,407,360,5723639,216,1,1/407,1/360,216,1,1/407,1/360,,0,0/407,0/360,1:1,12:13,12:13,{},{}
240000006368,CORRECTED_CONTROL_MOD_360,240000000968,47,407,360,5774759,217,1,1/407,1/360,217,1,1/407,1/360,,0,0/407,0/360,1:1,22:5,22:5,{},{}
240000006368,CORRECTED_CONTROL_MOD_360,240000000968,47,407,360,5874563,218,1,1/407,1/360,218,1,1/407,1/360,,0,0/407,0/360,1:1,12:7,12:7,{},{}
240000006368,CORRECTED_CONTROL_MOD_360,240000000968,47,407,360,6060359,219,1,1/407,1/360,219,1,1/407,1/360,,0,0/407,0/360,1:1,10:15,10:15,{},{}
240000006368,CORRECTED_CONTROL_MOD_360,240000000968,47,407,360,6719299,220,1,1/407,1/360,220,1,1/407,1/360,,0,0/407,0/360,1:1,8:7,8:7,{},{}
240000006368,CORRECTED_CONTROL_MOD_360,240000000968,47,407,360,7224127,221,1,1/407,1/360,221,1,1/407,1/360,,0,0/407,0/360,1:1,10:3,10:3,{},{}
240000006368,CORRECTED_CONTROL_MOD_360,240000000968,47,407,360,7496191,222,1,1/407,1/360,222,1,1/407,1/360,,0,0/407,0/360,1:1,7:9,7:9,{},{}
240000006368,CORRECTED_CONTROL_MOD_360,240000000968,47,407,360,9035723,223,1,1/407,1/360,223,1,1/407,1/360,,0,0/407,0/360,1:1,12:16,12:16,{},{}
240000006368,CORRECTED_CONTROL_MOD_360,240000000968,47,407,360,9217631,224,1,1/407,1/360,224,1,1/407,1/360,,0,0/407,0/360,1:1,3:10,3:10,{},{}
240000006368,CORRECTED_CONTROL_MOD_360,240000000968,47,407,360,9999167,225,1,1/407,1/360,225,1,1/407,1/360,,0,0/407,0/360,1:1,2:2,2:2,{},{}
240000006368,CORRECTED_CONTROL_MOD_360,240000000968,47,407,360,10281847,226,1,1/407,1/360,226,1,1/407,1/360,,0,0/407,0/360,1:1,21:11,21:11,{},{}
240000006368,CORRECTED_CONTROL_MOD_360,240000000968,47,407,360,10797911,227,1,1/407,1/360,227,1,1/407,1/360,,0,0/407,0/360,1:1,0:11,0:11,{},{}
240000006368,CORRECTED_CONTROL_MOD_360,240000000968,47,407,360,11270047,228,1,1/407,1/360,228,1,1/407,1/360,,0,0/407,0/360,1:1,20:6,20:6,{},{}
240000006368,CORRECTED_CONTROL_MOD_360,240000000968,47,407,360,13304987,229,1,1/407,1/360,229,1,1/407,1/360,,0,0/407,0/360,1:1,1:12,1:12,{},{}
240000006368,CORRECTED_CONTROL_MOD_360,240000000968,47,407,360,15727391,230,1,1/407,1/360,230,1,1/407,1/360,,0,0/407,0/360,1:1,9:2,9:2,{},{}
240000006368,CORRECTED_CONTROL_MOD_360,240000000968,47,407,360,16776367,231,1,1/407,1/360,231,1,1/407,1/360,,0,0/407,0/360,1:1,20:0,20:0,{},{}
240000006368,CORRECTED_CONTROL_MOD_360,240000000968,47,407,360,17848819,232,1,1/407,1/360,232,1,1/407,1/360,,0,0/407,0/360,1:1,14:5,14:5,{},{}
240000006368,CORRECTED_CONTROL_MOD_360,240000000968,47,407,360,20954711,233,1,1/407,1/360,233,1,1/407,1/360,,0,0/407,0/360,1:1,8:14,8:14,{},{}
240000006368,CORRECTED_CONTROL_MOD_360,240000000968,47,407,360,21003599,234,1,1/407,1/360,234,1,1/407,1/360,,0,0/407,0/360,1:1,17:10,17:10,{},{}
240000006368,CORRECTED_CONTROL_MOD_360,240000000968,47,407,360,23255807,235,1,1/407,1/360,235,1,1/407,1/360,,0,0/407,0/360,1:1,1:7,1:7,{},{}
240000006368,CORRECTED_CONTROL_MOD_360,240000000968,47,407,360,27397079,236,1,1/407,1/360,236,1,1/407,1/360,,0,0/407,0/360,1:1,13:1,13:1,{},{}
240000006368,CORRECTED_CONTROL_MOD_360,240000000968,47,407,360,28645303,237,1,1/407,1/360,237,1,1/407,1/360,,0,0/407,0/360,1:1,20:13,20:13,{},{}
240000006368,CORRECTED_CONTROL_MOD_360,240000000968,47,407,360,28778719,238,1,1/407,1/360,238,1,1/407,1/360,,0,0/407,0/360,1:1,16:4,16:4,{},{}
240000006368,CORRECTED_CONTROL_MOD_360,240000000968,47,407,360,30688703,239,1,1/407,1/360,239,1,1/407,1/360,,0,0/407,0/360,1:1,15:0,15:0,{},{}
240000006368,CORRECTED_CONTROL_MOD_360,240000000968,47,407,360,36496351,240,1,1/407,1/360,240,1,1/407,1/360,,0,0/407,0/360,1:1,7:1,7:1,{},{}
240000006368,CORRECTED_CONTROL_MOD_360,240000000968,47,407,360,40629287,241,1,1/407,1/360,241,1,1/407,1/360,,0,0/407,0/360,1:1,16:8,16:8,{},{}
240000006368,CORRECTED_CONTROL_MOD_360,240000000968,47,407,360,48719887,242,1,1/407,1/360,242,1,1/407,1/360,,0,0/407,0/360,1:1,22:8,22:8,{},{}
240000006368,CORRECTED_CONTROL_MOD_360,240000000968,47,407,360,54224827,243,1,1/407,1/360,243,1,1/407,1/360,,0,0/407,0/360,1:1,12:8,12:8,{},{}
240000006368,CORRECTED_CONTROL_MOD_360,240000000968,47,407,360,55891943,244,1,1/407,1/360,244,1,1/407,1/360,,0,0/407,0/360,1:1,0:5,0:5,{},{}
240000006368,CORRECTED_CONTROL_MOD_360,240000000968,47,407,360,58823507,245,1,1/407,1/360,245,1,1/407,1/360,,0,0/407,0/360,1:1,9:7,9:7,{},{}
240000006368,CORRECTED_CONTROL_MOD_360,240000000968,47,407,360,65924711,246,1,1/407,1/360,246,1,1/407,1/360,,0,0/407,0/360,1:1,0:13,0:13,{},{}
240000006368,CORRECTED_CONTROL_MOD_360,240000000968,47,407,360,73664827,247,1,1/407,1/360,247,1,1/407,1/360,,0,0/407,0/360,1:1,0:0,0:0,{},{}
240000006368,CORRECTED_CONTROL_MOD_360,240000000968,47,407,360,75966179,248,1,1/407,1/360,248,1,1/407,1/360,,0,0/407,0/360,1:1,19:7,19:7,{},{}
240000006368,CORRECTED_CONTROL_MOD_360,240000000968,47,407,360,77846843,249,1,1/407,1/360,249,1,1/407,1/360,,0,0/407,0/360,1:1,18:5,18:5,{},{}
240000006368,CORRECTED_CONTROL_MOD_360,240000000968,47,407,360,78571343,250,1,1/407,1/360,250,1,1/407,1/360,,0,0/407,0/360,1:1,16:7,16:7,{},{}
240000006368,CORRECTED_CONTROL_MOD_360,240000000968,47,407,360,81782951,251,1,1/407,1/360,251,1,1/407,1/360,,0,0/407,0/360,1:1,2:11,2:11,{},{}
240000006368,CORRECTED_CONTROL_MOD_360,240000000968,47,407,360,90223591,252,1,1/407,1/360,252,1,1/407,1/360,,0,0/407,0/360,1:1,22:15,22:15,{},{}
240000006368,CORRECTED_CONTROL_MOD_360,240000000968,47,407,360,93738311,253,1,1/407,1/360,253,1,1/407,1/360,,0,0/407,0/360,1:1,23:6,23:6,{},{}
240000006368,CORRECTED_CONTROL_MOD_360,240000000968,47,407,360,118874407,254,1,1/407,1/360,254,1,1/407,1/360,,0,0/407,0/360,1:1,20:16,20:16,{},{}
240000006368,CORRECTED_CONTROL_MOD_360,240000000968,47,407,360,121579531,255,1,1/407,1/360,255,1,1/407,1/360,,0,0/407,0/360,1:1,10:9,10:9,{},{}
240000006368,CORRECTED_CONTROL_MOD_360,240000000968,47,407,360,130292951,256,1,1/407,1/360,256,1,1/407,1/360,,0,0/407,0/360,1:1,0:8,0:8,{},{}
240000006368,CORRECTED_CONTROL_MOD_360,240000000968,47,407,360,130901839,257,1,1/407,1/360,257,1,1/407,1/360,,0,0/407,0/360,1:1,15:13,15:13,{},{}
240000006368,CORRECTED_CONTROL_MOD_360,240000000968,47,407,360,147942563,258,1,1/407,1/360,258,1,1/407,1/360,,0,0/407,0/360,1:1,8:13,8:13,{},{}
240000006368,CORRECTED_CONTROL_MOD_360,240000000968,47,407,360,164676163,259,1,1/407,1/360,259,1,1/407,1/360,,0,0/407,0/360,1:1,15:15,15:15,{},{}
240000006368,CORRECTED_CONTROL_MOD_360,240000000968,47,407,360,255862979,260,1,1/407,1/360,260,1,1/407,1/360,,0,0/407,0/360,1:1,12:4,12:4,{},{}
240000006368,CORRECTED_CONTROL_MOD_360,240000000968,47,407,360,332409431,261,1,1/407,1/360,261,1,1/407,1/360,,0,0/407,0/360,1:1,8:8,8:8,{},{}
240000006368,CORRECTED_CONTROL_MOD_360,240000000968,47,407,360,335194991,262,1,1/407,1/360,262,1,1/407,1/360,,0,0/407,0/360,1:1,7:8,7:8,{},{}
240000006368,CORRECTED_CONTROL_MOD_360,240000000968,47,407,360,357142603,263,1,1/407,1/360,263,1,1/407,1/360,,0,0/407,0/360,1:1,11:1,11:1,{},{}
240000006368,CORRECTED_CONTROL_MOD_360,240000000968,47,407,360,449429111,264,1,1/407,1/360,264,1,1/407,1/360,,0,0/407,0/360,1:1,14:7,14:7,{},{}
240000006368,CORRECTED_CONTROL_MOD_360,240000000968,47,407,360,479999231,265,1,1/407,1/360,265,1,1/407,1/360,,0,0/407,0/360,1:1,5:8,5:8,{},{}
240000006368,CORRECTED_CONTROL_MOD_360,240000000968,47,407,360,519383131,266,1,1/407,1/360,266,1,1/407,1/360,,0,0/407,0/360,1:1,16:9,16:9,{},{}
240000006368,CORRECTED_CONTROL_MOD_360,240000000968,47,407,360,529489711,267,1,1/407,1/360,267,1,1/407,1/360,,0,0/407,0/360,1:1,22:4,22:4,{},{}
240000006368,CORRECTED_CONTROL_MOD_360,240000000968,47,407,360,538112227,268,1,1/407,1/360,268,1,1/407,1/360,,0,0/407,0/360,1:1,0:9,0:9,{},{}
240000006368,CORRECTED_CONTROL_MOD_360,240000000968,47,407,360,581931283,269,1,1/407,1/360,269,1,1/407,1/360,,0,0/407,0/360,1:1,11:12,11:12,{},{}
240000006368,CORRECTED_CONTROL_MOD_360,240000000968,47,407,360,709581611,270,1,1/407,1/360,270,1,1/407,1/360,,0,0/407,0/360,1:1,22:9,22:9,{},{}
240000006368,CORRECTED_CONTROL_MOD_360,240000000968,47,407,360,733754911,271,1,1/407,1/360,271,1,1/407,1/360,,0,0/407,0/360,1:1,20:12,20:12,{},{}
240000006368,CORRECTED_CONTROL_MOD_360,240000000968,47,407,360,875876791,272,1,1/407,1/360,272,1,1/407,1/360,,0,0/407,0/360,1:1,2:10,2:10,{},{}
240000006368,CORRECTED_CONTROL_MOD_360,240000000968,47,407,360,1081050767,273,1,1/407,1/360,273,1,1/407,1/360,,0,0/407,0/360,1:1,14:9,14:9,{},{}
240000006368,CORRECTED_CONTROL_MOD_360,240000000968,47,407,360,1090322119,274,1,1/407,1/360,274,1,1/407,1/360,,0,0/407,0/360,1:1,17:2,17:2,{},{}
240000006368,CORRECTED_CONTROL_MOD_360,240000000968,47,407,360,1237113431,275,1,1/407,1/360,275,1,1/407,1/360,,0,0/407,0/360,1:1,6:2,6:2,{},{}
240000006368,CORRECTED_CONTROL_MOD_360,240000000968,47,407,360,1621524607,276,1,1/407,1/360,276,1,1/407,1/360,,0,0/407,0/360,1:1,15:6,15:6,{},{}
240000006368,CORRECTED_CONTROL_MOD_360,240000000968,47,407,360,1621621663,277,1,1/407,1/360,277,1,1/407,1/360,,0,0/407,0/360,1:1,5:0,5:0,{},{}
240000006368,CORRECTED_CONTROL_MOD_360,240000000968,47,407,360,2033898359,278,1,1/407,1/360,278,1,1/407,1/360,,0,0/407,0/360,1:1,0:1,0:1,{},{}
240000006368,CORRECTED_CONTROL_MOD_360,240000000968,47,407,360,2051723603,279,1,1/407,1/360,279,1,1/407,1/360,,0,0/407,0/360,1:1,0:14,0:14,{},{}
240000006368,CORRECTED_CONTROL_MOD_360,240000000968,47,407,360,2081240851,280,1,1/407,1/360,280,1,1/407,1/360,,0,0/407,0/360,1:1,0:16,0:16,{},{}
240000006368,CORRECTED_CONTROL_MOD_360,240000000968,47,407,360,3332455963,281,1,1/407,1/360,281,1,1/407,1/360,,0,0/407,0/360,1:1,15:11,15:11,{},{}
240000006368,CORRECTED_CONTROL_MOD_360,240000000968,47,407,360,4370526071,282,1,1/407,1/360,282,1,1/407,1/360,,0,0/407,0/360,1:1,13:16,13:16,{},{}
240000006368,CORRECTED_CONTROL_MOD_360,240000000968,47,407,360,4370605787,283,1,1/407,1/360,283,1,1/407,1/360,,0,0/407,0/360,1:1,1:16,1:16,{},{}
240000006368,CORRECTED_CONTROL_MOD_360,240000000968,47,407,360,4805802059,284,1,1/407,1/360,284,1,1/407,1/360,,0,0/407,0/360,1:1,23:15,23:15,{},{}
240000006368,CORRECTED_CONTROL_MOD_360,240000000968,47,407,360,5448996899,285,1,1/407,1/360,285,1,1/407,1/360,,0,0/407,0/360,1:1,7:12,7:12,{},{}
240000006368,CORRECTED_CONTROL_MOD_360,240000000968,47,407,360,5714053351,286,1,1/407,1/360,286,1,1/407,1/360,,0,0/407,0/360,1:1,0:10,0:10,{},{}
240000006368,CORRECTED_CONTROL_MOD_360,240000000968,47,407,360,6879308551,287,1,1/407,1/360,287,1,1/407,1/360,,0,0/407,0/360,1:1,2:14,2:14,{},{}
240000006368,CORRECTED_CONTROL_MOD_360,240000000968,47,407,360,7058810491,288,1,1/407,1/360,288,1,1/407,1/360,,0,0/407,0/360,1:1,10:8,10:8,{},{}
240000006368,CORRECTED_CONTROL_MOD_360,240000000968,47,407,360,8570902387,289,1,1/407,1/360,289,1,1/407,1/360,,0,0/407,0/360,1:1,15:8,15:8,{},{}
240000006368,CORRECTED_CONTROL_MOD_360,240000000968,47,407,360,8728434419,290,1,1/407,1/360,290,1,1/407,1/360,,0,0/407,0/360,1:1,7:15,7:15,{},{}
240000006368,CORRECTED_CONTROL_MOD_360,240000000968,47,407,360,9951572699,291,1,1/407,1/360,291,1,1/407,1/360,,0,0/407,0/360,1:1,19:3,19:3,{},{}
240000006368,CORRECTED_CONTROL_MOD_360,240000000968,47,407,360,10000000259,292,1,1/407,1/360,292,1,1/407,1/360,,0,0/407,0/360,1:1,3:3,3:3,{},{}
240000006368,CORRECTED_CONTROL_MOD_360,240000000968,47,407,360,34332607307,293,1,1/407,1/360,293,1,1/407,1/360,,0,0/407,0/360,1:1,20:15,20:15,{},{}
240000006368,CORRECTED_CONTROL_MOD_360,240000000968,47,407,360,34566373939,294,1,1/407,1/360,294,1,1/407,1/360,,0,0/407,0/360,1:1,22:13,22:13,{},{}
240000006368,CORRECTED_CONTROL_MOD_360,240000000968,47,407,360,34849167959,295,1,1/407,1/360,295,1,1/407,1/360,,0,0/407,0/360,1:1,18:15,18:15,{},{}
240000006368,CORRECTED_CONTROL_MOD_360,240000000968,47,407,360,34913736947,296,1,1/407,1/360,296,1,1/407,1/360,,0,0/407,0/360,1:1,8:15,8:15,{},{}
240000006368,CORRECTED_CONTROL_MOD_360,240000000968,47,407,360,34913738039,297,1,1/407,1/360,297,1,1/407,1/360,,0,0/407,0/360,1:1,2:15,2:15,{},{}
240000006368,CORRECTED_CONTROL_MOD_360,240000000968,47,407,360,39418870327,298,1,1/407,1/360,298,1,1/407,1/360,,0,0/407,0/360,1:1,20:1,20:1,{},{}
240000006368,CORRECTED_CONTROL_MOD_360,240000000968,47,407,360,39789376087,299,1,1/407,1/360,299,1,1/407,1/360,,0,0/407,0/360,1:1,16:13,16:13,{},{}
240000006368,CORRECTED_CONTROL_MOD_360,240000000968,47,407,360,39796540699,300,1,1/407,1/360,300,1,1/407,1/360,,0,0/407,0/360,1:1,10:13,10:13,{},{}
240000006368,CORRECTED_CONTROL_MOD_360,240000000968,47,407,360,39796550419,301,1,1/407,1/360,301,1,1/407,1/360,,0,0/407,0/360,1:1,6:13,6:13,{},{}
240000006368,CORRECTED_CONTROL_MOD_360,240000000968,47,407,360,39796550527,302,1,1/407,1/360,302,1,1/407,1/360,,0,0/407,0/360,1:1,4:13,4:13,{},{}
240000006368,CORRECTED_CONTROL_MOD_360,240000000968,47,407,360,39999978199,303,1,1/407,1/360,303,1,1/407,1/360,,0,0/407,0/360,1:1,10:7,10:7,{},{}
240000006368,CORRECTED_CONTROL_MOD_360,240000000968,47,407,360,39999999967,304,1,1/407,1/360,304,1,1/407,1/360,,0,0/407,0/360,1:1,8:1,8:1,{},{}
240000006368,CORRECTED_CONTROL_MOD_360,240000000968,47,407,360,40000000919,305,1,1/407,1/360,305,1,1/407,1/360,,0,0/407,0/360,1:1,6:3,6:3,{},{}
240000006368,CORRECTED_CONTROL_MOD_360,240000000968,47,407,360,40000001039,306,1,1/407,1/360,306,1,1/407,1/360,,0,0/407,0/360,1:1,2:3,2:3,{},{}
240000006368,CORRECTED_CONTROL_MOD_360,240000000968,47,407,360,43706028347,307,1,1/407,1/360,307,1,1/407,1/360,,0,0/407,0/360,1:1,10:16,10:16,{},{}
240000006368,CORRECTED_CONTROL_MOD_360,240000000968,47,407,360,43706057867,308,1,1/407,1/360,308,1,1/407,1/360,,0,0/407,0/360,1:1,2:16,2:16,{},{}
240000006368,CORRECTED_CONTROL_MOD_360,240000000968,47,407,360,58183557319,309,1,1/407,1/360,309,1,1/407,1/360,,0,0/407,0/360,1:1,19:14,19:14,{},{}
240000006368,CORRECTED_CONTROL_MOD_360,240000000968,47,407,360,59709436219,310,1,1/407,1/360,310,1,1/407,1/360,,0,0/407,0/360,1:1,19:2,19:2,{},{}
240000006368,CORRECTED_CONTROL_MOD_360,240000000968,47,407,360,59997515899,311,1,1/407,1/360,311,1,1/407,1/360,,0,0/407,0/360,1:1,11:10,11:10,{},{}
240000006368,CORRECTED_CONTROL_MOD_360,240000000968,47,407,360,59999996671,312,1,1/407,1/360,312,1,1/407,1/360,,0,0/407,0/360,1:1,9:0,9:0,{},{}
240000006368,CORRECTED_CONTROL_MOD_360,240000000968,47,407,360,59999997679,313,1,1/407,1/360,313,1,1/407,1/360,,0,0/407,0/360,1:1,3:6,3:6,{},{}
240000006368,CORRECTED_CONTROL_MOD_360,240000000968,47,407,360,101257715567,314,1,1/407,1/360,314,1,1/407,1/360,,0,0/407,0/360,1:1,22:14,22:14,{},{}
240000006368,CORRECTED_CONTROL_MOD_360,240000000968,47,407,360,118256610671,315,1,1/407,1/360,315,1,1/407,1/360,,0,0/407,0/360,1:1,20:4,20:4,{},{}
240000006368,CORRECTED_CONTROL_MOD_360,240000000968,47,407,360,119806097627,316,1,1/407,1/360,316,1,1/407,1/360,,0,0/407,0/360,1:1,18:8,18:8,{},{}
240000006368,CORRECTED_CONTROL_MOD_360,240000000968,47,407,360,119973597011,317,1,1/407,1/360,317,1,1/407,1/360,,0,0/407,0/360,1:1,16:10,16:10,{},{}
240000006368,CORRECTED_CONTROL_MOD_360,240000000968,47,407,360,119995090847,318,1,1/407,1/360,318,1,1/407,1/360,,0,0/407,0/360,1:1,10:10,10:10,{},{}
240000006368,CORRECTED_CONTROL_MOD_360,240000000968,47,407,360,119997611387,319,1,1/407,1/360,319,1,1/407,1/360,,0,0/407,0/360,1:1,14:4,14:4,{},{}
240000006368,CORRECTED_CONTROL_MOD_360,240000000968,47,407,360,119999807867,320,1,1/407,1/360,320,1,1/407,1/360,,0,0/407,0/360,1:1,2:8,2:8,{},{}
240000006368,CORRECTED_CONTROL_MOD_360,240000000968,47,407,360,119999973347,321,1,1/407,1/360,321,1,1/407,1/360,,0,0/407,0/360,1:1,10:4,10:4,{},{}
240000006368,CORRECTED_CONTROL_MOD_360,240000000968,47,407,360,119999995007,322,1,1/407,1/360,322,1,1/407,1/360,,0,0/407,0/360,1:1,6:6,6:6,{},{}
240000006368,CORRECTED_CONTROL_MOD_360,240000000968,47,407,360,119999999591,323,1,1/407,1/360,323,1,1/407,1/360,,0,0/407,0/360,1:1,8:4,8:4,{},{}
240000004064,CORRECTED_CONTROL_MOD_360,240000001544,47,407,360,3,1,146,146/407,146/360,1,143,143/407,143/360,1,3,3/407,3/360,1:143;3:3,0:2;0:4;0:8;0:10;0:12;0:14;0:16;1:1;1:5;1:7;1:11;1:13;1:15;2:1;2:3;2:7;2:9;2:11;2:13;2:15;3:1;3:3;3:7;3:9;3:13;3:15;4:1;4:3;4:7;4:9;4:13;4:15;5:1;5:3;5:7;5:9;5:13;5:15;6:1;6:3;6:7;6:9;6:13;6:15;7:1;7:3;7:7;7:9;7:13;7:15;8:1;8:3;8:7;8:9;8:13;8:15;9:1;9:3;9:7;9:9;9:13;9:15;10:1;10:3;10:7;10:9;10:13;10:15;11:1;11:3;11:7;11:9;11:13;11:15;12:1;12:3;12:7;12:9;12:13;12:15;13:1;13:3;13:7;13:9;13:13;13:15;14:1;14:3;14:7;14:9;14:13;14:15;15:1;15:3;15:7;15:9;15:13;15:15;16:1;16:3;16:7;16:9;16:13;16:15;17:1;17:3;17:7;17:9;17:13;17:15;18:1;18:3;18:7;18:9;18:13;18:15;19:1;19:3;19:7;19:9;19:13;19:15;20:1;20:3;20:7;20:9;20:13;20:15;21:1;21:3;21:7;21:9;21:13;21:15;22:1;22:3;22:7;22:9;22:13;22:15;23:1;23:3;23:7;23:9;23:13;23:15,0:2;0:4;0:8;0:10;0:14;0:16;1:1;1:5;1:7;1:11;1:13;2:1;2:3;2:7;2:9;2:13;2:15;3:1;3:3;3:7;3:9;3:13;3:15;4:1;4:3;4:7;4:9;4:13;4:15;5:1;5:3;5:7;5:9;5:13;5:15;6:1;6:3;6:7;6:9;6:13;6:15;7:1;7:3;7:7;7:9;7:13;7:15;8:1;8:3;8:7;8:9;8:13;8:15;9:1;9:3;9:7;9:9;9:13;9:15;10:1;10:3;10:7;10:9;10:13;10:15;11:1;11:3;11:7;11:9;11:13;11:15;12:1;12:3;12:7;12:9;12:13;12:15;13:1;13:3;13:7;13:9;13:13;13:15;14:1;14:3;14:7;14:9;14:13;14:15;15:1;15:3;15:7;15:9;15:13;15:15;16:1;16:3;16:7;16:9;16:13;16:15;17:1;17:3;17:7;17:9;17:13;17:15;18:1;18:3;18:7;18:9;18:13;18:15;19:1;19:3;19:7;19:9;19:13;19:15;20:1;20:3;20:7;20:9;20:13;20:15;21:1;21:3;21:7;21:9;21:13;21:15;22:1;22:3;22:7;22:9;22:13;22:15;23:1;23:3;23:7;23:9;23:13;23:15,"{""3"":[[0,12],[1,15],[2,11]]}","{""3"":""81""}"
240000004064,CORRECTED_CONTROL_MOD_360,240000001544,47,407,360,7,2,50,50/407,50/360,2,47,47/407,47/360,2,3,3/407,3/360,1:47;3:3,0:0;0:6;0:12;1:9;1:15;3:5;3:11;4:1;4:7;4:13;5:2;5:8;5:14;6:0;6:6;7:3;7:9;7:15;9:5;9:11;10:1;10:7;10:13;11:2;11:8;11:14;12:0;12:12;13:3;13:9;13:15;15:5;15:11;16:1;16:7;16:13;17:2;17:8;17:14;18:6;18:12;19:3;19:9;21:5;21:11;22:1;22:7;23:2;23:8;23:14,0:0;0:6;0:12;1:9;1:15;3:5;3:11;4:1;4:7;4:13;5:2;5:8;5:14;6:0;6:6;7:3;7:9;7:15;9:5;9:11;10:1;10:7;10:13;11:2;11:8;12:0;12:12;13:3;13:9;13:15;15:11;16:7;16:13;17:2;17:8;17:14;18:6;18:12;19:3;19:9;21:5;21:11;22:1;22:7;23:2;23:8;23:14,"{""3"":[[11,14],[15,5],[16,1]]}","{""3"":""2401""}"
240000004064,CORRECTED_CONTROL_MOD_360,240000001544,47,407,360,11,3,38,38/407,38/360,3,37,37/407,37/360,3,1,1/407,1/360,1:37;3:1,1:3;1:8;1:13;2:4;2:9;4:2;4:7;4:12;6:3;6:8;6:13;7:4;7:9;7:14;9:2;9:7;9:12;11:3;11:8;11:13;12:4;12:9;14:2;14:7;14:12;16:3;16:8;16:13;17:4;17:9;19:2;19:7;19:12;21:3;21:8;21:13;22:4;22:9,1:3;1:8;1:13;2:4;2:9;4:2;4:7;4:12;6:3;6:8;6:13;7:4;7:9;9:2;9:7;9:12;11:3;11:8;11:13;12:4;12:9;14:2;14:7;14:12;16:3;16:8;16:13;17:4;17:9;19:2;19:7;19:12;21:3;21:8;21:13;22:4;22:9,"{""3"":[[7,14]]}","{""3"":""14641""}"
240000004064,CORRECTED_CONTROL_MOD_360,240000001544,47,407,360,19,4,20,20/407,20/360,4,20,20/407,20/360,,0,0/407,0/360,1:20,0:8;3:7;3:16;5:5;5:14;6:4;6:13;9:2;9:11;14:0;14:9;16:6;16:15;17:3;17:12;18:8;21:7;21:16;23:5;23:14,0:8;3:7;3:16;5:5;5:14;6:4;6:13;9:2;9:11;14:0;14:9;16:6;16:15;17:3;17:12;18:8;21:7;21:16;23:5;23:14,{},{}
240000004064,CORRECTED_CONTROL_MOD_360,240000001544,47,407,360,31,5,16,16/407,16/360,5,16,16/407,16/360,,0,0/407,0/360,1:16,9:0;9:3;9:6;9:9;9:12;9:15;10:1;10:4;10:7;10:10;10:13;10:16;20:2;20:5;20:8;20:11,9:0;9:3;9:6;9:9;9:12;9:15;10:1;10:4;10:7;10:10;10:13;10:16;20:2;20:5;20:8;20:11,{},{}
240000004064,CORRECTED_CONTROL_MOD_360,240000001544,47,407,360,23,6,12,12/407,12/360,6,12,12/407,12/360,,0,0/407,0/360,1:12,0:6;6:8;8:16;10:0;11:6;14:1;15:5;16:15;17:8;19:16;21:0;22:6,0:6;6:8;8:16;10:0;11:6;14:1;15:5;16:15;17:8;19:16;21:0;22:6,{},{}
240000004064,CORRECTED_CONTROL_MOD_360,240000001544,47,407,360,43,7,9,9/407,9/360,7,9,9/407,9/360,,0,0/407,0/360,1:9,8:13;10:1;14:9;15:14;18:4;19:3;20:0;21:6;23:10,8:13;10:1;14:9;15:14;18:4;19:3;20:0;21:6;23:10,{},{}
240000004064,CORRECTED_CONTROL_MOD_360,240000001544,47,407,360,47,8,6,6/407,6/360,8,6,6/407,6/360,,0,0/407,0/360,1:6,0:8;5:0;7:3;15:4;22:9;23:8,0:8;5:0;7:3;15:4;22:9;23:8,{},{}
240000004064,CORRECTED_CONTROL_MOD_360,240000001544,47,407,360,59,9,5,5/407,5/360,9,5,5/407,5/360,,0,0/407,0/360,1:5,3:4;6:12;18:1;19:7;21:5,3:4;6:12;18:1;19:7;21:5,{},{}
240000004064,CORRECTED_CONTROL_MOD_360,240000001544,47,407,360,79,10,5,5/407,5/360,10,5,5/407,5/360,,0,0/407,0/360,1:5,5:4;10:11;11:8;16:6;20:3,5:4;10:11;11:8;16:6;20:3,{},{}
240000004064,CORRECTED_CONTROL_MOD_360,240000001544,47,407,360,131,11,5,5/407,5/360,11,5,5/407,5/360,,0,0/407,0/360,1:5,5:8;8:15;17:3;21:6;22:7,5:8;8:15;17:3;21:6;22:7,{},{}
240000004064,CORRECTED_CONTROL_MOD_360,240000001544,47,407,360,67,12,4,4/407,4/360,12,4,4/407,4/360,,0,0/407,0/360,1:4,6:0;9:9;20:15;21:8,6:0;9:9;20:15;21:8,{},{}
240000004064,CORRECTED_CONTROL_MOD_360,240000001544,47,407,360,83,13,4,4/407,4/360,13,4,4/407,4/360,,0,0/407,0/360,1:4,0:0;13:12;15:9;16:14,0:0;13:12;15:9;16:14,{},{}
240000004064,CORRECTED_CONTROL_MOD_360,240000001544,47,407,360,103,14,4,4/407,4/360,14,4,4/407,4/360,,0,0/407,0/360,1:4,4:1;5:8;12:3;14:2,4:1;5:8;12:3;14:2,{},{}
240000004064,CORRECTED_CONTROL_MOD_360,240000001544,47,407,360,71,15,3,3/407,3/360,15,3,3/407,3/360,,0,0/407,0/360,1:3,11:2;11:7;11:12,11:2;11:7;11:12,{},{}
240000004064,CORRECTED_CONTROL_MOD_360,240000001544,47,407,360,107,16,3,3/407,3/360,16,3,3/407,3/360,,0,0/407,0/360,1:3,2:14;9:2;20:12,2:14;9:2;20:12,{},{}
240000004064,CORRECTED_CONTROL_MOD_360,240000001544,47,407,360,139,17,3,3/407,3/360,17,3,3/407,3/360,,0,0/407,0/360,1:3,1:8;17:14;20:6,1:8;17:14;20:6,{},{}
240000004064,CORRECTED_CONTROL_MOD_360,240000001544,47,407,360,163,18,3,3/407,3/360,18,3,3/407,3/360,,0,0/407,0/360,1:3,4:8;17:1;18:2,4:8;17:1;18:2,{},{}
240000004064,CORRECTED_CONTROL_MOD_360,240000001544,47,407,360,223,19,3,3/407,3/360,19,3,3/407,3/360,,0,0/407,0/360,1:3,1:6;2:10;22:8,1:6;2:10;22:8,{},{}
240000004064,CORRECTED_CONTROL_MOD_360,240000001544,47,407,360,331,20,3,3/407,3/360,20,3,3/407,3/360,,0,0/407,0/360,1:3,1:12;5:14;21:5,1:12;5:14;21:5,{},{}
240000004064,CORRECTED_CONTROL_MOD_360,240000001544,47,407,360,367,21,3,3/407,3/360,21,3,3/407,3/360,,0,0/407,0/360,1:3,6:14;8:7;22:3,6:14;8:7;22:3,{},{}
240000004064,CORRECTED_CONTROL_MOD_360,240000001544,47,407,360,439,22,3,3/407,3/360,22,3,3/407,3/360,,0,0/407,0/360,1:3,2:7;4:11;11:16,2:7;4:11;11:16,{},{}
240000004064,CORRECTED_CONTROL_MOD_360,240000001544,47,407,360,743,23,3,3/407,3/360,23,3,3/407,3/360,,0,0/407,0/360,1:3,4:5;10:4;21:6,4:5;10:4;21:6,{},{}
240000004064,CORRECTED_CONTROL_MOD_360,240000001544,47,407,360,127,24,2,2/407,2/360,24,2,2/407,2/360,,0,0/407,0/360,1:2,6:8;15:0,6:8;15:0,{},{}
240000004064,CORRECTED_CONTROL_MOD_360,240000001544,47,407,360,167,25,2,2/407,2/360,25,2,2/407,2/360,,0,0/407,0/360,1:2,7:4;8:13,7:4;8:13,{},{}
240000004064,CORRECTED_CONTROL_MOD_360,240000001544,47,407,360,211,26,2,2/407,2/360,26,2,2/407,2/360,,0,0/407,0/360,1:2,17:13;23:10,17:13;23:10,{},{}
240000004064,CORRECTED_CONTROL_MOD_360,240000001544,47,407,360,239,27,2,2/407,2/360,27,2,2/407,2/360,,0,0/407,0/360,1:2,10:10;13:4,10:10;13:4,{},{}
240000004064,CORRECTED_CONTROL_MOD_360,240000001544,47,407,360,283,28,2,2/407,2/360,28,2,2/407,2/360,,0,0/407,0/360,1:2,5:13;11:9,5:13;11:9,{},{}
240000004064,CORRECTED_CONTROL_MOD_360,240000001544,47,407,360,307,29,2,2/407,2/360,29,2,2/407,2/360,,0,0/407,0/360,1:2,17:6;23:11,17:6;23:11,{},{}
240000004064,CORRECTED_CONTROL_MOD_360,240000001544,47,407,360,347,30,2,2/407,2/360,30,2,2/407,2/360,,0,0/407,0/360,1:2,0:5;16:11,0:5;16:11,{},{}
240000004064,CORRECTED_CONTROL_MOD_360,240000001544,47,407,360,359,31,2,2/407,2/360,31,2,2/407,2/360,,0,0/407,0/360,1:2,5:6;17:10,5:6;17:10,{},{}
240000004064,CORRECTED_CONTROL_MOD_360,240000001544,47,407,360,443,32,2,2/407,2/360,32,2,2/407,2/360,,0,0/407,0/360,1:2,2:11;11:14,2:11;11:14,{},{}
240000004064,CORRECTED_CONTROL_MOD_360,240000001544,47,407,360,487,33,2,2/407,2/360,33,2,2/407,2/360,,0,0/407,0/360,1:2,2:1;21:16,2:1;21:16,{},{}
240000004064,CORRECTED_CONTROL_MOD_360,240000001544,47,407,360,607,34,2,2/407,2/360,34,2,2/407,2/360,,0,0/407,0/360,1:2,1:12;20:0,1:12;20:0,{},{}
240000004064,CORRECTED_CONTROL_MOD_360,240000001544,47,407,360,2131,35,2,2/407,2/360,35,2,2/407,2/360,,0,0/407,0/360,1:2,7:16;15:15,7:16;15:15,{},{}
240000004064,CORRECTED_CONTROL_MOD_360,240000001544,47,407,360,3343,36,2,2/407,2/360,36,2,2/407,2/360,,0,0/407,0/360,1:2,14:9;21:10,14:9;21:10,{},{}
240000004064,CORRECTED_CONTROL_MOD_360,240000001544,47,407,360,3739,37,2,2/407,2/360,37,2,2/407,2/360,,0,0/407,0/360,1:2,12:15;16:10,12:15;16:10,{},{}
240000004064,CORRECTED_CONTROL_MOD_360,240000001544,47,407,360,179,38,1,1/407,1/360,38,1,1/407,1/360,,0,0/407,0/360,1:1,3:5,3:5,{},{}
240000004064,CORRECTED_CONTROL_MOD_360,240000001544,47,407,360,191,39,1,1/407,1/360,39,1,1/407,1/360,,0,0/407,0/360,1:1,13:3,13:3,{},{}
240000004064,CORRECTED_CONTROL_MOD_360,240000001544,47,407,360,227,40,1,1/407,1/360,40,1,1/407,1/360,,0,0/407,0/360,1:1,14:1,14:1,{},{}
240000004064,CORRECTED_CONTROL_MOD_360,240000001544,47,407,360,263,41,1,1/407,1/360,41,1,1/407,1/360,,0,0/407,0/360,1:1,7:10,7:10,{},{}
240000004064,CORRECTED_CONTROL_MOD_360,240000001544,47,407,360,311,42,1,1/407,1/360,42,1,1/407,1/360,,0,0/407,0/360,1:1,18:12,18:12,{},{}
240000004064,CORRECTED_CONTROL_MOD_360,240000001544,47,407,360,379,43,1,1/407,1/360,43,1,1/407,1/360,,0,0/407,0/360,1:1,16:16,16:16,{},{}
240000004064,CORRECTED_CONTROL_MOD_360,240000001544,47,407,360,383,44,1,1/407,1/360,44,1,1/407,1/360,,0,0/407,0/360,1:1,3:3,3:3,{},{}
240000004064,CORRECTED_CONTROL_MOD_360,240000001544,47,407,360,419,45,1,1/407,1/360,45,1,1/407,1/360,,0,0/407,0/360,1:1,9:4,9:4,{},{}
240000004064,CORRECTED_CONTROL_MOD_360,240000001544,47,407,360,467,46,1,1/407,1/360,46,1,1/407,1/360,,0,0/407,0/360,1:1,6:5,6:5,{},{}
240000004064,CORRECTED_CONTROL_MOD_360,240000001544,47,407,360,491,47,1,1/407,1/360,47,1,1/407,1/360,,0,0/407,0/360,1:1,21:4,21:4,{},{}
240000004064,CORRECTED_CONTROL_MOD_360,240000001544,47,407,360,571,48,1,1/407,1/360,48,1,1/407,1/360,,0,0/407,0/360,1:1,19:6,19:6,{},{}
240000004064,CORRECTED_CONTROL_MOD_360,240000001544,47,407,360,647,49,1,1/407,1/360,49,1,1/407,1/360,,0,0/407,0/360,1:1,22:9,22:9,{},{}
240000004064,CORRECTED_CONTROL_MOD_360,240000001544,47,407,360,659,50,1,1/407,1/360,50,1,1/407,1/360,,0,0/407,0/360,1:1,2:2,2:2,{},{}
240000004064,CORRECTED_CONTROL_MOD_360,240000001544,47,407,360,719,51,1,1/407,1/360,51,1,1/407,1/360,,0,0/407,0/360,1:1,2:15,2:15,{},{}
240000004064,CORRECTED_CONTROL_MOD_360,240000001544,47,407,360,727,52,1,1/407,1/360,52,1,1/407,1/360,,0,0/407,0/360,1:1,2:0,2:0,{},{}
240000004064,CORRECTED_CONTROL_MOD_360,240000001544,47,407,360,751,53,1,1/407,1/360,53,1,1/407,1/360,,0,0/407,0/360,1:1,8:8,8:8,{},{}
240000004064,CORRECTED_CONTROL_MOD_360,240000001544,47,407,360,823,54,1,1/407,1/360,54,1,1/407,1/360,,0,0/407,0/360,1:1,16:9,16:9,{},{}
240000004064,CORRECTED_CONTROL_MOD_360,240000001544,47,407,360,827,55,1,1/407,1/360,55,1,1/407,1/360,,0,0/407,0/360,1:1,5:6,5:6,{},{}
240000004064,CORRECTED_CONTROL_MOD_360,240000001544,47,407,360,839,56,1,1/407,1/360,56,1,1/407,1/360,,0,0/407,0/360,1:1,0:12,0:12,{},{}
240000004064,CORRECTED_CONTROL_MOD_360,240000001544,47,407,360,859,57,1,1/407,1/360,57,1,1/407,1/360,,0,0/407,0/360,1:1,8:2,8:2,{},{}
240000004064,CORRECTED_CONTROL_MOD_360,240000001544,47,407,360,883,58,1,1/407,1/360,58,1,1/407,1/360,,0,0/407,0/360,1:1,23:5,23:5,{},{}
240000004064,CORRECTED_CONTROL_MOD_360,240000001544,47,407,360,967,59,1,1/407,1/360,59,1,1/407,1/360,,0,0/407,0/360,1:1,20:11,20:11,{},{}
240000004064,CORRECTED_CONTROL_MOD_360,240000001544,47,407,360,971,60,1,1/407,1/360,60,1,1/407,1/360,,0,0/407,0/360,1:1,9:6,9:6,{},{}
240000004064,CORRECTED_CONTROL_MOD_360,240000001544,47,407,360,1039,61,1,1/407,1/360,61,1,1/407,1/360,,0,0/407,0/360,1:1,18:14,18:14,{},{}
240000004064,CORRECTED_CONTROL_MOD_360,240000001544,47,407,360,1051,62,1,1/407,1/360,62,1,1/407,1/360,,0,0/407,0/360,1:1,8:13,8:13,{},{}
240000004064,CORRECTED_CONTROL_MOD_360,240000001544,47,407,360,1223,63,1,1/407,1/360,63,1,1/407,1/360,,0,0/407,0/360,1:1,21:4,21:4,{},{}
240000004064,CORRECTED_CONTROL_MOD_360,240000001544,47,407,360,1259,64,1,1/407,1/360,64,1,1/407,1/360,,0,0/407,0/360,1:1,11:10,11:10,{},{}
240000004064,CORRECTED_CONTROL_MOD_360,240000001544,47,407,360,1279,65,1,1/407,1/360,65,1,1/407,1/360,,0,0/407,0/360,1:1,4:2,4:2,{},{}
240000004064,CORRECTED_CONTROL_MOD_360,240000001544,47,407,360,1283,66,1,1/407,1/360,66,1,1/407,1/360,,0,0/407,0/360,1:1,19:2,19:2,{},{}
240000004064,CORRECTED_CONTROL_MOD_360,240000001544,47,407,360,1511,67,1,1/407,1/360,67,1,1/407,1/360,,0,0/407,0/360,1:1,13:2,13:2,{},{}
240000004064,CORRECTED_CONTROL_MOD_360,240000001544,47,407,360,1559,68,1,1/407,1/360,68,1,1/407,1/360,,0,0/407,0/360,1:1,22:5,22:5,{},{}
240000004064,CORRECTED_CONTROL_MOD_360,240000001544,47,407,360,1607,69,1,1/407,1/360,69,1,1/407,1/360,,0,0/407,0/360,1:1,6:14,6:14,{},{}
240000004064,CORRECTED_CONTROL_MOD_360,240000001544,47,407,360,1663,70,1,1/407,1/360,70,1,1/407,1/360,,0,0/407,0/360,1:1,4:8,4:8,{},{}
240000004064,CORRECTED_CONTROL_MOD_360,240000001544,47,407,360,1759,71,1,1/407,1/360,71,1,1/407,1/360,,0,0/407,0/360,1:1,4:2,4:2,{},{}
240000004064,CORRECTED_CONTROL_MOD_360,240000001544,47,407,360,1787,72,1,1/407,1/360,72,1,1/407,1/360,,0,0/407,0/360,1:1,13:7,13:7,{},{}
240000004064,CORRECTED_CONTROL_MOD_360,240000001544,47,407,360,1823,73,1,1/407,1/360,73,1,1/407,1/360,,0,0/407,0/360,1:1,21:15,21:15,{},{}
240000004064,CORRECTED_CONTROL_MOD_360,240000001544,47,407,360,1987,74,1,1/407,1/360,74,1,1/407,1/360,,0,0/407,0/360,1:1,11:3,11:3,{},{}
240000004064,CORRECTED_CONTROL_MOD_360,240000001544,47,407,360,2011,75,1,1/407,1/360,75,1,1/407,1/360,,0,0/407,0/360,1:1,15:14,15:14,{},{}
240000004064,CORRECTED_CONTROL_MOD_360,240000001544,47,407,360,2467,76,1,1/407,1/360,76,1,1/407,1/360,,0,0/407,0/360,1:1,10:10,10:10,{},{}
240000004064,CORRECTED_CONTROL_MOD_360,240000001544,47,407,360,2939,77,1,1/407,1/360,77,1,1/407,1/360,,0,0/407,0/360,1:1,10:2,10:2,{},{}
240000004064,CORRECTED_CONTROL_MOD_360,240000001544,47,407,360,3251,78,1,1/407,1/360,78,1,1/407,1/360,,0,0/407,0/360,1:1,21:0,21:0,{},{}
240000004064,CORRECTED_CONTROL_MOD_360,240000001544,47,407,360,3323,79,1,1/407,1/360,79,1,1/407,1/360,,0,0/407,0/360,1:1,13:7,13:7,{},{}
240000004064,CORRECTED_CONTROL_MOD_360,240000001544,47,407,360,3727,80,1,1/407,1/360,80,1,1/407,1/360,,0,0/407,0/360,1:1,22:15,22:15,{},{}
240000004064,CORRECTED_CONTROL_MOD_360,240000001544,47,407,360,3911,81,1,1/407,1/360,81,1,1/407,1/360,,0,0/407,0/360,1:1,15:8,15:8,{},{}
240000004064,CORRECTED_CONTROL_MOD_360,240000001544,47,407,360,3923,82,1,1/407,1/360,82,1,1/407,1/360,,0,0/407,0/360,1:1,7:11,7:11,{},{}
240000004064,CORRECTED_CONTROL_MOD_360,240000001544,47,407,360,4231,83,1,1/407,1/360,83,1,1/407,1/360,,0,0/407,0/360,1:1,4:9,4:9,{},{}
240000004064,CORRECTED_CONTROL_MOD_360,240000001544,47,407,360,4271,84,1,1/407,1/360,84,1,1/407,1/360,,0,0/407,0/360,1:1,2:2,2:2,{},{}
240000004064,CORRECTED_CONTROL_MOD_360,240000001544,47,407,360,4283,85,1,1/407,1/360,85,1,1/407,1/360,,0,0/407,0/360,1:1,2:10,2:10,{},{}
240000004064,CORRECTED_CONTROL_MOD_360,240000001544,47,407,360,4327,86,1,1/407,1/360,86,1,1/407,1/360,,0,0/407,0/360,1:1,6:9,6:9,{},{}
240000004064,CORRECTED_CONTROL_MOD_360,240000001544,47,407,360,4447,87,1,1/407,1/360,87,1,1/407,1/360,,0,0/407,0/360,1:1,5:5,5:5,{},{}
240000004064,CORRECTED_CONTROL_MOD_360,240000001544,47,407,360,4451,88,1,1/407,1/360,88,1,1/407,1/360,,0,0/407,0/360,1:1,13:10,13:10,{},{}
240000004064,CORRECTED_CONTROL_MOD_360,240000001544,47,407,360,4787,89,1,1/407,1/360,89,1,1/407,1/360,,0,0/407,0/360,1:1,17:1,17:1,{},{}
240000004064,CORRECTED_CONTROL_MOD_360,240000001544,47,407,360,4831,90,1,1/407,1/360,90,1,1/407,1/360,,0,0/407,0/360,1:1,3:9,3:9,{},{}
240000004064,CORRECTED_CONTROL_MOD_360,240000001544,47,407,360,5591,91,1,1/407,1/360,91,1,1/407,1/360,,0,0/407,0/360,1:1,3:2,3:2,{},{}
240000004064,CORRECTED_CONTROL_MOD_360,240000001544,47,407,360,6043,92,1,1/407,1/360,92,1,1/407,1/360,,0,0/407,0/360,1:1,11:5,11:5,{},{}
240000004064,CORRECTED_CONTROL_MOD_360,240000001544,47,407,360,6599,93,1,1/407,1/360,93,1,1/407,1/360,,0,0/407,0/360,1:1,9:5,9:5,{},{}
240000004064,CORRECTED_CONTROL_MOD_360,240000001544,47,407,360,6659,94,1,1/407,1/360,94,1,1/407,1/360,,0,0/407,0/360,1:1,14:2,14:2,{},{}
240000004064,CORRECTED_CONTROL_MOD_360,240000001544,47,407,360,6719,95,1,1/407,1/360,95,1,1/407,1/360,,0,0/407,0/360,1:1,6:7,6:7,{},{}
240000004064,CORRECTED_CONTROL_MOD_360,240000001544,47,407,360,6763,96,1,1/407,1/360,96,1,1/407,1/360,,0,0/407,0/360,1:1,3:14,3:14,{},{}
240000004064,CORRECTED_CONTROL_MOD_360,240000001544,47,407,360,7151,97,1,1/407,1/360,97,1,1/407,1/360,,0,0/407,0/360,1:1,0:6,0:6,{},{}
240000004064,CORRECTED_CONTROL_MOD_360,240000001544,47,407,360,7187,98,1,1/407,1/360,98,1,1/407,1/360,,0,0/407,0/360,1:1,12:2,12:2,{},{}
240000004064,CORRECTED_CONTROL_MOD_360,240000001544,47,407,360,7351,99,1,1/407,1/360,99,1,1/407,1/360,,0,0/407,0/360,1:1,21:4,21:4,{},{}
240000004064,CORRECTED_CONTROL_MOD_360,240000001544,47,407,360,7507,100,1,1/407,1/360,100,1,1/407,1/360,,0,0/407,0/360,1:1,22:0,22:0,{},{}
240000004064,CORRECTED_CONTROL_MOD_360,240000001544,47,407,360,7823,101,1,1/407,1/360,101,1,1/407,1/360,,0,0/407,0/360,1:1,11:11,11:11,{},{}
240000004064,CORRECTED_CONTROL_MOD_360,240000001544,47,407,360,8527,102,1,1/407,1/360,102,1,1/407,1/360,,0,0/407,0/360,1:1,2:2,2:2,{},{}
240000004064,CORRECTED_CONTROL_MOD_360,240000001544,47,407,360,9091,103,1,1/407,1/360,103,1,1/407,1/360,,0,0/407,0/360,1:1,20:13,20:13,{},{}
240000004064,CORRECTED_CONTROL_MOD_360,240000001544,47,407,360,10039,104,1,1/407,1/360,104,1,1/407,1/360,,0,0/407,0/360,1:1,5:2,5:2,{},{}
240000004064,CORRECTED_CONTROL_MOD_360,240000001544,47,407,360,10099,105,1,1/407,1/360,105,1,1/407,1/360,,0,0/407,0/360,1:1,3:15,3:15,{},{}
240000004064,CORRECTED_CONTROL_MOD_360,240000001544,47,407,360,10531,106,1,1/407,1/360,106,1,1/407,1/360,,0,0/407,0/360,1:1,23:12,23:12,{},{}
240000004064,CORRECTED_CONTROL_MOD_360,240000001544,47,407,360,11159,107,1,1/407,1/360,107,1,1/407,1/360,,0,0/407,0/360,1:1,11:3,11:3,{},{}
240000004064,CORRECTED_CONTROL_MOD_360,240000001544,47,407,360,11279,108,1,1/407,1/360,108,1,1/407,1/360,,0,0/407,0/360,1:1,21:1,21:1,{},{}
240000004064,CORRECTED_CONTROL_MOD_360,240000001544,47,407,360,11807,109,1,1/407,1/360,109,1,1/407,1/360,,0,0/407,0/360,1:1,21:0,21:0,{},{}
240000004064,CORRECTED_CONTROL_MOD_360,240000001544,47,407,360,12659,110,1,1/407,1/360,110,1,1/407,1/360,,0,0/407,0/360,1:1,14:0,14:0,{},{}
240000004064,CORRECTED_CONTROL_MOD_360,240000001544,47,407,360,13711,111,1,1/407,1/360,111,1,1/407,1/360,,0,0/407,0/360,1:1,21:6,21:6,{},{}
240000004064,CORRECTED_CONTROL_MOD_360,240000001544,47,407,360,15287,112,1,1/407,1/360,112,1,1/407,1/360,,0,0/407,0/360,1:1,12:8,12:8,{},{}
240000004064,CORRECTED_CONTROL_MOD_360,240000001544,47,407,360,18199,113,1,1/407,1/360,113,1,1/407,1/360,,0,0/407,0/360,1:1,0:0,0:0,{},{}
240000004064,CORRECTED_CONTROL_MOD_360,240000001544,47,407,360,19543,114,1,1/407,1/360,114,1,1/407,1/360,,0,0/407,0/360,1:1,21:14,21:14,{},{}
240000004064,CORRECTED_CONTROL_MOD_360,240000001544,47,407,360,19687,115,1,1/407,1/360,115,1,1/407,1/360,,0,0/407,0/360,1:1,4:0,4:0,{},{}
240000004064,CORRECTED_CONTROL_MOD_360,240000001544,47,407,360,20147,116,1,1/407,1/360,116,1,1/407,1/360,,0,0/407,0/360,1:1,7:16,7:16,{},{}
240000004064,CORRECTED_CONTROL_MOD_360,240000001544,47,407,360,21143,117,1,1/407,1/360,117,1,1/407,1/360,,0,0/407,0/360,1:1,22:13,22:13,{},{}
240000004064,CORRECTED_CONTROL_MOD_360,240000001544,47,407,360,25127,118,1,1/407,1/360,118,1,1/407,1/360,,0,0/407,0/360,1:1,2:10,2:10,{},{}
240000004064,CORRECTED_CONTROL_MOD_360,240000001544,47,407,360,27031,119,1,1/407,1/360,119,1,1/407,1/360,,0,0/407,0/360,1:1,13:2,13:2,{},{}
240000004064,CORRECTED_CONTROL_MOD_360,240000001544,47,407,360,27803,120,1,1/407,1/360,120,1,1/407,1/360,,0,0/407,0/360,1:1,14:5,14:5,{},{}
240000004064,CORRECTED_CONTROL_MOD_360,240000001544,47,407,360,29803,121,1,1/407,1/360,121,1,1/407,1/360,,0,0/407,0/360,1:1,3:15,3:15,{},{}
240000004064,CORRECTED_CONTROL_MOD_360,240000001544,47,407,360,30187,122,1,1/407,1/360,122,1,1/407,1/360,,0,0/407,0/360,1:1,23:5,23:5,{},{}
240000004064,CORRECTED_CONTROL_MOD_360,240000001544,47,407,360,33911,123,1,1/407,1/360,123,1,1/407,1/360,,0,0/407,0/360,1:1,3:16,3:16,{},{}
240000004064,CORRECTED_CONTROL_MOD_360,240000001544,47,407,360,33923,124,1,1/407,1/360,124,1,1/407,1/360,,0,0/407,0/360,1:1,4:5,4:5,{},{}
240000004064,CORRECTED_CONTROL_MOD_360,240000001544,47,407,360,35899,125,1,1/407,1/360,125,1,1/407,1/360,,0,0/407,0/360,1:1,5:14,5:14,{},{}
240000004064,CORRECTED_CONTROL_MOD_360,240000001544,47,407,360,36931,126,1,1/407,1/360,126,1,1/407,1/360,,0,0/407,0/360,1:1,3:13,3:13,{},{}
240000004064,CORRECTED_CONTROL_MOD_360,240000001544,47,407,360,37307,127,1,1/407,1/360,127,1,1/407,1/360,,0,0/407,0/360,1:1,22:10,22:10,{},{}
240000004064,CORRECTED_CONTROL_MOD_360,240000001544,47,407,360,38891,128,1,1/407,1/360,128,1,1/407,1/360,,0,0/407,0/360,1:1,12:7,12:7,{},{}
240000004064,CORRECTED_CONTROL_MOD_360,240000001544,47,407,360,39451,129,1,1/407,1/360,129,1,1/407,1/360,,0,0/407,0/360,1:1,5:5,5:5,{},{}
240000004064,CORRECTED_CONTROL_MOD_360,240000001544,47,407,360,39659,130,1,1/407,1/360,130,1,1/407,1/360,,0,0/407,0/360,1:1,6:14,6:14,{},{}
240000004064,CORRECTED_CONTROL_MOD_360,240000001544,47,407,360,42019,131,1,1/407,1/360,131,1,1/407,1/360,,0,0/407,0/360,1:1,13:3,13:3,{},{}
240000004064,CORRECTED_CONTROL_MOD_360,240000001544,47,407,360,42499,132,1,1/407,1/360,132,1,1/407,1/360,,0,0/407,0/360,1:1,5:16,5:16,{},{}
240000004064,CORRECTED_CONTROL_MOD_360,240000001544,47,407,360,44819,133,1,1/407,1/360,133,1,1/407,1/360,,0,0/407,0/360,1:1,16:11,16:11,{},{}
240000004064,CORRECTED_CONTROL_MOD_360,240000001544,47,407,360,56359,134,1,1/407,1/360,134,1,1/407,1/360,,0,0/407,0/360,1:1,14:4,14:4,{},{}
240000004064,CORRECTED_CONTROL_MOD_360,240000001544,47,407,360,58403,135,1,1/407,1/360,135,1,1/407,1/360,,0,0/407,0/360,1:1,6:0,6:0,{},{}
240000004064,CORRECTED_CONTROL_MOD_360,240000001544,47,407,360,64811,136,1,1/407,1/360,136,1,1/407,1/360,,0,0/407,0/360,1:1,22:16,22:16,{},{}
240000004064,CORRECTED_CONTROL_MOD_360,240000001544,47,407,360,74903,137,1,1/407,1/360,137,1,1/407,1/360,,0,0/407,0/360,1:1,17:15,17:15,{},{}
240000004064,CORRECTED_CONTROL_MOD_360,240000001544,47,407,360,75083,138,1,1/407,1/360,138,1,1/407,1/360,,0,0/407,0/360,1:1,22:7,22:7,{},{}
240000004064,CORRECTED_CONTROL_MOD_360,240000001544,47,407,360,82003,139,1,1/407,1/360,139,1,1/407,1/360,,0,0/407,0/360,1:1,22:14,22:14,{},{}
240000004064,CORRECTED_CONTROL_MOD_360,240000001544,47,407,360,85643,140,1,1/407,1/360,140,1,1/407,1/360,,0,0/407,0/360,1:1,13:5,13:5,{},{}
240000004064,CORRECTED_CONTROL_MOD_360,240000001544,47,407,360,90379,141,1,1/407,1/360,141,1,1/407,1/360,,0,0/407,0/360,1:1,1:6,1:6,{},{}
240000004064,CORRECTED_CONTROL_MOD_360,240000001544,47,407,360,94547,142,1,1/407,1/360,142,1,1/407,1/360,,0,0/407,0/360,1:1,11:12,11:12,{},{}
240000004064,CORRECTED_CONTROL_MOD_360,240000001544,47,407,360,95911,143,1,1/407,1/360,143,1,1/407,1/360,,0,0/407,0/360,1:1,14:5,14:5,{},{}
240000004064,CORRECTED_CONTROL_MOD_360,240000001544,47,407,360,99439,144,1,1/407,1/360,144,1,1/407,1/360,,0,0/407,0/360,1:1,1:0,1:0,{},{}
240000004064,CORRECTED_CONTROL_MOD_360,240000001544,47,407,360,114487,145,1,1/407,1/360,145,1,1/407,1/360,,0,0/407,0/360,1:1,19:4,19:4,{},{}
240000004064,CORRECTED_CONTROL_MOD_360,240000001544,47,407,360,134699,146,1,1/407,1/360,146,1,1/407,1/360,,0,0/407,0/360,1:1,3:13,3:13,{},{}
240000004064,CORRECTED_CONTROL_MOD_360,240000001544,47,407,360,144967,147,1,1/407,1/360,147,1,1/407,1/360,,0,0/407,0/360,1:1,11:0,11:0,{},{}
240000004064,CORRECTED_CONTROL_MOD_360,240000001544,47,407,360,151171,148,1,1/407,1/360,148,1,1/407,1/360,,0,0/407,0/360,1:1,12:10,12:10,{},{}
240000004064,CORRECTED_CONTROL_MOD_360,240000001544,47,407,360,155891,149,1,1/407,1/360,149,1,1/407,1/360,,0,0/407,0/360,1:1,20:14,20:14,{},{}
240000004064,CORRECTED_CONTROL_MOD_360,240000001544,47,407,360,159931,150,1,1/407,1/360,150,1,1/407,1/360,,0,0/407,0/360,1:1,21:16,21:16,{},{}
240000004064,CORRECTED_CONTROL_MOD_360,240000001544,47,407,360,169159,151,1,1/407,1/360,151,1,1/407,1/360,,0,0/407,0/360,1:1,18:12,18:12,{},{}
240000004064,CORRECTED_CONTROL_MOD_360,240000001544,47,407,360,173687,152,1,1/407,1/360,152,1,1/407,1/360,,0,0/407,0/360,1:1,7:2,7:2,{},{}
240000004064,CORRECTED_CONTROL_MOD_360,240000001544,47,407,360,182339,153,1,1/407,1/360,153,1,1/407,1/360,,0,0/407,0/360,1:1,14:14,14:14,{},{}
240000004064,CORRECTED_CONTROL_MOD_360,240000001544,47,407,360,186187,154,1,1/407,1/360,154,1,1/407,1/360,,0,0/407,0/360,1:1,10:13,10:13,{},{}
240000004064,CORRECTED_CONTROL_MOD_360,240000001544,47,407,360,188791,155,1,1/407,1/360,155,1,1/407,1/360,,0,0/407,0/360,1:1,14:10,14:10,{},{}
240000004064,CORRECTED_CONTROL_MOD_360,240000001544,47,407,360,202999,156,1,1/407,1/360,156,1,1/407,1/360,,0,0/407,0/360,1:1,13:1,13:1,{},{}
240000004064,CORRECTED_CONTROL_MOD_360,240000001544,47,407,360,203339,157,1,1/407,1/360,157,1,1/407,1/360,,0,0/407,0/360,1:1,23:12,23:12,{},{}
240000004064,CORRECTED_CONTROL_MOD_360,240000001544,47,407,360,211663,158,1,1/407,1/360,158,1,1/407,1/360,,0,0/407,0/360,1:1,15:10,15:10,{},{}
240000004064,CORRECTED_CONTROL_MOD_360,240000001544,47,407,360,226103,159,1,1/407,1/360,159,1,1/407,1/360,,0,0/407,0/360,1:1,17:2,17:2,{},{}
240000004064,CORRECTED_CONTROL_MOD_360,240000001544,47,407,360,231331,160,1,1/407,1/360,160,1,1/407,1/360,,0,0/407,0/360,1:1,21:7,21:7,{},{}
240000004064,CORRECTED_CONTROL_MOD_360,240000001544,47,407,360,233879,161,1,1/407,1/360,161,1,1/407,1/360,,0,0/407,0/360,1:1,2:8,2:8,{},{}
240000004064,CORRECTED_CONTROL_MOD_360,240000001544,47,407,360,239423,162,1,1/407,1/360,162,1,1/407,1/360,,0,0/407,0/360,1:1,14:3,14:3,{},{}
240000004064,CORRECTED_CONTROL_MOD_360,240000001544,47,407,360,263491,163,1,1/407,1/360,163,1,1/407,1/360,,0,0/407,0/360,1:1,6:10,6:10,{},{}
240000004064,CORRECTED_CONTROL_MOD_360,240000001544,47,407,360,298327,164,1,1/407,1/360,164,1,1/407,1/360,,0,0/407,0/360,1:1,1:12,1:12,{},{}
240000004064,CORRECTED_CONTROL_MOD_360,240000001544,47,407,360,325447,165,1,1/407,1/360,165,1,1/407,1/360,,0,0/407,0/360,1:1,19:2,19:2,{},{}
240000004064,CORRECTED_CONTROL_MOD_360,240000001544,47,407,360,344791,166,1,1/407,1/360,166,1,1/407,1/360,,0,0/407,0/360,1:1,18:7,18:7,{},{}
240000004064,CORRECTED_CONTROL_MOD_360,240000001544,47,407,360,348811,167,1,1/407,1/360,167,1,1/407,1/360,,0,0/407,0/360,1:1,16:15,16:15,{},{}
240000004064,CORRECTED_CONTROL_MOD_360,240000001544,47,407,360,384827,168,1,1/407,1/360,168,1,1/407,1/360,,0,0/407,0/360,1:1,11:14,11:14,{},{}
240000004064,CORRECTED_CONTROL_MOD_360,240000001544,47,407,360,413887,169,1,1/407,1/360,169,1,1/407,1/360,,0,0/407,0/360,1:1,11:0,11:0,{},{}
240000004064,CORRECTED_CONTROL_MOD_360,240000001544,47,407,360,417731,170,1,1/407,1/360,170,1,1/407,1/360,,0,0/407,0/360,1:1,11:2,11:2,{},{}
240000004064,CORRECTED_CONTROL_MOD_360,240000001544,47,407,360,426007,171,1,1/407,1/360,171,1,1/407,1/360,,0,0/407,0/360,1:1,11:11,11:11,{},{}
240000004064,CORRECTED_CONTROL_MOD_360,240000001544,47,407,360,442691,172,1,1/407,1/360,172,1,1/407,1/360,,0,0/407,0/360,1:1,4:8,4:8,{},{}
240000004064,CORRECTED_CONTROL_MOD_360,240000001544,47,407,360,476407,173,1,1/407,1/360,173,1,1/407,1/360,,0,0/407,0/360,1:1,10:8,10:8,{},{}
240000004064,CORRECTED_CONTROL_MOD_360,240000001544,47,407,360,498907,174,1,1/407,1/360,174,1,1/407,1/360,,0,0/407,0/360,1:1,14:0,14:0,{},{}
240000004064,CORRECTED_CONTROL_MOD_360,240000001544,47,407,360,517487,175,1,1/407,1/360,175,1,1/407,1/360,,0,0/407,0/360,1:1,3:9,3:9,{},{}
240000004064,CORRECTED_CONTROL_MOD_360,240000001544,47,407,360,521539,176,1,1/407,1/360,176,1,1/407,1/360,,0,0/407,0/360,1:1,19:4,19:4,{},{}
240000004064,CORRECTED_CONTROL_MOD_360,240000001544,47,407,360,571267,177,1,1/407,1/360,177,1,1/407,1/360,,0,0/407,0/360,1:1,21:3,21:3,{},{}
240000004064,CORRECTED_CONTROL_MOD_360,240000001544,47,407,360,620771,178,1,1/407,1/360,178,1,1/407,1/360,,0,0/407,0/360,1:1,1:5,1:5,{},{}
240000004064,CORRECTED_CONTROL_MOD_360,240000001544,47,407,360,676171,179,1,1/407,1/360,179,1,1/407,1/360,,0,0/407,0/360,1:1,15:14,15:14,{},{}
240000004064,CORRECTED_CONTROL_MOD_360,240000001544,47,407,360,806383,180,1,1/407,1/360,180,1,1/407,1/360,,0,0/407,0/360,1:1,19:3,19:3,{},{}
240000004064,CORRECTED_CONTROL_MOD_360,240000001544,47,407,360,821479,181,1,1/407,1/360,181,1,1/407,1/360,,0,0/407,0/360,1:1,2:13,2:13,{},{}
240000004064,CORRECTED_CONTROL_MOD_360,240000001544,47,407,360,899179,182,1,1/407,1/360,182,1,1/407,1/360,,0,0/407,0/360,1:1,10:7,10:7,{},{}
240000004064,CORRECTED_CONTROL_MOD_360,240000001544,47,407,360,982147,183,1,1/407,1/360,183,1,1/407,1/360,,0,0/407,0/360,1:1,15:0,15:0,{},{}
240000004064,CORRECTED_CONTROL_MOD_360,240000001544,47,407,360,1003879,184,1,1/407,1/360,184,1,1/407,1/360,,0,0/407,0/360,1:1,17:3,17:3,{},{}
240000004064,CORRECTED_CONTROL_MOD_360,240000001544,47,407,360,1036883,185,1,1/407,1/360,185,1,1/407,1/360,,0,0/407,0/360,1:1,13:10,13:10,{},{}
240000004064,CORRECTED_CONTROL_MOD_360,240000001544,47,407,360,1041983,186,1,1/407,1/360,186,1,1/407,1/360,,0,0/407,0/360,1:1,10:4,10:4,{},{}
240000004064,CORRECTED_CONTROL_MOD_360,240000001544,47,407,360,1180031,187,1,1/407,1/360,187,1,1/407,1/360,,0,0/407,0/360,1:1,15:8,15:8,{},{}
240000004064,CORRECTED_CONTROL_MOD_360,240000001544,47,407,360,1272443,188,1,1/407,1/360,188,1,1/407,1/360,,0,0/407,0/360,1:1,13:8,13:8,{},{}
240000004064,CORRECTED_CONTROL_MOD_360,240000001544,47,407,360,1311503,189,1,1/407,1/360,189,1,1/407,1/360,,0,0/407,0/360,1:1,2:12,2:12,{},{}
240000004064,CORRECTED_CONTROL_MOD_360,240000001544,47,407,360,1339211,190,1,1/407,1/360,190,1,1/407,1/360,,0,0/407,0/360,1:1,6:2,6:2,{},{}
240000004064,CORRECTED_CONTROL_MOD_360,240000001544,47,407,360,1350059,191,1,1/407,1/360,191,1,1/407,1/360,,0,0/407,0/360,1:1,2:6,2:6,{},{}
240000004064,CORRECTED_CONTROL_MOD_360,240000001544,47,407,360,1486843,192,1,1/407,1/360,192,1,1/407,1/360,,0,0/407,0/360,1:1,22:5,22:5,{},{}
240000004064,CORRECTED_CONTROL_MOD_360,240000001544,47,407,360,1499419,193,1,1/407,1/360,193,1,1/407,1/360,,0,0/407,0/360,1:1,4:1,4:1,{},{}
240000004064,CORRECTED_CONTROL_MOD_360,240000001544,47,407,360,1527983,194,1,1/407,1/360,194,1,1/407,1/360,,0,0/407,0/360,1:1,21:11,21:11,{},{}
240000004064,CORRECTED_CONTROL_MOD_360,240000001544,47,407,360,1532243,195,1,1/407,1/360,195,1,1/407,1/360,,0,0/407,0/360,1:1,14:1,14:1,{},{}
240000004064,CORRECTED_CONTROL_MOD_360,240000001544,47,407,360,1880803,196,1,1/407,1/360,196,1,1/407,1/360,,0,0/407,0/360,1:1,20:10,20:10,{},{}
240000004064,CORRECTED_CONTROL_MOD_360,240000001544,47,407,360,2594479,197,1,1/407,1/360,197,1,1/407,1/360,,0,0/407,0/360,1:1,10:12,10:12,{},{}
240000004064,CORRECTED_CONTROL_MOD_360,240000001544,47,407,360,2683003,198,1,1/407,1/360,198,1,1/407,1/360,,0,0/407,0/360,1:1,9:2,9:2,{},{}
240000004064,CORRECTED_CONTROL_MOD_360,240000001544,47,407,360,2852999,199,1,1/407,1/360,199,1,1/407,1/360,,0,0/407,0/360,1:1,8:6,8:6,{},{}
240000004064,CORRECTED_CONTROL_MOD_360,240000001544,47,407,360,2858263,200,1,1/407,1/360,200,1,1/407,1/360,,0,0/407,0/360,1:1,21:14,21:14,{},{}
240000004064,CORRECTED_CONTROL_MOD_360,240000001544,47,407,360,3412483,201,1,1/407,1/360,201,1,1/407,1/360,,0,0/407,0/360,1:1,10:6,10:6,{},{}
240000004064,CORRECTED_CONTROL_MOD_360,240000001544,47,407,360,3638003,202,1,1/407,1/360,202,1,1/407,1/360,,0,0/407,0/360,1:1,23:15,23:15,{},{}
240000004064,CORRECTED_CONTROL_MOD_360,240000001544,47,407,360,4018711,203,1,1/407,1/360,203,1,1/407,1/360,,0,0/407,0/360,1:1,23:10,23:10,{},{}
240000004064,CORRECTED_CONTROL_MOD_360,240000001544,47,407,360,4530731,204,1,1/407,1/360,204,1,1/407,1/360,,0,0/407,0/360,1:1,20:0,20:0,{},{}
240000004064,CORRECTED_CONTROL_MOD_360,240000001544,47,407,360,5710207,205,1,1/407,1/360,205,1,1/407,1/360,,0,0/407,0/360,1:1,6:5,6:5,{},{}
240000004064,CORRECTED_CONTROL_MOD_360,240000001544,47,407,360,5989439,206,1,1/407,1/360,206,1,1/407,1/360,,0,0/407,0/360,1:1,21:8,21:8,{},{}
240000004064,CORRECTED_CONTROL_MOD_360,240000001544,47,407,360,6148643,207,1,1/407,1/360,207,1,1/407,1/360,,0,0/407,0/360,1:1,16:6,16:6,{},{}
240000004064,CORRECTED_CONTROL_MOD_360,240000001544,47,407,360,6372419,208,1,1/407,1/360,208,1,1/407,1/360,,0,0/407,0/360,1:1,8:9,8:9,{},{}
240000004064,CORRECTED_CONTROL_MOD_360,240000001544,47,407,360,7099843,209,1,1/407,1/360,209,1,1/407,1/360,,0,0/407,0/360,1:1,23:14,23:14,{},{}
240000004064,CORRECTED_CONTROL_MOD_360,240000001544,47,407,360,7606343,210,1,1/407,1/360,210,1,1/407,1/360,,0,0/407,0/360,1:1,9:16,9:16,{},{}
240000004064,CORRECTED_CONTROL_MOD_360,240000001544,47,407,360,8057611,211,1,1/407,1/360,211,1,1/407,1/360,,0,0/407,0/360,1:1,18:15,18:15,{},{}
240000004064,CORRECTED_CONTROL_MOD_360,240000001544,47,407,360,8216927,212,1,1/407,1/360,212,1,1/407,1/360,,0,0/407,0/360,1:1,5:1,5:1,{},{}
240000004064,CORRECTED_CONTROL_MOD_360,240000001544,47,407,360,9313471,213,1,1/407,1/360,213,1,1/407,1/360,,0,0/407,0/360,1:1,12:13,12:13,{},{}
240000004064,CORRECTED_CONTROL_MOD_360,240000001544,47,407,360,9863531,214,1,1/407,1/360,214,1,1/407,1/360,,0,0/407,0/360,1:1,11:8,11:8,{},{}
240000004064,CORRECTED_CONTROL_MOD_360,240000001544,47,407,360,12536351,215,1,1/407,1/360,215,1,1/407,1/360,,0,0/407,0/360,1:1,6:15,6:15,{},{}
240000004064,CORRECTED_CONTROL_MOD_360,240000001544,47,407,360,13521083,216,1,1/407,1/360,216,1,1/407,1/360,,0,0/407,0/360,1:1,9:12,9:12,{},{}
240000004064,CORRECTED_CONTROL_MOD_360,240000001544,47,407,360,14722579,217,1,1/407,1/360,217,1,1/407,1/360,,0,0/407,0/360,1:1,22:2,22:2,{},{}
240000004064,CORRECTED_CONTROL_MOD_360,240000001544,47,407,360,17164963,218,1,1/407,1/360,218,1,1/407,1/360,,0,0/407,0/360,1:1,21:10,21:10,{},{}
240000004064,CORRECTED_CONTROL_MOD_360,240000001544,47,407,360,17875723,219,1,1/407,1/360,219,1,1/407,1/360,,0,0/407,0/360,1:1,12:6,12:6,{},{}
240000004064,CORRECTED_CONTROL_MOD_360,240000001544,47,407,360,19544359,220,1,1/407,1/360,220,1,1/407,1/360,,0,0/407,0/360,1:1,19:14,19:14,{},{}
240000004064,CORRECTED_CONTROL_MOD_360,240000001544,47,407,360,20342431,221,1,1/407,1/360,221,1,1/407,1/360,,0,0/407,0/360,1:1,0:5,0:5,{},{}
240000004064,CORRECTED_CONTROL_MOD_360,240000001544,47,407,360,27418607,222,1,1/407,1/360,222,1,1/407,1/360,,0,0/407,0/360,1:1,13:16,13:16,{},{}
240000004064,CORRECTED_CONTROL_MOD_360,240000001544,47,407,360,30365879,223,1,1/407,1/360,223,1,1/407,1/360,,0,0/407,0/360,1:1,4:11,4:11,{},{}
240000004064,CORRECTED_CONTROL_MOD_360,240000001544,47,407,360,33194743,224,1,1/407,1/360,224,1,1/407,1/360,,0,0/407,0/360,1:1,10:9,10:9,{},{}
240000004064,CORRECTED_CONTROL_MOD_360,240000001544,47,407,360,33748399,225,1,1/407,1/360,225,1,1/407,1/360,,0,0/407,0/360,1:1,10:11,10:11,{},{}
240000004064,CORRECTED_CONTROL_MOD_360,240000001544,47,407,360,35155963,226,1,1/407,1/360,226,1,1/407,1/360,,0,0/407,0/360,1:1,5:13,5:13,{},{}
240000004064,CORRECTED_CONTROL_MOD_360,240000001544,47,407,360,38082823,227,1,1/407,1/360,227,1,1/407,1/360,,0,0/407,0/360,1:1,6:13,6:13,{},{}
240000004064,CORRECTED_CONTROL_MOD_360,240000001544,47,407,360,39241271,228,1,1/407,1/360,228,1,1/407,1/360,,0,0/407,0/360,1:1,1:8,1:8,{},{}
240000004064,CORRECTED_CONTROL_MOD_360,240000001544,47,407,360,47082071,229,1,1/407,1/360,229,1,1/407,1/360,,0,0/407,0/360,1:1,23:13,23:13,{},{}
240000004064,CORRECTED_CONTROL_MOD_360,240000001544,47,407,360,49779007,230,1,1/407,1/360,230,1,1/407,1/360,,0,0/407,0/360,1:1,11:16,11:16,{},{}
240000004064,CORRECTED_CONTROL_MOD_360,240000001544,47,407,360,53446727,231,1,1/407,1/360,231,1,1/407,1/360,,0,0/407,0/360,1:1,17:9,17:9,{},{}
240000004064,CORRECTED_CONTROL_MOD_360,240000001544,47,407,360,53777431,232,1,1/407,1/360,232,1,1/407,1/360,,0,0/407,0/360,1:1,20:7,20:7,{},{}
240000004064,CORRECTED_CONTROL_MOD_360,240000001544,47,407,360,57459191,233,1,1/407,1/360,233,1,1/407,1/360,,0,0/407,0/360,1:1,13:11,13:11,{},{}
240000004064,CORRECTED_CONTROL_MOD_360,240000001544,47,407,360,78226859,234,1,1/407,1/360,234,1,1/407,1/360,,0,0/407,0/360,1:1,3:4,3:4,{},{}
240000004064,CORRECTED_CONTROL_MOD_360,240000001544,47,407,360,78843623,235,1,1/407,1/360,235,1,1/407,1/360,,0,0/407,0/360,1:1,3:6,3:6,{},{}
240000004064,CORRECTED_CONTROL_MOD_360,240000001544,47,407,360,82714091,236,1,1/407,1/360,236,1,1/407,1/360,,0,0/407,0/360,1:1,17:0,17:0,{},{}
240000004064,CORRECTED_CONTROL_MOD_360,240000001544,47,407,360,93965719,237,1,1/407,1/360,237,1,1/407,1/360,,0,0/407,0/360,1:1,18:3,18:3,{},{}
240000004064,CORRECTED_CONTROL_MOD_360,240000001544,47,407,360,98193803,238,1,1/407,1/360,238,1,1/407,1/360,,0,0/407,0/360,1:1,15:4,15:4,{},{}
240000004064,CORRECTED_CONTROL_MOD_360,240000001544,47,407,360,126318083,239,1,1/407,1/360,239,1,1/407,1/360,,0,0/407,0/360,1:1,1:16,1:16,{},{}
240000004064,CORRECTED_CONTROL_MOD_360,240000001544,47,407,360,133884143,240,1,1/407,1/360,240,1,1/407,1/360,,0,0/407,0/360,1:1,18:16,18:16,{},{}
240000004064,CORRECTED_CONTROL_MOD_360,240000001544,47,407,360,140781187,241,1,1/407,1/360,241,1,1/407,1/360,,0,0/407,0/360,1:1,9:15,9:15,{},{}
240000004064,CORRECTED_CONTROL_MOD_360,240000001544,47,407,360,140844923,242,1,1/407,1/360,242,1,1/407,1/360,,0,0/407,0/360,1:1,11:7,11:7,{},{}
240000004064,CORRECTED_CONTROL_MOD_360,240000001544,47,407,360,167034191,243,1,1/407,1/360,243,1,1/407,1/360,,0,0/407,0/360,1:1,17:10,17:10,{},{}
240000004064,CORRECTED_CONTROL_MOD_360,240000001544,47,407,360,188078951,244,1,1/407,1/360,244,1,1/407,1/360,,0,0/407,0/360,1:1,18:0,18:0,{},{}
240000004064,CORRECTED_CONTROL_MOD_360,240000001544,47,407,360,195334567,245,1,1/407,1/360,245,1,1/407,1/360,,0,0/407,0/360,1:1,17:6,17:6,{},{}
240000004064,CORRECTED_CONTROL_MOD_360,240000001544,47,407,360,247417351,246,1,1/407,1/360,246,1,1/407,1/360,,0,0/407,0/360,1:1,14:8,14:8,{},{}
240000004064,CORRECTED_CONTROL_MOD_360,240000001544,47,407,360,268895587,247,1,1/407,1/360,247,1,1/407,1/360,,0,0/407,0/360,1:1,9:13,9:13,{},{}
240000004064,CORRECTED_CONTROL_MOD_360,240000001544,47,407,360,312436427,248,1,1/407,1/360,248,1,1/407,1/360,,0,0/407,0/360,1:1,1:11,1:11,{},{}
240000004064,CORRECTED_CONTROL_MOD_360,240000001544,47,407,360,334533967,249,1,1/407,1/360,249,1,1/407,1/360,,0,0/407,0/360,1:1,23:6,23:6,{},{}
240000004064,CORRECTED_CONTROL_MOD_360,240000001544,47,407,360,372469679,250,1,1/407,1/360,250,1,1/407,1/360,,0,0/407,0/360,1:1,17:8,17:8,{},{}
240000004064,CORRECTED_CONTROL_MOD_360,240000001544,47,407,360,392289187,251,1,1/407,1/360,251,1,1/407,1/360,,0,0/407,0/360,1:1,4:15,4:15,{},{}
240000004064,CORRECTED_CONTROL_MOD_360,240000001544,47,407,360,410749739,252,1,1/407,1/360,252,1,1/407,1/360,,0,0/407,0/360,1:1,10:15,10:15,{},{}
240000004064,CORRECTED_CONTROL_MOD_360,240000001544,47,407,360,423858811,253,1,1/407,1/360,253,1,1/407,1/360,,0,0/407,0/360,1:1,20:5,20:5,{},{}
240000004064,CORRECTED_CONTROL_MOD_360,240000001544,47,407,360,470588243,254,1,1/407,1/360,254,1,1/407,1/360,,0,0/407,0/360,1:1,2:3,2:3,{},{}
240000004064,CORRECTED_CONTROL_MOD_360,240000001544,47,407,360,476093603,255,1,1/407,1/360,255,1,1/407,1/360,,0,0/407,0/360,1:1,3:11,3:11,{},{}
240000004064,CORRECTED_CONTROL_MOD_360,240000001544,47,407,360,516745139,256,1,1/407,1/360,256,1,1/407,1/360,,0,0/407,0/360,1:1,16:13,16:13,{},{}
240000004064,CORRECTED_CONTROL_MOD_360,240000001544,47,407,360,519480359,257,1,1/407,1/360,257,1,1/407,1/360,,0,0/407,0/360,1:1,4:7,4:7,{},{}
240000004064,CORRECTED_CONTROL_MOD_360,240000001544,47,407,360,526315627,258,1,1/407,1/360,258,1,1/407,1/360,,0,0/407,0/360,1:1,3:7,3:7,{},{}
240000004064,CORRECTED_CONTROL_MOD_360,240000001544,47,407,360,542986399,259,1,1/407,1/360,259,1,1/407,1/360,,0,0/407,0/360,1:1,4:6,4:6,{},{}
240000004064,CORRECTED_CONTROL_MOD_360,240000001544,47,407,360,672400867,260,1,1/407,1/360,260,1,1/407,1/360,,0,0/407,0/360,1:1,6:16,6:16,{},{}
240000004064,CORRECTED_CONTROL_MOD_360,240000001544,47,407,360,710030291,261,1,1/407,1/360,261,1,1/407,1/360,,0,0/407,0/360,1:1,4:10,4:10,{},{}
240000004064,CORRECTED_CONTROL_MOD_360,240000001544,47,407,360,864844499,262,1,1/407,1/360,262,1,1/407,1/360,,0,0/407,0/360,1:1,21:13,21:13,{},{}
240000004064,CORRECTED_CONTROL_MOD_360,240000001544,47,407,360,937498391,263,1,1/407,1/360,263,1,1/407,1/360,,0,0/407,0/360,1:1,19:16,19:16,{},{}
240000004064,CORRECTED_CONTROL_MOD_360,240000001544,47,407,360,966512219,264,1,1/407,1/360,264,1,1/407,1/360,,0,0/407,0/360,1:1,12:14,12:14,{},{}
240000004064,CORRECTED_CONTROL_MOD_360,240000001544,47,407,360,983547703,265,1,1/407,1/360,265,1,1/407,1/360,,0,0/407,0/360,1:1,15:6,15:6,{},{}
240000004064,CORRECTED_CONTROL_MOD_360,240000001544,47,407,360,1130923883,266,1,1/407,1/360,266,1,1/407,1/360,,0,0/407,0/360,1:1,5:12,5:12,{},{}
240000004064,CORRECTED_CONTROL_MOD_360,240000001544,47,407,360,1379310367,267,1,1/407,1/360,267,1,1/407,1/360,,0,0/407,0/360,1:1,4:3,4:3,{},{}
240000004064,CORRECTED_CONTROL_MOD_360,240000001544,47,407,360,1589279203,268,1,1/407,1/360,268,1,1/407,1/360,,0,0/407,0/360,1:1,18:13,18:13,{},{}
240000004064,CORRECTED_CONTROL_MOD_360,240000001544,47,407,360,1597404203,269,1,1/407,1/360,269,1,1/407,1/360,,0,0/407,0/360,1:1,18:9,18:9,{},{}
240000004064,CORRECTED_CONTROL_MOD_360,240000001544,47,407,360,1799203303,270,1,1/407,1/360,270,1,1/407,1/360,,0,0/407,0/360,1:1,10:14,10:14,{},{}
240000004064,CORRECTED_CONTROL_MOD_360,240000001544,47,407,360,3038683859,271,1,1/407,1/360,271,1,1/407,1/360,,0,0/407,0/360,1:1,23:1,23:1,{},{}
240000004064,CORRECTED_CONTROL_MOD_360,240000001544,47,407,360,3361983923,272,1,1/407,1/360,272,1,1/407,1/360,,0,0/407,0/360,1:1,12:16,12:16,{},{}
240000004064,CORRECTED_CONTROL_MOD_360,240000001544,47,407,360,4409529043,273,1,1/407,1/360,273,1,1/407,1/360,,0,0/407,0/360,1:1,21:12,21:12,{},{}
240000004064,CORRECTED_CONTROL_MOD_360,240000001544,47,407,360,4592845711,274,1,1/407,1/360,274,1,1/407,1/360,,0,0/407,0/360,1:1,19:10,19:10,{},{}
240000004064,CORRECTED_CONTROL_MOD_360,240000001544,47,407,360,4615376803,275,1,1/407,1/360,275,1,1/407,1/360,,0,0/407,0/360,1:1,9:8,9:8,{},{}
240000004064,CORRECTED_CONTROL_MOD_360,240000001544,47,407,360,4615384351,276,1,1/407,1/360,276,1,1/407,1/360,,0,0/407,0/360,1:1,7:6,7:6,{},{}
240000004064,CORRECTED_CONTROL_MOD_360,240000001544,47,407,360,4792056359,277,1,1/407,1/360,277,1,1/407,1/360,,0,0/407,0/360,1:1,18:10,18:10,{},{}
240000004064,CORRECTED_CONTROL_MOD_360,240000001544,47,407,360,5000000039,278,1,1/407,1/360,278,1,1/407,1/360,,0,0/407,0/360,1:1,7:1,7:1,{},{}
240000004064,CORRECTED_CONTROL_MOD_360,240000001544,47,407,360,5422581863,279,1,1/407,1/360,279,1,1/407,1/360,,0,0/407,0/360,1:1,19:12,19:12,{},{}
240000004064,CORRECTED_CONTROL_MOD_360,240000001544,47,407,360,6077364463,280,1,1/407,1/360,280,1,1/407,1/360,,0,0/407,0/360,1:1,23:7,23:7,{},{}
240000004064,CORRECTED_CONTROL_MOD_360,240000001544,47,407,360,6982588099,281,1,1/407,1/360,281,1,1/407,1/360,,0,0/407,0/360,1:1,14:15,14:15,{},{}
240000004064,CORRECTED_CONTROL_MOD_360,240000001544,47,407,360,7959150599,282,1,1/407,1/360,282,1,1/407,1/360,,0,0/407,0/360,1:1,14:13,14:13,{},{}
240000004064,CORRECTED_CONTROL_MOD_360,240000001544,47,407,360,7999998163,283,1,1/407,1/360,283,1,1/407,1/360,,0,0/407,0/360,1:1,10:3,10:3,{},{}
240000004064,CORRECTED_CONTROL_MOD_360,240000001544,47,407,360,8000000111,284,1,1/407,1/360,284,1,1/407,1/360,,0,0/407,0/360,1:1,6:1,6:1,{},{}
240000004064,CORRECTED_CONTROL_MOD_360,240000001544,47,407,360,8740733047,285,1,1/407,1/360,285,1,1/407,1/360,,0,0/407,0/360,1:1,14:16,14:16,{},{}
240000004064,CORRECTED_CONTROL_MOD_360,240000001544,47,407,360,8741211343,286,1,1/407,1/360,286,1,1/407,1/360,,0,0/407,0/360,1:1,2:16,2:16,{},{}
240000004064,CORRECTED_CONTROL_MOD_360,240000001544,47,407,360,8996018783,287,1,1/407,1/360,287,1,1/407,1/360,,0,0/407,0/360,1:1,4:14,4:14,{},{}
240000004064,CORRECTED_CONTROL_MOD_360,240000001544,47,407,360,9229113743,288,1,1/407,1/360,288,1,1/407,1/360,,0,0/407,0/360,1:1,16:2,16:2,{},{}
240000004064,CORRECTED_CONTROL_MOD_360,240000001544,47,407,360,9564070739,289,1,1/407,1/360,289,1,1/407,1/360,,0,0/407,0/360,1:1,21:9,21:9,{},{}
240000004064,CORRECTED_CONTROL_MOD_360,240000001544,47,407,360,9999399043,290,1,1/407,1/360,290,1,1/407,1/360,,0,0/407,0/360,1:1,15:7,15:7,{},{}
240000004064,CORRECTED_CONTROL_MOD_360,240000001544,47,407,360,9999918779,291,1,1/407,1/360,291,1,1/407,1/360,,0,0/407,0/360,1:1,5:9,5:9,{},{}
240000004064,CORRECTED_CONTROL_MOD_360,240000001544,47,407,360,9999996823,292,1,1/407,1/360,292,1,1/407,1/360,,0,0/407,0/360,1:1,7:7,7:7,{},{}
240000004064,CORRECTED_CONTROL_MOD_360,240000001544,47,407,360,11999920487,293,1,1/407,1/360,293,1,1/407,1/360,,0,0/407,0/360,1:1,13:0,13:0,{},{}
240000004064,CORRECTED_CONTROL_MOD_360,240000001544,47,407,360,20837480383,294,1,1/407,1/360,294,1,1/407,1/360,,0,0/407,0/360,1:1,22:12,22:12,{},{}
240000004064,CORRECTED_CONTROL_MOD_360,240000001544,47,407,360,21820743319,295,1,1/407,1/360,295,1,1/407,1/360,,0,0/407,0/360,1:1,17:16,17:16,{},{}
240000004064,CORRECTED_CONTROL_MOD_360,240000001544,47,407,360,23999520547,296,1,1/407,1/360,296,1,1/407,1/360,,0,0/407,0/360,1:1,14:6,14:6,{},{}
240000004064,CORRECTED_CONTROL_MOD_360,240000001544,47,407,360,39418544423,297,1,1/407,1/360,297,1,1/407,1/360,,0,0/407,0/360,1:1,20:9,20:9,{},{}
240000004064,CORRECTED_CONTROL_MOD_360,240000001544,47,407,360,39418869943,298,1,1/407,1/360,298,1,1/407,1/360,,0,0/407,0/360,1:1,20:1,20:1,{},{}
240000004064,CORRECTED_CONTROL_MOD_360,240000001544,47,407,360,39999912103,299,1,1/407,1/360,299,1,1/407,1/360,,0,0/407,0/360,1:1,12:1,12:1,{},{}
240000004064,CORRECTED_CONTROL_MOD_360,240000001544,47,407,360,39999999563,300,1,1/407,1/360,300,1,1/407,1/360,,0,0/407,0/360,1:1,8:3,8:3,{},{}
240000004064,CORRECTED_CONTROL_MOD_360,240000001544,47,407,360,39999999583,301,1,1/407,1/360,301,1,1/407,1/360,,0,0/407,0/360,1:1,8:1,8:1,{},{}
240000004064,CORRECTED_CONTROL_MOD_360,240000001544,47,407,360,41962664519,302,1,1/407,1/360,302,1,1/407,1/360,,0,0/407,0/360,1:1,20:16,20:16,{},{}
240000004064,CORRECTED_CONTROL_MOD_360,240000001544,47,407,360,43706056679,303,1,1/407,1/360,303,1,1/407,1/360,,0,0/407,0/360,1:1,4:16,4:16,{},{}
240000004064,CORRECTED_CONTROL_MOD_360,240000001544,47,407,360,59996413783,304,1,1/407,1/360,304,1,1/407,1/360,,0,0/407,0/360,1:1,15:2,15:2,{},{}
240000004064,CORRECTED_CONTROL_MOD_360,240000001544,47,407,360,59997559603,305,1,1/407,1/360,305,1,1/407,1/360,,0,0/407,0/360,1:1,3:10,3:10,{},{}
240000004064,CORRECTED_CONTROL_MOD_360,240000001544,47,407,360,60000000859,306,1,1/407,1/360,306,1,1/407,1/360,,0,0/407,0/360,1:1,1:4,1:4,{},{}
240000004064,CORRECTED_CONTROL_MOD_360,240000001544,47,407,360,116948240939,307,1,1/407,1/360,307,1,1/407,1/360,,0,0/407,0/360,1:1,8:14,8:14,{},{}
240000004064,CORRECTED_CONTROL_MOD_360,240000001544,47,407,360,118256609519,308,1,1/407,1/360,308,1,1/407,1/360,,0,0/407,0/360,1:1,20:4,20:4,{},{}
240000004064,CORRECTED_CONTROL_MOD_360,240000001544,47,407,360,119856408359,309,1,1/407,1/360,309,1,1/407,1/360,,0,0/407,0/360,1:1,16:12,16:12,{},{}
240000004064,CORRECTED_CONTROL_MOD_360,240000001544,47,407,360,119877928439,310,1,1/407,1/360,310,1,1/407,1/360,,0,0/407,0/360,1:1,8:12,8:12,{},{}
240000004064,CORRECTED_CONTROL_MOD_360,240000001544,47,407,360,119978478359,311,1,1/407,1/360,311,1,1/407,1/360,,0,0/407,0/360,1:1,16:4,16:4,{},{}
240000004064,CORRECTED_CONTROL_MOD_360,240000001544,47,407,360,119978478671,312,1,1/407,1/360,312,1,1/407,1/360,,0,0/407,0/360,1:1,16:0,16:0,{},{}
240000004064,CORRECTED_CONTROL_MOD_360,240000001544,47,407,360,119995115939,313,1,1/407,1/360,313,1,1/407,1/360,,0,0/407,0/360,1:1,8:10,8:10,{},{}
240000004064,CORRECTED_CONTROL_MOD_360,240000001544,47,407,360,119999998439,314,1,1/407,1/360,314,1,1/407,1/360,,0,0/407,0/360,1:1,8:4,8:4,{},{}
240000004064,CORRECTED_CONTROL_MOD_360,240000001544,47,407,360,119999998751,315,1,1/407,1/360,315,1,1/407,1/360,,0,0/407,0/360,1:1,8:0,8:0,{},{}
240000004064,CORRECTED_CONTROL_MOD_360,240000001544,47,407,360,120000001679,316,1,1/407,1/360,316,1,1/407,1/360,,0,0/407,0/360,1:1,4:4,4:4,{},{}
