19
307
523
883
991
1171
1279
1747
2143
2179
2251
2467
2503
2683
3259
3331
3547
3583
3691
3727
3907
4339
4591
4951
4987
5167
5419
5527
5779
5851
5923
6247
6427
6607
6679
7039
7687
7723
7867
8623
8839
9091
9631
9739
9811
10459
10639
10711
10891
11251
11467
11503
11863
11971
12511
12619
12763
12979
13159
13339
13411
13591
13627
13807
13879
14347
14779
14887
14923
15031
15319
15643
15823
15859
16111
16759
16831
17047
17191
17299
17443
17623
17839
17911
18127
18379
18451
18919
19207
19423
19891
19963
20071
20107
20287
20323
20611
21187
21727
21799
21943
22051
22123
22159
22303
22447
22483
22699
23131
23203
23311
23671
23743
23887
24103
24499
24859
25147
25183
25471
25579
25903
25939
26227
26263
26371
26947
27091
27127
27631
27739
27883
28099
28279
29251
29287
29611
30367
30763
31231
31663
31771
32203
32491
33211
33247
33679
33751
33931
33967
34039
34147
34327
34471
34651
34687
34759
34939
35227
35731
35839
35983
36343
36523
36739
36847
37243
37567
37783
37963
38287
38971
39079
39511
39619
39727
40087
40483
40699
40771
41023
41131
41491
41887
42139
42391
42463
42571
42751
42787
42859
43003
43291
43399
43651
43759
43867
44119
44371
44587
44623
44839
45127
45307
45631
45667
46351
46567
46639
46747
47287
47431
48187
48619
48907
49123
49663
50131
50311
50671
51283
51427
51787
51859
52183
52291
52363
52903
53047
53479
53551
54559
54631
54667
55171
55207
55351
55603
55639
55711
55819
55927
56359
56827
57259
57367
58231
58411
59167
59419
59671
59707
60607
60679
61507
61543
62011
62119
62299
62983
63199
63487
63703
64063
64171
64783
64891
65323
65899
66763
66943
67411
67447
67699
67807
68023
68239
68491
68743
69247
69427
69859
70003
70039
70111
70507
71263
71983
72019
72271
72559
72883
73243
73459
73783
73999
74071
74323
74611
75079
75583
75619
76123
76231
77023
77167
77239
77527
77563
77743
78283
78607
78787
79039
79111
79399
79579
79687
79867
79939
80263
80803
80911
81019
81199
81307
81847
82207
82351
82387
82531
83719
84871
84979
85087
85303
85447
85627
86743
86923
86959
87679
87931
88003
88327
88651
88867
88903
89083
89119
89227
89659
89767
89839
89983
90163
90631
90847
91099
91243
91387
91423
91459
91639
92107
92143
92251
92431
92467
92791
92863
92899
93187
93763
93871
93979
94951
95239
95383
95923
96211
96787
97327
97651
98047
98299
98443
98947
99487
99559
99991
100207
100459
100999
101287
101323
101359
101503
101863
102043
102079
102259
102367
103123
103231
103483
103591
103699
104311
104527
104959
105211
105319
105607
105967
106291
106363
106867
106903
107119
107227
108343
108631
108883
109171
109279
109387
109423
109639
109819
109891
110251
110503
111043
111439
111799
111871
112087
112339
112663
112807
112843
113131
113167
114031
114067
114571
114679
115327
115903
116443
117307
117703
117811
118387
118891
118927
119107
119359
119971
120079
120331
120511
120619
120871
120943
121267
121591
121951
122131
122347
122743
123427
124183
124291
124543
124759
125299
125551
125731
125803
126019
126127
126271
126307
126487
126703
127207
127423
127711
128287
128971
129403
130051
130267
130447
130483
130699
130807
130843
130987
131743
132247
132283
132499
132607
132967
133183
133831
134227
134263
134371
134443
134587
135019
135559
136531
136711
137251
137359
138799
139123
139627
139663
139987
140527
141067
141679
142039
142111
142543
142867
142903
143263
143551
143947
144163
144307
144847
145063
145207
145603
145819
146323
146359
146683
147331
147727
148303
148411
148483
148663
149239
149491
149563
150247
150427
150571
150967
151507
151651
151903
152083
152407
152623
152947
153343
153379
153487
154423
154459
155539
156151
156259
156799
156943
157051
157231
157303
157771
158419
158563
159319
159463
159499
159787
159931
160507
160579
160903
161047
161263
161407
161911
161983
162091
162343
162451
162523
162739
163063
163171
163351
163567
163927
164503
164683
165367
165511
166627
166843
166987
167311
167887
168247
168463
169003
169111
169219
169327
169831
170227
170299
170371
170551
171163
171271
171811
172027
172171
172279
172351
172423
172603
172999
173359
173431
173539
173647
173683
174007
174079
174331
174367
174907
174943
175267
175303
175447
175519
175663
175699
175843
176347
176383
176599
176923
177211
177319
177427
177679
177787
178183
178327
178831
179083
179407
179479
179623
179947
180667
180811
180847
181243
181639
181711
181891
182107
182431
182503
183151
183259
183691
183943
183979
184447
184879
185491
185527
185959
186211
186283
186391
186859
187219
187471
187507
187687
188299
188443
188767
188911
189127
189199
189523
190027
190063
190207
190387
190639
191071
191143
191791
191827
192007
192043
192259
192583
192799
193051
193663
193771
193951
194167
194203
194527
194707
195751
195931
196111
196291
196687
197299
197551
197767
197947
198091
198811
199207
199567
199783
199819
200323
200467
200899
200971
201007
201547
201979
202087
202519
202591
202627
202879
203563
204319
204427
204751
204859
205111
205399
205651
205759
206191
206299
206407
206623
206803
207811
208099
208207
208459
209179
209431
209647
209719
210187
210403
210619
210943
211051
211339
211663
212167
212203
212923
213067
213247
213391
213751
214147
214219
214399
214831
214867
215443
215587
215659
215767
215983
216091
216451
216991
217207
217387
217747
218143
218287
218611
218719
219223
219763
219799
220411
220447
220663
220771
220879
221059
221203
221239
221311
222067
222247
222499
222679
222823
222967
223219
223507
223759
223831
223903
225163
225523
225919
226027
226063
226099
226531
226819
227431
227467
228223
228331
228511
228619
229267
229591
229699
230059
230239
230383
230779
231859
231967
232003
233911
234271
235891
236287
236323
236503
237043
237151
237619
237691
238267
238591
238879
239671
239851
240139
240283
240319
240607
240859
240967
241183
241687
241903
242119
242227
242371
242479
242551
242659
242731
242911
243343
244603
245071
245683
245899
246187
246223
246439
246979
247087
247339
248167
248203
248707
248851
249463
249607
250147
250543
250687
250867
251191
251443
251947
251983
252163
252667
252919
253063
253387
253567
253819
253999
254647
254971
255007
255763
256483
257239
257671
257707
258211
258319
258499
258607
258967
259183
259723
259867
260047
260191
260587
261271
261379
262027
262351
262459
262567
262747
262783
262819
263287
263323
263503
263647
263863
264871
265123
265231
265339
265483
265807
265987
266023
266239
267643
268003
268507
270271
270307
270343
270451
270631
270667
271279
271639
271927
272179
272719
272863
273043
273367
274123
274843
274951
275059
275167
275419
275491
275599
275923
276247
276499
276823
277003
277363
277687
278119
278191
278227
278623
278911
278947
279523
279847
279919
280207
280243
280351
280603
280711
281431
281647
281683
281971
282439
283051
283267
283411
283519
284023
284707
285031
285139
285643
286651
286831
287047
287731
288559
289243
289423
289603
289999
290107
290539
290611
290827
290971
291007
291043
291367
291439
291619
291727
292231
292483
292879
293311
294211
294319
294391
294859
295039
295219
295831
296011
296047
296083
296479
297991
298063
298099
298171
298819
298999
299179
299287
300007
300151
300187
300331
300367
300799
301303
301447
301627
302167
302959
303283
303463
303571
303679
303931
304039
304651
304867
304903
305047
305119
305551
305947
306091
306703
306739
307171
307423
307891
308107
308323
308467
308827
308899
309079
310591
310627
310987
311347
311419
311743
312211
312283
312427
312967
313219
313399
313507
314227
314263
314299
314623
315127
315631
315703
315883
316243
316423
316531
316567
316819
316891
317071
317323
317503
317539
317827
317971
318259
318403
318691
318979
319339
319483
319591
319699
320239
320563
320851
321031
321427
322039
323443
323767
323803
324199
324523
324847
324991
325063
325747
326143
326251
326467
326503
326539
326611
326863
327331
327583
327799
327871
328411
328519
329059
329419
330067
330139
330247
330607
331147
332011
332191
332947
333019
333271
333631
334171
334603
334783
334891
335323
336079
336223
336403
336871
337411
337627
338167
338347
338383
338563
338707
338851
339211
339247
339679
339751
341083
341227
341587
341623
341839
341911
341947
342343
342379
342451
343243
343423
343639
343891
344611
344719
345511
346447
346699
347563
347671
347707
347779
347959
349039
349183
349291
349507
349579
349831
349903
349939
350443
350587
350803
350983
351343
351667
351847
351991
352459
352711
352819
353179
353359
353611
354007
354259
354439
354799
355087
355339
355483
355519
355951
357031
357571
357967
358219
358291
358723
358867
358903
359299
359407
359731
360163
360307
361279
361351
361531
362431
362863
363403
363799
363871
364267
364303
364411
364627
365419
365779
366031
366103
366139
366463
366787
366859
366967
367219
367651
367867
368047
368083
368803
368911
368947
369991
370207
371071
371179
371251
371719
371971
372367
372511
372871
372943
372979
373339
373447
373987
374203
374347
375103
375283
375607
375643
375931
376147
376183
376291
376399
376687
377011
377263
377371
377911
378019
378127
378523
378559
378739
378883
379207
379387
379531
379927
380071
381439
382087
382231
382303
382519
382843
383419
383527
383923
384067
385039
385291
385327
385471
385579
386047
386119
386299
386587
386731
387199
387631
388351
388459
388567
388711
388891
388963
389971
390043
390727
390763
391627
392059
392131
392383
392599
392923
393031
393571
393859
393931
394291
394327
394759
395047
395191
395803
396667
396703
396883
397351
397567
398287
398323
398539
398611
399043
399151
399403
399583
399691
399727
400051
400123
401311
401347
401671
401707
401743
401959
402751
402823
402859
403363
403687
403831
404011
404119
404983
405091
405667
405703
405991
406207
406531
407287
407503
407791
407971
408223
408763
408943
408979
409879
409951
410203
410239
410491
411031
411823
412039
412219
412939
413299
413551
414019
414487
414703
415171
415819
415963
415999
416071
416107
416359
417331
417511
417763
418087
418303
418699
418843
419059
419383
420571
420859
420967
422083
422407
422803
422911
423019
423127
423667
424027
424243
424423
424639
424891
426763
426799
427591
427879
428023
428851
429427
429643
429823
429931
430147
430579
431191
431659
431803
431911
431983
432163
432199
432343
432631
432847
433207
433747
433963
434179
434323
434431
434611
434683
434719
435151
435223
435439
435907
436087
436231
437527
437743
438391
438967
439723
439903
440047
440227
440443
441307
441523
441631
441703
441811
442027
442171
442243
443431
443467
444007
444151
444187
444403
444547
445087
445447
445699
445771
447067
447247
447319
447427
448111
448939
449227
449263
449299
450019
450127
450451
450487
450811
450883
450991
451207
451387
451747
451783
452539
453799
453907
454483
454627
455167
455419
455527
456283
457183
457363
457399
457507
457903
458119
459343
459631
459847
459883
460063
460099
460171
460387
460711
461143
461359
461467
462547
462871
463231
463339
463627
463987
464923
465067
465463
465679
466579
466651
467083
467119
468199
468271
468739
469207
469279
469891
470359
470539
470791
470863
471403
471439
471871
471943
472123
472411
473167
473203
473311
473383
474319
474751
474787
475219
475327
476587
476803
476911
477019
477163
477811
477991
478243
478351
478459
478531
478747
478927
478999
479287
480367
480583
480979
481051
481123
481231
481447
481699
481807
481879
482203
482347
482527
482743
483031
483139
483211
483643
483751
485479
485587
486091
486307
486559
486667
486991
487387
487819
488143
488287
488539
488611
488827
489043
489367
489439
489871
490339
490591
490627
490663
490771
490951
491059
491167
491527
491851
492103
492463
493111
493147
493219
493579
494083
494407
494731
495199
495307
496063
496459
496711
496891
499267
499483
499519
499591
500167
500239
500923
501031
501139
501427
501463
501967
502543
502651
503227
503407
503623
503911
504379
504667
504991
505027
505459
505639
505819
506647
507079
507151
508159
508771
508951
509023
509563
509959
510319
510751
511039
511507
511579
512443
512767
513307
513991
514531
514747
514783
515611
516151
516871
516979
517087
517303
517411
518059
518743
518779
519031
519283
519391
519787
519931
520111
520291
520363
520867
521299
521551
522523
522703
522811
522919
523459
523603
524683
524899
525439
525727
525979
526051
526231
526627
526951
527419
527563
527599
528247
528679
528967
529003
529183
529327
529723
529939
530731
530911
530983
531343
532027
532639
532999
533719
534367
534403
534799
535123
535879
536059
536203
536743
536779
537067
538579
538723
538939
539479
540307
540343
540559
540703
541027
541531
541927
542071
542467
542719
542791
544123
544627
544771
545599
545959
546067
546283
546391
547363
548083
548407
548623
549091
549163
549379
549739
550027
550063
550279
550351
551143
551539
553411
553447
553627
554167
554347
554707
554887
554923
555967
556219
556399
556651
556723
556867
556939
557371
557731
557803
558343
558703
559099
559243
559459
559639
559747
560107
560503
560827
560863
561079
561367
561907
561943
562231
562519
562699
562987
563131
563851
563887
564103
564391
564607
564643
565183
565507
565723
566047
566227
566443
566551
566659
566767
566911
567487
567631
567667
567991
568171
568279
568387
568963
569071
569251
569323
571303
571339
572059
572311
572491
573031
573247
573571
573787
573967
574219
574543
574687
575551
575623
576703
577063
577387
578251
578467
578647
578719
578971
579079
579331
579763
580303
580807
581311
581527
582031
582247
582319
582427
582643
582859
584911
585019
585847
585883
585919
586459
586567
586603
586711
587107
587179
587287
587539
587827
587863
588043
588079
588403
589123
589159
589807
590131
591067
591319
591499
591751
592219
592507
592723
592903
593479
593587
593767
593839
594091
594523
594667
594739
595207
595927
595963
596179
596251
596503
596899
597367
598303
598447
598987
599419
599491
599779
600931
601039
601543
601759
601903
602551
602839
602947
603487
603523
603739
603847
603919
604063
604171
604243
604603
604819
606223
607303
607339
607627
607843
607951
608347
608851
608887
609571
609751
610219
610651
610867
611587
611803
612811
613099
613243
613999
614071
614611
615151
615259
615367
615403
615799
615907
616051
617131
617311
617887
617959
618571
618643
618823
618859
619111
619363
619471
619543
619687
619867
620227
620731
620911
620947
621343
621451
621631
621739
621883
622639
622927
623683
623719
624259
624331
624763
625087
625231
626239
626599
626959
627139
627391
627787
628219
628363
628687
629011
629263
630163
630307
630919
631531
631711
631927
632323
632971
633079
634159
634267
634519
635347
635527
635563
635707
635923
636211
636247
636283
636967
637003
637291
637327
637543
637723
637831
637939
638047
638263
639451
639631
639703
640531
640963
641287
641863
642079
642403
642799
643051
643231
644239
644599
644671
645067
645499
645751
645787
646039
646147
646291
646831
647011
647047
647371
647551
647587
648019
648199
648343
648631
649063
649639
650179
650827
651331
652087
652339
652627
653203
653311
653491
653563
653707
654067
654499
654571
654931
655111
655219
655399
655507
655579
655651
655687
656119
656407
656479
657091
657703
658783
659539
660547
660619
660727
661231
661267
661483
662059
662671
662743
663031
663463
663571
663787
663823
663967
664507
665011
665047
665299
665479
665803
666019
666667
666811
667171
667243
667423
667999
668179
668611
669763
669943
670303
670447
671131
671887
672283
672499
672823
672967
673039
673291
673399
674263
674371
674551
675559
676387
676927
677683
677791
678367
678763
678871
678907
679087
679123
679519
679699
679879
679951
680059
680707
680959
682219
682291
682327
682471
683083
683119
683299
683407
683983
684091
684163
684379
684559
685063
685747
685819
686143
686359
686863
686971
687007
687223
687331
687403
688087
688159
688591
688627
689131
689167
689599
690427
690787
691183
691399
691651
691723
691759
691903
692191
692299
692407
692983
693019
693127
693487
693739
694783
694999
695323
695503
695719
696079
696403
696691
697267
697303
697447
697591
698311
698419
698527
698779
699319
699427
699823
699931
700759
701011
701047
701227
701443
701479
702127
702451
702847
703531
703711
704251
704863
705259
705763
705871
706987
707383
707923
708031
708283
708823
709651
710299
710839
710911
711163
711307
711847
712171
712279
712603
712711
712819
712927
713107
713863
714223
714619
715087
715159
715303
715699
716491
716563
716707
717103
717139
717427
717679
717751
718183
719227
719731
719839
719947
720019
720127
720703
720991
721207
721351
721783
722431
722611
722899
722971
723043
723727
724123
725671
726391
727183
727471
727939
728047
728551
728659
728731
728911
729019
729199
729451
729559
729919
730603
730747
730819
731251
731287
731359
731503
731611
732331
732439
732799
733339
733519
733591
733879
734203
734743
734887
735067
735247
735751
736039
736363
736867
737083
737119
737479
737767
738163
738379
738487
738523
738847
739027
739351
739603
740143
740323
741007
741079
741187
741547
742519
742591
742663
742699
743059
743131
743167
743671
743779
744607
744859
745471
745903
745939
746047
746371
746479
746839
747343
747811
747919
747991
748207
748387
748567
748639
748963
749323
749431
749467
749863
749971
750151
750943
751123
751447
751879
752023
752203
753031
753427
753463
753499
753751
754003
754183
754723
754903
754939
755371
755551
755767
756667
756739
757063
757171
757387
757711
757819
757927
759223
759547
759691
759763
759799
760411
760519
760843
760951
762499
762571
763111
763471
763579
764011
764623
764839
764947
765091
765199
765307
765379
765487
766639
766891
766999
767323
767539
769159
769591
769627
770167
770527
771427
771643
771679
772003
772147
773083
773299
773371
773659
773767
773803
774127
774343
774667
774703
774919
775531
775639
776179
776287
776719
777151
777187
777583
777619
777979
778051
778123
778699
778879
779131
779239
780211
780499
780823
780931
781867
782371
782443
782659
782911
784171
784351
784387
784423
784603
785143
785287
786547
786763
786979
787123
787447
788023
788167
788383
788419
788959
789031
789391
789571
789823
790219
790327
790651
791443
792163
792487
792703
792919
793279
793711
793927
794179
795871
795979
796267
796303
796339
796591
796699
797311
797383
797887
798139
798751
799291
799543
799651
799723
799759
800407
800587
800623
800731
801019
801127
801487
801811
802027
802531
803287
803323
803611
804043
804259
804367
804511
804943
805159
805267
805339
805807
805843
806203
806383
806671
807427
807607
808111
808147
808363
808579
809443
809839
809983
810091
810307
810343
810487
811099
811171
811207
811351
811819
812179
812467
813583
813871
813907
814771
815491
815527
815599
815923
816499
817039
817651
817867
818011
818659
818947
819307
819523
819739
819811
820243
820279
820459
820891
820927
821143
821467
821647
821971
822007
822223
822259
822691
822727
822763
823051
823519
823591
823843
824419
824563
824671
824779
825247
825679
826723
826867
827227
827767
827803
828379
828703
829063
829639
829819
830503
831583
831619
831799
832159
832591
832771
833347
833887
834643
834859
835039
835687
835831
836047
837307
837451
837631
837667
838171
838459
838927
839071
839611
839791
839899
840439
840979
841231
841411
841447
841663
841879
841987
842203
842311
842419
842599
843067
843607
843643
843823
844111
844651
844903
845371
845659
846271
846487
846739
847279
848251
848467
848647
848791
849223
849727
849763
849943
850303
850879
850951
851203
851239
851491
852031
852139
852427
852463
853291
853543
853687
853759
854083
855271
855919
856099
856351
856567
857287
857827
858043
858223
858259
858691
858943
859051
859987
860311
860887
861031
861391
861823
862399
862471
863047
863119
863767
863803
863983
864091
864307
864811
865639
865747
865819
867151
867547
867871
868123
868771
868951
869059
869203
869419
869563
869599
869959
870031
870283
870391
870679
870931
871147
871687
871867
872659
872731
873091
874063
874099
874387
874567
874711
874891
875323
875503
875647
876079
876331
876619
876871
877411
877699
877843
878419
879031
879103
879679
879859
880219
880543
880939
881407
881911
881983
882019
882451
882703
882883
883279
883423
883639
883783
883963
884287
884827
885187
885403
885727
886339
886519
886663
886807
886987
887059
887311
887671
888103
888211
888319
888427
888751
888931
888967
889039
889363
889687
890011
890119
890371
890803
891091
891559
891991
892387
892531
893359
894151
894511
894763
895087
895231
895771
895879
896347
896491
897067
897499
897571
898147
898543
898867
899659
900307
901063
901207
901279
901423
901567
901891
903223
903403
903547
903691
903979
904087
904483
905059
905167
905491
906211
906427
906679
907399
907507
907651
907759
907831
908623
908911
909019
909343
909451
910099
911503
912187
912403
912511
912727
914131
914239
915067
915247
915283
915391
916183
916291
916471
916507
916651
916831
916939
917227
917443
917659
917767
917803
918019
919423
919531
919927
920107
920467
920827
921007
921223
921259
921331
921871
922303
922627
922807
923239
923599
923743
923851
923959
924463
924499
924967
925147
926227
926587
926623
926767
926983
927631
927847
928063
928351
928927
929251
929323
929431
929647
929791
930187
930547
930583
930619
930763
931087
931123
931303
932131
932563
932779
932923
933319
933463
933643
933787
933967
934399
934723
934831
934939
935587
935839
936127
936379
936451
936667
936919
937243
937351
937639
937747
937891
938071
938107
938323
938827
940087
940483
941023
941167
941671
942247
942607
943183
943363
943471
943903
944551
944803
945739
945811
945883
947719
948007
948151
948439
948547
948799
948907
949051
949951
949987
950023
950527
950743
950959
951283
952183
952687
953191
953551
953731
953983
954379
954847
955243
955711
955891
956107
957331
957403
957547
957871
958051
958123
958159
958339
958627
958807
959383
959779
959887
961003
961399
961507
962839
962911
963163
963343
963379
963811
964351
964423
964531
964783
965179
965611
965647
966439
966583
966619
966727
966907
967663
967699
968239
968311
970903
971263
971371
972199
972847
973099
973387
973459
974143
974179
974359
974539
974971
975367
975439
976231
976447
976951
977023
977167
977239
977923
978031
978283
978427
978463
978931
979219
979471
979543
979651
980299
980731
981271
981919
982063
982099
982171
982351
982819
983431
983791
983863
984007
985519
985951
986023
986131
986239
986599
986707
986779
986851
987463
988111
988219
988651
988759
989119
989479
989839
990163
990487
990559
991027
991387
991531
991567
991999
992179
993907
993943
994051
994087
994339
994447
994663
994699
994879
995023
995347
995887
995959
996067
996103
996571
996859
996967
997147
997219
998443
998551
998839
998983
999199
999307
999451
999631
999667
999883
1000099
1000171
1000999
1001107
1001323
1002151
1002259
1002583
1002979
1003771
1003879
1004599
1004743
1005391
1005427
1005931
1006003
1006471
1006543
1007047
1007299
1007731
1007767
1008379
1008991
1009243
1009387
1009819
1010143
1010467
1010791
1011943
1011979
1012159
1012267
1012591
1013671
1013851
1013923
1014319
1014571
1014787
1015039
1015507
1016083
1016371
1016731
1016839
1017559
1019071
1019503
1019647
1019827
1019971
1020619
1020979
1021123
1021159
1021483
1021807
1021879
1023067
1023499
1023643
1024183
1024399
1025047
1025551
1025623
1025659
1025911
1026127
1026811
1026847
1027027
1027459
1028647
1028683
1029151
1029331
1029403
1029547
1029583
1030951
1030987
1031707
1032391
1032607
1032679
1033363
1033687
1033759
1033867
1034119
1034443
1034659
1034767
1034983
1035163
1036027
1036351
1036459
1036531
1037683
1037791
1038187
1038619
1038727
1040059
1040167
1040563
1040671
1041427
1042183
1042687
1042759
1043011
1043047
1043083
1043191
1043479
1043839
1044019
1044271
1044343
1044451
1044559
1044847
1045423
1045963
1046179
1046827
1046863
1047043
1047367
1047511
1047691
1047979
1048051
1048447
1048807
1049023
1049239
1050031
1051147
1051291
1051471
1051759
1051903
1052119
1052731
1052767
1052803
1053739
1053991
1054171
1054243
1054423
1054531
1054639
1054819
1054927
1055143
1055251
1055827
1056007
1056871
1057087
1057411
1057663
1057807
1057951
1058203
1058419
1058779
1059067
1059787
1059823
1059931
1060687
1061407
1062379
1062847
1063243
1063351
1063747
1063891
1063927
1063999
1064359
1064431
1065763
1065979
1066159
1066267
1066411
1067023
1067239
1067383
1068103
1068247
1068751
1069183
1069219
1069291
1069507
1070803
1070947
1071379
1071451
1071487
1071703
1071739
1071919
1071991
1072459
1072999
1074079
1074259
1074511
1074691
1074763
1075159
1075339
1075699
1076203
1076563
1076671
1076707
1077499
1077607
1077859
1078183
1078507
1079983
1080091
1080199
1080307
1080451
1080523
1080811
1081099
1081279
1081711
1082467
1083007
1083151
1083367
1083583
1084051
1084627
1084771
1084987
1085023
1085419
1086247
1086607
1087147
1087291
1087903
1088407
1088443
1088623
1088839
1089091
1089523
1089919
1090027
1090387
1090459
1090711
1090783
1090891
1091359
1091863
1092331
1093159
1093591
1093699
1093843
1093951
1094059
1094131
1094491
1094671
1094887
1094923
1095247
1095427
1095859
1096219
1096327
1096399
1097947
1098379
1098451
1098631
1099459
1099783
1100179
1100503
1100611
1101511
1101691
1102483
1102879
1103203
1103779
1104319
1104427
1104751
1104823
1105579
1107019
1107487
1108171
1108207
1108423
1108711
1108747
1109287
1109611
1110007
1110223
1110331
1110367
1110547
1110979
1111087
1111339
1111447
1111771
1112383
1112707
1112959
1113751
1113787
1114111
1114471
1114759
1115011
1115227
1115299
1115407
1115551
1115767
1115911
1116163
1116523
1116631
1117243
1117279
1117819
1118827
1118863
1119403
1119871
1120087
1120159
1120303
1120627
1120771
1120807
1121023
1121347
1121383
1121599
1121671
1122103
1122571
1122679
1123219
1123399
1123651
1123867
1124083
1124443
1124803
1125127
1125343
1125379
1125559
1125811
1125991
1126459
1126999
1127323
1128583
1128727
1128943
1129159
1129663
1129699
1131103
1131643
1131751
1132471
1132507
1133047
1133263
1133479
1133551
1133659
1133911
1133947
1134667
1134883
1135171
1135531
1135711
1135819
1135963
1136287
1136719
1137007
1137439
1138591
1138987
1139491
1139779
1139851
1139959
1140463
1140571
1140679
1140787
1141039
1141219
1141507
1142083
1143487
1144243
1144783
1145323
1145539
1145899
1145971
1146043
1146367
1146511
1146727
1147051
1147231
1149427
1149679
1150183
1150579
1151047
1151083
1151911
1152163
1153099
1153171
1153459
1153531
1153639
1153891
1154323
1154539
1155403
1155907
1155943
1156483
1156591
1157059
1157131
1157851
1158607
1158643
1158823
1160227
1160443
1160479
1160659
1161091
1161487
1161991
1162279
1162423
1162927
1163143
1163251
1163467
1163611
1163719
1163791
1164043
1164799
1165051
1165303
1166311
1166383
1166527
1167139
1167571
1167823
1170487
1170523
1171999
1172107
1172467
1172683
1173259
1173511
1173979
1174519
1174627
1175887
1176031
1176463
1177147
1177291
1177399
1177507
1177543
1177651
1177723
1178263
1178371
1178623
1178659
1178767
1178803
1179019
1179127
1179883
1179991
1180027
1180279
1180351
1180891
1181611
1181647
1182043
1182331
1182403
1182691
1183123
1183159
1183267
1183771
1183843
1183951
1184059
1184527
1184671
1185319
1185643
1185787
1185859
1185931
1186147
1186291
1187227
1187479
1187551
1187587
1187803
1187911
1188307
1188559
1188667
1188991
1189063
1189171
1189603
1189891
1190071
1190143
1190359
1190467
1190647
1190899
1191079
1191439
1192339
1192879
1192951
1193239
1193707
1194031
1194211
1194463
1195759
1196227
1196731
1197199
1197307
1197631
1198063
1198819
1198927
1198999
1199719
1199899
1200187
1200403
1200943
1201087
1201483
1201699
1201843
1202023
1202239
1202779
1202959
1203067
1203211
1203283
1203571
1204003
1204183
1204219
1204363
1204507
1205047
1205731
1205947
1206199
1207351
1207603
1208863
1209367
1210123
1210483
1210987
1211311
1211563
1211779
1212103
1212283
1212319
1212427
1212931
1213183
1213327
1213759
1214011
1214407
1214623
1214659
1214767
1215451
1215631
1215847
1216387
1216603
1217071
1217107
1217143
1217179
1217647
1217719
1217899
1218043
1218367
1218583
1218691
1219303
1219411
1219663
1219843
1219951
1220203
1220491
1221247
1221499
1221823
1222003
1222219
1222471
1222651
1222831
1223083
1223731
1223767
1225099
1225459
1225603
1225927
1225999
1226683
1226899
1227619
1227943
1227979
1228159
1228303
1228519
1228951
1229023
1229131
1229311
1229563
1229707
1229743
1230571
1230751
1231003
1231831
1232299
1232947
1233523
1234099
1234243
1234351
1234747
1235503
1236259
1236439
1237231
1237627
1238383
1238599
1239067
1239103
1239247
1239499
1239643
1239751
1240363
1240399
1240831
1241263
1241551
1241659
1242271
1242739
1243387
1243927
1244359
1245331
1245691
1245763
1245799
1246303
1247167
1247383
1247599
1248031
1248103
1248571
1248859
1249111
1249363
1250083
1250443
1250551
1250839
1250983
1251307
1251703
1253323
1253683
1254079
1254619
1255123
1255519
1255591
1256347
1256383
1256707
1256923
1257247
1257463
1257499
1257859
1257931
1258183
1258219
1258291
1258723
1259047
1259299
1259371
1259659
1259803
1260163
1260487
1260991
1261459
1261567
1261639
1261891
1261963
1263079
1263187
1263331
1263403
1263511
1263799
1264267
1264663
1264699
1264807
1265311
1265347
1265527
1265779
1265959
1266247
1266931
1267723
1267831
1267939
1268011
1268119
1268479
1268803
1269091
1269343
1269559
1269703
1269847
1270063
1270279
1270531
1270639
1271251
1271359
1272151
1272367
1272547
1273231
1273411
1273663
1273771
1273843
1273879
1274599
1274851
1275067
1275283
1275499
1275643
1276039
1276147
1276183
1276687
1276867
1276903
1277011
1277083
1277911
1278163
1278379
1279027
1279171
1279459
1280107
1280431
1280791
1280863
1281331
1281439
1281691
1281727
1281799
1282051
1282627
1282951
1283563
1283707
1284211
1284967
1285111
1285759
1285903
1286191
1286587
1286839
1287163
1287199
1287343
1288099
1288423
1288603
1289971
1290259
1290907
1291159
1291483
1292023
1292419
1292887
1293283
1293499
1294399
1294471
1294939
1295803
1296019
1296523
1297027
1297063
1297171
1297279
1297927
1297963
1298467
1298611
1298719
1299007
1299187
1299223
1299367
1299439
1299763
1300339
1300843
1301527
1301779
1301851
1301959
1302787
1303219
1303867
1303903
1304227
1304551
1305307
1305919
1306027
1306351
1306819
1307107
1307431
1307539
1307863
1308331
1308403
1308583
1308943
1309339
1309807
1310311
1310779
1310923
1311103
1311643
1311967
1312471
1312543
1313371
1313623
1313731
1313839
1313911
1314127
1314163
1314199
1314883
1315243
1315747
1316071
1316251
1316431
1317079
1317259
1317583
1317691
1317727
1318267
1318663
1318699
1318987
1319419
1319743
1319779
1320247
1320391
1320607
1320751
1320859
1320931
1322443
1322767
1323199
1324171
1324387
1324567
1324819
1325143
1325179
1325251
1325287
1325791
1326151
1326691
1327231
1327303
1328167
1328203
1328311
1328491
1328563
1329283
1329499
1329787
1330111
1330867
1331227
1331299
1331443
1332343
1332631
1333027
1333567
1334107
1334467
1335007
1335079
1335331
1336267
1336339
1336519
1337023
1337383
1337563
1337671
1337779
1338247
1338751
1338787
1339111
1339687
1339759
1340047
1340083
1340587
1341019
1341559
1341919
1342063
1342423
1342531
1342567
1343071
1343431
1343863
1343971
1344403
1344583
1344799
1344907
1344943
1345231
1345627
1345699
1345879
1345951
1346419
1346743
1347103
1347391
1348363
1348507
1348939
1349119
1349371
1350379
1350847
1351027
1351099
1351387
1351639
1351711
1352359
1353043
1353223
1354231
1354663
1355311
1355743
1355923
1356067
1356247
1356319
1356463
1356499
1356571
1357003
1357507
1357651
1359091
1359271
1359307
1359487
1359739
1360027
1360171
1360783
1360819
1361431
1361827
1362223
1362511
1362619
1363051
1363267
1363627
1363807
1364239
1365103
1365787
1366327
1366507
1366543
1367479
1367551
1368127
1368271
1368343
1368847
1369099
1369531
1369747
1369783
1370323
1370431
1371151
1371259
1371511
1371619
1372051
1372771
1373059
1373419
1373563
1373851
1373887
1373959
1374211
1375039
1375111
1375723
1377127
1377847
1378099
1378387
1378603
1379071
1379467
1379503
1380007
1380439
1381231
1381519
1382167
1382419
1382527
1382959
1383607
1384219
1385191
1385299
1385947
1386271
1386631
1386667
1386811
1387819
1387927
1388323
1388791
1389007
1389439
1389511
1389547
1389727
1389943
1390087
1390339
1390483
1390699
1391023
1391239
1391779
1392679
1393219
1393831
1393939
1394047
1394083
1394299
1394479
1394983
1395127
1395487
1395991
1396207
1396819
1397287
1397719
1398043
1398079
1398151
1398259
1399231
1399663
1400023
1400527
1400887
1401067
1401319
1401607
1401823
1402399
1403371
1403443
1404883
1404919
1405099
1405171
1405207
1405387
1405531
1405927
1406071
1406539
1406827
1407151
1407223
1408087
1408411
1408843
1408987
1409203
1410247
1410319
1410463
1410499
1410679
1410823
1410931
1411759
1411903
1412227
1412659
1412767
1412947
1413271
1413487
1413523
1414999
1415467
1415647
1415971
1416043
1416511
1416799
1416871
1417303
1417807
1418023
1418059
1418167
1418491
1419247
1419427
1419679
1419967
1420291
1420399
1420651
1420831
1421011
1421731
1422163
1422991
1423243
1424359
1424503
1424539
1425007
1425079
1425187
1425367
1425511
1425547
1425583
1426123
1426807
1426987
1427347
1427563
1427887
1428571
1428751
1428787
1429399
1429759
1430119
1430587
1430659
1431127
1431523
1431919
1432351
1432423
1432531
1433071
1433251
1434259
1434439
1435339
1435627
1435663
1436311
1436527
1436563
1436923
1437031
1437283
1437391
1437607
1438687
1438867
1439947
1440811
1441351
1441459
1441603
1442071
1442251
1442863
1442899
1442971
1443007
1443223
1443331
1444411
1444483
1445419
1446427
1447003
1447219
1447399
1447507
1447543
1447759
1447867
1448371
1448803
1449163
1449271
1449307
1449379
1449523
1450243
1450531
1450963
1451179
1451539
1452223
1452511
1452907
1453339
1454239
1454347
1454419
1454599
1454743
1454851
1455067
1455211
1455499
1457371
1457479
1457551
1457983
1458019
1458343
1458631
1459099
1459963
1460467
1460863
1461151
1461367
1461583
1461763
1462807
1463563
1464031
1464283
1466299
1466371
1466407
1466551
1466767
1466911
1467091
1467307
1467703
1467919
1468387
1468603
1468639
1468927
1469323
1470187
1470727
1471411
1471807
1472167
1472203
1472239
1472491
1472599
1473103
1475371
1475911
1476379
1476703
1477027
1477207
1477639
1477747
1477999
1478179
1478287
1478611
1478863
1479007
1479727
1480663
1481239
1481527
1481671
1481743
1482319
1482499
1483003
1484227
1484479
1484803
1485019
1485199
1485559
1485739
1486603
1486711
1486747
1486963
1487179
1487251
1487359
1488007
1488763
1488871
1489231
1489627
1489951
1490059
1490527
1490959
1491247
1491571
1491967
1492219
1493299
1493659
1493731
1494739
1495063
1495279
1495387
1495567
1495783
1496359
1496431
1496647
1496791
1497151
1497439
1497619
1498843
1499059
1499167
1499779
1500463
1500643
1500787
1500823
1501471
1501723
1502047
1502191
1502407
1503127
1503163
1503883
1503919
1504747
1505431
1505611
1506511
1506907
1506943
1507123
1507483
1507591
1507879
1508131
1508671
1508743
1508779
1508959
1509643
1509967
1510147
1510219
1510507
1511047
1511119
1511371
1511911
1512019
1512127
1512559
1513207
1513387
1513819
1513927
1514719
1515259
1515583
1515979
1516231
1516771
1516843
1516951
1517023
1517059
1517311
1518067
1518463
1518679
1519039
1519363
1519759
1519939
1520011
1520083
1520227
1520443
1520983
1521199
1521739
1522063
1522387
1522459
1523323
1523539
1524007
1524079
1524223
1524403
1524763
1524799
1524871
1525267
1526167
1527679
1527859
1528291
1528543
1528687
1528939
1529191
1529263
1530019
1530343
1530559
1530667
1530703
1531027
1531567
1532107
1532287
1532611
1532719
1532827
1532899
1533691
1533799
1533907
1534591
1535563
1535671
1535959
1536211
1536643
1536823
1537147
1537399
1538983
1539199
1539451
1539847
1539883
1539991
1540171
1540423
1540603
1540639
1540711
1540927
1540963
1541503
1541791
1542007
1542259
1543951
1544311
1544383
1544527
1544923
1545067
1545139
1545499
1546003
1546147
1546219
1546759
1546903
1547191
1547407
1547659
1547947
1548307
1548739
1548847
1549459
1550431
1550467
1550971
1551619
1551763
1551871
1552087
1552843
1552987
1553311
1553347
1553707
1553887
1554103
1554283
1555291
1555471
1555759
1556371
1556551
1556623
1557343
1557559
1557667
1557883
1557991
1558099
1558243
1558351
1558891
1559647
1560187
1560511
1561123
1561159
1561267
1562347
1562887
1563319
1563967
1564183
1564399
1564543
1564831
1565659
1566307
1566451
1566559
1566739
1566847
1566883
1567171
1568143
1568251
1569187
1569259
1569331
1569367
1570123
1570519
1570663
1570771
1570879
1571419
1571707
1571743
1571923
1571959
1572283
1572607
1572679
1573111
1573543
1573651
1573939
1574623
1575199
1575307
1575631
1575811
1575919
1576891
1577143
1577539
1578727
1578979
1579051
1579807
1579951
1580023
1580203
1580671
1581211
1581607
1581751
1581859
1583299
1584127
1584703
1584811
1585027
1585603
1586467
1586539
1586647
1586719
1588051
1588159
1588303
1588663
1588879
1589563
1590247
1590643
1591363
1591507
1592047
1592263
1593523
1593847
1594063
1594279
1594387
1594639
1594819
1595287
1595611
1595719
1595827
1596043
1596367
1596871
1597411
1597663
1598167
1598923
1599571
1599823
1600219
1601227
1601443
1601623
1601731
1602091
1602379
1602487
1602919
1603027
1603279
1603711
1604143
1604359
1605187
1605547
1606123
1607491
1607563
1607923
1608571
1608751
1610083
1610551
1611343
1611451
1612747
1612927
1613323
1614187
1614367
1614619
1615483
1615591
1615699
1615843
1616347
1617139
1617211
1617283
1617463
1618003
1618039
1618291
1618399
1618831
1619227
1619551
1619983
1620019
1620523
1620631
1621351
1621423
1621639
1621819
1622287
1623367
1623763
1623799
1623907
1623943
1624627
1624663
1624807
1625167
1625311
1625383
1625419
1625707
1625851
1626211
1626283
1626319
1627111
1627147
1627579
1627651
1628191
1628227
1628551
1628983
1629091
1629163
1629919
1630423
1630459
1631143
1631647
1631683
1632979
1633267
1633339
1633447
1633627
1633843
1634923
1634959
1635031
1635499
1635607
1636111
1636543
1636651
1636759
1637299
1637371
1637479
1637551
1638127
1638487
1639243
1639387
1639999
1641007
1641043
1641403
1641583
1641799
1641907
1642051
1642231
1642483
1642699
1642807
1643311
1643347
1643743
1643959
1644067
1644103
1644283
1644607
1644751
1644823
1644931
1645291
1645363
1645543
1645939
1646371
1646479
1646839
1647127
1647307
1647523
1647847
1648063
1649251
1649287
1649359
1649539
1649611
1649863
1650331
1650763
1650907
1652347
1652419
1652491
1652923
1653031
1653499
1653643
1653679
1654039
1654111
1654579
1654651
1655551
1655623
1655947
1656019
1656199
1656847
1657207
1657783
1657927
1658359
1658971
1659187
1659547
1660411
1660699
1660843
1661347
1661599
1661887
1662103
1662211
1662643
1662751
1663183
1663327
1663687
1663867
1664083
1664407
1665271
1665343
1665451
1665919
1666387
1666531
1666783
1667647
1667863
1668619
1668727
1669231
1669627
1670527
1670959
1672219
1672471
1672939
1673011
1673731
1673839
1674523
1674559
1674667
1674847
1674991
1675459
1675747
1675963
1676071
1676611
1676827
1677583
1678231
1678267
1678627
1678771
1678951
1679203
1679599
1679959
1680247
1680319
1680787
1681219
1681363
1681651
1682119
1682407
1683271
1683523
1683631
1685071
1685107
1685323
1685863
1686403
1686511
1686547
1686943
1687087
1688887
1688923
1689031
1689967
1690651
1690831
1691803
1691839
1692883
1693639
1693891
1694503
1694647
1695259
1695691
1695763
1696231
1696879
1697419
1697743
1697887
1698427
1698859
1698967
1699039
1699471
1699939
1700047
1700371
1700659
1700983
1701019
1701199
1701307
1701991
1702639
1702711
1702747
1702963
1703287
1703323
1703467
1703683
1703719
1703899
1704799
1704979
1705303
1705339
1705843
1707067
1707499
1707787
1708039
1708219
1708363
1708543
1708579
1709443
1709479
1710091
1710199
1711351
1711459
1711819
1711891
1712287
1712791
1713007
1713223
1713511
1713763
1713979
1714411
1714483
1714519
1714591
1715167
1715599
1715887
1716103
1716139
1716427
1716499
1716751
1716787
1717363
1717399
1718011
1718191
1719343
1719667
1719919
1720063
1720711
1721719
1721827
1722187
1722619
1723231
1723339
1724131
1724347
1724743
1725247
1725859
1725931
1726147
1726363
1726471
1727263
1727587
1727911
1728163
1728451
1728739
1729207
1729747
1730683
1730791
1731511
1731979
1732267
1732447
1732519
1732987
1733527
1734247
1734463
1734787
1735687
1736191
1736767
1737199
1737523
1737739
1737991
1738171
1738207
1738459
1738567
1738603
1738819
1739251
1739539
1739791
1740187
1740259
1740439
1740763
1740943
1741447
1741699
1742383
1742563
1743031
1743463
1745371
1745479
1745803
1745839
1746343
1746883
1746991
1747099
1747783
1748107
1748179
1748359
1748611
1748647
1748863
1749151
1749259
1750159
1750267
1750447
1750591
1750699
1750807
1751023
1751131
1751311
1751671
1751851
1752211
1752607
1753039
1753291
1753471
1753579
1753651
1753831
1753867
1753903
1755343
1755883
1756063
1756207
1756927
1757071
1757323
1757467
1757827
1757971
1758007
1758439
1759231
1759627
1759663
1759987
1760203
1760419
1760491
1760599
1760743
1760959
1761139
1762039
1762471
1762903
1763011
1763191
1763407
1763551
1764199
1764487
1764559
1764811
1765567
1765999
1766179
1766251
1766899
1766971
1767079
1767187
1767691
1767763
1767979
1769023
1769167
1769239
1769563
1770427
1770463
1770679
1770787
1771183
1771327
1771507
1772011
1772047
1772623
1773487
1773703
1773883
1774207
1774639
1774819
1775611
1775647
1776403
1777339
1777483
1777771
1778239
1778347
1778743
1778851
1779607
1779823
1779931
1780147
1780399
1780579
1780939
1781047
1781119
1781803
1782199
1782271
1782667
1783099
1783387
1783531
1783711
1784287
1784611
1784683
1784719
1785079
1785151
1785367
1785439
1786339
1786591
1786843
1787167
1788139
1788571
1788931
1789003
1789219
1789687
1789867
1790479
1791019
1791091
1791343
1791451
1791739
1791847
1791991
1792387
1792423
1792711
1792891
1792927
1793107
1793251
1793359
1793863
1793971
1794547
1794619
1794763
1795411
1795483
1795699
1795951
1796131
1796167
1796671
1796779
1797823
1798003
1798183
1798327
1798543
1798723
1799407
1799731
1799803
1800343
1801207
1801531
1801747
1802287
1802683
1803079
1803259
1803511
1803583
1803691
1804267
1805239
1805887
1806499
1806859
1807903
1808479
1808767
1808803
1809091
1809523
1809631
1809991
1810063
1810531
1810603
1810747
1811071
1811431
1811683
1811791
1812403
1812763
1812871
1812907
1813627
1813843
1814023
1814167
1814311
1814383
1814599
1814851
1815103
1815427
1816147
1816651
1816831
1817083
1817947
1818163
1818199
1818379
1818631
1818991
1819819
1819891
1819999
1820647
1820899
1821151
1821763
1821943
1822411
1823383
1823599
1823671
1823779
1824859
1825723
1825867
1826047
1826371
1826947
1827271
1827703
1828423
1828531
1828999
1829647
1829827
1830511
1830583
1830943
1831267
1831447
1831483
1831591
1832239
1832851
1833319
1833427
1833571
1833751
1835263
1835767
1836091
1836451
1837387
1837639
1838143
1838719
1838791
1839763
1839907
1840123
1840771
1841383
1841923
1842391
1842931
1843003
1843111
1843147
1843687
1843867
1844119
1844299
1844659
1845199
1845271
1845379
1845919
1846063
1846171
1846711
1847143
1847179
1847431
1847539
1847647
1847863
1847971
1849051
1849483
1849699
1850131
1850491
1850887
1851319
1851463
1851571
1851859
1852003
1852111
1853083
1853191
1853263
1853587
1853947
1854379
1854703
1854883
1854991
1855099
1855423
1855999
1856287
1856719
1856971
1857439
1858663
1859023
1859203
1859311
1859563
1859779
1860643
1860679
1860967
1861471
1861579
1861759
1862227
1862587
1862659
1862983
1863091
1863307
1863451
1863559
1865467
1865719
1865791
1866331
1866367
1866547
1866871
1867303
1867771
1868527
1868851
1869139
1869859
1870111
1870147
1870327
1871083
1871263
1871983
1872271
1872631
1872847
1872919
1873099
1873171
1873567
1873783
1874143
1874791
1875007
1875331
1875439
1875583
1875619
1876267
1876519
1876627
1876807
1876951
1877023
1877347
1877959
1878139
1878319
1878463
1878931
1879291
1879543
1879723
1879939
1880803
1880839
1880947
1881127
1881163
1881343
1881559
1881811
1882207
1882459
1882747
1882891
1882963
1883503
1883611
1884007
1885627
1886347
1886527
1886887
1887103
1887283
1887499
1887607
1887643
1888723
1889011
1889551
1889803
1890019
1890631
1891171
1891639
1892503
1892719
1893223
1893799
1893979
1894051
1894339
1894411
1895599
1895779
1896247
1897219
1898227
1898983
1899199
1899307
1899343
1899847
1900531
1900603
1900891
1901359
1901899
1902007
1902403
1903159
1903483
1903807
1904167
1905247
1905499
1907371
1907623
1907803
1907911
1908343
1908667
1908703
1908883
1909027
1909783
1910071
1910107
1910179
1910323
1910719
1910827
1910899
1910971
1911043
1911583
1911619
1912159
1912879
1913419
1913959
1914499
1914751
1915183
1915399
1915687
1915759
1917343
1917523
1917631
1917739
1917847
1918243
1918747
1919503
1920043
1921123
1921879
1922383
1922923
1923139
1923463
1924003
1924291
1924327
1924651
1925191
1925227
1925299
1926523
1926703
1926739
1926811
1926919
1927351
1927459
1927567
1927603
1928323
1928359
1928467
1928791
1929331
1929871
1929943
1930483
1930627
1931239
1931383
1931887
1932247
1932859
1934263
1935379
1935991
1936027
1936747
1936783
1936999
1937071
1937539
1939123
1939447
1939771
1939879
1940131
1940563
1940779
1941031
1941967
1942183
1942363
1942399
1942723
1943659
1944667
1944883
1944991
1945711
1946647
1946899
1947223
1947259
1947691
1947763
1948231
1948411
1948447
1948519
1949023
1949383
1949527
1949707
1950139
1950211
1950283
1950391
1950463
1950679
1951003
1951687
1952191
1952227
1952407
1952551
1952623
1952767
1953163
1953307
1953379
1953811
1954279
1954387
1954819
1954963
1955287
1955467
1955539
1956979
1957051
1957303
1957519
1957591
1958563
1959031
1959319
1959751
1959967
1960183
1960291
1960867
1961083
1961623
1961767
1962379
1962451
1962811
1963207
1963243
1963459
1963567
1963999
1964791
1964827
1965259
1966663
1966807
1966879
1967239
1967419
1967671
1968103
1968391
1968427
1968679
1968751
1969147
1969183
1969291
1969831
1970119
1970263
1971127
1971667
1972423
1972567
1972603
1972891
1973143
1973287
1973431
1973467
1974079
1974331
1975123
1975627
1975663
1976383
1976419
1976599
1976707
1976851
1977067
1977139
1977499
1977751
1977823
1978111
1978219
1978363
1978687
1979119
1979227
1979947
1980523
1980631
1980703
1980919
1981711
1982467
1983439
1983763
1983871
1985167
1985239
1985779
1985887
1986679
1986823
1986967
1987003
1987471
1987939
1988011
1988263
1988299
1988839
1989019
1989811
1990243
1990279
1990927
1991071
1991863
1992079
1992259
1992583
1992691
1993339
1993699
1994203
1994347
1994779
1995391
1996363
1996471
1996507
1996723
1996903
1997407
1998343
1998559
1998739
1998991
1999099
1999423
1999603
2000143
2000503
2001079
2001331
2001547
2001583
2001799
2002267
2002303
2002339
2003959
2004679
2005183
2005579
2005687
2005903
2006623
2007199
2007307
2007703
2008063
2009503
2009647
2009719
2009827
2009971
2010187
2010439
2011123
2011267
2011483
2011591
2011699
2011843
2011987
2012167
2012671
2013679
2013751
2013787
2013859
2014183
2014219
2014651
2014723
2014759
2014867
2014939
2015011
2015047
2016127
2016559
2016919
2017243
2017459
2017567
2017711
2017783
2017963
2018647
2018827
2019223
2019403
2019799
2019907
2020231
2020411
2020591
2020771
2021167
2021203
2021527
2021563
2021743
2021779
2021959
2022067
2022103
2022751
2023363
2023507
2023579
2023831
2024227
2024263
2024371
2024551
2024587
2024767
2025307
2025487
2025631
2025739
2026099
2026351
2026639
2027323
2027359
2027503
2027899
2028223
2028907
2029087
2029843
2030311
2030383
2030527
2031571
2032039
2032111
2032363
2032543
2032651
2032687
2033839
2034343
2034811
2035927
2036143
2036539
2036791
2036863
2037223
2037619
2037979
2038411
2039131
2039383
2039491
2039671
2040679
2040967
2041867
2042083
2042263
2042587
2043163
2043487
2043703
2043739
2045359
2045539
2045611
2045647
2046043
2046151
2046799
2046943
2047159
2047303
2047879
2048203
2048239
2048779
2048887
2049067
2049427
2049823
2050831
2050903
2051443
2051587
2052199
2052343
2052559
2053603
2053783
2053927
2054179
2054251
2054719
2054791
2055223
2055367
2056339
2056987
2057203
2057383
2057599
2057779
2058031
2058571
2058607
2059039
2060407
2060551
2060767
2061667
2061847
2061919
2062351
2063107
2063179
2063251
2063323
2063359
2063539
2063863
2064151
2064187
2064583
2064619
2064763
2064943
2065627
2065807
2066563
2066599
2066887
2067211
2067427
2067679
2067823
2068147
2068291
2068579
2068939
2069047
2069191
2069911
2070811
2070883
2071063
2071351
2071999
2072179
2072431
2072683
2073367
2073403
2073619
2074339
2074447
2074483
2074951
2075023
2075167
2075779
2076391
2076967
2077939
2078191
2078443
2078551
2079019
2079163
2079487
2079739
2080207
2080423
2080531
2080711
2080927
2080963
2081467
2082187
2082439
2082583
2082907
2082979
2083339
2083519
2083591
2083771
2085319
2085607
2085931
2086003
2086111
2086759
2087011
2087047
2087443
2087551
2087983
2088199
2088451
2088487
2088703
2089567
2090071
2090791
2090827
2091763
2091871
2092591
2093131
2093347
2093491
2094031
2094139
2094787
2095399
2095867
2096047
2096407
2096911
2096947
2097451
2097523
2097559
2097883
2098027
2098279
2098783
2099179
2099431
2099467
2099827
2099863
2100727
2101051
2101123
2101483
2101843
2102167
2102887
2103067
2103103
2103139
2104363
2104507
2105119
2105731
2105911
2106019
2106199
2106343
2106451
2106523
2106991
2107207
2107531
2107999
2108251
2108611
2109223
2109619
2109799
2109871
2109979
2110123
2110879
2110951
2111059
2111311
2111491
2112139
2113003
2113651
2113759
2114191
2115307
2115703
2115847
2116027
2116459
2117431
2117611
2118007
2118187
2118331
2118547
2119267
2119483
2119591
2119627
2120383
2120887
2121751
2121967
2122507
2122723
2123083
2123263
2123731
2124019
2124127
2124919
2125099
2125531
2125567
2126539
2126611
2126827
2126863
2127043
2127331
2127691
2128051
2128591
2128663
2129419
2129527
2129671
2129851
2130391
2131291
2131399
2131651
2132551
2132587
2132983
2133379
2133631
2133739
2133991
2134063
2134351
2134927
2135503
2135719
2136439
2137123
2137339
2137627
2137771
2137987
2138167
2138239
2138419
2138491
2138527
2138743
2139607
2139967
2140003
2140903
2141299
2141407
2142163
2142271
2142523
2142739
2142883
2143027
2143243
2143279
2143459
2143711
2144143
2144647
2144899
2144971
2145331
2145439
2145763
2146519
2147023
2147527
2147599
2147923
2149003
2149111
2149867
2150299
2150839
2150947
2151451
2152063
2152783
2153071
2153647
2154259
2154331
2154727
2154907
2154979
2155159
2155267
2156311
2157391
2157427
2157499
2157823
2158147
2158183
2158291
2158579
2158831
2158903
2159191
2159551
2159767
2160127
2160883
2161279
2161639
2162071
2162359
2162647
2163043
2163439
2163979
2164843
2165599
2165671
2165707
2166607
2166679
2167111
2167471
2167579
2167903
2167939
2168407
2168587
2168623
2168659
2168731
2169631
2170243
2170603
2171503
2172007
2172871
2172943
2173051
2173447
2174131
2174383
2176039
2176183
2176327
2176543
2176723
2176831
2176939
2177083
2177587
2177803
2177911
2178271
2178991
2179459
2179603
2179747
2180071
2180467
2180863
2181079
2181259
2182087
2183131
2183527
2183959
2184067
2184283
2184319
2184859
2185291
2185471
2187343
2187379
2187667
2188171
2188279
2189287
2189791
2190583
2190691
2190763
2191087
2191627
2191807
2192059
2192851
2194327
2194903
2195047
2195119
2195299
2195443
2195731
2195911
2196091
2196307
2196703
2197567
2197603
2198359
2198431
2198863
2199187
2200591
2200699
2200843
2201599
2201671
2201707
2202139
2202787
2202859
2203291
2203723
2204623
2205487
2205667
2206207
2206747
2207323
2207539
2208259
2208331
2208799
2209231
2209267
2209447
2209483
2210563
2210743
2210851
2210959
2211211
2211931
2211967
2212039
2212183
2212579
2212831
2212939
2213551
2213983
2214271
2214343
2214847
2215639
2215963
2216143
2216287
2216359
2216611
2217583
2217907
2218339
2218519
2218663
2218771
2219059
2219491
2219923
2221111
2223163
2223631
2223883
2224171
2224279
2224459
2224567
2224891
2225107
2225323
2225647
2225683
2226943
2227087
2227231
2227843
2228167
2228383
2228923
2229103
2229319
2229967
2230147
2230219
2230867
2230939
2231371
2231407
2231587
2231767
2231839
2232379
2232991
2233207
2233243
2233459
2233531
2233747
2233927
2233999
2234107
2234179
2234431
2234503
2234719
2234863
2234971
2235403
2235907
2236483
2236771
2236807
2236879
2236987
2237491
2237527
2237563
2237671
2237743
2238319
2238391
2238823
2239147
2239687
2239723
2240479
2240551
2240659
2241199
2241271
2241523
2241667
2243107
2243287
2243467
2243503
2244259
2244331
2244439
2244691
2245339
2245951
2246239
2246527
2247067
2247463
2248039
2248291
2248651
2248759
2250091
2250163
2250559
2251099
2251279
2251423
2251603
2251819
2251891
2251927
2252251
2252359
2252539
2252647
2252683
2253079
2253187
2253439
2253547
2253871
2254159
2254267
2254411
2254627
2255023
2255131
2255419
2255887
2255959
2256031
2256571
2257579
2257687
2257867
2257939
2258299
2258407
2258803
2259703
2259811
2259919
2260351
2260567
2261503
2261827
2261863
2263447
2263699
2264203
2264347
2264959
2265499
2265643
2265751
2266291
2266507
2267011
2267047
2267227
2267911
2267983
2268199
2268631
2268919
2268991
2269027
2269171
2269639
2269819
2270179
2270683
2271223
2271403
2271439
2271799
2272087
2272519
2272771
2272843
2272987
2273059
2273599
2273851
2273923
2273959
2274463
2274931
2275219
2275363
2275831
2277487
2277703
2278063
2279467
2279539
2281267
2281663
2282023
2282383
2282923
2283031
2283139
2283319
2283571
2283679
2285047
2285623
2287099
2287963
2288107
2288287
2288323
2288359
2288467
2289151
2289583
2289943
2290231
2290339
2290591
2290987
2291131
2291239
2291347
2291851
2291959
2292391
2292607
2292859
2292967
2293579
2293723
2293831
2294011
2294659
2294767
2294911
2295451
2296027
2296747
2296963
2297359
2297719
2298223
2298691
2298871
2299447
2299519
2299771
2299951
2300167
2300203
2300527
2300671
2300707
2300923
2301499
2301571
2301787
2302219
2303227
2303407
2303767
2304019
2304271
2304307
2305351
2305711
2306071
2306107
2306971
2307187
2307259
2307763
2307979
2308051
2308843
2309023
2309239
2309347
2309491
2309707
2310211
2310751
2311651
2312407
2313163
2313379
2314999
2315107
2315611
2315647
2316079
2316151
2316511
2317123
2317339
2317807
2317879
2318527
2319319
2319787
2320039
2320183
2320291
2320399
2320579
2321443
2321587
2322127
2322163
2322631
2323819
2324467
2324503
2325007
2325439
2325871
2325907
2326267
2326447
2326663
2326771
2327527
2327599
2327851
2327959
2328283
2329471
2329507
2330191
2330227
2330551
2331163
2331271
2331379
2332027
2332567
2332711
2333323
2333719
2333791
2334187
2334223
2335303
2335519
2335591
2335843
2336311
2336707
2336923
2337463
2337571
2337607
2337859
2337967
2338003
2338291
2338471
2338507
2338543
2338723
2338867
2339191
2339731
2340451
2340487
2340703
2341531
2341567
2341747
2342287
2342539
2342611
2343223
2343547
2344051
2344123
2344159
2344267
2344519
2344987
2345131
2345743
2345887
2346859
2346931
2347183
2347831
2347903
2348119
2348299
2348911
2350207
2350279
2351827
2352043
2352151
2354059
2354167
2354203
2354239
2354923
2355139
2355211
2355247
2356219
2356687
2357119
2357731
2358091
2358379
2358487
2358739
2358919
2359603
2359783
2359927
2360539
2360899
2361043
2361727
2361943
2362411
2362483
2362699
2363059
2363167
2363563
2363707
2364211
2364247
2364499
2364643
2364679
2365399
2366191
2366407
2366731
2367019
2368567
2369071
2369467
2369539
2369611
2369827
2370943
2371627
2372023
2372563
2372743
2372959
2373067
2373211
2373751
2373967
2374147
2374291
2374363
2374399
2374579
2374831
2374903
2375047
2375119
2375299
2375479
2376163
2376559
2376883
2377423
2377747
2379007
2379151
2379331
2379547
2379691
2380519
2380771
2380951
2381311
2381347
2381527
2383219
2383327
2383867
2384047
2384407
2384623
2384659
2384911
2385739
2385883
2385991
2386063
2386567
2386603
2386639
2387107
2387431
2387467
2387971
2388187
2388223
2388907
2389879
2389951
2390779
2390887
2390923
2391751
2392003
2392147
2393263
2393407
2393947
2394163
2395747
2396683
2397403
2397907
2398339
2399671
2400067
2400283
2401579
2402263
2402479
2402731
2403091
2403127
2403343
2403451
2403883
2404099
2404747
2405071
2405791
2406583
2406763
2406799
2407231
2407411
2407519
2407771
2408311
2408671
2409031
2409679
2410579
2411011
2411191
2411551
2411587
2412199
2412271
2412379
2412703
2413603
2413783
2413819
2415079
2415151
2415871
2416807
2417671
2417923
2418859
2418967
2419507
2420479
2420839
2421163
2421343
2421451
2421847
2421919
2422027
2422099
2422171
2422243
2422531
2422999
2423539
2424259
2424439
2424511
2424619
2424691
2424907
2425231
2425447
2425663
2425699
2426023
2426131
2426527
2426779
2427067
2427427
2427751
2428003
2428291
2428687
2429047
2429551
2429767
2429983
2430091
2430343
2430451
2430523
2430991
2431063
2431207
2431279
2431927
2432251
2432719
2432791
2433763
2434087
2434339
2434843
2434879
2435527
2435707
2436139
2436571
2436607
2436787
2436823
2437867
2438083
2438767
2439487
2439739
2439919
2440387
2440819
2441107
2441143
2441323
2441431
2441683
2442403
2442511
2442871
2443159
2443807
2444131
2444347
2444527
2445211
2445571
2446291
2446471
2448343
2448379
2448451
2448703
2448883
2449099
2449999
2450323
2451151
2451259
2451331
2451367
2451619
2452231
2453419
2454643
2455147
2455507
2456011
2456371
2456767
2456803
2456983
2457127
2457307
2457487
2458279
2458639
2458747
2458927
2459143
2459791
2460151
2460547
2461339
2461519
2461843
2461951
2462743
2462851
2463031
2463067
2464003
2464543
2465011
2465587
2466091
2466631
2467027
2467243
2467351
2467459
2467711
2467783
2468143
2468467
2468971
2469331
2469871
2469979
2470159
2471059
2471347
2471383
2473183
2473327
2473759
2475091
2475883
2476351
2476423
2476567
2477071
2477647
2477719
2477791
2477863
2478367
2478547
2478691
2478727
2479231
2479483
2479663
2479879
2480311
2480563
2480743
2480851
2481067
2481319
2481499
2481823
2483119
2483659
2483911
2484019
2484199
2484523
2484631
2484739
2485207
2485243
2485279
2485999
2486251
2486287
2486467
2486611
2487259
2487367
2487691
2488231
2488267
2488771
2489491
2489923
2490247
2490391
2490679
2490931
2491759
2491903
2492011
2492299
2492767
2493523
2494171
2494279
2494423
2494711
2494819
2496007
2496727
2496979
2497591
2497951
2498347
2498851
2499103
2499139
2499247
2499463
2499643
2499751
2499859
2500543
2500831
2501479
2501623
2501911
2502343
2502559
2502991
2503027
2503351
2503639
2503927
2503999
2504251
2504323
2504431
2504611
2505187
2506447
2507203
2507671
2508067
2508211
2508283
2508391
2508823
2509147
2509363
2509687
2509831
2510047
2510227
2510731
2510803
2511703
2512063
2512171
2512207
2512423
2512639
2513179
2513899
2514151
2514331
2514439
2515411
2515879
2517103
2517283
2518003
2518147
2518291
2518759
2518903
2519659
2519767
2519947
2520379
2520631
2521063
2521171
2521711
2522791
2523187
2524591
2524807
2525671
2526247
2526427
2526571
2527219
2527939
2528011
2528299
2528479
2529019
2530351
2530459
2530963
2530999
2531107
2532259
2532331
2532403
2532727
2532799
2533231
2534419
2534527
2534563
2534671
2535103
2535283
2535319
2535751
2535823
2536147
2536903
2537803
2538091
2538127
2538307
2538667
2538883
2539063
2539387
2539423
2540071
2540431
2541043
2542051
2542879
2542951
2542987
2543059
2543707
2544391
2544463
2545327
2545759
2546083
2546227
2546659
2546839
2546911
2547199
2547631
2547667
2547847
2548171
2548243
2548279
2548459
2548783
2548891
2548927
2549143
2549359
2549683
2550763
2551123
2552059
2552383
2552527
2552779
2552887
2553139
2553427
2554003
2554543
2554831
2555263
2555731
2555911
2556019
2556091
2556163
2556451
2556991
2557099
2557603
2557999
2558287
2558323
2558503
2559043
2559079
2559619
2559727
2560123
2560339
2561023
2561239
2561527
2561743
2561959
2562031
2563147
2563291
2563507
2563723
2564011
2566063
2566171
2566279
2566423
2567179
2567683
2567827
2568079
2570203
2570419
2570563
2570599
2570851
2571067
2571139
2572183
2572327
2572363
2572651
2573551
2573803
2573947
2573983
2574487
2574703
2575063
2575351
2575819
2576107
2577007
2577187
2577439
2577763
2577943
2578267
2578483
2578519
2578591
2579167
2579923
2580031
2580463
2580859
2581003
2581219
2581507
2581651
2581939
2582407
2582731
2582911
2583703
2583811
2584207
2584891
2584963
2585179
2585251
2585467
2585899
2585971
2586187
2586799
2586943
2587159
2587771
2588347
2588419
2588527
2588671
2589427
2589859
2589931
2590183
2590507
2590723
2591587
2591731
2592523
2593099
2593891
2594143
2594503
2594539
2594611
2594719
2594971
2595871
2595979
2596123
2596303
2597743
2598247
2598283
2598571
2598679
2599039
2599111
2599327
2599507
2599543
2599867
2600407
2600947
2601091
2602279
2602351
2602711
2602783
2602927
2603143
2603467
2603647
2603719
2603791
2604187
2604583
2605087
2605159
2605303
2605627
2605987
2607139
2607571
2608219
2608471
2609371
2609587
2609911
2609947
2610199
2610451
2611027
2611207
2611603
2611639
2611963
2612287
2612431
2612503
2612647
2612719
2613187
2613727
2614123
2614987
2615959
2616643
2617183
2617471
2617831
2618263
2618767
2619559
2619847
2620099
2620171
2620531
2620819
2621611
2622583
2622691
2622799
2623087
2623339
2624059
2624311
2624959
2625067
2625643
2626003
2626363
2626399
2626471
2626903
2627767
2627983
2628163
2628487
2628667
2629243
2630107
2630143
2630179
2630323
2630431
2630539
2630791
2631007
2631511
2632411
2632627
2633023
2633131
2634139
2634319
2634859
2634967
2635939
2636119
2636407
2636983
2637163
2637343
2637379
2637451
2637667
2638243
2638747
2639323
2639863
2640511
2640907
2641123
2642239
2643283
2643607
2644039
2644399
2644507
2644687
2644903
2645011
2645371
2645479
2645551
2645911
2646019
2646991
2647027
2647063
2647279
2647531
2648287
2648827
2649547
2649727
2649799
2650231
2650663
2650699
2650987
2651239
2651419
2651491
2651707
2651959
2652031
2652607
2653111
2653363
2653543
2653687
2653867
2654083
2654371
2654767
2655127
2655199
2656099
2656243
2657071
2658079
2658259
2658979
2659159
2659519
2660131
2660743
2660887
2661103
2661643
2662291
2662399
2662507
2662651
2664163
2664451
2664847
2665459
2665891
2666071
2666539
2667187
2667727
2667799
2667871
2668051
2668123
2668231
2668591
2668663
2668879
2669167
2669203
2670067
2670643
2671327
2671507
2672767
2673127
2673343
2673631
2673739
2674207
2674531
2675467
2676151
2676367
2676547
2677627
2678131
2678383
2678743
2678887
2679031
2679283
2679499
2680039
2680399
2681443
2682271
2682307
2682739
2683063
2683099
2683567
2683783
2683999
2684467
2685187
2685511
2685583
2686267
2686483
2686591
2687059
2687383
2687779
2688787
2689399
2689543
2690047
2690263
2690371
2690659
2690911
2691127
2691163
2691739
2691811
2692639
2692891
2693107
2693287
2693503
2693791
2694511
2694907
2695051
2695267
2695447
2695699
2696131
2696527
2696563
2696851
2696959
2697571
2697823
2697931
2698183
2699299
2699371
2699911
2700199
2700487
2700559
2700847
2701099
2701207
2701423
2702143
2702467
2702719
2703763
2703907
2703979
2704447
2704519
2704771
2704987
2705203
2705419
2705851
2706139
2706283
2706391
2706787
2707183
2707651
2707867
2708443
2708551
2708623
2708767
2709271
2709739
2710063
2710927
2711431
2711647
2711899
2712007
2712223
2712547
2713267
2713411
2714167
2714419
2714563
2715211
2715247
2715571
2715787
2715859
2716471
2716759
2717623
2717731
2717839
2719027
2719207
2719459
2719531
2719747
2720071
2720359
2720503
2721259
2721619
2722591
2722879
2723239
2723779
2723887
2724283
2724427
2724499
2724859
2725543
2725939
2726407
2728027
2728171
2728603
2728711
2729071
2729143
2729359
2729827
2730691
2730907
2730979
2731591
2731987
2732383
2733391
2733499
2733607
2733931
2734219
2734579
2735119
2735191
2735443
2735767
2735839
2736523
2737027
2737351
2738467
2738899
2739403
2739619
2739871
2740051
2740267
2740483
2741059
2741779
2742031
2742139
2742427
2742463
2743183
2743219
2743759
2745451
2746423
2746459
2747323
2747611
2748439
2748583
2749231
2749339
2750131
2750743
2750779
2750851
2750959
2751103
2751319
2751391
2751823
2751967
2753263
2753587
2754127
2754847
2754883
2755243
2755387
2755747
2756071
2756683
2757151
2758087
2758519
2758843
2759059
2759203
2759311
2760031
2760283
2760463
2761039
2761147
2761471
2761543
2762371
2762407
2762443
2763127
2763487
2763667
2764171
2764711
2764891
2765251
2766331
2766691
2766763
2766943
2766979
2767087
2767411
2767627
2767663
2768923
2769031
2769139
2769787
2769967
2770723
2770939
2771623
2772019
2772127
2772703
2773171
2773207
2773819
2773999
2774071
2774287
2774539
2774719
2775583
2775907
2775943
2776051
2776699
2776987
2777527
2777959
2778067
2778823
2778967
2779363
2779507
2779939
2780047
2780119
2780443
2780623
2781019
2781199
2781307
2781991
2782099
2782279
2783107
2783503
2783611
2784043
2784259
2784367
2784547
2784979
2785843
2785879
2785987
2786347
2786491
2786527
2786743
2786923
2787571
2788327
2789011
2789119
2789407
2789551
2789767
2791387
2791783
2793943
2795059
2795491
2795563
2795887
2796103
2796427
2796751
2796967
2797507
2797723
2797867
2797939
2798011
2798083
2798119
2798623
2799163
2799451
2799919
2800531
2800639
2801179
2801431
2801611
2802511
2802907
2802979
2803123
2803519
2803663
2803771
2804023
2804203
2804887
2804959
2805247
2805643
2806291
2807443
2807479
2807551
2807659
2807767
2808667
2808703
2808739
2808811
2808847
2809423
2809603
2809711
2810323
2810359
2810683
2810827
2811079
2811439
2811583
2811691
2812519
2813851
2814103
2814139
2814607
2815759
2815903
2816083
2816623
2817271
2817307
2817487
2817847
2818027
2818171
2818279
2818531
2818999
2819647
2819899
2820043
2820943
2821267
2821591
2821627
2821699
2822311
2822707
2822923
2823283
2823463
2824291
2824579
2824651
2825047
2825083
2825191
2825299
2825479
2825983
2826559
2826919
2827927
2828107
2828179
2828431
2828611
2829367
2829403
2830123
2830591
2831347
2832211
2832283
2832391
2833507
2833687
2833723
2834011
2834263
2834443
2834479
2834659
2834983
2835307
2835523
2836243
2836387
2836423
2836711
2836747
2837071
2837179
2837287
2838151
2838907
2839087
2839519
2839843
2839951
2840059
2840203
2840419
2841031
2841067
2841283
2841463
2841679
2841823
2843119
2843263
2843767
2844271
2844379
2844739
2845279
2845387
2845603
2845891
2845963
2846287
2846323
2846359
2846539
2846647
2846791
2846863
2847079
2847727
2847763
2848051
2848627
2849779
2849887
2851111
2851399
2851543
2852191
2852371
2852587
2853883
2854063
2854099
2854207
2854459
2854567
2855107
2855431
2855467
2856079
2856871
2857339
2857663
2857951
2858347
2858599
2858959
2859067
2859211
2859391
2859427
2859607
2860687
2860903
2861119
2861587
2861659
2861767
2862163
2862883
2863207
2863387
2863603
2864467
2864539
2864683
2865007
2865043
2865259
2865439
2865691
2865871
2866051
2866519
2866627
2867923
2867959
2868067
2868139
2868571
2868823
2869219
2869327
2869759
2870227
2870443
2870587
2870983
2871091
2871199
2871811
2871919
2871991
2872027
2872351
2872459
2872783
2873287
2873539
2873863
2874007
2874331
2874511
2874727
2875051
2875267
2875519
2876131
2876527
2877031
2877247
2877283
2877463
2878003
2878723
2879083
2879479
2879803
2879911
2880379
2880811
2880991
2881243
2881783
2882071
2882179
2882251
2883187
2883259
2883367
2885527
2885887
2886067
2886643
2887363
2889091
2889343
2889739
2889883
2890711
2891323
2891899
2892079
2892151
2892259
2892583
2892763
2893483
2893879
2893951
2894167
2895031
2895463
2895859
2896111
2896147
2896651
2896687
2897119
2897299
2898559
2898739
2899747
2899927
2900647
2900683
2901187
2902303
2902411
2902483
2902519
2902591
2903023
2904103
2904211
2904247
2904427
2905867
2907271
2907451
2908027
2908567
2908747
2908891
2908999
2909107
2909323
2909971
2910151
2910511
2910907
2911159
2911483
2911663
2911771
2912131
2912527
2912779
2912851
2913067
2913319
2913607
2913751
2914183
2914579
2914831
2915587
2916307
2917099
2917171
2918359
2920303
2920987
2921599
2921923
2923147
2923651
2924191
2924227
2924983
2925127
2925199
2925523
2925631
2925847
2926603
2926783
2927143
2927863
2928259
2928547
2928943
2929051
2929519
2929699
2929879
2929951
2930167
2930491
2930563
2930887
2931211
2931427
2932651
2933083
2933479
2933731
2933803
2933947
2934343
2934847
2935027
2935243
2935423
2935459
2935531
2936071
2936179
2936503
2936539
2936611
2936719
2937511
2938123
2938591
2938951
2939023
2939347
2940391
2941291
2941579
2941831
2942263
2942767
2943559
2944063
2944243
2945287
2945359
2945611
2946043
2946259
2946331
2946799
2946871
2947123
2947159
2947339
2947447
2947843
2948167
2948311
2948527
2948851
2949103
2949283
2949643
2949679
2950147
2950399
2950579
2951983
2952307
2953063
2953243
2953603
2953891
2954863
2955727
2956483
2958031
2958139
2958859
2959183
2959219
2959507
2959651
2960479
2960623
2961271
2961991
2962459
2962711
2962891
2963179
2963647
2964151
2964331
2964547
2964727
2964943
2965951
2966419
2967427
2967751
2968039
2968291
2968831
2969011
2969479
2970091
2970127
2970343
2970523
2970559
2970991
2971099
2971459
2971603
2971963
2972071
2972251
2972287
2972503
2972791
2972971
2973331
2973547
2973583
2973871
2974123
2974159
2974627
2975383
2976931
2977651
2977903
2978011
2978299
2978551
2979091
2979271
2979307
2979919
2980027
2980711
2981323
2981431
2981827
2982223
2982799
2982979
2983411
2984239
2984671
2984887
2985211
2985247
2985751
2986003
2986111
2986579
2986939
2987623
2987839
2987911
2987947
2988019
2988703
2988847
2989531
2991187
2991367
2991511
2991619
2991907
2992267
2993131
2993527
2993563
2993959
2994067
2994643
2995579
2995687
2995831
2996047
2996263
2996443
2996479
2996803
2997523
2997847
2998279
2998423
2998531
2998747
2998927
2999071
2999251
2999539
2999863
3000331
3000979
3001087
3001303
3001879
3002491
3002599
3002743
3003391
3003499
3003607
3003859
3004327
3004543
3004867
3005011
3005083
3005551
3005731
3005839
3005983
3006631
3006847
3007531
3007603
3007747
3007783
3008107
3008683
3010591
3010699
3010807
3010951
3011131
3011167
3011707
3011887
3012283
3014119
3014191
3014227
3014299
3015127
3015163
3015811
3016171
3016747
3016963
3017359
3017719
3018187
3018583
3019663
3020023
3020239
3020527
3020599
3020851
3021751
3022363
3022507
3022687
3023443
3023659
3024451
3024739
3024991
3025207
3025423
3025927
3025963
3026143
3026431
3026827
3027799
3028807
3029023
3029167
3029419
3030031
3030463
3031579
3031687
3031867
3032119
3032551
3032767
3032839
3032983
3033307
3033703
3033739
3033847
3033883
3034027
3034351
3034711
3035467
3036511
3036799
3037087
3037159
3037231
3037267
3037591
3037807
3037843
3038023
3038239
3039103
3039139
3039319
3039571
3040867
3041371
3041443
3041551
3041587
3041803
3041947
3042163
3042667
3043423
3043783
3044179
3044359
3044827
3045043
3045727
3046159
3046231
3046447
3046591
3046627
3047167
3047311
3047563
3048499
3049183
3049507
3049723
3049759
3049903
3050083
3050227
3050263
3050371
3050587
3051703
3052351
3052783
3053359
3053467
3054439
3054691
3054871
3055231
3056419
3056491
3057283
3057823
3057931
3058687
3058903
3059083
3059803
3059911
3060163
3060703
3061027
3061243
3061459
3062359
3062467
3062539
3062863
3063187
3063727
3065059
3065131
3065347
3065779
3066319
3066787
3067111
3067219
3068047
3068083
3068479
3068839
3069379
3070351
3070567
3070783
3071287
3071323
3071503
3071539
3071647
3072943
3073051
3073699
3073879
3074023
3075607
3075679
3076327
3076903
3076939
3077047
3077299
3077407
3077803
3077947
3078667
3079207
3079711
3079891
3080503
3080647
3081007
3081223
3081259
3081583
3081691
3081763
3082231
3082591
3082663
3082771
3083203
3083959
3084247
3084931
3085039
3085471
3086011
3086191
3086983
3087199
3087307
3087811
3087991
3088387
3088639
3088711
3088783
3089143
3089323
3089431
3089539
3089791
3089899
3090079
3090187
3090223
3090511
3090727
3091087
3091159
3091267
3091483
3092203
3093319
3094471
3095839
3096811
3097639
3097999
3098071
3099367
3099403
3099511
3100519
3100807
3101239
3101311
3101419
3101743
3101779
3101851
3102067
3102103
3102499
3103147
3103687
3103759
3103939
3104551
3105163
3105199
3105307
3105343
3105451
3105631
3106387
3106423
3106639
3107827
3107899
3108043
3108367
3108583
3108691
3110707
3111319
3111607
3111931
3112147
3112471
3112687
3113443
3113983
3114019
3114091
3114847
3115027
3115927
3115999
3116611
3117187
3117223
3118267
3118411
3118699
3118807
3119023
3119131
3119167
3119491
3119563
3119923
3120319
3120463
3121219
3121291
3121543
3122299
3122731
3122947
3123091
3124027
3124567
3124747
3125179
3125323
3125503
3125719
3126007
3126511
3126727
3127123
3127339
3127483
3127699
3127987
3128131
3128311
3128599
3128779
3129103
3129391
3129787
3129967
3130147
3130399
3131263
3131551
3131911
3131983
3132343
3132559
3132847
3133027
3133171
3133279
3133783
3133927
3134143
3134251
3134683
3135043
3135151
3135403
3136087
3136123
3136447
3137059
3137311
3137923
3138067
3138391
3138571
3139111
3139327
3139363
3139471
3139651
3140407
3140551
3141163
3141487
3142387
3142639
3142747
3142819
3143323
3143863
3144079
3144727
3146131
3146707
3147211
3147427
3147679
3147967
3148003
3148291
3148399
3148543
3148867
3148939
3149803
3149911
3150451
3150919
3151567
3151639
3151999
3152827
3153907
3154267
3154339
3154483
3155203
3155239
3155563
3155959
3156103
3156319
3156787
3157579
3158119
3158227
3159991
3160063
3160747
3161071
3162619
3163879
3164059
3164419
3164923
3165067
3165139
3165607
3166039
3166363
3166543
3166651
3167407
3167551
3168271
3168343
3169063
3169459
3169567
3169603
3169783
3170107
3171403
3171439
3171547
3171583
3171943
3172051
3172159
3172303
3172627
3172699
3173887
3173923
3174103
3174247
3174319
3174499
3174571
3174643
3175399
3176443
3176479
3176839
3177271
3177379
3177847
3177919
3178207
3178423
3178459
3178783
3178963
3178999
3179107
3179287
3179611
3179863
3179971
3180907
3181051
3181663
3181879
3181951
3182059
3182203
3182527
3182743
3182923
3183067
3183211
3183391
3183643
3183967
3184903
3185011
3185263
3185551
3185803
3185947
3186163
3186559
3187531
3187567
3187819
3189007
3189331
3189547
3189871
3191743
3192139
3192463
3192571
3193363
3193471
3193543
3193759
3193903
3194119
3194227
3194551
3196243
3196639
3196783
3196819
3196927
3197251
3197323
3197611
3197863
3197899
3198007
3198511
3198619
3199051
3199303
3199411
3199843
3199951
3200203
3201103
3201391
3201427
3201787
3202183
3202327
3202687
3202723
3202939
3203731
3204451
3204631
3204667
3205351
3205459
3205999
3206179
3206971
3207079
3207331
3207943
3208483
3209131
3209419
3209887
3210211
3210283
3210607
3210643
3211291
3211723
3212263
3213127
3213163
3214171
3214423
3214531
3215071
3215539
3216259
3216799
3216979
3217843
3218167
3218311
3218707
3219067
3219247
3219787
3219859
3220003
3220219
3220471
3220579
3221299
3221443
3221731
3221983
3222199
3222487
3223063
3223459
3223603
3224251
3224863
3226159
3226411
3226843
3227239
3228103
3228427
3230299
3230587
3231451
3231559
3231703
3232027
3232279
3232963
3233683
3233863
3234079
3234691
3235123
3235159
3235411
3236203
3236743
3237211
3237607
3237859
3237967
3238399
3238471
3238507
3239011
3239839
3239983
3240019
3240451
3240667
3241531
3242647
3242683
3243007
3243763
3244447
3244951
3245707
3246499
3246679
3246931
3247003
3247147
3247399
3247759
3247831
3247903
3248731
3248803
3249163
3249847
3249919
3250063
3250207
3250243
3250459
3250711
3250747
3251251
3251863
3252547
3252619
3252871
3252943
3252979
3253519
3255139
3255247
3255751
3255787
3257083
3257299
3258163
3258487
3258523
3259603
3259891
3260071
3260143
3260539
3260827
3260863
3261007
3261799
3262339
3262591
3262807
3262879
3263059
3263131
3264427
3264607
3264823
3264931
3264967
3265183
3265399
3265579
3265723
3265903
3266047
3266479
3266551
3266587
3268207
3268819
3268963
3269683
3269719
3269863
3270583
3270691
3270979
3271843
3272491
3272707
3274039
3274363
3274543
3275731
3276199
3276271
3276523
3277387
3278683
3278791
3279007
3279439
3279511
3279763
3280591
3281059
3281563
3282067
3282427
3282463
3283327
3284191
3284371
3284443
3284947
3285559
3285739
3285991
3286531
3286891
3287071
3287719
3288151
3288367
3288619
3289123
3289159
3289591
3289879
3289987
3290239
3290671
3290887
3291283
3291391
3291751
3292147
3292183
3292687
3293299
3293551
3294127
3294631
3294667
3295027
3296287
3296791
3297043
3297331
3297367
3297691
3297907
3298411
3298699
3298843
3299383
3299563
3299851
3300139
3300211
3300571
3300859
3301147
3301471
3301579
3302083
3302119
3302191
3303271
3303523
3304243
3304891
3305179
3305503
3306151
3307663
3307807
3308887
3308923
3309139
3309247
3309571
3310399
3311587
3311911
3312307
3312451
3312919
3315439
3315511
3315727
3315943
3316483
3316519
3316699
3316879
3316987
3317239
3317887
3318031
3318067
3318283
3319363
3320767
3320803
3321271
3321559
3321667
3321739
3322639
3322747
3323611
3325447
3325519
3326383
3327607
3327787
3328219
3328327
3328903
3329083
3329551
3329659
3329839
3331171
3331891
3331963
3332431
3332863
3333007
3333331
3333439
3333727
3333943
3334087
3334411
3334843
3335599
3335671
3335707
3335923
3336643
3337111
3337723
3337759
3338263
3338371
3338407
3339019
3339451
3340459
3341719
3341827
3341971
3342331
3342583
3342943
3343051
3343699
3343771
3345607
3345679
3345931
3345967
3346363
3346471
3346507
3347551
3347767
3348307
3348811
3349279
3349603
3349639
3349783
3350107
3350143
3350827
3351223
3351331
3351367
3352339
3352627
3352879
3353491
3353599
3353851
3354031
3354283
3354391
3354787
3354823
3355291
3355543
3355867
3357811
3357847
3358567
3359107
3359359
3359431
3359683
3359899
3360223
3360403
3360439
3360583
3360727
3360943
3361483
3361807
3361951
3362383
3363211
3363463
3363499
3363571
3364507
3364651
3364723
3365191
3366019
3366703
3366739
3366991
3367423
3367531
3367603
3367711
3367783
3367963
3368107
3369187
3369367
3369511
3369727
3370051
3370987
3371059
3371527
3371671
3371887
3372067
3372643
3373543
3374047
3374479
3374803
3374911
3374983
3375451
3375523
3375667
3376099
3376603
3377359
3377503
3378259
3378439
3378691
3378763
3378799
3379087
3379231
3379879
3380203
3380599
3381463
3381787
3382003
3382039
3382147
3382759
3382867
3384523
3384811
3385891
3386431
3386683
3386863
3386899
3387079
3387331
3387799
3389959
3390031
3390139
3390427
3390931
3391363
3391543
3391651
3391831
3391939
3392803
3393127
3393163
3393703
3394099
3394207
3395071
3395107
3395503
3395719
3396223
3396511
3396619
3397159
3397267
3397591
3397663
3398671
3398851
3398959
3399859
3400291
3400471
3401119
3401443
3401659
3402127
3402523
3402991
3403171
3403423
3403639
3403711
3403891
3403999
3404143
3404251
3404503
3404719
3405547
3405907
3405979
3406303
3406591
3407203
3407311
3407743
3408247
3408679
3408787
3409111
3409579
3409687
3411091
3411703
3412567
3413539
3413611
3414079
3414223
3414727
3415051
3415303
3415627
3415987
3416059
3416239
3416311
3416887
3417751
3417859
3418111
3418291
3418399
3418759
3418939
3419191
3419407
3419443
3419587
3419623
3420127
3420271
3420667
3421423
3421531
3422143
3422179
3422323
3422539
3422647
3423367
3423403
3423727
3424699
3425131
3426139
3426967
3427147
3427363
3427399
3427507
3427579
3427903
3428263
3428371
3428479
3429451
3429487
3429523
3429883
3430171
3430423
3430711
3431143
3431179
3431503
3431719
3432007
3432223
3432367
3432511
3432907
3433231
3433879
3434059
3434131
3434203
3434419
3435247
3435283
3435391
3435463
3435499
3436327
3436399
3436651
3437191
3437227
3437299
3437407
3439747
3440683
3440863
3441511
3441727
3441943
3442051
3442807
3443059
3443131
3443239
3443563
3443851
3444607
3444787
3444967
3445003
3445399
3445471
3445723
3445759
3446299
3446371
3447019
3447523
3447883
3448243
3448891
3449107
3449179
3450151
3450259
3450763
3452203
3453787
3454183
3454687
3455371
3455407
3455479
3456127
3456379
3456847
3457819
3458359
3458827
3459187
3459403
3459763
3460447
3460663
3460771
3461167
3461203
3463687
3463939
3464047
3464119
3464299
3464407
3464911
3465199
3465271
3465379
3465811
3466171
3466711
3466891
3467251
3467467
3468007
3468511
3468943
3469519
3469591
3469663
3470167
3470239
3470491
3470671
3471031
3471103
3471463
3471751
3472363
3472831
3472867
3473191
3473623
3473731
3473947
3475207
3475639
3476503
3476719
3476827
3477043
3477583
3477619
3478051
3478663
3478807
3479563
3479743
3480031
3480283
3480643
3481147
3481399
3482623
3483019
3483091
3483199
3483343
3483523
3483847
3483919
3484279
3484639
3484783
3485359
3485899
3486187
3486619
3486871
3486907
3486979
3487123
3487339
3487807
3487987
3488059
3488167
3488311
3488707
3488851
3488959
3489823
3489931
3490363
3490651
3490867
3491083
3491479
3491767
3492631
3493027
3493351
3494467
3494863
3494899
3495439
3497779
3498211
3498247
3498643
3499651
3499759
3500227
3500407
3500803
3501163
3501703
3501919
3502207
3502567
3502963
3503323
3503431
3503503
3503719
3504043
3504691
3504727
3504979
3505699
3507211
3507391
3507643
3508003
3508147
3508399
3508831
3509263
3509371
3509587
3509911
3510811
3510883
3510919
3511171
3511603
3511819
3512143
3512611
3513439
3513583
3513799
3513907
3514123
3514663
3514879
3515167
3515203
3515383
3515419
3515599
3515671
3516103
3516787
3516823
3517471
3517867
3518083
3518479
3518551
3518623
3519091
3519631
3519739
3520351
3520603
3520927
3521143
3522331
3522403
3522439
3522763
3523087
3523159
3523483
3523519
3524239
3524383
3524779
3524959
3525031
3526111
3526147
3526183
3526867
3527263
3527371
3527443
3527479
3527803
3527983
3528127
3528271
3528379
3528559
3528991
3529423
3529963
3530071
3530287
3530323
3530971
3531079
3531691
3532483
3532663
3533203
3533779
3534067
3534211
3534967
3535291
3535579
3535687
3535867
3536443
3536479
3537199
3537487
3537559
3537631
3537811
3537991
3538027
3539143
3539359
3539971
3540223
3540763
3541339
3541663
3541987
3542167
3542923
3543391
3544111
3544759
3544867
3545119
3545623
3545767
3545947
3546019
3546199
3546271
3546847
3547459
3548107
3548719
3549547
3549619
3550411
3550699
3551239
3551563
3551599
3552391
3552751
3553327
3553507
3554227
3554263
3554407
3554587
3555379
3555883
3556243
3556999
3557251
3557431
3557647
3558403
3558691
3558943
3559267
3559447
3560023
3560059
3560311
3560419
3560527
3560671
3561391
3561499
3561643
3562579
3562831
3562903
3562939
3563299
3563479
3563767
3563983
3564019
3564307
3565171
3565531
3565819
3566539
3566791
3567007
3567259
3567367
3567439
3567547
3569311
3569563
3569887
3570067
3570571
3570607
3570823
3571039
3571111
3571471
3571507
3571543
3571651
3572407
3572731
3572983
3573523
3574927
3575071
3575251
3575863
3576043
3576187
3576943
3577159
3577267
3577663
3577699
3578059
3578131
3578383
3578599
3579139
3579931
3581047
3581731
3581839
3582343
3582559
3582883
3583207
3583639
3583711
3583963
3583999
3584143
3584359
3585403
3585943
3586159
3586771
3586879
3587347
3587671
3587707
3588103
3588427
3588499
3588859
3588931
3589471
3589903
3590011
3590263
3590551
3590767
3590911
3591163
3591451
3591631
3591667
3592819
3593503
3594223
3594583
3595087
3595231
3595951
3596059
3596419
3596959
3597571
3598363
3598867
3600307
3600523
3600739
3600847
3601027
3601243
3601567
3601783
3602899
3603547
3603619
3603727
3603799
3603871
3604087
3604591
3604807
3605059
3605671
3605923
3606859
3607543
3607831
3607867
3607939
3608767
3609163
3609451
3609703
3610351
3610891
3611071
3611431
3611719
3611827
3612799
3613123
3613447
3613807
3613879
3614203
3614239
3614671
3615103
3615211
3615571
3615967
3616147
3616399
3616939
3617407
3617479
3617587
3617767
3617983
3618523
3618631
3619207
3619531
3619639
3619711
3621223
3622951
3623203
3623671
3623707
3624463
3624679
3624787
3624931
3625003
3625579
3625939
3626299
3626947
3628063
3628351
3628711
3628747
3628783
3628819
3629359
3629863
3630223
3630331
3631339
3631519
3631807
3632023
3632491
3633391
3633571
3633859
3634219
3634291
3634507
3635227
3635299
3635371
3635407
3635767
3636019
3636667
3636991
3637171
3637891
3638827
3639079
3639763
3640447
3640807
3640843
3641311
3641851
3642427
3642643
3642679
3642823
3642931
3643147
3643291
3643363
3643579
3644587
3644659
3646927
3647827
3647971
3649771
3650167
3650203
3650707
3650851
3651463
3652543
3653191
3653227
3654199
3654451
3654919
3655243
3655279
3655423
3655783
3656251
3656467
3657187
3657547
3657691
3658087
3658159
3658807
3659347
3659527
3660211
3660463
3660571
3661111
3661291
3661543
3661759
3661831
3662119
3662551
3662587
3663271
3663559
3664747
3664783
3664963
3665539
3666727
3667159
3667231
3667483
3667987
3668419
3668671
3668851
3668887
3669427
3669499
3669931
3670039
3670291
3670651
3670903
3671119
3671587
3672199
3672307
3672343
3672919
3674071
3674719
3675079
3675403
3676087
3676303
3677383
3677599
3677671
3677743
3677851
3677923
3678067
3678247
3678391
3678823
3678931
3679003
3679147
3679219
3679579
3679759
3679867
3680011
3680263
3680407
3680947
3680983
3681199
3681487
3682171
3682243
3682891
3683143
3683431
3684763
3685051
3685303
3685483
3685519
3685879
3685951
3686131
3686167
3686239
3686383
3687139
3687247
3687319
3687427
3687787
3687823
3688543
3688939
3689263
3689299
3689479
3689911
3689947
3690307
3690703
3691027
3691747
3691783
3692107
3692827
3693043
3693187
3693331
3693691
3694807
3695599
3696103
3696283
3696391
3696787
3697363
3698119
3698371
3698551
3698767
3699847
3700387
3700423
3701179
3701323
3701791
3702007
3702043
3702187
3703087
3704059
3704167
3704599
3704707
3704959
3705463
3705679
3706111
3707839
3708307
3708847
3708883
3709711
3709747
3709819
3710431
3710683
3710827
3711727
3711943
3712627
3712699
3712843
3713239
3713491
3713887
3713923
3714031
3714103
3714643
3714859
3715111
3716299
3716371
3716623
3717667
3717919
3718027
3718423
3718459
3718783
3718963
3719179
3719323
3719431
3719467
3719539
3720151
3720511
3721411
3721771
3721807
3723067
3723211
3723283
3723319
3723427
3723607
3723679
3723931
3724291
3724471
3724579
3724939
3725119
3725443
3725731
3726523
3726559
3726739
3726847
3728359
3728611
3728719
3729007
3729043
3729259
3729727
3729799
3730231
3730339
3731311
3731527
3732031
3732139
3732931
3733003
3733363
3733687
3734083
3734191
3734443
3735163
3735271
3735379
3735847
3736063
3736351
3736567
3736639
3736783
3736927
3737611
3737647
3737791
3738223
3738907
3739051
3739339
3739591
3739663
3739843
3740059
3740707
3741211
3743263
3743479
3744019
3744163
3744667
3744991
3745243
3745459
3745783
3745891
3746143
3746179
3746359
3746503
3746791
3747979
3748051
3748123
3748663
3748879
3749311
3749527
3749563
3750067
3750211
3750247
3750499
3751183
3751219
3751291
3751723
3751831
3752587
3753523
3754099
3754423
3754711
3754963
3755359
3756691
3756763
3757087
3757879
3758383
3758743
3759031
3759643
3760039
3760147
3760327
3760363
3760759
3760903
3761047
3761119
3761731
3762379
3762631
3763027
3763063
3763567
3763819
3763999
3764107
3764323
3764359
3764503
3764647
3764899
3765367
3765511
3765547
3765871
3766303
3766519
3766591
3766699
3767131
3767671
3767707
3767779
3767887
3768139
3768643
3768967
3769651
3770047
3770479
3770839
3771343
3771667
3771991
3772099
3772243
3772459
3772603
3772999
3774079
3774943
3775339
3775663
3775987
3776671
3776743
3777211
3777391
3777463
3777607
3777931
3777967
3778039
3778759
3779263
3779443
3780199
3780559
3780739
3781387
3781423
3781711
3781747
3781819
3782179
3782503
3782683
3783007
3783943
3784519
3784987
3785347
3785491
3785527
3785923
3786067
3786571
3786859
3787219
3787471
3787507
3787687
3787759
3788839
3789451
3789523
3789703
3789739
3789811
3790279
3790783
3790999
3791107
3791647
3791791
3791863
3791899
3792223
3792331
3792871
3792979
3793627
3793807
3794347
3795067
3795427
3795643
3796183
3796399
3796543
3797191
3797623
3798019
3798451
3798919
3799099
3799171
3800287
3800647
3801043
3801367
3801583
3801619
3801799
3802483
3802663
3802699
3803131
3803203
3803419
3804211
3804319
3804607
3804751
3804859
3805183
3805471
3805687
3806587
3806659
3806767
3806911
3807523
3808711
3809251
3809503
3809791
3810151
3810511
3811303
3811627
3811771
3812059
3812383
3812527
3812707
3812923
3813067
3813211
3813463
3813499
3813571
3813679
3813751
3814183
3814903
3815083
3816847
3817351
3817783
3817819
3818359
3818431
3819007
3819187
3819223
3819331
3819511
3819943
3820051
3820303
3820447
3821131
3821347
3821491
3821563
3822139
3823399
3823723
3824479
3825343
3825379
3825739
3825919
3826639
3827071
3827143
3827611
3827647
3828079
3829123
3829807
3830023
3830599
3831067
3831427
3831571
3831643
3832183
3832399
3832687
3832723
3833047
3833371
3833443
3834091
3834451
3834631
3835603
3835747
3835927
3836359
3836827
3837151
3837331
3837403
3837439
3837979
3838123
3838231
3839203
3839419
3839707
3839851
3839923
3840391
3840787
3841039
3841219
3842227
3843199
3843883
3843919
3845143
3846331
3846439
3846943
3847303
3848167
3848347
3848491
3848563
3848707
3849031
3849679
3849787
3850003
3850831
3851047
3851371
3851587
3851839
3852127
3852271
3852451
3852487
3852703
3853567
3853711
3854827
3854899
3856123
3856231
3856519
3856987
3857023
3857743
3858427
3858499
3858859
3858931
3859003
3859039
3859183
3859399
3860587
3862063
3862099
3862711
3863683
3864331
3864691
3864871
3865123
3865231
3865447
3865951
3866419
3866923
3867931
3868003
3868219
3869191
3870199
3870631
3870847
3872359
3872647
3872899
3872971
3873799
3873871
3874807
3874987
3875383
3875671
3876787
3877219
3879919
3880207
3880927
3880999
3881071
3881431
3881467
3881611
3883051
3883591
3883699
3884203
3884239
3885103
3885319
3885751
3885859
3886291
3886723
3887011
3887227
3887659
3887911
3888271
3888847
3889063
3889279
3889423
3890071
3890179
3890323
3890503
3890863
3891331
3891763
3891907
3892087
3892123
3892159
3892627
3892951
3893167
3893707
3893959
3894391
3894571
3894859
3895543
3895867
3896947
3897631
3898243
3898351
3898927
3899143
3900331
3900439
3900583
3900943
3901087
3901411
3902347
3902491
3902887
3903247
3903643
3903787
3904111
3904651
3904759
3905191
3905263
3905299
3905911
3906559
3906667
3906811
3906883
3907963
3908287
3908503
3908539
3909043
3909691
3909799
3909943
3911203
3911563
3912607
3912859
3914011
3915631
3915739
3916387
3916459
3916639
3917467
3917791
3917863
3918583
3919087
3919411
3919627
3919771
3919807
3920383
3920743
3920923
3921139
3921499
3922003
3922327
3922543
3922579
3922651
3923083
3923263
3923407
3923839
3924163
3924199
3924307
3924847
3925027
3925279
3925927
3926323
3926431
3926467
3926539
3926827
3927727
3928159
3928663
3928807
3928843
3929671
3929923
3930139
3930319
3930463
3930571
3931399
3931687
3931831
3932659
3933343
3933379
3934207
3934963
3935287
3935539
3935719
3936043
3936187
3936727
3936799
3937267
3939499
3939787
3939931
3940507
3940579
3941011
3941299
3941803
3942739
3943207
3943531
3944251
3944359
3944503
3944791
3944827
3945727
3946051
3947059
3947491
3947851
3948283
3948463
3948859
3949003
3949039
3949147
3949291
3949579
3949651
3949867
3949903
3950263
3950911
3952243
3952387
3952567
3953107
3953143
3953791
3953863
3954331
3954547
3954871
3955087
3955267
3955447
3955663
3955771
3956347
3956419
3956671
3956779
3957571
3957859
3958183
3958543
3958687
3958831
3959119
3959299
3959803
3959947
3959983
3960667
3960811
3960883
3961963
3962107
3962143
3962251
3962323
3962611
3964699
3964879
3965023
3965887
3966211
3966607
3967507
3968983
3969307
3969703
3970423
3970711
3970819
3971719
3972151
3972223
3972439
3972979
3973303
3973483
3974491
3974527
3974563
3975463
3976003
3976579
3976867
3977011
3977731
3978739
3978811
3979567
3979639
3979711
3979891
3979999
3980143
3980359
3981331
3981619
3981763
3981871
3982411
3982591
3983059
3983131
3984139
3984751
3984823
3984859
3985867
3986623
3986803
3986839
3987019
3987199
3987271
3987559
3988027
3988351
3988531
3988783
3989683
3989863
3990187
3990619
3990979
3991051
3991807
3992203
3992419
3992563
3992959
3993103
3993751
3993859
3994183
3994687
3995443
3995587
3995659
3997639
3997891
3997927
3997963
3998899
3999439
3999547
3999763
3999871
4000303
4000951
4000987
4001527
4001743
4002067
4002499
4002571
4002643
4002679
4003039
4003147
4003939
4004659
4004731
4005091
4005271
4005847
4006063
4006351
4006567
4007251
4007431
4008439
4008799
4009051
4010599
4010707
4011247
4012507
4013407
4013623
4014163
4014559
4014667
4015279
4015567
4016503
4016611
4016827
4016863
4017007
4017367
4017511
4018699
4018843
4018879
4019131
4019419
4019527
4020283
4021183
4021399
4021579
4022191
4022371
4022587
4022803
4022911
4023127
4024063
4024819
4025899
4026223
4026259
4027123
4027519
4027843
4027879
4028491
4028599
4028707
4028851
4028923
4029031
4029679
4030219
4030687
4030759
4030903
4031047
4031119
4031947
4032163
4032307
4032703
4032811
4033243
4033891
4033927
4034143
4034467
4034791
4035007
4035079
4035223
4035403
4035439
4035547
4035763
4035799
4036051
4036159
4037419
4037599
4037707
4037779
4037923
4038211
4038247
4038319
4038967
4039111
4039219
4039543
4039831
4040083
4040227
4040299
4041127
4041847
4041883
4042603
4043071
4043539
4043719
4044583
4044763
4045051
4045663
4045843
4046059
4046131
4046239
4046671
4046851
4047067
4047283
4047607
4048687
4048831
4049047
4049443
4049803
4050019
4050451
4050523
4050703
4051063
4051279
4051819
4052359
4052611
4052683
4052791
4053187
4053367
4053799
4054411
4054627
4054879
4054987
4055167
4055599
4055851
4055923
4057147
4057687
4057723
4058011
4058083
4058227
4058443
4058479
4058731
4058947
4059199
4059271
4060387
4060423
4060747
4060999
4061143
4061251
4061467
4062547
4063159
4063627
4064023
4064167
4064383
4064707
4065211
4065427
4065571
4065751
4066327
4066507
4067587
4067731
4068343
4068487
4068667
4068739
4068811
4069027
4069567
4070323
4070431
4072447
4072483
4072699
4072987
4073023
4073203
4073887
4075039
4075327
4075507
4075579
4075723
4075831
4076587
4076803
4077631
4077847
4077919
4078099
4078387
4078783
4078819
4079071
4079431
4079683
4080007
4080151
4080259
4080331
4080547
4080691
4080907
4081771
4082311
4083427
4083463
4084147
4084651
4085119
4085623
4086091
4086811
4087351
4087711
4088323
4088863
4088899
4089439
4089763
4089871
4089907
4090267
4091239
4091383
4091599
4091671
4092247
4092679
4092859
4094047
4094407
4094911
4095163
4095451
4095703
4095991
4096171
4096531
4096891
4096999
4098043
4098079
4098187
4098403
4098583
4098691
4099339
4099591
4099699
4099807
4100023
4100167
4100311
4100419
4100527
4100743
4101103
4101247
4101319
4101571
4102039
4102291
4102363
4102471
4102687
4102723
4102867
4103119
4103767
4104343
4104523
4104883
4105351
4105459
4105531
4105567
4105639
4106251
4106827
4107583
4107799
4107907
4108627
4108843
4108987
4109059
4109167
4109383
4109419
4110247
4110283
4110679
4110823
4111147
4111183
4112263
4113379
4114603
4114819
4115863
4116187
4116223
4118167
4118599
4118707
4120003
4120111
4120219
4120651
4120723
4121839
4122343
4122631
4122667
4123747
4123891
4124287
4124503
4124611
4124971
4125151
4125403
4125619
4125691
4125727
4126051
4126159
4126483
4126807
4126987
4127131
4128139
4128283
4128391
4128931
4128967
4129039
4129507
4129651
4130227
4130479
4130803
4130911
4130947
4131307
4131451
4132279
4132963
4133179
4134547
4135123
4135303
4135447
4135519
4135627
4136707
4137607
4137823
4138507
4138543
4139659
4139767
4139803
4140379
4140811
4140847
4141063
4141243
4141603
4142863
4142899
4143187
4144051
4144087
4144159
4144267
4144879
4145527
4145707
4146679
4148083
4148407
4149559
4149703
4149811
4149919
4149991
4150243
4150351
4150459
4151359
4151467
4151647
4151971
4153159
4153231
4153447
4153771
4153987
4154347
4154383
4154419
4154779
4154959
4155427
4155607
4155751
4156183
4156291
4156507
4156903
4157011
4157119
4157623
4157731
4158019
4158559
4159027
4160179
4160719
4161331
4161439
4161763
4162087
4162519
4163491
4163707
4163743
4164427
4164499
4164607
4165039
4165327
4166011
4166119
4166191
4166299
4166731
4167307
4167847
4168279
4168387
4169251
4170007
4170979
4171087
4171411
4171483
4171591
4171879
4172059
4172239
4172887
4173031
4173571
4174111
4174327
4174759
4175263
4175299
4175803
4176163
4176379
4177351
4177423
4178071
4178287
4178431
4178827
4178971
4179151
4179403
4179691
4179727
4179979
4180051
4180303
4180987
4181347
4182751
4183759
4183903
4184119
4184263
4184767
4185343
4185523
4185739
4186459
4186531
4186927
4187251
4187503
4187611
4187719
4188043
4188259
4188367
4188763
4188799
4189951
4189987
4190023
4190059
4190383
4190707
4191391
4191463
4191787
4192039
4192219
4192759
4193551
4194199
4194271
4194523
4194847
4194919
4195027
4195063
4196683
4197007
4197511
4199131
4199311
4199347
4199383
4199707
4199887
4200103
4200211
4200319
4201003
4202047
4202083
4202371
4202479
4202911
4203019
4203127
4203307
4203523
4204027
4204063
4204279
4204639
4204999
4205611
4206151
4206583
4206691
4207267
4207339
4207627
4208131
4208311
4208419
4208779
4208887
4208959
4209103
4209463
4209643
4209679
4210291
4210399
4210579
4210831
4211371
4211551
4211659
4211983
4212127
4212343
4212847
4212883
4213063
4213423
4213639
4213747
4214323
4214503
4214971
4215979
4216411
4216951
4217131
4217167
4217203
4217923
4217959
4218031
4218103
4218283
4218463
4219363
4219651
4219687
4220659
4220767
4221307
4221379
4221703
4222063
4222243
4222711
4222927
4223251
4223431
4223539
4224331
4224511
4225411
4225483
4225519
4226671
4226707
4227031
4227247
4227427
4227571
4227787
4227859
4227931
4228111
4228723
4229047
4229587
4229623
4229947
4230379
4230451
4230487
4230883
4231027
4231063
4231459
4231567
4231783
4232287
4232539
4232827
4232863
4233079
4233259
4233907
4234771
4234987
4235563
4235851
4236319
4236643
4237183
4238011
4238119
4238551
4238911
4239667
4239847
4240063
4240603
4240711
4240963
4241071
4241539
4242223
4242907
4243087
4243699
4244059
4244311
4244707
4244743
4245103
4245679
4246003
4246147
4246327
4247011
4247407
4247443
4247623
4247983
4248919
4249459
4250107
4250251
4250287
4250359
4250431
4251727
4252051
4252951
4253167
4253311
4253419
4253671
4253707
4254247
4254319
4254643
4255399
4256191
4256407
4256839
4257163
4257991
4258459
4258567
4259323
4259719
4259863
4260043
4260259
4260367
4260799
4261051
4261987
4262311
4262743
4264219
4264471
4264831
4265047
4265119
4265227
4265263
4266271
4266343
4266487
4267531
4267819
4267927
4268107
4268287
4268323
4268611
4268791
4268899
4269691
4270087
4270303
4270411
4270447
4270699
4270879
4271167
4271923
4272031
4272211
4272571
4273543
4273831
4273903
4274299
4274407
4274551
4274911
4274983
4275811
4276819
4276927
4276963
4277359
4277719
4277971
4278223
4278619
4279159
4279411
4279843
4280131
4280347
4280383
4281103
4281283
4281463
4281643
4281679
4281967
4282183
4282651
4283299
4283623
4284019
4284559
4284811
4285783
4286179
4286323
4286719
4287511
4288159
4288807
4289239
4289347
4290499
4290931
4291471
4292047
4292479
4293199
4293343
4294207
4294963
4295719
4296043
4296511
4296979
4297303
4297519
4297627
4297663
4298383
4298419
4298779
4299247
4299391
4299751
4300003
4300111
4300363
4300867
4301047
4301263
4301551
4302307
4302523
4302703
4302847
4302919
4303027
4303171
4303279
4303459
4303927
4304107
4304323
4304359
4304539
4304719
4304899
4305583
4305619
4306663
4306987
4307131
4307383
4307491
4308103
4308319
4308571
4308823
4309831
4309939
4310731
4311127
4311163
4311379
4311487
4311667
4312351
4312783
4313107
4313611
4314043
4314187
4314403
4315123
4315159
4315411
4316311
4316959
4317283
4317319
4317823
4317967
4318507
4319299
4319551
4319767
4320559
4321747
4322287
4322323
4322359
4322503
4323331
4323691
4324339
4324519
4324627
4324699
4325059
4325203
4325491
4325779
4325851
4326067
4326247
4326499
4326571
4327111
4327579
4327723
4327759
4328227
4328407
4328551
4329307
4329379
4329631
4329667
4329847
4330351
4330567
4330783
4330819
4331359
4331611
4331683
4332619
4334023
4334347
4334563
4335103
4335679
4335787
4335967
4336147
4336327
4336723
4337083
4337119
4339207
4339459
4339567
4339639
4340179
4340431
4340719
4340827
4342267
4342339
4342879
4343203
4343671
4343887
4344283
4344391
4344427
4344499
4344931
4345039
4345147
4345723
4345903
4346803
4346911
4347307
4347559
4347991
4348027
4348063
4348783
4349251
4349899
4351231
4351339
4351411
4352203
4352419
4352563
4352599
4352851
4353247
4353823
4353967
4354111
4355551
4356091
4356487
4356739
4357063
4357387
4357891
4358503
4358539
4358899
4359403
4360051
4360267
4360627
4361131
4361347
4361563
4361779
4362427
4362751
4363111
4363291
4363327
4363363
4364011
4364047
4364911
4364947
4365019
4365199
4365271
4365703
4365811
4366639
4366819
4366927
4367431
4367647
4368079
4368187
4368691
4369447
4370383
4371391
4372183
4372399
4372759
4373119
4373227
4373443
4373767
4373911
4375387
4375603
4375639
4376143
4376287
4376683
4377547
4377871
4378123
4378447
4378951
4379311
4379923
4380031
4380391
4380463
4380499
4380931
4382047
4382227
4382299
4382731
4383919
4383991
4384063
4384243
4384603
4385323
4385683
4385971
4386331
4386763
4386871
4387087
4387267
4387807
4388779
4389607
4390219
4390291
4390651
4391227
4391371
4391587
4391911
4392523
4392559
4392811
4393243
4393999
4394107
4394287
4394431
4394791
4395619
4396411
4396627
4397023
4397311
4397779
4397959
4398211
4398319
4398571
4398679
4398859
4399399
4399471
4399723
4399903
4399939
4400443
4400983
4401343
4401451
4401667
4401811
4401847
4402063
4402459
4402747
4402891
4403251
4404079
4404151
4404583
4405231
4405447
4405879
4406491
4406527
4406707
4407463
4408147
4408363
4408759
4408903
4409299
4409371
4410163
4410199
4410379
4411063
4411963
4412539
4413007
4413511
4414159
4414411
4414447
4414519
4414591
4414807
4414843
4415527
4415707
4415779
4416751
4417111
4417471
4417723
4418191
4418587
4418731
4418839
4419451
4419991
4420891
4421863
4421971
4422043
4422151
4422403
4422619
4422799
4423339
4423807
4424239
4424347
4424491
4424527
4424887
4424923
4425391
4425931
4426363
4427119
4427263
4427299
4427443
4427659
4427911
4428091
4428163
4428559
4428703
4428847
4429171
4429351
4429459
4429531
4429819
4431151
4431871
4432591
4432627
4432843
4433203
4433959
4434571
4435903
4435939
4436119
4436227
4436407
4437163
4437379
4437487
4437523
4438891
4439503
4439899
4439971
4440439
4440727
4441447
4441483
4441627
4441663
4442743
4443139
4443247
4443391
4445047
4445083
4445227
4445479
4446451
4446667
4447099
4447207
4447423
4447783
4448179
4448287
4448539
4448863
4449259
4449691
4450051
4451527
4452211
4453147
4453291
4453399
4453903
4454083
4454767
4455487
4455559
4455631
4455667
4455991
4456063
4456819
4457143
4457287
4457683
4458043
4458187
4458367
4459303
4459519
4460167
4460779
4460959
4461031
4461283
4461823
4462831
4462867
4463191
4463551
4463947
4464091
4464379
4464739
4465063
4465387
4465459
4465603
4465819
4466323
4466719
4467511
4467979
4468447
4468663
4468843
4468879
4469131
4469167
4469923
4470247
4470679
4470859
4472263
4472371
4472911
4473811
4474027
4474711
4474783
4474999
4475467
4475719
4476079
4476583
4476691
4476907
4477951
4478203
4478779
4479967
4480183
4480291
4480363
4480507
4481263
4481443
4481479
4482451
4482847
4483207
4484251
4484827
4484899
4485043
4485223
4485367
4485763
4485799
4485907
4486087
4486231
4486303
4486411
4486843
4487311
4487671
4488571
4489579
4489651
4489687
4490119
4490371
4490623
4490947
4492171
4492387
4492459
4492603
4493179
4493647
4494079
4494727
4495303
4495339
4495411
4495591
4495627
4496059
4496491
4496599
4496923
4497247
4497679
4497751
4498651
4499119
4499587
4499623
4499947
4500127
4500163
4500271
4500883
4501027
4501099
4501279
4501459
4501891
4501963
4501999
4502431
4502539
4502611
4503403
4503799
4504267
4504663
4506283
4506427
4506499
4507759
4508047
4509667
4510711
4510927
4511251
4511359
4511827
4512007
4512043
4512331
4512943
4513123
4513447
4513627
4514743
4514959
4515067
4515139
4516003
4516219
4516651
4517119
4518739
4520431
4520539
4521079
4521331
4521403
4522123
4522303
4522591
4523023
4523599
4523851
4524427
4524931
4525219
4525291
4525399
4525579
4526083
4526623
4526983
4527307
4527379
4527487
4527811
4528567
4529071
4529251
4529323
4530511
4530763
4530907
4531339
4532023
4532419
4532527
4533031
4533283
4533391
4534039
4534111
4535911
4535983
4536019
4536559
4536667
4537243
4537531
4537711
4537927
4538251
4538791
4540303
4540771
4541599
4541743
4541851
4542283
4542787
4543003
4544119
4544443
4544623
4545703
4546027
4546351
4546603
4546891
4546999
4547467
4547539
4547791
4548079
4548403
4549159
4549627
4550059
4550167
4550239
4550347
4550383
4550563
4550779
4550851
4551571
4552759
4553587
4553623
4554523
4554559
4554631
4555027
4555207
4555891
4556179
4556719
4557079
4557439
4558627
4559311
4559887
4560427
4560643
4561363
4561507
4561723
4562659
4563127
4563523
4563847
4563919
4564207
4564423
4564459
4564531
4564711
4565287
4565359
4566007
4566043
4566871
4566907
4566979
4567411
4567627
4567987
4568059
4568527
4569391
4569931
4570219
4570759
4570903
4571407
4571443
4571731
4571947
4572163
4572307
4572523
4572811
4572991
4573171
4573279
4573783
4573999
4574863
4575187
4575547
4575619
4575871
4576087
4576303
4576591
4576951
4577059
4577383
4577779
4578103
4578463
4578499
4578571
4578751
4579111
4579759
4580299
4580731
4580911
4581919
4582423
4582531
4582891
4584403
4585123
4586203
4586563
4587067
4587103
4587211
4587391
4587463
4587643
4587967
4588471
4589119
4589587
4589803
4590199
4590307
4590451
4590559
4590667
4590739
4591063
4591387
4592359
4592611
4592683
4592899
4593007
4593367
4593907
4594519
4595887
4596247
4596283
4596607
4596859
4596967
4597039
4597111
4597363
4597471
4597543
4598299
4598623
4598731
4598911
4598983
4599307
4600279
4601251
4601323
4601719
4602187
4602331
4602439
4602727
4602799
4603087
4603411
4603483
4603843
4604491
4604599
4605031
4605247
4605787
4605967
4606363
4606939
4607011
4607191
4607299
4607803
4607947
4608199
4608631
4609207
4609531
4609747
4609783
4610107
4610719
4612123
4612339
4612843
4612987
4613023
4613311
4613347
4613563
4613743
4614391
4614499
4614607
4615183
4616119
4616371
4616803
4617451
4617559
4618063
4618171
4618639
4619107
4619179
4619539
4619647
4620151
4620223
4620547
4620799
4621447
4621483
4622671
4622707
4623139
4624003
4624111
4624579
4624903
4625119
4625191
4625443
4626379
4627243
4627387
4627459
4627603
4627639
4629007
4629043
4629439
4629511
4629727
4629871
4629979
4630051
4630519
4631131
4631527
4632787
4633183
4633219
4633507
4633543
4634011
4634191
4634947
4635559
4635703
4635847
4635991
4636207
4636243
4636351
4636459
4636531
4636711
4637287
4638187
4638547
4638691
4639483
4639771
4639879
4641067
4641211
4643371
4643659
4643911
4643983
4644811
4645099
4645171
4645783
4646143
4646179
4646359
4646791
4647007
4647259
4647439
4647547
4647583
4647871
4648663
4648843
4649311
4649527
4650463
4650931
4651939
4652551
4652623
4653307
4653703
4653739
4654063
4654387
4654459
4654567
4654603
4655143
4655899
4656187
4656331
4656979
4657267
4658779
4660219
4660291
4660507
4660687
4660723
4660759
4660867
4661299
4661443
4661911
4662019
4662271
4662487
4662667
4662919
4664323
4666663
4666807
4667023
4667527
4667743
4667851
4668211
4668427
4669471
4669507
4669831
4670227
4671703
4672099
4672747
4673143
4673287
4673323
4673503
4674151
4674367
4675123
4675267
4675591
4676059
4676311
4676491
4677031
4677139
4677391
4677679
4678327
4678939
4679119
4679551
4679767
4679911
4680199
4680811
4681063
4681459
4681603
4681891
4682647
4682791
4682863
4683079
4683187
4684123
4684699
4685059
4685167
4685887
4686247
4686463
4686571
4686931
4686967
4687723
4688083
4688371
4688407
4689163
4689667
4689991
4690027
4690531
4690747
4691107
4691431
4693267
4693699
4693879
4693987
4694419
4694527
4694779
4695391
4695931
4696147
4696183
4696291
4696327
4696507
4696687
4697479
4697587
4697947
4697983
4698091
4699423
4699963
4700071
4700359
4700791
4701007
4701547
4701583
4701871
4701943
4702627
4702771
4703311
4704031
4704391
4704499
4704751
4704787
4704823
4705219
4705471
4705579
4705759
4705903
4706083
4707343
4708351
4708387
4708423
4708531
4708603
4708747
4708999
4710583
4711051
4711591
4711627
4712563
4712599
4713031
4713139
4713427
4714183
4714939
4715047
4715407
4715587
4716343
4716559
4716847
4716919
4717351
4717387
4717639
4717963
4718071
4718683
4719079
4719691
4719763
4719907
4720087
4720159
4720231
4720627
4720879
4721383
4721527
4721779
4721887
4722031
4722103
4722499
4722931
4724479
4724659
4725631
4725739
4725883
4726243
4726387
4726819
4726927
4726963
4727287
4728043
4729339
4729447
4729843
4730023
4730059
4730311
4730707
4730851
4730923
4730959
4731679
4732003
4732471
4732543
4732867
4733011
4733083
4733623
4734487
4734523
4734703
4735063
4736323
4736791
4737547
4737619
4737763
4737907
4737979
4739239
4739491
4739563
4739599
4740103
4740319
4740499
4740643
4740787
4741039
4741111
4742011
4742119
4743019
4744027
4744063
4744423
4744459
4744639
4744711
4744963
4745071
4745539
4745683
4746151
4746799
4747159
4747231
4748131
4748563
4749391
4749427
4749499
4749751
4751011
4751479
4752019
4752091
4752199
4753207
4753711
4753927
4753963
4754107
4754359
4754791
4755691
4755979
4756663
4756771
4757383
4757419
4757491
4757707
4757743
4758031
4758571
4758931
4759003
4759327
4760227
4761487
4761703
4761811
4762783
4762999
4763359
4764043
4764511
4764547
4764619
4765051
4765087
4765339
4765699
4766491
4766563
4766887
4767643
4768003
4768219
4768507
4768831
4769623
4770019
4770127
4770163
4770343
4770379
4770487
4771243
4771999
4772323
4772863
4774051
4774123
4774267
4774663
4774699
4775851
4775887
4775959
4776679
4777183
4777219
4777363
4777471
4777723
4777939
4778119
4778803
4779199
4779991
4780639
4780891
4781611
4782223
4782871
4783411
4783447
4784419
4784887
4785031
4785463
4785787
4785931
4786147
4786219
4786471
4786543
4787551
4787767
4788127
4788307
4788379
4788631
4788739
4789747
4789783
4790827
4790971
4791187
4791223
4791511
4791799
4792159
4792951
4793059
4793599
4794103
4794211
4794247
4794463
4795183
4795831
4795867
4795939
4796083
4796479
4797631
4797739
4798243
4798531
4798639
4798999
4799323
4799719
4799863
4800799
4801267
4801339
4802779
4802851
4803031
4803103
4803283
4803391
4803427
4804363
4804399
4804939
4805011
4805443
4805587
4806127
4806883
4807423
4807531
4807639
4807819
4808071
4808359
4808611
4808719
4808827
4809547
4809583
4809799
4810087
4810159
4810807
4810843
4810879
4811311
4811383
4812607
4812931
4813399
4813579
4813651
4813759
4814191
4814911
4814947
4815631
4815847
4816243
4816459
4816963
4817107
4817467
4817539
4817899
4819411
4819807
4820239
4820383
4820887
4821499
4821643
4822003
4823083
4823407
4823803
4823839
4823911
4824091
4824487
4825027
4826431
4826719
4827259
4827583
4827619
4827799
4827943
4828807
4829779
4830607
4830751
4830967
4831147
4831291
4831507
4831831
4832767
4833019
4833739
4833991
4834639
4835143
4835179
4835251
4835503
4835683
4837087
4837411
4837771
4838167
4838599
4838923
4839103
4839283
4840579
4841119
4841407
4842631
4843171
4843243
4843819
4844143
4844899
4845079
4845943
4846339
4846483
4846627
4846771
4847239
4847923
4848139
4848391
4848427
4848643
4848787
4849219
4849399
4849543
4849651
4849687
4850191
4850371
4850623
4851163
4851703
4851883
4852459
4852963
4853323
4853503
4854151
4854691
4854799
4855699
4855987
4856779
4857067
4859479
4859947
4860091
4860307
4860343
4860631
4860847
4860883
4861063
4861603
4862251
4862791
4863007
4863223
4863799
4864087
4864843
4864987
4865059
4865743
4866139
4866283
4866391
4867003
4867147
4867327
4867543
4867903
4868011
4868587
4868623
4868659
4868947
4869523
4869703
4870027
4870819
4871107
4871143
4871323
4871359
4871431
4872547
4872871
4873411
4873483
4873591
4874131
4874851
4875319
4875751
4875859
4876111
4876867
4877227
4877263
4877659
4877911
4878019
4879531
4880287
4881187
4881763
4882699
4882987
4883239
4883887
4885219
4885687
4886227
4886551
4886767
4886983
4887163
4887343
4887847
4888063
4889359
4889539
4890043
4890367
4890511
4891339
4891519
4891879
4892527
4893067
4893571
4894543
4894651
4896523
4896811
4897171
4897279
4897567
4897603
4898323
4899079
4899403
4899439
4899547
4899619
4899871
4899907
4900087
4901023
4901419
4901887
4902211
4902571
4902787
4903111
4903219
4903399
4903867
4904587
4904803
4905487
4906207
4906243
4906963
4907107
4907647
4908583
4908619
4908907
4909159
4909843
4910131
4910203
4910959
4911391
4911427
4911499
4911859
4912471
4912543
4912939
4913443
4913479
4914127
4914739
4914883
4914991
4915171
4915279
4915711
4916467
4916683
4916827
4917079
4917151
4917763
4917799
4917943
4918411
4918519
4919023
4919491
4919527
4920067
4920787
4921759
4922191
4922623
4923307
4923487
4923703
4923811
4924027
4924243
4924999
4925071
4925251
4926079
4926331
4926367
4926511
4928383
4928491
4928563
4929823
4930039
4930543
4930759
4930831
4931011
4931191
4931299
4931587
4931947
4932163
4932271
4933207
4933351
4933531
4933783
4934791
4935691
4935871
4936123
4936339
4936411
4936483
4937239
4937347
4937563
4938103
4938319
4938643
4938931
4939471
4939903
4940371
4940587
4940911
4940983
4941127
4941847
4943143
4943503
4944223
4944367
4944547
4944691
4945123
4945231
4945267
4945987
4946203
4946923
4947463
4947499
4947571
4948039
4948831
4949407
4949551
4949983
4950199
4950487
4950703
4950739
4951459
4951567
4952071
4952323
4952971
4953439
4953943
4953979
4954087
4954267
4954627
4954843
4955059
4955131
4956643
4957219
4957399
4957471
4957759
4958299
4959379
4959523
4959883
4959991
4960027
4960531
4960567
4960639
4961503
4961791
4961863
4962151
4962367
4962619
4963663
4963771
4964779
4965283
4965391
4965607
4965967
4966147
4966579
4966723
4966831
4966903
4967659
4967803
4968127
4968343
4968559
4968739
4968883
4968991
4969603
4970503
4970611
4971223
4971583
4971763
4971907
4971943
4972159
4972771
4972951
4973167
4973959
4974139
4974427
4974499
4975039
4975651
4975759
4976299
4976443
4977163
4977667
4978783
4979287
4979467
4979647
4979683
4979971
4980187
4980727
4980763
4981519
4982203
4982563
4982707
4983031
4983211
4983751
4983787
4983859
4984939
4985083
4985263
4985371
4985623
4985839
4986019
4987027
4987207
4987351
4987531
4987639
4987891
4987999
4988323
4988719
4989079
4989511
4990267
4990591
4990771
4991347
4991419
4991491
4991563
4991671
4991923
4992499
4993579
4993687
4993867
4994263
4994659
4995379
4995667
4996099
4996423
4996531
4997611
4997683
4998439
4998547
4998583
4999087
4999447
4999627
4999879
5000167
5000311
5000923
5001067
5001391
5002651
5002903
5003227
5003407
5003659
5003983
5004739
5005783
5006431
5007007
5007439
5007619
5008483
5008699
5008807
5009167
5009527
5010463
5010679
5010751
5011543
5011759
5012047
5012407
5012803
5013451
5013667
5013919
5013991
5015251
5015503
5015719
5015827
5015971
5016727
5016799
5017231
5017447
5017699
5019031
5019067
5019103
5019319
5019463
5019787
5019967
5020291
5020471
5020507
5020903
5021119
5021227
5021479
5021587
5022019
5022739
5022883
5022991
5023099
5024251
5024287
5024359
5025151
5026447
5026519
5026771
5026843
5027059
5027131
5027203
5027923
5027959
5028607
5029579
5030299
5030479
5031451
5031811
5032603
5033647
5034763
5034871
5035267
5035483
5035843
5036347
5036959
5037211
5037247
5037463
5037607
5037859
5038003
5038507
5038867
5038903
5038939
5039371
5039407
5039623
5039911
5040127
5040163
5040379
5040667
5041207
5041243
5041459
5042539
5042827
5042971
5043079
5043331
5043691
5044267
5044591
5045023
5045347
5045959
5046859
5046967
5047291
5047543
5047831
5048011
5048047
5048119
5048767
5049523
5049739
5050063
5050999
5051143
5051287
5051611
5052079
5053843
5054131
5054167
5054383
5054743
5054851
5055067
5055283
5055679
5056039
5056543
5056867
5057191
5057407
5057587
5058271
5058523
5058631
5058667
5059063
5059459
5059711
5059927
5060791
5060827
5060863
5060899
5061907
5061943
5062411
5062483
5062591
5063563
5064139
5064571
5064679
5064859
5065651
5065759
5065831
5065939
5066587
5066623
5066839
5067883
5067991
5068423
5069107
5069431
5069539
5069863
5070187
5070223
5071267
5071483
5071771
5072707
5072779
5073067
5073643
5073967
5074183
5074831
5075659
5075767
5076091
5076199
5076559
5076991
5077063
5077099
5077783
5078431
5079871
5080123
5080627
5081707
5081743
5082067
5082463
5082787
5082967
5083219
5083471
5083579
5084551
5084803
5085523
5086063
5086531
5086891
5087107
5087143
5087323
5087791
5088331
5088439
5088871
5089519
5090131
5090563
5090671
5090779
5090923
5091643
5092111
5092183
5092327
5092831
5093191
5093731
5094487
5094667
5094703
5094919
5095243
5095567
5096323
5096827
5097151
5097403
5097583
5097619
5098987
5099023
5099131
5099527
5099851
5099959
5100751
5100859
5101363
5101399
5101471
5101687
5102371
5102443
5102623
5103523
5103991
5104423
5104747
5105143
5105791
5106151
5106979
5107303
5107483
5107951
5108203
5108239
5109067
5109283
5109859
5110327
5110471
5110579
5110759
5111299
5112307
5112379
5112487
5113063
5113099
5113279
5113639
5113783
5113963
5114143
5114323
5114359
5114647
5115367
5115511
5115619
5115727
5116411
5116627
5117131
5117491
5117599
5117779
5117923
5120371
5120839
5121271
5121379
5121559
5121631
5122639
5122783
5123719
5124043
5124151
5124187
5125051
5125411
5126347
5126959
5127103
5127427
5128219
5128363
5128399
5128507
5129011
5129227
5129659
5129983
5130271
5130343
5130487
5130847
5131207
5131459
5131891
5131963
5132287
5133043
5133907
5134699
5134771
5135131
5135167
5135527
5135671
5135707
5135959
5136067
5137183
5137651
5137903
5138083
5139019
5139271
5139811
5140207
5142259
5143051
5143087
5143267
5143591
5144707
5144743
5145463
5145643
5146003
5146147
5146831
5147047
5147371
5147479
5148271
5149099
5149531
5149891
5150107
5150251
5151151
5151583
5152699
5153779
5154427
5154823
5156227
5156803
5157739
5158603
5159611
5159683
5160007
5160079
5160223
5160439
5160583
5161339
5161879
5162923
5163283
5163607
5163787
5164147
5164363
5164543
5165119
5165227
5165551
5165659
5166703
5166919
5167891
5168791
5169187
5169763
5169943
5170483
5171239
5171779
5172463
5172571
5172751
5173543
5173723
5173759
5173867
5174047
5174947
5175019
5175271
5175343
5175811
5176459
5176747
5177647
5177791
5177971
5178403
5179051
5179411
5179591
5180419
5180887
5181103
5181283
5181499
5181679
5182939
5183047
5184199
5184343
5185927
5186287
5186899
5187367
5187691
5187979
5188123
5188411
5189167
5189311
5189923
5190247
5190607
5191363
5191651
5191867
5193271
5193703
5193739
5193847
5194207
5194279
5194351
5194459
5195791
5195899
5196007
5196511
5196619
5196979
5197303
5197519
5197879
5198563
5198887
5199427
5199463
5199643
5201083
5201299
5201731
5202271
5202343
5202559
5202811
5203243
5203423
5203531
5204107
5204467
5204503
5205583
5205727
5205763
5206231
5206339
5206447
5207203
5207239
5207563
5208751
5208859
5208967
5209291
5209471
5209507
5210767
5210911
5211091
5211523
5211631
5211667
5213179
5213539
5213827
5213899
5214259
5214331
5214367
5214439
5215303
5216311
5216599
5217139
5217607
5218471
5218651
5219047
5219083
5219371
5219443
5219947
5220199
5220847
5221171
5221387
5221459
5221603
5221639
5221891
5222323
5223007
5223187
5223583
5223871
5224591
5224699
5225167
5225527
5225707
5226211
5226643
5227111
5227219
5227363
5227507
5227723
5227759
5229739
5230963
5231287
5232511
5233051
5233447
5233951
5234923
5235751
5236183
5236291
5236579
5237227
5237983
5238019
5238523
5239063
5239207
5239603
5242411
5242843
5243059
5243419
5243527
5243923
5244067
5244139
5245003
5245111
5245651
5246011
5246083
5246191
5246407
5246623
5247163
5247199
5247379
5247919
5248567
5248603
5248891
5248927
5249143
5249539
5249683
5250727
5252347
5252563
5252743
5253463
5253643
5253751
5253967
5254651
5254831
5255083
5255407
5255623
5255659
5255911
5256271
5256379
5258179
5258431
5258503
5258647
5258863
5259151
5260051
5260159
5260807
5261203
5261419
5261527
5261563
5261671
5261743
5261887
5262319
5262823
5262931
5263579
5263939
5264299
5264443
5264911
5265847
5266423
5266531
5266711
5266927
5267359
5267611
5267719
5268007
5268583
5268979
5269339
5270203
5270383
5270563
5270599
5270851
5271463
5271787
5272039
5272147
5272219
5272327
5272651
5273227
5273731
5273839
5274163
5274631
5274739
5275063
5275099
5275243
5275279
5276431
5276863
5277007
5277187
5277403
5278051
5278303
5278591
5278699
5278843
5278951
5279671
5280427
5280463
5280643
5282227
5282371
5282623
5282947
5283559
5284423
5284639
5284819
5284891
5284999
5286583
5286691
5286727
5286943
5287879
5288203
5289247
5289283
5289751
5289967
5290039
5290147
5290291
5290399
5290507
5290687
5290939
5291227
5292451
5292523
5292883
5294143
5294287
5294827
5295223
5295439
5296051
5296663
5296987
5297203
5297419
5298571
5298607
5299111
5299219
5300083
5300227
5300299
5301487
5302207
5302603
5302819
5303323
5303827
5304511
5304979
5305159
5305483
5305591
5305627
5306131
5306167
5306599
5306887
5307139
5307787
5308687
5309047
5309263
5309443
5310163
5310271
5310343
5311351
5311567
5311783
5311927
5312071
5312107
5312179
5312323
5312971
5313043
5313403
5313907
5314087
5314447
5314663
5314951
5314987
5315239
5315419
5315743
5316607
5316823
5317111
5317903
5318659
5320279
5320423
5320639
5321143
5321611
5321647
5321683
5322007
5322259
5322763
5323231
5323627
5324239
5324491
5324563
5324743
5324923
5325139
5325247
5325499
5325571
5325751
5325823
5326003
5326291
5326687
5326759
5326903
5327551
5327659
5327767
5328487
5329603
5329927
5329999
5330107
5330179
5330251
5330359
5331043
5331223
5331439
5331511
5331619
5331691
5332087
5332123
5332519
5332627
5332843
5333131
5333707
5333959
5334103
5334211
5334247
5334751
5334859
5337991
5339107
5339287
5339539
5339827
5339899
5340259
5340763
5341051
5341339
5341591
5343391
5344039
5344723
5345227
5345371
5345983
5346127
5346199
5346307
5346631
5346883
5347099
5347423
5348467
5349007
5350231
5350843
5351527
5351851
5352463
5353651
5354047
5354551
5354659
5355019
5355199
5355307
5355487
5355667
5355811
5355919
5356063
5356567
5356783
5357683
5358403
5358763
5358943
5359051
5359087
5359663
5360239
5361247
5361463
5361751
5361931
5362543
5363587
5364127
5364487
5364559
5364883
5364991
5365027
5365351
5366539
5367511
5367727
5368123
5368339
5368879
5369311
5369347
5369527
5369743
5369887
5370679
5370751
5371039
5371291
5371687
5371831
5372011
5372299
5372443
5372551
5373451
5373847
5373883
5374063
5374279
5374819
5374927
5375107
5375143
5375287
5375683
5375899
5376583
5376907
5376979
5377087
5377303
5378203
5378959
5379247
5379607
5380003
5380327
5380579
5381083
5381767
5382271
5382379
5382739
5383351
5383387
5383999
5384107
5384683
5385007
5385043
5385187
5385511
5385691
5385727
5385763
5386951
5387023
5387059
5387167
5387383
5387923
5388247
5388391
5389003
5389183
5389507
5389543
5389831
5390191
5390587
5390659
5391019
5391559
5391667
5392027
5392351
5392531
5392711
5392963
5394583
5394799
5395483
5395879
5396563
5396959
5397283
5397391
5398219
5398363
5398579
5399011
5399083
5399263
5400091
5400127
5400559
5400739
5401063
5401171
5401603
5401819
5402179
5403007
5403259
5403583
5404123
5404699
5404771
5404879
5405599
5406067
5406211
5406283
5406859
5407111
5407327
5407687
5407903
5408083
5408191
5408659
5408947
5409199
5409487
5409847
5410351
5410387
5410567
5410927
5411863
5411971
5412331
5413519
5413591
5413699
5414239
5414887
5415139
5415679
5415859
5415967
5416039
5416399
5416471
5416507
5416651
5417479
5418163
5418703
5418883
5418991
5419567
5419747
5420143
5420431
5420539
5421043
5421151
5421907
5422051
5422663
5422699
5423023
5423167
5423563
5423779
5424103
5424319
5424967
5425831
5426371
5427127
5428099
5428747
5429071
5429251
5429719
5430043
5430079
5430331
5430367
5430547
5431123
5431303
5431339
5431771
5431843
5432059
5432419
5433427
5433823
5434147
5434651
5434867
5436919
5437171
5437207
5437351
5437387
5437567
5437711
5438107
5438359
5438611
5439223
5439331
5439547
5439619
5439943
5440087
5440339
5440411
5441131
5441167
5441671
5442247
5442319
5442571
5442751
5442859
5443651
5443759
5443831
5444191
5444371
5444911
5445019
5445163
5446351
5446963
5446999
5447503
5447719
5448403
5448511
5449123
5449879
5450239
5450311
5450923
5451643
5452039
5452651
5452723
5453083
5453803
5453983
5454451
5455063
5456071
5456179
5456467
5456683
5456791
5457007
5457547
5457583
5458483
5458771
5458879
5460139
5460607
5462623
5462767
5463091
5463163
5463487
5464171
5464243
5465107
5465359
5465503
5465791
5466403
5466511
5466619
5466691
5467159
5467411
5468131
5468707
5468923
5469319
5469463
5469571
5469787
5470327
5470831
5471371
5471551
5472199
5472631
5472991
5474107
5474179
5474611
5474719
5474863
5475367
5476087
5476483
5476591
5477347
5477743
5477779
5477959
5478211
5479687
5479759
5479939
5480119
5480731
5480947
5480983
5481019
5481523
5481811
5482063
5482207
5482531
5482747
5482927
5483431
5483719
5484043
5484439
5484979
5485087
5485231
5486059
5486311
5486347
5486599
5486851
5487463
5487967
5488039
5488111
5488579
5488759
5488831
5489227
5489299
5489443
5489551
5490631
5490739
5490811
5491351
5491531
5491819
5491999
5492143
5493403
5494267
5494807
5495167
5495383
5495419
5495563
5495779
5495887
5496247
5496571
5496679
5496859
5497003
5497039
5497651
5498083
5498839
5498947
5499343
5499847
5501107
5501647
5502043
5502187
5502403
5502439
5503051
5503339
5503807
5503987
5504563
5504671
5505427
5505751
5506363
5506507
5506651
5506939
5508127
5508163
5508379
5508667
5508739
5508847
5509099
5509423
5509711
5510611
5510719
5510971
5511151
5511223
5511511
5511547
5511871
5512123
5512447
5512627
5512951
5513203
5513527
5513779
5513923
5514139
5514247
5514571
5514823
5515219
5515651
5515723
5515903
5516011
5517091
5517271
5518171
5518351
5518567
5518819
5518927
5519359
5520007
5521051
5521591
5521807
5522131
5522707
5522779
5523031
5523211
5523247
5523571
5523751
5523967
5524219
5524399
5524543
5524867
5525623
5526019
5526487
5526883
5527927
5529079
5529187
5529619
5530123
5530339
5530663
5531131
5531311
5531347
5532103
5532283
5532859
5533039
5533471
5533651
5533939
5534227
5535091
5535199
5535307
5536567
5536603
5536711
5537431
5538223
5538259
5538691
5538763
5539231
5539663
5540707
5541499
5541931
5542003
5542939
5543119
5543191
5543407
5544559
5544631
5545027
5545459
5545567
5546251
5546647
5546971
5547187
5547403
5547547
5548087
5548519
5548843
5548951
5549023
5549059
5549707
5549779
5550427
5551003
5552191
5552263
5553631
5554207
5554387
5554459
5554567
5555827
5555863
5556619
5557051
5557267
5557483
5557663
5558023
5558239
5558419
5558563
5559643
5559823
5560039
5560327
5560363
5560579
5560903
5561119
5561263
5561371
5561659
5561911
5562127
5562703
5563603
5563711
5563819
5563927
5564179
5564719
5564791
5565331
5565367
5565691
5565871
5566087
5566987
5567203
5567239
5567599
5567743
5568391
5568931
5569111
5569219
5569327
5569651
5569687
5569903
5570767
5570911
5571271
5571487
5571523
5571739
5571919
5574799
5574979
5575051
5575483
5575951
5576167
5576491
5576563
5576887
5577643
5578291
5578327
5578831
5579263
5579839
5580163
5580271
5580343
5580667
5580919
5581027
5581351
5581531
5581747
5581963
5582251
5582431
5582503
5582971
5583187
5583619
5583691
5583727
5583943
5584771
5584807
5585311
5586391
5587147
5587507
5588227
5588371
5588551
5589127
5589631
5590423
5591359
5591863
5591899
5592007
5592043
5592511
5592547
5592799
5592871
5593123
5593339
5593591
5593843
5594131
5594311
5594527
5594599
5594779
5594959
5595787
5596147
5596651
5597659
5597803
5598199
5598487
5599423
5599567
5599999
5600143
5600899
5601943
5602411
5602591
5603383
5604499
5604931
5605111
5605183
5605471
5605939
5607703
5608171
5608531
5608567
5608639
5608747
5608783
5609647
5609827
5610151
5611051
5611231
5611303
5611447
5611591
5611699
5611807
5612311
5612527
5613967
5614327
5615263
5615551
5615803
5617207
5617459
5617639
5618287
5618539
5618611
5618827
5619547
5621023
5621311
5621419
5621491
5621599
5622247
5622391
5622571
5623003
5623327
5623543
5624083
5624191
5624947
5625091
5626171
5626567
5627143
5627899
5628079
5629627
5630347
5630887
5630923
5631679
5631751
5632651
5632687
5633371
5633479
5634163
5634919
5635387
5635963
5635999
5636539
5636971
5637043
5638159
5639167
5639527
5640067
5640211
5640643
5640823
5641687
5642227
5642407
5642479
5642911
5643163
5644027
5645251
5645323
5646691
5647087
5647231
5647339
5647699
5647771
5647951
5648059
5648527
5649067
5650039
5650219
5650363
5650867
5651407
5651479
5651623
5651983
5652091
5652847
5653387
5653603
5653783
5654323
5654359
5654827
5655439
5655619
5655943
5656411
5657131
5657347
5657599
5657671
5657887
5658031
5658571
5658643
5658859
5658967
5659399
5659543
5659651
5660299
5661163
5661343
5661451
5661559
5661811
5661991
5662351
5662567
5662963
5663071
5663107
5663611
5664943
5665123
5665159
5665483
5666131
5666203
5666383
5666887
5667283
5667679
5668471
5669371
5669479
5669623
5669659
5669803
5670199
5670307
5671207
5671279
5671927
5672071
5672179
5672827
5673259
5674411
5674987
5675311
5675419
5675599
5675959
5676031
5676067
5676499
5676571
5676679
5676823
5678227
5678767
5678839
5678947
5679127
5679199
5679451
5680243
5680783
5681503
5681647
5682763
5682979
5683303
5684167
5684671
5685103
5685319
5685499
5685643
5685859
5686867
5687191
5687839
5688091
5688127
5688559
5688811
5688883
5689207
5689351
5689639
5690323
5690719
5691079
5691187
5691403
5691691
5691799
5691943
5692591
5692699
5692879
5693131
5693203
5693707
5693851
5693959
5694067
5694391
5694499
5695399
5695471
5695939
5696191
5696227
5696659
5696767
5697127
5697631
5697883
5698171
5698243
5698639
5699359
5699467
5699503
5700259
5700439
5700691
5701123
5701627
5702923
5703427
5703463
5703499
5703679
5703787
5704003
5705299
5705731
5706163
5706307
5706919
5707279
5708179
5708251
5708359
5708431
5709007
5710123
5711527
5712139
5712247
5712859
5713219
5713399
5713507
5713759
5714083
5714587
5714803
5715163
5715487
5715739
5715991
5717431
5717683
5717827
5717863
5718151
5718367
5718403
5718799
5719267
5719771
5719807
5720203
5721211
5721823
5721931
5722399
5723479
5724559
5724847
5724883
5725747
5725927
5726179
5726251
5726359
5726827
5727223
5727367
5727979
5728231
5728447
5728627
5729167
5729419
5729491
5729851
5729959
5730211
5730247
5730607
5730643
5730931
5731147
5731471
5731543
5731651
5732011
5732983
5733703
5733919
5734459
5734819
5735251
5735467
5735791
5735827
5736007
5736547
5736763
5737951
5738347
5738599
5739031
5739571
5739859
5740183
5740327
5741587
5741803
5741839
5742271
5742703
5743099
5743459
5743747
5743963
5744107
5744719
5744863
5744971
5745079
5745583
5745871
5746087
5746123
5746591
5746771
5747023
5747383
5747419
5747563
5747743
5748103
5748139
5748427
5748679
5748859
5749507
5749759
5749903
5750047
5750119
5751199
5751271
5751307
5751631
5752531
5753179
5753467
5754043
5754547
5754691
5754799
5755483
5755663
5756059
5756599
5757139
5758003
5759011
5759191
5760523
5760631
5761387
5761423
5761783
5761927
5762143
5762359
5762863
5763619
5763691
5763871
5764303
5764699
5764951
5765167
5765491
5765671
5765887
5766463
5768047
5769703
5770027
5770747
5771863
5772043
5772079
5772511
5772799
5773267
5773447
5773771
5774023
5774779
5774851
5775067
5775571
5775751
5776579
5776831
5777047
5777227
5777479
5777911
5777983
5778631
5779063
5780287
5780683
5781151
5781331
5782411
5782627
5783203
5784067
5784139
5784283
5784391
5784463
5784787
5784931
5785147
5785543
5786083
5786227
5786839
5786947
5787091
5787163
5787703
5787919
5789107
5789143
5789359
5789683
5789863
5789899
5790223
5790943
5791231
5791843
5792167
5792203
5792383
5792491
5792923
5793391
5793679
5794003
5794219
5795263
5795407
5796991
5797243
5797783
5797927
5798431
5798539
5798827
5799583
5799691
5800159
5800699
5800843
5801203
5801671
5801959
5802751
5803687
5804371
5804767
5804983
5805523
5805847
5806531
5807647
5807827
5808331
5808799
5809123
5809411
5809663
5810383
5810419
5811391
5811607
5811643
5811823
5812327
5812579
5812687
5812867
5813407
5813443
5813767
5814199
5814811
5815603
5815783
5816143
5816647
5816683
5816971
5817403
5818951
5819239
5819563
5819959
5820247
5820571
5820751
5821003
5821183
5821687
5821759
5822083
5822623
5822731
5823019
5823379
5823667
5825107
5825431
5825503
5825971
5826547
5827051
5827267
5827519
5828023
5828167
5828239
5829823
5829931
5830183
5830579
5831047
5831659
5831911
5832163
5832847
5833063
5833207
5834287
5834683
5835007
5835619
5836447
5837311
5838247
5838607
5838787
5839039
5839147
5839219
5840083
5840119
5840767
5841487
5842567
5842819
5842999
5843287
5843323
5844367
5844439
5844511
5844547
5845159
5845591
5845699
5846131
5846563
5847103
5847139
5847427
5848327
5848651
5848939
5849191
5849227
5849803
5849911
5849947
5850343
5850379
5850631
5850667
5850811
5850883
5851387
5851423
5852719
5853403
5854339
5854483
5854663
5854699
5855203
5855347
5855527
5855779
5855887
5856607
5856751
5857147
5857183
5857399
5857903
5858227
5858263
5858371
5858803
5859019
5860207
5860567
5860747
5861467
5862547
5862763
5862799
5863303
5863411
5863519
5863807
5864311
5865031
5865283
5865679
5866291
5866327
5867011
5867119
5867623
5867767
5868271
5868487
5868523
5869243
5869351
5869891
5870143
5870467
5871259
5871727
5871763
5871871
5872303
5872807
5873239
5873419
5874103
5874643
5874787
5876371
5876443
5876839
5877127
5877559
5878027
5878963
5879611
5879647
5880547
5881159
5881231
5881699
5881879
5882887
5883391
5883643
5883967
5884687
5884939
5885083
5885227
5885623
5885983
5886631
5886667
5887279
5887711
5887927
5887963
5888359
5888611
5888719
5888899
5889043
5889547
5889727
5890051
5890267
5890447
5890663
5891203
5891383
5891491
5892283
5892391
5892571
5892823
5893507
5893939
5894263
5894659
5894947
5894983
5895523
5896243
5896459
5896567
5896819
5897251
5897539
5898043
5898259
5898331
5898691
5898979
5899087
5899627
5900383
5900779
5901751
5901859
5902219
5902291
5902759
5903263
5903587
5904163
5904271
5905423
5905891
5906143
5906611
5907331
5907547
5907799
5907907
5908339
5909671
5910283
5910319
5910607
5911039
5911183
5911651
5912659
5913631
5914171
5914423
5914819
5916007
5916151
5916583
5916871
5916907
5916943
5916979
5917519
5917843
5918167
5918599
5919031
5919283
5919499
5919607
5919679
5919751
5919787
5919931
5920003
5921263
5921479
5922487
5922811
5922991
5923243
5924467
5924539
5924647
5924683
5924719
5924791
5925223
5925331
5925691
5925727
5926051
5926087
5926519
5926951
5927059
5927239
5928031
5928751
5928787
5928823
5929291
5929327
5929939
5930479
5930623
5930839
5931847
5932279
5932567
5932747
5932891
5933503
5933647
5934619
5934979
5935051
5936311
5936419
5936563
5937103
5937499
5937859
5938147
5938183
5938363
5938903
5939371
5939803
5939839
5940199
5940307
5940343
5941099
5941387
5941711
5942467
5942719
5943043
5943079
5943151
5943583
5945059
5945743
5945851
5946139
5946571
5947111
5947147
5947651
5947687
5947867
5948119
5948263
5948407
5948443
5948983
5949343
5949703
5950603
5950783
5950927
5950963
5951107
5951791
5952439
5952979
5953699
5953951
5954023
5954563
5955139
5956399
5956507
5956759
5956831
5957047
5957911
5958451
5959567
5959747
5959963
5960323
5960431
5960503
5960827
5960971
5961259
5961583
5961979
5962591
5963527
5964247
5964391
5965831
5966047
5966299
5967019
5967163
5967631
5968279
5968927
5969107
5969179
5970763
5970799
5971087
5971411
5971519
5971627
5971663
5971951
5972311
5972563
5973463
5973571
5973679
5974363
5974471
5975191
5977351
5979007
5979079
5979367
5979943
5979979
5980267
5980519
5980591
5981347
5981707
5981887
5982751
5983363
5983723
5984371
5984479
5984911
5985307
5985559
5986027
5987539
5987719
5987899
5988079
5988691
5989483
5989663
5989699
5990311
5990779
5991103
5991823
5991967
5992003
5993047
5993551
5994199
5994631
5994739
5994847
5995063
5995603
5995999
5996143
5996251
5996323
5996611
5997151
5997223
5998627
5998843
5999311
5999599
5999743
5999923
6000103
6000427
6000571
6000679
6000823
6001903
6002083
6002767
6003199
6004351
6004387
6004459
6004783
6004891
6004963
6005107
6005647
6005863
6006439
6006619
6006943
6007159
6007303
6007627
6008131
6008671
6009571
6009859
6010111
6010471
6010867
6010903
6011587
6012703
6013027
6013459
6014287
6014647
6014971
6015403
6015511
6015907
6016123
6016447
6016771
6017059
6017419
6017527
6017887
6017923
6018499
6020263
6021019
6021091
6021199
6021523
6021559
6021667
6022171
6022567
6022927
6023071
6023359
6024043
6024259
6024583
6025087
6025627
6027067
6027247
6027283
6028039
6028147
6028219
6028579
6029659
6030091
6030379
6030883
6030919
6031171
6031603
6032251
6032359
6032503
6032539
6032791
6033763
6034159
6034411
6034591
6035347
6035707
6035779
6036571
6037111
6037147
6037399
6037543
6037831
6037939
6038047
6038191
6038623
6038731
6038803
6038947
6039343
6039667
6039883
6040387
6040711
6040747
6040963
6042079
6042727
6042943
6043231
6043267
6043879
6044023
6044347
6045103
6046003
6046363
6048199
6048667
6049171
6049963
6050503
6050791
6050899
6051007
6051223
6052087
6052303
6052339
6052591
6052951
6053167
6053491
6053743
6053923
6054283
6054463
6054571
6054931
6055219
6055327
6055363
6055759
6056119
6056731
6058243
6058531
6059071
6059107
6059323
6060151
6060511
6060547
6060583
6061411
6061519
6062347
6062491
6062923
6063427
6063751
6065407
6066163
6066271
6066523
6067927
6068971
6069403
6069691
6069727
6070159
6070231
6070447
6070591
6071851
6072211
6072427
6072643
6073183
6073651
6073723
6074119
6075343
6075523
6075631
6075739
6076891
6077611
6078439
6078691
6078763
6079519
6079663
6080059
6080311
6080527
6080959
6081211
6081247
6081787
6083191
6083551
6083659
6083767
6084703
6085243
6085819
6085927
6086539
6086719
6087079
6087259
6087871
6088087
6088627
6089131
6089491
6090103
6090571
6090823
6090859
6091291
6091867
6092083
6092299
6092371
6092731
6093163
6094567
6095071
6095431
6096187
6096439
6096907
6096943
6098959
6099391
6099427
6099859
6100147
6100723
6100903
6101047
6101119
6101551
6101659
6102307
6102559
6102631
6102739
6103099
6103423
6104467
6104827
6105007
6105223
6105367
6105439
6105727
6106123
6106879
6107599
6107851
6108247
6108463
6108679
6109003
6109039
6109471
6109903
6110119
6110371
6110623
6111811
6112279
6112819
6113467
6113539
6113971
6114187
6114403
6114547
6114727
6115267
6115411
6115843
6115951
6116023
6116167
6116239
6116491
6117967
6118003
6118111
6118183
6118291
6119299
6119479
6120379
6120559
6120703
6121567
6121747
6122359
6122863
6122971
6123259
6123619
6124231
6124663
6125023
6125563
6125599
6125671
6125887
6126067
6126139
6126391
6126427
6126931
6127183
6127399
6127579
6127687
6127831
6128587
6129199
6129631
6130099
6130171
6130603
6130783
6130819
6131431
6131683
6131863
6132439
6133339
6133411
6133843
6133987
6134419
6134743
6134851
6136003
6136111
6136327
6136363
6137011
6137191
6137623
6137839
6138739
6138883
6139279
6139351
6139423
6139999
6140359
6140467
6140539
6140647
6140863
6141439
6141727
6142267
6142303
6142483
6143167
6143311
6143671
6143779
6144211
6144247
6144679
6145327
6145543
6145723
6146011
6146407
6146659
6147199
6147487
6148243
6148459
6149287
6149323
6149503
6150043
6150259
6150511
6151267
6151699
6151987
6152203
6152239
6152527
6152563
6152743
6152779
6152851
6153067
6153319
6154471
6154507
6154831
6155263
6155551
6155839
6155983
6156343
6156379
6156523
6156739
6157171
6157603
6157639
6157819
6157891
6159007
6159367
6159547
6159691
6160303
6160339
6160663
6161383
6161527
6161959
6162139
6162283
6162391
6162571
6162931
6163039
6163903
6164083
6164479
6164551
6164623
6164731
6165919
6166351
6166891
6166999
6167251
6168079
6168187
6169087
6169231
6169483
6169627
6170491
6171031
6171247
6171427
6171463
6171643
6171679
6171967
6172759
6173047
6173731
6173767
6174163
6174271
6174379
6174811
6175027
6175207
6175243
6176323
6176647
6176683
6177403
6178267
6178339
6178483
6178663
6178699
6179023
6179311
6179779
6180283
6180319
6180679
6180751
6181363
6182047
6182227
6183091
6183451
6184099
6184639
6184963
6185107
6185143
6185503
6185719
6186007
6186259
6186871
6186907
6186979
6187087
6187771
6188491
6188887
6189031
6189643
6190147
6191083
6191659
6191767
6191947
6192163
6192379
6193027
6193063
6193351
6193711
6193783
6193819
6193963
6194179
6194359
6194467
6194863
6194971
6195151
6195439
6196159
6196843
6197239
6197383
6197599
6197671
6197887
6198139
6198571
6198679
6198823
6198859
6199183
6199327
6199399
6200371
6201451
6201883
6202243
6202459
6202747
6203287
6203359
6203971
6204259
6204511
6204547
6204727
6205123
6205807
6206779
6207211
6207283
6207427
6208219
6208471
6208831
6209551
6209911
6210307
6210847
6210991
6211747
6211927
6213223
6213331
6213367
6214123
6214627
6215023
6215203
6215491
6215851
6216283
6216499
6217039
6217867
6218623
6219091
6219271
6219379
6220063
6220387
6220567
6220927
6221071
6221107
6221539
6221647
6222439
6222763
6224059
6224131
6224923
6225211
6225319
6225391
6225679
6226291
6226867
6227587
6227731
6227911
6228667
6228991
6229099
6230827
6231187
6231223
6232159
6232339
6232663
6232771
6232987
6233743
6233779
6233959
6234211
6235147
6235939
6236011
6237019
6237739
6238171
6238279
6238423
6239071
6239143
6240691
6240799
6241663
6242851
6243823
6243967
6244003
6244039
6244327
6244471
6245011
6245947
6246091
6246199
6246523
6246811
6247243
6247819
6247999
6248251
6248899
6249223
6249403
6249547
6249619
6249871
6249907
6249979
6250087
6250591
6250807
6250843
6250879
6250987
6251023
6251347
6251599
6251671
6251887
6252751
6253327
6253543
6253939
6255343
6255919
6256351
6256531
6257431
6257899
6258583
6258727
6259159
6259807
6260383
6260959
6261391
6261751
6262147
6262363
6262903
6262939
6263011
6264127
6264199
6264343
6264631
6265423
6265531
6265783
6266287
6266467
6266503
6266683
6267007
6267223
6267979
6268303
6268663
6268987
6269383
6269707
6270067
6270391
6270751
6272191
6272659
6272731
6272947
6273271
6273523
6273703
6274027
6274459
6275323
6275611
6276763
6276871
6276979
6277303
6277591
6278707
6279319
6279463
6279643
6280003
6280039
6280147
6280291
6280399
6280759
6280867
6281263
6282019
6282811
6283099
6283351
6283567
6284539
6285151
6285691
6285907
6286339
6287311
6287419
6288427
6288643
6289147
6289471
6289903
6290443
6290587
6290803
6291847
6292711
6292927
6293359
6293647
6293827
6294151
6294367
6294511
6295087
6295519
6295879
6296491
6296599
6296671
6296707
6296959
6297211
6297283
6297787
6297931
6298111
6298147
6298183
6298939
6299443
6299767
6300199
6300631
6300739
6301423
6301459
6301567
6301927
6302143
6302323
6302431
6302683
6302899
6303799
6304267
6304663
6304699
6305239
6305347
6305491
6305599
6306211
6306463
6306679
6306787
6306931
6307507
6307687
6307831
6308047
6308191
6309271
6309343
6310243
6310531
6312043
6312259
6312727
6312799
6313231
6313267
6314563
6314887
6315031
6315607
6316039
6316579
6317011
6317407
6317767
6317803
6318019
6318667
6318919
6319279
6319387
6320071
6320287
6320827
6321223
6321907
6322627
6322807
6323419
6323491
6323851
6323923
6324067
6324247
6324463
6324823
6325507
6325903
6326119
6326191
6326443
6326659
6326767
6327127
6327271
6327523
6327631
6327847
6328027
6328459
6328711
6329143
6329359
6329431
6329647
6330223
6330547
6331267
6331411
6331447
6331519
6331951
6332059
6332167
6332311
6333139
6333463
6333643
6333787
6334327
6334399
6334723
6335047
6335731
6336163
6336487
6336559
6337063
6337099
6337783
6338611
6338971
6339259
6339583
6340267
6340483
6341131
6341779
6343039
6343219
6343291
6343327
6343399
6343651
6343903
6344227
6344659
6344983
6345091
6345127
6345343
6345739
6345883
6346387
6346891
6347791
6347827
6348151
6348763
6348799
6349087
6349303
6349663
6349843
6349879
6349951
6350131
6350167
6350419
6351031
6352147
6352651
6353227
6353299
6353731
6354703
6354811
6354847
6355819
6356071
6356323
6356971
6357331
6358267
6358411
6358591
6359239
6359347
6360031
6360247
6360427
6361651
6362371
6362479
6362731
6363739
6363883
6363919
6363991
6364747
6364927
6366907
6367267
6367591
6367771
6368239
6368311
6369283
6369499
6369823
6369859
6369967
6371119
6371371
6371983
6373099
6373603
6373639
6375763
6376303
6376339
6377167
6378139
6378607
6378787
6379111
6379183
6379327
6381811
6381847
6382711
6382819
6383359
6383863
6384439
6384619
6384943
6385087
6385303
6386491
6386671
6386923
6386959
6387067
6387463
6388867
6388939
6389191
6389371
6389479
6389731
6390127
6390379
6390883
6392539
6392863
6393259
6393619
6393943
6394231
6394807
6395203
6395743
6396751
6397291
6397399
6397759
6397903
6398083
6398479
6398551
6399091
6399739
6399847
6400099
6400423
6400531
6401467
6401719
6401827
6401971
6402007
6402439
6403303
6404059
6404527
6404599
6404743
6405031
6405067
6405283
6405391
6406111
6406867
6407119
6407227
6407551
6408091
6408487
6408631
6408811
6409027
6409063
6409603
6410251
6410431
6411187
6411331
6411763
6412267
6413023
6413167
6413779
6415219
6415291
6417343
6417379
6417451
6417487
6417703
6418207
6418747
6419503
6419899
6420079
6420511
6421231
6421339
6422203
6422959
6423247
6423283
6423427
6423643
6423751
6424507
6424723
6425227
6426523
6426559
6426919
6427783
6427891
6428827
6428971
6429691
6429799
6430231
6430519
6431239
6431851
6433003
6433111
6434191
6434371
6434443
6434983
6435739
6436279
6436351
6438007
6438079
6438331
6438403
6438547
6438871
6439051
6439159
6439483
6439519
6440131
6440383
6440491
6440779
6441031
6441427
6441499
6441571
6442003
6442399
6442831
6443083
6443839
6443911
6443947
6444271
6445099
6445639
6446107
6446611
6446863
6447187
6447691
6447943
6448231
6448483
6448807
6449419
6449743
6449887
6449923
6450211
6450319
6450427
6450751
6451183
6451723
6452011
6452119
6453199
6453379
6453451
6453703
6454387
6454639
6455467
6456007
6456403
6456871
6457123
6457879
6457987
6458059
6458923
6459283
6459319
6459499
6459823
6460039
6460147
6460579
6460651
6460687
6460759
6461407
6461443
6461839
6461947
6462163
6462199
6462271
6462307
6462739
6462811
6463243
6463279
6463603
6463999
6464323
6464431
6464827
6464971
6465223
6466051
6466303
6466627
6466843
6466951
6468031
6468463
6468967
6469219
6469399
6470263
6470371
6470731
6470839
6471019
6471667
6471811
6471919
6472099
6472351
6472603
6472927
6473287
6473323
6474619
6475087
6475159
6475771
6475879
6476419
6476563
6476851
6476959
6477463
6477931
6477967
6478363
6478579
6478723
6479047
6479119
6479299
6479587
6480163
6480631
6480739
6481171
6481207
6481711
6481747
6481999
6482071
6482467
6484087
6484447
6484627
6484987
6485203
6485419
6485491
6485599
6485923
6486247
6486427
6486463
6487003
6487687
6487903
6488551
6488767
6489487
6490027
6490567
6490711
6491971
6492043
6492331
6492763
6493087
6493699
6494167
6494311
6494491
6494707
6495031
6495103
6495211
6495319
6495571
6495679
6497263
6498343
6498487
6499351
6499459
6500287
6500539
6500971
6501403
6501727
6501799
6502267
6502879
6503239
6503311
6503347
6503599
6503851
6504103
6504499
6504571
6505363
6506587
6507307
6507343
6508819
6509683
6509719
6509791
6510223
6510367
6510583
6510799
6511159
6511303
6511411
6511807
6512419
6513211
6513319
6513931
6514003
6514147
6514327
6514579
6515407
6515623
6515659
6516379
6516739
6516919
6517603
6517747
6517891
6517963
6518107
6518431
6518647
6518791
6519259
6519547
6519763
6520411
6520483
6520519
6520699
6520951
6521023
6521059
6521131
6522787
6523003
6523039
6523183
6523939
6524191
6524299
6524803
6525559
6525703
6525811
6525919
6525991
6526423
6526783
6527539
6528043
6528583
6529051
6529267
6529591
6529771
6529879
6529951
6530203
6530347
6530779
6531139
6531211
6531319
6531643
6532291
6532399
6533479
6533911
6533983
6534091
6534523
6534559
6534631
6534883
6535279
6535927
6536251
6536503
6536611
6537331
6537403
6537511
6537547
6537799
6537943
6538447
6538771
6538843
6538879
6539167
6539959
6540067
6540643
6540679
6541291
6541363
6541687
6541903
6542119
6542299
6542443
6543343
6543451
6544063
6544171
6544207
6544243
6544927
6545467
6545863
6546079
6546223
6547087
6547627
6548023
6548779
6549139
6549787
6550651
6551047
6551191
6551299
6551407
6551731
6551947
6551983
6552163
6552307
6552379
6552919
6553567
6554827
6554971
6555403
6555547
6555691
6555907
6556483
6556699
6557059
6557203
6558751
6558823
6558931
6559363
6559687
6559831
6560227
6560479
6560551
6561091
6561127
6561307
6561883
6561991
6562243
6562279
6562603
6563611
6564007
6564043
6564583
6564763
6565123
6565231
6565411
6565987
6568867
6569083
6569263
6569659
6570199
6570307
6570631
6570703
6570919
6571171
6571711
6572143
6572971
6573547
6573583
6574231
6574483
6575059
6575671
6575887
6576139
6576571
6576967
6577327
6577399
6578263
6578587
6578839
6579019
6579163
6579487
6579667
6579883
6579919
6580243
6581719
6582007
6582187
6582259
6582727
6582799
6583051
6583123
6583663
6583771
6584311
6584671
6585031
6585067
6585211
6585283
6586039
6586399
6586507
6586687
6586831
6587011
6587047
6588199
6588343
6589171
6589207
6589279
6589459
6589819
6589963
6590071
6591367
6591583
6591763
6592123
6592843
6592879
6594139
6594823
6595579
6596371
6596407
6597307
6597379
6597739
6597847
6598279
6598927
6599611
6599899
6600439
6600691
6600943
6601447
6601843
6602023
6602059
6602347
6602383
6603211
6603787
6604183
6604651
6604867
6605191
6605371
6605479
6605587
6605947
6606487
6606811
6606991
6607207
6607243
6607567
6607963
6608071
6608431
6608647
6609439
6610159
6610699
6611923
6612391
6612427
6612499
6612607
6613039
6613219
6613471
6613507
6614119
6614371
6614911
6615019
6615127
6615199
6615523
6617323
6617431
6617467
6617827
6618223
6618727
6620059
6620851
6621463
6621499
6621607
6622867
6624307
6624379
6625387
6625603
6625819
6626143
6626863
6627043
6627727
6628051
6628159
6628267
6628411
6628483
6629059
6629239
6629383
6629563
6630319
6631147
6631579
6632299
6632623
6632803
6632911
6633019
6633343
6633667
6634171
6635143
6635179
6635323
6635611
6636943
6637159
6637339
6637591
6637987
6638131
6638491
6640687
6640831
6640903
6640939
6641587
6641983
6642127
6642523
6642847
6643891
6644359
6644863
6645151
6645547
6645799
6645871
6645943
6645979
6646231
6646663
6647059
6647239
6647779
6647923
6647959
6648571
6648823
6649579
6650011
6650263
6650443
6650659
6651523
6651847
6652171
6652279
6652747
6652927
6653107
6653683
6654331
6654979
6655087
6655591
6655951
6656059
6656743
6656779
6657571
6659227
6659623
6660919
6661243
6661747
6661783
6662287
6663043
6663079
6663511
6663907
6664159
6664447
6664771
6664843
6665671
6665959
6666391
6666679
6666931
6667039
6667183
6667327
6667471
6667867
6668047
6668119
6668659
6668911
6669163
6669199
6669451
6669847
6670243
6670423
6670603
6670819
6671503
6671683
6671719
6672331
6673411
6673591
6673627
6673951
6674527
6674599
6674671
6674743
6675103
6675391
6675931
6676471
6676651
6677299
6677623
6678703
6679063
6679171
6679459
6679531
6679999
6680539
6681403
6681511
6681547
6682051
6682447
6682483
6682843
6683059
6683167
6683527
6683851
6684103
6685363
6685507
6685759
6685867
6686047
6686191
6686479
6686947
6687451
6688027
6688639
6688783
6688999
6689323
6689359
6689503
6690583
6691051
6691483
6692347
6692419
6693319
6694147
6694399
6694687
6696127
6696343
6697279
6698071
6698611
6698899
6699871
6699907
6700231
6700699
6700879
6701311
6702067
6702463
6702571
6702823
6703003
6703507
6703579
6703687
6703759
6703867
6704011
6704119
6704479
6704839
6705091
6705163
6706243
6706351
6706423
6706459
6706927
6707143
6707539
6707971
6708439
6708943
6709159
6709519
6709627
6709663
6709699
6710887
6711391
6711571
6711967
6712579
6712723
6713191
6713407
6713731
6713803
6713911
6714343
6714559
6714703
6714739
6714991
6715351
6715963
6715999
6716287
6716431
6716539
6717223
6717619
6718339
6718447
6718771
6719347
6719527
6719563
6720283
6720607
6720823
6721147
6721723
6722263
6722479
6722623
6722659
6723091
6723271
6723667
6724063
6724387
6724603
6724999
6725143
6725611
6725827
6726367
6726547
6726763
6726799
6727447
6727519
6727663
6728383
6729427
6729571
6729607
6729787
6730327
6730687
6730903
6731047
6731083
6731623
6732163
6732919
6733171
6733351
6733747
6733891
6733927
6734647
6735403
6735727
6735763
6735871
6735943
6736519
6737131
6737239
6737347
6737383
6737671
6737707
6738031
6738427
6739543
6739903
6740191
6740407
6740443
6740479
6741019
6741451
6741703
6741883
6741991
6742459
6742783
6743323
6744079
6744583
6745231
6745267
6746527
6746851
6746959
6747031
6747571
6748327
6748939
6749767
6750019
6750631
6751747
6751963
6752071
6752287
6752503
6752539
6752827
6752899
6753583
6754087
6754339
6754411
6754771
6754879
6755167
6755383
6756679
6756823
6757327
6757363
6757867
6758407
6758659
6758839
6759703
6760711
6760783
6761107
6761143
6761539
6762439
6763303
6763447
6764239
6765103
6765211
6765751
6766003
6766183
6766399
6767191
6767731
6767983
6768163
6768271
6768667
6768991
6769099
6770287
6770611
6771187
6771367
6771871
6771943
6772771
6773131
6773203
6773959
6774319
6774931
6774967
6775399
6775579
6776443
6776911
6777451
6777559
6778207
6778423
6778927
6778963
6779467
6779611
6780223
6780439
6780871
6781231
6781303
6781699
6781843
6782239
6782311
6782959
6783031
6783607
6783787
6783859
6784363
6785263
6785731
6786919
6787603
6788107
6788251
6788647
6789619
6789763
6790411
6790807
6790951
6791779
6792211
6792607
6792859
6792967
6793399
6793543
6793651
6794551
6794911
6795703
6795847
6795991
6796171
6797251
6797647
6797863
6798619
6799159
6799267
6799591
6799699
6800419
6800743
6801211
6801607
6802111
6802183
6802291
6803119
6803551
6803983
6804739
6805063
6805243
6805639
6806179
6806251
6806467
6806539
6806971
6807331
6807511
6807979
6808159
6808519
6808699
6809167
6809203
6809527
6809743
6810103
6810247
6811003
6811327
6811471
6811939
6813091
6813127
6813199
6813739
6813847
6814063
6814387
6814459
6814783
6814999
6815467
6815971
6816331
6816367
6816871
6817483
6817843
6818167
6818239
6818347
6818491
6819103
6819679
6819931
6820147
6820291
6821083
6821263
6821407
6821623
6821803
6821911
6822271
6822703
6823423
6823891
6823963
6825331
6825583
6825943
6826051
6826087
6826159
6826411
6827311
6828103
6828499
6828607
6829507
6829687
6830191
6830407
6830479
6831091
6831523
6832387
6832747
6833467
6833719
6833791
6833899
6834007
6835447
6835519
6835663
6837067
6837139
6837643
6838687
6839047
6839983
6840091
6840271
6840811
6841027
6841207
6841927
6841963
6842467
6842611
6843007
6843511
6843799
6844231
6844303
6844483
6844843
6845347
6845383
6845563
6846247
6847507
6847831
6848047
6848371
6848623
6849559
6849919
6849991
6850243
6850531
6850639
6850747
6850999
6851071
6851107
6851503
6851827
6851863
6852187
6852799
6852907
6853123
6853447
6853591
6853807
6853879
6854347
6854563
6854671
6855283
6855319
6855967
6857047
6858091
6858307
6859063
6860071
6860179
6860251
6860323
6860683
6861331
6861367
6861583
6862087
6862447
6862771
6863383
6863419
6863887
6864031
6864283
6864607
6865039
6865363
6865543
6865759
6866191
6866659
6866767
6867199
6867451
6867667
6867739
6868243
6868387
6868819
6868891
6869719
6870403
6870943
6871087
6871699
6871807
6872023
6872419
6873211
6873283
6873571
6874003
6874111
6874507
6875047
6875299
6875623
6875731
6875839
6876343
6876811
6877891
6878071
6878827
6879079
6879259
6879511
6880051
6880123
6880411
6880591
6881851
6882319
6882823
6883399
6885019
6885091
6885127
6885199
6885451
6885631
6885667
6886171
6886387
6886423
6886639
6886963
6888151
6888187
6888439
6888619
6889087
6889339
6890167
6890671
6891499
6891607
6891823
6891931
6892579
6892651
6893011
6893083
6893119
6893659
6894487
6895927
6896683
6896971
6897403
6897547
6898051
6898231
6898267
6898483
6898807
6899023
6899383
6899779
6899923
6900427
6900643
6900787
6900823
6901291
6901399
6901651
6902083
6902479
6902803
6902911
6903271
6904063
6904099
6904171
6904207
6904747
6905071
6905611
6905827
6905863
6905971
6906007
6906043
6906511
6907987
6908203
6908383
6908527
6908599
6909319
6909751
6909967
6910147
6910291
6911227
6911263
6911587
6911731
6912019
6912271
6913171
6913531
6913603
6914863
6915043
6915151
6915367
6915547
6915871
6915907
6916411
6916771
6917707
6917923
6917959
6918103
6918391
6919039
6919543
6919687
6919903
6920227
6920983
6921847
6922603
6922999
6923971
6924223
6924331
6925159
6925447
6925483
6925663
6926131
6926419
6926779
6927139
6927247
6928003
6928219
6928291
6928759
6929191
6930127
6930379
6930487
6930811
6931207
6932287
6932971
6933799
6934267
6934303
6935491
6935671
6936067
6936247
6936283
6936499
6936607
6937939
6938011
6938263
6940027
6940099
6940207
6940639
6940711
6941719
6942547
6942583
6942799
6942907
6943771
6943879
6944059
6944851
6945607
6946111
6946327
6946903
6947011
6947263
6947947
6948307
6948379
6948523
6949603
6949711
6949783
6949927
6950431
6950683
6951403
6951871
6951943
6952051
6952123
6952807
6953311
6953671
6954463
6954859
6955219
6955831
6956263
6957127
6958099
6958207
6958243
6958891
6959287
6959863
6960799
6961231
6961447
6961699
6961879
6962311
6962671
6962779
6962887
6963427
6964291
6964471
6964579
6964723
6965047
6965083
6965947
6966523
6967099
6968179
6968503
6968539
6968791
6969619
6970303
6970339
6970879
6971707
6972571
6972607
6972787
6972859
6973003
6973147
6974479
6974623
6974983
6975379
6976243
6976279
6976423
6977251
6977431
6977611
6979267
6980167
6981103
6981211
6981463
6982111
6982147
6982831
6983731
6983803
6984163
6984487
6984559
6985639
6986431
6986647
6986719
6987403
6987511
6987583
6987619
6987907
6987943
6988879
6989419
6989743
6990967
6991363
6991687
6991723
6991903
6991939
6992191
6992407
6993451
6993667
6994171
6994387
6994711
6995179
6995431
6995539
6995683
6996007
6997303
6997663
6997843
6998059
6998419
6998851
6999283
6999463
6999823
7000003
7000219
7001011
7001587
7002451
7002631
7002703
7003207
7003603
7003783
7003999
7005511
7005979
7006627
7007347
7007419
7007563
7007779
7008103
7008319
7008427
7009111
7009291
7009399
7009543
7009867
7011559
7011811
7012063
7013179
7013431
7013863
7013971
7014367
7014583
7014619
7014691
7015699
7016131
7016743
7016887
7017499
7017607
7017823
7018471
7018579
7019119
7019587
7019767
7020487
7020667
7020991
7021711
7022179
7022359
7023043
7023151
7023943
7024123
7024231
7024411
7024987
7025311
7026139
7026391
7026499
7027147
7027759
7028011
7028299
7028407
7028839
7028947
7030063
7030351
7030603
7030783
7031107
7031467
7032583
7033627
7033951
7034023
7034383
7034491
7034779
7034887
7035211
7035463
7035751
7036867
7037587
7039027
7039243
7039531
7039567
7039603
7040179
7040287
7040791
7040827
7041367
7041547
7041871
7041907
7042843
7043203
7043527
7043671
7044211
7044643
7044859
7044931
7045039
7046227
7046803
7047343
7047451
7047739
7047883
7047919
7048207
7048747
7049971
7050583
7051411
7051771
7051879
7051987
7052599
7052707
7053031
7053463
7053679
7054039
7054543
7054687
7054759
7054867
7055407
7056487
7056523
7056631
7056667
7056703
7057027
7057459
7058143
7058251
7058431
7058647
7059727
7060051
7060699
7061167
7061311
7061671
7062427
7062859
7063543
7063723
7064191
7064479
7065559
7065703
7065811
7065847
7066207
7066351
7067611
7068331
7069267
7069663
7069771
7070311
7070347
7070779
7071283
7071499
7072183
7072363
7072399
7074019
7074451
7074523
7075279
7075603
7075819
7076431
7076611
7076827
7077907
7078303
7079203
7079311
7079491
7079707
7080247
7081579
7081903
7082011
7082191
7082227
7083919
7084171
7084459
7084603
7085467
7085971
7086619
7086763
7087807
7087879
7087987
7088671
7088743
7088923
7089319
7089463
7089571
7089931
7090183
7090219
7090651
7091191
7091587
7092919
7093279
7093531
7094611
7094863
7095007
7095079
7095727
7096051
7096339
7096447
7096699
7097131
7097239
7098607
7099039
7099291
7099399
7100479
7100659
7101739
7101847
7102171
7102531
7103611
7103791
7103827
7104583
7105627
7105771
7105843
7106167
7106419
7106707
7106959
7107031
7107211
7109407
7109623
7109659
7109983
7110091
7110379
7110451
7110487
7110559
7110847
7111243
7111603
7112683
7113151
7113727
7113763
7113943
7114087
7114699
7115347
7115743
7116139
7116427
7116679
7116751
7117183
7117291
7118119
7118191
7118443
7118803
7119919
7120423
7120567
7120783
7121071
7121503
7122187
7122691
7122799
7123231
7123591
7124023
7124347
7124527
7124743
7125751
7125787
7126291
7126363
7126507
7127371
7127443
7128307
7128739
7129027
7129207
7129387
7129819
7130251
7131259
7131511
7131583
7134031
7136083
7136443
7137379
7137703
7137847
7138603
7138819
7139323
7139971
7140403
7141051
7141159
7141699
7141807
7141843
7141951
7142383
7142563
7142923
7143319
7143967
7144327
7145191
7145443
7145623
7145731
7145839
7146091
7146379
7146703
7147423
7148287
7149403
7149511
7149691
7149799
7149907
7149943
7150123
7150807
7151707
7151779
7151887
7152031
7152283
7152391
7152499
7152643
7152751
7152823
7153507
7154047
7154227
7154479
7154911
7155091
7155559
7155991
7156063
7156819
7156927
7157107
7157719
7157827
7158367
7158691
7159231
7159303
7159519
7159627
7159699
7159987
7160599
7160743
7161751
7161787
7161823
7162759
7163227
7163407
7163623
7163659
7163731
7163983
7164019
7164307
7164847
7165027
7165387
7165567
7165783
7166143
7166791
7166899
7167151
7167187
7167331
7168159
7168267
7169671
7169887
7169923
7170967
7171111
7171183
7171651
7171939
7172479
7172731
7172839
7172911
7173091
7173559
7173739
7173919
7174639
7174747
7174891
7175323
7175503
7175611
7175647
7176259
7176511
7177267
7177663
7177879
7177987
7178203
7178779
7179607
7179643
7179859
7180039
7180291
7180507
7180543
7180903
7181227
7181479
7181983
7182451
7182883
7183063
7183207
7183531
7183927
7185043
7185187
7185403
7185727
7185907
7186303
7186951
7187599
7188499
7189003
7189867
7190119
7190299
7190479
7190947
7191487
7191703
7192027
7192243
7192459
7192711
7193323
7193971
7194079
7194403
7194727
7195051
7195087
7195411
7195807
7196023
7196887
7197031
7197139
7198579
7199011
7199263
7199407
7199623
7200559
7200703
7200811
7201099
7201279
7201639
7202287
7203187
7203799
7204051
7204699
7204987
7205203
7205347
7205563
7205851
7206103
7206391
7206607
7207831
7208659
7209091
7209199
7209523
7209667
7210207
7210603
7210963
7210999
7212871
7213123
7213303
7213771
7214527
7214959
7215283
7215679
7216471
7216543
7217407
7217731
7218019
7218199
7218451
7218919
7220611
7221079
7221259
7221439
7221547
7221619
7221871
7222591
7223239
7223563
7223707
7224211
7224751
7225579
7225651
7225723
7225831
7226083
7226587
7226839
7227343
7227811
7228567
7228747
7228891
7228999
7229143
7229791
7230043
7230511
7230943
7231771
7231879
7232527
7232671
7232887
7233103
7233607
7234471
7234651
7234831
7235479
7235947
7235983
7236703
7236811
7237207
7237567
7237639
7237819
7238467
7238503
7238863
7239187
7239691
7239979
7240447
7240627
7241491
7241959
7242139
7243111
7244191
7244407
7245307
7245991
7246207
7246243
7246279
7246387
7246819
7246891
7247179
7248223
7249591
7250059
7250239
7250599
7251031
7251823
7252327
7252867
7253263
7254451
7254703
7255099
7255639
7255999
7256287
7256503
7256611
7257907
7258483
7258519
7259347
7259563
7259851
7260067
7260427
7260823
7260859
7261039
7261183
7261291
7261939
7262443
7262659
7263127
7263307
7263343
7263523
7263559
7264171
7264351
7264963
7265287
7266223
7266403
7266979
7267087
7267303
7267627
7268383
7268743
7268923
7269139
7270147
7270579
7270831
7271731
7271839
7273711
7273927
7274467
7274791
7275187
7275403
7275511
7275943
7276699
7278571
7278643
7279003
7279543
7279687
7280263
7280731
7281451
7282027
7282459
7282819
7283071
7283431
7283719
7283863
7284187
7285339
7285483
7285591
7285771
7285879
7286131
7286707
7286779
7287499
7287859
7288471
7289083
7289119
7289587
7290307
7290343
7290631
7290991
7291567
7291819
7292251
7292287
7292359
7293439
7293547
7293763
7293907
7294267
7295059
7295383
7295923
7296571
7297867
7298407
7298443
7298803
7298839
7298947
7299091
7300171
7300243
7300819
7301323
7302079
7302187
7302259
7302331
7302619
7302871
7303159
7303843
7304383
7304707
7304887
7305643
7307299
7307551
7307731
7307803
7308451
7308523
7308703
7308919
7309171
7309639
7309747
7311259
7311583
7312231
7312267
7312339
7313239
7313707
7314499
7315003
7315579
7315687
7316227
7316263
7316587
7317091
7317487
7317523
7317631
7318099
7319071
7319251
7319287
7319791
7319863
7320259
7320403
7320763
7320799
7321231
7321663
7321987
7322023
7322743
7323391
7323931
7324111
7324579
7324651
7325119
7325191
7325407
7325443
7325767
7326271
7327279
7327603
7328359
7328647
7328899
7329187
7329403
7330051
7331059
7332319
7332427
7332751
7333003
7333687
7333831
7334407
7334623
7334659
7334731
7335019
7335379
7335487
7335667
7336423
7336891
7336963
7337107
7337503
7338043
7338367
7338511
7338619
7339051
7339303
7340239
7340527
7340743
7340779
7341067
7341571
7342183
7342507
7342831
7343227
7343587
7344307
7345711
7345963
7346827
7347871
7347943
7348087
7348951
7349059
7349311
7349527
7349959
7350571
7351111
7351219
7351363
7351579
7352083
7352299
7353271
7353811
7354027
7354279
7354891
7354927
7355143
7355323
7356079
7356367
7356403
7356511
7357087
7357411
7357879
7358599
7358887
7359031
7359211
7359463
7359607
7359643
7359967
7360183
7360219
7360723
7361191
7361623
7362559
7363207
7363459
7364611
7364971
7366123
7366159
7366267
7366591
7367023
7367527
7367779
7367887
7367959
7368103
7368967
7369903
7369939
7370227
7370443
7370983
7371451
7372063
7372639
7373287
7373791
7374043
7374151
7374259
7374331
7374691
7375339
7375411
7375447
7375843
7376167
7376563
7376599
7376851
7376923
7377211
7377283
7377463
7377859
7378039
7378219
7378543
7378687
7379083
7379731
7379839
7380271
7380523
7381279
7381711
7381819
7382143
7382467
7383511
7383547
7384087
7384303
7384411
7384591
7384627
7386031
7386319
7386571
7386931
7387147
7387291
7387543
7387759
7388191
7388299
7388371
7388803
7389127
7389451
7389703
7390027
7390459
7390531
7390819
7391071
7391863
7392367
7392403
7392907
7393123
7393663
7394203
7394239
7394419
7395607
7395859
7395931
7396399
7396723
7397911
7398091
7398199
7398343
7398883
7399783
7400683
7400719
7401187
7401367
7401907
7402231
7402519
7402771
7403167
7403419
7403527
7403923
7404247
7404499
7404823
7405903
7406011
7406587
7406947
7406983
7407703
7408171
7408567
7409359
7409863
7410187
7410727
7411483
7411699
7411771
7412239
7412563
7413319
7413463
7413859
7414003
7414219
7414543
7414651
7415371
7415623
7415659
7415803
7415839
7416559
7416991
7417747
7418071
7418539
7419043
7419151
7419187
7419583
7419799
7420339
7420591
7420807
7421131
7421563
7421851
7422211
7422391
7422643
7423363
7423723
7423903
7424119
7425667
7426063
7426099
7426351
7426747
7426963
7427323
7427503
7427611
7427899
7428007
7428151
7428691
7429087
7429843
7430167
7430383
7430707
7431247
7432003
7432147
7432471
7432651
7432759
7433119
7433659
7434703
7435027
7435819
7435891
7436323
7436647
7436899
7436971
7438663
7438807
7439023
7439059
7439347
7439671
7440427
7441003
7441111
7441219
7441831
7441867
7442047
7442119
7442947
7444027
7444243
7444639
7445287
7446079
7446151
7446367
7447051
7447123
7447267
7447303
7447771
7447879
7448059
7448131
7448887
7449643
7450291
7450507
7451551
7452019
7452091
7452127
7452451
7452559
7453063
7453639
7454071
7454467
7454899
7454971
7455223
7455583
7455691
7456231
7456483
7456663
7456843
7457707
7458067
7458211
7458499
7458931
7459471
7459831
7460191
7460731
7461343
7461847
7462243
7462387
7462927
7462999
7463359
7463791
7463971
7464871
7464943
7465483
7466131
7466167
7466959
7467139
7467751
7468183
7468543
7468651
7469083
7469947
7470271
7470703
7470811
7470919
7471099
7471171
7471999
7472323
7472827
7473259
7474123
7474267
7474591
7474807
7475527
7475959
7476247
7476283
7476319
7476499
7476607
7477147
7478479
7478587
7479127
7479811
7480171
7480639
7481107
7481143
7481179
7481359
7481503
7482331
7482583
7483339
7483447
7483843
7484383
7484599
7484707
7484923
7485391
7485571
7485823
7486471
7486867
7487299
7487407
7487839
7488379
7488739
7489171
7489351
7489387
7489567
7489711
7490611
7490647
7490683
7491223
7491403
7491439
7491619
7491763
7491943
7492267
7492519
7492591
7493383
7493491
7493671
7493887
7494679
7495687
7496191
7496299
7496623
7497883
7498459
7498747
7499251
7500439
7500799
7501159
7501339
7501771
7501987
7503211
7503607
7503787
7503967
7504039
7504291
7504507
7505011
7505227
7505587
7505731
7505767
7506847
7507711
7507783
7507963
7508251
7508467
7509043
7510879
7511167
7511563
7511599
7512679
7512859
7513039
7513147
7513327
7514011
7514623
7514659
7515199
7515523
7516351
7516819
7517143
7517899
7517971
7518187
7518331
7518727
7518871
7519123
7519411
7519807
7519987
7520347
7520707
7521859
7522111
7522327
7522579
7522759
7523011
7523083
7523587
7524271
7524343
7524883
7525027
7525423
7526179
7526611
7526647
7527151
7527727
7527763
7528231
7528663
7528699
7529059
7529131
7529923
7529959
7530283
7530463
7530751
7530931
7530967
7532407
7532443
7533199
7533271
7533343
7533451
7533991
7534099
7534603
7535287
7535503
7536583
7536871
7536979
7537087
7537339
7537483
7538203
7538527
7539031
7539283
7540111
7540147
7540219
7540903
7541227
7541299
7541839
7541983
7542163
7543243
7543603
7544143
7544431
7544791
7545079
7545367
7546303
7548031
7548319
7548427
7548571
7548859
7549291
7550047
7550083
7550443
7550731
7550911
7550947
7551343
7551883
7552243
7552351
7552891
7553503
7554583
7554727
7555159
7555879
7557499
7557751
7557787
7557859
7558939
7559011
7559119
7559551
7559911
7560451
7560667
7561063
7561423
7561459
7561531
7562251
7562683
7562827
7563331
7563583
7563979
7564231
7565599
7565671
7565923
7565959
7567039
7567327
7567471
7567867
7568947
7569271
7569631
7569703
7569739
7570063
7570567
7570819
7571323
7571539
7572223
7573051
7573087
7574023
7574239
7574491
7575103
7577047
7577263
7577407
7578271
7578343
7578559
7578811
7579027
7579207
7579279
7579387
7579639
7580071
7581043
7581943
7582123
7582231
7582699
7582807
7582987
7583203
7584067
7584427
7584931
7585363
7585687
7586011
7586191
7586479
7586659
7586767
7587199
7587451
7587739
7587991
7588099
7588279
7588387
7588927
7588963
7589611
7589899
7590223
7591447
7592203
7592383
7593139
7593571
7593823
7594003
7594183
7594399
7594687
7594759
7595227
7595407
7595443
7596091
7597027
7597459
7598251
7598323
7598863
7599079
7599871
7600771
7600807
7601059
7602211
7603111
7603723
7603831
7603903
7604371
7604407
7604659
7604911
7605271
7605379
7605487
7607107
7607827
7608187
7608259
7608511
7608907
7608943
7610131
7610311
7610563
7610671
7611463
7611823
7611859
7611931
7612291
7613803
7614091
7614667
7614847
7615207
7616143
7616179
7616971
7617007
7617151
7617367
7617583
7617763
7618231
7619167
7619419
7620247
7620787
7621399
7621507
7621543
7621903
7622731
7622983
7623163
7623523
7623919
7624027
7624711
7624783
7624819
7625143
7625323
7625899
7626511
7626763
7627591
7629607
7629967
7630111
7630291
7631083
7631191
7631803
7632271
7632379
7632883
7633531
7633567
7633963
7634467
7635079
7635151
7635403
7635619
7636051
7636159
7636339
7636627
7636663
7636771
7636807
7637419
7637779
7638643
7639363
7640263
7640443
7640767
7641883
7642171
7642783
7642963
7643287
7643683
7643899
7644223
7644799
7644907
7645447
7645663
7645843
7645951
7646959
7647319
7647391
7647499
7647571
7647643
7648327
7649443
7650199
7650739
7650847
7650883
7650919
7651603
7651783
7652251
7652647
7653007
7653439
7653691
7653727
7654051
7654411
7654771
7655383
7655779
7656211
7656679
7656787
7657003
7657543
7657723
7658587
7658947
7659019
7659271
7660099
7660207
7660243
7660423
7660711
7660747
7662079
7663267
7664023
7664311
7664563
7664851
7665859
7665967
7666039
7666903
7667551
7667767
7667839
7667911
7668091
7668631
7668667
7668883
7669063
7669171
7669279
7669819
7670827
7671799
7671907
7672123
7672267
7672339
7672879
7673059
7673167
7673383
7673527
7673707
7673959
7674031
7675219
7675363
7675471
7675579
7676803
7676947
7677379
7677811
7678459
7678927
7679467
7679719
7680691
7680763
7681519
7681591
7682383
7682923
7683787
7683859
7684399
7684939
7685047
7686883
7686919
7687963
7688071
7688431
7688503
7689043
7689943
7690159
7690483
7690663
7690699
7691059
7691491
7691743
7691779
7692103
7693039
7693183
7693291
7693327
7693507
7693687
7695343
7695739
7696063
7696747
7697611
7697863
7698007
7698043
7698151
7698259
7699231
7700131
7700419
7700599
7700923
7701247
7701283
7701571
7701607
7701931
7702111
7702687
7703767
7704667
7705567
7706143
7706539
7707043
7707187
7707727
7707943
7708303
7708411
7708627
7709131
7709887
7710247
7711399
7711579
7712587
7712623
7713127
7713163
7713919
7714099
7714207
7714387
7714747
7714891
7714963
7714999
7715611
7715863
7716151
7716187
7716367
7717159
7717231
7717951
7718131
7719211
7719319
7719967
7720039
7720507
7720723
7721191
7721479
7721911
7722163
7722271
7722739
7723099
7723279
7723459
7723783
7724683
7724791
7725043
7726087
7726123
7727059
7727491
7728031
7728067
7728463
7728571
7729003
7729039
7729147
7729363
7729867
7731091
7731523
7732027
7732279
7732567
7733251
7733431
7733647
7733683
7734403
7734799
7734943
7735303
7735699
7735807
7735879
7736023
7737031
7737211
7738867
7739047
7739191
7739587
7739803
7739911
7740091
7740127
7740307
7741099
7741603
7741963
7743079
7743403
7743511
7743727
7744159
7745743
7745851
7746247
7746967
7747039
7747543
7747723
7748011
7748227
7748479
7748551
7748911
7749199
7749559
7751143
7751467
7751503
7751827
7752007
7752223
7752259
7752331
7753303
7754167
7754203
7754347
7754419
7755031
7755283
7755571
7755823
7756687
7757011
7757443
7757551
7757623
7757803
7759099
7759351
7759387
7759891
7760647
7761151
7762627
7763923
7764139
7764247
7764607
7764643
7765003
7765399
7766371
7766587
7766911
7767343
7767559
7767631
7767883
7767919
7768459
7768567
7769287
7769431
7769647
7770151
7770439
7770691
7772131
7772419
7772959
7773319
7773499
7773967
7774183
7774399
7774471
7774939
7776127
7776451
7776631
7777171
7777603
7778611
7779547
7779763
7779907
7779979
7780231
7782067
7782283
7782499
7782823
7783471
7783651
7783723
7784659
7785343
7785487
7786027
7786567
7786927
7788259
7788439
7788619
7788763
7788871
7789627
7790347
7791139
7791247
7792003
7792327
7792651
7792723
7793047
7793371
7793623
7794343
7794379
7794559
7794811
7795423
7795747
7796071
7796179
7796323
7796539
7796611
7797043
7797799
7798411
7798951
7799131
7799203
7800211
7801219
7801471
7801903
7801939
7802299
7802659
7803343
7803451
7803811
7803883
7804099
7804171
7804387
7804639
7805503
7805683
7805719
7806151
7806439
7806979
7807087
7807339
7807771
7808023
7808167
7809211
7809499
7809679
7810039
7810111
7811407
7811911
7812307
7812487
7813027
7813639
7813711
7814251
7814647
7814683
7814791
7815727
7815763
7815943
7816267
7816519
7816843
7817419
7817599
7818067
7818463
7818859
7819111
7819219
7819327
7819831
7820479
7820623
7820947
7821019
7821091
7821487
7821631
7821811
7821991
7822387
7822963
7823071
7823503
7823971
7824907
7825483
7826023
7826887
7827067
7827607
7827823
7828039
7828147
7828291
7828543
7829047
7829551
7829587
7830127
7830307
7830883
7831099
7831279
7831387
7831639
7831783
7831927
7833043
7833151
7833367
7834303
7834447
7834627
7835491
7835959
7836139
7836823
7837003
7837759
7838119
7838731
7838767
7838839
7839379
7840351
7840603
7840783
7840891
7841143
7841719
7841863
7842403
7842511
7842619
7842943
7843051
7843699
7843951
7844059
7844383
7844671
7844887
7845463
7846543
7846759
7846939
7847011
7847299
7847407
7848163
7848559
7849027
7849099
7850431
7850539
7851439
7851619
7852051
7852267
7852987
7853203
7853383
7853887
7853959
7854211
7854607
7854643
7854859
7855399
7856011
7856587
7856911
7857523
7858099
7858639
7858819
7859359
7859791
7860331
7860439
7860691
7861411
7861519
7861807
7861951
7862059
7862131
7863067
7863391
7863931
7864147
7864471
7864867
7864903
7865083
7865551
7865623
7865983
7866091
7866307
7866847
7867351
7867891
7868431
7868647
7869871
7870699
7871707
7871887
7872103
7872283
7872679
7873183
7873399
7873507
7873651
7874011
7874047
7874407
7874479
7875163
7875451
7875667
7875739
7875919
7876567
7877179
7877323
7878043
7878511
7878763
7880239
7880347
7880671
7881499
7882003
7882111
7882183
7882471
7882939
7883047
7883191
7883443
7883587
7883983
7884127
7884559
7885099
7885819
7885963
7886287
7887151
7887511
7887871
7888411
7888987
7889059
7890067
7890787
7891651
7891867
7892299
7892659
7893091
7893631
7893883
7894207
7894387
7895611
7895791
7895827
7896547
7896871
7896979
7897411
7897807
7898203
7898239
7898887
7899211
7899319
7899751
7900363
7901119
7901191
7901371
7901407
7901947
7902019
7902163
7902343
7903531
7903891
7903999
7904683
7904719
7904863
7905151
7905727
7905979
7906267
7906771
7906807
7907131
7907167
7907527
7907563
7907671
7908463
7908499
7909183
7909399
7909507
7909939
7910263
7910443
7910803
7911523
7912171
7912279
7912603
7912819
7913071
7913179
7913251
7913467
7913683
7914547
7914871
7915051
7915087
7915987
7916059
7916707
7916851
7916959
7917067
7917967
7918543
7919227
7919299
7919731
7920091
7920559
7921351
7921819
7921891
7923079
7923187
7923763
7925347
7926463
7926643
7926967
7927327
7928191
7928407
7928587
7928623
7929343
7929703
7930243
7931179
7931611
7931719
7931863
7932151
7932259
7932403
7932619
7933591
7933771
7934239
7934527
7934959
7935463
7936183
7936723
7937263
7937659
7937983
7938127
7938991
7939171
7939279
7939963
7940503
7940971
7941547
7942267
7942303
7942411
7942447
7942663
7943059
7943599
7944067
7944787
7945687
7946119
7946479
7946839
7946947
7947091
7947271
7947739
7948063
7948279
7948999
7949143
7949647
7949791
7950403
7950511
7950871
7950979
7951807
7952599
7953247
7953427
7953679
7953787
7953931
7954003
7954543
7955083
7955191
7955911
7956379
7957351
7957423
7957531
7959187
7959583
7959799
7961131
7961347
7961563
7961959
7962499
7962607
7962751
7962859
7963003
7963723
7965091
7966207
7966279
7966603
7966747
7966927
7968007
7968043
7968151
7968871
7969771
7970203
7970491
7971031
7971679
7971787
7972183
7972291
7972579
7972687
7973227
7973443
7974919
7975027
7975063
7975351
7976359
7976611
7977043
7977187
7978519
7978699
7979131
7979599
7979779
7980031
7980319
7980751
7980859
7981327
7981867
7982083
7983307
7983919
7984027
7984387
7984891
7985287
7985323
7985431
7985647
7986259
7986619
7987051
7987123
7987591
7987663
7987699
7988527
7988599
7989067
7989427
7989463
7990183
7990471
7991047
7991119
7991803
7991839
7992343
7992739
7993207
7993423
7993459
7994071
7994827
7995907
7996231
7996519
7996591
7996843
7996951
7997203
7998139
7998643
7998967
7999759
8000119
8000407
8000947
8000983
8001739
8001811
8002243
8003143
8003251
8003539
8004079
8004511
8004547
8004979
8005483
8005519
8006347
8006563
8007211
8007319
8007463
8007859
8008327
8008831
8008867
8010487
8011207
8011747
8011891
8011999
8012107
8012143
8012359
8012863
8013043
8013259
8013403
8013619
8013727
8013799
8013871
8014663
8014807
8014987
8015167
8015311
8016139
8016643
8017579
8017903
8017939
8018047
8018443
8019091
8019307
8019667
8020423
8020783
8020963
8021323
8021359
8021647
8022151
8022367
8023231
8023627
8023663
8024383
8024743
8024959
8025067
8025679
8026327
8027011
8027191
8027659
8027839
8028019
8028343
8028703
8028739
8028919
8029243
8030683
8031007
8031187
8031619
8031763
8031943
8031979
8032303
8032807
8033167
8033383
8033491
8034031
8034787
8035003
8035759
8035939
8036299
8036947
8037163
8037559
8037919
8038027
8038531
8038783
8039107
8039431
8039539
8039971
8040583
8040727
8041771
8041879
8042059
8042239
8042563
8042959
8044291
8045047
8045659
8046523
8046631
8048071
8048179
8049403
8049871
8050267
8051167
8051203
8051851
8052823
8053147
8053219
8053363
8053543
8053651
8053687
8054407
8054551
8054659
8054731
8055379
8055703
8055811
8056567
8057143
8057323
8057359
8058403
8058439
8058511
8058691
8059087
8059267
8059879
8060383
8060491
8060671
8060779
8061103
8061679
8061787
8062003
8062183
8062399
8062507
8062651
8062867
8063191
8063371
8063911
8064127
8064271
8064883
8065243
8065711
8065819
8066287
8067259
8067511
8067727
8068447
8068771
8069671
8069779
8070067
8070319
8070463
8070859
8070967
8071363
8071507
8072551
8072983
8074207
8074351
8074747
8074783
8075827
8076727
8076799
8078491
8078527
8078923
8079679
8079787
8080147
8080651
8080759
8080903
8081299
8081659
8081839
8082199
8082379
8082631
8083063
8083711
8084647
8084863
8085043
8085331
8085439
8086411
8086591
8086627
8086843
8087059
8087239
8087383
8087707
8088211
8088247
8088679
8089219
8089327
8090083
8090911
8091703
8091991
8092963
8093611
8094259
8094547
8095231
8095807
8096203
8096779
8097319
8097643
8098291
8098687
8098903
8098939
8099011
8099659
8099731
8100343
8100487
8100667
8101747
8102323
8103439
8103547
8103763
8104123
8104231
8105059
8105491
8105563
8105599
8106391
8106463
8106751
8107003
8107903
8108083
8108731
8109091
8109163
8109307
8110387
8110639
8110783
8111287
8111791
8112367
8112619
8113843
8114059
8114203
8114383
8114707
8114851
8115463
8116219
8116399
8116543
8117119
8117479
8117839
8117947
8118343
8118883
8118919
8118991
8119567
8120071
8120179
8120683
8121079
8122339
8123779
8123851
8123959
8124247
8124499
8124643
8125363
8126263
8127127
8127451
8127811
8127883
8128063
8128243
8128819
8129683
8130007
8130547
8130583
8131051
8131807
8132491
8132923
8133031
8133247
8134003
8134363
8134543
8135011
8135191
8135443
8135839
8135947
8135983
8136091
8136307
8136343
8136487
8137027
8137387
8137783
8137819
8138107
8138323
8138467
8138539
8138863
8139331
8139403
8139871
8140051
8140519
8140771
8140843
8141059
8141527
8142247
8142751
8143651
8143687
8143939
8144011
8144083
8144263
8144803
8144839
8145811
8145919
8146423
8146639
8147323
8147611
8147647
8147863
8148079
8148367
8149483
8149591
8149663
8149699
8150383
8150419
8150743
8150851
8151139
8151427
8151607
8151751
8151859
8152363
8152471
8152579
8153011
8153083
8153371
8153479
8153731
8154019
8154199
8154631
8155531
8156179
8156251
8156359
8157223
8157979
8158879
8159383
8159419
8159563
8159743
8159923
8160931
8161579
8161687
8161831
8161903
8162299
8162983
8163271
8163487
8163739
8164027
8164567
8164603
8165107
8165323
8165359
8165467
8165539
8166007
8166079
8166331
8166439
8166943
8167087
8167267
8167483
8167699
8168023
8169247
8169463
8170471
8170507
8170831
8171263
8171479
8171803
8172487
8172559
8172919
8173351
8173567
8173783
8173927
8174107
8175367
8175619
8176159
8176411
8176699
8176843
8177131
8177311
8178427
8179579
8179903
8180119
8181091
8181127
8182387
8182639
8182819
8182891
8183503
8183827
8183899
8184151
8184367
8184727
8184907
8185123
8185159
8185231
8185951
8186419
8186743
8186851
8187247
8187463
8188723
8189119
8189227
8189443
8190487
8191279
8191387
8191423
8191783
8191819
8192143
8193079
8194159
8194519
8194951
8195059
8195347
8195779
8195923
8196031
8196247
8196967
8197003
8197507
8198083
8198191
8198371
8198587
8199271
8199343
8199379
8199703
8199883
8200459
8201071
8201647
8201971
8202043
8202907
8203267
8203339
8203483
8203771
8203879
8204239
8204527
8205103
8205391
8205643
8205931
8206039
8206183
8206831
8207047
8207587
8207767
8208091
8208199
8208883
8208919
8209099
8209171
8209891
8210179
8210647
8211043
8211331
8211367
8211583
8211871
8212879
8212987
8213059
8213311
8213743
8213851
8214571
8215327
8216407
8216731
8216983
8217091
8217199
8217271
8217379
8217523
8217631
8218027
8218207
8218351
8218783
8219899
8220691
8220727
8220799
8221267
8221627
8222059
8222239
8222419
8222491
8222779
8222923
8223499
8223679
8223967
8224219
8224291
8224543
8224831
8225407
8225551
8225731
8225947
8226271
8226451
8227207
8227423
8228071
8228827
8228863
8229079
8229187
8229619
8230447
8230483
8230879
8231239
8231347
8231779
8231887
8233039
8233723
8234119
8234587
8234803
8234839
8235091
8235163
8235631
8235883
8236027
8236099
8236387
8236603
8236999
8237071
8237287
8237323
8237683
8238151
8238619
8239303
8239411
8239447
8239519
8239771
8239843
8239879
8240383
8241139
8241391
8242363
8243227
8243731
8243947
8244631
8244811
8244883
8245243
8245711
8245747
8245927
8246143
8246467
8247763
8248663
8249023
8249383
8249599
8249707
8250103
8250643
8250751
8250787
8251039
8251219
8251651
8251723
8252371
8252623
8253199
8253703
8253991
8254747
8254963
8255179
8255323
8255647
8256403
8256511
8256691
8256727
8256907
8257987
8258203
8258743
8258959
8259067
8259499
8260039
8260723
8260939
8261263
8261443
8262019
8262343
8262379
8262559
8263063
8263531
8264467
8264899
8265979
8266519
8267167
8267383
8267851
8268031
8268067
8268283
8268499
8268607
8268679
8268823
8269399
8269687
8270047
8270299
8270623
8270767
8270839
8271271
8271811
8272351
8272603
8272711
8272963
8273143
8273467
8273791
8273899
8273971
8274403
8274439
8275303
8276131
8276599
8276887
8276923
8277427
8278111
8278327
8278651
8278867
8279407
8280451
8280703
8281171
8281423
8283043
8283799
8284051
8284231
8284663
8284699
8284879
8284951
8284987
8285023
8285887
8286211
8286283
8287327
8287507
8287723
8287831
8288011
8288479
8289451
8289847
8290531
8290927
8292331
8292367
8292547
8292943
8292979
8293231
8293303
8293339
8293627
8294491
8294707
8294851
8295139
8295607
8295787
8296147
8296219
8296363
8296579
8298811
8299567
8299783
8300323
8300431
8300683
8301547
8301619
8301691
8302159
8303167
8303923
8304103
8305183
8305543
8306407
8306479
8306587
8307919
8308063
8308243
8308891
8308999
8309071
8309503
8309611
8310151
8310691
8311231
8311267
8311519
8311663
8312419
8314183
8314363
8314399
8314507
8314903
8314939
8315731
8315767
8316199
8316307
8316523
8316811
8316991
8317423
8317531
8317747
8318071
8318467
8318683
8319331
8320087
8321527
8321743
8322283
8322679
8323291
8323759
8323867
8324083
8324191
8324227
8324839
8325307
8326027
8326603
8326711
8326963
8327359
8328007
8328511
8328547
8328871
8330239
8330563
8330779
8331571
8331679
8332111
8332327
8332543
8332579
8332651
8332759
8332939
8333047
8333371
8333623
8333803
8333839
8333911
8334019
8335099
8335531
8335567
8337151
8337187
8337619
8338339
8338987
8339131
8339203
8339563
8339599
8339743
8339887
8340967
8341363
8341507
8341831
8342011
8342119
8342407
8343199
8343667
8343703
8344099
8344387
8344927
8346367
8346619
8346799
8346979
8347123
8347303
8347483
8348383
8348671
8349067
8349931
8350831
8351227
8351443
8351983
8353063
8353099
8353459
8353819
8353999
8354107
8354503
8354539
8354683
8354971
8355223
8355367
8355439
8355547
8356591
8357491
8357599
8358247
8358463
8358607
8358859
8359399
8359471
8359831
8360083
8360479
8362027
8362423
8363323
8363431
8364043
8364583
8364691
8365087
8365699
8365807
8366131
8366203
8366959
8367643
8368219
8368291
8368579
8368831
8369227
8369587
8370883
8371063
8371639
8371819
8372467
8373151
8373223
8373583
8374339
8375383
8375527
8376931
8377003
8377111
8377147
8378011
8378407
8378659
8378731
8379271
8379307
8380279
8380927
8382007
8382223
8382727
8383087
8383267
8383483
8383519
8383591
8384059
8384239
8384419
8385103
8385211
8385427
8386291
8386327
8386507
8386759
8387191
8387371
8387839
8387947
8388019
8388451
8388739
8389027
8389063
8389351
8389567
8389603
8389783
8390143
8390287
8390323
8391151
8391223
8392051
8393419
8393887
8394643
8395867
8396371
8396767
8397019
8397091
8397307
8398207
8398387
8398531
8398927
8399719
8400043
8400439
8400979
8401447
8401699
8402311
8402419
8402491
8403067
8403247
8403391
8403931
8404111
8404219
8405227
8406919
8407171
8407387
8407459
8408143
8408971
8409187
8409403
8409439
8409871
8411023
8411059
8411383
8412031
8412139
8412967
8413291
8413543
8413831
8414083
8414479
8414839
8414911
8415991
8416171
8416747
8417503
8418187
8418511
8419231
8419447
8419591
8419987
8420239
8420311
8420563
8420959
8421067
8421823
8422039
8422471
8422723
8422831
8423263
8423803
8424019
8424307
8424667
8424919
8425171
8425279
8425423
8426107
8426287
8426503
8426827
8427043
8428591
8428663
8429167
8429959
8430391
8430427
8430679
8430787
8431327
8431651
8431831
8431903
8433703
8434819
8434891
8434999
8435359
8435431
8435899
8435971
8436367
8436763
8436907
8436979
8437411
8437519
8437879
8437951
8438779
8439103
8439859
8440183
8440291
8441731
8441767
8442559
8442883
8443243
8443531
8444287
8444719
8445079
8445259
8445799
8445907
8446159
8446591
8447311
8447851
8448067
8448463
8448931
8449687
8451019
8451199
8451451
8451739
8451991
8452567
8452603
8453791
8454079
8454403
8454619
8455339
8455411
8455879
8456167
8456419
8456527
8457247
8457499
8458003
8458579
8458651
8458759
8458867
8459119
8459263
8459767
8459911
8460091
8460307
8461279
8461459
8461891
8462323
8463223
8464627
8464699
8465059
8465131
8466103
8466247
8466427
8466859
8467111
8467183
8468371
8468587
8468731
8469127
8469271
8469343
8469379
8469919
8470171
8470531
8470747
8470783
8471503
8471539
8472151
8473051
8473483
8474023
8475067
8475319
8475391
8475823
8475931
8476399
8476723
8477047
8477263
8477587
8477803
8477983
8478523
8478667
8478739
8479171
8479747
8479819
8479963
8480107
8480179
8480683
8481223
8481331
8481511
8481799
8483311
8483743
8483851
8484031
8484283
8484319
8485003
8485219
8485327
8485471
8485579
8485903
8486083
8486119
8486371
8486623
8487163
8487379
8487631
8488027
8488063
8488171
8488531
8488783
8488891
8489251
8490439
8490619
8490763
8491051
8491267
8491663
8493031
8493427
8493967
8494219
8494399
8495407
8495623
8496343
8497639
8497927
8498071
8498467
8498647
8499223
8499367
8499583
8500159
8500699
8500879
8501671
8502103
8502643
8502751
8502787
8502931
8503039
8503147
8504767
8504983
8505127
8505451
8505631
8505667
8506423
8506963
8507071
8507899
8508151
8508547
8508583
8509339
8509987
8510059
8510167
8510527
8510707
8510743
8510923
8511247
8511931
8512111
8512219
8512363
8512759
8513551
8513839
8514523
8515063
8515711
8515747
8515891
8515999
8516251
8516323
8516611
8516863
8516899
8517331
8518051
8518483
8518519
8519491
8520103
8520139
8520427
8520571
8520679
8521003
8521111
8521327
8521759
8521831
8521867
8522047
8522407
8522623
8523091
8523523
8524639
8525071
8525431
8525863
8526403
8526691
8527159
8527231
8527627
8527663
8527807
8528563
8528599
8528671
8529643
8529679
8529931
8530939
8531371
8531407
8531443
8531659
8531911
8532127
8532739
8533531
8533639
8533891
8534467
8535223
8535259
8535403
8537167
8537527
8537959
8538031
8538931
8538967
8539039
8539147
8539903
8540011
8540083
8540227
8540551
8540731
8540839
8541307
8541991
8542243
8542351
8543683
8544079
8545051
8545087
8545699
8545843
8546743
8546779
8547031
8547211
8547463
8548003
8548291
8548327
8549263
8549371
8550379
8550667
8550739
8550991
8551099
8551243
8551351
8551531
8551639
8551783
8551891
8552107
8552287
8553007
8553043
8553187
8553367
8553403
8553619
8553691
8555887
8556319
8556463
8557399
8557723
8558119
8558443
8558479
8558587
8558659
8559559
8559631
8560099
8561107
8561503
8562979
8563123
8563519
8563627
8563987
8564167
8564419
8565031
8565283
8565787
8566003
8566111
8566507
8566543
8569387
8570647
8570827
8570899
8571151
8571403
8571439
8571727
8572339
8572411
8572483
8572807
8573023
8573167
8573239
8574211
8574463
8574571
8574679
8574751
8574859
8575543
8575759
8576947
8577343
8577631
8577883
8577991
8578099
8578567
8578639
8578819
8578891
8579071
8579287
8579503
8580043
8580079
8580151
8580511
8581051
8581267
8581591
8581843
8582023
8582311
8582419
8583139
8584183
8584291
8585803
8585839
8586307
8586559
8586667
8586847
8586883
8587351
8587531
8587963
8588071
8588143
8588719
8589331
8589547
8589871
8590591
8590663
8590951
8590987
8591419
8591599
8592499
8592931
8593147
8593183
8593471
8593759
8594083
8594119
8594227
8594407
8594623
8594659
8595127
8595667
8596387
8596459
8597647
8597683
8597863
8599159
8599519
8600023
8600239
8600491
8601499
8602471
8602543
8603263
8603299
8603407
8603767
8603839
8604487
8604667
8604991
8605567
8605963
8605999
8606179
8606287
8606863
8607043
8607583
8607943
8608591
8608771
8608879
8609023
8609239
8610067
8610607
8610643
8611399
8611723
8611903
8612011
8612119
8612299
8612479
8612731
8613019
8613127
8613559
8613811
8614171
8615287
8615539
8615791
8616043
8616547
8616691
8616763
8617447
8617519
8617627
8618059
8618923
8618959
8619031
8619067
8619859
8620111
8620543
8621047
8621299
8621443
8621551
8621947
8621983
8622307
8622343
8622379
8622487
8622811
8622847
8623423
8623639
8624251
8624323
8624503
8625007
8625187
8626699
8627167
8627527
8628463
8628859
8629003
8629651
8629867
8630119
8630191
8630443
8632423
8632891
8632927
8633431
8633683
8633719
8633971
8634259
8634907
8635663
8635699
8636167
8636239
8636347
8636599
8636959
8637103
8637319
8637427
8638039
8638183
8638219
8638291
8638543
8639011
8639119
8639227
8639443
8639551
8639803
8640559
8640739
8641351
8641603
8641747
8641819
8642467
8643223
8643367
8644231
8644771
8645491
8646247
8646823
8647579
8647759
8648191
8648551
8648839
8649703
8649847
8650027
8650459
8650531
8650927
8651143
8651323
8651647
8651683
8652079
8652187
8652223
8652979
8653591
8653699
8654563
8654959
8656759
8656831
8656939
8658919
8659099
8659243
8659351
8659747
8659999
8660107
8660287
8660467
8660503
8660539
8660863
8661223
8661439
8661727
8661943
8662483
8662987
8663023
8663959
8664427
8665219
8665471
8665939
8667847
8668423
8668711
8669071
8669611
8670007
8670331
8670583
8670943
8671231
8671339
8671447
8671519
8671987
8672239
8672527
8672563
8672707
8673463
8673499
8674543
8674759
8674867
8675767
8676487
8676631
8677027
8677171
8677387
8678323
8678359
8678863
8680267
8680699
8681059
8681131
8681779
8681923
8682211
8682319
8683183
8683723
8684047
8684479
8684947
8685667
8686459
8686567
8686999
8687827
8688583
8688943
8689591
8689987
8690959
8691211
8691391
8691643
8691751
8692687
8693263
8693551
8693767
8693911
8693947
8693983
8694019
8694451
8695207
8695747
8696179
8696251
8697691
8699311
8699419
8699851
8700031
8700283
8700931
8702731
8702839
8703091
8703307
8703379
8703523
8703631
8703811
8704279
8704567
8704783
8705467
8705791
8706007
8706079
8706403
8706547
8706727
8706871
8706979
8707159
8707591
8707843
8707879
8709139
8710687
8711011
8712163
8712307
8712919
8713927
8714107
8714323
8715403
8715907
8716627
8716663
8716843
8717131
8717743
8718103
8718427
8718859
8719903
8719939
8720119
8720227
8720479
8720839
8720911
8721631
8721667
8721883
8722099
8722423
8722711
8723359
8723899
8724223
8724259
8724799
8725987
8726203
8726383
8726671
8726923
8727067
8727283
8727931
8728471
8729767
8729983
8730559
8730847
8730919
8731783
8731819
8732431
8733511
8733547
8733619
8734051
8734519
8734807
8735347
8735563
8736139
8736787
8737039
8737111
8737543
8738047
8738083
8738227
8738263
8738299
8738407
8738659
8739127
8739163
8739667
8739811
8739919
8740531
8740603
8740891
8740999
8741071
8741503
8742187
8742367
8743771
8744419
8744707
8744887
8745031
8745067
8745679
8746723
8746939
8747119
8747407
8748739
8748847
8749207
8749243
8749423
8749927
8750719
8751151
8751367
8751439
8751907
8752231
8752339
8752771
8752987
8753203
8753707
8753743
8754751
8754787
8754931
8755399
8755723
8756119
8756299
8756623
8756659
8756947
8756983
8757379
8757487
8757919
8758171
8758279
8758819
8758891
8759287
8759467
8759899
8760403
8760727
8761303
8761807
8762023
8762671
8763031
8763499
8763571
8763967
8764183
8764507
8764759
8765191
8766343
8766559
8766811
8767243
8767387
8767567
8767639
8767963
8768503
8768647
8769799
8770159
8770771
8771239
8771383
8771599
8772031
8772067
8772427
8773147
8773543
8773579
8773903
8774011
8774047
8774551
8774659
8774803
8775127
8775163
8775199
8775343
8775523
8775631
8776387
8776819
8778043
8778799
8779051
8779879
8780131
8780311
8780383
8780851
8780923
8781859
8781931
8782399
8783191
8783227
8783659
8784343
8784487
8784739
8785171
8785783
8787223
8787763
8787799
8787979
8788267
8788627
8788951
8789203
8790247
8790967
8791327
8791759
8792263
8792911
8793019
8793271
8793307
8793487
8793667
8794351
8794927
8794963
8794999
8796079
8796187
8796583
8796691
8796727
8797051
8797447
8797771
8798131
8798527
8799283
8799607
8800147
8800579
8800903
8801011
8801803
8801983
8802091
8802523
8802883
8803387
8803423
8803819
8804179
8804251
8804539
8804611
8804647
8804683
8806087
8806843
8806879
8807059
8807311
8807419
8807599
8807959
8808139
8808607
8808643
8808859
8809291
8809543
8809687
8810407
8810839
8811163
8811199
8811487
8812099
8812459
8812819
8812891
8813143
8813251
8813683
8813971
8814511
8815591
8815663
8815951
8816347
8817031
8817931
8818507
8819119
8819191
8819659
8819911
8820451
8820919
8821783
8821819
8821999
8822071
8822431
8822647
8823043
8823151
8823547
8823691
8824051
8825239
8825563
8825779
8825851
8826067
8826607
8826787
8826823
8827003
8827111
8827939
8828227
8828371
8828983
8830639
8830711
8831971
8832583
8833519
8833663
8834383
8834779
8835103
8835679
8835823
8836759
8836903
8837011
8837119
8837659
8838199
8839027
8839387
8839459
8839819
8839891
8839927
8840287
8840431
8840467
8840647
8840863
8841043
8841331
8843059
8843563
8843671
8844463
8844859
8845003
8845147
8845327
8845399
8846371
8846659
8846731
8846839
8847271
8847919
8847991
8848027
8848351
8848459
8849287
8849647
8850151
8850187
8851123
8851267
8852203
8853391
8854039
8854579
8855047
8856019
8856487
8857531
8858107
8858287
8859223
8859511
8860231
8860627
8860807
8861779
8862031
8862571
8863147
8863471
8864299
8864767
8865487
8866171
8866567
8866603
8867107
8867323
8867647
8869591
8869771
8869843
8869951
8870383
8870671
8870779
8871139
8871427
8871571
8872219
8872327
8872939
8873047
8873119
8873299
8874127
8875351
8875747
8875891
8876503
8876611
8876863
8876899
8877223
8877727
8878087
8878663
8880211
8880283
8880499
8881039
8881219
8881291
8881363
8882911
8883631
8883883
8885287
8885323
8885647
8885719
8886439
8886799
8887663
8888167
8888491
8888851
8888959
8889031
8889571
8889607
8889679
8890039
8890363
8890543
8890759
8890939
8891191
8891479
8891551
8893243
8893279
8893603
8894107
8894251
8894323
8894647
8895223
8895511
8895727
8896483
8896519
8898031
8898103
8898139
8898283
8898319
8898751
8898787
8898823
8899651
8899831
8900803
8901019
8901307
8901631
8902351
8902567
8902783
8903071
8903179
8903863
8904043
8904079
8904403
8904439
8904691
8904799
8905447
8906239
8907319
8907859
8908147
8908183
8908327
8908363
8908507
8908903
8909731
8909983
8910199
8911531
8912359
8912791
8912863
8913043
8913871
8914771
8914879
8914951
8915167
8915311
8915707
8916067
8916463
8916931
8917219
8917903
8918407
8918947
8918983
8919343
8919451
8920027
8920279
8920423
8920567
8921071
8921359
8921791
8922223
8923087
8923267
8923591
8923807
8924131
8924491
8924887
8925211
8925463
8925643
8925967
8926111
8926147
8927263
8927407
8927623
8927803
8928091
8929567
8929927
8931079
8931367
8931799
8931907
8932447
8932771
8933563
8933671
8933779
8933851
8933887
8934283
8934319
8934463
8934823
8934859
8935039
8935291
8935327
8935363
8935831
8936119
8936371
8936659
8936947
8937451
8937559
8937667
8938207
8939179
8940367
8940979
8941123
8941447
8941519
8941663
8942383
8942851
8943607
8943787
8944291
8944759
8944939
8945191
8945263
8945947
8945983
8946919
8947027
8947063
8947459
8947819
8947891
8948179
8948827
8948899
8949331
8949943
8950087
8950303
8951023
8951563
8951599
8951779
8952067
8952859
8953111
8953723
8954083
8956567
8956891
8957107
8957359
8957539
8958727
8959807
8960167
8960311
8960527
8960851
8961391
8961751
8961859
8962003
8962183
8962579
8963083
8963551
8963623
8963803
8964019
8964379
8965279
8965351
8966179
8966359
8966899
8967043
8967223
8968591
8968879
8968987
8969203
8969347
8969419
8969707
8969923
8969959
8970319
8970499
8970607
8971147
8971471
8972083
8972407
8972839
8972947
8972983
8973163
8973199
8974279
8975539
8975899
8976223
8976403
8976439
8976547
8977303
8977699
8977807
8978239
8978491
8978923
8979211
8979427
8979787
8980003
8980219
8980687
8981191
8981299
8981659
8981839
8982019
8982847
8983027
8983099
8983279
8983423
8983783
8984539
8984611
8984791
8985259
8987023
8987311
8987347
8987383
8987527
8987851
8987959
8988391
8988751
8989399
8989579
8990587
8990803
8991127
8991163
8991559
8991667
8991739
8991991
8992279
8992927
8993143
8993287
8993827
8995267
8995339
8995411
8995447
8995843
8996203
8996311
8996419
8996527
8997463
8997931
8998471
8998579
8998651
8998687
8999047
9000163
9000487
9000703
9001063
9001171
9001243
9001351
9001387
9002107
9002251
9003403
9003583
9003619
9004087
9004231
9004267
9004591
9004627
9005923
9006031
9006859
9007111
9007183
9007291
9007507
9007759
9007939
9008731
9008803
9008911
9009163
9009487
9010207
9010423
9010531
9010891
9011287
9012043
9012187
9012583
9012943
9013231
9013699
9014023
9014059
9014527
9016363
9017227
9017479
9018307
9018703
9018991
9019099
9019531
9020719
9021043
9021151
9021223
9021547
9022627
9022987
9023167
9024679
9024823
9024931
9025183
9025651
9026551
9026623
9026659
9027199
9027307
9028387
9028531
9028891
9028927
9029539
9029899
9029971
9030079
9030943
9030979
9031051
9031303
9031699
9032347
9032599
9032671
9032887
9033859
9034219
9034507
9034651
9034723
9035479
9035839
9035947
9037243
9037747
9037891
9038539
9039691
9039907
9040159
9040231
9041203
9041311
9041563
9042931
9043471
9043687
9043939
9044011
9044227
9045163
9045199
9045559
9045847
9046711
9046819
9047323
9047503
9047611
9048763
9048943
9049519
9049699
9049987
9050203
9050347
9050491
9051139
9052579
9053983
9054091
9055063
9055567
9055927
9056107
9056143
9056431
9057079
9057403
9057439
9057943
9058087
9058267
9058591
9059563
9059887
9059923
9059959
9061111
9062407
9062623
9062839
9063451
9063991
9064423
9064603
9064639
9064999
9065107
9065467
9066367
9066727
9068023
9068131
9069103
9070363
9070687
9071263
9071443
9071479
9071551
9072127
9072199
9072523
9072631
9072991
9073531
9073819
9074467
9074827
9076519
9076663
9077239
9077311
9077491
9077599
9078463
9078607
9078679
9078931
9079867
9081091
9081307
9081559
9081739
9081847
9082243
9083143
9083359
9084079
9084331
9085663
9085987
9086167
9086239
9086563
9086887
9087103
9087931
9088507
9088759
9088903
9089371
9089551
9089767
9089947
9090127
9090703
9090919
9091783
9091891
9092071
9092179
9092647
9093439
9093583
9094123
9094159
9094663
9094807
9095311
9095347
9096499
9096643
9096823
9097147
9097579
9097651
9097867
9098191
9098659
9098911
9099847
9100099
9100459
9100603
9101791
9101899
9102187
9102547
9103771
9103807
9103951
9104167
9105463
9106003
9106039
9106399
9106723
9106759
9107083
9107191
9107731
9108091
9108199
9108487
9109027
9109279
9109459
9109783
9110467
9110971
9111007
9111079
9111331
9111727
9111871
9112483
9112771
9112843
9113059
9113383
9113779
9114607
9114643
9114967
9115399
9115507
9116083
9116299
9116407
9116587
9116983
9117883
9118027
9119251
9119287
9119647
9119863
9120151
9120367
9120403
9120511
9120691
9122023
9122671
9123787
9123823
9123967
9125659
9126379
9126487
9126847
9126991
9127099
9127927
9128503
9128827
9131923
9132031
9132391
9132499
9132931
9133363
9134767
9135199
9135271
9135631
9135703
9135811
9136027
9136063
9136279
9136459
9137539
9137827
9138007
9138439
9139051
9139483
9139519
9139807
9140059
9140167
9140239
9140491
9140563
9140671
9141031
9141751
9142327
9142543
9142723
9142831
9145243
9145351
9145891
9145963
9146539
9146611
9146647
9146971
9147043
9147367
9147727
9147871
9147907
9148267
9148591
9149419
9149527
9149563
9149851
9150139
9150247
9151039
9151183
9151291
9151507
9152587
9153343
9154099
9154927
9154963
9155143
9155611
9155683
9155719
9156331
9156583
9157087
9157123
9157231
9158059
9158167
9158923
9159067
9159247
9159823
9160183
9160219
9160363
9161083
9161839
9162739
9163027
9163243
9163423
9163711
9163927
9164359
9164431
9165007
9165259
9165439
9165511
9165547
9165691
9166231
9167167
9167779
9167923
9168319
9168427
9168463
9169399
9170263
9170299
9171343
9171919
9172531
9172747
9172783
9173071
9173287
9173719
9174043
9174331
9174943
9175123
9176059
9176347
9176887
9177067
9177211
9177319
9177499
9177607
9178723
9178831
9178867
9179011
9179227
9179263
9180019
9181099
9181279
9182287
9182323
9182611
9182863
9183079
9183331
9183439
9183799
9184663
9185311
9185959
9186319
9187039
9187723
9188119
9188299
9188623
9188947
9189091
9189379
9189667
9189703
9190351
9190603
9190711
9190891
9191071
9191107
9191323
9191431
9191647
9191971
9192439
9192511
9192619
9192727
9192763
9193627
9193843
9194023
9194203
9195211
9195427
9195787
9195859
9196183
9196939
9197047
9197623
9197983
9198379
9198487
9198559
9198667
9198703
9199207
9199423
9199891
9200071
9200287
9200431
9200683
9201007
9201151
9201259
9201547
9202051
9202267
9202339
9202447
9202519
9202591
9203671
9203743
9204319
9204859
9205507
9206011
9206479
9206551
9206767
9206803
9206983
9207091
9207307
9208531
9208603
9208783
9208999
9209287
9209467
9209503
9209647
9210259
9210367
9210871
9211051
9211303
9212059
9212491
9212851
9212887
9213571
9214039
9214327
9214363
9214507
9214687
9214759
9215299
9216199
9216523
9216631
9217171
9217207
9217531
9217567
9218323
9218647
9218683
9219079
9219979
9220303
9220483
9220591
9220951
9221131
9221203
9221923
9222247
9223003
9223183
9223939
9224731
9225703
9225919
9226027
9226171
9226207
9226351
9226387
9226531
9226603
9226999
9227611
9228151
9228763
9228907
9229663
9229699
9230203
9230239
9230743
9231427
9231751
9231823
9232147
9232471
9232507
9232579
9233047
9233659
9233767
9234991
9235207
9235531
9235711
9235747
9235819
9235999
9236251
9237331
9237799
9238087
9238303
9238519
9238627
9238771
9239383
9239707
9239887
9241327
9241471
9241579
9242731
9242983
9243307
9243523
9243847
9244351
9244819
9244999
9245251
9245611
9246007
9246403
9247087
9247339
9247519
9247663
9248059
9248347
9248563
9248851
9249103
9249211
9249571
9249967
9251479
9252379
9252667
9252883
9253099
9253243
9253891
9253963
9254611
9255079
9255187
9255511
9255691
9256987
9257023
9257419
9257527
9258391
9258607
9259507
9260263
9260443
9260659
9260803
9261127
9261199
9261559
9261631
9262387
9262567
9262963
9263143
9264007
9264223
9264547
9264979
9265411
9265771
9265843
9266311
9266419
9266527
9267067
9267607
9267679
9267787
9268543
9269119
9269371
9270199
9270307
9270523
9271063
9271279
9271459
9271891
9271963
9272539
9272647
9272863
9272899
9273763
9274051
9274411
9275023
9276247
9276859
9277183
9277327
9277867
9278119
9278263
9278767
9278911
9278947
9279703
9279811
9280099
9281323
9281611
9281647
9281863
9281971
9282151
9282907
9282943
9283159
9283303
9284311
9285391
9285427
9285499
9285751
9286363
9286399
9286507
9287227
9288451
9288703
9289099
9289387
9290467
9290683
9292411
9292627
9292879
9293059
9293419
9293491
9293887
9293923
9294031
9294247
9294463
9294499
9295327
9295543
9295687
9296227
9296407
9296839
9296983
9297091
9297199
9297271
9298243
9298351
9299359
9299431
9299503
9299791
9300079
9300223
9300799
9301807
9301843
9302023
9302131
9302563
9302743
9303031
9303319
9303643
9303859
9303967
9305083
9305299
9305371
9305479
9305623
9306379
9307423
9308323
9309151
9309511
9309691
9309907
9310123
9310267
9310663
9310771
9310879
9312067
9312211
9312643
9312859
9312967
9313687
9314083
9314443
9314551
9314587
9315199
9315343
9315991
9316207
9316243
9316639
9317179
9318511
9318583
9319447
9319627
9320167
9320419
9320851
9321139
9321751
9322219
9322399
9323983
9324199
9324559
9325171
9325243
9327691
9328519
9328591
9329059
9330103
9330427
9330679
9330751
9331111
9331471
9332623
9332803
9333271
9333487
9333739
9334243
9334459
9334639
9334747
9335323
9335503
9335647
9335863
9335899
9335971
9336007
9336079
9336583
9336727
9336799
9337663
9338059
9338311
9338419
9338779
9339391
9339787
9339823
9340147
9340183
9341047
9341443
9341659
9341911
9341947
9342199
9342523
9342559
9342631
9343603
9344431
9345079
9345367
9345547
9345691
9345907
9346087
9346123
9346627
9346663
9346807
9347707
9347851
9348571
9348607
9349111
9349363
9349579
9349651
9350191
9351163
9351379
9351487
9352639
9352711
9353107
9353431
9354187
9354259
9354547
9354619
9354979
9355267
9356059
9356491
9357247
9357571
9357967
9358183
9358399
9358651
9359407
9359587
9359983
9360271
9360451
9361459
9361531
9362107
9362539
9363187
9363223
9363511
9363799
9363943
9364123
9364447
9364483
9364591
9364699
9365599
9366103
9366283
9366859
9367219
9367903
9368119
9368371
9368587
9369307
9369343
9369379
9369559
9369631
9369667
9370063
9370171
9371071
9371107
9371287
9371431
9371683
9371899
9372331
9372367
9372439
9372907
9373087
9373123
9373267
9374311
9374779
9375391
9375571
9376039
9376219
9376363
9377083
9377839
9377947
9378163
9378199
9378307
9378379
9378631
9378703
9379387
9380323
9380359
9381187
9381403
9382159
9382411
9382627
9382699
9383239
9383707
9383743
9383887
9384031
9384967
9385903
9386191
9386731
9386803
9387127
9387379
9387559
9387883
9388891
9388999
9389323
9389431
9389719
9390079
9390151
9390439
9390907
9391771
9392563
9393103
9393427
9394471
9395227
9395479
9396091
9396451
9396559
9397819
9397891
9398251
9398359
9399043
9399151
9399223
9400087
9400519
9401059
9401311
9401419
9403507
9404443
9404767
9404947
9405379
9405667
9406171
9406279
9406711
9406927
9407143
9407467
9407683
9407971
9408043
9408331
9409591
9409663
9409879
9410347
9410563
9410671
9410923
9411967
9412471
9412723
9412759
9412867
9413191
9413839
9414271
9414451
9414703
9414919
9415207
9415423
9415531
9416431
9416863
9416899
9416971
9417259
9417367
9417799
9418231
9418267
9418879
9418951
9418987
9419023
9419203
9419419
9420211
9420319
9421039
9421147
9421183
9421471
9421507
9421831
9421903
9422443
9422911
9423847
9423991
9424099
9424243
9424531
9425107
9425503
9425683
9425827
9425863
9426583
9426691
9426727
9426763
9426871
9427051
9427339
9428527
9428779
9428851
9429247
9430363
9430579
9431767
9431839
9432307
9432811
9433027
9433783
9434791
9435079
9435331
9435511
9436087
9436303
9437347
9437599
9437707
9438571
9438679
9439543
9439687
9439723
9440047
9440371
9440407
9441127
9442387
9442567
9442747
9443611
9443719
9443971
9444151
9444403
9444511
9444619
9445339
9445771
9445987
9446131
9447211
9447499
9447679
9447751
9447859
9448399
9448723
9448903
9449191
9449371
9450019
9451423
9452143
9452251
9452431
9452467
9453151
9453979
9455059
9455203
9455419
9456247
9456859
9457111
9458191
9458299
9458623
9458767
9458983
9459091
9459199
9459451
9459523
9460027
9461143
9461251
9461359
9461827
9462511
9462979
9463807
9464023
9464239
9464383
9464599
9464743
9465103
9465427
9465679
9465751
9466111
9466543
9468163
9468271
9468451
9468883
9469027
9469423
9469927
9469963
9470107
9470179
9470647
9470863
9471079
9471403
9471619
9471799
9472123
9472231
9472339
9472447
9472951
9474211
9475399
9475759
9475831
9476119
9476587
9476659
9477667
9478387
9479179
9479287
9479359
9479467
9479791
9480007
9481447
9481951
9482419
9482527
9482743
9483283
9483499
9483571
9484003
9486163
9486199
9486307
9486487
9486991
9487351
9487459
9487711
9487999
9489331
9489763
9489943
9490087
9491023
9491563
9493507
9493651
9494659
9494731
9494839
9494911
9495019
9495487
9496099
9496243
9496783
9497287
9498547
9498583
9498799
9499339
9499807
9500347
9501211
9501391
9501643
9502219
9502687
9503479
9504163
9504307
9504667
9504991
9505063
9505099
9505711
9505927
9505963
9506467
9507259
9507439
9508087
9508123
9509131
9510031
9510607
9510931
9511003
9511111
9511543
9512947
9513199
9513811
9514171
9514243
9514279
9514711
9514819
9514891
9515287
9515323
9515647
9516007
9516187
9516763
9516943
9517483
9517951
9518491
9518779
9519319
9519571
9519823
9520219
9520939
9521191
9521263
9521587
9521803
9522451
9522559
9523243
9523279
9523639
9523783
9525223
9525511
9525799
9525871
9525907
9526051
9526267
9527311
9527347
9527563
9527743
9527779
9528283
9528751
9528859
9530263
9530551
9530803
9531307
9531523
9531631
9532639
9532711
9533071
9533179
9533287
9533683
9533971
9534367
9534439
9534583
9534619
9534871
9534907
9535231
9535627
9535951
9536383
9536851
9537067
9537139
9538759
9539011
9539191
9539407
9539623
9540019
9540523
9540847
9541171
9541243
9541387
9541927
9541999
9542251
9542683
9543403
9543439
9543619
9543727
9543799
9544699
9545167
9545563
9546139
9546247
9546787
9547543
9547651
9548587
9548731
9549451
9549703
9549739
9550207
9550351
9550999
9551287
9552187
9552511
9552871
9552943
9553483
9553879
9553987
9554887
9555103
9555643
9555823
9556147
9556291
9556507
9556579
9556831
9556903
9557479
9557623
9557767
9558379
9558559
9558667
9559063
9559351
9559387
9560359
9561511
9561691
9562303
9562447
9562591
9562627
9562879
9562951
9563599
9564571
9564787
9565219
9565363
9565579
9565867
9566371
9566731
9566983
9567163
9567739
9568171
9568963
9569107
9569251
9569431
9569719
9570007
9570511
9570943
9571483
9571699
9571951
9572527
9573643
9573859
9574219
9574399
9574471
9575299
9576811
9577027
9577747
9577999
9579043
9579079
9579151
9579763
9579907
9580591
9580771
9581023
9581311
9581347
9581419
9581527
9581851
9582319
9583507
9583579
9583687
9584371
9585019
9585091
9585343
9585559
9585847
9586063
9586387
9586747
9587467
9587827
9587863
9588043
9588223
9588367
9588511
9588727
9589123
9590311
9590743
9591931
9592651
9592903
9593011
9593659
9594271
9594379
9594523
9595783
9596287
9596467
9597079
9597547
9598051
9598087
9598627
9598807
9599059
9599131
9599419
9599563
9600103
9600571
9600751
9601219
9602407
9602623
9602731
9602947
9603019
9603163
9603343
9603667
9603883
9604207
9604531
9604963
9605179
9605359
9605647
9605971
9606691
9606907
9606943
9607231
9607879
9608311
9608887
9608923
9609139
9609283
9609319
9610147
9610507
9611011
9611551
9612199
9612523
9612847
9613027
9613063
9613099
9613423
9613963
9614251
9614431
9614791
9614827
9615439
9615763
9616627
9616843
9616987
9617527
9617851
9618391
9618607
9618823
9619219
9619327
9619651
9620119
9621091
9621487
9621883
9621919
9622243
9622387
9622603
9622783
9622891
9623503
9623863
9624691
9624871
9625771
9625843
9626671
9626887
9627283
9627427
9627463
9628111
9628219
9628831
9628867
9628939
9629047
9629839
9629911
9630163
9630559
9630703
9630883
9631243
9631711
9631747
9632179
9632323
9632503
9633187
9633367
9633583
9633691
9634663
9635851
9635887
9636967
9637039
9637363
9637399
9637687
9638011
9638479
9638623
9640639
9642151
9642223
9642583
9642799
9642907
9643663
9643771
9644203
9644707
9644743
9645067
9645499
9645607
9645931
9646003
9646291
9647731
9648307
9648739
9648811
9649027
9649603
9649747
9650287
9650467
9650647
9651979
9652231
9652303
9652411
9652483
9653599
9653923
9654247
9655003
9655651
9655759
9656083
9656551
9656587
9656947
9657091
9657163
9659647
9659719
9659827
9660043
9660691
9660727
9660907
9661159
9661339
9662311
9662383
9662491
9662671
9663319
9663499
9663679
9664183
9664399
9664471
9664579
9664903
9665479
9665587
9665767
9665983
9666091
9666343
9666847
9667279
9667531
9667639
9667711
9667891
9667927
9667963
9668719
9669259
9670123
9670303
9670663
9670987
9671059
9671743
9671923
9672319
9672391
9673219
9674227
9674299
9674551
9674659
9675307
9675811
9676027
9676171
9676243
9678187
9678259
9678439
9678511
9678979
9679627
9679771
9679807
9679951
9680023
9680131
9680491
9682111
9682219
9682759
9683263
9683803
9684019
9684379
9685639
9686647
9687043
9687187
9687367
9687583
9688051
9688699
9689131
9689347
9689419
9690067
9690211
9691111
9691147
9691471
9691543
9691723
9691831
9692047
9692191
9692443
9692803
9693631
9694603
9694639
9695971
9696007
9696367
9696439
9696691
9696763
9696871
9696979
9697411
9697447
9697843
9698527
9698851
9700039
9700111
9700543
9700651
9701551
9701767
9701983
9702307
9702487
9702811
9702919
9703387
9703459
9703567
9703711
9704251
9704899
9705331
9705727
9706087
9706159
9706699
9706843
9707023
9707059
9708247
9708679
9709003
9709111
9709291
9709507
9709543
9709723
9709939
9710263
9710803
9710947
9711019
9711127
9711271
9711307
9711379
9711883
9712459
9712567
9713863
9714511
9715231
9715339
9715663
9715879
9716023
9716383
9716491
9716851
9718039
9718183
9718507
9718651
9718831
9719947
9720523
9720631
9720883
9721423
9721927
9722071
9723331
9723799
9724087
9724411
9725059
9725491
9725707
9725923
9725959
9726391
9726751
9726823
9727219
9727579
9727903
9728443
9728731
9729091
9729163
9729991
9730387
9730711
9731143
9731467
9732187
9732439
9732691
9733159
9733303
9733519
9733699
9734203
9734239
9734887
9735787
9736327
9736651
9737227
9737407
9737587
9738523
9738667
9739243
9739711
9739747
9740503
9740683
9740791
9741367
9742483
9742591
9742879
9743131
9743563
9743779
9743959
9744067
9744391
9744643
9745039
9745831
9746047
9746119
9746551
9746839
9746983
9747343
9747523
9747667
9748423
9748603
9748927
9749251
9749359
9749899
9750043
9750547
9751087
9751447
9751663
9751843
9752167
9752707
9753067
9753787
9754219
9754363
9754471
9754867
9755191
9755299
9755983
9756379
9756631
9757171
9757387
9758143
9758431
9758467
9758971
9759187
9760411
9760591
9761671
9762679
9762859
9763651
9763939
9766531
9766567
9766747
9767431
9767827
9768079
9768799
9769159
9769267
9769303
9769807
9770311
9770707
9770779
9771211
9771319
9771427
9771823
9772039
9772219
9773767
9773983
9774451
9774559
9775027
9775531
9775603
9776971
9777007
9777223
9777259
9777331
9777871
9777979
9778123
9778411
9778843
9779383
9779491
9780031
9780499
9780787
9780931
9781039
9781183
9781867
9782011
9782083
9782551
9782623
9783199
9783703
9783811
9784063
9784459
9785107
9785359
9785683
9785719
9786619
9786727
9787303
9787663
9787951
9788347
9788599
9788887
9789319
9789391
9790003
9790507
9790579
9790831
9791263
9791911
9792271
9792487
9793027
9793099
9793891
9793963
9794107
9794179
9794611
9794647
9794971
9795151
9795259
9795367
9795547
9795727
9796123
9796159
9796447
9797167
9797311
9797383
9797419
9797959
9798211
9798499
9798643
9798823
9799039
9799147
9799183
9799507
9799831
9800767
9800803
9801523
9801811
9802171
9802747
9802963
9804007
9804259
9804547
9804763
9805879
9806383
9806491
9806779
9807751
9807823
9808111
9808399
9809407
9810271
9810847
9811603
9812323
9812611
9813871
9814303
9814843
9815059
9815167
9815383
9815563
9815599
9816571
9817579
9817867
9817903
9818047
9818371
9818947
9819127
9819163
9819451
9819847
9821107
9821503
9822079
9822151
9822187
9822367
9822727
9823267
9824671
9824743
9825391
9825427
9826507
9827011
9827119
9827551
9828127
9829639
9829711
9830719
9830791
9831043
9831259
9831799
9832663
9833311
9833491
9833743
9834283
9835219
9835471
9835543
9835759
9836227
9836767
9836839
9837019
9837631
9837739
9837847
9838207
9838243
9838531
9839287
9840583
9840763
9841087
9841591
9841627
9841771
9842059
9842347
9842383
9842527
9843139
9843571
9843787
9843859
9844687
9845083
9845263
9845623
9845947
9846019
9846163
9846271
9847027
9847099
9847891
9847963
9848107
9848647
9849187
9850627
9851203
9851239
9851419
9851563
9851887
9852391
9852607
9852967
9853399
9854011
9855199
9855451
9856279
9856423
9856531
9856783
9856927
9857791
9857899
9858367
9858547
9858799
9859051
9859123
9859231
9860419
9860707
9860743
9861391
9861571
9861679
9862327
9862579
9862651
9862687
9862759
9863551
9863947
9864091
9865171
9865279
9865711
9865747
9865819
9865927
9867079
9868051
9868699
9868951
9870247
9870859
9871219
9871291
9871327
9871759
9872011
9872047
9872263
9872299
9872371
9872407
9872587
9872623
9873811
9874351
9874531
9874999
9875323
9876079
9876943
9877159
9877267
9878023
9878203
9878527
9878563
9878851
9879391
9879427
9879643
9880183
9880291
9880579
9881119
9881551
9881803
9881983
9882883
9882919
9883351
9883603
9884359
9884467
9884827
9885151
9885583
9885763
9885979
9886339
9886411
9887599
9887851
9888031
9888499
9888787
9889147
9889543
9890011
9890623
9890983
9891307
9891487
9892063
9892891
9893431
9893539
9894007
9894223
9894331
9896167
9896239
9896527
9897211
9897319
9897571
9899947
9900343
9900379
9900487
9900883
9901747
9901783
9901999
9902107
9902359
9902539
9903259
9904231
9904483
9904519
9905419
9905563
9906751
9906931
9908299
9908551
9908911
9909019
9909091
9909667
9909847
9910387
9911287
9911467
9912043
9912079
9912151
9912691
9912979
9915391
9915427
9915679
9916003
9916723
9916903
9917191
9917659
9918091
9918199
9918379
9920467
9920683
9920863
9921619
9922303
9923059
9923383
9923671
9923707
9924463
9924751
9925219
9926083
9926947
9927487
9927667
9927703
9928207
9928783
9928999
9929323
9929719
9929863
9930691
9931447
9931771
9931807
9931843
9932491
9932887
9933103
9933499
9933643
9934039
9934147
9934219
9934363
9934543
9935479
9935587
9936343
9936847
9937063
9937387
9937531
9938143
9938179
9938611
9938647
9938827
9938899
9939583
9939763
9939799
9940771
9941059
9941383
9941671
9941851
9942211
9942391
9942571
9942607
9942931
9943579
9943903
9944191
9945847
9946099
9946171
9946639
9946927
9946999
9948511
9948979
9949123
9949231
9949519
9950383
9951211
9951463
9951751
9952363
9953191
9953299
9954019
9954667
9954991
9955243
9955459
9955783
9955819
9956143
9956503
9957043
9957151
9957187
9957511
9958051
9958591
9959311
9959779
9960211
9960967
9961579
9961723
9962047
9962443
9962767
9962983
9963127
9963739
9963883
9964099
9965359
9965503
9966007
9966223
9966331
9966367
9966547
9966799
9967123
9967987
9969103
9969283
9969571
9970579
9971407
9971839
9972379
9972631
9973027
9973531
9973567
9973819
9974683
9975223
9975331
9975367
9975403
9975547
9975727
9976303
9976591
9976627
9977311
9977887
9978427
9979111
9979183
9979327
9979759
9980911
9981919
9982243
9982747
9982963
9983179
9983287
9983971
9984223
9984619
9985231
9985267
9985447
9985771
9987031
9987391
9987643
9987931
9988291
9988399
9988579
9988939
9989587
9990163
9990307
9990847
9991063
9991603
9991963
9993223
9993871
9994483
9995023
9995527
9995599
9995743
9996067
9996139
9996823
9997219
9998119
9999163
9999271
