7
31
43
79
103
127
139
151
199
223
283
331
379
439
463
499
547
571
607
619
727
739
751
787
859
907
967
1051
1063
1231
1327
1399
1423
1471
1483
1543
1579
1663
1879
1951
1987
2011
2083
2131
2203
2311
2347
2371
2383
2551
2659
2671
2719
2731
2767
2791
2887
3019
3067
3163
3271
3307
3319
3343
3391
3463
3559
3571
3607
3631
3643
3739
3847
3919
3931
4003
4027
4099
4111
4363
4423
4507
4519
4567
4603
4651
4759
4831
4903
5011
5059
5107
5119
5323
5407
5431
5443
5503
5623
5647
5659
5743
5791
5839
6007
6043
6067
6211
6367
6379
6547
6619
6691
6703
6763
6823
6907
6991
7027
7159
7219
7351
7459
7507
7591
7603
7639
7699
7759
7927
7951
7963
8059
8191
8287
8431
8443
8467
8527
8539
8599
8647
8707
8719
8731
8863
8923
9007
9043
9067
9151
9187
9283
9319
9619
9643
9679
9787
9859
9907
9931
9967
10039
10111
10159
10267
10399
10627
10651
10663
10687
10723
10771
10867
10903
10939
10987
11059
11083
11119
11311
11383
11443
11527
11587
11731
11779
11839
11923
11959
12007
12163
12211
12391
12451
12739
12799
12823
12919
12967
13003
13063
13171
13183
13267
13327
13399
13567
13687
13723
13831
13903
13963
13999
14071
14083
14107
14251
14323
14479
14503
14551
14731
14767
14827
14983
15187
15199
15259
15271
15307
15331
15427
15439
15451
15511
15583
15619
15679
15727
15787
16063
16087
16231
16267
16339
16411
16447
16519
16567
16699
16747
16843
16987
17107
17203
17239
17383
17419
17431
17467
17491
17539
17551
17599
17683
17707
17827
17851
18211
18307
18367
18427
18439
18583
18679
18691
18787
18859
18979
19051
19231
19447
19543
19687
19699
19759
19867
20023
20347
20407
20443
20563
20599
20707
20719
20743
20887
20947
20983
21031
21067
21139
21163
21211
21247
21319
21391
21487
21523
21559
21739
22003
22027
22039
22063
22147
22171
22279
22291
22531
22543
22639
22783
22963
23011
23143
23227
23251
23431
23539
23563
23599
23623
23719
23767
23899
23911
24091
24151
24223
24379
24391
24439
24547
24571
24631
24691
24847
24919
24943
24967
24979
25087
25171
25243
25411
25447
25603
25747
25771
25819
25951
25999
26107
26119
26203
26431
26539
26683
26863
27031
27043
27067
27103
27211
27259
27283
27367
27427
27487
27583
27751
27799
27943
27967
28051
28087
28123
28183
28219
28387
28411
28627
28663
28687
28711
28723
28771
28879
29059
29131
29167
29179
29191
29311
29443
29527
29599
29947
29959
29983
30091
30103
30139
30211
30223
30391
30427
30559
30631
30643
30703
30859
30871
31063
31123
31147
31219
31531
31543
31687
31723
31891
31963
32059
32119
32299
32371
32479
32503
32587
32707
32719
32803
32839
32911
32983
33151
33199
33223
33343
33547
33619
33703
33811
33871
34159
34171
34267
34543
34591
34747
34819
34843
34963
35023
35059
35083
35107
35251
35311
35323
35407
35419
35527
35851
35863
35899
35923
36007
36067
36151
36187
36307
36571
36607
36643
36691
36787
36871
36919
36943
36979
37003
37087
37123
37159
37171
37447
37483
37579
37591
37663
37879
37951
37987
38083
38119
38239
38299
38431
38707
38767
38791
38803
38959
39019
39103
39139
39163
39343
39499
39631
39667
39679
39703
39847
40063
40099
40111
40123
40351
40387
40423
40459
40507
40519
40531
40543
40627
40639
40759
40867
40903
40927
41047
41143
41179
41263
41611
41647
41659
41947
42019
42043
42223
42331
42379
42451
42487
42643
42703
42727
42943
42967
42979
43159
43207
43411
43591
43783
43951
44071
44203
44263
44647
44851
44887
44959
44971
45139
45247
45259
45319
45343
45403
45427
45439
45691
45763
45823
46027
46051
46147
46183
46219
46327
46399
46411
46447
46591
46663
46687
46723
46771
46831
46867
47059
47119
47407
47419
47491
47563
47599
47623
47659
47743
47779
47947
48079
48091
48163
48463
48487
48523
48571
48679
48751
48787
48799
48823
48847
48871
48883
48991
49171
49279
49339
49363
49531
49603
49711
49807
49927
49939
50119
50227
50263
50359
50503
50539
50551
50767
50971
51151
51199
51307
51343
51439
51511
51607
51691
51991
52027
52051
52387
52567
52627
52711
52747
52783
52807
52879
52951
53359
53419
53503
53611
53791
53887
53899
53923
54139
54151
54331
54367
54547
54583
54727
54751
54787
54799
54907
55051
55147
55219
55339
55399
55663
55807
55987
56131
56179
56239
56263
56299
56383
56443
56467
56479
56503
56527
56599
56611
56659
56671
56731
56767
56923
56983
57139
57163
57223
57271
57331
57427
57571
57667
57727
57751
57787
57847
57859
58027
58099
58111
58171
58207
58363
58567
58579
58603
58711
58831
58963
59011
59083
59239
59407
59443
59467
59539
59611
59659
59743
59791
59863
60091
60127
60139
60223
60259
60271
60331
60343
60727
60763
60943
61027
61231
61363
61483
61603
61627
61687
61927
62131
62191
62311
62323
62347
62383
62467
62539
62659
62731
62827
62851
62971
63031
63067
63079
63211
63247
63331
63367
63391
63439
63463
63499
63691
63799
63907
64231
64279
64327
64591
64627
64663
64879
64927
65011
65119
65167
65203
65239
65371
65419
65479
65539
65551
65563
65587
65599
65647
65731
65839
65851
65983
66067
66103
66271
66343
66403
66499
66523
66571
66643
66751
66883
66919
67003
67531
67567
67651
67723
67759
67783
67819
67867
67927
67939
68059
68227
68371
68443
68611
68683
68899
68947
69019
69031
69127
69151
69259
69439
69463
69691
69739
69763
69931
69991
70099
70123
70207
70327
70351
70423
70459
70639
70783
70843
70867
70879
70891
70999
71191
71347
71359
71503
71647
71671
71707
71719
71899
71947
71971
72031
72043
72139
72211
72223
72547
72643
72679
72823
72859
72871
72931
73291
73303
73363
73471
73483
73699
73771
73951
74047
74131
74167
74203
74287
74311
74383
74527
74707
74719
74731
74779
74887
74923
75211
75307
75511
75571
75703
75787
75883
75931
75967
76003
76039
76099
76147
76159
76387
76423
76471
76507
76603
76819
77047
77191
77263
77323
77359
77419
77479
77551
77647
77659
77719
77863
77983
78163
78307
78367
78427
78487
78511
78583
78691
78979
79063
79159
79231
79423
79627
79699
79843
79903
79987
79999
80071
80107
80239
80251
80287
80347
80527
80683
80779
80863
80923
81031
81043
81223
81283
81343
81463
81547
81619
81883
81943
81967
82039
82219
82267
82279
82483
82507
82591
82651
82723
82759
82939
83023
83047
83059
83071
83227
83299
83311
83383
83407
83443
83563
83791
83911
83983
84067
84163
84199
84211
84223
84247
84307
84391
84463
84499
84631
84691
84859
84919
84967
84991
85027
85147
85411
85531
85639
85819
85843
85903
85999
86011
86083
86143
86179
86263
86311
86323
86371
86491
86539
86587
86599
86719
86851
87187
87223
87523
87547
87559
87583
87691
87739
88339
88411
88471
88591
88747
88807
88843
88951
89371
89443
89491
89563
89599
89899
89959
90031
90067
90187
90199
90247
90271
90379
90403
90439
90499
90583
90619
90679
90703
90787
90907
91159
91183
91291
91303
91591
91711
91807
91867
91939
92083
92119
92203
92227
92347
92383
92419
92479
92551
92647
92671
92683
92767
93103
93199
93283
93307
93319
93463
93523
93607
93703
93739
93811
94063
94291
94327
94399
94483
94531
94543
94603
94651
94687
95071
95083
95107
95143
95191
95203
95287
95467
95707
95731
95791
95803
95947
95971
96079
96199
96223
96259
96643
96667
96703
96739
96763
96799
96847
96907
96979
97159
97171
97231
97303
97711
97771
97879
97927
98143
98179
98251
98407
98419
98467
98479
98563
98731
98779
98899
98911
99223
99259
99439
99667
99679
99787
99871
99907
100003
100183
100267
100291
100411
100447
100483
100519
100591
100699
101107
101203
101347
101383
101419
101527
101611
102019
102031
102103
102451
102499
102523
102559
102607
102667
102679
102859
102931
103099
103171
103183
103387
103399
103423
103471
103867
103963
104047
104107
104119
104179
104239
104287
104323
104479
104551
104659
104683
104743
104803
104851
104911
104947
105199
105331
105379
105619
105691
105871
105907
105943
106123
106243
106279
106303
106411
106531
106627
106663
106699
106747
106783
107071
107251
107347
107599
107647
107671
107719
107827
107971
108127
108139
108187
108211
108223
108247
108463
108643
108727
108739
108751
108799
108907
108943
108967
109063
109111
109147
109159
109267
109303
109363
109471
109507
109579
109807
109831
109843
109903
109987
110023
110059
110083
110311
110419
110479
110491
110527
110623
110899
110923
110947
111031
111211
111271
111427
111487
111667
111847
112207
112279
112291
112327
112363
112459
112603
112687
112759
112771
112927
112939
113011
113371
113383
113467
113647
113719
113899
113947
113983
114043
114199
114259
114343
114451
114487
114547
114691
114883
115123
115279
115303
115363
115459
115471
115603
115807
115879
115891
115963
115987
116107
116131
116167
116191
116359
116491
116539
116707
116719
116731
116827
116959
117163
117259
117319
117331
117511
117571
117619
117751
117763
117979
118051
118147
118171
118399
118411
118471
118603
118687
118819
118831
118903
119047
119083
119131
119227
119299
119419
119563
119659
119671
119839
119923
120103
120247
120607
120739
120763
120811
120847
120919
121039
121171
121327
121351
121507
121531
121579
121687
121711
121843
121867
121963
122011
122167
122251
122263
122299
122323
122443
122503
122599
122611
122719
122827
122839
123007
123031
123379
123547
123583
123631
123667
123727
123787
123979
124087
124123
124231
124339
124567
124771
124951
124987
125287
125383
125527
125539
125683
125743
125863
125887
125899
125959
126031
126079
126151
126583
126691
126751
126823
126859
126967
127123
127219
127291
127363
127399
127579
127591
127807
127819
127843
127951
128047
128203
128239
128311
128431
128551
128563
128599
128767
128923
128983
129127
129379
129607
129631
129919
129967
130003
130027
130099
130171
130183
130303
130363
130399
130531
130579
130639
130651
130687
130927
131011
131023
131071
131143
131203
131251
131311
131371
131431
131611
131671
131731
131779
131839
131899
131959
132019
132103
132151
132199
132367
132403
132439
132511
132523
132619
132631
132667
132739
132751
132859
133039
133051
133087
133279
133351
133387
133519
133723
133963
133999
134047
134059
134287
134359
134683
134707
134887
135043
135151
135319
135403
135463
135511
135607
135727
135787
135799
135859
136099
136111
136207
136303
136351
136399
136447
136483
136603
136651
136951
136987
137131
137143
137191
137239
137383
137443
137491
137587
137623
137659
137743
137803
137827
137911
137983
138007
138139
138163
138283
138427
138451
138547
138559
138679
138739
138763
138883
138967
139291
139387
139423
139459
139747
139759
139831
139891
139999
140071
140143
140167
140191
140227
140263
140407
140443
140587
140611
140683
140731
140839
140863
140983
141199
141223
141283
141307
141403
141439
141511
141619
141667
141811
142123
142327
142699
142759
142771
142963
143107
143239
143419
143443
143503
143527
143719
143827
144031
144103
144139
144271
144379
144439
144511
144751
144763
144931
144967
145267
145303
145399
145423
145459
145471
145543
145771
145903
145987
146011
146059
146203
146239
146347
146407
146539
146563
146647
146743
146983
147139
147283
147391
147487
147571
147703
147739
147811
147859
148063
148171
148243
148279
148387
148471
148531
148579
148627
148639
148711
148723
149011
149119
149251
149287
149419
149503
149623
149731
149791
149803
149827
149839
149899
149911
150091
150151
150211
150343
150439
150523
150559
150847
150883
150919
150979
150991
151027
151171
151243
151279
151339
151423
151483
151603
151771
151783
151939
152239
152287
152311
152419
152599
152671
152851
152959
153067
153151
153247
153259
153271
153427
153511
153607
153871
154087
154111
154159
154183
154243
154291
154303
154351
154387
154543
154699
154747
154807
155047
155083
155119
155167
155191
155203
155299
155443
155671
155719
155731
155851
155863
155887
156019
156127
156139
156511
156631
156679
156691
156727
156967
157207
157219
157243
157279
157291
157543
157579
157639
157831
157867
158047
158071
158143
158227
158371
158443
158527
158611
158647
158791
158803
158863
159199
159223
159403
159631
159763
159799
160087
160159
160207
160231
160387
160591
160651
160663
160687
160723
160807
160879
161059
161071
161527
161611
161659
161743
161779
161971
162007
162079
162391
162499
162727
162751
162787
162859
162907
163003
163327
163363
163411
163627
163771
163987
164011
164071
164191
164251
164299
164371
164587
164623
164707
164743
164911
165103
165211
165247
165331
165559
165799
165811
165883
165931
166027
166147
166183
166207
166303
166351
166399
166471
166723
166783
166867
167047
167119
167191
167407
167443
167491
167611
167863
167911
167971
168043
168067
168151
168391
168451
168523
168559
168631
168943
168991
169063
169159
169243
169339
169531
169639
169783
169951
169987
170167
170503
170647
170707
170767
170827
170887
170899
170971
171043
171079
171091
171103
171439
171571
171583
171679
171763
171799
172147
172219
172243
172399
172411
172507
172519
172687
172759
172867
172987
173023
173059
173263
173347
173491
173599
173671
173707
173743
173839
173923
174019
174571
174631
174679
174703
174859
174931
175003
175039
175291
175327
175543
175759
175783
175891
175939
175963
176023
176047
176191
176227
176299
176431
176467
176503
176551
176779
176791
176887
176899
177007
177019
177043
177091
177127
177379
177487
177511
177739
177763
177811
177883
177943
177979
178231
178351
178531
178603
178627
178807
178819
178939
178987
179107
179143
179287
179383
179527
179671
179743
179779
179827
179899
180043
180211
180247
180331
180379
180391
180463
180511
180547
180679
180751
180883
181123
181183
181303
181387
181399
181459
181759
181903
182011
182059
182131
182239
182443
182587
182659
182779
182803
182887
183067
183283
183307
183319
183343
183451
183487
183499
183511
183907
183919
184003
184231
184279
184291
184351
184687
184903
185071
185131
185323
185371
185539
185551
185707
185767
185971
186007
186019
186103
186259
186343
186379
186451
186727
186763
186799
186871
186883
187027
187339
187423
187531
187639
187651
187699
187843
187927
187963
188011
188143
188323
188431
188491
188527
188563
188707
188719
188779
188827
188983
189019
189043
189067
189139
189187
189307
189391
189439
189547
189559
189583
189619
189643
189691
189799
189823
189967
190051
190147
190339
190471
190543
190579
190591
190699
190711
190759
190843
191119
191227
191251
191299
191467
191491
191551
191563
191671
191707
191803
191911
192091
192103
192343
192391
192463
192499
192547
192571
192667
192859
192883
192931
192991
193183
193327
193387
193423
193603
193939
194083
194119
194179
194263
194371
194479
194659
194683
194767
194827
194839
194863
194911
195127
195163
195259
195343
195691
195739
195787
195883
195991
196003
196039
196087
196159
196279
196303
196459
196579
196699
196927
197023
197203
197311
197347
197359
197419
197539
197599
197647
197803
197959
198031
198391
198427
198463
198571
198823
198859
198943
198967
199039
199267
199447
199483
199831
199999
200023
200131
200191
200227
200371
200383
200407
200671
200731
200779
200983
201031
201163
201307
201451
201499
201511
201667
201823
201847
202063
202099
202183
202243
202291
202387
202567
202639
202999
203011
203023
203227
203383
203431
203767
203947
203971
204007
204019
204151
204163
204331
204367
204439
204487
204511
204679
204871
205267
205423
205483
205519
205627
205783
205879
206047
206179
206203
206263
206347
206467
206827
206887
206911
206923
207079
207187
207367
207463
207511
207547
207643
207679
207763
207931
207967
208111
208147
208231
208279
208291
208627
208843
208891
208963
209071
209203
209299
209311
209623
209659
209743
209887
209971
210019
210031
210127
210139
210247
210283
210487
210499
210631
210739
210811
210823
210907
210967
211039
211063
211231
211291
211543
211639
211711
211723
211747
211867
211891
211927
212131
212239
212419
212467
212479
212587
212671
212683
212791
212827
212851
213043
213091
213223
213307
213319
213523
213799
213919
213943
214051
214063
214087
214243
214351
214363
214483
214519
214531
214603
214639
214663
214723
214771
214783
214807
214891
214939
214987
215143
215179
215503
215563
215851
215863
215899
215959
216127
216211
216319
216523
216571
216607
216679
216751
216787
216967
217003
217219
217363
217519
217687
217771
218047
218227
218419
218479
218599
218623
218839
218947
219031
219091
219451
219463
219547
219607
219823
219847
219871
219931
219979
220063
220123
220147
220279
220327
220399
220471
220543
220747
220783
220903
220939
221047
221071
221227
221587
221623
221707
221719
221827
222007
222043
222151
222163
222199
222367
222379
222511
222619
222799
222919
222979
223063
223099
223207
223243
223303
223339
223423
223747
223843
223999
224011
224071
224131
224239
224251
224299
224359
224443
224467
224491
224527
224563
224611
224683
224743
224863
224947
225067
225223
225427
225499
225583
225619
225751
225871
225931
225943
226123
226183
226231
226267
226483
226663
226783
226843
226903
227011
227131
227167
227191
227251
227299
227371
227407
227419
227707
227947
228103
228127
228139
228211
228451
228523
228559
228751
229003
229171
229423
229459
229507
229519
229627
229711
229759
229939
230107
230143
230467
230479
230539
230611
230719
230827
231031
231079
231331
231367
231379
231463
231799
231871
231919
231943
232051
232303
232459
232567
232591
232663
232699
232819
232963
232987
233071
233083
233251
233347
233407
233599
233743
233851
234007
234043
234067
234103
234187
234259
234319
234331
234343
234463
234499
234511
234547
234571
234811
234967
234979
235159
235231
235447
235483
235519
235591
235663
235699
235723
235747
235783
235951
236107
236167
236407
236479
236527
236659
236779
236947
236983
237019
237067
237163
237271
237283
237319
237343
237487
237571
237631
237883
237967
238099
238159
238171
238207
238339
238471
238531
238639
238747
239023
239119
239179
239251
239263
239347
239431
239527
239539
239587
239611
239623
239803
240259
240379
240631
240739
240763
240883
240943
241207
241291
241303
241363
241567
241603
241639
241663
241711
241771
241783
241807
241939
241951
241963
242059
242419
242467
242491
242647
242779
242863
242971
243091
243259
243403
243583
243631
243703
243787
243799
244003
244087
244303
244339
244351
244399
244411
244423
244687
244747
244759
244843
245083
245131
245251
245383
245407
245419
245527
245587
245671
245719
245851
245911
245983
246247
246319
246343
246391
246511
246607
246643
246787
246907
246931
247099
247183
247279
247519
247579
247603
247651
247711
247759
247771
247879
247939
247999
248119
248179
248407
248431
248683
248719
248827
248839
248971
249079
249127
249367
249439
249703
249763
249811
249871
250051
250123
250267
250279
250963
251059
251143
251179
251203
251287
251359
251431
251467
251491
251539
251623
251791
251887
251971
252079
252223
252283
252319
252391
252463
252691
252727
253003
253243
253447
253507
253543
253639
253651
253879
254047
254083
254119
254299
254623
254791
255247
255487
255523
255679
255919
256147
256279
256363
256423
256471
256567
256603
256639
256651
256699
256723
256831
256903
257107
257287
257407
257443
257503
257947
258019
258127
258331
258403
258487
258631
258691
258847
258871
258919
259099
259159
259219
259387
259507
259603
259627
260179
260263
260419
260527
260539
260647
260671
260863
261043
261127
261223
261427
261439
261463
261523
261619
261787
261799
262051
262147
262231
262303
262399
262411
262519
262543
262627
262723
263023
263047
263083
263191
263383
263443
263491
263611
263827
263911
263983
264031
264091
264211
264391
264403
264619
264631
264643
264739
264787
264919
264931
265003
265207
265423
265543
265567
265711
265747
265819
265891
266083
266359
266479
266587
266647
266671
266683
266719
266839
266947
266983
267199
267271
267307
267391
267403
267439
267451
267511
267667
267727
267763
267811
267907
268123
268171
268207
268291
268519
268531
268747
268783
268819
268843
268927
269023
269131
269167
269179
269251
269383
269419
269431
269539
269719
269791
269851
269887
269923
270463
270547
270583
270619
270679
270763
270799
270931
270967
271363
271471
271483
271603
271651
271807
271903
271939
272011
272191
272203
272227
272263
272299
272347
272359
272383
272407
272659
272683
272887
272959
272983
273127
273187
273271
273283
273787
273967
274171
274243
274471
274627
274711
274723
274783
274831
274867
275299
275323
275371
275503
275623
275719
275911
276007
276019
276043
276079
276091
276187
276343
276439
276739
276763
276883
276907
276919
277051
277087
277231
277411
277483
277579
277603
277639
277747
277999
278071
278143
278347
278491
278503
278563
278671
278743
278827
279007
279187
279211
279511
279571
279583
279607
279619
279679
279751
279823
280183
280219
280303
280699
280759
280771
280843
280879
280939
281023
281131
281191
281227
281539
281563
281623
281767
281791
281803
281839
281887
281947
281959
282019
282127
282391
282427
282487
282559
282571
282703
282847
282991
283099
283111
283159
283183
283207
283303
283579
283639
283807
283831
284059
284083
284131
284407
284467
284551
284623
284659
284731
284743
284803
284899
285007
285091
285343
285667
285763
285871
286063
286171
286243
286411
286459
286483
286543
286591
286927
286987
287059
287107
287167
287179
287191
287239
287251
287347
287383
287503
287611
287671
287851
287863
287887
288007
288247
288427
288571
288583
288679
288751
288823
288907
288979
288991
289039
289063
289291
289543
289771
289843
290011
290347
290383
290419
290659
290671
290707
290767
290803
290923
290959
291103
291271
291559
291691
292027
292147
292183
292459
292471
292531
292711
292759
292807
292867
293071
293179
293263
293431
293767
293791
293803
293863
293899
293983
294103
294199
294223
294403
294499
294523
294703
294751
294919
294979
295363
295411
295459
295567
295591
295663
295699
295759
295819
295951
296251
296287
296551
296563
296587
296719
296731
296767
296827
297079
297151
297247
297391
297403
297439
297523
297727
298087
298303
298327
298411
298483
298651
298687
298723
299011
299059
299191
299239
299359
299479
299527
299623
300043
300163
300247
300427
300439
300499
300631
300667
300691
300739
300931
301183
301219
301243
301363
301423
301459
301531
301579
301711
301747
301831
301867
301927
301999
302143
302191
302227
302287
302551
302587
302647
302767
302791
302971
302983
303007
303019
303091
303271
303367
303379
303703
303727
303871
303907
304099
304279
304303
304363
304663
304687
304771
304807
304879
305023
305563
305611
305719
305743
305803
305839
305971
306331
306367
306643
306727
306847
306871
306919
307243
307267
307339
307399
307543
307627
307711
307759
307843
307903
307939
308263
308311
308359
308383
308527
308551
308587
308851
309019
309031
309091
309223
309271
309391
309559
309571
309823
310027
310111
310243
310291
310423
310459
310507
310567
310819
310831
310927
311299
311323
311359
311407
311539
311683
311791
311803
311827
312007
312031
312199
312343
312643
312727
312943
312979
313003
313087
313207
313387
313567
313603
313639
313699
313711
313987
314107
314239
314359
314407
314467
314491
314527
314599
314707
314719
314851
315067
315103
315223
315247
315547
315559
315643
315751
315811
315907
315967
316003
316087
316219
316291
316339
316471
316507
316663
316699
316759
316879
316903
316951
317047
317179
317227
317263
317371
317419
317431
317491
317563
317587
317599
317671
317731
317743
317887
317923
317959
317983
318007
318127
318211
318247
318271
318319
318523
318559
318679
318811
318823
318883
319027
319147
319183
319351
319387
319567
319639
319747
319831
319927
320011
320119
320143
320431
320539
320611
320647
320791
320839
320899
320911
321163
321199
321319
321631
321799
321823
321991
322051
322171
322243
322339
322351
322459
322627
322747
322771
322783
322807
322891
322939
322951
322963
323251
323359
323371
323383
323419
323467
323599
323647
323899
323923
324031
324151
324211
324223
324319
324391
324403
324427
324439
324451
324619
324763
324799
324871
325219
325411
325447
325807
325939
326083
326203
326479
326563
326707
326779
326983
327007
327163
327211
327247
327307
327319
327343
327463
327499
327739
327967
328243
328291
328303
328579
328639
328687
328891
329083
329143
329167
329431
329503
329551
329587
329803
329863
329899
329947
330019
330331
330439
330679
330703
330787
330907
330943
331027
331099
331159
331171
331207
331339
331423
331519
331543
331603
331651
331663
331711
331819
331843
331999
332179
332203
332251
332467
332743
332779
332791
332803
332851
333031
333103
333139
333187
333331
333367
333439
333691
333787
334183
334363
334387
334447
334507
334651
334699
334771
334987
335047
335131
335299
335347
335383
335527
335539
335743
336031
336103
336163
336211
336247
336499
336667
336823
337039
337219
337279
337291
337327
337339
337639
337651
337759
337867
337891
338119
338251
338323
338431
338683
338731
338791
338803
338839
339091
339127
339139
339151
339223
339307
339331
339583
339631
339727
339799
339811
339943
340027
340063
340111
340267
340339
340519
340591
340723
340819
340939
341191
341203
341287
341311
341323
341491
341647
341827
342187
342547
342607
342691
342799
342871
343087
343267
343303
343543
343591
343627
343687
343771
343831
343951
343963
344167
344347
344479
344587
344671
344863
344959
345019
345139
345259
345271
345307
345451
345463
345571
345607
345643
345679
345727
345739
345907
346039
346051
346111
346207
346543
346651
346711
346867
346891
346903
346939
347071
347143
347239
347251
347299
347443
347539
347587
347731
347899
347983
348043
348163
348259
348367
348451
348487
348559
348643
348811
348883
348991
349051
349099
349171
349207
349303
349387
349399
349411
349471
349483
349603
349819
349927
350107
350179
350347
350431
350503
350851
350887
350899
350971
351151
351223
351691
351751
351763
351859
351931
352111
352123
352327
352399
352423
352483
352831
352867
353011
353047
353263
353443
353527
353767
353911
354031
354043
354139
354247
354271
354391
354463
354643
354703
354763
354847
355027
355039
355099
355111
355171
355507
355651
355723
355819
355867
355939
356023
356143
356263
356287
356311
356467
356647
356731
356947
356959
357199
357283
357583
357619
357667
357727
357739
357823
358051
358159
358327
358447
358483
358531
358591
358711
358747
358879
358951
358999
359143
359167
359311
359419
359539
359563
359599
359767
359851
359911
360091
360187
360223
360271
360391
360823
361003
361111
361159
361219
361327
361447
361507
361687
361723
361807
361843
361903
362143
362371
362407
362707
363019
363199
363379
363463
363619
363751
363967
364171
364291
364447
364459
364543
364687
364699
364747
364759
364891
365107
365251
365467
365527
365587
365683
365791
365839
366019
366127
366199
366211
366259
366307
366439
366511
366547
366631
367123
367231
367243
367519
367531
367603
367663
367699
367711
367771
367819
367879
368107
368287
368323
368359
368491
368791
368899
369007
369067
369079
369211
369283
369319
369331
369487
369703
369751
369979
370147
370471
370483
370663
370687
370723
370759
370879
370891
371083
371191
371227
371299
371383
371479
371491
371779
371851
372067
372271
372607
372739
372847
373003
373063
373171
373183
373207
373231
373327
373567
373783
373903
373963
373999
374083
374239
374359
374443
374587
374683
374887
375019
375043
375091
375259
375511
375559
375667
375967
375979
376039
376063
376099
376351
376471
376483
376603
376627
376639
376699
376807
376819
376891
376927
377071
377287
377347
377491
377851
377887
378223
378439
378463
378583
378619
378667
378823
379039
379087
379123
379399
379459
379699
379963
380047
380059
380179
380203
380287
380311
380503
380623
380707
380803
380839
381103
381223
381319
381343
381487
381523
381559
381739
381943
381991
382003
382171
382351
382363
382567
382867
383011
383083
383107
383179
383371
383611
383659
383683
383767
383791
383839
384079
384187
384247
384259
384343
384367
384403
384487
384547
384619
384691
384907
384919
385027
385087
385267
385279
385351
385519
385591
385639
385663
385771
385783
385843
385927
386083
386143
386227
386611
386647
386839
386851
387007
387151
387187
387307
387403
387463
387679
387727
387763
387799
387967
388111
388183
388363
388699
388903
389047
389083
389227
389299
389479
389527
389539
389563
389659
389743
389791
389839
389911
389923
389947
390223
390307
390343
390391
390463
390487
390499
390703
390739
390883
390967
391063
391159
391291
391351
391387
391519
391639
391711
391891
391903
391939
391999
392011
392143
392239
392251
392263
392299
392443
392467
392611
392647
392767
392827
393103
393187
393331
393403
393451
393583
393727
393739
393847
393919
394063
394099
394411
394507
394699
394819
394879
394963
394987
395023
395107
395287
395323
395383
395407
395611
395671
395719
395851
395887
395959
395971
396031
396079
396103
396259
396379
396547
396619
396679
396871
396931
396943
397051
397099
397183
397459
397591
397723
397759
397867
397939
398011
398059
398227
398311
398347
398407
398491
398731
398863
399031
399067
399079
399163
399271
399283
399391
399499
399523
399571
399667
399739
400471
400579
400651
400711
400723
400903
400927
400963
401119
401179
401287
401407
401539
401551
401827
401887
402091
402223
402307
402343
402379
402403
402511
402583
402691
402763
402847
402943
402991
403063
403159
403267
403339
403387
403567
403591
403783
404167
404251
404323
404419
404431
404527
404671
404779
404827
404851
404959
405247
405343
405607
405679
405763
406123
406171
406183
406267
406327
406339
406423
406447
406579
406591
406951
407023
407059
407083
407119
407299
407311
407383
407527
407599
407707
407899
407923
407959
408019
408091
408127
408211
408271
408283
408427
408643
408691
408703
408787
409099
409291
409327
409471
409483
409543
409639
409711
409723
409831
409867
409987
410119
410299
410359
410383
410551
410587
410623
410659
410731
411007
411067
411379
411583
411667
411679
411703
411739
411883
411991
412051
412099
412123
412147
412339
412411
412591
412603
412627
412639
412663
412807
412891
412903
412987
413071
413143
413251
413443
413527
413683
413779
413827
413863
413923
414031
414199
414259
414331
414367
414571
414607
414643
414679
414691
414763
415039
415087
415147
415231
415447
415543
415567
415627
415651
415879
416023
416167
416239
416407
416419
416443
416491
416623
416851
416947
417007
417127
417187
417451
417559
417583
417631
417727
417751
417811
417883
417931
418027
418051
418219
418459
418471
418603
418783
418819
418927
418939
419047
419191
419491
419563
419959
420163
420271
420307
420319
420331
420439
420691
420799
421123
421159
421279
421303
421339
421423
421459
421483
421639
421699
421711
421783
421807
422203
422239
422287
422311
422431
422563
422707
422923
423043
423067
423403
423427
423439
423463
423727
423751
423859
423883
423991
424003
424147
424267
424351
424471
424519
424843
424867
424903
425083
425419
425443
425911
425959
426091
426319
426427
426487
426583
426691
426739
426787
426919
427039
427243
427327
427423
427447
427579
427723
427939
428047
428143
428227
428251
428563
428671
428683
429007
429043
429127
429223
429259
429283
429487
429511
429547
429907
429943
429991
430267
430279
430411
430663
430723
430783
430819
430879
430891
430987
430999
431107
431203
431287
431479
431947
432007
432043
432391
432799
432907
432931
433003
433087
433099
433267
433291
433399
433507
433627
433663
433723
433759
434011
434311
434347
434479
434563
434659
434827
434839
434923
434947
435139
435187
435451
435559
435583
435679
435739
435751
435847
435859
436147
436171
436279
436291
436399
436507
436531
436651
436687
436831
436963
436999
437011
437071
437191
437263
437287
437467
437923
437959
438091
438223
438271
438439
438523
438847
438979
439123
439303
439459
439471
439567
439639
439687
439759
439771
439891
440023
440203
440239
440347
440371
440431
440527
440551
440683
440731
440959
440983
441247
441403
441499
441607
441619
441787
441799
441907
442003
442291
442363
442399
442447
442807
442831
442879
442903
442987
443011
443167
443227
443263
443347
443407
443419
443587
443659
443731
443791
443851
443899
444079
444127
444271
444307
444523
444739
444811
444859
444967
445183
445279
445363
445507
445567
445747
445807
446179
446191
446263
446323
446647
446731
446827
446863
446911
447211
447259
447331
447439
447463
447703
447859
447883
447907
447991
448003
448027
448303
448387
448519
448531
448807
448843
448867
448879
448999
449083
449131
449203
449287
449311
449347
449419
449563
449851
449959
449971
450067
450103
450259
450343
450367
450403
450643
450727
450787
450799
450859
450943
451039
451051
451183
451303
451519
451579
451699
451723
451771
451831
451879
451987
452083
452131
452191
452227
452443
452671
452731
452923
452983
453247
453367
453379
453451
453571
453631
453643
453667
453823
453847
453931
453991
454039
454063
454159
454183
454351
454507
454579
454711
454723
454759
454891
455011
455047
455647
455659
455683
455863
456007
456091
456151
456223
456367
456439
456499
456523
456607
456727
456811
456871
456991
457087
457099
457339
457411
457459
457687
457987
458047
458239
458599
458611
458683
458863
458959
459007
459031
459091
459127
459223
459427
459523
460039
460051
460111
460267
460531
460543
460627
460771
460843
460891
460951
460987
461059
461191
461299
461479
461599
461707
461803
461887
462067
462103
462199
462271
462307
462331
462499
462571
462667
462739
463003
463207
463291
463363
463447
463531
463579
463711
463831
463891
463963
464011
464143
464251
464371
464419
464467
464479
464647
464767
464983
465007
465019
465079
465151
465163
465259
465331
465379
465523
465631
465643
465739
465931
466027
466171
466267
466423
466483
466567
466747
466951
467239
467431
467491
467503
467527
467611
467743
467827
467899
468067
468079
468151
468187
468319
468499
468703
468859
468967
469219
469267
469363
469543
469627
469687
469747
470083
470131
470167
470227
470299
470443
470551
470599
470779
470887
470947
471007
471091
471187
471571
471619
471931
472027
472111
472159
472543
472639
472687
472831
472939
473191
473227
473287
473443
473479
473611
473659
473719
473839
473899
473911
473923
474043
474163
474223
474343
474379
474571
474583
474667
474811
475051
475159
475207
475243
475807
475831
475879
475903
475927
476023
476107
476143
476167
476299
476347
476407
476419
476467
476479
476611
476743
476851
476863
476887
477031
477259
477439
477619
477727
477823
478087
478399
478411
478483
478579
478627
478651
478879
479191
479239
479431
479599
479623
479839
479971
480019
480043
480091
480343
480379
480391
480427
480451
480463
480919
480967
481003
481147
481171
481363
481387
481531
481639
481651
481867
481939
481963
482071
482179
482227
482323
482359
482539
482659
482683
482803
482827
482863
482899
482971
483163
483499
483727
484171
484243
484339
484459
484639
484927
484987
484999
485131
485263
485311
485347
485647
485671
485899
485923
486139
486331
486511
486583
486643
486943
487051
487099
487111
487183
487219
487303
487363
487423
487447
487507
487651
487831
487843
488239
488263
488311
488407
488419
488779
488791
489019
489127
489427
489631
489679
489691
489799
489847
490003
490111
490183
490207
490519
490543
490579
490783
490891
491083
491251
491299
491503
491539
491611
491707
491719
492007
492067
492403
492487
492523
492619
492799
492871
492883
492979
493027
493159
493243
493447
493627
493711
493747
493807
494107
494167
494191
494251
494359
494443
494539
494671
494719
494743
494803
494959
495043
495067
495139
495151
495511
495751
495787
495799
495931
495967
496039
496051
496231
496303
496339
496399
496471
496579
496687
497011
497047
497239
497323
497479
497491
497659
497671
497899
498103
498163
498271
498367
498391
498523
498643
498679
498739
498787
499039
499099
499159
499327
499423
499507
499687
499903
499927
500083
500119
500179
500287
500299
500431
500443
500587
500719
500839
500947
501019
501043
501187
501223
501271
501343
501367
501451
501511
501703
502063
502087
502507
502591
502699
502771
502807
502819
503131
503287
503359
503563
503599
503611
503647
503707
503743
503779
503803
503851
503947
503959
504103
504151
504187
504247
504403
504547
504607
504787
504799
504871
504943
504967
505051
505111
505123
505159
505231
505399
505663
505759
505867
506047
506071
506263
506479
506491
506551
506563
506731
506743
506791
506887
506911
506983
507103
507499
507523
507631
507667
507691
507883
507907
507919
508243
508471
508567
508579
508987
509071
509203
509227
509287
509623
509647
509659
509731
509767
509911
510007
510031
510067
510079
510127
510199
510271
510379
510403
510619
510847
510931
510943
511087
511123
511243
511279
511351
511387
511447
511519
511711
511723
511843
511867
511891
511939
511963
512047
512059
512167
512251
512287
512683
512779
512803
512899
512959
513031
513067
513103
513319
513367
513427
513679
513691
513739
513871
513943
514051
514147
514243
514519
514543
514711
514819
514939
515227
515563
515587
515923
516091
516127
516223
516283
516319
516499
516643
516679
516727
516811
516847
516883
516907
516931
517183
517207
517399
517459
517471
517507
517711
517747
517831
517999
518047
518179
518191
518299
518311
518467
518587
518611
518767
518803
519067
519091
519151
519247
519307
519487
519499
519523
519619
519667
519691
519703
519907
520063
520339
520423
520699
520747
520963
521023
521107
521119
521167
521179
521251
521359
521491
521503
521527
521659
521671
521707
521767
521887
521923
522199
522211
522283
522439
522763
522787
522871
522943
523219
523351
523387
523519
523543
523771
523903
523927
523987
524119
524203
524347
524599
524731
524803
524863
524959
524971
525127
525391
525571
525583
525607
525739
525871
526027
526087
526291
526423
526459
526483
526531
526759
527071
527143
527179
527251
527347
527407
527623
527671
527803
527983
528043
528163
528223
528403
528511
528667
528763
528883
528991
529027
529051
529411
529423
529519
529687
529747
529807
529819
529927
530143
530203
530359
530527
530539
530599
530659
530743
530851
531043
531079
531103
531547
531667
531823
531919
532267
532327
532447
532531
532663
532687
532771
532783
532951
533011
533191
533227
533263
533371
533671
533887
533959
533971
534019
534043
534199
534211
534283
534307
534571
534607
534631
534739
534811
534883
534943
535099
535159
535207
535219
535351
535399
535663
535783
535939
535999
536023
536191
536227
536311
536323
536467
536479
536671
536719
536791
536803
536839
536947
536971
537007
537079
537091
537127
537307
537331
537343
537379
537547
537583
537739
537811
537847
537991
538051
538123
538267
538399
538423
538471
538519
538711
538771
538927
538987
539047
539107
539167
539323
539347
539503
539743
539863
539899
540079
540139
540187
540283
540367
540391
540511
540619
540679
540691
540751
540823
541231
541339
541363
541447
541483
541507
541579
541711
541759
541771
541831
541951
541987
542023
542083
542119
542131
542167
542251
542263
542299
542551
542587
542599
542911
542923
542947
543019
543139
543163
543223
543259
543307
543379
543427
543463
543607
543679
543787
543811
543859
543871
543883
544099
544171
544183
544399
544471
544651
544759
544903
544927
544963
545143
545203
545371
545443
545527
545647
545863
545911
546019
546031
546151
546367
546523
546547
546583
546619
546631
546691
546739
546919
547087
547387
547411
547567
547747
547819
547951
547999
548059
548227
548239
548347
548503
548671
548707
548791
548851
549259
549319
549331
549511
549607
549943
549979
550519
550663
550831
550843
550903
550939
550951
551059
551107
551311
551347
551443
551503
551587
551659
551671
551731
551911
551959
552031
552091
552103
552127
552283
552379
552403
552511
552703
552751
552787
552847
552991
553051
553171
553207
553279
553351
553363
553471
553543
553591
553699
553759
553867
554263
554299
554467
554611
554731
554767
554779
554791
554803
554839
554899
554959
555043
555091
555439
555487
555523
555691
555871
556027
556123
556159
556327
556351
556483
556519
556687
556819
556891
556987
556999
557059
557671
557743
557863
557899
558007
558223
558319
558427
558583
558643
558787
558931
558979
559183
559219
559591
559687
559807
559831
559939
560023
560047
560083
560191
560239
560311
560491
560767
560803
561019
561091
561103
561199
561343
561607
561787
562147
562291
562351
562399
562459
562579
562591
562651
562663
562711
562759
562963
563011
563047
563119
563263
563287
563359
563419
563503
563551
563587
563623
563743
563947
564127
564163
564307
564367
564667
564679
564703
564871
564919
564979
565039
565171
565207
565303
565387
565483
565519
565567
565603
565891
566011
566323
566347
566431
566563
566719
566791
566851
566971
567031
567187
567367
567451
567499
567607
567751
567883
567979
568231
568363
568471
568627
568807
568903
568987
569011
569047
569083
569419
569623
569659
569671
569683
569839
569887
570091
570391
570403
570463
570487
570499
570643
570667
570967
570991
571099
571111
571147
571231
571279
571399
571471
571531
571759
571783
571867
571939
572179
572419
572479
572587
572599
572683
572791
572827
573007
573343
573379
573511
573739
573763
573847
573883
574003
574051
574099
574159
574279
574423
575119
575131
575203
575251
575359
575431
575611
575647
575791
575863
575923
576211
576223
576319
576379
576427
576439
576739
576967
577147
577219
577351
577363
577399
577471
577483
577807
577831
577879
577939
578047
578131
578191
578203
578299
578311
578419
578563
578587
578659
578779
578803
578959
579379
579427
579451
579499
579571
579643
579967
580183
580291
580471
580627
580711
580747
580759
580843
580927
581047
581071
581143
581227
581263
581407
581443
581551
581683
581731
581767
581863
581947
582139
582451
582511
582691
582727
582763
583087
583171
583207
583267
583291
583339
583447
583459
583519
583783
583879
584347
584359
584587
584599
584707
584719
584767
584791
584923
585031
585163
585271
585283
585367
585643
585691
585799
586051
586087
586111
586123
586147
586291
586363
586471
586723
586903
587131
587371
587527
587563
587599
587731
587887
587947
587959
587971
588151
588199
588463
588571
588619
588631
588703
589111
589207
589219
589231
589291
589327
589471
589531
589591
589759
589783
590251
590263
590431
590659
590719
590839
590899
590983
591091
591127
591163
591259
591271
591391
591523
591691
591847
592027
592351
592387
592483
592663
592747
592939
593059
593071
593119
593179
593227
593251
593323
593491
593647
593863
594103
594211
594283
594367
594403
594427
594679
594751
595039
595123
595159
595183
595267
595363
595411
595519
595579
595807
595843
595939
595951
596047
596059
596083
596119
596143
596227
596419
596611
596623
596671
596707
596767
596779
596839
596851
597127
597271
597307
597391
597559
597643
597679
597823
597859
597967
598123
598363
598399
598711
598783
598903
598999
599143
599251
599371
599383
599551
599611
599623
599899
599959
599983
600283
600451
600463
600487
600631
600823
600979
601219
601231
601339
601411
601423
601651
601687
601747
601771
601807
601819
602083
602179
602311
602383
602431
602779
602887
602971
602983
603091
603283
603319
603391
603607
603679
603859
603907
604291
604339
604579
604651
604699
604711
604759
604939
605167
605191
605347
605443
605551
605599
605707
605947
606079
606379
606559
606607
606643
606847
606943
607063
607423
607471
607531
607723
607819
607939
608131
608191
608359
608371
608431
608611
608659
608743
608767
608899
608947
609199
609403
609487
609619
609907
609979
609991
610123
610243
610327
610339
610447
610543
610639
610783
610843
610879
610891
611011
611071
611131
611419
611467
611671
611839
612259
612331
612439
612679
612751
612823
613219
613231
613267
613507
613651
613699
613759
613807
613903
614167
614179
614527
614659
614671
614827
614851
614863
614983
615031
615067
615103
615343
615427
615751
615883
615919
616003
616111
616219
616387
616459
616507
616579
616639
616723
616783
617011
617107
617191
617359
617479
617647
617719
617731
617791
617971
618031
618199
618439
618463
618559
618619
618703
618883
618979
618991
619159
619207
619279
619303
619711
619819
619831
619987
620251
620311
620359
620491
620647
620743
621007
621043
621139
621223
621259
621583
621679
621799
621871
622051
622123
622399
622519
622603
622663
622879
623023
623059
623071
623107
623383
623563
623671
623743
623767
623803
623839
623851
623947
624031
624139
624163
624199
624391
624451
624487
624607
624643
624667
624847
625063
625171
625351
625507
625543
625627
625663
625819
625927
625939
626011
626191
626251
626323
626443
626623
626683
626887
626947
627163
627379
627559
627667
627799
627811
627943
628171
628207
628231
628423
628447
628591
628783
628819
629023
629143
629203
629467
629491
629611
629743
630043
630067
630151
630391
630523
630559
630583
630607
630823
630871
630967
631003
631039
631171
631291
631339
631387
631483
631507
631723
631819
631867
631987
632083
632227
632299
632371
632623
632647
632743
632839
632851
632911
632923
633067
633091
633187
633307
633427
633487
633559
633571
633667
633739
633823
633931
633991
634003
634471
634531
634567
634687
634747
634807
634927
634939
635119
635263
635287
635599
635659
635731
636043
636331
636403
636547
636619
636631
636739
636919
637339
637447
637459
637519
637531
637627
637783
638179
638371
638527
638587
638839
638923
638971
639007
639043
639151
639259
639391
639439
639487
639511
639571
639679
640027
640039
640219
640231
640267
640303
640363
640411
640579
640663
640687
640771
641083
641131
641203
641239
641371
641419
641479
641551
641623
641803
641827
641959
642151
642163
642247
642487
642739
642907
643039
643183
643243
643507
643567
643639
643651
643723
643879
643927
644047
644107
644191
644227
644359
644563
644647
644767
644911
645091
645367
645583
645691
645763
645907
645979
646099
646159
646183
646339
646411
646771
646843
646879
646927
647359
647503
647659
647719
647743
647851
648007
648079
648259
648391
648607
648763
648859
649039
649087
649123
649147
649183
649279
649291
649423
649483
649507
649651
649771
649843
649867
649879
650011
650227
650347
650359
650599
650623
650779
650911
651043
651067
651103
651127
651139
651223
651247
651439
651667
652207
652243
652279
652291
652507
652651
652723
652759
652903
652999
653083
653143
653431
653899
654127
654163
654187
654223
654307
654439
654679
654727
654739
654799
654943
654967
655003
655243
655267
655351
655387
655471
655531
655807
655927
655987
656323
656347
656527
656599
656683
656707
656791
656839
656923
656959
657127
657403
657439
657523
657607
657931
658051
658159
658219
658279
658327
658447
658579
658591
658663
658831
659011
659023
659047
659059
659251
659299
659371
659419
659467
659563
659671
659947
659983
660271
660391
660607
660643
660787
660811
661099
661183
661327
661459
661939
662143
662227
662251
662287
662407
662443
662551
662647
662719
662839
662899
662947
663163
663331
663583
663631
663763
663907
664099
664123
664243
664459
664603
664771
664843
664879
665239
665251
665359
665527
665563
665719
665947
666079
666187
666403
666427
666439
666559
666607
666727
666751
666823
666871
667351
667519
667531
667699
667903
667963
668539
668599
668623
669091
669283
669379
669391
669451
669463
669607
669679
669787
670039
670051
670147
670279
670399
670507
670543
670867
670963
670987
671287
671299
671323
671443
671779
671791
671911
671947
671971
672019
672103
672127
672151
672271
672379
672439
672667
672703
672799
672811
672871
672883
672943
673063
673207
673411
673459
673567
673579
673747
674227
674239
674347
674419
674431
674563
674647
674683
674827
674851
675079
675151
675391
675463
675511
675607
675643
675739
675751
675823
675859
675979
676111
676339
676771
676807
676903
676987
677167
677227
677239
677311
677539
677563
677587
677767
677827
677947
677983
678199
678343
678451
678499
678631
678739
678823
678859
679039
679111
679171
679183
679207
679219
679279
679363
679423
679603
679639
679747
679843
679867
679891
680083
680263
680299
680503
680539
680587
680611
680971
681019
681067
681091
681127
681151
681259
681271
681367
681403
681427
681487
681607
681631
681727
681763
681823
681883
681943
682063
682147
682183
682303
682447
682483
682519
682699
682819
683071
683251
683323
683719
683863
683887
683899
683923
684007
684427
684727
684751
685231
685339
685459
685471
685591
685723
686131
686479
686671
686731
686911
687019
687031
687139
687163
687307
687343
687499
687523
687559
687679
687787
687847
688003
688063
688111
688147
688411
688423
688543
688747
688783
688867
688939
688951
688999
689071
689107
689431
689467
689779
689803
689827
690103
690139
690163
690187
690271
690367
690511
690583
690871
690919
691051
691063
691363
691843
691891
692239
692287
692347
692371
692467
692539
692647
692707
692743
693079
693103
693223
693403
693607
693727
693859
693871
693943
694039
694087
694123
694207
694387
694483
694591
694651
694747
694831
694867
694951
695059
695131
695239
695263
695347
695371
695407
695491
695599
695659
695743
696067
696271
696607
696679
696811
696823
696907
696991
697063
697111
697327
697387
697399
697423
697507
697579
697603
697687
697759
697819
697831
697891
698083
698239
698251
698287
698359
698371
698539
698827
698899
698983
699007
699187
699271
699343
699367
699379
699511
699571
699967
700027
700087
700279
700363
700387
700423
700459
700471
700591
700627
700639
700831
701023
701179
701359
701419
701527
701611
701791
701863
702007
702067
702139
702211
702391
702511
702523
702787
702991
703123
703231
703267
703411
703471
703663
703699
703819
703903
704023
704131
704287
704299
704419
704719
704731
704779
704839
704947
704983
705031
705043
705127
705163
705247
705307
705427
705499
705559
705631
705643
705751
705787
705919
706183
706207
706291
706507
706603
706747
706999
707011
707143
707191
707299
707359
707407
707467
707527
707647
707767
707983
708007
708091
708163
708199
708223
708343
708403
708559
708667
708703
708859
708991
709123
709279
709351
709519
709531
709603
709663
709831
709843
709879
709927
709963
710023
710323
710383
710443
710491
710503
710527
710623
710683
710779
710791
710851
710863
710959
711187
711259
711427
711463
711499
711523
711583
711679
711691
711751
711859
712219
712303
712339
712447
712507
712687
712807
712843
712939
713227
713239
713407
713467
713491
713563
713743
714139
714199
714463
714487
714691
714751
714787
714919
714943
715063
715171
715243
715423
715867
715903
715927
715963
715999
716299
716383
716479
716899
717127
717331
717463
717559
717631
717667
717883
717919
717979
718051
718171
718387
718603
718723
718807
718999
719071
719143
719167
719179
719203
719239
719503
719599
719671
719683
719791
719911
719959
720007
720211
720283
720403
720439
720547
720571
720607
720931
720943
721003
721051
721087
721219
721243
721267
721291
721363
721663
721843
721891
721951
722011
722023
722119
722167
722287
722299
722311
722539
722563
722599
722983
723031
723067
723103
723259
723319
723379
723391
723559
723607
723739
723799
723859
723967
724111
724219
724267
724447
724459
724519
724531
724639
724651
724723
724783
724807
724879
724939
725071
725119
725323
725359
725371
725479
725587
725731
725827
725983
726007
726043
726163
726307
726487
726619
726811
726991
727351
727399
727483
727711
727747
727879
728131
728383
728527
728647
728743
728851
728899
729139
729187
729271
729367
729511
729571
729607
729643
729679
729787
729871
729907
729991
730003
730111
730363
730399
730591
730663
730843
730867
731047
731191
731299
731587
731683
731719
731779
731803
731851
731923
732211
732271
732283
732631
732703
732967
733099
733111
733123
733147
733351
733387
733639
733687
733963
734047
734143
734479
734647
734659
734707
734803
734911
734959
734971
735043
735139
735187
735283
735307
735391
735439
735451
735571
735739
735871
736027
736051
736111
736147
736159
736243
736279
736387
736639
736843
737179
737287
737563
738043
738319
738391
738403
738811
738919
739003
739087
739111
739171
739303
739507
739579
739723
739951
740023
740059
740191
740359
740527
740599
740659
740671
741127
741163
741679
741847
741859
741883
741967
741991
742219
742243
742327
742507
742531
742579
742711
742759
742783
742891
742999
743251
743263
743551
743731
743791
743803
743923
744019
744127
744187
744199
744451
744727
744739
744811
745051
745231
745243
745531
745699
745711
745747
745951
746023
746167
746203
746287
746563
746671
746743
746791
747139
747223
747259
747319
747391
747427
747451
747463
747547
747583
747763
748039
748219
748339
748831
748987
749167
749299
749383
749443
749587
749659
749779
749803
749923
750019
750163
750487
750571
750667
750691
750787
751027
751147
751183
751207
751291
751327
751363
751423
751567
751711
751747
751759
751867
751987
752083
752107
752287
752383
752431
752503
752527
752683
752803
752911
753007
753019
753091
753127
753187
753307
753367
753439
753583
753619
753631
753691
753799
753811
753847
753859
753931
753979
754027
754279
754483
754639
754651
754711
754771
754891
755071
755107
755143
755203
755539
755707
755719
755863
755899
756127
756139
756199
756271
756319
756403
756463
756571
756607
756727
756799
757039
757111
757291
757327
757507
757543
757699
757807
757951
758083
758179
758203
758227
758299
758671
758707
758731
758743
758767
758887
758899
759019
759103
759559
759571
759631
759739
760063
760147
760231
760447
760531
760567
760939
761119
761227
761611
761863
762007
762031
762187
762547
762583
762667
762823
762847
762871
763039
763159
763267
763303
763339
763447
763627
763699
763771
763843
763879
763927
764059
764143
764251
764431
764539
764551
764683
764719
764887
764899
764971
765007
765031
765139
765151
765211
765283
765319
765439
765619
765823
765847
765859
765907
766231
766399
766471
766531
766543
766867
767131
767167
767551
767623
767647
767707
767863
768127
768571
768643
768727
768811
768979
769147
769207
769243
769387
769411
769423
769459
769579
769723
769807
769927
769963
769999
770059
770179
770191
770239
770359
770503
770551
770587
770611
770647
770767
770839
770863
770971
771031
771163
771403
771583
771619
771691
771703
771739
771763
772159
772207
772231
772279
772459
772567
772591
772663
772963
772987
773251
773287
773407
773599
773719
773863
774223
774283
774439
774463
774511
774583
774679
774691
774799
774811
774931
775087
775267
775363
775807
775939
775987
776059
776551
776599
776851
776983
777031
777103
777199
777247
777391
777451
777571
777643
777787
777859
777919
778027
778363
778507
778567
778579
778663
778759
778819
778831
778927
779347
779659
779731
779767
779827
779887
779899
779971
779983
780163
780379
780523
780631
780799
781051
781063
781087
781387
781399
781423
781483
781531
781771
781819
781987
781999
782011
782107
782251
782263
782539
782611
782671
782707
782791
782983
783007
783043
783151
783259
783283
783571
783691
783763
783787
783799
783931
784039
784087
784219
784411
784447
784627
784687
784723
784867
784939
785119
785167
785227
785347
785503
785731
785779
785923
785947
786031
786127
786151
786211
786223
786271
786319
786739
786823
786859
787099
787207
787243
787519
787639
787747
787783
787879
787903
787939
787999
788071
788287
788467
788527
788659
788719
788863
788971
789067
789091
789331
789343
789511
789631
789883
789979
790003
790171
790351
790519
790567
790819
790843
790879
791227
791251
791311
791347
791419
791563
791599
791827
791851
791887
791971
792031
792151
792247
792283
792307
792643
792691
792871
792907
793123
793447
793519
793591
793699
793843
793867
793999
794119
794203
794491
794551
794587
794659
794743
794779
794923
795007
795079
795103
795127
795139
795211
795307
795343
795427
795679
795703
795727
795763
795931
796171
796459
796531
796567
796687
796711
796759
796819
796867
797119
797143
797287
797539
797551
797611
797647
797911
797947
798043
798079
798151
798199
798223
798271
798319
798403
798451
798487
798667
798691
798727
798799
798943
799003
799063
799171
799219
799303
799483
799507
799807
799891
800083
800131
800287
800311
800419
800539
800599
800647
800707
800743
800923
800959
801007
801079
801103
801571
801883
802147
802159
802231
802471
802651
802783
802831
802951
802987
803059
803119
803227
803347
803443
803479
803587
803623
803731
804007
804031
804127
804211
804283
804523
804607
804703
804919
805099
805111
805279
805327
805471
805507
805531
805639
805711
805723
805891
806011
806023
806263
806467
806719
806791
806947
807127
807151
807259
807379
807403
807511
807523
807559
807871
807907
807931
808267
808351
808399
808459
808603
808627
808699
808747
808771
809143
809203
809239
809323
809359
809383
809491
809527
809563
809587
809719
809779
809803
810079
810319
810367
810547
810571
810643
810763
810871
810907
810967
811039
811231
811387
811411
811519
811627
811651
812167
812299
812359
812491
812527
812599
812671
813091
813343
813367
813427
813511
813559
813811
813847
814171
814183
814243
814399
814423
814447
814543
814579
814603
814783
814903
814927
814939
815047
815251
815431
815539
815587
815623
815851
816043
816091
816163
816223
816271
816367
816451
816547
816559
816703
816763
816847
816883
816919
817027
817051
817087
817123
817147
817279
817303
817519
817567
817603
817711
818143
818287
818359
818383
818683
818887
819031
819187
819271
819319
819367
819391
819463
819499
819583
819607
819619
819799
819823
819943
820399
820411
820627
820723
820759
821131
821167
821263
821311
821383
821803
822079
822139
822379
822571
822607
822631
822739
822883
823219
823243
823351
823651
823723
823759
823819
824179
824227
824287
824443
824539
824647
824683
824899
824911
824947
825199
825259
825343
825403
825547
825763
825883
825919
825991
826087
826303
826339
826351
826603
826663
826699
826711
826759
826783
826807
826927
826963
827143
827251
827311
827539
827791
827851
827923
828007
828067
828127
828199
828547
828643
828787
828811
828823
828871
828967
829111
829123
829159
829267
829399
829627
829687
829723
829867
829987
830131
830191
830311
830383
830551
830587
830719
830743
830827
830839
830911
830923
831031
831043
831091
831163
831367
831559
831679
831739
831751
831847
831967
832291
832339
832399
832483
832639
832687
832747
832927
832987
833047
833251
833299
833479
833659
833719
833839
833947
834007
834259
834283
834367
834487
834571
834811
834991
835207
835531
835591
835663
835927
835951
835987
836107
836203
836239
836347
836491
836683
836707
836971
837079
837139
837283
837367
837439
837583
837679
837847
837943
837979
838063
838207
838363
838399
838447
838471
838483
838687
838711
838807
838939
838963
839131
839203
839491
839551
839599
839767
839887
839911
839959
840139
840319
840451
840523
840547
840571
840643
840703
840823
840967
840991
841003
841147
841207
841219
841459
841927
842071
842323
842371
842551
842791
842923
843043
843079
843091
843127
843307
843331
843379
843487
843559
843679
843763
843883
843907
844087
844447
844639
844771
844867
844927
844999
845083
845167
845179
845203
845287
845347
845491
845599
845863
845983
846187
846247
846259
846403
846499
846751
846823
846871
846919
847051
847339
847507
847543
848119
848131
848203
848443
848599
848611
848671
848707
848803
848851
848923
849019
849127
849271
849523
849571
849883
849931
849967
849991
850027
850063
850207
850567
850807
850891
851359
851623
851647
851659
851671
851731
851803
851863
851971
852079
852199
852211
852259
852367
852391
852583
852751
852763
852799
852847
852871
853339
853387
853807
853999
854047
854263
854323
854383
854467
854587
854599
854647
854683
854923
855031
855067
855079
855187
855331
855391
855427
855607
855619
855787
856111
856411
856507
856627
856699
856903
856939
857047
857083
857167
857203
857347
857419
857539
857551
857743
857959
858103
858127
858427
858463
858787
858883
858931
859267
859279
859423
859447
859459
859783
859891
859927
859939
860011
860071
860107
860143
860239
860323
860479
860623
860779
860791
860911
861019
861043
861199
861499
861559
861703
861907
861979
862159
862219
862231
862387
862423
862447
862483
862567
862987
863143
863251
863287
863323
863479
863491
863539
863671
863743
863959
864007
864079
864103
864151
864319
864427
864439
864583
864631
864883
864967
864979
865003
865231
865327
865339
865363
865591
865771
865867
866011
866443
866623
866851
867067
867091
867211
867259
867271
867319
867463
867631
867943
867991
868039
868111
868171
868291
868423
868459
868531
868639
868867
868891
868939
868999
869119
869179
869251
869371
869443
869467
869551
869587
869683
869707
869863
869887
869899
869983
870151
870223
870271
870367
870547
870739
870787
870811
870847
870871
870907
870967
871027
871159
871231
871303
871639
871963
871987
872023
872227
872251
872323
872383
872419
872563
872611
872791
872863
872923
872947
872959
873043
873079
873139
873247
873331
873427
873463
873571
873619
873643
873727
873979
874543
874651
874723
874771
874807
874831
874879
874987
875011
875107
875239
875263
875299
875419
875443
875491
875659
875731
875779
875851
875923
875947
876019
876067
876103
876643
876823
877003
877027
877111
877423
877531
877567
877651
877783
877867
877939
878011
878023
878083
878131
878167
878191
878239
878443
878467
878539
878659
878719
878851
879007
879199
879247
879259
879271
879331
879523
879583
879667
879799
879919
880027
880303
880483
880531
880603
880819
880903
881143
881191
881311
881479
881527
881707
881743
881779
881899
882031
882067
882103
882139
882247
882391
882823
882907
882943
882967
883087
883111
883231
883327
883339
883411
883471
883579
883699
883807
884011
884131
884227
884371
884743
884803
885127
885427
885487
885679
885931
885943
885967
885991
886183
886243
886387
886471
886591
886891
887191
887659
887743
887839
887911
888091
888451
888499
888631
888691
888799
888871
888919
889027
889087
889171
889351
889411
889579
889639
889699
889783
889879
889891
889951
889963
890107
890419
890551
890563
890671
890683
890863
890887
891103
891151
891427
891439
891679
891763
891799
891823
891859
891967
892159
892219
892267
892291
892579
892603
892627
892663
892951
892987
893059
893383
893407
893419
893671
893719
893743
893839
894067
894211
894247
894259
894343
894391
894547
894667
894811
894871
895003
895039
895171
895243
895291
895351
895387
895471
895627
895651
895903
895927
895987
896047
896107
896143
896167
896191
896263
896443
896587
896803
896947
896983
897007
897019
897163
897307
897607
897727
897847
897931
898171
898231
898243
898279
898423
898663
898819
898927
898951
898987
899179
899263
899467
899491
899671
899719
899779
899863
900007
900091
900259
900607
900931
901111
901171
901183
901399
901471
901591
901819
901963
902047
902119
902191
902227
902311
902347
902563
902611
902659
902971
903079
903103
903211
903391
903451
903751
903871
903883
903919
903967
904027
904207
904219
904303
904399
904459
904531
904627
904903
904999
905071
905083
905227
905347
905587
905599
905647
905683
905719
905923
906007
906187
906259
906331
906343
906487
906523
906691
906727
906751
906847
906943
907099
907111
907447
907567
907663
907807
907843
907927
908179
908287
908359
908491
908527
908539
908731
908851
908863
909031
909043
909151
909247
909319
909379
909463
909679
909691
909859
910003
910051
910171
910207
910219
910447
910471
910519
910627
910771
911023
911167
911179
911311
911371
911419
911527
911671
911719
911839
911851
911947
912007
912031
912103
912211
912343
912367
912391
912463
912523
912631
912799
912859
913039
913063
913183
913279
913327
913483
913639
913999
914047
914191
914359
914371
914443
914467
914791
914827
914887
915199
915223
915259
915379
915451
915487
915631
915703
915727
915763
915799
915991
916099
916339
916387
916771
916879
917239
917251
917611
917827
917887
917923
917971
918067
918103
918319
918583
919063
919231
919447
919519
919591
919903
919951
920167
920203
920263
920371
920407
920419
920791
921031
921091
921379
921463
921499
921523
921643
921667
921751
921787
921931
922039
922123
922291
922351
922531
923023
923107
923203
923227
923311
923371
923407
923467
923539
923551
923719
923971
923983
924019
924031
924043
924139
924151
924403
924523
924751
924811
925027
925051
925063
925159
925339
925423
925447
925579
925663
925783
925843
925987
926131
926203
926239
926251
926659
926899
927187
927259
927727
927763
927967
928051
928159
928267
928399
928471
928651
928903
929011
929023
929239
929311
929419
929527
929587
929623
929671
929743
930079
930199
930211
930283
930499
930571
930667
930847
930859
930931
931267
931363
931387
931747
931999
932431
932803
932839
932887
933019
933067
933199
933259
933739
933811
933847
933883
933931
933943
933979
934111
934159
934243
934291
934387
934567
934771
934951
935023
935071
935107
935167
935359
935707
935719
935791
936007
936151
936259
936283
936319
936391
936487
936511
936679
936811
936907
936967
937003
937147
937231
937459
937591
937627
938023
938059
938347
938563
938659
938983
939019
939091
939391
939487
939511
939739
939823
939847
939871
939931
940183
940279
940351
940399
940543
940759
940783
940879
940903
941011
941179
941251
941263
941299
941323
941359
941407
941467
941683
941791
941839
941947
941971
942091
942187
942199
942367
942583
942691
942727
942811
942847
942859
943303
943387
943603
943699
943783
943819
943843
943951
944071
944143
944179
944263
944431
944467
944491
944527
944899
945103
945547
945631
945787
945823
945943
946003
946111
946123
946207
946291
946327
946411
946507
946819
947083
947119
947239
947299
947383
947407
947539
947659
947743
947803
947851
947911
947959
948067
948139
948331
948487
948943
949147
949171
949303
949423
949567
949687
949759
949771
949891
949939
950071
950083
950179
950251
950611
950791
950947
951091
951151
951331
951343
951571
951787
951943
952087
952111
952123
952219
952279
952291
952771
952843
953023
953179
953431
953443
953503
953539
953671
953707
954007
954103
954139
954307
954319
954367
954571
954619
954727
954763
954871
954979
955063
955147
955807
955819
955879
955939
955987
956119
956143
956311
956383
956587
957031
957091
957139
957211
957247
957703
957751
957823
957991
958063
958327
958351
958423
958459
958519
958687
958819
958963
959131
959143
959227
959263
959323
959467
959479
959659
959719
959863
959911
960019
960139
960151
960199
960259
960331
960523
960703
960763
961099
961123
961243
961339
961447
961459
961531
961567
961663
961747
961783
961879
961927
962131
962587
962623
962683
962743
962959
962971
963019
963031
963043
963103
963211
963223
963283
963331
963427
963643
963691
963751
963799
963943
963979
964027
964207
964219
964267
964303
964339
964507
965023
965047
965059
965131
965191
965227
965407
965443
965491
965623
965659
965779
965851
965983
966139
966211
966307
966319
966379
966547
966631
966883
966991
967003
967111
967171
967459
967567
967819
967831
967903
967999
968263
968299
968419
968467
968479
968731
968827
968911
968971
969259
969271
969343
969403
969667
969919
970027
970063
970087
970231
970279
970351
970423
970447
970603
970699
970747
970939
970987
970999
971143
971251
971479
971563
971683
971851
971863
971959
972031
972079
972091
972259
972319
972343
972403
972679
972787
972823
972943
972967
972991
973051
973279
973411
973591
973759
974167
974383
974419
974443
974551
974599
974887
974959
974983
975151
975187
975199
975259
975379
975427
975463
975523
975643
975739
975823
975847
975883
976039
976147
976351
976471
977047
977191
977299
977359
977407
977539
977803
977971
978067
978079
978091
978223
978403
978619
978799
978871
978883
978907
979063
979159
979171
979207
979327
979423
979519
979747
979807
979819
979831
980107
980131
980179
980431
980599
980851
980899
981067
981091
981139
981151
981283
981319
981391
981523
981979
982087
982147
982183
982231
982339
982363
982687
982783
982867
982903
982939
983119
983131
983299
983371
983443
983491
983527
983923
984091
984127
984199
984211
984307
984391
984583
984667
984703
984859
985003
985027
985219
985291
985351
985399
985471
985483
985531
985639
985723
985759
985783
985807
985819
985867
985903
986047
986071
986143
986191
986563
986659
986767
986983
987211
987523
987559
987607
987631
987739
987991
988051
988231
988279
988459
988783
988951
988963
989323
989347
989467
989647
989671
989719
989743
989827
989959
989971
990151
990211
990259
990307
990331
990463
990547
990799
990967
991147
991327
991483
991579
991651
991723
991867
991951
991987
992011
992023
992263
992371
992539
992623
992659
992707
992863
992923
992947
993079
993247
993319
993367
993451
993679
993823
994027
994039
994183
994363
994471
994579
994603
994711
994723
994927
994963
995119
995227
995443
995539
995551
995587
995623
995719
996019
996271
996367
996511
996631
996739
996811
996871
996883
997123
997207
997279
997627
997699
997783
997879
997963
998071
998167
998311
998779
999007
999043
999067
999091
999331
999499
999727
999763
999907
999979
1000003
1000039
1000159
1000183
1000291
1000423
1000507
1000579
1000639
1000723
1001191
1001347
1001431
1001467
1001527
1001551
1001563
1001587
1001659
1001683
1001839
1001911
1001983
1002091
1002247
1002343
1002451
1002487
1002523
1002679
1002739
1002871
1002931
1003087
1003111
1003279
1003291
1003363
1003507
1003543
1003627
1003747
1003819
1003963
1004119
1004167
1004287
1004323
1004371
1004527
1004659
1005007
1005079
1005187
1005223
1005331
1005439
1005619
1005679
1006063
1006087
1006171
1006219
1006267
1006303
1006339
1006351
1006531
1006783
1006879
1006891
1007023
1007179
1007203
1007359
1007467
1007683
1007719
1007827
1007887
1007959
1008031
1008043
1008199
1008331
1008547
1008607
1008859
1008871
1008979
1009159
1009207
1009291
1009303
1009399
1009483
1009627
1009807
1009843
1009927
1009951
1010131
1010167
1010203
1010263
1010683
1010767
1010899
1010983
1011067
1011091
1011139
1011163
1011331
1011391
1011559
1011763
1012087
1012171
1012183
1012279
1012399
1012411
1012423
1012507
1012519
1012831
1013227
1013263
1013503
1013563
1013767
1013791
1013827
1014007
1014127
1014199
1014259
1014331
1014451
1014487
1014547
1014763
1015051
1015123
1015159
1015207
1015423
1015459
1015627
1015723
1015747
1015843
1016143
1016203
1016263
1016359
1016599
1016611
1016959
1017043
1017319
1017391
1017439
1017703
1017787
1017799
1018123
1018207
1018291
1018447
1018471
1018543
1018903
1018999
1019023
1019119
1019479
1019563
1019731
1019839
1020043
1020163
1020247
1020583
1020631
1020667
1020751
1020823
1020907
1020931
1020967
1020991
1021183
1021243
1021327
1021387
1021663
1021711
1021747
1021759
1021831
1021963
1022071
1022083
1022191
1022251
1022443
1022467
1022611
1022683
1022719
1022899
1023019
1023079
1023163
1023391
1023487
1023751
1023871
1023943
1023991
1024087
1024099
1024159
1024171
1024207
1024339
1024411
1024591
1024711
1024783
1024843
1024939
1024951
1024963
1025119
1025239
1025347
1025383
1025419
1025443
1025503
1025611
1025707
1025767
1025803
1025887
1026031
1026331
1026391
1026427
1026439
1026547
1026583
1026799
1026859
1026943
1026979
1027003
1027051
1027207
1027471
1027591
1027687
1027987
1028047
1028803
1029103
1029139
1029307
1029487
1029499
1029751
1029907
1030027
1030111
1030291
1030411
1030543
1030639
1030723
1030759
1030867
1031119
1031431
1031479
1031731
1031911
1031923
1032067
1032259
1032307
1032463
1032511
1032643
1032763
1032847
1032943
1033027
1033063
1033171
1033303
1033423
1033567
1033603
1033783
1033807
1033927
1033951
1033987
1034239
1034323
1034359
1034503
1034599
1034707
1034731
1034827
1034863
1034959
1035007
1035043
1035187
1035211
1035247
1035379
1035403
1035427
1035451
1035499
1035571
1035607
1035631
1036039
1036183
1036291
1036327
1036339
1036411
1036471
1036579
1036759
1036951
1037059
1037143
1037767
1037983
1038019
1038199
1038211
1038307
1038391
1038463
1038811
1038823
1039039
1039111
1039279
1039327
1039387
1039543
1039651
1039891
1039999
1040071
1040191
1040407
1040659
1040731
1040779
1040803
1040827
1041127
1041151
1041163
1041511
1041583
1041619
1041643
1041823
1042087
1042099
1042267
1042399
1042519
1043023
1043131
1043167
1043299
1043311
1043467
1043587
1043743
1043923
1044079
1044139
1044187
1044283
1044619
1044727
1044751
1044931
1045003
1045027
1045123
1045183
1045411
1045507
1045543
1045651
1045663
1045903
1045987
1046119
1046191
1046203
1046239
1046263
1046347
1046371
1046527
1046587
1046599
1046659
1046779
1047031
1047127
1047139
1047199
1047247
1047283
1047307
1047499
1047559
1047703
1047751
1047859
1047883
1048027
1048219
1048291
1048387
1048423
1048783
1048867
1048891
1048963
1049011
1049131
1049143
1049263
1049479
1049527
1049611
1049623
1049683
1049791
1049863
1049899
1050151
1050307
1050331
1050367
1050391
1050451
1050523
1050727
1050739
1051051
1051423
1051459
1051591
1051747
1051879
1051927
1051987
1052179
1052287
1052431
1052563
1052707
1052851
1052899
1052971
1053007
1053067
1053103
1053319
1053583
1053727
1053967
1054003
1054303
1054327
1054831
1054843
1054903
1054951
1055083
1055347
1055359
1055371
1055611
1055671
1055731
1055839
1055911
1056019
1056271
1056379
1056463
1056739
1057291
1057387
1057531
1057603
1057831
1057879
1057963
1058011
1058059
1058107
1058143
1058227
1058263
1058287
1058383
1058443
1058683
1058731
1058767
1058791
1058839
1058983
1059007
1059259
1059271
1059439
1059511
1059547
1059571
1059703
1059847
1059871
1060039
1060051
1060123
1060207
1060303
1060351
1060519
1060867
1060963
1061107
1061251
1061287
1061311
1061323
1061527
1061647
1061959
1062367
1062511
1062547
1062643
1062907
1062979
1063039
1063123
1063159
1063219
1063303
1063399
1063483
1063627
1063831
1063903
1063987
1064059
1064131
1064179
1064191
1064263
1064383
1064467
1064587
1064671
1064731
1064911
1065283
1065307
1065331
1065343
1065511
1065523
1065643
1065847
1066327
1066423
1066531
1066567
1066687
1066987
1066999
1067047
1067083
1067347
1067551
1067611
1067707
1068019
1068259
1068271
1068307
1068367
1068439
1068619
1068631
1068871
1069051
1069099
1069207
1069303
1069459
1069543
1069591
1069807
1069819
1070131
1070287
1070347
1070431
1070491
1070851
1070899
1071067
1071151
1071223
1071283
1071439
1071571
1071643
1071787
1071871
1071907
1071943
1071979
1072147
1072231
1072327
1072339
1072363
1072387
1072627
1072831
1072843
1072867
1073131
1073143
1073263
1073311
1073383
1073491
1073563
1073587
1073647
1073911
1074067
1074343
1074379
1074427
1074523
1074559
1074607
1074643
1074751
1074847
1074883
1074991
1075027
1075147
1075171
1075231
1075279
1075351
1075507
1075531
1075651
1075663
1075759
1075807
1075843
1076011
1076107
1076143
1076191
1076359
1076443
1076503
1076587
1076611
1076767
1076827
1077079
1077127
1077691
1077763
1077799
1077943
1078159
1078387
1078471
1078699
1078711
1078807
1078927
1078951
1079011
1079059
1079227
1079359
1079431
1079503
1079527
1079539
1079671
1079779
1079887
1080007
1080043
1080259
1080463
1080679
1080763
1080787
1080823
1080847
1080907
1081051
1081123
1081231
1081303
1081687
1081699
1081723
1081771
1081939
1082023
1082047
1082143
1082383
1082443
1082491
1082527
1082659
1082707
1082743
1083031
1083211
1083283
1083307
1083391
1083451
1083463
1083559
1083571
1083847
1083871
1084087
1084147
1084543
1084711
1084723
1085179
1085407
1085431
1085443
1085551
1085611
1085827
1085863
1085971
1086031
1086091
1086139
1086199
1086259
1086343
1086391
1086511
1086703
1086763
1086931
1086991
1087027
1087159
1087423
1087459
1087519
1087543
1087591
1087687
1087747
1088071
1088239
1088251
1088419
1088467
1088611
1088671
1088707
1088851
1089223
1089259
1089679
1089703
1089799
1089943
1089967
1090003
1090471
1090483
1090519
1090627
1090759
1090807
1090819
1090879
1090927
1090939
1091023
1091047
1091059
1091119
1091239
1091263
1091371
1091443
1091527
1091659
1091731
1091887
1091983
1092019
1092067
1092151
1092283
1092307
1092379
1092391
1092451
1092463
1092643
1093087
1093243
1093363
1093399
1093531
1093639
1093723
1093747
1094011
1094047
1094143
1094299
1094371
1094407
1094539
1094551
1094623
1094683
1094803
1094911
1094983
1095043
1095223
1095319
1095343
1095403
1095439
1095487
1095631
1095739
1095751
1095847
1095907
1095979
1096099
1096159
1096351
1096363
1096423
1096507
1096639
1096807
1096831
1096951
1096999
1097179
1097203
1097323
1097419
1097539
1097599
1097743
1097791
1097851
1097923
1098151
1098187
1098211
1098439
1098463
1098511
1098667
1098787
1098967
1099051
1099363
1099411
1099507
1099519
1099627
1099687
1099771
1099807
1099843
1099867
1100023
1100131
1100839
1100887
1100947
1101091
1101211
1101307
1101403
1101571
1101811
1101883
1101931
1102063
1102147
1102159
1102243
1102279
1102447
1102567
1102663
1102747
1102831
1102891
1102903
1102951
1102999
1103119
1103143
1103191
1103371
1103467
1103587
1103611
1103803
1103863
1103899
1103911
1104139
1104331
1104343
1104403
1104511
1104559
1104619
1104703
1104811
1104919
1105231
1105267
1105339
1105387
1105519
1105603
1105651
1105711
1105807
1105879
1105891
1105963
1105999
1106167
1106311
1106419
1106491
1106527
1106563
1106671
1106767
1106779
1106827
1106839
1106851
1106923
1107199
1107319
1107439
1107523
1107619
1107679
1107751
1108147
1108267
1108363
1108447
1108507
1108579
1108603
1108759
1108819
1108903
1109167
1109347
1109839
1109851
1109887
1110103
1110127
1110247
1110271
1110523
1110667
1110679
1110919
1110931
1111183
1111219
1111351
1111423
1111531
1111543
1111651
1111711
1111723
1111867
1111963
1112011
1112047
1112107
1112143
1112359
1112467
1112611
1112623
1112731
1112827
1112899
1112911
1112971
1112983
1113199
1113379
1113403
1113451
1113667
1113703
1114039
1114063
1114159
1114207
1114303
1114591
1114651
1114807
1114987
1114999
1115131
1115467
1115539
1115683
1115743
1115839
1115899
1115923
1116091
1116223
1116439
1116547
1116571
1116751
1116859
1116943
1117027
1117111
1117267
1117483
1117591
1117603
1117759
1117867
1118011
1118203
1118371
1118419
1118527
1118599
1118659
1118779
1118851
1118911
1119319
1119607
1119823
1120051
1120219
1120291
1120363
1120423
1120459
1120507
1120519
1120591
1120687
1120711
1120783
1120831
1120939
1121011
1121047
1121083
1121143
1121179
1121191
1121431
1121707
1121839
1121899
1122139
1122259
1122427
1122739
1123051
1123231
1123267
1123279
1123303
1123327
1123351
1123483
1123747
1123879
1123951
1123999
1124107
1124131
1124251
1125139
1125151
1125283
1125391
1125499
1125571
1125679
1125763
1125823
1125871
1125931
1126219
1126399
1126483
1126519
1126771
1126831
1126843
1127011
1127167
1127227
1127239
1127407
1127443
1127527
1127587
1127803
1127911
1127947
1127983
1128031
1128151
1128223
1128451
1128499
1128643
1128667
1128703
1128811
1128823
1128931
1129111
1129399
1129519
1129747
1129831
1129963
1130011
1130023
1130287
1130299
1130407
1130431
1130719
1130803
1130947
1131079
1131223
1131259
1131271
1131307
1131331
1131547
1131763
1131799
1131919
1132063
1132123
1132291
1132447
1132519
1132627
1132639
1132927
1132987
1133239
1133359
1133683
1133851
1133959
1133971
1134031
1134043
1134079
1134187
1134247
1134283
1134391
1134559
1134607
1134967
1135063
1135087
1135111
1135279
1135327
1135363
1135483
1135663
1135903
1136203
1136227
1136299
1136383
1136587
1136623
1136659
1136767
1136983
1137067
1137091
1137139
1137247
1137859
1137919
1137991
1138183
1138639
1138771
1138831
1138867
1138999
1139011
1139059
1139191
1139239
1139263
1139407
1139503
1139539
1139587
1139623
1139683
1140103
1140127
1140163
1140379
1140487
1140619
1140871
1140991
1141087
1141123
1141171
1141267
1141351
1141423
1141447
1141531
1141867
1141963
1141999
1142059
1142131
1142191
1142287
1142311
1142359
1142707
1142863
1142923
1143091
1143223
1143391
1143619
1143643
1143763
1144147
1144279
1144327
1144399
1144519
1144723
1144867
1144879
1144903
1144951
1145107
1145143
1145191
1145203
1145227
1145311
1145359
1145371
1145479
1145623
1145659
1145743
1145983
1146091
1146331
1146487
1146763
1146787
1146931
1146967
1147099
1147183
1147243
1147387
1147423
1147459
1147507
1147567
1147579
1147591
1147711
1147819
1148167
1148263
1148527
1148731
1148839
1149007
1149151
1149259
1149307
1149403
1149619
1149919
1149943
1149991
1150027
1150063
1150351
1150423
1150447
1150519
1150603
1150651
1150783
1150879
1150927
1151167
1151179
1151203
1151251
1151287
1151383
1151431
1151599
1151611
1151671
1151779
1152187
1152343
1152763
1152799
1153027
1153123
1153183
1153219
1153267
1153759
1154047
1154119
1154227
1154299
1154311
1154431
1154551
1154563
1154863
1154971
1155019
1155151
1155211
1155379
1155499
1155607
1155619
1155631
1155823
1155919
1155967
1156039
1156171
1156231
1156327
1156387
1156423
1156567
1156699
1156711
1156783
1156807
1156819
1156927
1157011
1157179
1157251
1157503
1157539
1157671
1157791
1157839
1157899
1158007
1158271
1158307
1158427
1158799
1159063
1159087
1159243
1159447
1159531
1159843
1160167
1160251
1160287
1160371
1160491
1160503
1160611
1160911
1161007
1161031
1161343
1161403
1161499
1161547
1161619
1161931
1162099
1162303
1162339
1162471
1162507
1162543
1162663
1162687
1162771
1162807
1162867
1163083
1163131
1163263
1163551
1163587
1163671
1163947
1164067
1164091
1164343
1164571
1164607
1164811
1164967
1164991
1165183
1165207
1165363
1165471
1165531
1165579
1165819
1165903
1165951
1166083
1166107
1166227
1166287
1166323
1166827
1166947
1167307
1167391
1167547
1167559
1167667
1167703
1167763
1167811
1167847
1168039
1168231
1168243
1168327
1168339
1168351
1168411
1168627
1168639
1168771
1168819
1169059
1169131
1169191
1169347
1169383
1169563
1169647
1169683
1169827
1169899
1170007
1170019
1170067
1170139
1170271
1170511
1170583
1170607
1170727
1170751
1170787
1170811
1170979
1171039
1171123
1171243
1171447
1171771
1171783
1171927
1172023
1172047
1172407
1172443
1172491
1172539
1172659
1172671
1172803
1173127
1173163
1173223
1173283
1173343
1173439
1173463
1173631
1173787
1173811
1173883
1174099
1174171
1174387
1174399
1174531
1174687
1174759
1174891
1175071
1175107
1175371
1175467
1175623
1175683
1175803
1175899
1176127
1176163
1176187
1176367
1176403
1176787
1176811
1176871
1176943
1177087
1177159
1177171
1177243
1177447
1177459
1177711
1177987
1178059
1178167
1178239
1178479
1178719
1178743
1178887
1178971
1179151
1179259
1179319
1179331
1179403
1179427
1179547
1179583
1179751
1179907
1180099
1180159
1180219
1180243
1180303
1180423
1180447
1180507
1180519
1180591
1180723
1180951
1181023
1181203
1181263
1181311
1181443
1181527
1181563
1181731
1181767
1181839
1181923
1182019
1182031
1182343
1182451
1182463
1182487
1182679
1182703
1182739
1182787
1182919
1182967
1183003
1183027
1183447
1183471
1183531
1183579
1183687
1183723
1183759
1184011
1184083
1184119
1184143
1184347
1184539
1184587
1184683
1184791
1184839
1184947
1184959
1185103
1185127
1185403
1185439
1185523
1185559
1185883
1185907
1185979
1186051
1186063
1186099
1186231
1186519
1186807
1186879
1186963
1187023
1187047
1187107
1187167
1187239
1187311
1187383
1187419
1187539
1187707
1187863
1188007
1188151
1188223
1188247
1188259
1188727
1188787
1188931
1189003
1189159
1189219
1189231
1189327
1189339
1189387
1189483
1189651
1189807
1189831
1189879
1190011
1190047
1190263
1190311
1190491
1190587
1190719
1190743
1190947
1190983
1191019
1191103
1191199
1191247
1191283
1191499
1191571
1191643
1191679
1191691
1191703
1191727
1191739
1191847
1191991
1192027
1192039
1192099
1192183
1192207
1192423
1192579
1192651
1192927
1193011
1193047
1193119
1193299
1193431
1193443
1193503
1193683
1193743
1193767
1193887
1194019
1194343
1194379
1194439
1194631
1194667
1194727
1194763
1194847
1194883
1194979
1195171
1195231
1195387
1195459
1195483
1195567
1195771
1195891
1196059
1196191
1196323
1196347
1196491
1196707
1196719
1196863
1197103
1197367
1197619
1197739
1197799
1197907
1198123
1198303
1198363
1198399
1198411
1198447
1198867
1198903
1199047
1199083
1199167
1199203
1199371
1199467
1199491
1199551
1199623
1199659
1199767
1199851
1200139
1200607
1200643
1200811
1200883
1201003
1201183
1201531
1201567
1201999
1202191
1202251
1202347
1202791
1202827
1202863
1203019
1203127
1203151
1203487
1203619
1203691
1203919
1204171
1204207
1204243
1204279
1204447
1204519
1204699
1204711
1204891
1205287
1205467
1205539
1205563
1205707
1205779
1206043
1206151
1206223
1206259
1206391
1206619
1206679
1206691
1206703
1206979
1207027
1207039
1207123
1207147
1207267
1207447
1207519
1207627
1207699
1207903
1208239
1208299
1208371
1208407
1208731
1209079
1209139
1209151
1209163
1209199
1209379
1209463
1209487
1209583
1209631
1209739
1209763
1209811
1209931
1210003
1210039
1210051
1210207
1210351
1210387
1210399
1210459
1210639
1210711
1210747
1210819
1210831
1210903
1210939
1210999
1211083
1211227
1211407
1211503
1211647
1211719
1211731
1211767
1211863
1211983
1212199
1212259
1212331
1212487
1212703
1212811
1212847
1212907
1212943
1213339
1213483
1213591
1213879
1213951
1214023
1214047
1214431
1214671
1214683
1214743
1214827
1214923
1215367
1215391
1215463
1215499
1215583
1215679
1216087
1216123
1216339
1216591
1216711
1216867
1216939
1216951
1217023
1217119
1217131
1217407
1217443
1217467
1217683
1217731
1217947
1218199
1218247
1218487
1218559
1218571
1218631
1218739
1218787
1218859
1218991
1219111
1219123
1219147
1219279
1219399
1219507
1219783
1219831
1220071
1220239
1220251
1220599
1220623
1220743
1220803
1220839
1221019
1221079
1221163
1221223
1221523
1221559
1221631
1222171
1222231
1222567
1222603
1222723
1223059
1223119
1223179
1223203
1223311
1223323
1223419
1223491
1223683
1224079
1224163
1224259
1224403
1224439
1224703
1224739
1224859
1224919
1224967
1224991
1225111
1225123
1225183
1225219
1225303
1225579
1225663
1225723
1225759
1225891
1226011
1226083
1226311
1226347
1226479
1226539
1226767
1226779
1226851
1226959
1226983
1227271
1227319
1227547
1227559
1227847
1227871
1228099
1228291
1228327
1228459
1228543
1228567
1228603
1228651
1228783
1228891
1228963
1229071
1229359
1229443
1229647
1230199
1230223
1230331
1230343
1230367
1230547
1230631
1230667
1230739
1230907
1230967
1231051
1231063
1231099
1231231
1231267
1231339
1231387
1231411
1231423
1231459
1231771
1231807
1231843
1231987
1231999
1232071
1232431
1232563
1232719
1232851
1233019
1233079
1233187
1233259
1233607
1233619
1233751
1233763
1234003
1234039
1234147
1234231
1234531
1234687
1234759
1234843
1234951
1235083
1235131
1235191
1235263
1235431
1235659
1235803
1235887
1236163
1236211
1236307
1236667
1236751
1236787
1236811
1236883
1237279
1237363
1237387
1237543
1237783
1237867
1237939
1238023
1238071
1238119
1238179
1238371
1238431
1238551
1238647
1238659
1238683
1238719
1238827
1238863
1238911
1239127
1239223
1239319
1239367
1239379
1239523
1239583
1239943
1240027
1240039
1240087
1240159
1240207
1240231
1240423
1240483
1240699
1240807
1240999
1241059
1241347
1241587
1241743
1241827
1242103
1242151
1242403
1242643
1242823
1242859
1242931
1242979
1242991
1243111
1243147
1243471
1243483
1243579
1243663
1243747
1243807
1243819
1243939
1243951
1244059
1244143
1244203
1244263
1244479
1244611
1244839
1244911
1244923
1245019
1245379
1245847
1246207
1246243
1246327
1246339
1246459
1246471
1246543
1246579
1246639
1246711
1246747
1246867
1246879
1247107
1247119
1247371
1247419
1247527
1247923
1247947
1247959
1248391
1248427
1248451
1248691
1248703
1248799
1248847
1248979
1248991
1249063
1249159
1249243
1249411
1249531
1249603
1249747
1249999
1250203
1250527
1250611
1250647
1250923
1250971
1251043
1251247
1251427
1251571
1251787
1251871
1251919
1252063
1252123
1252159
1252267
1252411
1252483
1252507
1252579
1252663
1252711
1252819
1252903
1252987
1253047
1253059
1253167
1253251
1253479
1253587
1253599
1253803
1253887
1253911
1253947
1254523
1254607
1254667
1254739
1255063
1255147
1255279
1255651
1255687
1255927
1255939
1255963
1256023
1256107
1256323
1256659
1256863
1256887
1257079
1257163
1257199
1257307
1257547
1257559
1258027
1258087
1258099
1258171
1258207
1258531
1258627
1258639
1258711
1258771
1258783
1258819
1259107
1259179
1259191
1259539
1259551
1259563
1259851
1260031
1260223
1260283
1260319
1260439
1260547
1260643
1260691
1260751
1260799
1260979
1261327
1261363
1261531
1261627
1261699
1261747
1261759
1261831
1262071
1262083
1262119
1262299
1262419
1262479
1262491
1262563
1262587
1262623
1262671
1262731
1262851
1263247
1263259
1263319
1263463
1263499
1263631
1263667
1263931
1264063
1264231
1264363
1264447
1264651
1264687
1264867
1264903
1265083
1265167
1265179
1265431
1265479
1265503
1265611
1265623
1265827
1265863
1265911
1266043
1266079
1266163
1266271
1266379
1266451
1266511
1266523
1266583
1266631
1266751
1266763
1266847
1266883
1266943
1267051
1267159
1267183
1267411
1267459
1267531
1267579
1267663
1267711
1267891
1267951
1267999
1268143
1268167
1268359
1268419
1268467
1268563
1268599
1268899
1269007
1269043
1269187
1269283
1269427
1269547
1269571
1269691
1269907
1270111
1270123
1270147
1270183
1270327
1270471
1270567
1270579
1270627
1270651
1270747
1270771
1270879
1271047
1271059
1271167
1271203
1271227
1271299
1271383
1271419
1271503
1271551
1271659
1271671
1271731
1271791
1271839
1272043
1272091
1272163
1272211
1272247
1272283
1272379
1272451
1272559
1272631
1272679
1272847
1272883
1272919
1272991
1273291
1273507
1273639
1273891
1273939
1274011
1274803
1274899
1275523
1275559
1275667
1275691
1275847
1275931
1275979
1276027
1276243
1276351
1276447
1276543
1276603
1276711
1276747
1276987
1276999
1277299
1277323
1277491
1277791
1277803
1278007
1278031
1278463
1278583
1278619
1278631
1278787
1278799
1278811
1279123
1279183
1279483
1279519
1279627
1279687
1279807
1279843
1280119
1280371
1280623
1280659
1280707
1280767
1280803
1280947
1281211
1281367
1281451
1281547
1281667
1281703
1281751
1281823
1281871
1281979
1282279
1282387
1282399
1282423
1282507
1282543
1282639
1282783
1282867
1282903
1283083
1283179
1283383
1283479
1283539
1283719
1283731
1283767
1283983
1284007
1284043
1284223
1284271
1284379
1284427
1284523
1284559
1284631
1284691
1284763
1285051
1285099
1285159
1285231
1285267
1285351
1285411
1285699
1285747
1285891
1286011
1286107
1286287
1286323
1286359
1286419
1286503
1286959
1287007
1287067
1287487
1287691
1287751
1287787
1287799
1287967
1288003
1288051
1288363
1288519
1288531
1288543
1288699
1288843
1288891
1288939
1289083
1289179
1289287
1289371
1289551
1289599
1289731
1289779
1289839
1290019
1290151
1290199
1290319
1290463
1290571
1290631
1290811
1290823
1291063
1291111
1291327
1291387
1291471
1291567
1291603
1291819
1291831
1291963
1292371
1292503
1292539
1292563
1292971
1292983
1293199
1293307
1293319
1293583
1293763
1293979
1294039
1294087
1294123
1294303
1294351
1294459
1294483
1294627
1294639
1294651
1294723
1295071
1295131
1295263
1295323
1295491
1295563
1295647
1296187
1296283
1296319
1296331
1296391
1296499
1296511
1296679
1296787
1297123
1297147
1297399
1297411
1297507
1297519
1297651
1297687
1297771
1298119
1298131
1298191
1298371
1298551
1298779
1298863
1298887
1299019
1299211
1299283
1299343
1299379
1299583
1299631
1299979
1300111
1300147
1300423
1300471
1300639
1300771
1300927
1300963
1301011
1301467
1301551
1301827
1301863
1301887
1302019
1302043
1302079
1302151
1302163
1302199
1302331
1302391
1302571
1302607
1302667
1302739
1302919
1302991
1303051
1303171
1303243
1303363
1303411
1303567
1303711
1303807
1303879
1304071
1304131
1304167
1304239
1304299
1304503
1304539
1304659
1304707
1304887
1304983
1305151
1305511
1305571
1305607
1305823
1305907
1306051
1306159
1306243
1306411
1306483
1306519
1306663
1306759
1306831
1306891
1307083
1307311
1307347
1307479
1307671
1307767
1307923
1308091
1308343
1308499
1308547
1309039
1309351
1309411
1309531
1309831
1309927
1309939
1309963
1309999
1310083
1310143
1310251
1310431
1310527
1310611
1310899
1311031
1311043
1311127
1311223
1311259
1311307
1311523
1311547
1311559
1311619
1311691
1311991
1312027
1312351
1312411
1312459
1312603
1312867
1312891
1312951
1313239
1313311
1313359
1313827
1313899
1314259
1314283
1314463
1314823
1314871
1315087
1315159
1315183
1315231
1315399
1315507
1315591
1315627
1315651
1315771
1315891
1316299
1316311
1316323
1316347
1316407
1316479
1316743
1316767
1316779
1316971
1316983
1317031
1317067
1317091
1317271
1317319
1317427
1317451
1317571
1317703
1317751
1318039
1318063
1318099
1318147
1318183
1318279
1318711
1318783
1318879
1318903
1318927
1318963
1319191
1319371
1319443
1319719
1319839
1320019
1320091
1320127
1320199
1320331
1320379
1320427
1320811
1320871
1321171
1321267
1321351
1321363
1321399
1321459
1321483
1321627
1321711
1321891
1322011
1322179
1322323
1322359
1322467
1323079
1323187
1323307
1323319
1323367
1323691
1323727
1323799
1324039
1324051
1324159
1324327
1324579
1324591
1324651
1324663
1324831
1324867
1324951
1325047
1325083
1325119
1325227
1325263
1325491
1325659
1325707
1325803
1325911
1325923
1325959
1326271
1326307
1326319
1326343
1326427
1326463
1326499
1326607
1326631
1326739
1326967
1327099
1327111
1327351
1327603
1327759
1327831
1327903
1327987
1327999
1328323
1328611
1328647
1328683
1328827
1328911
1329067
1329127
1329379
1329631
1329703
1329763
1329799
1330411
1330519
1330699
1330843
1330963
1331023
1331107
1331251
1331347
1331383
1331647
1331683
1331959
1332151
1332187
1332283
1332439
1332547
1332571
1332691
1332763
1332823
1332847
1332979
1333231
1333411
1333483
1333663
1333687
1333723
1333831
1333867
1333999
1334371
1334491
1334563
1335067
1335199
1335211
1335391
1335667
1335751
1335847
1336039
1336399
1336579
1336603
1336747
1336891
1336927
1336939
1337071
1337227
1337299
1337431
1337551
1337647
1337731
1337911
1338331
1338391
1338451
1338499
1338679
1338871
1338907
1339003
1339087
1339207
1339399
1339567
1339843
1339951
1340071
1340107
1340179
1340323
1340419
1340527
1340707
1340743
1340803
1340947
1341007
1341187
1341619
1341787
1341883
1341931
1342051
1342087
1342111
1342267
1342339
1342591
1342699
1342723
1342987
1343047
1343059
1343203
1343263
1343299
1343383
1343479
1343743
1343887
1343911
1343983
1344043
1344127
1344151
1344319
1344487
1344559
1344667
1344727
1344823
1345027
1345051
1345423
1345471
1345507
1345711
1345759
1345783
1346083
1346119
1346143
1346479
1346623
1346647
1346827
1346899
1347019
1347091
1347211
1347223
1347331
1347667
1347739
1347763
1347919
1348051
1348231
1348483
1348843
1348891
1348951
1348987
1349059
1349143
1349287
1349671
1349683
1349707
1350127
1350319
1350331
1350511
1350607
1350751
1350799
1350823
1350883
1351039
1351111
1351123
1351183
1351267
1351291
1351327
1351423
1352119
1352167
1352191
1352203
1352227
1352311
1352347
1352371
1352383
1352443
1352599
1352779
1352803
1352839
1353007
1353463
1353487
1353607
1353679
1354063
1354207
1354291
1354303
1354603
1354651
1354687
1354939
1354987
1355191
1355323
1355443
1355623
1355863
1355947
1356007
1356079
1356259
1356451
1356547
1356727
1356763
1356811
1356871
1356907
1356919
1357063
1357423
1357771
1358059
1358083
1358143
1358251
1358299
1358323
1358359
1358491
1358611
1358647
1358743
1358887
1358983
1359247
1359283
1359367
1359619
1359679
1359823
1359859
1359871
1359979
1360087
1360159
1360279
1360327
1360507
1360591
1361023
1361047
1361131
1361299
1361491
1361587
1361599
1361707
1361743
1361803
1361911
1361959
1362019
1362103
1362211
1362247
1362271
1362343
1362463
1362523
1362607
1362763
1362787
1362883
1362919
1362931
1362967
1363171
1363183
1363867
1363891
1363963
1364059
1364071
1364191
1364299
1364323
1364359
1364719
1364911
1365019
1365043
1365079
1365127
1365139
1365163
1365223
1365367
1365547
1365571
1365583
1365667
1365703
1365811
1365907
1365919
1365979
1366087
1366291
1366459
1366483
1366639
1366747
1367167
1367299
1367323
1367383
1367539
1367647
1367827
1367851
1368079
1368163
1368187
1368331
1368439
1368547
1368643
1368727
1368907
1368943
1368967
1368979
1369051
1369219
1369339
1369483
1369651
1369723
1370059
1370227
1370263
1370311
1370587
1370683
1371031
1371103
1371187
1371991
1372027
1372183
1372207
1372243
1372471
1372531
1372747
1372759
1372867
1372999
1373191
1373347
1373371
1373431
1373539
1373611
1373839
1374019
1374067
1374367
1374379
1374511
1374559
1374691
1374847
1375051
1375411
1375531
1375567
1375747
1375783
1375807
1375819
1375879
1375951
1375987
1376131
1376203
1376443
1376467
1376491
1376539
1376827
1376899
1376971
1377031
1377043
1377151
1377223
1377403
1377427
1377679
1377751
1377787
1377931
1378147
1378219
1378231
1378519
1378579
1378591
1378639
1378759
1378807
1378843
1378903
1379167
1379239
1379359
1379383
1379491
1379887
1379923
1379947
1380163
1380199
1380259
1380271
1380307
1380319
1380427
1380499
1380607
1380679
1380763
1380811
1380931
1381027
1381111
1381147
1381291
1381327
1381411
1381459
1381747
1381819
1381999
1382179
1382503
1382551
1382767
1383199
1383331
1383367
1383379
1383391
1383667
1383691
1384027
1384087
1384099
1384171
1384231
1384387
1384507
1384699
1384843
1384879
1384951
1385071
1385179
1385203
1385287
1385383
1385563
1385647
1385743
1385767
1385779
1385827
1385863
1385887
1385899
1386043
1386079
1386139
1386199
1386211
1386283
1386379
1386607
1386643
1386691
1386703
1386787
1386823
1386991
1387123
1387231
1387363
1387579
1387783
1387807
1387987
1388011
1388059
1388479
1388587
1388623
1388659
1388743
1388887
1389139
1389163
1389211
1389319
1389403
1389559
1389643
1389811
1389919
1389991
1390003
1390111
1390159
1390219
1390387
1390399
1390639
1390759
1390771
1390903
1391119
1391287
1391323
1391407
1391479
1391647
1391899
1392007
1392103
1392163
1392271
1392367
1392451
1392463
1392619
1392763
1392847
1393027
1393123
1393387
1393459
1393471
1393627
1393723
1393807
1393927
1393963
1394023
1394131
1394251
1394359
1394383
1394539
1394599
1394683
1394707
1395067
1395187
1395223
1395283
1395319
1395367
1395463
1395523
1395643
1395679
1395859
1395871
1395883
1395907
1396027
1396099
1396303
1396327
1396387
1396411
1396531
1396627
1396723
1396903
1396963
1397059
1397119
1397167
1397311
1397443
1397563
1397743
1397959
1397983
1398031
1398139
1398211
1398247
1398307
1398367
1398427
1398451
1398667
1398979
1399003
1399039
1399063
1399183
1399351
1399471
1399507
1399543
1399603
1399639
1399687
1399819
1399963
1400107
1400131
1400251
1400479
1400587
1400803
1400863
1400899
1400947
1401007
1401187
1401199
1401403
1401487
1401511
1401703
1401811
1401943
1402087
1402147
1402267
1402363
1402459
1402519
1402543
1402567
1402711
1402771
1403239
1403251
1403287
1403323
1403683
1403791
1403827
1403887
1403923
1403971
1404367
1404547
1404583
1404643
1404763
1404859
1404979
1405039
1405147
1405363
1405879
1406311
1406707
1406803
1406947
1406959
1406983
1407019
1407247
1407391
1407499
1407547
1407559
1407667
1407751
1407811
1407823
1407883
1408219
1408279
1408567
1408651
1408663
1408867
1408879
1408999
1409311
1409467
1409503
1409587
1409659
1409731
1409791
1409803
1409899
1410007
1410139
1410187
1410307
1410811
1410907
1410943
1410979
1411099
1411159
1411171
1411219
1411243
1411387
1411411
1411519
1411603
1411783
1412287
1412347
1412539
1412779
1412863
1412911
1413031
1413079
1413103
1413283
1413427
1413439
1413571
1413691
1413751
1414027
1414291
1414507
1414627
1414663
1415023
1415059
1415083
1415143
1415191
1415263
1415419
1416067
1416187
1416211
1416631
1416703
1416739
1416859
1416931
1417051
1417183
1417219
1417279
1417363
1417399
1417543
1417699
1417747
1417891
1418047
1418107
1418119
1418239
1418611
1418983
1419163
1419199
1419403
1419511
1419643
1419883
1419919
1420063
1420099
1420123
1420207
1420303
1420483
1420519
1420603
1420819
1420879
1420891
1420999
1421083
1421479
1421527
1421611
1421647
1421779
1421911
1422007
1422439
1422727
1422763
1422979
1423003
1423039
1423111
1423159
1423231
1423327
1423339
1423507
1423579
1423627
1423663
1424263
1424407
1424431
1424443
1424743
1424767
1424779
1424803
1424851
1424911
1424947
1424959
1425091
1425139
1425199
1425271
1425343
1425427
1425451
1425667
1425883
1425967
1426111
1426171
1426231
1426291
1426543
1426699
1426723
1426891
1426927
1427047
1427143
1427191
1427359
1427407
1427431
1427479
1427551
1427851
1427911
1428079
1428127
1428199
1428811
1428991
1429027
1429063
1429231
1429279
1429303
1429507
1429567
1429591
1429783
1429927
1429951
1430179
1430239
1430287
1430419
1430479
1430647
1430683
1430707
1430851
1430971
1431007
1431211
1431223
1431307
1431571
1431751
1431799
1431907
1431967
1432303
1432447
1432591
1432903
1432927
1433011
1433059
1433119
1433203
1433239
1433371
1433503
1433527
1433623
1433743
1433947
1434019
1434247
1434283
1434451
1434571
1434607
1434679
1434847
1434883
1434991
1435111
1435171
1435183
1435219
1435243
1435363
1435543
1436203
1436251
1436263
1436467
1436623
1436767
1436803
1436899
1437187
1437199
1437223
1437379
1437451
1437511
1437691
1437847
1437883
1437991
1438123
1438159
1438207
1438231
1438279
1438303
1438447
1438483
1438663
1438747
1438771
1438891
1438963
1439023
1439071
1439107
1439323
1439359
1439443
1439719
1439743
1439791
1439803
1439827
1440079
1440211
1440259
1440379
1440391
1440619
1440679
1440727
1440763
1440799
1440823
1440847
1441339
1441471
1441543
1441567
1441579
1441723
1441771
1441807
1441879
1442143
1442191
1442227
1442299
1442527
1442599
1442731
1442743
1442887
1442911
1442923
1442983
1443067
1443103
1443307
1443439
1443571
1443727
1443787
1444063
1444087
1444111
1444279
1444459
1444543
1444567
1444687
1444747
1444759
1444819
1444903
1445047
1445107
1445239
1445287
1445371
1445443
1445467
1445671
1445707
1445887
1445971
1446007
1446043
1446091
1446559
1446619
1446703
1446871
1447063
1447099
1447123
1447231
1447279
1447291
1447351
1447627
1447639
1447711
1447807
1447843
1447951
1447987
1448059
1448191
1448203
1448431
1448611
1448683
1448743
1448947
1449067
1449211
1449319
1449367
1449583
1449619
1449691
1449823
1450051
1450147
1450231
1450447
1450507
1450543
1450639
1450651
1450759
1450903
1451119
1451371
1451383
1451719
1451743
1451767
1451839
1451911
1451959
1452079
1452127
1452211
1452271
1452559
1452751
1452859
1453003
1453171
1453267
1453651
1453759
1453831
1454071
1454119
1454371
1454539
1454587
1454683
1454731
1454767
1454779
1454839
1454863
1454899
1454983
1455007
1455019
1455031
1455043
1455127
1455199
1455367
1455439
1455703
1455847
1455871
1456099
1456123
1456159
1456171
1456243
1456519
1456603
1456627
1456891
1456927
1457059
1457143
1457419
1457683
1457791
1457803
1457887
1457959
1458031
1458151
1458403
1458427
1458619
1458883
1458907
1459111
1459207
1459531
1459543
1459771
1460059
1460143
1460167
1460311
1460383
1460479
1460731
1460911
1461079
1461091
1461139
1461211
1461283
1461391
1461451
1461667
1461703
1461931
1461979
1462039
1462063
1462099
1462327
1462339
1462399
1462423
1462507
1462519
1462603
1462627
1462651
1462723
1462819
1462891
1462939
1462999
1463263
1463359
1463503
1463587
1463599
1463611
1463647
1463719
1463767
1463863
1463899
1463971
1463983
1464079
1464163
1464391
1464403
1464559
1464583
1464811
1464823
1465027
1465171
1465351
1465567
1465591
1465663
1465819
1465843
1465963
1465987
1466107
1466167
1466191
1466251
1466323
1466599
1466659
1466719
1466887
1467211
1467223
1467283
1467391
1467439
1467511
1467751
1467859
1468447
1468459
1468507
1468543
1468651
1468939
1469047
1469131
1469239
1469467
1469527
1469623
1469659
1469731
1469851
1469887
1470067
1470199
1470319
1470571
1471279
1471339
1471423
1471543
1471567
1471579
1471819
1471867
1471891
1472083
1472143
1472371
1472539
1472551
1472623
1472719
1472767
1472791
1472971
1473187
1473331
1473379
1473919
1474003
1474159
1474171
1474243
1474411
1474519
1475203
1475251
1475323
1475431
1475527
1475563
1475647
1475731
1475827
1475899
1476043
1476067
1476151
1476259
1476403
1476463
1476691
1476799
1476823
1476859
1476967
1477039
1477051
1477087
1477111
1477159
1477219
1477291
1477363
1477519
1477699
1477771
1477807
1477831
1477951
1478083
1478203
1478263
1478563
1478767
1478839
1478947
1479031
1479139
1479211
1479271
1479451
1479487
1479559
1479571
1479679
1479823
1479859
1479883
1479991
1480099
1480243
1480291
1480483
1480543
1481047
1481071
1481551
1481719
1481731
1481911
1481971
1482007
1482127
1482199
1482307
1482343
1482487
1482739
1482763
1482907
1482919
1482967
1483087
1483171
1483231
1483423
1483507
1483711
1483819
1483927
1484047
1484143
1484347
1484359
1484419
1484467
1484827
1485619
1485751
1485763
1485787
1485871
1486003
1486087
1486183
1486339
1486399
1486411
1486699
1486843
1486867
1486987
1487071
1487131
1487191
1487527
1487599
1487623
1487743
1487779
1487887
1488043
1488139
1488343
1488451
1488559
1488607
1488667
1488787
1488811
1488847
1488967
1489003
1489039
1489291
1489303
1489351
1489507
1489867
1490287
1490299
1490443
1490479
1490899
1491439
1491979
1491991
1492063
1492159
1492411
1492459
1492567
1492627
1492747
1492783
1492819
1492879
1492951
1493311
1493383
1493491
1493539
1493563
1493623
1493743
1493971
1494067
1494151
1494187
1494247
1494391
1494403
1494463
1494583
1494607
1494799
1494859
1494907
1494943
1495003
1495159
1495231
1495267
1495447
1495687
1495771
1495831
1495867
1495987
1495999
1496083
1496227
1496251
1496479
1496491
1496563
1496707
1496767
1496779
1497019
1497031
1497127
1497187
1497211
1497283
1497511
1497667
1497787
1497799
1498027
1498279
1498303
1498327
1498411
1498687
1498927
1498951
1499011
1499287
1499467
1499611
1499767
1500043
1500127
1500151
1500379
1500511
1500523
1500619
1500691
1500703
1500739
1500799
1500847
1500859
1500871
1500991
1501207
1501303
1501351
1501639
1501699
1501783
1501807
1502023
1502143
1502203
1502323
1502503
1502563
1502827
1502887
1502923
1502947
1502959
1502971
1503031
1503043
1503319
1503367
1503583
1503787
1503811
1503967
1504147
1504231
1504267
1504519
1504543
1504579
1504627
1504651
1504831
1504843
1504903
1504999
1505011
1505107
1505131
1505191
1505227
1505311
1505443
1505563
1505587
1505599
1505659
1505683
1506079
1506091
1506103
1506163
1506199
1506487
1506499
1506607
1506619
1506823
1507111
1507531
1507603
1507687
1507771
1507867
1508263
1508323
1508407
1508587
1508623
1508707
1508803
1508851
1508911
1509019
1509127
1509163
1509187
1509307
1509367
1509427
1509439
1509631
1510039
1510339
1510363
1510591
1510687
1510819
1510843
1511527
1511539
1511563
1511599
1511647
1511743
1511779
1511791
1511863
1511971
1512223
1512307
1512331
1512547
1512619
1512691
1512751
1512943
1513159
1513531
1513543
1513591
1513651
1513807
1514179
1514323
1514407
1514551
1514563
1514587
1514599
1514671
1514731
1514791
1514959
1515271
1515391
1515487
1515571
1515691
1515739
1515823
1515919
1516027
1516087
1516651
1516663
1516687
1516759
1516819
1516987
1517107
1517143
1517179
1517227
1517647
1517707
1517983
1518007
1518091
1518103
1518379
1518571
1518799
1518883
1518931
1519051
1519267
1519447
1519519
1519591
1519711
1519807
1519891
1520131
1520143
1520347
1520359
1520503
1520707
1520719
1520851
1520923
1520947
1521103
1521643
1521859
1522159
1522363
1522447
1522663
1522711
1522951
1523107
1523131
1523407
1523443
1523491
1523527
1523707
1523983
1524139
1524319
1524379
1524547
1524571
1524631
1524703
1524811
1525063
1525123
1525207
1525219
1525243
1525351
1525423
1525507
1525639
1525723
1525819
1525963
1525999
1526179
1526191
1526227
1526431
1526467
1526587
1526611
1527079
1527187
1527271
1527523
1527703
1528447
1528459
1528627
1528831
1528999
1529071
1529119
1529383
1529419
1529503
1529599
1529683
1529851
1529947
1529971
1530511
1530691
1530871
1530967
1531051
1531111
1531447
1531807
1531843
1531987
1532371
1532551
1532647
1532659
1532731
1532779
1532887
1532983
1533127
1533163
1533199
1533283
1533307
1533487
1533583
1533619
1533643
1534051
1534147
1534207
1534579
1535011
1535071
1535119
1535467
1535587
1535719
1535791
1535803
1536187
1536343
1536439
1536487
1536811
1536907
1536991
1537027
1537051
1537099
1537279
1537411
1537771
1537807
1537819
1537999
1538059
1538179
1538227
1538311
1538491
1538587
1538743
1538851
1539103
1539127
1539259
1539463
1539547
1539583
1539691
1539763
1539799
1540003
1540039
1540087
1540207
1540447
1540543
1540699
1540807
1540879
1541119
1541143
1541251
1541359
1541707
1541731
1541779
1541899
1541923
1542031
1542043
1542091
1542283
1542451
1542487
1542523
1542571
1542691
1542703
1542823
1543063
1543099
1543111
1543207
1543279
1543291
1543639
1543687
1543879
1543891
1543999
1544071
1544083
1544119
1544167
1544227
1544479
1544503
1544659
1544863
1545007
1545127
1545343
1545367
1545391
1545667
1545703
1545799
1545811
1545871
1546231
1546327
1546351
1546387
1546627
1546639
1546663
1546687
1546927
1547023
1547131
1547239
1547251
1547383
1547419
1547563
1547671
1547779
1547827
1547839
1548031
1548103
1548247
1548331
1548619
1548763
1548787
1548871
1549003
1549087
1549351
1549447
1549699
1549831
1549987
1550083
1550119
1550203
1550359
1550371
1550443
1550611
1551019
1551343
1551919
1551967
1552147
1552351
1552531
1552543
1552567
1552651
1552723
1552807
1552867
1552963
1553011
1553023
1553107
1553119
1553287
1553803
1553947
1554019
1554151
1554379
1554439
1554583
1554739
1554811
1555051
1555111
1555123
1555159
1555243
1555423
1555507
1555639
1555699
1555819
1555831
1555951
1555963
1555999
1556059
1556083
1556263
1556323
1556431
1556491
1556587
1556671
1556719
1556791
1557007
1557019
1557043
1557067
1557079
1557103
1557151
1557247
1557403
1557427
1557499
1557763
1557823
1558267
1558303
1558327
1558651
1558759
1558771
1558831
1558867
1558939
1559119
1559347
1559407
1559443
1559479
1559527
1559731
1559839
1559851
1560007
1560127
1560211
1560739
1560799
1560847
1560883
1561003
1561279
1561303
1561423
1561711
1561759
1562107
1562191
1562263
1562287
1562359
1562527
1562647
1562719
1562863
1562947
1562983
1563019
1563259
1563271
1563283
1563427
1563487
1563511
1563619
1563631
1563811
1564159
1564699
1564747
1564807
1565023
1565167
1565203
1565251
1565287
1565383
1565491
1565671
1565827
1565947
1566031
1566043
1566079
1566199
1566211
1566343
1566403
1566427
1566571
1566583
1566823
1567039
1567087
1567147
1567219
1567339
1567411
1567483
1567603
1567627
1567759
1567903
1567987
1568179
1568563
1568599
1568767
1569163
1569319
1569487
1569643
1569703
1569811
1569859
1570099
1570351
1570399
1570447
1570531
1570603
1570927
1570963
1570999
1571287
1571467
1571551
1571587
1571719
1571827
1571839
1572091
1572163
1572271
1572331
1572367
1572511
1572547
1572559
1572799
1573051
1573207
1573303
1573387
1573399
1573483
1573603
1573699
1573771
1573879
1574011
1574059
1574071
1574311
1574431
1574467
1574491
1574611
1574791
1575139
1575151
1575283
1575331
1575463
1575547
1575583
1575643
1576039
1576111
1576243
1576363
1576483
1576579
1576651
1576723
1576843
1576879
1576951
1577119
1577203
1577383
1577431
1577599
1577623
1577659
1577671
1577767
1578091
1578631
1578859
1578883
1579183
1579399
1579579
1579639
1579723
1579783
1580107
1580119
1580251
1580503
1580647
1580911
1580923
1581007
1581079
1581091
1581163
1581271
1581379
1581439
1581487
1581919
1582351
1582459
1582531
1582759
1582963
1583047
1583107
1583167
1583203
1583287
1583311
1583359
1583539
1583599
1583671
1583731
1583851
1583887
1583899
1584139
1584151
1584259
1584343
1584367
1584403
1584439
1584547
1584571
1584967
1585291
1585399
1585411
1585447
1585663
1585687
1585723
1585963
1586311
1586371
1586527
1586551
1586587
1586623
1586707
1586887
1586911
1587283
1587343
1587499
1587679
1587799
1587847
1587871
1587991
1588063
1588183
1588387
1588399
1588423
1588603
1588687
1588711
1588747
1588819
1588903
1588963
1588987
1589083
1589239
1589359
1589431
1589443
1589503
1589647
1589671
1589719
1589803
1589827
1589851
1589899
1589911
1590079
1590271
1590343
1590487
1590727
1590907
1590931
1590991
1591099
1591159
1591207
1591339
1591663
1591927
1592167
1592251
1592323
1592431
1592671
1592779
1592923
1592947
1593043
1593199
1593499
1593583
1593643
1593799
1593859
1594123
1594147
1594183
1594207
1594267
1594339
1594471
1594807
1594903
1594951
1594987
1595239
1595527
1595623
1595743
1595767
1595887
1595983
1596163
1596211
1596319
1596379
1596451
1596631
1596667
1596739
1597039
1597171
1597423
1597567
1597723
1597747
1597819
1597951
1598011
1598227
1598263
1598503
1598587
1598743
1598767
1598911
1599067
1599151
1599307
1599331
1599463
1599511
1599523
1599691
1599883
1599931
1600051
1600099
1600243
1600279
1600699
1600891
1601023
1601071
1601359
1601503
1601563
1601659
1601779
1602067
1602079
1602151
1602283
1602463
1602691
1602703
1602907
1603039
1603111
1603159
1603183
1603339
1603411
1603663
1603807
1603891
1604059
1604131
1604167
1604263
1604311
1604347
1604419
1604539
1604731
1604923
1604983
1605031
1605103
1605127
1605199
1605427
1605511
1605559
1605619
1605739
1605931
1605979
1606291
1606543
1606603
1606639
1606723
1606783
1606951
1607083
1607107
1607143
1607371
1607407
1607479
1607611
1607659
1607839
1607863
1608127
1608259
1608379
1608463
1608487
1608511
1608583
1608667
1608883
1608979
1609063
1609099
1609423
1609507
1609627
1609807
1609843
1609879
1609999
1610131
1610179
1610227
1610239
1610251
1610311
1610527
1610887
1610899
1610923
1611031
1611079
1611151
1611187
1611319
1611391
1611499
1611691
1611763
1612111
1612267
1612327
1612363
1612771
1612903
1612999
1613179
1613371
1613407
1613503
1613539
1613947
1613959
1614247
1614307
1614463
1614559
1614583
1614631
1615027
1615183
1615279
1615351
1615363
1615447
1615651
1615723
1615963
1615987
1616047
1616119
1616227
1616359
1616443
1616551
1616611
1616623
1616803
1616899
1616983
1617019
1617043
1617079
1617103
1617391
1617439
1617619
1617727
1617943
1618051
1618087
1618411
1618471
1618531
1618627
1618663
1618807
1618891
1619071
1619119
1619179
1619287
1619311
1619383
1619647
1619791
1619887
1620103
1620247
1620319
1620391
1620403
1620439
1620547
1620571
1620667
1621219
1621231
1621363
1621471
1621519
1621771
1621843
1622143
1622263
1622311
1622359
1622407
1622479
1622587
1622671
1622707
1622743
1622779
1622839
1622947
1623163
1623283
1623319
1623451
1623631
1623667
1623847
1623859
1623883
1623931
1624111
1624279
1624387
1624423
1624687
1624963
1625179
1625227
1625263
1625287
1625359
1625539
1625551
1625587
1625839
1626091
1626127
1626259
1626379
1626487
1626619
1626763
1626943
1626979
1627051
1627063
1627099
1627123
1627459
1627627
1627771
1627783
1627819
1628059
1628131
1628203
1628299
1628323
1628359
1628467
1628779
1629007
1629031
1629259
1629319
1629367
1629427
1629547
1629583
1629643
1630051
1630159
1630243
1630303
1630399
1630471
1630543
1630663
1630843
1630891
1630987
1631023
1631263
1631299
1631407
1631731
1632019
1632031
1632079
1632139
1632427
1632487
1632523
1632571
1632619
1632703
1632871
1632919
1633459
1633531
1633603
1633711
1633747
1633939
1634071
1634167
1634371
1634407
1634683
1634719
1634791
1634911
1634947
1635079
1635091
1635163
1635187
1635307
1635547
1635583
1635619
1635703
1635811
1636231
1636303
1636423
1636699
1636819
1636891
1636951
1637407
1637539
1637563
1637599
1637719
1637851
1637863
1637887
1638019
1638031
1638139
1638211
1638463
1638547
1638583
1638799
1638907
1638943
1638991
1639459
1639471
1639579
1639663
1639699
1639987
1640059
1640071
1640083
1640131
1640263
1640299
1640311
1640503
1640599
1640623
1640851
1640971
1641091
1641631
1641751
1641811
1641931
1642243
1642279
1642327
1642339
1642363
1642423
1642567
1642903
1642951
1643251
1643539
1643623
1643683
1643779
1643791
1643827
1643839
1644079
1644367
1644439
1644451
1644547
1644703
1644871
1644883
1644943
1645087
1645099
1645459
1645603
1645771
1645879
1645999
1646143
1646287
1646527
1646563
1646647
1646899
1646947
1646959
1646971
1647031
1647067
1647439
1647727
1647859
1647871
1648291
1648531
1648579
1648723
1648771
1648963
1648987
1649023
1649059
1649299
1649419
1649587
1649671
1649887
1649959
1650379
1650427
1650463
1650487
1650667
1650823
1650991
1651171
1651183
1651207
1651219
1651291
1651387
1651723
1651843
1651891
1652011
1652263
1652407
1652479
1652503
1652719
1652731
1652863
1652947
1653259
1653331
1653343
1653451
1653511
1653583
1653763
1654027
1654123
1654267
1654291
1654351
1654663
1654903
1654963
1654987
1655323
1655587
1655659
1655671
1655683
1655707
1655827
1656043
1656079
1656163
1656223
1656247
1656367
1656427
1656583
1656607
1656679
1656931
1656979
1657339
1657399
1657459
1657519
1657603
1657627
1657651
1657699
1657939
1658023
1658383
1658443
1658479
1658623
1659067
1659103
1659223
1659571
1659667
1659787
1659883
1659919
1660039
1660111
1660207
1660423
1660471
1660507
1660723
1660783
1661059
1661431
1661623
1661659
1661731
1661827
1661839
1661983
1662007
1662163
1662319
1662403
1662439
1662487
1662547
1662559
1662571
1662667
1663099
1663219
1663267
1663771
1663891
1663951
1664071
1664251
1664563
1664863
1664959
1665067
1665211
1665247
1665427
1665583
1665679
1665967
1666003
1666039
1666339
1666351
1666447
1666507
1666519
1666627
1666939
1666999
1667179
1667311
1667443
1667551
1667599
1667623
1667779
1667851
1667947
1667959
1668019
1668031
1668211
1668307
1668319
1668679
1668739
1668847
1668883
1669027
1669099
1669147
1669243
1669351
1669399
1669471
1669543
1669579
1669651
1669687
1669747
1669783
1669963
1669999
1670287
1670503
1670551
1670563
1670623
1670827
1670863
1670887
1670899
1670971
1671199
1671211
1671223
1671343
1671379
1671451
1671511
1671619
1671643
1671727
1671739
1671907
1672051
1672063
1672339
1672423
1672603
1672639
1672663
1672747
1672927
1672999
1673071
1673131
1673167
1673527
1673563
1673719
1673827
1673923
1673983
1674151
1674391
1674643
1674763
1675039
1675087
1675183
1675279
1675291
1675327
1675411
1675447
1675579
1675759
1675771
1676083
1676551
1676767
1676911
1676923
1676947
1677019
1677031
1677163
1677199
1677283
1677343
1677451
1677523
1677703
1677727
1677787
1677847
1678111
1678207
1678219
1678363
1678531
1678639
1678687
1678711
1678759
1678843
1678891
1679059
1679143
1679287
1679323
1679383
1679443
1679659
1680271
1680439
1680703
1680823
1680871
1680919
1681003
1681279
1681423
1681579
1681591
1681807
1681879
1681891
1681903
1682143
1682251
1682287
1682383
1682671
1682827
1683007
1683043
1683103
1683223
1683403
1683679
1684231
1684303
1684387
1684591
1684843
1685011
1685407
1685419
1685443
1685527
1685599
1685779
1685911
1686067
1686343
1686439
1686631
1686823
1686871
1687111
1687171
1687183
1687507
1687531
1687627
1687783
1687831
1687843
1687999
1688047
1688143
1688179
1688263
1688299
1688371
1688623
1688803
1689067
1689199
1689211
1689319
1689343
1689367
1689379
1689739
1689847
1689907
1690219
1690231
1690267
1690303
1690483
1690519
1690603
1690687
1691023
1691359
1691419
1691479
1691647
1691827
1692043
1692199
1692247
1692511
1692583
1692679
1692727
1692871
1692907
1692967
1693303
1693579
1693807
1693987
1694083
1694167
1694191
1694227
1694443
1694551
1694599
1694767
1695091
1695139
1695163
1695283
1695319
1695403
1695439
1695511
1695559
1695823
1695847
1696099
1696291
1696327
1696363
1696423
1696459
1696543
1696711
1697071
1697083
1697107
1697287
1697299
1697347
1697407
1697503
1697551
1697587
1697719
1697767
1697959
1698007
1698127
1698259
1698379
1698511
1698607
1698643
1698799
1698871
1699063
1699279
1699639
1699879
1700059
1700287
1700383
1700431
1700563
1700683
1700719
1700767
1700851
1701043
1701079
1701151
1701391
1701439
1701643
1701727
1701859
1701871
1701967
1701979
1702171
1702219
1702291
1702423
1702783
1702807
1702819
1702867
1702879
1702903
1702927
1703203
1703563
1703599
1703731
1703983
1704103
1704211
1704343
1704463
1704487
1704511
1704559
1704679
1704919
1704931
1704991
1705111
1705387
1705399
1705579
1705819
1706179
1706191
1706227
1706251
1706311
1706323
1706527
1706539
1706659
1706743
1706791
1706863
1707127
1707331
1707367
1707379
1707403
1707631
1707907
1707919
1707931
1707943
1708051
1708087
1708207
1708339
1708351
1708411
1708639
1708783
1708807
1708963
1709131
1709143
1709203
1709251
1709527
1709599
1709611
1709671
1709767
1709863
1710139
1710307
1710403
1710439
1710607
1710691
1710799
1710871
1711051
1711279
1711291
1711327
1711399
1711471
1711519
1711651
1711687
1712551
1712839
1712899
1713319
1713343
1713403
1713559
1713847
1713883
1713919
1713931
1714003
1714147
1714159
1714171
1714183
1714387
1714423
1714507
1714651
1714723
1714759
1714819
1714831
1714939
1715047
1715059
1715107
1715407
1715479
1715767
1715899
1715911
1716163
1716271
1716619
1716667
1716691
1716943
1716991
1717063
1717567
1717591
1717603
1717627
1717951
1718107
1718131
1718251
1718371
1718407
1718467
1718503
1718599
1718707
1718719
1718791
1718863
1718947
1718971
1719187
1719547
1719583
1719643
1719799
1719859
1719931
1719943
1720039
1720183
1720219
1720231
1720291
1720339
1720363
1720399
1720639
1720843
1720867
1720951
1721023
1721227
1721323
1721371
1721383
1721407
1721767
1721887
1721983
1722031
1722067
1722163
1722199
1722211
1722307
1722319
1722463
1722607
1722667
1722883
1722991
1723003
1723063
1723219
1723291
1723327
1723639
1723651
1723723
1723747
1723807
1724059
1724083
1724263
1724683
1724887
1724971
1725127
1725151
1725307
1725343
1725379
1725499
1725583
1725811
1725907
1725991
1726159
1726171
1726267
1726303
1726339
1726411
1726447
1726567
1726591
1726603
1727023
1727071
1727179
1727491
1727503
1727527
1727779
1727827
1727851
1727923
1728019
1728043
1728091
1728247
1728319
1728403
1728439
1728511
1728547
1728583
1728691
1728871
1728907
1728967
1729051
1729279
1729327
1729447
1729543
1729591
1729687
1729723
1730119
1730167
1730299
1730623
1730671
1730851
1730887
1730959
1731091
1731199
1731571
1731643
1731703
1731823
1731931
1731991
1732231
1732327
1732579
1732723
1732831
1732867
1732891
1733227
1733311
1733383
1733539
1733623
1733647
1733659
1733791
1733827
1733899
1733911
1734043
1734151
1734367
1734511
1734547
1734559
1734727
1734739
1734883
1734907
1735159
1735339
1735423
1735519
1735579
1735627
1735651
1735771
1735807
1735843
1736071
1736131
1736419
1736563
1736599
1736971
1737007
1737031
1737079
1737103
1737331
1737403
1737427
1737691
1737871
1737979
1738003
1738183
1738327
1738411
1738543
1738591
1738699
1738783
1738843
1738903
1739347
1739359
1739443
1739587
1739599
1739839
1739911
1740199
1740223
1740379
1740523
1740631
1740703
1740787
1740931
1741063
1741099
1741111
1741171
1741351
1741603
1741651
1741687
1741723
1741807
1741891
1741903
1742359
1742539
1742647
1742659
1742707
1742947
1742971
1743127
1743271
1743523
1743727
1743739
1743811
1743919
1744027
1744063
1744087
1744111
1744231
1744243
1744279
1744423
1744507
1744531
1744543
1744579
1744663
1744723
1744819
1744891
1744927
1745311
1745431
1745467
1745647
1745707
1745851
1745911
1745923
1745971
1746007
1746139
1746211
1746259
1746439
1746463
1746607
1746907
1746967
1747003
1747087
1747303
1747327
1747363
1747483
1747531
1747579
1747699
1747723
1747891
1747903
1747951
1747987
1748083
1748239
1748407
1748419
1748491
1748503
1748599
1748911
1748959
1749031
1749211
1749247
1749271
1749499
1749703
1749859
1749991
1750183
1750423
1750687
1750747
1750927
1750999
1751083
1751143
1751419
1751551
1751587
1751623
1751767
1751791
1751947
1752007
1752187
1752271
1752319
1752631
1752691
1752799
1752811
1752823
1752871
1752979
1753051
1753519
1753603
1753747
1753951
1753963
1754143
1754287
1754359
1754527
1754743
1754803
1755043
1755319
1755451
1755511
1755571
1755583
1755727
1755739
1755799
1755823
1756171
1756231
1756267
1756471
1756591
1756639
1756687
1756747
1756819
1756903
1757143
1757191
1757311
1757491
1757527
1757779
1757911
1757923
1758139
1758283
1758307
1758391
1758739
1759003
1759171
1759291
1759507
1759711
1759867
1759939
1760047
1760071
1760359
1760659
1760923
1760947
1761127
1761307
1761367
1761379
1761703
1761763
1761847
1761883
1761919
1762087
1762207
1762279
1762531
1762627
1762711
1762771
1762963
1762987
1763431
1763491
1763539
1763611
1763623
1763719
1763851
1763887
1763959
1764067
1764151
1764319
1764391
1764691
1764727
1764979
1765051
1765063
1765147
1765507
1765579
1765627
1765759
1765831
1765891
1765987
1766227
1766539
1766707
1767091
1767211
1767307
1767331
1767427
1767487
1767523
1767679
1767919
1768003
1768303
1768339
1768399
1768423
1768471
1768639
1768651
1768747
1768759
1768771
1768903
1769227
1769323
1769431
1769539
1769623
1769791
1769839
1769863
1769947
1770151
1770259
1770271
1770331
1770511
1770547
1770583
1770739
1770763
1770859
1770871
1770919
1770991
1771027
1771387
1771411
1771423
1771459
1771531
1771543
1771747
1771879
1771963
1771999
1772107
1772359
1772467
1772647
1772851
1772923
1773007
1773259
1773283
1773439
1773511
1773523
1773571
1773907
1773979
1774027
1774183
1774303
1774363
1774447
1774699
1774723
1774879
1774939
1775419
1775491
1775671
1776091
1776223
1776499
1776739
1776751
1776787
1776847
1776967
1777267
1777459
1777543
1777687
1777807
1777879
1777891
1778011
1778059
1778071
1778299
1778323
1778443
1778551
1778719
1778731
1778899
1778971
1778983
1779007
1779163
1779619
1779691
1779703
1779871
1780027
1780351
1780411
1780447
1780483
1780663
1780879
1781287
1781359
1781407
1781503
1781551
1781707
1781743
1781779
1781851
1782139
1782211
1782463
1782499
1782511
1782559
1782607
1782619
1782679
1782883
1782931
1783051
1783219
1783423
1783447
1783519
1783543
1783699
1783843
1783867
1784023
1784203
1784227
1784239
1784527
1784551
1784599
1784659
1784707
1784743
1784767
1784911
1785019
1785319
1785331
1785643
1785691
1785811
1786039
1786087
1786219
1786459
1786639
1786711
1787143
1787179
1787251
1787323
1787407
1787479
1787587
1787659
1787683
1787707
1787899
1787911
1788187
1788271
1788331
1788439
1788487
1788667
1788727
1788739
1788763
1789483
1789519
1789603
1789783
1789891
1789927
1789987
1790071
1790203
1790443
1790539
1790623
1790647
1790671
1790683
1790707
1790863
1791043
1791319
1791403
1791463
1791487
1791523
1791679
1791787
1791967
1792027
1792039
1792051
1792159
1792507
1792543
1792579
1792591
1792603
1792663
1792759
1793023
1793047
1793119
1793227
1793383
1793419
1793479
1793647
1793767
1793983
1794007
1794127
1794223
1794271
1794427
1794439
1794523
1794679
1794703
1794787
1794811
1794823
1795039
1795279
1795327
1795363
1795531
1795603
1795639
1795867
1795891
1795987
1796059
1796071
1796107
1796143
1796227
1796503
1796527
1796803
1796863
1796947
1796983
1797307
1797319
1797331
1797379
1797547
1797751
1797847
1797967
1798051
1798123
1798171
1798207
1798351
1798591
1798603
1798747
1798891
1798987
1798999
1799107
1799179
1799251
1799503
1799527
1799563
1799839
1799887
1799923
1800067
1800259
1800499
1800727
1800787
1800811
1800823
1800859
1800907
1800979
1801003
1801039
1801867
1802083
1802107
1802239
1802407
1802491
1802503
1802599
1802659
1802719
1802803
1802839
1803031
1803103
1803127
1803163
1803211
1803523
1803667
1803811
1804063
1804447
1804687
1804711
1804819
1804927
1804939
1804963
1805059
1805203
1805227
1805299
1805359
1805371
1805911
1806031
1806151
1806223
1806331
1806487
1806631
1806643
1806943
1807027
1807063
1807171
1807231
1807711
1807807
1807999
1808071
1808119
1808167
1808491
1808539
1808959
1809079
1809319
1809403
1809751
1809763
1809823
1809859
1810219
1810363
1810423
1810507
1810723
1810819
1811059
1811083
1811167
1811179
1811443
1811743
1811767
1811851
1811899
1811923
1811959
1812091
1812103
1812199
1812271
1812379
1812439
1812823
1813003
1813039
1813219
1813351
1813387
1813447
1813639
1813699
1813939
1814047
1814083
1814107
1814119
1814143
1814179
1814467
1814611
1814719
1814803
1814983
1815007
1815199
1815259
1815271
1815403
1815523
1815559
1815631
1815691
1815799
1815871
1815883
1816027
1816051
1816099
1816159
1816207
1816279
1816387
1816411
1816543
1816699
1816783
1816963
1816987
1817131
1817311
1817839
1818067
1818079
1818307
1818499
1818703
1818727
1818787
1818871
1818919
1818931
1818979
1819063
1819123
1819183
1819471
1819603
1819651
1819711
1819723
1819759
1820023
1820047
1820311
1820347
1820407
1820431
1820527
1820671
1820743
1820947
1820983
1821019
1821427
1821487
1821571
1821679
1821847
1821871
1822003
1822027
1822867
1822903
1822939
1822963
1822999
1823011
1823047
1823119
1823191
1823407
1823659
1823719
1823827
1823863
1823911
1824007
1824139
1824259
1824271
1824331
1824367
1824523
1824847
1824871
1824943
1825003
1825207
1825531
1825591
1825699
1825711
1825819
1825963
1826059
1826491
1826563
1826611
1826863
1826887
1827127
1827139
1827151
1827283
1827367
1827379
1827487
1827583
1827799
1828003
1828051
1828243
1828291
1828507
1828627
1828759
1828831
1828867
1828903
1829011
1829119
1829227
1829299
1829479
1829563
1829623
1829911
1829923
1829959
1830307
1830391
1830523
1830559
1830571
1830931
1830967
1831003
1831051
1831111
1831171
1831243
1831339
1831399
1831507
1831747
1831783
1831807
1831831
1831867
1831939
1831987
1832011
1832071
1832179
1832251
1832371
1832407
1832419
1832791
1832839
1832863
1833019
1833067
1833259
1833343
1833439
1833487
1833523
1833631
1833763
1833919
1834207
1834243
1834303
1834447
1834639
1834663
1834747
1834783
1834831
1834879
1834999
1835083
1835131
1835227
1835467
1835527
1836031
1836151
1836259
1836427
1836511
1836727
1836931
1836943
1836979
1837123
1837159
1837399
1837663
1837867
1837879
1838047
1838131
1838167
1838191
1838203
1838299
1838371
1838527
1838743
1838923
1838983
1839091
1839283
1839427
1839463
1839559
1839631
1839787
1839919
1839967
1839991
1840171
1840231
1840327
1840459
1840651
1840711
1840723
1840843
1841011
1841071
1841107
1841251
1841599
1841659
1841779
1841911
1841947
1842067
1842079
1842151
1842187
1842199
1842523
1842619
1842703
1842727
1842811
1842847
1843063
1843087
1843099
1843159
1843423
1843591
1843771
1843999
1844131
1844179
1844287
1844383
1844503
1844527
1844683
1844707
1844827
1844863
1844923
1845139
1845187
1845307
1845331
1845499
1845583
1846231
1846567
1846843
1846903
1846939
1846951
1847023
1847239
1847347
1847359
1847563
1847623
1847767
1847803
1847887
1847983
1848031
1848103
1848247
1848607
1848667
1848751
1848787
1848811
1848823
1848859
1849087
1849147
1849171
1849207
1849279
1849291
1849399
1849423
1849579
1849711
1849723
1849831
1850119
1850347
1850503
1850587
1850767
1850803
1850839
1851043
1851139
1851163
1851259
1851271
1851403
1851547
1851559
1851667
1851763
1851907
1851991
1852051
1852087
1852159
1852171
1852327
1852363
1852447
1852663
1852699
1852771
1852819
1852843
1852951
1852987
1853107
1853167
1853239
1853503
1853563
1853611
1853647
1853743
1854019
1854067
1854187
1854211
1854247
1854271
1854331
1854487
1854679
1854763
1854859
1854943
1855123
1855207
1855267
1855411
1855519
1855531
1855591
1855627
1855687
1855759
1855807
1855891
1855951
1856059
1856083
1856119
1856227
1856347
1856419
1856443
1856599
1856947
1856983
1857139
1857151
1857283
1857343
1857391
1857679
1857931
1858183
1858267
1858279
1858459
1858531
1858579
1858603
1858711
1858807
1858891
1859071
1859083
1859323
1859479
1859863
1859899
1859911
1859971
1860007
1860163
1860583
1860763
1860847
1861039
1861267
1861351
1861567
1861663
1861711
1861807
1861831
1861879
1861927
1862023
1862347
1862359
1862383
1862647
1862683
1862923
1863067
1863151
1863403
1863583
1863787
1863871
1864003
1864039
1864267
1864363
1864399
1864483
1864507
1864711
1864879
1864987
1865011
1865023
1865119
1865203
1865263
1865419
1865443
1865491
1865551
1865587
1865671
1865839
1865887
1866031
1866091
1866211
1866223
1866283
1866343
1866451
1866859
1867003
1867039
1867183
1867219
1867651
1867783
1867819
1867867
1868059
1868107
1868371
1868599
1868719
1868863
1868947
1869271
1869379
1869403
1869487
1869547
1869631
1869691
1869823
1869991
1870207
1870279
1870411
1870507
1870591
1870639
1870651
1870711
1870807
1870879
1870927
1870951
1871743
1871827
1871839
1872043
1872319
1872427
1872691
1872799
1872943
1873147
1873159
1873231
1873471
1873507
1873699
1873771
1873831
1874083
1874107
1874263
1874443
1874527
1874599
1874767
1874839
1874923
1874959
1875103
1875163
1875403
1875487
1875499
1875751
1875859
1875943
1876291
1876339
1876507
1876747
1877107
1877179
1877299
1877443
1877479
1877503
1877671
1877683
1877983
1878043
1878091
1878187
1878403
1878451
1878883
1878979
1878991
1879099
1879279
1879351
1879459
1879567
1879807
1880023
1880287
1880467
1880647
1880707
1880899
1881031
1881079
1881151
1881211
1881223
1881391
1881499
1881511
1881619
1881751
1881799
1881907
1882039
1882099
1882147
1882183
1882519
1882939
1883023
1883047
1883191
1883383
1883407
1883551
1883647
1883671
1883971
1884199
1884343
1884451
1884679
1884907
1885159
1885171
1885183
1885243
1885267
1885291
1885339
1885363
1885423
1885567
1885603
1885711
1885879
1886011
1886047
1886107
1886119
1886179
1886503
1886611
1886623
1886659
1886671
1887019
1887079
1887091
1887307
1887511
1887619
1887727
1887811
1887967
1888063
1888123
1888267
1888279
1888351
1888879
1888927
1888963
1889131
1889143
1889311
1889347
1889359
1889383
1889491
1889527
1889707
1890211
1890331
1890523
1890547
1890643
1891039
1891111
1891147
1891291
1891447
1891579
1891663
1891711
1891807
1891843
1891927
1891951
1892119
1892239
1892299
1892383
1892563
1892827
1892887
1892911
1892983
1893427
1893643
1894003
1894063
1894099
1894171
1894603
1894639
1894687
1895071
1895083
1895119
1895167
1895191
1895263
1895359
1895479
1895539
1895623
1895767
1896019
1896031
1896151
1896199
1896259
1896451
1896547
1896607
1896667
1896823
1896991
1897171
1897279
1897459
1897627
1897639
1897843
1898023
1898107
1898131
1898179
1898383
1898431
1898467
1898539
1898887
1898959
1899187
1899511
1899523
1899907
1900111
1900231
1900267
1900291
1900363
1900687
1900711
1900831
1900903
1901131
1901191
1901299
1901371
1901407
1901563
1901839
1901923
1902127
1902379
1902391
1902463
1902619
1902643
1902763
1902883
1902931
1902991
1903003
1903063
1903207
1903387
1903459
1903579
1903639
1903747
1904179
1904191
1904263
1904467
1904479
1904719
1904803
1904827
1904971
1905031
1905199
1905331
1905583
1905691
1905703
1905727
1905979
1906063
1906123
1906183
1906603
1906627
1906699
1906711
1906831
1906867
1906963
1906987
1907023
1907071
1907107
1907527
1907599
1907863
1908031
1908043
1908259
1908367
1908679
1908787
1908871
1908967
1908979
1909003
1909111
1909147
1909183
1909267
1909363
1909399
1909807
1909951
1910023
1910047
1910059
1910263
1910287
1910527
1910551
1910611
1910683
1911031
1911079
1911163
1911199
1911211
1911523
1911787
1911919
1912063
1912147
1912387
1912507
1912531
1912543
1912831
1912903
1913047
1913251
1913287
1913467
1913539
1913551
1913683
1913719
1913983
1914067
1914103
1914163
1914259
1914379
1914427
1914487
1914691
1914739
1914967
1915051
1915267
1915423
1915471
1915483
1915531
1915567
1915663
1915891
1915939
1916023
1916251
1916311
1916443
1916599
1916647
1916779
1917079
1917187
1917259
1917367
1917427
1917463
1917511
1917571
1917859
1917871
1917931
1917943
1918003
1918087
1918219
1918303
1918327
1918363
1918471
1918507
1918519
1918687
1918771
1918879
1919311
1919347
1919383
1919647
1919719
1919767
1919839
1919851
1920199
1920211
1920271
1920427
1920487
1920571
1920679
1920883
1921063
1921327
1921363
1921687
1921723
1921747
1921771
1921819
1922047
1922119
1922407
1922491
1922563
1922611
1922803
1922983
1923127
1923151
1923307
1923403
1923547
1923763
1923787
1923811
1923871
1923991
1924231
1924243
1924459
1925059
1925071
1925311
1925323
1925359
1925383
1925431
1925563
1925611
1925719
1925779
1925827
1925863
1925899
1925971
1926031
1926079
1926187
1926259
1926283
1926439
1926487
1926571
1926907
1927087
1927111
1927327
1927399
1927411
1927507
1927687
1927867
1927903
1928167
1928371
1928383
1928419
1928539
1928767
1928947
1928959
1929163
1929271
1929307
1929523
1929559
1929607
1929751
1929847
1930219
1930447
1930543
1930603
1930783
1930927
1930939
1930963
1931143
1931227
1931299
1931623
1931647
1932223
1932367
1932487
1932631
1932703
1932871
1933123
1933159
1933171
1933339
1933663
1933747
1933759
1933783
1933819
1933891
1933927
1934071
1934131
1934167
1934299
1934419
1934539
1934563
1934683
1934707
1935067
1935079
1935139
1935163
1935691
1935751
1935763
1935799
1935811
1935823
1935859
1936159
1936183
1936219
1936303
1936327
1936339
1936399
1937443
1937587
1937659
1937731
1937959
1938163
1938199
1938271
1938367
1938451
1938571
1938787
1938847
1939039
1939183
1939243
1939279
1939339
1939351
1939543
1939591
1939699
1939867
1939939
1939999
1940047
1940083
1940143
1940371
1940443
1940479
1940551
1940971
1941091
1941103
1941187
1941307
1941343
1941367
1941403
1941547
1941559
1941607
1941739
1941799
1941931
1942027
1942099
1942207
1942411
1942459
1942519
1942747
1942891
1942939
1943023
1943107
1943131
1943251
1943311
1943443
1943467
1943587
1943803
1943827
1943863
1943911
1943923
1944067
1944079
1944223
1944379
1944499
1944583
1944727
1944763
1944823
1944931
1945003
1945051
1945183
1945303
1945399
1945483
1945519
1945579
1945627
1945651
1945687
1945843
1946011
1946443
1946563
1946671
1946731
1946767
1946779
1946839
1946851
1946947
1947091
1947151
1947307
1947487
1947499
1947607
1947667
1947703
1947811
1947919
1947991
1948099
1948147
1948171
1948603
1948759
1948987
1949179
1949251
1949359
1949371
1949539
1949791
1949839
1949911
1949947
1950043
1950187
1950271
1950667
1950691
1950703
1950763
1950979
1951123
1951303
1951483
1951591
1951603
1951627
1951819
1951843
1951867
1951879
1952023
1952311
1952323
1952563
1952647
1952779
1953043
1953151
1953331
1953463
1953547
1953727
1953943
1954003
1954087
1954111
1954159
1954231
1954291
1954327
1954483
1954639
1954951
1954987
1955131
1955203
1955251
1955407
1955491
1955959
1956091
1956211
1956391
1956439
1956631
1956667
1956763
1956883
1956991
1957027
1957099
1957147
1957243
1957651
1957663
1957759
1957831
1957903
1957939
1957999
1958107
1958287
1958707
1958731
1958899
1959019
1959091
1959523
1959583
1959739
1959787
1959799
1959847
1959883
1959943
1960279
1960639
1960711
1960771
1960879
1960891
1961059
1961107
1961131
1961347
1961419
1961467
1961527
1961863
1961887
1962139
1962211
1962271
1962283
1962319
1962403
1962787
1962943
1962967
1963219
1963411
1963471
1963543
1963639
1964119
1964203
1964311
1964323
1964671
1964947
1964983
1965091
1965247
1965391
1965451
1965619
1965631
1965967
1966123
1966219
1966387
1966399
1966507
1966819
1966963
1967011
1967047
1967299
1967479
1967587
1967683
1967947
1968019
1968163
1968331
1968403
1968871
1969207
1969423
1969447
1969519
1969567
1969819
1969987
1970359
1970431
1970491
1970599
1970719
1970791
1970923
1970959
1971007
1971199
1971451
1971799
1972123
1972147
1972231
1972291
1972483
1972591
1972627
1972807
1972939
1972987
1973011
1973299
1973407
1973527
1973563
1973779
1973911
1974163
1974319
1974547
1974559
1974751
1974883
1974919
1974967
1975147
1975243
1975387
1975399
1975423
1975543
1975651
1975819
1976011
1976371
1976683
1976911
1977163
1977187
1977223
1977259
1977343
1977631
1977667
1977979
1977991
1978027
1978051
1978063
1978087
1978159
1978267
1978531
1978567
1978663
1978771
1978807
1979143
1979323
1979359
1979491
1979539
1979563
1979899
1980067
1980079
1980103
1980247
1980283
1980367
1980607
1980763
1980907
1981159
1981267
1981471
1981543
1981627
1981663
1981687
1981699
1981867
1982059
1982083
1982191
1982203
1982371
1982443
1982779
1982803
1982839
1982887
1983019
1983103
1983379
1983427
1983463
1983523
1983559
1983859
1983931
1983967
1983979
1984159
1984327
1984351
1984363
1984459
1984471
1984639
1984711
1984747
1984783
1984867
1984891
1985287
1985491
1985551
1985587
1985791
1986043
1986067
1986199
1986223
1986547
1986631
1986871
1986991
1987099
1987123
1987231
1987291
1987339
1987483
1987519
1987543
1987879
1987987
1988323
1988611
1988671
1988683
1988887
1989007
1989151
1989259
1989307
1989499
1989571
1989583
1989619
1989643
1989787
1989847
1989979
1990039
1990111
1990327
1990507
1990579
1990759
1990831
1990867
1990951
1991047
1991131
1991239
1991359
1991443
1991491
1991551
1991623
1991707
1991779
1991947
1992031
1992163
1992343
1992643
1992883
1992919
1993363
1993591
1993603
1993687
1993759
1994119
1994143
1994191
1994227
1994299
1994479
1994623
1994659
1994743
1994911
1994959
1994983
1995187
1995211
1995223
1995547
1995607
1995691
1995727
1995883
1995967
1995979
1995991
1996171
1996207
1996279
1996411
1996711
1996879
1997059
1997119
1997179
1997419
1997431
1997539
1997587
1997647
1997683
1997707
1997719
1997851
1997899
1997911
1998019
1998067
1998127
1998223
1998319
1998379
1998427
1998691
1998943
1999111
1999219
1999303
1999471
1999651
1999771
1999867
2000083
2000671
2000959
2001127
2001163
2001199
2001211
2001247
2001463
2001487
2001751
2001847
2001919
2002207
2002387
2002459
2002471
2002579
2002603
2002723
2002783
2002867
2002927
2002939
2003011
2003083
2003119
2003191
2003359
2003611
2003647
2003767
2003803
2003839
2003863
2003971
2004271
2004463
2004511
2004559
2004631
2004763
2004811
2004931
2004943
2005027
2005231
2005459
2005879
2006071
2006239
2006287
2006299
2006443
2006491
2006671
2006707
2006779
2006923
2007043
2007067
2007079
2007091
2007151
2007391
2007487
2007631
2007763
2007871
2007919
2007979
2008051
2008483
2008663
2008939
2009011
2009083
2009167
2009239
2009251
2009299
2009311
2009407
2009983
2010103
2010451
2010559
2010571
2010703
2010727
2011027
2011099
2011111
2011171
2011183
2011507
2011543
2011903
2011939
2011951
2012011
2012047
2012083
2012287
2012299
2012323
2012407
2012611
2012719
2012767
2012827
2012839
2013019
2013043
2013079
2013127
2013163
2013247
2013307
2013439
2013511
2013703
2013727
2014027
2014099
2014267
2014303
2014351
2014423
2014459
2014567
2014591
2014951
2015107
2015179
2015287
2015347
2015359
2015491
2015599
2015731
2015779
2015863
2016031
2016367
2016403
2016439
2016583
2016607
2016787
2016943
2016967
2017471
2017579
2017627
2017987
2018167
2018287
2018299
2018383
2018623
2018671
2019211
2019463
2019487
2019679
2019751
2019811
2019847
2019859
2020003
2020027
2020387
2020423
2020471
2020507
2020663
2020723
2020819
2020891
2020939
2020999
2021119
2021143
2021179
2021191
2021251
2021647
2021659
2021671
2022187
2022283
2022331
2022403
2022487
2022583
2022619
2022883
2022991
2023027
2023159
2023171
2023207
2023267
2023447
2023531
2023603
2023639
2023843
2023951
2024179
2024419
2024611
2024779
2024863
2025043
2025211
2025643
2026303
2026327
2026447
2026471
2026627
2026819
2026831
2027023
2027239
2027371
2027383
2027659
2027719
2027731
2027911
2028139
2028199
2028487
2028667
2028679
2028703
2028847
2029003
2029063
2029123
2029207
2029243
2029351
2029399
2029411
2029567
2029711
2029723
2029759
2029879
2029891
2029939
2030467
2030911
2030947
2031067
2031187
2031223
2031283
2031487
2031691
2031907
2032171
2032339
2032519
2032627
2032663
2032711
2032759
2032783
2032819
2032879
2032951
2032999
2033167
2033179
2033299
2033359
2033503
2033611
2033719
2033743
2033971
2034139
2034211
2034283
2034367
2034427
2034619
2034979
2035303
2035447
2035507
2035531
2035567
2035591
2035687
2035867
2035879
2036071
2036131
2036299
2036323
2036479
2036527
2036623
2036803
2036911
2037019
2037067
2037247
2037307
2037379
2037391
2037523
2037643
2037751
2038027
2038039
2038291
2038507
2038579
2038639
2038747
2038783
2038819
2038831
2038867
2038951
2039071
2039119
2039143
2039179
2039287
2039407
2039467
2039623
2039911
2039971
2040019
2040151
2040211
2040319
2040559
2040919
2040943
2041027
2041051
2041159
2041183
2041231
2041387
2041447
2041483
2041783
2042059
2042107
2042179
2042203
2042323
2042419
2042647
2042851
2042923
2043007
2043187
2043259
2043511
2043571
2043751
2043931
2044027
2044099
2044111
2044243
2044411
2044507
2044519
2044759
2044963
2045047
2045311
2045347
2045371
2045587
2045599
2045731
2046271
2046391
2046463
2046487
2046607
2046631
2046727
2046787
2047063
2047183
2047219
2047387
2047471
2047567
2047819
2048107
2048419
2048911
2048983
2049043
2049331
2049451
2049547
2049643
2049667
2049727
2049919
2050231
2050459
2050567
2050579
2050639
2050843
2050963
2050987
2051059
2051251
2051263
2051323
2051479
2051719
2051743
2051767
2051851
2051887
2051923
2052187
2052331
2052511
2052859
2052907
2052943
2053087
2053291
2053339
2053423
2053627
2053699
2053819
2054011
2054023
2054131
2054347
2054443
2054491
2054623
2054707
2054839
2054851
2054947
2055019
2055103
2055199
2055679
2055751
2055847
2056111
2056279
2056363
2056399
2056459
2056603
2056687
2056843
2056891
2056903
2056927
2057023
2057179
2057227
2057299
2057431
2057479
2057611
2057659
2057683
2057791
2058019
2058103
2058223
2058379
2058439
2058559
2058619
2058691
2059063
2059207
2059231
2059243
2059303
2059339
2059411
2059459
2059711
2059747
2059807
2059819
2059843
2059879
2059891
2059927
2060059
2060203
2060287
2060347
2060503
2060599
2060671
2061079
2061271
2061331
2061379
2061391
2061427
2061583
2061691
2061907
2061967
2062063
2062147
2062267
2062303
2062339
2062651
2062807
2062891
2063167
2063563
2063587
2063707
2063731
2063839
2063983
2064031
2064247
2064343
2064379
2064427
2064511
2064523
2064571
2064679
2064703
2064919
2065267
2065363
2065411
2065579
2065759
2066059
2066083
2066179
2066203
2066287
2066443
2066683
2066971
2067019
2067379
2067451
2067691
2067739
2067799
2067883
2068063
2068123
2068267
2068279
2068387
2068399
2068639
2069239
2069251
2069503
2069647
2069707
2069827
2069923
2069959
2070043
2070067
2070319
2070427
2070559
2070619
2070643
2070823
2070907
2070931
2071087
2071123
2071339
2071471
2071543
2071591
2071687
2071723
2071879
2071939
2072023
2072131
2072383
2072479
2072491
2072647
2072731
2072839
2073067
2073103
2073163
2073199
2073607
2073667
2073787
2073811
2073823
2073859
2074159
2074207
2074243
2074507
2074543
2074687
2075263
2075299
2075323
2075539
2075551
2075587
2075743
2075803
2075947
2076259
2076271
2076307
2076367
2076619
2077027
2077303
2077351
2077483
2077591
2077639
2077771
2077807
2077891
2077987
2078107
2078287
2078347
2078371
2078431
2078611
2078647
2078707
2078719
2078827
2078959
2079079
2079127
2079199
2079247
2079463
2079631
2079787
2079823
2079943
2080003
2080219
2080339
2080363
2080543
2080591
2080723
2080759
2080807
2081047
2081311
2081383
2081407
2081479
2081491
2081647
2081671
2081719
2081923
2082127
2082247
2082391
2082463
2082499
2082607
2082631
2082667
2082739
2083219
2083387
2083399
2083531
2083819
2083867
2084107
2084179
2084227
2084263
2084287
2084311
2084359
2084443
2084479
2084503
2084611
2084671
2084767
2084791
2084899
2084947
2085007
2085247
2085379
2085487
2085511
2085691
2085739
2085943
2086243
2086339
2086351
2086363
2086423
2086459
2086519
2086543
2086639
2086879
2087167
2087287
2087383
2087419
2087539
2087791
2088139
2088367
2088403
2088511
2088631
2088643
2088679
2088787
2088907
2088979
2089039
2089051
2089123
2089303
2089447
2089543
2089627
2089651
2089807
2089831
2089939
2089951
2090131
2090191
2090227
2090239
2090251
2090623
2090923
2091247
2091319
2091343
2091487
2091619
2091631
2091667
2091703
2091847
2091931
2092039
2092099
2092291
2092327
2092351
2092543
2092687
2092723
2092759
2092999
2093071
2093323
2093359
2093467
2093503
2094091
2094271
2094331
2094343
2094523
2094691
2094727
2094751
2094811
2094943
2095591
2095651
2095747
2095759
2095771
2095831
2095927
2096071
2096431
2096791
2096959
2096971
2097211
2097223
2097427
2097499
2097643
2097679
2097727
2097763
2097787
2097859
2097967
2098183
2098351
2098471
2098639
2098651
2098699
2098903
2099059
2099203
2099263
2099287
2099479
2099623
2099659
2099707
2099731
2099743
2099887
2100031
2100247
2100403
2100451
2100523
2100559
2100859
2100991
2101003
2101111
2101207
2101243
2101327
2101423
2101651
2101807
2101867
2101903
2102083
2102143
2102251
2102311
2102323
2102431
2102467
2102479
2102623
2102647
2102791
2102839
2102851
2103007
2103151
2103163
2103583
2103667
2103859
2103919
2104051
2104087
2104147
2104423
2104483
2104591
2104699
2104723
2104747
2104759
2104951
2105071
2105203
2105287
2105347
2105407
2105419
2105431
2105503
2105611
2105767
2105863
2106463
2106619
2106631
2106847
2106931
2106943
2107051
2107087
2107327
2107447
2107543
2107627
2107747
2107759
2107771
2108047
2108059
2108347
2108443
2108551
2108599
2108767
2108983
2109067
2109103
2109127
2109607
2110027
2110063
2110099
2110183
2110291
2110399
2110519
2110543
2110579
2110627
2111167
2111359
2111539
2111839
2111959
2112079
2112127
2112151
2112499
2112511
2112571
2112703
2112727
2112871
2112919
2113159
2113459
2113471
2113567
2113603
2113819
2113843
2113987
2114059
2114227
2114251
2114323
2114347
2114407
2114743
2114887
2114971
2115187
2115319
2115331
2115427
2115499
2115511
2115727
2115823
2115943
2115979
2116039
2116063
2116123
2116183
2116327
2116447
2116519
2116579
2116591
2116627
2116651
2116663
2116747
2116783
2116987
2117119
2117131
2117623
2117671
2117743
2117887
2117971
2118031
2118091
2118163
2118283
2118343
2118667
2118703
2118751
2118811
2118871
2119087
2119147
2119363
2119399
2119603
2119651
2119699
2119783
2120119
2120143
2120227
2120263
2120551
2120731
2120779
2120947
2121127
2121187
2121199
2121403
2121631
2121667
2121739
2121943
2121979
2122123
2122231
2122843
2123047
2123167
2123203
2123239
2123491
2123683
2123707
2123743
2123791
2123851
2123971
2124007
2124043
2124139
2124223
2124247
2124319
2124403
2124667
2124679
2124943
2125087
2125111
2125147
2125219
2125327
2125471
2125699
2125831
2125939
2125987
2126167
2126203
2126227
2126407
2126491
2126587
2126767
2126779
2126851
2126923
2127163
2127343
2127379
2127427
2127607
2127667
2127679
2127739
2127751
2127787
2128039
2128099
2128183
2128327
2128387
2128447
2128531
2128603
2128747
2128783
2128831
2128891
2128963
2129011
2129047
2129107
2129119
2129203
2129263
2129431
2129551
2129587
2129599
2129779
2129887
2129971
2130307
2130343
2130367
2130439
2130523
2130619
2130631
2130703
2130727
2130979
2131039
2131231
2131267
2131531
2131603
2131699
2131771
2131951
2132107
2132239
2132311
2132323
2132359
2132371
2132419
2132467
2132539
2132827
2132899
2133031
2133367
2133403
2133427
2133799
2134003
2134267
2134303
2134399
2134471
2134519
2134831
2135083
2135191
2135347
2135383
2135407
2135479
2135563
2135611
2135779
2135851
2136019
2136091
2136139
2136247
2136391
2136451
2136559
2136643
2136919
2136991
2137423
2137507
2137687
2137879
2138251
2138263
2138371
2138551
2138803
2138971
2139043
2139091
2139199
2139283
2139367
2139463
2139583
2139691
2139919
2140207
2140231
2140279
2140447
2140459
2140531
2140543
2140603
2140807
2140987
2141059
2141071
2141311
2141467
2141647
2141731
2141791
2141827
2141947
2142043
2142067
2142403
2142463
2142499
2142583
2142643
2142823
2143039
2143087
2143147
2143231
2143483
2143543
2143567
2143579
2143759
2143831
2144011
2144167
2144251
2144287
2144323
2144371
2144383
2144407
2144419
2144479
2144491
2144551
2144671
2144707
2144731
2144743
2145067
2145103
2145307
2145343
2145379
2145487
2145547
2145631
2145823
2146051
2146219
2146327
2146387
2146423
2146531
2146723
2146759
2146939
2147071
2147251
2147359
2147407
2147503
2147611
2147731
2147767
2147839
2147863
2147911
2148019
2148043
2148163
2148187
2148199
2148343
2148379
2148403
2148451
2148547
2148583
2148799
2149087
2149171
2149207
2149351
2149591
2149711
2150023
2150131
2150227
2150671
2150683
2150719
2151031
2151139
2151211
2151271
2151319
2151403
2151607
2151619
2151703
2151943
2152123
2152159
2152231
2152399
2152483
2152663
2152831
2152879
2152939
2153059
2153083
2153299
2153419
2153491
2153551
2153779
2153839
2153959
2154127
2154487
2154499
2154643
2154667
2154967
2155171
2155183
2155207
2155291
2155327
2155579
2155603
2155711
2155723
2155963
2155999
2156023
2156071
2156083
2156299
2156491
2156647
2156851
2157007
2157091
2157163
2157307
2157319
2157343
2157451
2157511
2157523
2157559
2157667
2157679
2157763
2157907
2158027
2158231
2158423
2158459
2158483
2158567
2158627
2158699
2158843
2159023
2159083
2159239
2159359
2159383
2159419
2159671
2159719
2159779
2159887
2159923
2159959
2160031
2160247
2160463
2160967
2161303
2161699
2161843
2161903
2161927
2161987
2162059
2162191
2162203
2162239
2162659
2162899
2162911
2162947
2163067
2163163
2163547
2163571
2163703
2163751
2163787
2163883
2164039
2164111
2164171
2164387
2164447
2164639
2164963
2165083
2165143
2165323
2165467
2165659
2165959
2165971
2166007
2166127
2166403
2166523
2166547
2166691
2166763
2166919
2166943
2167003
2167063
2167183
2167339
2167351
2167447
2167519
2167531
2167747
2167987
2168059
2168107
2168143
2168239
2168263
2168323
2168347
2168599
2168671
2168743
2168827
2168851
2168863
2169007
2169031
2169151
2169331
2169499
2169511
2169571
2169619
2169799
2169859
2169967
2170111
2170159
2170291
2170423
2170627
2170723
2170783
2171107
2171311
2171347
2171383
2171527
2171551
2171623
2171707
2172031
2172067
2172343
2172559
2172619
2172679
2172727
2172967
2173183
2173219
2173243
2173411
2173531
2173651
2173711
2173819
2174023
2174047
2174119
2174287
2174299
2174407
2174479
2174539
2174587
2174923
2174947
2175007
2175079
2175127
2175223
2175331
2175451
2175559
2175727
2175763
2175787
2175871
2175907
2176087
2176351
2176387
2176411
2176423
2176591
2176627
2176639
2176771
2176807
2176843
2176891
2177167
2177239
2177323
2177431
2177467
2177503
2177599
2177779
2177827
2177899
2177971
2178139
2178151
2178223
2178283
2178343
2178367
2178511
2178571
2178643
2178679
2178691
2178763
2178823
2179039
2179291
2179327
2179543
2179831
2179867
2179939
2180083
2180107
2180119
2180371
2180491
2180527
2180551
2180587
2180719
2180911
2180923
2181031
2181139
2181247
2181379
2182027
2182039
2182099
2182387
2182399
2182567
2182603
2182759
2182819
2182867
2183107
2183227
2183359
2183383
2183431
2183683
2183719
2183791
2184151
2184199
2184223
2184307
2184331
2184499
2184547
2184583
2184667
2184703
2184727
2184967
2184991
2185279
2185387
2185567
2185699
2185723
2185747
2185987
2185999
2186011
2186203
2186227
2186287
2186467
2186551
2186563
2186683
2186707
2186719
2186791
2186827
2187043
2187103
2187259
2187319
2187331
2187511
2187727
2188111
2188159
2188231
2188327
2188411
2188447
2188531
2188639
2188651
2188663
2188687
2188831
2188987
2189167
2189227
2189419
2189491
2189563
2189599
2189767
2190031
2190043
2190091
2190103
2190271
2190499
2190823
2191171
2191363
2191471
2191507
2191687
2191711
2191951
2192251
2192299
2192431
2192623
2192947
2193007
2193019
2193031
2193127
2193259
2193463
2193643
2193739
2193883
2194267
2194351
2194531
2194579
2195059
2195287
2195311
2195359
2195383
2195467
2195527
2195671
2195827
2195863
2195899
2196031
2196067
2196079
2196331
2196367
2196499
2196583
2196871
2196967
2196979
2197087
2197387
2197651
2197771
2198011
2198191
2198227
2198407
2198419
2198527
2198671
2198767
2198887
2199163
2199247
2199427
2199499
2199523
2199739
2199823
2199931
2199979
2200291
2200339
2200423
2200483
2200543
2200711
2200747
2200867
2201107
2201119
2201371
2201443
2201623
2201839
2201971
2202007
2202379
2202439
2202451
2202547
2202559
2202631
2202703
2202799
2202919
2202931
2203063
2203087
2203099
2203111
2203303
2203447
2203519
2203711
2203771
2203843
2203939
2203951
2204023
2204047
2204071
2204143
2204731
2204827
2204863
2204887
2205043
2205067
2205187
2205319
2205451
2205547
2205787
2206123
2206219
2206327
2206471
2206483
2206543
2206591
2206663
2206723
2206759
2206843
2206999
2207143
2207203
2207299
2207311
2207347
2207587
2207719
2207911
2207983
2208067
2208103
2208127
2208343
2208463
2208559
2208751
2208847
2208931
2208991
2209003
2209027
2209579
2209639
2209663
2209687
2209699
2209747
2209891
2209903
2209939
2210011
2210107
2210227
2210371
2210407
2210419
2210431
2210623
2210779
2210947
2211019
2211127
2211259
2211883
2212051
2212099
2212123
2212351
2212387
2212447
2212471
2212519
2212723
2212747
2212783
2212891
2213143
2213191
2213347
2213923
2214007
2214103
2214559
2214679
2214691
2214907
2215051
2215099
2215111
2215159
2215327
2215387
2215399
2215471
2215531
2215651
2215783
2215903
2215987
2216167
2216299
2216479
2216551
2216563
2216587
2216743
2216803
2216839
2216887
2217211
2217247
2217283
2217343
2217379
2217643
2217799
2217967
2218063
2218171
2218351
2218831
2219083
2219251
2219467
2219551
2219647
2219731
2219839
2219947
2220151
2220199
2220307
2220367
2220403
2220787
2220919
2220979
2221159
2221231
2221447
2221567
2221711
2221771
2222071
2222203
2222239
2222251
2222383
2222503
2222527
2222599
2222611
2222659
2222683
2222719
2222839
2223043
2223187
2223211
2223283
2223499
2223607
2223679
2223943
2223967
2224063
2224231
2224267
2224447
2224507
2224687
2224879
2224939
2224987
2225203
2225263
2225407
2225491
2225599
2225659
2225851
2226163
2226307
2226403
2226571
2226619
2226811
2226859
2227003
2227063
2227207
2227327
2227507
2227531
2227543
2227627
2227639
2227723
2227831
2227963
2228011
2228119
2228143
2228323
2228431
2228659
2228971
2228983
2229247
2229307
2229379
2229523
2229547
2229691
2229883
2229991
2230051
2230339
2230351
2230411
2230483
2230531
2230699
2230759
2230783
2230819
2230951
2231059
2231107
2231311
2231431
2231479
2231599
2231623
2231707
2232199
2232271
2232427
2232463
2232487
2232511
2232583
2232751
2232859
2232931
2233123
2233267
2233303
2233723
2233843
2233867
2233939
2234227
2234539
2234563
2234671
2234707
2235043
2235067
2235091
2235139
2235199
2235271
2235283
2235307
2235319
2235511
2235631
2235811
2235943
2236183
2236207
2236327
2236651
2236711
2236999
2237071
2237119
2237479
2237503
2237551
2237899
2238043
2238091
2238127
2238211
2238259
2238487
2238619
2238631
2238703
2238799
2238931
2239123
2239519
2239591
2239639
2239711
2239759
2240431
2240647
2240779
2240839
2241139
2241247
2241427
2241559
2241583
2241691
2241727
2241751
2242231
2242291
2242363
2242519
2242651
2242663
2242687
2242843
2242951
2243203
2243251
2243359
2243383
2243419
2243587
2243623
2243743
2243803
2243851
2243887
2243959
2244139
2244163
2244199
2244283
2244559
2244667
2244751
2244787
2244811
2244883
2245147
2245171
2245351
2245459
2245483
2245543
2245627
2245687
2245759
2245783
2246143
2246323
2246359
2246383
2246551
2246791
2246851
2246863
2247019
2247127
2247163
2247379
2247439
2247499
2247523
2247559
2247691
2247811
2247919
2248087
2248123
2248171
2248243
2248303
2248423
2248447
2248531
2248567
2248591
2248639
2248663
2248723
2248867
2248927
2248999
2249059
2249179
2249251
2249311
2249419
2249431
2249743
2249911
2249983
2250223
2250247
2250403
2250763
2250799
2250931
2251147
2251471
2251507
2251591
2251687
2251771
2251807
2251903
2252011
2252407
2252587
2252623
2252743
2252779
2252911
2252983
2253127
2253247
2253283
2253451
2253487
2253739
2253763
2253847
2253919
2254099
2254243
2254327
2254507
2254687
2254831
2254951
2255083
2255119
2255251
2255263
2255299
2255551
2255731
2255767
2255971
2256043
2256127
2256259
2256343
2256559
2256619
2256703
2257051
2257207
2257291
2257483
2257531
2257639
2257771
2257819
2257987
2258167
2258203
2258251
2258287
2258419
2258527
2258539
2258743
2258791
2258863
2258947
2259211
2259391
2259823
2260039
2260051
2260267
2260327
2260519
2260651
2260723
2260759
2260771
2260903
2261023
2261071
2261227
2261599
2261803
2261839
2261851
2262067
2262391
2262451
2262499
2262619
2262643
2262679
2262811
2262823
2262847
2262859
2263171
2263243
2263423
2263507
2263531
2263579
2263687
2263759
2263843
2263879
2263927
2264191
2264239
2264359
2264443
2264539
2264551
2264611
2264719
2264839
2264863
2265079
2265163
2265223
2265271
2265331
2265391
2265631
2265943
2265979
2266039
2266063
2266087
2266183
2266267
2266447
2266471
2266519
2266531
2266591
2266639
2266711
2267071
2267131
2267143
2267383
2267563
2267611
2267623
2267827
2267971
2268139
2268247
2268271
2268319
2268403
2268451
2268691
2268979
2269039
2269159
2269327
2269447
2269507
2269699
2269711
2269843
2269867
2269879
2270011
2270071
2270131
2270239
2270263
2270383
2270407
2270551
2270599
2270791
2270839
2271067
2271151
2271163
2271271
2271307
2271571
2271859
2271883
2272351
2272471
2272603
2272819
2272939
2273083
2273119
2273143
2273239
2273431
2273503
2273743
2273911
2274007
2274031
2274127
2274247
2274367
2274487
2274691
2274703
2274763
2275243
2275327
2275423
2275447
2275591
2275639
2275747
2275771
2275879
2276059
2276251
2276311
2276383
2276431
2276551
2276707
2276779
2277211
2277259
2277307
2277343
2277403
2277547
2277571
2277727
2277823
2277871
2278027
2278291
2278303
2278519
2278807
2278831
2278891
2278963
2279083
2279119
2279239
2279419
2279491
2279527
2279707
2279839
2279911
2280079
2280163
2280283
2280319
2280403
2280451
2280463
2280547
2280559
2280631
2280823
2280847
2281039
2281099
2281183
2281243
2281291
2281327
2281567
2281579
2281687
2281711
2282323
2282407
2282431
2282587
2282719
2282899
2282971
2283019
2283091
2283403
2283451
2283511
2283691
2283703
2283727
2283943
2283991
2284027
2284207
2284339
2284423
2284879
2284951
2284963
2285071
2285131
2285167
2285251
2285323
2285347
2285359
2285587
2285683
2285743
2285779
2286187
2286511
2286763
2286799
2286979
2287039
2287111
2287183
2287291
2287507
2287687
2287699
2287891
2288059
2288119
2288239
2288263
2288347
2288479
2288527
2288719
2288731
2289127
2289163
2289211
2289247
2289379
2289571
2289667
2289739
2289751
2289871
2289919
2290039
2290471
2290543
2290747
2290831
2290927
2290999
2291119
2291143
2291539
2291563
2291623
2291659
2291803
2291911
2291983
2292079
2292163
2292403
2292427
2292439
2292523
2292547
2292643
2292751
2292919
2293183
2293231
2293267
2293303
2293483
2293531
2293567
2293591
2293771
2294059
2294251
2294311
2294359
2294491
2294671
2294707
2294827
2295019
2295103
2295259
2295547
2295583
2295619
2295691
2295763
2296039
2296171
2296219
2296363
2296447
2296519
2296687
2296699
2296807
2296939
2296999
2297011
2297203
2297311
2297587
2297671
2297731
2297887
2297983
2298007
2298019
2298103
2298139
2298151
2298211
2298343
2298391
2298427
2298607
2298631
2298787
2299039
2299111
2299147
2299303
2299327
2299387
2299603
2299711
2299867
2300071
2300143
2300443
2300611
2300719
2300731
2300803
2300839
2300911
2300959
2300971
2301031
2301199
2301283
2301619
2301727
2301811
2302087
2302099
2302159
2302291
2302303
2302387
2302411
2302879
2303239
2303251
2303563
2303599
2303779
2303971
2304103
2304139
2304223
2304283
2304403
2304607
2304787
2304823
2304931
2305003
2305027
2305111
2305279
2305291
2305339
2305363
2305411
2305483
2305651
2305903
2306023
2306119
2306131
2306191
2306527
2306587
2306671
2306851
2306911
2307031
2307091
2307103
2307163
2307307
2307391
2307499
2307703
2307871
2308003
2308219
2308279
2308387
2308507
2308531
2308699
2308723
2308783
2308819
2308903
2308939
2308963
2309011
2309227
2309287
2309323
2309371
2309551
2309803
2309863
2309911
2310067
2310223
2310331
2310367
2310463
2310547
2310559
2310643
2310667
2310703
2310739
2310871
2310907
2311051
2311123
2311159
2311363
2311747
2311819
2311879
2312539
2312707
2312923
2313247
2313427
2313511
2313667
2313799
2314231
2314591
2314699
2314723
2314759
2314843
2315023
2315059
2315167
2315227
2315263
2315347
2315371
2315407
2315491
2315503
2315539
2315707
2315947
2315983
2316331
2316343
2316571
2316679
2316967
2317267
2317327
2317363
2317387
2317723
2317747
2317891
2317927
2318119
2318191
2318467
2318611
2318623
2318731
2318863
2319091
2319151
2319379
2319487
2319727
2319763
2319883
2319907
2320051
2320243
2320387
2320519
2320627
2320639
2320699
2320807
2321383
2321563
2321863
2321887
2321899
2321959
2322031
2322079
2322211
2322247
2322283
2322367
2322583
2322667
2322967
2323003
2323099
2323411
2323423
2323939
2323987
2324419
2324683
2324731
2324899
2325067
2325319
2325343
2325559
2325703
2325811
2325823
2326063
2326183
2326279
2326459
2326567
2326747
2326903
2326963
2327191
2327251
2327323
2327371
2327383
2327539
2327683
2327911
2328259
2328307
2328331
2328463
2328559
2328619
2328691
2328883
2329027
2329231
2329303
2329339
2329387
2329519
2329687
2329699
2329819
2329891
2330143
2330431
2330491
2330539
2330719
2330959
2331187
2331283
2331367
2331391
2331463
2331583
2331691
2331859
2331871
2332123
2332219
2332387
2332399
2332483
2332507
2332651
2332663
2332783
2332831
2332903
2332987
2333059
2333083
2333119
2333167
2333203
2333239
2333347
2333407
2333467
2333647
2333707
2333731
2333887
2334019
2334091
2334139
2334307
2334403
2334463
2334547
2334643
2335063
2335111
2335183
2335219
2335243
2335363
2336023
2336251
2336263
2336287
2336407
2336431
2336479
2336623
2336839
2336863
2336911
2337043
2337091
2337163
2337319
2337367
2337547
2337667
2337691
2338123
2338207
2338351
2338627
2338783
2338951
2339107
2339131
2339179
2339263
2339371
2339611
2339683
2339719
2340007
2340187
2340223
2340367
2340727
2340763
2340787
2340847
2340931
2341111
2341447
2341459
2342047
2342071
2342203
2342227
2342419
2342443
2342623
2342671
2342779
2342839
2342959
2342983
2343031
2343139
2343163
2343307
2343343
2343487
2343571
2343619
2343643
2343787
2343883
2343967
2344327
2344387
2344471
2344651
2344819
2345047
2345179
2345479
2345731
2345803
2345971
2346259
2346271
2346523
2346727
2346847
2347063
2347171
2347339
2347447
2347567
2347711
2347999
2348011
2348179
2348251
2348347
2348371
2348383
2348491
2348539
2348707
2348779
2348851
2348959
2349091
2349343
2349367
2349547
2349643
2349727
2350111
2350123
2350291
2350339
2350591
2350723
2350903
2350951
2351047
2351263
2351347
2351731
2351743
2351779
2352139
2352223
2352583
2352643
2352787
2353027
2353063
2353279
2353387
2353399
2353411
2353423
2353639
2353723
2353759
2353867
2353927
2353951
2353987
2354083
2354263
2354311
2354467
2354479
2354563
2354587
2354623
2354731
2354899
2355019
2355079
2355403
2355439
2355559
2355883
2356303
2356339
2356351
2356363
2356411
2356423
2356531
2356771
2356867
2356903
2356927
2357059
2357167
2357287
2357527
2357743
2357863
2358043
2358247
2358283
2358331
2358439
2358463
2358547
2358571
2358583
2358751
2358859
2358991
2359111
2359183
2359219
2359303
2359339
2359459
2359471
2359723
2359831
2359843
2359891
2360023
2360131
2360443
2360551
2360707
2360851
2360887
2360971
2360983
2361031
2361343
2361379
2361427
2361631
2361823
2361883
2362111
2362159
2362363
2362651
2362747
2362939
2363047
2363107
2363191
2363359
2363539
2363623
2363947
2363971
2364127
2364163
2364199
2364223
2364367
2364487
2364619
2364667
2364727
2365243
2365267
2365351
2365459
2365603
2365639
2365999
2366071
2366083
2366311
2366347
2366527
2366647
2366743
2366827
2367007
2367259
2367427
2367487
2367619
2367679
2367691
2367931
2368039
2368159
2368579
2368759
2368843
2368963
2369347
2369383
2369707
2369779
2369863
2370103
2370391
2370451
2370499
2370523
2370559
2370607
2370703
2370811
2371003
2371087
2371099
2371111
2371123
2371147
2371207
2371267
2371423
2371651
2371711
2371819
2371879
2371927
2372011
2372179
2372239
2372347
2372371
2372467
2372479
2372659
2372683
2372731
2372971
2373079
2373103
2373187
2373403
2373487
2373583
2373667
2373823
2373907
2373979
2374051
2374063
2374447
2374483
2374531
2374591
2374699
2374963
2375167
2375179
2375431
2375491
2375719
2375743
2376079
2376331
2376643
2376859
2376967
2377003
2377267
2377411
2377447
2377471
2377591
2377699
2377927
2378023
2378119
2378143
2378179
2378191
2378359
2378371
2378443
2378479
2378491
2378671
2379067
2379259
2379499
2379631
2379703
2379799
2380003
2380123
2380303
2380363
2380387
2380471
2380627
2381011
2381083
2381107
2381143
2381179
2381191
2381263
2381503
2381791
2381839
2381983
2382151
2382307
2382451
2382511
2382559
2382739
2382871
2382883
2382943
2383567
2383999
2384023
2384071
2384323
2384971
2385139
2385199
2385211
2385259
2385319
2385463
2385499
2385571
2385619
2385679
2385727
2385751
2385787
2385847
2385907
2385919
2385931
2385979
2386051
2386183
2386291
2386399
2386459
2386507
2386591
2386627
2386663
2386999
2387167
2387299
2387347
2387383
2387419
2387563
2387767
2387839
2387911
2388031
2388103
2388163
2388247
2388499
2388559
2388679
2388703
2388871
2389063
2389183
2389279
2389483
2389507
2389531
2389567
2389747
2389831
2390023
2390071
2390191
2390263
2390299
2390611
2390767
2390803
2391043
2391127
2391439
2391523
2391547
2391583
2391799
2391847
2391859
2391979
2392099
2392183
2392267
2392303
2392447
2392459
2392519
2392591
2392891
2393071
2393179
2393467
2393647
2393683
2393707
2393899
2393971
2394079
2394151
2394187
2394319
2394571
2394643
2394823
2394859
2394871
2395039
2395399
2395411
2395651
2395807
2395867
2396047
2396131
2396239
2396587
2396659
2396731
2396803
2396851
2396923
2396959
2397103
2397127
2397139
2397151
2397259
2397319
2397487
2397511
2397523
2397823
2397847
2397991
2398027
2398111
2398147
2398171
2398183
2398243
2398267
2398423
2398471
2398603
2398699
2398867
2398987
2399011
2399119
2399143
2399323
2399359
2399407
2399539
2399611
2399791
2399911
2400019
2400187
2400271
2400367
2400511
2400667
2401159
2401207
2401219
2401339
2401423
2401447
2401603
2401639
2401807
2401891
2402203
2402383
2402611
2402791
2402839
2403007
2403019
2403211
2403319
2403403
2403547
2403619
2403679
2403691
2403859
2403931
2404111
2404147
2404159
2404291
2404387
2404399
2404471
2404483
2404723
2404771
2404879
2405107
2405203
2405239
2405251
2405527
2405563
2405707
2405983
2406091
2406139
2406199
2406307
2406379
2406463
2406631
2406643
2406847
2406919
2407003
2407099
2407147
2407219
2407351
2407399
2407507
2407543
2407579
2407687
2407711
2407891
2407963
2408011
2408179
2408227
2408239
2408431
2408503
2408563
2408587
2408683
2408899
2408971
2409163
2409259
2409271
2409607
2409727
2409907
2410027
2410123
2410339
2410519
2410627
2410687
2410711
2410747
2410783
2410927
2410939
2410999
2411203
2411239
2411287
2411503
2411971
2412391
2412439
2412643
2412679
2412763
2412799
2412847
2413111
2413123
2413267
2413291
2413339
2413471
2413483
2413519
2413531
2413771
2413927
2413951
2414107
2414131
2414239
2414263
2414299
2414371
2414443
2414551
2414791
2414851
2414887
2414911
2414947
2414983
2415031
2415103
2415271
2415463
2415487
2415499
2415559
2415571
2415607
2415631
2415703
2416003
2416039
2416243
2416303
2416399
2416927
2416963
2417083
2417119
2417131
2417251
2417347
2417431
2417551
2417683
2417743
2417827
2417971
2417983
2418007
2418079
2418319
2418343
2418379
2418439
2418463
2418511
2418523
2418883
2418907
2419159
2419603
2419639
2419819
2419987
2420071
2420179
2420287
2420371
2420611
2420707
2420779
2420827
2420959
2421031
2421247
2421511
2421907
2422111
2422207
2422267
2422327
2422351
2422411
2422447
2422543
2422627
2422699
2422759
2422807
2422939
2423023
2423227
2423383
2423419
2423563
2423731
2423803
2423851
2424091
2424199
2424391
2424427
2424559
2424967
2425039
2425363
2425459
2425567
2425723
2425783
2426059
2426107
2426119
2426143
2426299
2426443
2426467
2426899
2427043
2427091
2427211
2427499
2427547
2427643
2427847
2427883
2428123
2428267
2428303
2428711
2428771
2428879
2428891
2428999
2429059
2429107
2429143
2429239
2429299
2429311
2429503
2429599
2429851
2429899
2429923
2429971
2430007
2430427
2430607
2430763
2430871
2431003
2431519
2431543
2431579
2431711
2431843
2431879
2431987
2432119
2432179
2432239
2432263
2432371
2432587
2432659
2432743
2432923
2433103
2433127
2433139
2433307
2433451
2433679
2433931
2433979
2434063
2434099
2434123
2434183
2434351
2434387
2434447
2434507
2434687
2434903
2435011
2435179
2435311
2435443
2435551
2435731
2435803
2435863
2436067
2436163
2436703
2436739
2436979
2437147
2437159
2437207
2437219
2437423
2437531
2437639
2437999
2438071
2438179
2438203
2438239
2438383
2438503
2438563
2438671
2438791
2439091
2439247
2439379
2439499
2439511
2439571
2439907
2440003
2440267
2440327
2440411
2440447
2440579
2440699
2440807
2440831
2440951
2441083
2441119
2441167
2441311
2441347
2441407
2441599
2441767
2442199
2442463
2442499
2442547
2442571
2442667
2442943
2442967
2443027
2443219
2443387
2443531
2443867
2443927
2443939
2443963
2443999
2444083
2444119
2444251
2444263
2444287
2444359
2444383
2444467
2444887
2444899
2444983
2445259
2445343
2445379
2445451
2445463
2445907
2445967
2445979
2445991
2446099
2446159
2446207
2446567
2446603
2446747
2446819
2446879
2446891
2447023
2447059
2447239
2447251
2447359
2447479
2447491
2447611
2447647
2447743
2447923
2447971
2448007
2448067
2448079
2448367
2448679
2448871
2449039
2449147
2449159
2449219
2449231
2449327
2449399
2449471
2449483
2449519
2449639
2449963
2449987
2450083
2450191
2450491
2450551
2450599
2450671
2450779
2450863
2450887
2450911
2450947
2451079
2451307
2451343
2451643
2451667
2451847
2451907
2451991
2452003
2452111
2452123
2452147
2452207
2452399
2452543
2452603
2452699
2452759
2452783
2452831
2452903
2452939
2452963
2453119
2453179
2453251
2453443
2453467
2453887
2454007
2454043
2454079
2454343
2454619
2454631
2454703
2454847
2455183
2455207
2455279
2455339
2455447
2455699
2455711
2455771
2455987
2456131
2456323
2456359
2456431
2456539
2456743
2457031
2457079
2457139
2457283
2457319
2457439
2457607
2457667
2457727
2457823
2458003
2458039
2458063
2458411
2458663
2458759
2458831
2458843
2458867
2458879
2459011
2459311
2459371
2459383
2459491
2459623
2459659
2459707
2459923
2460127
2460487
2460499
2460607
2460643
2460859
2460919
2461171
2461231
2461423
2461819
2461831
2461891
2462287
2462431
2462791
2462827
2463151
2463163
2463187
2463511
2463583
2463619
2463667
2463763
2463871
2463883
2463907
2463991
2464051
2464123
2464207
2464603
2464663
2464783
2465059
2465167
2465251
2465539
2465563
2465599
2465851
2466187
2466271
2466427
2466463
2466571
2466619
2466787
2466907
2467447
2467471
2467519
2467579
2467603
2467867
2467903
2467951
2467963
2468047
2468131
2468227
2468239
2468311
2468371
2468419
2468443
2468527
2468707
2469283
2469319
2469559
2469847
2469931
2470003
2470063
2470099
2470327
2470471
2470579
2470603
2470891
2470903
2470939
2471047
2471071
2471107
2471251
2471299
2471323
2471503
2471551
2471863
2471899
2471947
2471983
2472559
2473027
2473039
2473099
2473291
2473423
2473567
2473879
2473951
2474071
2474239
2474287
2474383
2474431
2474611
2474743
2474827
2474851
2474863
2475019
2475223
2475331
2475367
2475547
2475751
2475799
2475859
2476039
2476651
2476723
2476867
2477107
2477263
2477407
2477611
2477623
2477851
2477911
2477947
2478067
2478187
2478211
2478271
2478403
2478523
2478631
2478703
2479327
2479567
2479903
2479927
2479987
2480083
2480227
2480263
2480287
2480323
2480479
2480503
2480587
2480671
2480683
2480911
2481019
2481043
2481091
2481727
2481811
2481859
2481979
2482147
2482243
2482279
2482339
2482351
2482411
2482531
2482567
2482747
2482783
2482807
2483059
2483179
2483431
2483599
2483707
2483827
2484127
2484151
2484259
2484319
2484571
2484679
2484871
2484919
2484931
2485003
2485123
2485159
2485183
2485303
2485339
2485507
2485627
2485759
2485807
2485831
2486059
2486167
2486191
2486203
2486371
2486383
2486443
2486551
2486563
2486623
2486767
2487091
2487139
2487307
2487391
2487523
2487571
2487739
2487811
2487883
2487931
2488219
2488327
2488363
2488687
2488723
2488891
2489107
2489143
2489659
2489671
2489947
2490079
2490091
2490127
2490139
2490283
2490307
2490451
2490583
2490667
2490811
2490907
2491063
2491087
2491123
2491171
2491207
2491243
2491327
2491339
2491387
2491471
2491519
2491711
2492023
2492143
2492227
2492239
2492311
2492563
2492599
2492827
2492851
2493187
2493259
2493511
2493727
2493943
2493979
2494447
2494543
2494831
2494951
2495203
2495239
2495299
2495323
2495443
2495551
2495767
2495803
2495851
2495887
2495947
2496103
2496199
2496379
2496607
2496667
2496919
2497003
2497039
2497207
2497423
2497447
2497903
2497939
2498107
2498131
2498143
2498179
2498239
2498299
2498359
2498407
2498539
2498707
2499151
2499163
2499403
2499439
2499619
2499631
2499727
2499907
2499943
2499967
2500027
2500051
2500159
2500171
2500339
2500363
2500591
2500639
2500651
2500747
2500759
2500783
2500807
2500843
2500879
2500999
2501071
2501131
2501143
2501251
2501299
2501383
2501791
2501899
2501923
2501959
2502151
2502163
2502259
2502391
2502571
2502583
2502667
2502931
2503183
2503327
2503651
2503663
2504011
2504167
2504407
2504479
2504503
2504767
2504779
2505163
2505259
2505271
2505343
2505379
2505487
2505499
2505691
2505847
2505859
2505991
2506099
2506279
2506363
2506687
2506723
2506759
2507047
2507227
2507251
2507587
2507647
2507707
2507719
2507731
2507767
2507863
2507899
2508043
2508091
2508151
2508379
2508511
2508559
2508691
2508787
2508871
2509027
2509123
2509483
2509531
2509627
2509807
2509891
2509963
2510023
2510107
2510491
2510551
2510707
2510743
2510971
2511043
2511247
2511259
2511307
2511319
2511343
2511451
2511547
2511643
2511799
2512087
2512219
2512303
2512339
2512399
2512459
2512507
2512723
2512747
2512759
2512771
2512843
2513011
2513083
2513131
2513143
2513347
2513443
2513503
2513527
2513551
2513659
2513803
2513827
2513839
2514019
2514091
2514139
2514163
2514247
2514427
2514451
2514679
2514931
2514943
2514991
2515147
2515339
2515531
2515627
2515687
2516263
2516491
2516659
2516863
2516947
2516971
2517007
2517079
2517127
2517271
2517439
2517499
2517583
2517631
2517799
2517811
2517847
2517919
2518231
2518267
2518387
2518591
2518687
2518783
2518927
2518987
2519131
2519347
2519611
2519707
2519899
2520031
2520079
2520151
2520211
2520247
2520283
2520319
2520367
2520907
2520943
2520979
2521039
2521147
2521327
2521339
2521591
2521807
2521843
2522011
2522119
2522227
2522263
2522371
2522407
2522431
2522659
2522743
2523223
2523343
2523379
2523487
2523931
2523943
2523967
2524003
2524087
2524351
2524471
2524531
2524579
2524747
2524927
2524939
2525011
2525071
2525179
2525323
2525371
2525443
2525623
2525647
2526127
2526187
2526211
2526547
2526583
2526631
2526763
2526787
2526847
2526883
2526991
2527087
2527099
2527111
2527207
2527279
2527639
2528371
2528419
2528599
2528791
2528899
2528923
2529367
2529391
2529403
2529463
2529547
2529607
2529619
2529643
2529799
2530039
2530111
2530159
2530663
2530699
2530783
2530831
2530867
2530987
2531083
2531167
2531203
2531371
2531443
2531563
2531803
2531923
2531983
2532067
2532307
2532559
2532823
2532883
2533039
2533291
2533507
2533651
2533747
2533807
2533939
2534047
2534179
2534431
2534443
2534551
2534647
2534731
2534767
2534863
2534947
2535019
2535067
2535187
2535199
2535271
2535307
2535367
2535487
2535919
2536087
2536099
2536123
2536159
2536423
2536483
2536579
2536999
2537287
2537347
2537503
2537551
2537851
2537911
2537923
2538103
2538139
2538331
2538427
2538451
2538499
2538511
2538691
2538751
2538871
2539267
2539399
2539519
2539531
2539543
2539699
2539951
2539963
2540179
2540203
2540407
2540443
2540479
2540563
2541127
2541151
2541391
2541439
2541499
2541547
2541703
2541739
2541883
2541967
2542363
2542399
2542471
2542531
2542567
2542759
2542999
2543143
2543287
2543479
2543551
2543647
2543719
2543899
2544163
2544187
2544247
2544307
2544331
2544343
2544523
2544571
2544631
2544691
2544739
2544811
2544907
2544931
2545159
2545363
2545447
2545519
2545687
2545783
2545843
2545927
2546119
2546143
2546239
2546443
2546539
2546563
2546611
2546683
2546899
2546959
2547031
2547211
2547247
2547619
2547967
2548003
2548111
2548543
2548771
2548879
2549119
2549191
2549203
2549383
2549431
2549479
2549647
2549731
2549863
2549887
2550019
2550319
2550343
2550403
2550619
2550703
2550727
2550859
2550871
2550991
2551063
2551099
2551279
2551603
2551639
2551651
2551687
2551723
2551831
2551867
2551903
2551999
2552047
2552107
2552119
2552191
2552359
2552503
2552587
2552611
2552647
2552659
2552983
2553403
2553511
2553547
2553559
2553631
2553751
2553823
2553871
2553907
2554087
2554231
2554339
2554711
2554807
2554891
2555131
2555251
2555647
2555779
2555863
2556067
2556079
2556139
2556187
2556331
2556403
2556559
2556607
2556871
2557063
2557111
2557351
2557447
2557507
2557519
2557567
2557663
2557843
2557879
2557963
2558011
2558047
2558203
2558239
2558419
2558527
2558779
2559247
2559283
2559379
2559523
2559607
2559631
2559703
2559751
2559787
2559811
2560099
2560147
2560219
2560279
2560303
2560351
2560471
2560603
2560639
2560759
2560783
2560891
2560927
2560939
2561071
2561179
2561191
2561263
2561431
2561551
2561659
2561731
2561863
2561899
2562163
2562199
2562559
2562667
2562691
2562751
2562907
2563063
2563087
2563207
2563387
2563819
2563927
2564203
2564251
2564719
2565007
2565103
2565139
2565151
2565319
2565463
2565643
2565679
2565799
2565847
2565907
2566183
2566327
2566339
2566411
2566519
2566687
2566699
2566747
2566867
2566939
2567347
2567491
2567611
2567623
2567671
2567779
2568031
2568427
2568499
2569003
2569027
2569459
2569543
2569759
2569891
2569927
2569939
2570011
2570047
2570119
2570251
2570311
2570371
2570431
2570467
2570539
2570611
2570683
2571031
2571307
2571451
2571619
2571703
2571823
2571871
2572099
2572231
2572267
2572279
2572483
2572519
2572663
2573059
2573143
2573287
2573383
2573707
2574007
2574043
2574151
2574391
2574499
2574511
2574727
2574751
2574763
2574799
2574811
2574967
2575123
2575147
2575231
2575327
2575411
2575543
2575723
2575831
2575843
2575879
2576263
2576323
2576407
2576467
2576599
2576683
2576731
2577283
2577343
2577427
2577511
2577571
2577667
2577739
2578003
2578027
2578087
2578099
2578111
2578423
2578603
2578759
2578963
2579119
2579179
2579323
2579623
2579659
2579719
2579803
2579827
2580187
2580511
2580547
2580619
2580667
2580691
2580703
2580811
2580931
2581027
2581123
2581171
2581531
2581639
2581687
2581699
2581771
2581963
2582071
2582311
2582323
2582383
2582491
2582611
2582719
2582779
2582863
2582971
2583019
2583127
2583187
2583223
2583283
2583331
2583391
2583463
2583547
2583727
2583859
2584111
2584147
2584159
2584807
2584843
2584987
2585491
2585623
2585647
2585743
2585827
2585839
2585983
2586127
2586139
2586271
2586379
2586391
2586631
2586667
2586811
2586823
2586847
2586931
2587099
2587279
2587399
2587423
2587567
2587639
2587747
2587759
2587939
2588071
2588107
2588203
2588227
2588359
2588767
2588827
2588983
2589007
2589127
2589199
2589487
2589607
2589619
2589679
2589799
2589991
2590039
2590051
2590279
2590891
2591023
2591143
2591167
2591263
2591419
2591539
2591551
2591683
2591767
2591779
2591791
2591899
2591971
2592067
2592103
2592199
2592259
2592547
2592691
2592763
2592847
2593039
2593051
2593147
2593183
2593363
2593399
2593543
2593627
2593651
2594023
2594167
2594227
2594479
2594671
2594707
2594923
2594959
2594983
2595139
2595283
2595319
2595331
2595559
2595583
2595643
2595667
2595787
2595919
2596147
2596339
2596351
2596459
2596603
2596639
2596663
2596687
2596927
2597011
2597047
2597059
2597191
2597263
2597299
2597323
2597359
2597407
2597467
2597899
2597911
2598091
2598151
2598199
2598259
2598367
2598403
2598439
2598523
2598811
2598907
2598919
2599087
2599243
2599591
2599627
2599747
2599783
2599819
2599999
2600011
2600119
2600251
2600287
2600383
2600467
2600503
2600599
2600707
2601259
2601331
2601367
2601439
2601451
2601463
2601523
2601607
2601763
2601787
2601931
2601943
2602087
2602267
2602291
2602507
2602603
2603047
2603059
2603239
2603299
2603443
2603479
2603743
2603851
2603911
2604127
2604139
2604307
2604391
2604439
2604499
2604523
2604559
2604907
2605171
2605363
2605411
2605483
2605531
2605543
2605579
2605747
2605819
2605927
2606011
2606179
2606407
2606503
2606551
2606587
2606683
2606731
2606767
2606803
2607271
2607403
2607523
2607799
2607991
2608159
2608303
2608351
2608387
2608447
2608483
2608663
2608699
2609059
2609071
2609083
2609107
2609263
2609311
2609407
2609491
2609539
2609599
2609671
2609683
2609731
2609791
2609899
2610211
2610259
2610463
2610583
2610607
2610679
2610823
2610919
2610943
2610967
2611051
2611087
2611111
2611123
2611159
2611507
2611579
2611663
2611699
2611723
2611951
2612083
2612167
2612347
2612383
2612419
2612539
2612851
2612947
2612983
2613043
2613139
2613151
2613211
2613343
2613487
2613607
2613679
2613739
2613847
2613883
2613991
2614063
2614159
2614219
2614351
2614363
2614459
2614471
2614567
2614699
2614771
2614999
2615047
2615083
2615227
2615287
2615527
2615551
2615623
2615659
2615719
2615731
2615803
2615839
2615971
2615983
2616007
2616199
2616331
2616379
2616703
2617171
2617207
2617243
2617267
2617411
2617519
2617567
2617591
2617807
2618023
2618047
2618107
2618347
2618467
2618839
2619103
2619667
2619691
2619787
2619871
2619931
2620003
2620087
2620207
2620231
2620279
2620339
2620483
2620507
2620591
2620927
2620939
2620951
2621119
2621131
2621167
2621239
2621347
2621371
2621527
2621551
2621767
2621779
2621923
2622031
2622091
2622211
2622283
2622343
2622439
2622511
2622559
2622679
2623099
2623111
2623147
2623207
2623279
2623351
2623459
2623531
2623639
2623711
2623723
2623783
2624107
2624191
2624203
2624263
2624539
2624623
2624659
2624767
2624899
2624911
2624971
2625079
2625223
2625307
2625487
2625619
2625691
2625811
2626027
2626171
2626447
2626543
2626567
2626639
2626699
2626879
2626927
2627059
2627143
2627203
2627563
2627671
2627791
2627971
2628139
2628499
2628811
2628979
2629051
2629267
2629351
2629447
2629507
2629591
2629651
2629687
2629927
2630371
2630587
2630599
2630707
2630839
2630863
2630923
2631019
2631091
2631103
2631271
2631283
2631487
2631631
2631919
2632099
2632111
2632219
2632387
2632471
2632543
2632687
2632723
2632759
2632999
2633227
2633263
2633359
2633443
2633467
2633539
2633899
2633947
2634403
2634427
2634523
2634631
2634691
2634871
2634991
2635387
2635411
2635447
2635543
2635747
2635783
2635879
2635891
2635987
2636059
2636107
2636143
2636203
2636323
2636503
2636527
2636539
2636671
2637259
2637331
2637763
2637799
2637919
2637931
2638039
2638231
2638267
2638327
2638567
2638579
2638651
2638687
2638771
2638879
2639083
2639179
2639239
2639431
2639491
2639587
2639827
2639887
2639971
2640139
2640271
2640343
2640367
2640571
2640643
2640739
2641039
2641099
2641279
2641363
2641411
2641459
2641531
2641567
2641687
2641939
2642179
2642203
2642323
2642359
2642791
2642839
2642971
2643019
2643079
2643307
2643331
2643343
2643427
2643523
2643547
2643559
2643583
2643871
2643943
2644063
2644339
2644387
2644627
2644879
2644891
2645263
2645311
2645359
2645431
2645527
2645647
2645779
2645827
2645899
2645971
2646079
2646247
2646571
2646583
2646967
2647003
2647111
2647471
2647627
2647891
2647951
2647987
2648083
2648131
2648167
2648227
2648263
2648419
2648479
2648563
2648623
2648707
2648731
2648911
2648959
2649067
2649091
2649139
2649487
2649679
2649811
2649967
2650027
2650399
2650567
2650579
2650639
2650783
2651083
2651191
2651443
2651503
2651611
2651683
2651791
2651899
2651911
2651947
2652007
2652439
2652487
2652511
2652667
2652847
2652883
2652943
2653327
2653591
2653951
2653999
2654011
2654059
2654143
2654359
2654383
2654503
2654647
2654719
2655151
2655259
2655403
2655463
2655571
2655607
2655643
2655691
2655727
2655799
2655943
2656051
2656183
2656351
2656363
2656387
2656399
2656699
2656783
2656807
2656831
2656987
2657023
2657047
2657059
2657143
2657203
2657407
2657563
2657731
2657779
2657887
2657911
2657947
2658067
2658247
2658379
2658391
2658451
2658463
2658559
2658703
2658751
2658787
2658847
2658871
2658883
2659243
2659483
2659567
2659663
2659903
2659963
2659999
2660011
2660071
2660107
2660179
2660587
2660611
2660659
2660767
2660803
2660839
2661079
2661271
2661331
2661391
2661403
2661427
2661739
2661871
2661943
2661991
2662027
2662123
2662207
2662339
2662567
2662783
2662903
2663107
2663251
2663299
2663347
2663359
2663431
2663467
2663527
2663803
2663887
2664307
2664439
2664511
2664547
2664691
2664811
2664859
2664931
2664967
2665027
2665051
2665291
2665363
2665483
2665627
2665687
2665771
2665843
2665939
2666227
2666383
2666491
2666647
2666743
2666779
2666887
2667019
2667031
2667199
2667211
2667451
2667499
2667571
2667667
2667859
2667883
2667919
2668027
2668063
2668219
2668243
2668363
2668399
2668459
2668903
2668999
2669011
2669047
2669431
2669659
2669767
2669803
2669959
2670223
2670331
2670439
2670463
2670667
2670739
2670931
2671063
2671087
2671171
2671183
2671231
2671447
2671663
2671843
2671927
2671939
2671987
2672023
2672143
2672323
2672671
2672779
2673019
2673067
2673259
2673283
2673331
2673499
2673511
2673523
2673751
2673763
2673787
2673859
2673871
2673883
2674039
2674123
2674267
2674303
2674363
2674543
2674579
2674879
2674927
2675011
2675131
2675191
2675347
2675419
2675479
2675527
2675731
2675839
2675983
2676067
2676127
2676139
2676307
2676403
2676523
2676643
2676679
2676811
2676823
2676847
2676907
2677099
2677183
2677291
2677447
2677639
2677747
2677783
2677819
2677903
2678047
2678119
2678167
2678227
2678251
2678323
2678359
2678551
2678587
2678623
2678719
2679139
2679163
2679199
2679403
2679463
2679511
2679619
2679667
2679763
2679811
2679847
2679871
2679967
2679979
2680003
2680087
2680471
2680771
2680807
2680819
2680879
2680999
2681059
2681167
2681347
2681683
2681719
2681827
2681863
2682067
2682247
2682319
2682331
2682751
2682859
2683003
2683147
2683339
2683363
2683543
2683771
2683903
2684083
2684203
2684299
2684347
2684371
2684431
2684527
2684587
2684599
2684659
2684743
2684923
2684959
2684971
2685019
2685211
2685247
2685259
2685343
2685523
2685547
2685607
2685967
2686039
2686063
2686111
2686207
2686219
2686291
2686603
2686759
2687239
2687323
2687467
2687491
2687551
2687647
2687827
2687899
2687983
2688187
2688223
2688451
2688523
2688559
2688667
2688799
2688859
2688883
2689171
2689303
2689339
2689411
2689651
2689699
2689711
2689747
2689783
2689807
2690059
2690071
2690179
2690239
2690299
2690383
2690491
2690587
2690599
2690671
2690719
2690827
2690959
2691043
2691067
2691187
2691223
2691439
2691463
2691571
2691907
2691979
2692003
2692087
2692147
2692159
2692303
2692411
2692519
2692747
2692999
2693023
2693059
2693071
2693203
2693227
2693263
2693479
2693671
2693707
2693731
2693767
2693851
2693923
2694031
2694103
2694199
2694343
2694499
2694631
2694691
2694847
2695003
2695291
2695351
2695471
2695507
2695711
2695831
2695999
2696203
2696299
2696311
2696647
2696731
2696779
2697007
2697043
2697151
2697307
2697379
2697451
2697511
2697547
2697727
2697763
2697991
2698027
2698099
2698231
2698279
2698387
2698471
2698687
2698819
2698951
2699287
2699383
2699419
2699479
2699611
2699647
2699803
2699887
2700091
2700211
2700427
2700463
2700583
2700727
2700823
2700967
2701267
2701483
2701579
2701627
2701687
2701723
2701903
2701987
2702059
2702347
2702671
2702839
2703067
2703139
2703163
2703199
2703271
2703427
2703667
2703739
2704027
2704291
2704543
2704567
2704711
2704747
2704831
2704927
2704963
2705047
2705071
2705251
2705299
2705359
2705383
2705623
2705827
2705863
2706079
2706343
2706559
2706667
2706679
2706727
2706799
2707039
2707087
2707099
2707387
2707423
2707591
2707603
2707711
2707843
2707987
2708071
2708311
2708347
2708467
2708611
2708683
2708983
2709079
2709199
2709319
2709391
2709823
2709859
2710039
2710087
2710111
2710339
2710363
2710447
2710663
2710699
2710723
2710831
2710867
2710963
2711119
2711743
2711803
2712019
2712667
2712811
2712859
2712883
2713111
2713651
2713939
2714011
2714083
2714227
2714287
2714443
2714539
2714659
2714707
2714731
2714983
2715079
2715367
2715487
2715523
2715619
2715847
2716027
2716159
2716279
2716327
2716423
2716543
2716591
2716603
2716699
2716843
2716951
2716999
2717107
2717131
2717287
2717563
2717683
2717899
2718127
2718187
2718223
2718319
2718367
2718559
2718679
2718811
2718907
2718931
2718967
2719111
2719219
2719291
2719411
2719447
2719567
2719699
2719903
2720191
2720239
2720251
2720299
2720563
2720623
2720671
2720899
2721031
2721163
2721247
2721307
2721319
2721799
2722063
2722219
2722399
2722831
2722939
2722963
2722987
2722999
2723143
2723323
2723431
2723503
2723719
2723731
2723827
2723911
2723947
2724067
2724079
2724703
2724727
2724979
2725027
2725231
2725267
2725279
2725699
2725711
2725819
2725927
2725963
2726023
2726107
2726287
2726683
2726743
2726887
2726923
2726959
2727007
2727223
2727379
2727451
2727559
2727679
2727979
2728051
2728447
2728471
2728519
2728543
2728819
2729059
2729347
2729443
2729491
2729803
2729887
2730271
2730439
2730487
2730703
2730751
2730811
2730823
2730919
2730967
2730991
2731063
2731207
2731243
2731291
2731327
2731579
2731783
2731903
2732407
2732503
2732539
2733007
2733043
2733091
2733127
2733259
2733271
2733331
2733403
2733547
2733559
2733799
2733823
2734027
2734159
2734243
2734279
2734339
2734663
2734819
2734867
2734891
2735023
2735143
2735323
2735527
2735611
2735671
2735683
2735899
2735923
2735959
2736043
2736067
2736367
2736403
2736499
2736511
2736571
2736583
2736691
2736787
2736967
2737003
2737171
2737183
2737219
2737363
2737411
2737699
2738059
2738119
2738167
2738191
2738251
2738347
2738371
2738539
2738599
2738623
2738779
2739031
2739103
2739127
2739223
2739283
2739379
2739559
2739631
2739643
2739931
2739991
2740027
2740207
2740219
2740291
2740567
2740831
2740867
2741083
2741143
2741227
2741287
2741887
2741971
2742163
2742247
2742343
2742547
2742667
2742739
2742799
2742871
2742979
2742991
2743207
2743243
2743387
2743423
2743483
2743567
2743627
2743747
2744083
2744323
2744347
2744359
2744491
2744563
2744587
2744719
2744779
2745031
2745103
2745283
2745571
2745607
2745859
2745907
2746111
2746123
2746147
2746207
2746327
2746339
2746483
2746543
2746651
2746663
2746699
2746819
2746999
2747023
2747071
2747119
2747131
2747179
2747491
2747551
2747671
2747803
2747911
2747959
2748391
2748643
2748703
2748919
2749027
2749207
2749363
2749387
2749447
2749531
2749567
2749891
2750071
2750287
2750347
2750431
2750479
2750623
2750827
2750983
2751187
2751667
2751703
2751799
2751811
2752051
2752231
2752531
2752639
2752723
2752843
2752879
2752987
2753131
2753143
2753287
2753323
2753467
2753599
2753719
2753791
2753851
2754067
2754091
2754523
2754751
2754859
2754907
2755111
2755219
2755231
2755267
2755447
2755471
2755663
2755759
2756011
2756119
2756191
2756491
2756563
2756587
2756599
2756671
2756731
2756791
2756959
2757019
2757091
2757211
2757259
2757319
2757379
2757463
2757607
2757883
2758003
2758099
2758243
2758291
2758447
2758507
2758711
2758771
2758963
2758999
2759167
2759431
2759443
2759467
2759479
2759539
2759599
2759683
2760019
2760151
2760223
2760379
2760403
2760559
2760631
2760811
2760847
2760883
2760991
2761111
2761267
2761279
2761567
2761711
2761819
2761903
2761999
2762083
2762491
2762527
2762647
2762671
2762779
2762839
2763463
2763511
2763583
2763751
2763763
2763811
2763931
2764039
2764087
2764123
2764147
2764543
2764579
2764651
2764687
2764819
2764903
2764939
2765131
2765227
2765239
2765671
2765731
2765863
2766007
2766199
2766487
2766787
2766859
2766931
2767327
2767363
2767543
2767579
2767747
2767759
2767927
2768011
2768071
2768179
2768191
2768287
2768323
2768371
2768539
2768587
2768863
2769163
2769259
2769343
2769439
2769451
2769523
2770087
2770171
2770231
2770267
2770459
2770591
2770639
2770771
2770783
2770891
2770987
2771143
2771179
2771239
2771719
2771863
2771959
2771971
2772067
2772331
2772391
2772571
2772607
2772643
2772883
2772967
2773003
2773123
2773219
2773339
2773447
2773579
2773591
2773699
2773891
2774047
2774419
2774479
2774503
2774599
2774767
2774851
2774971
2775043
2775103
2775187
2775391
2775499
2775667
2775739
2775859
2775991
2776003
2776027
2776183
2776351
2776471
2776651
2776687
2776747
2776783
2776867
2776927
2777107
2777143
2777251
2777311
2778019
2778091
2778151
2778343
2778547
2778583
2778619
2778739
2779171
2779303
2779351
2779411
2779603
2779663
2779747
2779771
2779807
2780131
2780179
2780203
2780419
2780467
2780527
2780599
2780647
2780671
2780683
2780779
2780923
2780971
2781007
2781067
2781211
2781451
2782063
2782111
2782123
2782147
2782291
2782411
2782723
2782771
2783047
2783167
2783191
2783227
2783311
2783371
2783419
2783659
2783731
2783887
2783923
2783959
2784007
2784091
2784307
2784643
2784871
2785087
2785099
2785207
2785219
2785423
2785483
2785579
2785639
2785759
2785891
2785903
2785963
2786383
2786431
2786479
2786551
2786587
2787019
2787331
2787511
2787583
2787619
2787703
2787727
2787931
2788483
2788531
2788567
2788603
2788699
2788783
2788987
2789167
2789203
2789299
2789491
2789503
2789707
2789791
2790187
2790547
2790643
2790679
2790859
2790871
2790943
2791039
2791051
2791123
2791183
2791267
2791339
2791363
2791483
2791699
2791807
2791843
2792011
2792143
2792191
2792299
2792431
2793067
2793103
2793223
2793391
2793451
2793499
2793607
2793643
2793811
2793823
2793859
2793883
2794111
2794147
2794243
2794303
2794507
2794543
2794567
2794639
2794711
2795047
2795083
2795119
2795227
2795659
2795791
2795971
2796019
2796091
2796163
2796223
2796403
2796523
2796559
2796583
2796883
2796943
2797159
2797339
2797387
2797447
2797699
2797783
2797819
2797999
2798023
2798167
2798503
2798527
2798599
2798611
2798707
2798743
2798899
2798923
2799151
2799187
2799211
2799259
2799463
2799499
2799607
2799787
2799847
2799871
2799967
2799991
2800003
2800051
2800219
2800267
2800459
2800507
2800519
2800627
2800663
2800783
2800843
2800951
2801047
2801287
2801347
2801443
2801479
2801803
2801863
2802091
2802211
2802451
2802571
2802847
2802859
2802931
2802967
2802991
2803291
2803327
2803399
2803579
2803687
2803699
2803783
2803819
2803891
2803903
2804083
2804227
2804239
2804299
2804383
2804407
2804731
2804839
2804899
2805043
2805091
2805259
2805367
2805403
2805487
2805619
2805631
2805703
2805763
2806087
2806123
2806267
2806351
2806387
2806519
2806603
2806663
2807071
2807131
2807323
2807527
2807851
2807899
2808007
2808031
2808187
2808307
2808319
2808571
2808607
2809327
2809351
2809483
2809507
2809627
2809699
2809759
2809831
2809867
2809987
2810107
2810167
2810299
2810371
2810503
2810671
2810707
2810911
2810959
2811091
2811163
2811343
2811427
2811559
2811631
2811883
2811931
2812063
2812099
2812291
2812423
2812639
2812651
2812687
2813011
2813047
2813191
2813227
2813299
2813323
2813647
2813731
2813827
2813947
2813983
2814127
2814151
2814403
2814499
2814727
2814739
2814787
2814991
2815003
2815171
2815411
2815807
2815843
2815927
2815963
2816059
2816131
2816239
2816563
2816707
2816767
2816839
2816899
2817007
2817079
2817091
2817211
2817259
2817499
2817547
2817583
2817907
2817943
2817967
2818111
2818159
2818219
2818267
2818507
2818687
2818939
2818987
2819023
2819143
2819203
2819371
2819587
2819599
2819743
2819767
2819779
2819911
2819959
2820019
2820031
2820319
2820331
2820403
2820619
2820667
2820703
2820787
2820919
2821183
2821411
2821459
2821543
2821867
2821999
2822143
2822191
2822263
2822299
2822371
2822503
2822539
2822623
2822719
2822959
2822971
2823439
2823451
2823487
2823523
2823631
2823679
2823763
2823943
2824123
2824303
2824351
2824399
2824411
2824447
2824603
2824807
2824819
2824879
2825239
2825419
2825491
2825671
2826151
2826211
2826379
2826463
2826643
2826667
2826727
2826883
2826979
2827051
2827087
2827159
2827327
2827507
2827639
2827939
2828083
2828491
2828599
2828767
2828779
2828887
2828923
2828971
2829247
2829571
2829583
2829703
2829751
2830027
2830039
2830099
2830351
2830567
2830651
2830939
2831011
2831167
2831359
2831539
2831671
2831683
2831767
2831791
2831839
2831971
2832019
2832031
2832163
2832259
2832631
2832799
2832871
2832967
2833027
2833063
2833123
2833231
2833279
2833291
2833447
2833471
2833591
2833627
2833903
2834047
2834131
2834179
2834203
2834347
2834467
2834539
2834551
2834647
2834719
2835103
2835211
2835319
2835331
2835367
2835439
2835667
2835967
2836279
2836447
2836651
2836699
2836759
2836963
2837047
2837059
2837083
2837227
2837431
2837491
2837551
2837803
2837839
2837851
2838007
2838091
2838103
2838139
2838211
2838247
2838463
2838487
2838547
2838631
2838931
2839183
2839363
2839399
2839471
2839567
2839819
2839831
2839927
2839939
2840023
2840119
2840263
2840359
2840911
2841199
2841451
2841511
2841523
2841547
2841691
2841799
2841847
2842219
2842351
2842459
2842531
2842591
2842603
2842663
2842843
2842891
2842963
2843023
2843107
2843143
2843527
2843611
2843683
2843791
2843851
2843887
2844367
2844427
2844931
2844943
2845147
2845303
2845519
2845699
2845723
2845903
2846479
2846491
2846527
2846551
2847067
2847127
2847139
2847343
2847379
2847499
2847643
2847679
2847991
2848171
2848243
2848327
2848399
2848459
2848507
2848567
2848687
2848831
2848927
2848939
2849299
2849479
2849647
2849983
2850079
2850187
2850223
2850343
2850451
2850511
2850823
2850871
2851171
2851231
2851267
2851327
2851351
2851447
2851603
2851867
2851951
2852467
2852503
2852671
2852743
2852779
2852887
2853079
2853247
2853391
2853427
2853547
2853787
2854003
2854363
2854399
2854627
2854723
2854843
2854903
2854939
2855023
2855119
2855443
2855599
2855707
2855851
2856283
2856379
2856559
2856823
2856967
2857123
2857159
2857507
2857531
2857567
2857579
2857711
2857759
2857831
2857903
2858071
2858179
2858263
2858467
2858503
2858623
2858803
2858827
2859163
2859187
2859331
2859499
2859559
2859631
2859763
2859847
2859919
2859979
2860087
2860411
2860567
2860639
2860723
2860771
2860807
2860999
2861059
2861239
2861251
2861347
2861539
2861743
2861851
2862043
2862127
2862367
2862499
2862523
2862751
2862859
2862931
2862991
2863303
2863423
2863519
2863867
2863879
2863951
2864023
2864479
2864527
2864599
2864623
2864671
2865211
2865307
2865319
2865463
2865487
2865559
2865607
2865679
2865739
2865787
2866147
2866543
2866579
2866603
2866711
2866819
2866867
2866951
2867071
2867107
2867287
2867299
2867503
2867719
2867743
2867911
2867947
2868043
2868343
2868367
2868787
2868799
2868871
2868919
2869051
2869459
2869567
2869663
2869771
2869807
2869879
2869987
2870107
2870407
2870683
2870839
2870863
2870899
2871031
2871139
2871367
2871391
2871439
2872003
2872291
2872327
2872543
2872579
2873107
2873347
2873371
2873491
2873587
2873659
2873671
2873707
2873743
2873887
2874211
2874307
2874499
2874523
2874811
2875027
2875063
2875111
2875387
2875423
2875927
2876119
2876287
2876299
2876443
2876647
2876827
2876971
2877223
2877487
2877547
2877571
2877619
2877631
2877871
2877883
2877907
2877943
2878027
2878123
2878231
2878303
2878543
2878591
2878639
2878699
2878867
2878999
2879131
2879179
2879299
2879491
2879719
2879791
2879971
2880187
2880223
2880271
2880331
2880511
2880859
2880883
2880907
2881159
2881183
2881267
2881327
2881399
2881471
2881531
2881639
2881699
2882023
2882059
2882203
2882227
2882323
2882371
2882479
2882731
2882767
2882863
2883091
2883163
2883631
2883667
2883799
2883823
2884051
2884279
2884327
2884351
2884471
2884639
2884663
2884711
2884723
2884759
2884807
2884963
2885107
2885119
2885251
2885287
2885551
2885611
2885719
2885803
2885863
2885947
2885983
2886019
2886127
2886187
2886319
2886451
2886607
2886619
2886859
2886907
2887207
2887279
2887459
2887567
2887699
2887711
2887747
2887879
2887939
2888071
2888143
2888287
2888311
2888383
2888443
2888467
2888527
2888539
2888647
2888863
2888887
2889079
2889151
2889319
2889331
2889499
2889547
2889571
2889787
2889823
2889979
2890003
2890087
2890183
2890207
2890399
2890411
2890423
2890507
2890627
2890759
2891011
2891023
2891407
2891419
2891527
2891671
2892271
2892283
2892367
2892403
2892847
2893003
2893207
2893279
2893327
2893351
2893507
2893531
2893543
2893651
2893831
2893843
2894071
2894179
2894263
2894299
2894407
2894431
2894443
2894587
2894767
2894839
2894911
2894971
2895187
2895439
2895511
2895799
2895943
2895979
2896039
2896099
2896123
2896207
2896447
2896483
2896627
2897107
2897131
2897227
2897311
2897491
2897527
2897611
2897887
2897971
2898031
2898079
2898151
2898187
2898367
2898607
2898871
2898919
2898979
2899051
2899087
2899279
2899363
2899459
2899627
2899651
2899903
2900059
2900083
2900719
2900731
2900803
2900851
2900923
2901211
2901391
2901403
2901559
2901607
2901739
2901919
2901931
2902063
2902147
2902219
2902327
2902351
2902423
2902723
2902831
2902927
2902951
2903071
2903191
2903227
2903323
2903443
2903479
2903587
2903623
2903671
2903731
2903767
2903899
2903947
2904259
2904487
2904571
2905027
2905087
2905099
2905171
2905267
2905303
2905339
2905447
2905459
2905603
2905627
2905783
2905807
2905891
2905999
2906179
2906707
2906719
2907067
2907319
2907727
2907823
2907871
2907907
2907943
2907979
2908039
2908123
2908291
2908363
2908483
2908531
2908579
2908651
2908723
2908963
2909047
2909167
2909191
2909239
2909311
2909383
2909551
2909587
2909611
2909623
2909671
2909827
2909923
2910031
2910091
2910307
2910319
2910463
2910751
2911243
2911291
2911327
2911423
2911507
2911651
2911759
2911903
2911927
2912227
2912359
2912407
2912659
2912803
2912839
2912887
2913151
2913223
2913259
2913271
2913487
2913523
2913727
2913739
2913811
2913871
2913943
2913979
2914027
2914147
2914159
2914267
2914363
2914447
2914507
2914687
2914843
2915071
2915323
2915431
2915467
2915491
2915527
2915611
2915791
2915923
2916019
2916283
2916343
2916439
2916583
2916787
2916943
2917003
2917303
2917423
2917483
2917543
2917723
2918059
2918119
2918239
2918479
2918491
2918563
2918719
2918731
2918767
2918779
2918803
2918899
2918959
2919451
2919667
2919703
2919907
2920123
2920207
2920279
2920363
2920399
2920507
2920531
2920543
2920579
2920783
2920903
2921131
2921179
2921203
2921227
2921371
2921767
2921911
2922247
2922343
2922391
2922991
2923087
2923279
2923351
2923387
2923471
2923747
2923831
2923903
2923927
2924023
2924287
2924431
2924503
2924827
2924839
2924851
2924923
2925079
2925103
2925151
2925211
2925367
2925427
2925463
2925511
2925583
2925679
2925691
2925739
2925799
2925919
2925931
2926003
2926039
2926051
2926111
2926291
2926387
2926519
2926579
2926591
2926699
2926843
2927011
2927047
2927131
2927191
2927263
2927599
2927707
2927803
2927983
2928019
2928271
2928283
2928307
2928571
2928823
2928931
2929099
2929111
2929183
2929351
2929411
2929483
2929639
2929687
2929711
2929723
2929747
2929867
2929939
2929963
2930071
2930119
2930299
2930359
2930371
2930539
2930839
2930911
2930947
2931043
2931127
2931151
2931223
2931319
2931583
2931739
2931751
2931847
2932183
2932231
2932411
2932459
2932711
2932807
2932999
2933143
2933311
2933383
2933563
2933647
2933683
2933743
2933971
2934067
2934223
2934439
2934499
2934511
2934571
2934583
2934871
2935039
2935147
2935183
2935267
2935327
2935447
2935507
2935687
2935903
2935939
2936023
2936107
2936191
2936383
2936407
2936551
2936587
2937127
2937283
2937391
2937427
2937499
2937523
2937559
2937643
2937667
2937679
2937751
2937967
2938003
2938219
2938279
2938291
2938423
2938927
2938987
2939071
2939107
2939119
2939191
2939227
2939263
2939371
2939767
2939899
2939971
2940127
2940163
2940187
2940247
2940271
2940631
2940667
2940799
2940907
2941039
2941123
2941207
2941231
2941363
2941387
2941483
2941531
2941567
2941699
2941711
2941819
2941843
2941891
2942011
2942227
2942287
2942431
2942539
2942959
2943427
2943571
2943607
2943691
2943859
2944147
2944219
2944231
2944303
2944363
2944471
2944507
2944819
2944831
2945167
2945227
2945407
2945479
2945731
2945851
2945959
2946091
2946211
2946247
2946343
2946439
2946451
2946667
2946679
2946859
2946883
2946907
2947027
2947111
2947291
2947363
2947471
2947999
2948119
2948203
2948479
2948551
2948587
2948611
2948683
2948839
2949043
2949151
2949259
2949403
2949487
2949703
2949763
2949871
2949931
2950063
2950159
2950267
2950447
2950459
2950771
2950807
2950867
2950891
2950903
2950951
2950963
2950999
2951059
2951071
2951287
2951323
2951491
2951503
2951539
2951731
2951743
2951827
2951887
2952007
2952199
2952283
2952427
2952667
2952739
2952799
2952991
2953003
2953231
2953399
2953807
2953831
2953843
2953879
2954059
2954299
2954599
2954683
2954851
2954947
2955103
2955223
2955319
2955607
2955859
2955919
2956003
2956099
2956111
2956123
2956183
2956363
2956399
2956531
2956651
2956747
2956783
2956819
2956831
2956939
2956999
2957443
2957767
2957827
2957947
2958019
2958079
2958223
2958259
2958331
2958379
2958427
2958463
2958511
2958583
2958727
2958811
2959051
2959267
2959699
2959771
2959783
2960071
2960467
2960719
2960791
2961067
2961187
2961331
2961499
2961583
2961619
2961667
2961691
2961787
2961823
2962039
2962111
2962159
2962231
2962327
2962411
2962483
2962591
2963131
2963167
2963299
2963347
2963551
2963743
2963911
2963923
2963971
2964067
2964163
2964211
2964523
2964667
2964811
2964823
2964859
2964967
2965099
2965147
2965363
2965471
2965483
2965579
2965591
2965603
2965783
2965819
2965867
2965891
2966539
2966659
2967091
2967187
2967199
2967247
2967259
2967271
2967331
2967343
2967379
2967403
2967607
2967691
2967799
2967823
2967967
2968027
2968099
2968243
2968279
2968639
2968711
2968783
2968891
2969059
2969251
2969311
2969359
2969683
2969779
2969887
2969899
2969959
2970031
2970439
2970679
2970787
2970943
2971051
2971123
2971363
2971471
2971879
2971987
2972119
2972383
2972419
2972491
2972527
2972551
2972731
2972803
2972887
2972947
2973031
2973043
2973151
2973163
2973199
2973379
2973391
2973559
2973667
2973787
2973931
2974219
2974351
2974459
2974639
2974651
2974759
2974819
2974927
2974987
2975251
2975263
2975443
2975683
2975839
2975911
2975983
2976187
2976247
2976583
2976619
2976991
2977003
2977087
2977171
2977531
2977951
2978119
2978407
2978491
2978539
2978683
2978959
2979043
2979139
2979367
2979439
2979463
2979619
2979679
2980051
2980063
2980291
2980543
2980687
2980759
2980771
2980843
2980951
2981023
2981059
2981179
2981263
2981311
2981371
2981527
2981551
2981707
2981779
2981899
2981911
2981947
2982139
2982247
2982283
2982451
2982559
2982751
2982823
2982883
2983111
2983147
2983219
2983243
2983363
2983531
2983543
2983639
2983819
2983927
2983987
2984131
2984143
2984407
2984479
2985079
2985127
2985379
2985511
2985571
2985583
2985667
2985691
2985739
2985847
2986183
2986387
2986411
2986519
2986531
2986663
2986699
2987071
2987143
2987287
2987407
2987707
2987791
2987863
2987923
2988067
2988079
2988151
2988259
2988343
2988439
2988499
2988571
2988607
2988619
2989003
2989039
2989087
2989279
2989447
2989579
2989759
2989771
2989879
2989963
2990059
2990083
2990227
2990443
2990527
2990587
2990707
2990719
2990839
2990983
2991067
2991103
2991139
2991199
2991451
2991463
2991523
2991883
2992039
2992123
2992147
2992183
2992243
2992387
2992543
2992567
2992651
2992687
2992711
2992723
2992879
2992903
2992939
2992987
2992999
2993047
2993227
2993299
2993371
2993407
2993443
2993647
2993671
2993791
2993899
2993983
2994127
2994319
2994367
2994727
2994847
2995099
2995159
2995303
2995351
2995411
2995627
2995807
2995999
2996011
2996023
2996179
2996347
2996563
2996611
2996827
2996899
2997067
2997091
2997283
2997439
2997451
2997499
2997583
2997619
2997667
2997727
2997823
2997859
2997871
2997919
2998111
2998159
2998231
2998291
2998399
2998651
2998663
2998759
2998771
2998867
2999047
2999119
2999263
2999443
2999707
2999767
2999827
2999851
3000103
3000199
3000343
3000379
3000523
3000607
3000643
3000847
3000859
3000919
3000967
3001003
3001147
3001171
3001351
3001459
3001543
3001759
3001939
3001963
3002107
3002431
3002911
3003043
3003223
3003331
3003367
3003703
3003739
3003787
3003943
3004063
3004123
3004231
3004387
3004423
3004531
3004591
3004987
3005071
3005131
3005383
3005491
3005503
3005671
3005851
3006151
3006247
3006763
3006967
3007219
3007447
3007507
3007723
3007987
3008011
3008119
3008191
3008311
3008347
3008419
3008563
3008623
3008743
3008911
3008923
3009091
3009271
3009379
3009451
3009631
3009859
3009907
3009931
3009991
3010039
3010363
3010543
3010639
3010831
3010939
3011011
3011191
3011251
3011263
3011299
3011383
3011587
3011791
3011803
3011923
3011971
3012007
3012019
3012187
3012211
3012223
3012343
3012367
3012439
3012511
3012523
3012727
3012883
3012907
3012991
3013099
3013447
3013519
3013531
3013567
3013579
3013639
3013783
3013963
3013987
3014047
3014107
3014203
3014239
3014371
3014563
3014743
3014923
3015007
3015211
3015247
3015343
3015403
3015487
3015619
3015643
3015763
3015787
3015799
3016099
3016219
3016291
3016543
3016879
3017191
3017419
3017491
3017527
3017587
3017671
3017743
3017851
3017983
3018091
3018307
3018427
3018487
3018559
3018667
3018679
3018703
3018919
3019063
3019111
3019243
3019351
3019507
3019579
3019711
3019867
3020119
3020323
3020359
3020371
3020443
3020539
3020683
3020779
3020827
3020971
3021079
3021091
3021163
3021367
3021439
3021523
3021643
3021847
3021919
3021943
3021979
3022027
3022087
3022171
3022339
3022471
3022819
3022963
3023479
3023563
3023599
3023851
3023887
3023959
3024499
3024547
3024643
3024979
3025003
3025111
3025291
3025327
3025387
3025651
3025699
3025747
3025819
3026059
3026071
3026131
3026203
3026227
3026371
3026503
3026539
3026587
3026767
3026911
3027391
3027439
3027487
3027523
3027643
3027763
3027811
3027907
3028027
3028063
3028099
3028507
3028603
3028639
3028867
3028891
3028903
3029071
3029083
3029287
3029359
3029623
3029647
3029731
3029959
3030019
3030127
3030259
3030523
3030619
3030691
3030739
3030931
3031267
3031351
3031531
3031603
3031807
3031927
3031999
3032179
3032467
3033007
3033067
3033403
3033643
3033727
3033763
3033859
3034159
3034579
3034771
3034819
3034831
3034903
3034951
3034987
3035047
3035083
3035143
3035191
3035371
3035407
3035479
3035587
3035731
3035743
3035779
3035863
3035947
3036127
3036343
3036379
3036427
3036499
3036547
3036571
3036643
3036823
3037147
3037183
3037711
3037963
3037999
3038131
3038263
3038467
3038731
3038839
3038887
3038947
3039307
3039343
3039559
3039667
3039727
3039811
3039847
3039919
3040003
3040087
3040111
3040243
3040351
3040483
3040591
3040711
3040927
3040963
3040987
3041191
3041251
3041611
3041707
3041791
3041959
3042079
3042283
3042307
3042367
3042703
3042763
3043111
3043219
3043267
3043303
3043483
3043507
3043543
3043627
3043687
3043723
3043891
3043903
3043939
3044287
3044347
3044407
3044527
3044803
3044863
3045067
3045103
3045127
3045283
3045379
3045583
3045631
3045739
3045811
3045883
3045919
3046039
3046471
3046531
3046651
3046663
3046831
3047047
3047203
3047251
3047299
3047323
3047587
3047731
3047791
3047911
3047971
3048043
3048163
3048211
3048511
3048691
3048823
3049027
3049099
3049351
3049447
3049591
3049699
3049951
3049999
3050071
3050107
3050251
3050419
3050479
3050779
3050899
3050959
3051079
3051091
3051259
3051463
3051511
3051751
3052099
3052267
3052363
3052447
3052519
3052591
3053059
3053119
3053143
3053443
3053551
3053563
3053707
3053719
3053959
3054043
3054187
3054199
3054211
3054283
3054319
3054643
3054703
3054811
3054847
3055363
3055471
3055519
3055567
3055603
3055687
3055831
3055963
3056083
3056227
3056371
3056407
3056467
3056611
3056671
3056791
3056863
3056959
3057079
3057163
3057403
3057487
3057547
3057619
3057811
3057883
3058051
3058171
3058219
3058303
3058519
3058567
3058603
3058843
3058879
3058999
3059011
3059059
3059143
3059179
3059383
3059431
3059467
3059491
3059659
3059827
3060067
3060139
3060247
3060427
3060511
3060571
3060583
3060763
3060823
3060859
3060931
3061087
3061111
3061159
3061363
3061543
3061939
3062047
3062107
3062263
3062407
3062671
3063391
3063499
3063607
3063703
3063919
3063967
3064027
3064351
3064591
3064603
3064651
3065143
3065263
3065299
3065563
3065863
3065971
3066127
3066187
3066211
3066223
3066247
3066559
3066691
3066991
3067231
3067279
3067483
3067747
3067879
3067927
3067951
3068419
3068431
3068503
3068539
3068599
3068887
3068911
3069007
3069019
3069223
3069271
3069427
3069499
3069823
3069931
3070003
3070663
3070807
3070831
3070939
3071011
3071239
3071623
3071671
3071707
3071839
3071911
3072067
3072163
3072211
3072283
3072403
3072523
3072607
3072703
3072859
3073027
3073111
3073171
3073351
3073771
3073783
3073891
3073999
3074047
3074107
3074179
3074251
3074287
3074299
3074623
3074779
3074791
3075379
3075439
3075547
3075619
3075703
3076039
3076243
3076483
3076699
3076807
3077071
3077143
3077203
3077251
3077311
3077491
3077611
3078043
3078151
3078211
3078259
3078367
3078391
3078451
3078799
3078883
3079003
3079291
3079303
3079339
3079411
3079543
3079579
3079603
3079903
3080167
3080263
3080419
3080443
3080479
3080839
3080887
3080911
3080947
3081139
3081151
3081271
3081319
3081703
3081751
3081823
3081907
3081919
3082087
3082267
3082291
3082327
3082711
3082747
3082939
3082999
3083131
3083191
3083359
3083371
3083383
3083467
3083503
3083683
3083767
3083803
3083827
3084019
3084079
3084127
3084163
3084331
3084391
3084451
3084511
3084583
3084619
3084847
3084883
3084943
3084979
3085123
3085351
3085567
3085591
3085603
3085639
3085843
3086047
3086107
3086287
3086311
3086407
3086527
3086791
3086971
3087031
3087103
3087211
3087223
3087439
3087547
3087583
3087703
3087739
3087859
3087871
3087907
3087943
3088039
3088147
3088159
3088171
3088483
3088627
3088807
3088843
3088879
3089059
3089131
3089311
3089371
3089479
3089587
3089731
3089803
3089887
3090067
3090247
3090463
3090679
3091027
3091111
3091147
3091171
3091279
3091327
3091639
3091819
3092107
3092119
3092347
3092371
3092539
3092563
3092587
3092731
3092983
3093199
3093271
3093331
3093487
3093511
3093703
3093763
3093919
3093943
3094099
3094111
3094123
3094243
3094411
3094423
3094711
3094747
3094783
3094951
3095107
3095203
3095311
3095563
3095791
3095863
3095959
3095971
3096103
3096151
3096319
3096427
3096439
3096463
3096547
3096571
3096619
3096727
3096967
3097051
3097123
3097183
3097207
3097327
3097363
3097483
3097531
3097687
3097891
3097951
3098191
3098239
3098299
3098383
3098443
3098479
3098647
3098707
3098839
3098863
3098959
3099127
3099307
3099331
3099391
3099571
3099667
3099727
3100219
3100231
3100927
3101299
3101479
3101611
3101827
3101971
3102259
3102271
3102343
3102523
3102667
3102763
3102811
3102919
3103063
3103159
3103171
3103207
3103279
3103411
3103423
3103579
3104071
3104611
3104671
3104767
3104851
3104887
3105007
3105079
3105103
3105211
3105439
3105499
3105643
3105691
3105799
3105811
3105967
3106003
3106111
3106339
3106351
3106867
3106891
3107119
3107131
3107359
3107491
3107803
3107947
3108019
3108067
3108103
3108139
3108199
3108283
3108319
3108487
3108823
3108991
3109111
3109279
3109387
3109471
3109651
3109747
3109783
3109819
3109867
3110011
3110059
3110227
3110287
3110431
3110647
3110791
3111271
3111331
3111403
3111631
3111847
3112099
3112267
3112327
3112519
3112771
3112987
3113059
3113083
3113239
3113611
3113647
3113683
3113767
3113863
3114367
3114403
3114523
3114607
3114679
3114931
3115003
3115291
3115579
3115591
3115627
3115831
3116011
3116263
3116299
3116563
3116671
3116767
3116863
3116947
3117031
3117211
3117487
3117523
3117571
3117739
3117991
3118099
3118183
3118207
3118243
3118459
3118519
3118567
3118579
3118651
3118723
3118867
3119407
3119659
3119707
3120079
3120331
3120547
3120619
3120643
3120703
3120763
3120991
3121087
3121267
3121303
3121423
3121603
3121627
3121663
3121711
3121747
3121771
3121831
3121891
3121927
3122059
3122179
3122419
3122563
3122827
3122851
3123007
3123151
3123187
3123403
3123499
3123511
3123643
3123727
3123823
3123859
3123931
3124123
3124291
3124399
3124519
3124543
3124843
3124903
3124999
3125527
3125659
3125779
3125803
3126103
3126139
3126163
3126187
3126199
3126307
3126379
3126427
3126559
3126667
3126679
3126847
3127147
3127279
3127291
3127543
3127567
3127687
3127759
3127771
3127783
3127819
3127879
3127903
3128011
3128107
3128611
3128623
3128647
3128803
3129019
3129199
3129223
3129463
3129523
3129559
3129619
3129859
3129943
3130279
3130291
3130627
3130663
3130711
3130987
3131203
3131239
3131251
3131311
3131419
3131431
3132631
3132751
3132907
3132979
3133111
3133183
3133303
3133399
3133411
3133447
3133531
3133591
3133639
3133699
3133843
3133939
3133987
3134023
3134071
3134347
3134419
3134479
3134623
3134707
3135031
3135211
3135487
3135523
3135547
3135571
3136207
3136339
3136423
3136531
3136543
3136759
3136867
3137143
3137371
3137551
3137611
3137731
3137803
3137863
3137899
3138283
3138547
3138799
3138847
3138991
3139207
3139267
3139303
3139483
3139639
3139663
3139699
3139771
3139867
3140107
3140131
3140251
3140299
3140623
3140659
3140959
3141007
3141043
3141211
3141247
3141283
3141331
3141643
3141811
3142123
3142219
3142351
3142459
3142507
3142519
3142591
3142879
3143131
3143167
3143263
3143467
3143551
3143563
3143587
3143671
3143731
3144007
3144019
3144067
3144091
3144283
3144403
3144571
3144607
3144619
3144751
3144811
3144871
3144931
3145147
3145183
3145243
3145339
3145711
3145903
3146107
3146263
3146359
3146371
3146467
3146623
3146719
3146839
3146863
3147259
3147451
3147751
3147763
3147883
3148051
3148279
3148351
3148459
3148627
3148987
3149059
3149143
3149203
3149467
3149599
3149647
3149659
3149851
3149899
3149959
3150031
3150211
3150247
3150271
3150319
3150331
3150391
3150547
3150571
3150619
3150643
3150787
3150799
3151507
3151543
3151843
3151879
3152059
3152167
3152263
3152623
3152719
3152767
3152911
3153343
3153391
3153463
3153583
3153739
3154363
3154387
3154471
3154531
3154759
3154831
3155263
3155359
3155407
3155827
3156019
3156091
3156151
3156259
3156583
3156763
3156871
3156991
3157171
3157207
3157303
3157411
3157639
3157711
3157783
3157807
3157879
3157927
3158131
3158143
3158167
3158203
3158359
3158671
3158851
3158887
3159043
3159151
3159307
3159439
3159619
3159691
3159823
3159883
3159907
3159931
3160111
3160291
3160303
3160363
3160687
3160699
3160879
3160951
3161023
3161107
3161131
3161227
3161299
3161479
3161491
3161707
3161887
3162283
3162319
3162331
3162499
3162703
3162739
3162763
3162787
3162847
3162883
3163099
3163231
3163387
3163423
3163471
3163579
3163663
3164143
3164167
3164191
3164407
3164443
3164479
3164803
3164827
3164851
3164911
3165079
3165307
3165427
3165439
3165583
3165619
3165667
3165847
3165907
3165919
3166099
3166171
3166231
3166351
3166411
3166447
3166627
3166747
3166951
3167107
3167191
3167443
3168007
3168031
3168247
3168259
3168331
3168367
3168619
3168679
3169027
3169039
3169051
3169483
3169519
3169759
3169867
3170059
3170119
3170227
3170263
3170371
3170383
3170467
3170743
3170983
3171031
3171067
3171187
3171199
3171739
3171823
3171859
3172003
3172063
3172207
3172243
3172327
3172363
3172423
3172471
3172531
3172711
3172747
3172831
3173119
3173263
3173623
3173659
3173683
3173767
3173803
3174043
3174163
3174187
3174439
3174487
3174511
3174547
3174739
3174811
3174979
3175027
3175099
3175351
3175567
3175591
3175927
3175951
3175987
3176419
3176491
3176779
3176851
3177007
3177259
3177331
3177547
3177583
3177943
3178003
3178267
3178327
3178363
3178543
3178759
3178843
3178891
3179227
3179419
3179467
3179851
3179983
3180319
3180427
3180451
3180523
3180559
3180679
3180787
3180799
3180823
3181327
3181447
3181543
3181579
3181603
3181627
3181831
3181999
3182131
3182359
3182371
3182467
3182623
3182827
3183079
3183091
3183151
3183259
3183343
3183511
3183559
3183751
3183799
3183871
3183991
3184063
3184099
3184123
3184147
3184243
3184639
3184747
3184927
3184999
3185023
3185227
3185251
3185887
3185899
3186103
3186187
3186223
3186427
3186451
3186679
3186739
3186763
3186907
3187111
3187147
3187159
3187267
3187507
3187603
3187663
3187759
3187831
3187939
3188131
3188491
3188551
3188587
3188791
3188803
3188947
3189139
3189343
3189379
3189451
3189463
3189499
3189679
3189799
3189811
3190051
3190111
3190147
3190183
3190207
3190459
3190519
3190687
3190723
3190819
3191179
3191191
3191263
3191299
3191323
3191407
3191443
3191527
3191611
3191623
3191707
3191803
3191899
3192187
3192271
3192391
3192439
3192451
3192499
3192919
3193087
3193147
3193171
3193243
3193327
3193483
3193627
3193639
3193747
3194131
3194179
3194383
3194563
3194647
3194743
3194923
3195079
3195103
3195259
3195319
3195331
3195403
3195427
3195547
3195571
3195691
3195739
3195763
3195823
3196183
3196231
3196507
3196651
3196759
3196903
3196939
3196951
3197011
3197143
3197167
3197203
3197239
3197407
3197419
3197563
3197587
3197599
3197647
3197659
3197767
3197839
3197923
3197983
3198031
3198163
3198199
3198427
3198463
3198523
3198667
3198739
3198751
3198883
3198919
3198931
3199099
3199291
3199387
3199891
3200287
3200383
3200551
3200599
3200779
3200971
3200983
3201007
3201043
3201199
3201379
3201487
3201619
3201643
3201727
3201799
3202027
3202231
3202351
3202483
3202531
3202603
3202663
3203047
3203059
3203071
3203107
3203359
3203467
3203527
3203743
3204127
3204139
3204247
3204283
3204463
3204679
3204871
3205003
3205219
3205507
3205519
3205603
3205627
3205651
3205687
3205759
3205879
3205903
3206083
3206167
3206227
3206239
3206311
3206347
3206551
3206887
3206911
3207019
3207031
3207151
3207199
3207367
3207571
3207643
3207691
3207727
3207739
3207847
3207991
3208039
3208327
3208399
3208459
3208507
3208687
3208819
3208867
3208999
3209083
3209263
3209407
3209431
3209611
3209971
3210043
3210091
3210223
3210511
3210631
3210667
3210847
3210871
3211123
3211207
3211279
3211303
3211459
3211531
3211603
3211639
3211771
3211843
3211891
3211939
3212119
3212323
3212347
3212527
3212611
3212647
3212743
3212791
3212863
3212971
3213139
3213151
3213283
3213499
3213559
3213619
3214051
3214087
3214327
3214399
3214543
3214663
3214711
3214759
3214867
3214879
3215083
3215131
3215299
3215347
3215467
3215479
3215587
3215623
3215743
3215899
3215911
3215983
3216007
3216091
3216127
3216139
3216211
3216331
3216559
3216571
3216667
3216691
3216751
3217243
3217351
3217363
3217399
3217519
3217771
3217891
3217939
3218143
3218191
3218227
3218587
3218659
3218911
3219019
3219127
3219199
3219331
3219499
3219631
3219847
3220027
3220051
3220351
3220411
3220447
3220543
3220603
3220663
3220699
3220879
3220951
3220963
3221167
3221359
3221503
3221599
3221719
3221971
3222211
3222643
3222679
3222727
3222787
3222823
3223159
3223291
3223399
3223567
3223771
3223867
3223903
3224047
3224119
3224131
3224239
3224479
3224707
3224971
3225247
3225283
3225319
3225499
3225679
3225787
3225847
3225883
3225967
3226099
3226207
3226471
3226543
3226603
3226939
3226999
3227143
3227431
3227551
3227611
3227683
3227767
3227803
3227827
3227839
3227899
3228151
3228187
3228259
3228403
3228703
3228739
3228751
3228811
3228943
3229111
3229123
3229207
3229231
3229243
3229351
3229399
3229531
3229627
3229663
3229783
3229819
3229843
3229927
3229987
3230047
3230131
3230167
3230179
3230347
3230371
3230599
3230659
3230671
3230683
3230707
3230791
3231187
3231211
3231259
3231367
3231427
3231511
3231619
3231643
3231667
3231727
3231871
3231883
3231979
3232003
3232231
3232291
3232423
3232507
3232651
3232699
3232819
3232927
3232987
3233011
3233047
3233119
3233323
3233563
3233599
3233767
3233779
3233803
3233959
3234163
3234307
3234619
3234787
3234823
3234871
3234919
3235039
3235171
3235207
3235231
3235543
3235591
3235711
3235747
3235807
3235819
3235891
3236071
3236263
3236287
3236323
3236407
3236503
3236587
3236791
3236983
3237079
3237127
3237379
3237523
3237583
3238051
3238099
3238171
3238231
3238267
3238591
3238771
3238819
3238831
3238843
3238951
3238999
3239059
3239107
3239143
3239311
3239419
3239479
3239563
3239791
3240283
3240499
3240607
3240619
3240739
3240751
3240967
3241123
3241159
3241219
3241387
3241423
3241507
3241627
3241759
3241807
3241867
3241879
3242023
3242191
3242251
3242263
3242311
3242479
3242623
3242803
3242923
3242947
3243043
3243271
3243343
3243739
3243811
3243931
3243967
3243979
3244039
3244147
3244291
3244519
3244543
3244627
3244711
3244939
3244963
3245251
3245287
3245299
3245467
3245479
3245503
3245551
3245611
3245947
3245971
3246007
3246127
3246367
3246403
3246559
3246583
3246883
3246907
3247039
3247087
3247171
3247207
3247339
3247351
3247483
3247603
3247627
3247639
3247687
3247819
3247987
3248023
3248131
3248347
3248431
3248467
3248743
3248827
3249151
3249199
3249391
3249583
3249643
3249871
3250651
3250831
3251023
3251047
3251191
3251467
3251707
3251767
3251779
3251791
3251839
3251887
3251923
3252163
3252283
3252307
3252463
3252523
3252583
3252607
3252631
3252679
3252787
3253027
3253111
3253147
3253219
3253531
3253711
3253963
3254023
3254071
3254131
3254299
3254323
3254371
3254443
3254623
3254731
3254791
3254863
3254959
3255127
3255199
3255451
3255559
3255583
3255691
3255739
3255871
3255991
3256051
3256171
3256399
3256423
3256483
3256531
3256567
3256711
3256723
3256807
3256831
3256927
3256951
3256987
3257167
3257179
3257203
3257239
3257383
3257719
3257851
3257923
3257959
3258103
3258223
3258427
3258499
3258667
3258727
3258763
3258943
3258979
3259111
3259519
3259567
3259723
3259771
3259783
3259843
3259987
3259999
3260167
3260203
3260263
3260347
3260371
3260407
3260563
3261259
3261403
3261451
3261523
3261703
3261931
3261967
3262507
3262531
3262579
3262639
3262687
3262723
3262891
3263047
3263083
3263107
3263287
3263431
3263443
3263551
3263647
3263671
3263791
3263803
3263947
3264007
3264271
3264343
3265063
3265123
3265459
3265567
3265627
3265711
3265771
3265831
3266143
3266167
3266287
3266371
3266383
3266671
3266707
3266743
3266827
3267067
3267367
3267427
3267463
3267571
3267631
3267727
3267763
3267787
3267799
3267883
3267907
3268303
3268339
3268483
3268519
3268591
3268651
3268711
3268723
3268831
3268927
3269047
3269143
3269239
3269443
3269803
3269923
3269983
3270031
3270139
3270343
3270427
3270499
3270523
3270571
3270667
3271039
3271111
3271447
3271459
3271507
3271903
3272011
3272083
3272179
3272323
3272359
3272383
3272431
3272443
3272527
3272791
3272839
3273019
3273079
3273307
3273343
3273703
3273763
3273799
3273811
3274111
3274171
3274207
3274231
3274279
3274771
3274879
3274903
3274963
3275023
3275143
3275191
3275551
3275599
3275707
3275719
3275911
3276067
3276103
3276139
3276319
3276331
3276487
3276967
3277051
3277123
3277327
3277399
3277411
3277471
3277543
3277579
3277843
3277903
3277951
3277987
3278047
3278227
3278347
3278551
3278599
3278959
3278983
3279127
3279391
3279499
3279607
3279811
3280003
3280111
3280363
3280423
3280471
3280579
3280603
3280639
3280747
3280759
3281359
3281431
3281503
3281767
3281791
3281911
3282127
3282211
3282379
3282451
3282511
3282523
3282571
3282739
3282907
3283087
3283171
3283339
3283531
3283543
3283747
3283783
3283807
3283831
3283879
3283927
3284023
3284311
3284539
3284647
3284719
3284767
3284779
3284839
3284851
3284923
3285019
3285103
3285127
3285259
3285283
3285319
3285367
3285427
3285571
3285679
3285943
3285979
3286207
3286267
3286399
3286471
3286567
3286579
3286687
3286771
3286807
3286939
3286951
3287059
3287083
3287311
3287563
3287587
3287887
3288559
3288631
3288823
3288847
3289243
3289291
3289423
3289459
3289567
3289579
3289651
3289723
3290083
3290107
3290179
3290263
3290323
3290431
3290647
3290983
3291163
3291259
3291331
3291367
3291667
3291763
3291823
3291919
3291943
3291979
3291991
3292027
3292063
3292087
3292279
3292351
3292507
3292579
3293167
3293239
3293287
3293503
3293683
3293863
3293923
3293959
3294007
3294079
3294103
3294679
3294751
3294763
3294931
3294979
3295267
3295291
3295339
3295483
3295543
3295711
3295723
3295771
3295783
3295843
3295939
3296047
3296119
3296263
3296311
3296479
3296599
3296983
3297103
3297199
3297319
3297571
3297739
3297787
3297823
3297883
3297919
3298003
3298111
3298279
3298387
3298423
3298543
3298627
3299059
3299251
3299323
3299503
3300007
3300127
3300331
3300343
3300559
3300679
3300691
3300811
3300823
3300883
3300943
3301027
3301303
3301603
3301663
3301759
3301807
3301819
3301999
3302071
3302203
3302359
3302503
3302527
3302851
3303163
3303199
3303259
3303379
3303499
3303571
3303607
3303691
3304003
3304087
3304219
3304687
3304759
3304843
3305011
3305047
3305119
3305299
3305671
3305779
3305851
3305923
3305959
3306271
3306343
3306379
3306427
3306451
3306559
3306607
3306631
3306643
3306763
3306811
3306847
3306943
3306991
3307099
3307219
3307267
3307327
3307399
3307567
3307627
3307747
3307831
3307939
3308083
3308323
3308359
3308467
3308551
3308587
3308611
3308623
3308719
3308791
3308911
3309367
3309379
3309463
3309703
3309739
3309751
3309763
3309811
3309847
3309919
3309979
3309991
3310063
3310207
3310267
3310639
3310651
3310771
3310999
3311059
3311131
3311251
3311419
3311431
3311647
3311683
3311827
3311851
3311899
3312031
3312139
3312187
3312367
3312571
3312679
3312811
3312823
3313267
3313291
3313363
3313399
3313411
3313483
3313591
3313663
3313747
3313903
3313939
3313987
3314119
3314203
3314239
3314347
3314383
3314407
3314503
3314527
3314659
3314767
3315031
3315079
3315127
3315283
3315379
3315523
3315619
3315883
3316147
3316267
3316399
3316711
3316867
3316903
3316927
3317011
3317179
3317203
3317299
3317551
3317563
3317719
3317779
3317947
3318307
3318319
3318547
3318703
3318919
3318943
3319039
3319171
3319207
3319411
3319531
3319579
3319627
3319639
3319807
3319819
3319831
3319963
3320059
3320143
3320263
3320311
3320431
3320539
3320791
3320827
3320887
3320971
3321151
3321319
3321403
3321583
3321607
3321679
3321763
3322003
3322171
3322219
3322279
3322399
3322507
3322519
3322723
3322771
3322807
3322831
3322843
3322867
3322903
3322987
3323191
3323311
3323563
3323659
3323731
3323923
3324019
3324091
3324103
3324127
3324151
3324199
3324247
3324499
3324523
3324619
3324679
3324751
3324991
3325027
3325099
3325123
3325291
3325303
3325327
3325747
3325831
3325867
3326047
3326107
3326119
3326299
3326431
3326443
3326623
3326899
3327043
3327283
3327403
3327523
3327763
3327811
3327871
3327991
3328063
3328111
3328159
3328207
3328231
3328387
3328411
3328459
3328519
3328531
3328747
3328783
3328807
3329023
3329539
3329611
3329743
3329899
3330139
3330391
3330427
3330739
3331051
3331087
3331267
3331399
3331519
3331651
3331831
3332059
3332107
3332383
3332551
3332983
3333067
3333103
3333163
3333199
3333283
3333307
3333427
3333511
3333619
3333679
3333787
3333823
3334099
3334147
3334171
3334351
3334399
3334579
3334711
3334819
3334963
3334999
3335047
3335071
3335119
3335239
3335263
3335611
3335623
3336379
3336511
3336583
3336967
3336979
3337051
3337123
3337171
3337339
3337351
3337447
3337591
3337603
3337891
3337951
3338143
3338431
3338719
3338791
3338899
3338971
3339067
3339247
3339331
3339367
3339403
3339571
3339607
3339751
3339859
3339943
3339967
3339979
3340039
3340123
3340159
3340291
3340327
3340507
3340723
3341059
3341083
3341203
3341311
3341323
3341599
3341731
3341743
3341959
3342067
3342139
3342151
3342379
3342679
3342847
3342883
3343111
3343147
3343243
3343279
3343531
3343831
3343891
3344227
3344287
3344431
3344503
3344527
3344587
3344611
3344647
3344899
3345187
3345259
3345439
3345451
3345523
3345703
3345739
3345763
3345847
3345907
3346039
3346099
3346267
3346279
3346327
3346351
3346591
3346711
3346927
3346951
3346963
3346999
3347251
3347263
3347503
3347599
3347647
3347671
3347683
3347779
3347887
3347959
3348043
3348067
3348223
3348283
3348391
3348571
3348991
3349183
3349543
3349579
3349699
3349903
3349939
3350131
3350299
3350371
3350383
3350467
3350527
3350719
3350779
3350839
3350911
3350983
3351319
3351343
3351427
3351631
3351763
3351823
3351883
3352003
3352039
3352099
3352147
3352183
3352471
3352639
3352831
3353047
3353107
3353323
3353359
3353587
3353683
3353803
3354007
3354079
3354331
3354367
3354511
3354739
3355063
3355087
3355207
3355243
3355411
3355423
3355459
3355603
3355663
3355699
3355747
3355819
3356203
3356239
3356323
3356347
3356539
3356791
3356887
3356971
3357043
3357223
3357247
3357307
3357439
3357667
3357751
3357943
3358039
3358063
3358123
3358507
3358543
3358591
3358723
3358903
3359263
3359347
3359383
3359443
3359527
3359743
3359803
3360103
3360127
3360163
3360211
3360391
3360523
3360667
3360703
3360823
3360859
3361063
3361363
3361627
3361639
3361747
3362059
3362143
3362251
3362371
3362683
3362731
3362971
3363007
3363103
3363427
3363643
3363667
3363691
3363883
3364219
3364243
3364267
3364303
3364423
3364591
3364951
3365251
3365287
3365311
3365491
3365539
3365563
3365599
3365647
3365671
3365683
3365707
3365743
3365851
3365863
3366031
3366067
3366079
3366271
3366283
3366367
3366511
3366619
3366679
3366823
3366859
3367159
3367291
3367327
3367447
3367687
3367723
3367759
3367843
3367951
3368551
3368623
3368707
3368803
3368851
3368923
3369019
3369031
3369283
3369391
3369643
3369679
3369703
3369739
3369811
3369931
3369943
3370183
3370243
3370291
3370327
3370363
3370387
3370531
3370567
3370639
3370687
3370711
3370831
3370963
3371119
3371191
3371311
3371371
3371443
3371539
3371659
3371779
3371803
3371947
3372151
3372199
3372331
3372379
3372427
3372547
3372799
3372907
3373171
3373219
3373243
3373303
3373627
3373879
3373891
3374023
3374311
3374431
3374467
3374611
3374671
3374719
3374731
3374743
3374923
3375019
3375439
3375499
3375583
3375751
3376003
3376111
3376123
3376159
3376291
3376363
3376507
3376519
3376579
3376627
3376687
3376759
3376771
3376819
3376843
3376939
3376987
3377119
3377239
3377299
3377347
3377371
3377587
3377911
3377923
3378043
3378103
3378127
3378307
3378343
3378451
3378499
3378559
3378643
3378787
3378931
3379003
3379027
3379147
3379603
3379819
3379903
3379939
3380407
3380527
3380551
3380623
3380659
3380683
3380743
3381019
3381151
3381163
3381187
3381211
3381223
3381271
3381451
3381727
3381823
3381919
3382063
3382123
3382231
3382339
3382387
3382783
3382807
3382987
3383059
3383131
3383179
3383239
3383383
3383431
3383551
3383563
3383683
3383791
3383899
3384127
3384247
3384583
3384607
3384691
3384943
3385087
3385111
3385147
3385267
3385279
3385303
3385339
3385399
3385579
3385699
3386023
3386167
3386191
3386263
3386311
3386371
3386419
3386527
3386599
3386767
3386839
3386947
3386983
3387019
3387103
3387271
3387511
3387823
3387931
3387991
3388087
3388171
3388279
3388387
3388459
3388471
3388939
3388963
3388999
3389251
3389371
3389539
3390019
3390091
3390271
3390307
3390523
3390571
3390703
3390787
3390979
3390991
3391303
3391351
3391387
3391627
3391771
3391819
3391963
3392047
3392071
3392083
3392479
3392563
3392827
3392899
3392959
3393211
3393331
3393367
3393427
3393451
3393487
3393619
3393883
3393967
3394123
3394219
3394231
3394351
3394411
3394459
3394471
3394579
3394591
3394627
3394663
3394687
3394771
3394843
3394879
3394891
3394999
3395131
3395299
3395479
3395659
3395671
3395803
3395911
3395983
3396091
3396199
3396259
3396487
3396703
3396751
3396931
3397027
3397291
3397327
3397351
3397363
3397483
3397531
3397567
3397759
3397831
3397939
3398407
3398467
3398683
3398719
3399127
3399259
3399307
3399343
3399427
3399631
3399751
3399811
3399919
3399943
3400063
3400207
3400303
3400531
3400927
3400963
3401011
3401107
3401131
3401311
3401347
3401467
3401611
3401707
3401767
3402079
3402211
3402307
3402727
3402739
3402787
3402799
3402823
3402967
3403039
3403291
3403339
3403531
3403591
3403663
3403843
3403879
3403903
3404083
3404239
3404311
3404383
3404827
3404839
3404911
3404923
3404983
3405019
3405247
3405823
3405931
3406027
3406087
3406147
3406219
3406279
3406687
3406747
3406759
3407083
3407119
3407143
3407323
3407431
3407527
3407647
3407659
3407851
3407947
3408079
3408127
3408331
3408343
3408547
3408799
3408943
3409099
3409171
3409279
3409387
3409591
3409663
3409699
3409711
3409807
3409891
3409927
3409999
3410203
3410311
3410383
3410431
3410683
3410791
3410971
3411007
3411151
3411211
3411223
3411259
3411391
3411523
3411739
3411787
3411823
3411907
3412063
3412159
3412327
3412483
3412663
3412687
3412831
3413083
3413119
3413167
3413191
3413227
3413299
3413623
3413671
3413779
3413983
3414031
3414163
3414391
3414403
3414427
3414487
3414679
3414751
3414883
3415099
3415183
3415327
3415567
3415579
3415747
3415831
3415999
3416047
3416071
3416227
3416359
3416563
3416683
3416731
3416767
3416971
3417079
3417091
3417151
3417163
3417199
3417307
3417439
3417703
3417907
3417943
3418087
3418267
3418351
3418603
3418699
3418747
3418843
3418963
3419131
3419179
3419239
3419287
3419467
3419491
3419707
3419863
3419887
3420139
3420211
3420367
3420499
3420763
3420787
3420799
3420871
3421003
3421039
3421051
3421219
3421399
3421447
3421567
3421867
3421903
3421939
3422011
3422047
3422191
3422227
3422383
3422407
3422623
3423271
3423379
3423463
3423559
3423571
3423631
3423643
3423751
3423859
3423967
3424111
3424243
3424363
3424423
3424507
3424567
3424651
3424711
3424783
3424819
3425047
3425083
3425419
3425431
3425467
3425731
3425791
3426091
3426127
3426343
3426487
3426559
3426583
3426691
3426763
3426823
3426991
3427027
3427243
3427279
3427339
3427687
3427747
3427783
3427819
3427843
3428023
3428059
3428071
3428239
3428419
3428563
3428599
3428671
3428743
3428923
3429007
3429079
3429091
3429403
3429583
3429799
3430123
3430291
3430363
3430387
3430663
3430771
3430879
3430939
3431119
3431203
3431551
3431767
3431851
3432019
3432067
3432259
3432523
3432547
3432571
3432703
3432799
3432967
3433123
3433207
3433351
3433411
3433447
3433459
3433543
3433783
3434227
3434251
3434287
3434311
3434443
3434467
3434791
3435007
3435151
3435163
3435331
3435403
3435583
3435739
3435847
3435871
3435907
3436171
3436231
3436243
3436267
3436423
3436711
3436843
3436903
3436987
3437107
3437359
3437431
3437647
3437827
3437923
3438007
3438067
3438091
3438103
3438139
3438223
3438283
3438367
3438439
3438679
3438691
3438751
3438763
3438979
3439003
3439123
3439291
3439411
3439459
3439651
3439663
3439867
3439987
3439999
3440011
3440119
3440131
3440167
3440263
3440323
3440419
3440527
3440551
3440839
3440971
3441019
3441103
3441211
3441379
3441391
3441631
3441811
3441931
3441967
3442123
3442171
3442423
3442567
3442639
3442651
3442759
3442963
3443071
3443227
3443347
3443443
3443683
3443863
3443983
3444031
3444079
3444307
3444391
3444631
3444667
3444739
3445027
3445459
3445567
3445627
3445639
3445807
3445963
3446491
3446503
3446671
3446719
3446731
3446743
3446887
3447139
3447247
3447319
3447463
3447511
3447643
3447679
3447799
3447943
3448267
3448327
3448351
3448639
3448771
3448831
3448867
3449119
3449191
3449443
3449539
3449707
3449767
3449947
3449983
3450079
3450127
3450211
3450283
3450319
3450487
3450523
3450607
3450631
3450679
3450751
3451099
3451159
3451171
3451207
3451363
3451423
3451579
3451603
3451963
3452107
3452179
3452227
3452287
3452431
3452671
3452959
3452971
3453019
3453127
3453199
3453283
3453367
3453379
3453451
3453811
3453943
3454027
3454123
3454159
3454279
3454303
3454387
3454483
3454603
3454771
3454819
3454987
3455203
3455227
3455251
3455563
3455719
3455791
3455887
3455923
3456031
3456091
3456451
3456511
3456547
3456979
3457087
3457303
3457339
3457471
3457591
3457723
3458179
3458251
3458311
3458407
3458491
3458563
3458659
3459103
3459199
3459271
3459283
3459343
3459559
3459751
3459847
3460099
3460207
3460243
3460363
3460579
3460819
3460927
3461011
3461083
3461551
3461599
3461767
3461791
3461827
3461839
3462079
3462247
3462307
3462343
3462379
3462439
3462451
3462523
3462619
3463027
3463051
3463171
3463387
3463399
3463531
3463627
3463783
3463807
3463819
3463843
3463927
3464431
3464599
3464647
3464827
3464863
3464959
3464971
3465031
3465103
3465151
3465367
3465463
3465487
3465691
3465727
3465799
3465859
3465871
3466003
3466231
3466363
3466471
3466627
3466651
3466867
3467119
3467131
3467239
3467263
3467323
3467623
3467647
3467731
3467743
3467803
3467839
3467923
3468019
3468163
3468307
3468427
3468499
3468547
3468631
3468667
3468679
3468919
3468991
3469099
3469387
3469567
3469747
3469783
3469867
3470011
3470083
3470191
3470251
3470287
3470443
3470587
3470611
3470647
3470683
3471331
3471379
3471439
3471667
3471679
3471847
3472171
3472291
3472411
3472531
3472627
3472639
3472951
3473131
3473251
3473383
3473647
3473683
3473791
3473887
3473923
3474067
3474223
3474259
3474607
3474619
3474763
3474871
3474931
3475027
3475243
3475267
3475363
3475471
3475699
3475807
3475903
3475951
3476131
3476203
3476311
3476419
3476911
3476947
3476983
3477091
3477259
3477559
3477967
3478039
3478099
3478243
3478459
3478687
3478747
3478759
3478771
3478831
3478903
3478939
3479083
3479143
3479479
3479659
3479767
3479899
3480007
3480067
3480151
3480271
3480403
3480511
3480619
3480691
3480703
3480727
3481099
3481111
3481267
3481483
3481519
3481567
3481747
3481927
3482023
3482071
3482179
3482251
3482443
3482539
3482599
3482707
3482767
3482779
3482851
3482887
3482971
3483223
3483463
3483607
3483619
3483643
3483763
3483943
3484051
3484111
3484171
3484219
3484447
3484759
3485011
3485059
3485203
3485563
3485743
3485803
3485851
3485983
3486019
3486127
3486151
3486199
3486283
3486331
3486391
3486559
3486643
3486919
3487063
3487111
3487219
3487843
3488071
3488263
3488371
3488599
3488659
3488839
3489127
3489259
3489463
3489487
3489571
3489691
3489847
3489907
3489919
3489943
3490051
3490159
3490303
3490387
3490483
3490639
3490807
3490819
3490843
3490891
3491011
3491071
3491119
3491179
3491227
3491311
3491359
3491707
3491827
3491923
3491947
3492007
3492031
3492043
3492091
3492103
3492283
3492439
3492487
3492547
3492571
3492607
3492691
3492823
3493003
3493183
3493471
3493507
3493519
3493591
3493783
3493939
3493951
3494083
3494443
3494563
3494947
3495451
3495643
3495823
3495847
3495883
3496063
3496147
3496579
3496711
3496723
3496807
3496939
3497071
3497119
3497227
3497323
3497443
3497479
3497623
3497827
3497911
3498031
3498259
3498487
3498559
3498739
3498799
3498919
3499099
3499183
3499267
3499339
3499351
3499567
3499843
3499999
3500023
3500059
3500251
3500323
3500383
3500779
3501247
3501259
3501283
3501331
3501343
3501427
3501679
3501907
3502183
3502231
3502363
3502519
3502627
3502711
3502879
3502987
3503083
3503191
3503911
3503947
3504103
3504427
3504451
3504619
3504667
3504811
3505171
3505207
3505219
3505267
3505351
3505363
3505531
3505651
3505819
3506023
3506047
3506179
3506287
3506323
3506407
3506479
3506719
3506863
3507079
3507199
3507367
3507403
3507667
3507739
3507883
3508231
3508279
3508447
3508591
3509059
3509071
3509251
3509347
3509383
3509419
3509491
3509503
3509719
3509983
3510103
3510187
3510499
3510511
3510547
3510607
3511051
3511087
3511243
3511531
3511771
3511951
3512059
3512167
3512227
3512239
3512623
3512671
3512779
3512851
3512911
3512983
3513007
3513127
3513427
3513451
3513463
3513667
3513703
3513739
3513787
3513859
3514243
3514279
3514387
3514747
3514783
3514891
3515011
3515179
3515371
3515443
3515587
3515623
3515839
3516187
3516199
3516307
3516367
3516727
3516811
3516871
3517387
3517531
3517783
3517879
3517999
3518143
3518239
3518323
3518491
3518719
3518863
3518899
3518923
3519211
3519247
3519331
3519811
3519823
3520147
3520183
3520303
3520519
3520579
3520663
3520987
3521059
3521083
3521131
3521191
3521239
3521299
3521659
3521803
3521923
3522007
3522199
3522559
3522643
3522667
3522787
3522991
3523027
3523111
3523147
3523327
3523363
3523579
3523603
3523627
3523651
3523963
3524047
3524071
3524119
3524299
3524407
3524431
3524611
3524767
3524827
3524923
3524947
3524971
3525019
3525043
3525727
3525859
3525883
3525943
3526099
3526231
3526279
3526771
3526987
3527023
3527071
3527239
3527311
3527383
3527527
3527611
3527731
3527779
3527791
3527851
3527899
3528043
3528103
3528211
3528403
3528463
3528607
3528871
3529063
3529087
3529219
3529291
3529303
3529543
3529759
3529807
3529843
3529951
3530179
3530563
3530671
3530731
3530803
3530887
3531211
3531247
3531343
3531403
3531487
3531499
3531559
3531571
3531907
3531991
3532147
3532387
3532531
3532603
3532891
3533119
3533239
3533371
3533443
3533479
3533539
3533683
3533731
3533767
3534043
3534187
3534343
3534379
3534547
3534763
3534799
3534871
3534907
3534919
3535087
3535423
3535447
3535459
3535627
3535663
3535699
3535771
3535927
3536539
3536551
3536563
3536647
3536791
3536851
3536899
3536959
3537019
3537103
3537151
3537187
3537307
3537571
3537823
3537847
3537871
3537907
3537943
3537979
3538039
3538219
3538231
3538387
3538399
3538411
3538519
3538531
3538699
3538747
3538831
3539059
3539083
3539119
3539167
3539443
3539659
3539779
3539959
3540067
3540127
3540139
3540259
3540487
3540583
3540679
3540703
3540991
3541063
3541147
3541327
3541411
3541459
3541579
3541651
3541723
3541939
3542059
3542083
3542503
3542767
3542839
3542863
3542983
3543079
3543451
3543487
3543499
3543571
3543583
3543763
3543811
3543919
3544027
3544159
3544171
3544339
3544459
3544531
3544579
3544591
3544843
3544927
3545071
3545131
3545167
3545203
3545287
3545359
3545407
3545467
3545719
3545779
3545791
3545851
3546007
3546247
3546259
3546427
3546619
3546643
3546691
3546799
3546859
3546979
3547039
3547399
3547519
3547567
3547591
3547651
3547723
3547867
3547879
3548299
3548407
3548491
3548863
3548899
3548983
3549019
3549079
3549307
3549319
3549631
3549823
3549967
3550111
3550279
3550363
3550387
3550567
3550783
3550843
3550999
3551323
3551467
3551551
3551839
3552103
3552163
3552247
3552463
3552583
3552667
3552811
3552859
3552883
3553267
3553351
3553411
3553423
3553723
3553783
3553843
3554059
3554203
3554431
3554527
3554731
3554779
3554851
3555007
3555031
3555043
3555067
3555403
3555463
3555571
3555763
3555787
3555943
3556087
3556123
3556219
3556687
3556747
3556783
3556951
3557023
3557083
3557167
3557263
3557527
3557551
3557599
3557779
3557803
3558019
3558043
3558067
3558259
3558283
3558343
3558463
3558739
3558931
3559063
3559183
3559207
3559351
3559399
3559459
3559711
3559747
3559867
3559903
3560107
3560299
3560503
3560539
3560587
3560611
3560647
3560659
3560971
3561127
3561703
3561799
3561847
3561907
3562051
3562267
3562387
3562399
3562627
3562711
3562771
3562927
3563059
3563167
3563323
3563383
3563503
3563563
3563779
3564259
3564331
3564619
3564739
3564751
3564787
3564859
3565039
3565147
3565183
3565399
3565423
3565447
3565591
3565747
3565867
3565879
3566047
3566131
3566191
3566263
3566599
3566743
3566839
3567019
3567103
3567247
3567283
3567559
3567631
3567643
3567703
3567847
3567859
3567919
3568063
3568207
3568231
3568399
3568567
3568603
3568651
3568783
3568867
3568951
3569107
3569191
3569287
3569491
3569539
3569551
3569647
3569707
3569719
3569947
3570139
3570223
3570583
3570703
3570811
3570943
3570991
3571423
3571459
3571927
3571987
3572131
3572167
3572203
3572287
3572467
3572599
3572707
3573139
3573187
3573223
3573259
3573331
3573391
3573403
3573499
3573511
3573607
3573679
3573727
3573751
3573799
3574111
3574231
3574759
3574771
3574819
3575119
3575263
3575371
3575599
3575647
3575707
3575911
3575959
3576031
3576163
3576283
3576319
3576451
3576571
3576607
3576907
3576967
3577099
3577459
3577507
3577963
3578119
3578167
3578191
3578227
3578359
3578539
3579187
3579271
3579487
3579679
3579691
3579703
3579799
3579859
3579871
3580123
3580351
3580411
3580519
3580807
3580831
3580963
3581131
3581191
3581251
3581503
3581791
3581803
3581827
3581911
3581923
3582079
3582463
3582499
3582547
3582727
3582823
3583123
3583219
3583231
3583543
3583771
3584011
3584047
3584311
3584323
3584563
3584851
3584923
3584947
3585139
3585247
3585259
3585271
3585391
3585667
3585679
3585787
3585823
3585931
3586123
3586171
3586399
3586543
3586651
3586783
3586819
3586927
3587179
3587203
3587251
3587263
3587359
3587431
3587611
3587719
3587803
3588019
3588163
3588451
3588619
3588763
3588847
3588883
3588919
3589603
3589699
3589783
3589819
3590023
3590143
3590239
3590347
3590467
3590539
3590647
3590707
3590779
3590863
3590971
3591079
3591139
3591487
3591499
3591547
3591571
3591871
3591967
3592291
3592591
3592639
3592651
3592747
3592759
3592879
3593047
3593203
3593371
3593407
3593563
3593659
3593791
3593827
3593959
3594067
3594307
3594319
3594343
3594427
3594631
3594727
3594763
3594907
3594967
3595063
3595303
3595363
3595399
3595663
3595939
3596083
3596107
3596167
3596191
3596251
3596431
3596587
3596599
3596731
3597043
3597067
3597127
3597151
3597259
3597343
3597379
3597487
3597703
3598027
3598039
3598279
3598411
3598423
3598459
3598927
3599083
3599107
3599179
3599251
3599383
3599527
3599719
3599839
3599851
3599887
3600007
3600283
3600319
3600463
3600511
3600607
3600763
3600799
3601063
3601111
3601219
3601327
3601447
3601579
3601627
3601711
3601879
3602047
3602167
3602299
3602359
3602371
3602587
3602659
3602707
3602803
3602923
3602971
3603079
3603451
3603667
3603703
3603931
3604099
3604327
3604507
3604603
3604747
3604963
3604999
3605263
3605419
3605443
3605659
3605803
3606103
3606151
3606223
3606487
3606679
3606763
3607099
3607183
3607327
3607423
3607447
3607459
3607531
3607567
3607627
3607771
3607819
3607963
3608191
3608251
3608299
3608323
3608851
3609007
3609379
3609391
3609499
3609787
3609799
3609871
3610003
3610051
3610111
3610183
3610303
3610363
3610531
3610543
3610591
3610771
3610807
3610951
3611119
3611287
3611323
3611347
3611479
3611551
3611563
3611623
3611947
3612019
3612187
3612247
3612283
3612307
3612487
3612667
3612703
3612787
3612811
3612883
3612919
3612943
3612967
3612991
3613003
3613039
3613171
3613327
3613387
3613543
3613663
3613723
3613759
3613867
3613999
3614179
3614227
3614263
3614323
3614407
3614431
3614587
3614719
3614839
3615319
3615523
3615559
3615811
3615847
3615919
3616183
3616303
3616447
3616519
3616531
3616747
3616843
3616999
3617059
3617179
3617323
3617347
3617443
3617491
3617503
3617599
3617659
3617683
3618007
3618187
3618211
3618247
3618259
3618283
3618343
3618403
3618463
3618499
3618679
3618907
3619039
3619159
3619183
3619339
3619471
3619507
3619663
3619687
3619723
3619807
3619843
3620011
3620083
3620443
3620467
3620623
3620671
3620767
3620803
3620839
3620923
3621031
3621127
3621199
3621271
3621379
3621559
3621691
3621907
3621931
3622111
3622123
3622231
3622279
3622327
3622351
3622687
3622747
3622831
3622903
3622963
3622987
3623107
3623287
3623491
3623803
3623899
3623947
3624091
3624139
3624223
3624331
3624667
3624811
3624847
3624919
3625051
3625123
3625243
3625339
3625351
3625387
3625411
3625591
3625603
3625711
3625759
3625807
3625987
3626011
3626383
3626431
3626443
3626563
3626611
3626743
3626971
3627067
3627079
3627139
3627199
3627223
3627331
3627367
3627391
3627427
3627787
3627823
3627979
3628111
3628267
3628279
3628291
3628399
3628483
3628591
3628663
3628927
3629107
3629167
3629203
3629299
3629623
3629671
3629803
3629887
3629947
3630247
3630271
3630391
3630547
3630559
3630643
3630667
3630859
3630883
3630943
3630967
3631027
3631219
3631423
3631543
3631759
3631783
3631963
3632191
3632371
3632383
3632443
3632479
3632599
3632719
3632767
3633151
3633367
3633403
3633559
3633583
3633907
3633919
3633991
3634171
3634303
3634531
3634591
3634627
3634639
3634663
3634963
3635431
3635563
3635647
3635743
3635803
3636103
3636403
3636427
3636439
3636499
3636511
3636547
3636799
3636943
3637087
3637159
3637771
3637831
3637903
3637939
3638023
3638227
3638407
3638419
3638491
3638851
3638959
3639019
3639043
3639067
3639211
3639319
3639379
3639403
3639487
3639499
3639523
3639631
3639667
3639739
3639919
3639967
3639991
3640327
3640471
3640543
3640591
3640867
3640891
3640999
3641083
3641119
3641191
3641263
3641371
3641431
3641467
3641611
3641623
3641647
3641707
3641731
3641767
3641887
3642343
3642451
3642619
3642631
3642739
3642883
3643063
3643099
3643267
3643303
3643411
3643483
3643603
3643639
3643699
3643807
3643819
3644023
3644071
3644479
3644503
3644731
3644743
3644791
3644899
3644959
3644983
3645151
3645307
3645559
3645571
3645643
3645703
3646039
3646231
3646339
3646399
3646471
3646711
3646723
3646963
3647071
3647167
3647383
3647419
3647551
3647599
3647803
3647947
3648067
3648427
3648439
3648487
3648691
3648739
3648859
3649003
3649027
3649147
3649207
3649363
3649411
3649531
3649567
3649579
3649687
3649831
3649999
3650263
3650863
3651547
3651559
3651607
3651619
3651763
3651943
3651979
3652063
3652171
3652219
3652279
3652303
3652387
3652447
3652459
3652591
3652783
3652843
3653203
3653383
3653647
3653659
3653851
3654331
3654463
3654751
3654787
3655111
3655159
3655231
3655339
3655411
3655447
3655579
3655627
3655651
3655723
3655759
3655807
3655879
3655891
3655987
3656239
3656371
3656383
3656491
3656707
3656923
3657079
3657259
3657271
3657319
3657343
3657571
3657751
3657919
3658327
3658351
3658387
3658399
3658639
3658747
3658891
3659011
3659143
3659179
3659203
3659443
3659611
3659683
3659779
3660187
3660259
3660367
3660379
3660523
3660607
3660619
3660667
3660871
3660919
3661123
3661327
3661447
3661507
3661951
3661963
3662167
3662683
3662719
3663043
3663427
3663547
3663763
3663811
3664039
3664303
3664327
3664351
3664447
3664519
3664651
3664831
3665023
3665239
3665371
3665419
3665443
3665491
3665527
3665587
3665731
3666007
3666127
3666139
3666427
3666583
3666787
3666823
3666907
3666919
3666991
3667003
3667063
3667219
3667243
3667387
3667471
3667567
3667723
3667999
3668251
3668263
3668299
3668359
3668407
3668503
3668971
3669163
3669187
3669307
3669343
3669487
3669511
3669583
3669643
3669691
3669727
3669751
3669763
3670027
3670063
3670123
3670171
3670231
3670243
3670423
3670483
3670603
3670687
3670879
3670987
3671179
3671347
3671599
3671851
3671923
3672007
3672223
3672283
3672463
3672499
3672511
3672547
3672727
3673147
3673183
3673387
3673507
3673519
3673639
3673651
3673687
3673699
3673939
3674299
3674443
3674599
3674623
3674767
3674863
3675211
3675271
3675283
3675439
3675499
3675667
3675703
3676111
3676147
3676279
3676327
3676339
3676399
3676459
3676567
3676639
3676723
3676819
3676831
3676891
3676927
3676963
3676999
3677071
3677227
3677683
3677803
3677827
3678007
3678163
3678223
3678583
3678811
3678943
3679051
3679183
3679279
3679339
3679387
3679567
3679999
3680059
3680203
3680431
3680491
3680503
3680539
3680791
3680863
3681031
3681151
3681283
3681499
3681511
3681787
3681823
3682123
3682303
3682363
3682687
3682759
3682867
3682927
3683011
3683107
3683227
3683263
3683479
3683527
3683599
3683731
3683839
3683959
3683971
3684103
3684391
3684451
3684463
3684487
3684559
3684643
3684679
3684859
3685027
3685147
3685219
3685387
3685471
3685663
3685687
3685699
3685783
3686071
3686083
3686251
3686299
3686503
3686587
3686971
3686983
3687043
3687163
3687583
3687631
3687703
3687763
3687847
3688171
3688591
3688627
3688759
3688963
3689311
3689611
3689887
3690031
3690079
3690151
3690187
3690259
3690499
3690523
3690571
3690607
3690619
3690763
3690871
3691003
3691147
3691327
3691351
3691447
3691459
3691531
3691627
3691687
3691843
3691951
3692239
3692407
3692527
3692551
3692659
3692803
3692971
3693343
3693427
3693463
3693511
3693787
3694027
3694111
3694183
3694267
3694279
3694351
3694459
3694567
3694699
3694891
3695143
3695407
3695467
3695539
3695611
3695683
3695803
3695911
3695971
3696019
3696271
3696403
3696487
3696523
3696619
3696643
3696703
3696727
3696799
3696943
3697051
3697159
3697423
3697531
3697591
3697843
3698131
3698143
3698203
3698251
3698311
3698419
3698647
3698659
3698683
3698719
3699079
3699139
3699187
3699331
3699427
3699499
3699583
3699607
3699691
3700051
3700087
3700267
3700699
3700771
3700819
3700867
3700903
3700987
3701119
3701227
3701251
3701479
3701527
3701539
3701743
3701779
3702031
3702091
3702499
3702571
3702607
3702679
3703327
3703471
3703507
3703639
3703723
3703747
3703831
3703939
3704119
3704203
3704251
3704611
3704731
3705067
3705199
3705271
3705343
3705367
3705379
3705391
3705451
3705511
3705619
3705739
3705763
3705799
3706039
3706099
3706123
3706447
3706627
3707167
3707203
3707239
3707287
3707359
3707419
3707611
3707863
3707923
3707947
3708031
3708151
3708283
3708319
3708571
3708631
3708643
3708751
3708967
3709039
3709759
3709843
3709939
3710299
3710407
3710467
3710647
3710851
3711091
3711199
3711271
3711307
3711343
3711451
3711679
3711751
3711787
3712063
3712327
3712459
3712711
3712747
3712831
3713251
3713263
3713323
3713407
3713623
3713767
3714019
3714043
3714091
3714163
3714259
3714307
3714331
3714439
3714631
3714691
3714703
3714811
3714943
3714979
3715087
3715399
3715783
3715807
3716071
3716107
3716131
3716143
3716467
3716599
3716887
3716971
3717031
3717127
3717223
3717247
3717319
3717391
3717451
3717499
3717547
3717583
3717751
3717811
3717979
3718051
3718159
3718207
3718303
3718411
3718831
3718867
3718879
3719011
3719059
3719119
3719299
3719563
3719803
3719827
3719851
3719959
3719983
3720163
3720391
3720427
3720571
3720583
3720811
3720859
3721027
3721051
3721063
3721099
3721327
3721339
3721603
3722083
3722143
3722419
3722479
3722611
3722623
3722683
3722767
3722791
3722899
3722911
3722947
3723019
3723271
3723439
3723451
3723547
3723739
3723847
3723871
3724051
3724099
3724159
3724339
3724519
3724663
3724711
3724807
3725107
3725179
3725251
3725347
3725503
3725707
3725899
3725959
3725971
3726103
3726127
3726211
3726259
3726319
3726403
3726439
3726511
3726571
3726823
3726871
3726979
3726991
3727027
3727123
3727291
3727303
3727663
3727687
3727723
3727903
3727939
3728203
3728311
3728479
3728743
3728779
3728911
3728947
3728983
3729031
3729067
3729379
3729499
3729883
3729931
3729991
3730063
3730171
3730219
3730387
3730471
3730579
3731071
3731251
3731443
3731491
3731683
3731731
3731863
3731947
3732007
3732019
3732259
3732343
3732691
3732727
3732907
3732919
3733027
3733111
3733159
3733231
3733399
3733459
3733771
3733879
3733963
3734179
3734383
3734719
3734767
3734779
3735007
3735139
3735247
3735439
3735547
3735583
3735619
3735679
3735763
3735931
3735943
3736003
3736087
3736111
3736231
3736471
3736591
3736723
3736867
3737047
3737131
3737203
3737323
3737347
3737359
3737563
3737599
3737659
3737731
3737743
3737959
3738103
3738211
3738247
3738607
3738859
3738967
3739063
3739459
3739699
3739831
3739867
3739891
3739999
3740287
3740371
3740767
3740911
3740923
3741103
3741151
3741163
3741259
3741307
3741523
3741583
3741739
3741799
3741919
3741943
3742051
3742099
3742231
3742267
3742279
3742579
3742699
3743023
3743083
3743203
3743419
3743527
3743539
3743599
3743647
3743683
3743851
3743863
3743959
3744031
3744187
3744619
3744787
3744943
3744967
3745051
3745111
3745471
3745507
3745543
3745723
3745867
3745879
3745939
3746107
3746167
3746227
3746299
3746383
3746527
3746563
3746671
3746767
3746779
3747043
3747307
3747319
3747379
3747691
3747703
3747787
3747811
3747823
3747847
3748027
3748207
3748231
3748243
3748351
3748543
3748651
3748699
3748711
3748831
3748867
3748939
3749191
3749407
3749623
3749947
3749959
3749971
3750151
3750199
3750223
3750511
3750547
3750631
3750751
3751207
3751243
3751387
3751591
3751639
3751663
3752131
3752467
3752647
3752779
3752923
3753007
3753031
3753067
3753199
3753223
3753307
3753331
3753691
3753751
3753823
3753859
3754147
3754183
3754363
3754519
3754687
3754771
3754843
3754867
3755023
3755083
3755287
3755299
3755383
3755539
3755671
3755707
3756019
3756139
3756211
3756223
3756367
3756391
3756559
3756607
3756703
3757111
3757147
3757279
3757447
3757711
3757807
3757927
3757939
3758299
3758467
3758659
3758947
3759127
3759199
3759367
3759439
3759487
3759727
3759751
3759799
3759919
3760123
3760243
3760411
3760531
3760567
3760591
3760639
3760819
3761059
3761071
3761203
3761227
3761239
3761419
3761647
3761959
3761971
3762007
3762091
3762103
3762139
3762163
3762211
3762259
3762331
3762403
3762739
3762799
3763003
3763327
3763339
3763363
3763399
3763483
3763663
3763699
3763831
3763867
3764227
3764311
3764443
3764767
3764791
3764863
3764947
3765019
3765079
3765127
3765319
3765427
3765523
3765607
3765919
3766099
3766111
3766207
3766459
3766759
3766999
3767083
3767227
3767539
3767551
3767587
3767683
3767923
3767983
3768199
3768307
3768559
3768703
3768799
3768847
3768991
3769027
3769231
3769243
3769351
3769411
3769531
3769783
3769891
3770167
3770323
3770863
3770947
3771007
3771043
3771067
3771211
3771499
3771679
3771751
3771871
3771907
3771967
3771979
3772579
3772627
3772687
3772771
3773023
3773047
3773131
3773431
3773491
3773503
3773527
3773743
3773839
3773851
3774163
3774307
3774427
3774571
3774907
3774919
3775039
3775171
3775363
3775399
3775543
3775939
3775999
3776011
3776239
3776263
3776503
3776527
3776659
3776719
3776863
3777187
3777223
3777283
3777307
3777331
3777559
3777799
3778051
3778399
3778447
3778603
3778771
3778939
3778987
3779071
3779131
3779203
3779311
3779359
3779467
3779527
3779851
3780043
3780067
3780151
3780391
3780583
3780607
3780619
3780787
3780823
3780871
3781087
3781147
3781303
3781447
3781507
3781543
3781579
3781639
3781663
3781759
3781903
3782011
3782059
3782167
3782371
3782479
3782491
3782803
3783211
3783487
3783631
3783739
3783859
3783919
3783991
3784003
3784063
3784399
3784411
3784603
3784687
3784747
3784927
3785011
3785071
3785143
3785191
3785227
3785371
3785479
3785539
3785623
3785779
3785851
3786091
3786199
3786259
3786271
3786403
3786463
3786511
3786667
3786703
3786847
3786919
3787351
3787627
3787843
3788383
3788419
3788431
3788683
3788779
3789103
3789139
3789367
3789427
3789463
3789571
3789787
3790447
3790459
3790483
3790651
3790807
3790939
3790951
3791167
3791371
3791383
3791419
3791479
3791551
3791911
3792091
3792307
3792391
3792427
3792487
3792511
3792727
3792739
3792883
3793039
3793087
3793507
3793723
3793747
3793819
3793903
3794047
3794071
3794107
3794227
3794299
3794503
3794599
3794647
3794719
3794743
3794767
3794863
3794899
3794971
3794983
3795007
3795031
3795091
3795367
3795439
3795523
3795619
3795691
3795703
3795907
3796003
3796027
3796063
3796087
3796099
3796279
3796339
3796531
3796843
3796927
3796951
3796963
3797023
3797179
3797203
3797251
3797371
3797383
3797491
3797539
3797551
3797659
3797671
3797683
3798079
3798187
3798283
3798343
3798367
3798547
3798631
3798931
3798943
3799039
3799111
3799219
3799447
3799699
3799759
3799951
3800059
3800227
3800347
3800371
3800887
3800947
3801067
3801211
3801247
3801283
3801403
3801571
3801631
3801667
3802003
3802027
3802363
3802471
3802759
3802783
3802867
3802999
3803251
3803311
3803347
3803551
3803587
3803647
3803659
3803827
3803983
3804043
3804091
3804187
3804331
3804643
3804739
3804763
3804799
3804907
3804919
3804943
3805231
3805279
3805531
3805819
3805831
3805903
3805927
3806119
3806347
3806527
3806599
3806851
3806923
3807187
3807511
3807751
3807871
3807883
3807907
3807931
3808267
3808327
3808411
3808591
3808843
3808963
3809131
3809167
3809623
3809719
3809731
3809947
3809983
3810031
3810199
3810211
3810319
3810343
3810379
3810523
3810559
3810679
3810739
3810823
3811063
3811099
3811147
3811207
3811279
3811411
3811783
3811891
3812071
3812119
3812191
3812647
3812839
3812899
3812911
3812983
3813379
3813427
3813619
3813631
3813811
3813871
3814267
3814339
3814387
3814483
3814639
3815167
3815179
3815407
3815527
3815683
3815923
3816031
3816103
3816391
3816691
3816763
3816907
3816979
3817063
3817111
3817147
3817159
3817279
3817291
3817339
3817447
3817903
3817939
3817987
3817999
3818587
3818767
3818839
3819031
3819139
3819379
3819463
3819523
3819559
3819583
3819631
3819811
3819979
3820171
3820279
3820363
3820423
3820543
3820627
3820651
3820711
3820759
3820963
3821119
3821203
3821263
3821407
3821647
3821731
3821791
3821827
3821863
3821911
3821971
3822031
3822103
3822271
3822583
3822631
3822811
3822919
3822967
3823207
3823219
3823411
3823627
3823747
3823879
3823951
3824083
3824323
3824347
3824503
3824683
3825043
3825271
3825439
3825463
3825511
3825643
3825691
3825823
3825907
3825931
3825979
3826219
3826951
3827191
3827419
3827599
3827671
3827947
3828259
3828499
3828523
3828571
3828751
3828919
3828931
3829171
3829183
3829291
3829351
3829531
3830119
3830131
3830347
3830371
3830527
3830539
3830611
3830623
3830791
3830803
3830863
3831007
3831043
3831319
3831379
3831439
3831691
3831727
3831811
3831871
3832159
3832219
3832291
3832303
3832351
3832603
3832663
3832831
3832879
3832903
3832999
3833059
3833359
3833419
3833527
3833707
3833719
3833899
3834043
3834079
3834139
3834223
3834283
3834499
3834547
3835123
3835231
3835267
3835339
3835399
3835519
3835567
3835759
3835771
3835831
3835903
3836143
3836179
3836587
3836731
3837103
3837139
3837199
3837247
3837319
3837451
3837499
3837739
3837787
3837859
3837871
3837991
3838027
3838183
3838423
3838507
3838519
3838771
3838831
3838903
3838927
3838951
3839359
3839587
3839611
3839623
3839683
3839959
3840007
3840043
3840091
3840127
3840139
3840163
3840259
3840271
3840307
3840523
3840547
3840703
3841027
3841111
3841267
3841351
3841531
3841567
3841603
3841867
3842011
3842143
3842287
3842431
3842539
3842599
3842779
3842851
3842887
3843031
3843067
3843223
3843379
3843823
3844303
3844591
3844627
3844663
3844843
3844927
3844987
3844999
3845119
3845251
3845263
3845407
3845539
3845887
3846019
3846127
3846247
3846463
3846487
3846643
3846991
3847147
3847159
3847243
3847351
3847471
3847687
3847783
3847867
3847927
3847939
3848059
3848083
3848191
3848359
3848599
3848623
3848671
3848827
3849127
3849511
3849523
3849847
3849943
3850159
3850219
3850267
3850303
3850339
3850387
3850459
3850963
3851011
3851059
3851083
3851179
3851359
3851431
3851599
3851863
3851899
3851923
3852019
3852067
3852139
3852151
3852367
3852391
3852427
3852643
3852691
3852787
3852907
3853183
3853411
3853687
3854023
3854119
3854167
3854551
3854923
3855091
3855127
3855151
3855547
3855571
3855703
3855799
3855919
3855967
3856267
3856579
3857107
3857179
3857263
3857311
3857443
3857467
3857683
3857719
3857839
3857863
3857911
3858079
3858103
3858199
3858259
3858307
3858367
3858403
3858487
3858511
3858667
3858991
3859027
3859171
3859231
3859243
3859279
3859411
3859447
3859483
3859567
3859771
3859783
3859927
3859939
3859963
3860023
3860107
3860347
3860359
3860383
3860431
3860827
3860959
3861211
3861223
3861259
3861343
3861547
3861607
3861751
3862003
3862039
3862147
3862267
3862279
3862447
3862531
3862591
3862699
3862939
3862987
3863239
3863443
3863611
3863803
3864019
3864139
3864247
3864319
3864451
3864463
3864499
3864703
3864787
3864811
3865243
3865363
3865567
3865663
3865747
3865819
3866143
3866263
3866287
3866479
3866623
3866719
3866791
3866911
3866983
3867091
3867163
3867271
3867679
3867763
3868279
3868483
3868567
3868999
3869023
3869167
3869311
3869611
3869623
3869683
3869959
3870211
3870247
3870259
3870283
3870439
3870499
3870619
3871039
3871111
3871159
3871171
3871303
3871339
3871447
3871579
3871663
3871759
3871783
3871831
3872023
3872047
3872059
3872203
3872731
3872767
3872839
3872851
3872887
3872959
3873091
3873343
3873379
3873427
3873487
3873631
3873679
3873691
3873847
3873931
3874099
3874111
3874219
3874243
3874279
3874531
3874579
3874639
3874711
3874723
3874747
3874831
3874867
3874939
3875239
3875323
3875359
3875407
3875467
3875539
3875551
3875803
3875827
3875947
3876031
3876091
3876583
3876679
3876907
3876979
3876991
3877063
3877123
3877243
3877507
3877543
3877663
3877891
3877987
3878107
3878143
3878263
3878323
3878647
3878899
3878923
3878947
3879151
3879259
3879283
3879319
3879751
3879979
3880003
3880411
3880447
3880543
3880567
3880627
3880663
3880771
3881239
3881299
3881323
3881407
3881419
3881443
3881587
3881671
3881743
3881803
3881959
3882019
3882079
3882163
3882343
3882367
3882523
3882559
3882643
3882691
3883027
3883063
3883111
3883171
3883183
3883219
3883423
3883903
3884011
3884047
3884071
3884131
3884659
3884707
3884731
3885019
3885127
3885223
3885331
3885379
3885403
3885487
3885499
3885619
3885667
3885691
3885727
3885967
3885991
3886027
3886063
3886159
3886171
3886231
3886303
3886339
3886423
3886459
3886651
3886699
3886819
3886843
3886951
3887083
3887167
3887239
3887311
3887383
3887467
3887491
3887503
3887671
3887707
3887899
3888151
3888571
3888607
3888763
3888823
3888967
3888991
3889399
3889411
3889519
3889591
3889759
3889807
3889843
3889867
3889939
3890083
3890119
3890191
3890239
3890347
3890527
3890563
3890659
3890743
3890851
3891103
3891247
3891343
3891379
3891451
3891571
3891847
3891871
3891883
3892111
3892279
3892411
3892459
3892519
3892831
3892939
3893059
3893107
3893179
3893191
3893287
3893299
3893359
3893419
3893683
3893863
3893983
3894019
3894043
3894151
3894223
3894307
3894511
3894523
3894619
3894691
3894703
3894763
3895039
3895051
3895183
3895231
3895351
3895387
3895459
3895531
3895603
3895891
3895999
3896023
3896059
3896239
3896287
3896323
3896371
3896443
3896467
3896491
3896707
3896743
3896887
3896923
3897079
3897139
3897151
3897259
3897331
3897463
3897727
3897739
3897799
3897823
3897871
3898003
3898123
3898183
3898459
3898507
3898651
3898771
3899011
3899131
3899299
3899347
3899527
3899839
3899887
3900067
3900223
3900307
3900343
3900367
3900499
3900679
3901147
3901351
3901363
3901819
3901867
3901951
3901999
3902167
3902263
3902779
3902803
3902827
3903007
3903127
3903187
3903223
3903271
3903547
3903619
3903667
3903703
3903871
3903883
3904003
3904387
3904447
3904591
3904603
3904699
3905023
3905059
3905107
3905323
3905467
3905491
3905527
3905599
3906043
3906151
3906187
3906247
3906283
3906319
3906367
3906547
3906607
3906691
3906907
3907051
3907159
3907207
3907219
3907291
3907327
3907339
3907363
3907699
3907951
3907987
3908071
3908083
3908119
3908131
3908239
3908491
3908563
3908587
3908767
3908887
3908911
3909019
3909091
3909127
3909211
3909247
3909271
3909427
3909463
3909559
3909667
3909739
3909907
3910003
3910063
3910111
3910147
3910171
3910267
3910339
3910351
3910411
3910507
3910531
3910999
3911179
3911227
3911251
3911431
3911623
3911767
3911779
3911911
3912199
3912319
3912379
3912451
3912487
3912511
3913027
3913051
3913171
3913687
3913771
3913807
3914107
3914179
3914203
3914263
3914359
3914467
3914503
3914671
3914851
3914887
3914983
3915031
3915139
3915187
3915259
3915343
3915403
3915511
3915823
3915907
3915931
3915979
3916039
3916303
3916411
3916543
3916663
3916903
3917047
3917119
3917131
3917203
3917479
3917827
3918043
3918127
3918139
3918151
3918283
3918379
3918391
3918571
3918667
3918751
3919099
3919171
3919183
3919219
3919387
3919519
3919543
3919603
3919999
3920011
3920227
3920311
3920359
3920431
3920551
3920899
3921079
3921343
3921367
3921559
3921823
3921919
3921991
3922099
3922123
3922207
3922231
3922267
3922423
3922519
3922747
3922819
3923071
3923287
3923347
3923539
3923779
3923791
3923827
3923863
3923971
3924079
3924103
3924187
3924211
3925087
3925123
3925171
3925459
3925483
3925591
3925843
3925903
3926023
3926047
3926203
3926227
3926479
3926959
3927199
3927271
3927463
3927523
3927667
3927739
3927751
3927823
3927907
3927943
3927967
3928039
3928303
3928399
3928447
3928651
3928783
3929479
3929503
3929683
3929707
3929719
3930307
3930331
3930439
3930559
3930727
3930763
3930799
3930811
3931027
3931051
3931387
3931567
3931747
3931783
3931891
3931927
3932167
3932179
3932347
3932503
3932647
3932827
3932959
3933151
3933859
3933907
3934087
3934339
3934351
3934363
3934471
3934507
3934519
3934639
3934867
3935011
3935023
3935119
3935203
3935311
3935383
3935443
3935563
3935779
3935839
3935947
3936019
3936103
3936139
3936271
3936307
3936463
3936523
3936631
3936643
3936967
3937039
3937051
3937099
3937159
3937291
3937363
3937399
3937567
3937771
3937783
3937819
3937831
3937903
3938107
3938119
3938371
3938731
3938743
3938827
3939043
3939259
3939619
3939811
3939907
3939919
3940099
3940147
3940171
3940207
3940231
3940267
3940351
3940411
3940663
3941359
3941887
3941923
3942007
3942259
3942307
3942403
3942571
3942619
3942751
3942931
3943123
3943171
3943267
3943399
3943543
3943591
3943663
3943843
3943999
3944131
3944599
3944671
3944683
3944839
3944911
3945031
3945127
3945163
3945367
3945391
3945427
3945703
3945883
3946123
3946183
3946219
3946231
3946339
3946387
3946447
3946507
3946879
3947071
3947143
3947227
3947299
3947311
3947407
3947431
3947479
3947623
3947659
3947899
3947971
3948151
3948163
3948187
3948247
3948367
3948619
3948667
3948883
3948907
3949027
3949051
3949063
3949339
3949459
3949711
3950383
3950563
3950599
3950659
3950767
3950827
3950887
3951127
3951151
3951187
3951247
3951319
3951379
3951811
3951967
3952027
3952219
3952327
3952519
3952651
3952771
3953011
3953071
3953479
3953491
3953779
3953839
3954007
3954199
3954211
3954283
3954499
3954571
3954823
3954859
3955243
3955291
3955603
3955723
3955759
3955999
3956119
3956143
3956179
3956263
3956287
3956647
3956803
3956863
3956983
3957091
3957103
3957271
3957451
3957487
3957691
3957703
3957799
3957883
3958063
3958219
3958243
3958531
3958627
3958879
3959143
3959191
3959203
3959359
3959539
3959587
3959707
3959719
3959911
3960007
3960223
3960367
3960403
3960427
3960751
3960799
3960871
3960967
3961039
3961159
3961339
3961411
3961723
3961759
3961987
3962047
3962311
3962599
3962839
3962851
3963031
3963283
3963391
3963523
3963559
3963643
3963931
3964183
3964399
3964423
3964507
3964531
3964663
3964759
3964783
3964819
3964867
3964903
3964963
3965347
3965359
3965371
3965419
3965443
3965587
3965659
3965827
3966091
3966223
3966331
3966583
3966631
3966691
3966727
3966799
3966871
3966883
3967027
3967087
3967207
3967231
3967351
3967363
3967687
3967819
3968011
3968023
3968047
3968203
3968227
3968323
3968491
3968551
3968827
3969019
3969067
3969151
3969367
3969391
3969451
3969583
3969751
3969811
3969871
3970111
3970339
3970363
3970531
3970579
3970591
3970723
3970831
3970903
3971263
3971287
3971299
3971311
3971587
3971791
3971887
3971983
3972019
3972091
3972103
3972343
3972427
3972499
3972523
3972643
3972931
3973027
3973183
3973219
3973279
3973339
3973447
3973531
3973579
3973639
3973747
3973927
3974143
3974167
3974359
3974371
3974539
3974611
3974683
3974911
3974959
3975031
3975091
3975151
3975163
3975247
3975271
3975487
3975511
3975547
3975667
3975703
3976087
3976099
3976267
3976327
3976459
3976519
3976783
3976879
3976927
3977059
3977107
3977203
3977419
3977431
3977599
3977647
3977791
3977863
3977947
3978043
3978283
3978511
3978523
3978643
3978727
3978823
3978859
3978967
3979039
3979219
3979267
3979543
3979627
3979663
3979771
3980299
3980419
3980479
3980491
3980527
3980551
3980887
3981343
3981643
3982183
3982351
3982399
3982567
3982747
3982819
3983011
3983227
3983263
3983431
3983443
3983467
3983587
3983719
3983839
3983983
3984031
3984259
3984403
3984439
3984679
3984943
3985063
3985087
3985099
3985207
3985243
3985351
3985519
3985543
3985567
3985591
3985711
3985843
3985879
3985951
3985999
3986263
3986431
3986503
3986611
3986923
3987079
3987727
3987811
3987931
3987943
3988003
3988087
3988147
3988291
3988627
3988759
3988771
3988903
3989023
3989119
3989191
3989287
3989311
3989371
3989383
3989431
3989983
3990031
3990127
3990307
3990331
3990379
3990463
3990919
3991111
3991279
3991399
3991543
3991579
3991639
3991711
3991747
3991831
3991891
3992011
3992083
3992143
3992251
3992323
3992347
3992371
3992407
3992479
3992503
3992683
3992719
3992887
3992899
3993019
3993043
3993091
3993127
3993259
3993343
3993511
3993547
3993631
3993739
3993991
3994147
3994267
3994279
3994411
3994699
3994747
3994843
3994891
3995347
3995503
3995671
3995743
3995779
3995923
3996007
3996199
3996211
3996283
3996439
3996511
3996523
3996763
3996919
3996931
3997003
3997111
3997339
3997471
3997723
3998131
3998191
3998299
3998419
3998551
3998707
3998719
3998983
3999067
3999211
3999283
3999703
3999739
3999859
4000039
4000159
4000723
4000879
4001059
4001071
4001167
4001407
4001611
4001719
4001791
4001827
4002043
4002127
4002247
4002307
4002403
4002547
4002631
4002727
4002811
4002847
4002979
4003387
4003459
4003579
4003819
4003963
4003999
4004023
4004191
4004227
4004359
4004527
4004683
4004887
4005223
4005619
4005643
4005691
4006039
4006231
4006243
4006603
4006687
4006939
4007023
4007131
4007239
4007407
4007491
4007599
4007623
4007863
4008091
4008271
4008391
4008427
4008523
4008619
4008643
4008727
4008883
4008919
4009039
4009207
4009219
4009543
4009639
4009891
4009939
4010047
4010131
4010143
4010203
4010371
4010431
4010443
4010491
4010551
4010647
4010803
4011043
4011103
4011487
4011523
4011559
4011583
4011859
4011979
4012111
4012207
4012339
4012639
4012927
4012999
4013059
4013179
4013287
4013323
4013419
4013563
4013671
4013827
4013851
4014211
4014271
4014331
4014403
4014607
4014931
4015147
4015159
4015183
4015267
4015339
4015483
4015579
4015939
4015987
4016059
4016119
4016167
4016347
4016371
4016407
4016563
4016983
4017067
4017199
4017271
4017427
4017463
4017499
4017523
4017691
4017823
4017991
4018039
4018099
4018159
4018207
4018243
4018423
4018471
4018507
4018543
4018867
4019083
4019311
4019647
4019731
4019767
4020151
4020223
4020631
4020691
4020727
4020847
4021051
4021099
4021207
4021243
4021411
4021447
4021471
4021531
4021627
4021879
4021891
4022071
4022107
4022203
4022287
4022323
4022563
4022611
4022671
4022719
4022959
4022983
4023031
4023223
4023319
4023511
4023631
4023751
4023871
4023907
4024003
4024039
4024051
4024147
4024303
4024507
4024687
4024711
4024807
4025083
4025167
4025179
4025227
4025239
4025347
4025407
4025491
4025551
4025599
4025683
4025743
4025779
4025839
4025911
4026031
4026103
4026523
4026571
4026667
4026703
4026751
4026823
4026859
4027171
4027291
4027459
4027579
4027627
4027687
4027711
4027747
4027819
4028179
4028251
4028287
4028539
4028743
4028863
4029127
4029271
4029331
4029367
4029703
4029943
4029979
4030123
4030339
4030363
4030483
4030567
4030927
4030963
4031179
4031347
4031563
4031719
4031827
4031887
4032031
4032151
4032211
4032403
4032547
4032619
4032727
4033207
4033231
4033411
4033591
4033651
4033831
4034047
4034059
4034167
4034203
4034383
4034599
4034623
4034803
4034911
4034923
4034971
4035139
4035523
4035607
4035739
4035751
4036171
4036183
4036363
4036387
4036519
4036567
4036687
4036723
4036927
4037023
4037179
4037263
4037359
4037731
4037827
4037863
4037947
4038007
4038043
4038187
4038451
4038487
4038739
4038763
4038799
4038907
4039447
4039639
4039663
4039843
4040059
4040287
4040359
4040371
4040383
4040419
4040431
4040527
4040563
4040683
4040719
4040779
4040887
4041007
4041043
4041139
4041151
4041211
4041343
4041379
4041511
4041787
4041943
4041979
4042303
4042543
4042627
4042639
4042807
4042891
4043023
4043047
4043287
4043491
4043527
4043587
4043623
4043887
4043959
4044379
4044499
4044559
4044631
4044643
4044811
4044847
4044871
4045147
4045267
4045291
4045567
4045831
4045891
4045927
4046011
4046083
4046299
4046311
4046443
4046467
4046479
4046683
4046719
4046803
4046899
4047079
4047331
4047367
4047583
4047619
4047739
4047811
4047847
4047991
4048123
4048171
4048339
4048459
4048519
4048531
4048747
4048939
4049107
4049131
4049167
4049203
4049467
4049779
4049827
4049887
4049959
4050031
4050187
4050283
4050727
4050751
4050847
4050859
4050931
4050979
4051051
4051339
4051363
4051591
4051603
4051843
4051867
4051951
4052299
4052383
4052527
4052551
4052767
4052803
4052959
4053019
4053067
4053523
4053691
4053787
4053919
4053991
4054147
4054207
4054231
4054387
4054723
4055071
4055143
4055371
4055431
4055647
4055767
4055791
4055839
4055983
4056067
4056079
4056379
4056739
4056883
4056919
4056979
4057159
4057231
4057423
4057639
4057663
4057699
4057759
4057927
4058059
4058071
4058107
4058599
4058683
4058839
4059067
4059079
4059403
4059439
4059511
4059571
4059619
4059823
4059871
4059919
4060159
4060219
4060291
4060591
4060759
4060879
4060891
4060951
4061023
4061059
4061203
4061227
4061347
4061791
4061887
4061923
4062139
4062307
4062319
4062571
4062607
4062631
4062787
4062823
4062931
4062991
4063063
4063183
4063327
4063471
4063603
4063711
4063951
4063963
4064107
4064143
4064227
4064539
4064647
4064659
4064839
4064899
4064971
4065007
4065331
4065379
4065583
4065667
4066063
4066219
4066807
4066879
4066987
4067143
4067263
4067467
4067599
4067647
4067827
4067863
4067971
4068139
4068271
4068283
4068319
4068511
4068619
4068871
4068943
4068979
4069003
4069099
4069159
4069267
4069327
4069543
4069627
4069687
4069699
4069771
4070119
4070167
4070371
4070923
4070947
4070971
4071031
4071271
4071307
4071427
4071511
4071559
4071679
4071703
4071931
4071967
4072039
4072171
4072207
4072291
4072399
4072459
4072507
4072807
4072867
4072903
4072927
4073143
4073191
4073287
4073359
4073371
4073683
4073731
4073791
4073983
4074043
4074439
4074451
4074487
4074523
4074943
4074991
4075147
4075171
4075243
4075447
4075627
4075879
4075891
4075963
4075987
4076227
4076287
4076383
4076599
4076647
4077103
4077211
4077223
4077247
4077259
4077319
4077499
4077547
4077559
4077607
4077751
4077763
4077823
4077859
4077883
4077967
4078003
4078159
4078219
4078231
4078363
4078411
4078663
4078687
4078699
4078747
4078807
4078831
4078951
4079059
4079143
4079191
4079203
4079419
4079527
4079707
4079767
4080103
4080451
4080787
4080847
4080859
4081039
4081111
4081183
4081303
4081351
4081387
4081543
4081579
4081867
4081963
4082107
4082479
4082527
4082539
4082599
4082719
4082971
4083199
4083223
4083307
4083511
4083571
4083619
4083691
4083787
4083883
4083907
4083931
4084027
4084207
4084231
4084303
4084567
4084603
4084771
4084807
4084819
4084891
4084999
4085167
4085239
4085311
4085371
4085407
4085563
4085659
4085827
4085923
4086151
4086403
4086427
4086487
4086631
4086679
4086967
4087807
4087843
4087891
4088047
4088191
4088239
4088299
4088443
4088467
4088527
4088563
4088599
4088731
4088767
4088839
4088923
4088947
4089079
4089139
4089559
4089619
4089643
4089823
4090003
4090243
4090423
4090507
4090519
4090531
4090579
4090651
4090747
4090903
4091047
4091071
4091083
4091371
4091587
4091767
4091863
4091911
4092007
4092043
4092079
4092259
4092271
4092343
4092559
4092667
4092703
4092763
4093027
4093087
4093339
4093603
4093627
4093807
4094131
4094179
4094203
4094287
4094323
4094359
4094479
4094599
4094719
4094767
4095043
4095103
4095139
4095187
4095319
4095331
4095391
4095547
4095607
4095727
4095799
4096219
4096399
4096471
4096831
4096879
4096927
4097227
4097263
4097299
4097347
4097371
4097383
4097503
4097551
4097707
4097923
4098103
4098247
4098271
4098463
4098499
4098511
4098571
4098607
4099531
4099723
4100011
4100227
4100251
4100263
4100407
4100479
4100539
4100611
4100731
4100911
4101187
4101259
4101367
4101379
4101919
4101991
4102171
4102339
4102603
4102663
4102711
4102807
4102843
4102927
4103179
4103227
4103347
4103371
4103383
4103467
4103611
4103719
4103923
4104007
4104031
4104091
4104103
4104187
4104391
4104427
4104643
4104799
4104907
4104967
4105219
4105579
4105627
4105663
4105831
4105879
4105903
4105939
4106083
4106119
4106131
4106239
4106419
4106491
4106551
4106587
4106659
4106743
4106779
4106803
4107127
4107391
4107427
4107487
4107643
4107751
4107787
4107979
4108087
4108183
4108243
4108387
4108471
4108903
4108963
4109011
4109227
4109251
4109431
4109683
4109839
4109899
4110079
4110163
4110331
4110439
4110727
4110979
4111027
4111171
4111207
4111363
4111423
4111519
4111663
4111819
4111867
4111951
4112023
4112299
4112347
4112431
4112467
4112539
4112851
4112887
4112971
4113103
4113127
4113211
4113547
4113763
4113931
4113943
4114087
4114183
4114519
4114651
4114687
4114783
4114843
4114879
4115131
4115239
4115299
4115563
4115599
4115707
4115779
4115791
4115971
4116019
4116127
4116163
4116271
4116643
4116667
4116727
4116751
4116823
4116967
4116991
4117171
4117279
4117567
4117783
4117843
4117903
4118143
4118251
4118287
4118467
4119007
4119079
4119091
4119103
4119163
4119211
4119259
4119307
4119331
4119343
4119667
4119859
4119919
4119991
4120159
4120183
4120231
4120747
4120939
4120999
4121167
4121431
4121503
4121527
4121539
4121647
4121707
4122043
4122067
4122187
4122247
4122571
4122607
4122691
4122751
4123039
4123099
4123303
4123447
4123531
4123591
4123759
4123963
4124227
4124299
4124347
4124479
4124563
4124599
4124623
4124647
4124707
4124803
4125127
4125259
4125307
4125343
4125427
4125559
4125571
4125991
4126099
4126399
4126531
4126543
4126567
4126651
4126891
4126939
4127287
4127407
4127467
4127479
4127647
4127659
4127791
4127899
4127983
4128079
4128199
4128367
4128763
4129243
4129423
4129771
4130359
4130563
4130683
4130887
4130899
4131031
4131223
4131367
4131763
4131859
4131979
4132087
4132159
4132231
4132363
4132591
4132831
4132903
4132927
4132987
4133263
4133419
4133527
4133551
4133587
4133611
4133911
4133923
4134391
4134463
4134667
4134679
4134703
4134847
4134883
4134931
4135003
4135279
4135507
4135531
4135567
4135771
4136059
4136179
4136191
4136311
4136383
4136467
4136551
4136599
4136719
4136767
4136971
4137223
4137559
4137571
4137619
4137751
4137883
4138051
4138111
4138243
4138279
4138483
4138579
4138591
4138627
4138711
4138819
4138951
4138963
4138987
4138999
4139203
4139299
4139323
4139419
4139491
4139503
4139599
4139827
4139899
4139923
4139983
4140211
4140439
4140511
4140931
4140967
4141147
4141339
4141663
4141699
4141723
4141759
4141807
4141831
4141903
4142011
4142023
4142059
4142119
4142167
4142227
4142311
4142659
4142947
4143067
4143163
4143331
4143499
4143571
4143847
4143859
4143871
4144099
4144291
4144363
4144423
4144471
4144579
4144711
4144963
4145047
4145299
4145371
4145539
4145611
4145731
4145803
4145839
4146139
4146211
4146451
4146811
4146859
4146943
4146979
4147267
4147483
4147531
4147747
4147771
4147879
4147987
4148059
4148071
4148143
4148239
4148611
4148647
4148719
4148863
4148899
4148923
4148971
4149007
4149151
4149259
4149283
4149931
4149967
4150039
4150411
4150507
4150519
4150903
4151011
4151023
4151131
4151167
4151239
4151347
4151479
4151803
4151887
4151911
4152019
4152067
4152079
4152271
4152283
4152523
4152679
4152823
4152847
4152943
4153099
4153111
4153183
4153207
4153291
4153579
4153687
4153711
4153819
4153927
4154083
4154107
4154203
4154263
4154287
4154719
4154791
4154923
4154947
4155007
4155079
4155103
4155187
4155331
4155343
4155367
4155523
4155583
4155631
4155703
4155763
4155919
4156039
4156447
4156519
4156531
4156639
4156783
4156807
4156819
4157287
4157347
4157563
4157887
4157899
4158103
4158139
4158151
4158211
4158367
4158391
4158403
4158547
4158859
4158943
4159219
4159231
4159279
4159291
4159303
4159471
4159627
4159663
4159723
4159807
4159843
4160011
4160047
4160227
4160347
4160371
4160407
4160599
4160911
4161163
4161271
4161307
4161343
4161463
4161559
4161667
4161679
4161691
4161823
4162003
4162027
4162063
4162183
4162231
4162243
4162363
4162507
4162687
4162783
4162867
4162927
4162999
4163359
4163371
4163479
4163503
4163539
4163659
4163911
4164343
4164367
4164451
4164463
4164583
4164907
4165099
4165267
4165411
4165627
4166023
4166203
4166419
4166527
4166563
4166599
4166647
4166671
4166863
4167043
4167187
4167223
4167367
4167379
4167391
4167523
4167607
4167763
4167931
4168063
4168159
4168303
4168579
4168627
4168651
4168939
4168951
4168987
4169119
4169203
4169299
4169491
4169527
4169551
4169623
4170031
4170079
4170091
4170211
4170343
4170379
4170499
4170679
4170739
4171003
4171183
4171231
4171243
4171327
4171459
4171759
4172071
4172323
4172431
4172551
4172719
4172731
4172863
4173139
4173151
4173223
4173343
4173487
4173727
4173739
4173751
4173811
4173907
4173919
4173943
4174171
4174351
4174411
4174507
4174531
4174567
4174711
4174879
4175203
4175467
4175683
4176259
4176691
4176871
4176919
4177051
4177123
4177183
4177339
4177447
4177519
4177543
4177687
4177759
4177807
4177843
4177867
4177939
4178047
4178131
4178191
4178443
4178527
4178599
4178767
4178851
4178959
4179067
4179247
4179367
4179379
4179391
4179463
4179607
4179667
4180471
4180507
4180819
4180831
4180927
4181071
4181263
4181323
4181431
4181839
4181899
4182103
4182127
4182271
4182307
4182379
4182403
4182487
4182631
4182667
4182691
4182883
4183027
4183063
4183087
4183243
4183303
4183351
4183639
4183687
4183783
4183831
4183951
4184143
4184251
4184311
4184347
4184359
4184563
4184599
4184707
4184743
4184899
4185007
4185211
4185547
4185619
4185763
4185787
4185799
4185943
4186087
4186123
4186183
4186219
4186339
4186591
4186639
4186723
4186747
4186843
4187047
4187647
4187707
4187731
4187779
4187983
4188451
4188559
4188631
4188703
4188991
4189027
4189039
4189099
4189147
4189183
4189219
4189351
4189459
4189567
4189651
4189771
4189879
4189903
4190083
4190119
4190167
4190299
4190359
4190467
4190503
4190803
4190863
4191043
4191067
4191091
4191487
4191679
4191763
4191931
4191991
4192051
4192087
4192351
4192411
4192519
4192567
4192603
4192963
4192987
4193251
4193359
4193443
4193743
4193803
4193971
4194007
4194103
4194187
4194247
4194403
4194439
4194451
4194511
4194559
4194583
4194643
4194679
4194871
4194907
4195183
4195231
4195291
4195483
4195579
4195747
4195759
4195771
4195879
4196011
4196239
4196371
4196407
4196527
4196839
4197019
4197103
4197139
4197163
4197343
4197631
4197667
4197871
4197883
4197967
4198003
4198039
4198111
4198339
4198543
4198567
4198759
4198891
4198927
4198963
4199071
4199491
4199563
4199599
4199791
4199827
4200043
4200127
4200187
4200247
4200307
4200439
4200451
4200523
4200739
4200883
4201051
4201063
4201207
4201243
4201279
4201291
4201303
4201459
4201699
4201843
4201891
4201963
4202167
4202203
4202827
4202923
4203139
4203187
4203247
4203391
4203583
4203643
4203931
4203967
4204243
4204471
4204579
4204663
4204723
4205011
4205059
4205191
4205323
4205347
4205371
4205587
4205623
4205659
4205731
4205779
4205911
4206019
4206091
4206127
4206427
4206487
4206823
4206967
4207003
4207039
4207219
4207471
4207591
4207771
4207867
4208143
4208179
4208227
4208371
4208731
4208863
4208983
4209151
4209187
4209451
4209559
4209739
4209763
4209787
4209859
4209871
4209883
4209979
4210207
4210279
4210411
4210447
4210519
4210627
4210783
4210807
4210963
4211107
4211131
4211167
4211491
4211671
4211707
4211743
4211899
4212139
4212211
4212283
4212331
4212367
4212727
4212739
4212799
4213147
4213411
4213471
4213543
4213567
4213843
4214131
4214227
4214479
4214611
4214659
4214851
4215091
4215103
4215319
4215427
4215751
4215859
4215919
4216027
4216063
4216171
4216231
4216819
4216939
4216999
4217011
4217287
4217431
4217503
4217539
4217611
4217623
4217971
4218007
4218163
4218199
4218271
4218439
4218631
4218667
4218763
4218847
4219027
4219099
4219447
4219951
4219987
4220059
4220143
4220239
4220287
4220323
4220551
4220563
4220599
4220719
4220731
4220791
4221031
4221223
4221271
4221583
4221643
4221787
4222003
4222051
4222219
4222399
4222483
4222591
4222723
4222759
4223239
4223311
4223371
4223383
4223407
4223563
4223767
4223839
4223959
4224127
4224139
4224247
4224379
4224439
4224607
4224667
4224679
4224811
4225003
4225099
4225171
4225651
4225783
4226107
4226371
4226479
4226623
4226647
4226767
4226839
4227043
4227103
4227187
4227523
4227739
4227967
4227991
4228099
4228243
4228267
4228351
4228387
4228591
4228759
4228771
4228879
4229143
4229167
4229287
4229383
4229479
4229707
4229971
4230403
4230463
4230571
4230871
4231099
4231111
4231219
4231267
4231399
4231627
4231687
4231723
4231831
4232191
4232407
4232443
4232659
4232707
4232731
4232743
4232887
4233139
4233199
4233247
4233499
4233631
4233787
4233811
4233919
4234039
4234063
4234099
4234291
4234387
4234459
4234939
4234963
4235263
4235299
4235419
4235443
4235467
4235503
4235659
4235731
4235863
4236103
4236187
4236307
4236619
4237087
4237279
4237507
4237531
4237603
4237687
4237747
4237843
4237927
4237939
4237999
4238107
4238167
4238431
4238791
4238851
4239043
4239187
4239211
4239247
4239331
4239607
4239931
4240111
4240207
4240267
4240399
4240567
4240627
4240807
4240843
4241119
4241239
4241371
4241443
4241599
4241623
4241659
4241827
4241851
4242019
4242031
4242127
4242211
4242247
4242283
4242307
4242391
4242451
4242523
4242547
4242859
4242883
4242919
4242991
4243003
4243051
4243147
4243243
4243279
4243411
4243543
4243639
4243711
4243747
4243879
4243903
4243927
4244083
4244491
4244503
4244767
4244791
4244827
4244971
4244983
4245091
4245331
4245511
4245847
4245907
4246051
4246087
4246111
4246159
4246303
4246771
4246807
4246819
4246843
4247071
4247107
4247167
4247251
4247539
4247611
4247707
4247767
4247827
4247863
4247923
4248019
4248103
4248151
4248187
4248319
4248331
4248463
4248823
4248967
4248991
4249123
4249159
4249327
4249579
4249723
4249831
4250047
4250299
4250479
4250599
4250767
4250887
4250923
4250959
4251019
4251031
4251199
4251223
4251283
4251451
4251463
4251703
4251799
4251931
4252063
4252111
4252147
4252207
4252279
4252351
4252459
4252519
4252711
4252747
4252819
4252867
4252939
4253023
4253047
4253083
4253203
4253371
4253443
4253467
4253563
4253719
4253839
4254007
4254091
4254127
4254163
4254559
4254583
4254763
4254799
4255387
4255519
4255591
4255807
4255879
4255939
4255963
4255987
4256167
4256347
4256383
4256431
4256467
4256491
4256671
4257067
4257223
4257283
4257391
4257679
4257763
4257931
4258339
4258363
4258411
4258531
4258699
4258879
4258951
4258987
4259119
4259131
4259383
4259527
4259923
4260019
4260247
4260283
4260643
4260859
4260967
4261219
4261351
4261363
4261423
4261519
4261627
4261711
4261723
4261867
4261903
4262047
4262119
4262179
4262551
4262683
4262851
4263079
4263199
4263223
4263283
4263331
4263403
4263559
4263739
4263823
4263979
4264027
4264063
4264543
4264951
4264999
4265179
4265719
4265887
4266391
4266547
4266667
4266679
4266727
4266859
4266907
4266967
4267111
4267303
4267339
4267579
4267759
4267831
4268311
4268491
4268599
4268623
4268743
4269019
4269127
4269211
4269379
4269523
4269607
4269631
4269667
4269679
4269787
4269823
4269883
4269919
4270039
4270099
4270327
4270471
4270531
4270543
4270603
4270639
4270891
4271203
4271227
4271251
4271479
4271587
4271623
4271731
4271791
4271803
4271851
4272091
4272223
4272703
4272799
4272907
4272943
4273123
4273207
4273387
4273459
4273483
4273519
4273627
4273807
4274059
4274239
4274419
4274443
4274467
4274671
4274707
4274731
4274827
4274863
4274899
4275319
4275511
4275547
4275571
4275643
4275679
4275727
4275751
4275787
4275967
4276339
4276579
4276627
4276807
4276879
4276903
4276999
4277059
4277227
4277263
4277443
4277743
4277851
4278103
4278487
4278499
4278511
4278523
4278607
4278931
4279063
4279111
4279267
4279459
4279507
4279603
4279651
4279687
4279963
4280083
4280179
4280191
4280407
4280467
4280503
4280611
4280623
4280659
4280767
4281019
4281259
4281439
4281619
4281787
4281799
4281931
4282027
4282063
4282231
4282423
4282723
4282879
4282951
4283131
4283479
4283647
4283707
4283743
4284103
4284331
4284439
4284871
4284919
4284967
4284979
4285159
4285219
4285327
4285339
4285543
4285579
4285651
4285663
4285807
4286011
4286047
4286059
4286167
4286239
4286311
4286599
4286731
4286803
4286851
4286923
4287067
4287187
4287211
4287403
4287427
4287583
4287727
4287823
4287919
4288111
4288147
4288171
4288183
4288579
4288747
4288939
4289011
4289107
4289683
4289827
4289959
4290043
4290079
4290163
4290331
4290427
4290487
4290667
4290799
4290991
4291171
4291267
4291291
4291387
4291603
4291843
4292011
4292023
4292059
4292287
4292419
4292443
4292683
4292719
4292767
4292863
4292887
4293127
4293187
4293319
4293559
4293931
4294099
4294363
4294687
4294699
4294831
4294879
4295059
4295131
4295371
4295383
4295479
4295527
4295563
4295623
4295671
4295791
4295911
4296067
4296091
4296319
4296343
4296463
4296667
4296751
4296823
4297327
4297759
4297927
4297963
4298143
4298191
4298299
4298431
4298443
4298587
4298647
4298683
4298803
4298971
4299499
4299703
4300063
4300267
4300279
4300423
4300459
4300627
4300759
4300963
4301371
4301611
4301707
4301959
4301971
4302187
4302247
4302367
4302439
4302691
4302799
4302871
4302931
4302979
4303111
4303303
4303399
4303447
4303471
4303591
4303603
4303723
4303867
4304011
4304023
4304143
4304191
4304347
4304371
4304527
4304623
4304803
4304851
4305211
4305271
4305307
4305703
4305751
4305823
4305967
4306147
4306279
4306399
4306507
4306591
4306639
4306651
4306723
4306747
4306891
4306999
4307263
4307287
4307299
4307323
4307467
4307827
4307887
4308043
4308331
4308439
4308883
4308943
4309003
4309243
4309267
4309339
4309399
4309423
4309519
4309819
4309927
4310071
4310179
4310203
4310347
4310491
4310671
4310743
4310791
4310827
4310947
4311007
4311031
4311247
4311283
4311331
4311367
4311403
4311823
4311871
4312003
4312291
4312519
4312807
4312879
4312939
4313119
4313131
4313311
4313383
4313503
4313599
4313671
4313731
4313851
4314451
4314559
4314643
4314703
4314943
4315027
4315063
4315111
4315183
4315219
4315243
4315579
4315819
4315891
4315903
4316023
4316047
4316239
4316251
4316371
4316407
4316443
4316539
4316647
4316659
4316779
4316887
4317127
4317151
4317211
4317403
4317487
4317739
4317799
4317979
4317991
4318063
4318183
4318267
4318771
4318879
4319131
4319311
4319383
4319431
4319563
4319599
4319743
4319827
4319863
4320187
4320223
4320319
4320583
4320643
4320919
4321123
4321231
4321327
4321363
4321411
4321483
4321507
4322119
4322419
4322467
4322491
4322587
4322683
4322779
4322803
4322863
4322911
4323199
4323307
4323427
4323499
4323643
4323679
4323751
4323919
4324003
4324063
4324279
4324303
4324363
4324399
4324543
4324711
4324843
4324927
4325071
4325359
4325539
4326079
4326163
4326271
4326367
4326403
4326559
4326583
4326727
4326979
4326991
4327051
4327123
4327159
4327171
4327327
4327363
4327423
4327711
4327963
4328059
4328167
4328179
4328719
4328923
4328983
4329079
4329211
4329331
4329463
4329487
4329547
4329979
4330231
4330303
4330507
4330867
4330927
4330987
4331059
4331251
4331287
4331443
4331647
4331731
4331851
4331911
4331947
4331983
4332067
4332079
4332091
4332187
4332199
4332499
4332631
4332871
4333027
4333099
4333243
4333327
4333471
4333507
4333543
4333891
4333939
4333999
4334107
4334119
4334191
4334263
4334467
4334791
4334839
4334899
4335043
4335151
4335307
4335367
4335403
4335427
4335511
4335619
4335883
4335979
4336027
4336099
4336219
4336279
4336303
4336483
4336567
4336639
4336663
4336687
4336699
4336867
4336951
4336987
4337071
4337107
4337143
4337287
4337371
4337479
4337779
4337899
4338031
4338151
4338319
4338331
4338343
4338511
4338547
4338643
4338703
4338811
4338823
4338979
4339123
4339147
4339243
4339303
4339747
4339963
4340191
4340239
4340299
4340503
4340587
4340599
4340659
4340887
4341019
4341067
4341079
4341163
4341199
4341427
4341451
4341487
4341607
4341679
4341787
4341991
4342099
4342111
4342207
4342231
4342687
4342771
4343071
4343179
4343299
4343539
4343659
4343839
4344007
4344019
4344187
4344271
4344451
4344607
4344871
4345087
4345351
4345423
4345567
4345639
4346323
4346431
4346647
4346767
4346863
4346899
4347103
4347151
4347319
4347331
4347379
4347403
4347583
4347619
4347823
4348171
4348411
4348471
4348543
4348699
4348759
4348843
4348987
4349167
4349179
4349227
4349299
4349419
4350043
4350091
4350103
4350139
4350163
4350271
4350331
4350391
4350523
4350679
4350883
4350919
4351027
4351063
4351423
4351579
4351651
4351723
4351747
4351759
4351819
4351891
4352143
4352251
4352443
4352587
4352611
4352707
4352827
4352863
4352947
4352983
4353007
4353091
4353127
4353163
4353259
4353331
4353499
4353607
4353691
4353847
4353883
4354027
4354171
4354627
4354687
4354747
4354807
4354963
4355059
4355167
4355227
4355311
4355347
4355467
4355647
4355683
4355707
4355971
4356043
4356103
4356307
4356427
4356511
4356679
4356691
4356727
4356763
4356823
4356967
4357027
4357159
4357459
4357519
4357543
4357567
4357651
4357807
4357867
4358059
4358143
4358191
4358311
4358359
4358659
4358779
4358803
4358863
4359031
4359139
4359163
4359307
4359631
4359643
4359787
4359847
4359991
4360003
4360171
4360207
4360303
4360423
4360459
4360579
4360651
4360819
4360843
4361011
4361179
4361551
4361719
4361971
4362079
4362091
4362199
4362223
4362331
4362403
4362451
4362487
4362511
4362739
4362763
4362811
4362859
4363159
4363207
4363231
4363243
4363459
4363531
4363651
4363663
4363771
4363783
4363819
4363927
4364203
4364539
4364719
4364791
4364959
4365139
4365211
4365367
4365511
4365871
4365931
4366027
4366039
4366123
4366171
4366183
4366231
4366303
4366363
4366519
4367047
4367059
4367179
4367203
4367299
4367527
4367863
4368139
4368319
4368391
4368451
4368487
4368523
4368571
4368583
4368739
4368751
4368823
4368943
4368967
4369039
4369279
4369291
4369399
4369591
4369699
4369759
4370083
4370407
4370719
4370731
4370803
4370911
4371019
4371151
4371163
4371847
4371943
4372051
4372063
4372267
4372279
4372339
4372351
4372411
4372531
4372639
4372747
4373011
4373107
4373167
4373179
4373311
4373323
4373587
4373647
4373791
4374031
4374187
4374451
4374571
4374583
4374739
4374787
4374907
4375051
4375363
4375411
4375447
4375519
4375771
4375831
4375951
4376011
4376059
4376083
4376347
4376467
4376527
4376587
4376731
4376887
4376947
4376959
4377019
4377067
4377091
4377343
4377427
4377487
4377511
4377679
4377739
4377799
4378207
4378219
4378243
4378939
4378963
4379083
4379107
4379143
4379371
4379467
4379491
4379539
4379611
4379623
4379731
4379803
4379911
4379971
4380043
4380091
4380199
4380223
4380283
4380403
4380547
4380559
4380751
4380919
4380979
4380991
4381159
4381423
4381591
4381771
4381963
4381999
4382083
4382143
4382467
4382647
4382779
4383163
4383199
4383367
4383571
4383607
4383619
4383751
4383763
4383931
4384087
4384291
4384483
4384507
4384591
4384711
4384867
4384879
4384951
4385047
4385263
4385347
4385863
4386211
4386247
4386787
4386847
4386919
4387039
4387147
4387171
4387291
4387351
4387363
4387483
4387567
4387891
4387939
4388071
4388179
4388359
4388407
4388443
4388539
4388611
4388803
4388827
4388911
4389031
4389367
4389547
4389559
4389571
4389667
4389691
4389727
4389799
4389871
4389883
4390051
4390663
4390759
4391263
4391503
4391671
4391851
4391887
4391923
4392331
4392343
4392403
4392463
4392499
4392571
4392679
4392691
4392763
4393003
4393219
4393447
4393507
4393591
4393687
4393699
4393903
4394023
4394227
4394323
4394371
4394419
4394743
4394827
4394983
4395067
4395103
4395151
4395271
4395283
4395379
4395463
4395511
4395739
4396003
4396027
4396099
4396111
4396123
4396207
4396219
4396291
4396423
4396531
4396783
4396939
4397083
4397287
4397431
4397587
4397803
4397923
4398007
4398067
4398091
4398487
4398703
4398991
4399123
4399363
4399627
4399639
4399663
4399699
4399771
4399819
4400023
4400167
4400203
4400311
4400503
4400527
4400923
4400959
4401043
4401427
4401799
4401871
4401979
4402003
4402219
4402291
4402327
4402399
4402543
4402663
4402807
4402831
4402903
4402987
4403059
4403167
4403299
4403719
4403803
4403923
4403983
4404019
4404451
4404679
4404691
4404703
4404811
4404847
4404859
4405003
4405243
4405459
4405579
4405759
4405831
4405867
4405927
4406251
4406287
4406323
4406359
4406431
4406503
4406551
4406599
4406659
4406827
4406839
4406947
4407127
4407163
4407439
4407523
4407691
4407763
4407883
4408039
4408099
4408267
4408639
4408867
4408891
4409107
4409143
4409527
4409551
4409887
4410019
4410139
4410187
4410283
4410499
4410547
4410631
4410799
4410919
4411447
4411531
4411663
4411711
4411807
4411831
4411867
4412383
4412467
4412563
4412671
4412743
4412839
4413139
4413247
4413547
4413751
4413763
4413847
4413919
4414087
4414147
4414171
4414279
4414303
4414723
4414759
4414867
4414999
4415143
4415503
4415899
4416007
4416079
4416163
4416187
4416319
4416523
4416691
4416703
4417027
4417051
4417087
4417099
4417207
4417267
4417279
4417351
4417411
4417663
4417783
4417927
4418107
4418131
4418143
4418563
4418683
4418719
4419211
4419367
4419379
4419487
4419691
4419823
4419907
4420159
4420219
4420543
4420627
4420639
4420699
4420747
4420831
4420903
4420987
4421023
4421227
4421323
4421371
4421407
4421491
4421587
4421671
4421719
4421731
4421743
4421779
4421839
4422127
4422139
4422343
4422391
4422427
4422643
4422811
4422823
4422919
4422931
4422967
4423063
4423183
4423231
4423351
4423423
4423579
4423987
4423999
4424083
4424143
4424179
4424191
4424323
4424467
4424503
4424803
4424851
4424863
4425079
4425427
4425691
4425919
4425979
4426159
4426423
4426627
4426663
4426843
4426927
4426999
4427047
4427107
4427167
4427251
4427287
4427719
4427851
4427887
4428139
4428283
4428439
4428511
4428643
4429291
4429471
4429483
4429591
4429723
4429771
4429963
4429987
4430143
4430263
4430299
4430311
4430479
4430563
4430611
4430719
4430779
4430851
4430947
4431127
4431283
4431307
4431367
4431463
4431487
4431499
4431703
4431799
4432243
4432723
4432759
4432819
4432963
4433047
4433059
4433119
4433167
4433467
4433587
4433623
4433827
4433911
4433971
4434259
4434307
4434343
4434511
4434631
4434691
4434799
4434907
4434979
4435051
4435087
4435423
4435567
4435663
4435891
4436011
4436059
4436287
4436431
4436527
4436647
4436827
4436863
4436923
4436947
4437067
4437259
4437283
4437403
4437427
4437439
4437463
4437703
4437751
4437967
4438051
4438087
4438123
4438183
4438303
4438339
4438507
4438699
4438771
4438867
4438999
4439047
4439119
4439167
4439419
4439443
4439887
4439947
4440019
4440031
4440067
4440187
4440199
4440379
4440427
4440487
4440571
4440763
4440847
4441111
4441279
4441303
4441351
4441531
4441543
4441747
4442047
4442071
4442107
4442131
4442443
4442839
4443331
4443403
4443463
4443487
4443619
4443631
4444087
4444159
4444171
4444207
4444639
4444711
4444747
4444771
4444807
4445167
4445503
4445527
4445719
4445839
4445851
4446067
4446103
4446259
4446319
4446331
4446499
4446583
4446643
4446763
4446787
4446823
4447171
4447459
4447507
4447627
4447747
4447879
4447903
4447987
4448011
4448023
4448167
4448239
4448347
4448371
4448383
4448419
4448443
4448671
4448947
4449079
4449103
4449343
4449391
4449559
4449751
4449799
4449811
4449859
4449883
4449919
4450111
4450291
4450399
4450687
4450711
4451023
4451071
4451191
4451299
4451407
4451563
4451611
4451743
4451767
4451779
4451827
4451983
4452043
4452187
4452307
4452391
4452727
4452739
4452919
4453063
4453159
4453171
4453387
4453483
4453591
4453663
4453807
4453951
4453963
4454059
4454071
4454383
4454551
4454599
4455007
4455091
4455151
4455223
4455331
4455691
4455967
4456147
4456339
4456831
4456867
4456951
4457203
4457263
4457311
4457347
4457359
4457407
4457491
4457611
4457839
4457923
4457983
4458319
4458379
4458499
4458739
4458919
4458931
4458991
4459027
4459339
4459531
4459603
4459639
4459747
4459759
4459951
4460083
4460119
4460191
4460251
4460479
4460587
4460623
4460767
4460971
4461007
4461307
4461439
4461451
4461811
4461943
4462231
4462243
4462363
4462387
4462519
4462567
4462651
4462771
4462879
4462951
4463023
4463059
4463539
4463611
4463779
4463827
4463887
4464079
4464511
4464547
4464763
4464799
4465051
4465231
4465291
4465807
4465831
4466131
4466251
4466299
4466419
4466443
4466491
4466779
4466863
4466911
4466923
4466983
4467019
4467187
4467271
4467439
4467643
4467919
4468039
4468159
4468171
4468183
4468327
4468351
4468687
4468747
4468939
4469083
4469299
4469347
4469359
4469587
4469719
4469911
4470043
4470331
4470919
4471003
4471171
4471267
4471303
4471567
4471711
4471927
4471939
4472131
4472203
4472287
4472311
4472359
4472431
4472527
4472539
4472563
4472779
4472827
4472851
4473019
4473103
4473211
4473463
4473583
4473751
4474039
4474087
4474159
4474303
4474399
4474867
4474963
4475239
4475323
4475407
4475503
4475551
4475671
4475803
4475839
4475959
4475983
4476067
4476247
4476319
4476379
4476403
4476463
4476487
4476847
4476883
4476931
4477471
4477819
4478011
4478083
4478251
4478359
4478563
4478647
4479187
4479259
4479487
4479799
4479883
4479907
4479919
4480039
4480303
4480351
4480591
4480627
4480783
4480807
4481179
4481287
4481431
4481611
4481707
4481767
4481791
4482007
4482091
4482739
4482787
4482799
4482931
4482943
4483123
4483147
4483231
4483363
4483387
4483447
4483483
4483543
4483663
4483807
4484023
4484131
4484167
4484191
4484203
4484239
4484503
4484611
4484671
4484731
4484743
4484911
4485139
4485451
4485487
4485643
4485823
4485883
4485967
4486327
4486459
4486483
4486519
4486543
4486639
4486819
4486939
4487011
4487299
4487359
4487407
4487479
4487503
4487683
4487719
4487803
4488007
4488271
4488283
4488331
4488487
4488499
4488559
4488667
4488739
4488751
4488907
4489027
4489267
4489591
4489663
4489747
4489843
4490131
4490347
4490599
4490779
4491031
4491079
4491439
4491679
4491943
4492087
4492507
4492591
4492627
4492687
4492723
4492927
4493239
4493383
4493407
4493527
4493551
4493563
4493659
4493707
4493851
4494019
4494067
4494247
4494463
4494487
4494571
4494619
4494703
4494859
4494991
4495063
4495111
4495171
4495219
4495471
4495867
4495891
4496071
4496227
4496299
4496539
4496563
4496731
4497079
4497151
4497223
4497271
4497343
4497403
4497439
4497583
4497919
4497943
4497991
4498027
4498099
4498303
4498411
4498759
4498891
4498939
4498951
4499059
4499107
4499167
4499239
4499323
4499359
4499503
4499527
4499779
4499839
4499851
4499863
4499923
4500007
4500043
4500103
4500211
4500259
4500667
4500799
4500871
4500907
4500943
4501303
4501411
4501507
4501723
4501843
4502011
4502167
4502287
4502551
4502983
4503067
4503127
4503139
4503199
4503391
4503427
4503991
4504039
4504243
4504351
4504363
4504603
4504651
4504699
4504891
4504939
4504963
4505107
4505131
4505227
4505287
4505419
4505491
4505503
4505551
4505623
4505647
4505671
4505719
4505791
4505863
4505899
4505947
4506043
4506127
4506199
4506259
4506331
4506511
4506703
4506739
4507051
4507099
4507147
4507339
4507483
4507519
4507639
4507879
4507999
4508011
4508071
4508107
4508227
4508239
4508431
4508599
4508887
4508971
4508983
4509019
4509223
4509259
4509451
4509499
4509559
4509619
4509763
4509907
4509931
4510039
4510147
4510291
4510327
4510483
4510651
4510687
4510819
4510867
4510939
4511191
4511263
4511383
4511467
4511491
4511527
4511587
4511779
4512103
4512127
4512199
4512223
4512283
4512427
4512451
4512751
4512811
4512847
4513063
4513099
4513111
4513459
4513699
4513711
4513783
4513987
4514071
4514359
4514443
4514479
4514791
4514863
4514899
4514947
4515151
4515487
4515607
4515631
4515691
4515799
4515871
4516051
4516159
4516231
4516387
4516711
4516783
4516879
4517179
4517323
4517347
4517731
4517791
4517923
4518211
4518259
4518307
4518391
4518427
4518463
4518499
4518667
4518691
4518823
4518859
4519231
4519483
4519519
4519699
4519843
4520059
4520227
4520371
4520563
4520587
4520599
4520731
4520743
4520911
4520983
4521103
4521343
4521427
4521523
4521607
4521631
4522411
4522471
4523011
4523191
4523263
4523443
4523791
4523947
4524007
4524019
4524043
4524139
4524199
4524343
4524367
4524523
4524547
4524571
4524631
4524691
4524787
4524991
4525231
4525531
4525567
4525603
4525627
4525663
4525747
4525891
4525999
4526107
4526143
4526419
4526479
4526551
4526659
4526707
4526887
4526971
4527007
4527043
4527139
4527223
4527331
4527403
4527547
4527823
4527907
4527979
4528087
4528207
4528219
4528399
4528507
4528543
4528627
4528831
4528891
4529047
4529167
4529179
4529347
4529407
4529419
4529563
4529611
4529731
4529839
4529911
4529983
4530091
4530319
4530343
4530451
4530499
4530667
4530679
4530703
4530739
4530751
4530943
4531003
4531123
4531171
4531243
4531327
4531399
4531651
4531783
4531903
4531939
4531999
4532191
4532683
4532743
4532791
4533007
4533163
4533187
4533379
4533511
4533523
4533583
4533631
4533643
4533979
4534147
4534183
4534279
4534423
4534471
4534603
4534807
4534843
4534891
4534963
4535239
4535371
4535383
4535539
4535611
4535647
4535863
4536067
4536139
4536283
4536463
4536523
4536547
4536619
4536643
4536871
4537387
4537579
4537591
4537699
4537723
4538227
4538491
4538563
4538707
4538851
4538887
4538899
4539091
4539163
4539331
4539427
4539607
4539679
4539883
4540027
4540111
4540147
4540171
4540363
4540507
4540531
4540579
4540651
4540903
4541071
4541083
4541107
4541287
4541479
4541707
4541827
4542331
4542511
4542547
4542583
4542739
4542991
4543039
4543051
4543207
4543243
4543387
4543507
4543543
4543927
4543963
4544143
4544203
4544311
4544431
4544719
4544779
4544887
4544959
4545067
4545139
4545223
4545379
4545571
4545643
4545691
4545727
4545799
4545967
4546411
4546447
4546651
4546699
4546783
4546903
4547083
4547227
4547239
4547311
4547383
4547419
4547443
4547839
4547923
4547947
4548307
4548631
4548667
4548727
4548751
4548883
4548919
4548931
4548967
4549087
4549351
4549471
4549639
4549687
4549711
4549939
4550179
4550431
4550683
4550731
4550839
4550983
4551091
4551103
4551199
4551307
4551343
4551439
4551523
4551847
4552087
4552231
4552351
4552423
4552519
4552531
4552543
4552879
4553191
4553239
4553371
4553431
4553611
4553719
4553827
4553851
4554007
4554031
4554139
4554163
4554211
4554331
4554499
4554619
4554643
4554751
4554871
4554967
4555051
4555087
4555723
4555783
4555843
4555867
4556023
4556203
4556239
4556263
4556347
4556407
4556491
4556707
4556767
4556779
4557103
4557199
4557211
4557391
4557499
4557571
4558207
4558291
4558867
4559287
4559299
4559371
4559539
4559623
4559647
4559767
4559803
4559827
4560079
4560151
4560223
4560331
4560487
4560691
4560727
4560847
4560883
4561351
4561399
4561591
4561663
4561747
4561807
4561891
4562143
4562227
4562287
4562419
4562683
4562743
4562791
4562923
4563007
4563103
4563151
4563331
4563679
4563799
4563907
4563931
4564111
4564303
4564363
4564387
4564411
4564591
4564663
4564867
4564927
4564939
4565047
4565131
4565191
4565203
4565311
4565443
4565551
4565599
4565623
4565839
4565851
4566091
4566103
4566271
4566343
4566739
4566823
4566847
4566883
4567039
4567183
4567219
4567231
4567327
4567399
4567567
4567831
4567867
4568143
4568323
4568371
4568383
4568647
4568719
4568731
4568803
4568899
4568923
4568947
4569151
4569259
4569319
4569547
4569619
4569667
4569703
4569811
4570087
4570099
4570411
4570519
4570567
4570627
4570663
4570747
4570843
4570927
4570987
4571071
4571107
4571251
4571323
4571491
4571887
4571971
4572199
4572247
4572259
4572391
4572427
4572487
4572511
4572751
4572823
4572907
4573111
4573123
4573183
4573483
4573519
4573627
4573831
4573843
4574287
4574407
4574587
4574659
4574671
4575079
4575139
4575163
4575211
4575271
4575283
4575379
4575583
4575847
4576279
4576423
4576459
4576651
4576903
4576939
4577071
4577191
4577371
4577431
4577467
4577719
4577887
4578139
4578163
4578187
4578199
4578271
4578307
4578439
4578451
4578547
4578619
4578631
4578703
4578727
4578811
4578883
4578907
4578991
4579327
4579387
4579447
4579459
4579711
4579831
4579879
4579951
4579963
4580131
4580287
4580503
4580683
4580791
4580959
4581079
4581151
4581331
4581403
4581547
4581943
4582147
4582159
4582351
4582483
4582723
4582759
4583119
4583239
4583419
4583563
4583779
4583851
4584043
4584103
4584367
4584379
4584691
4584787
4584799
4584823
4584859
4585039
4585051
4585183
4585351
4585387
4585459
4585531
4585687
4585723
4585831
4585939
4586227
4586479
4586551
4586851
4586863
4586947
4587019
4587043
4587199
4587343
4587487
4587559
4587619
4587703
4587763
4587883
4588099
4588159
4588231
4588411
4588459
4588483
4588663
4588711
4589071
4589131
4589359
4589467
4589479
4589491
4589707
4589971
4590043
4590283
4590403
4590427
4590583
4590643
4590679
4591051
4591159
4591399
4591519
4591579
4591723
4591747
4591771
4592059
4592563
4592587
4592803
4592827
4592911
4592983
4593067
4593331
4593427
4593499
4593703
4593847
4593931
4593943
4594027
4594147
4594171
4594207
4594279
4594399
4594543
4594567
4594663
4594783
4594939
4594999
4595251
4595263
4595407
4595443
4595527
4595863
4596019
4596139
4596331
4596979
4597003
4597027
4597279
4597303
4597423
4597459
4597519
4597771
4597819
4597903
4598071
4598179
4598203
4598311
4598563
4598887
4598899
4599271
4599739
4599799
4600003
4600027
4600051
4600339
4600363
4600411
4600447
4600471
4600507
4600627
4601131
4601383
4601479
4601599
4601959
4602487
4602571
4602979
4603147
4603351
4603579
4603639
4603699
4603723
4603747
4603759
4603783
4603999
4604143
4604191
4604323
4604659
4604791
4604911
4605199
4605331
4605511
4605703
4606051
4606639
4606663
4606699
4606783
4606807
4607023
4607311
4607431
4607563
4607587
4607599
4607683
4607719
4607887
4608007
4608151
4608223
4608259
4608283
4608319
4608391
4608463
4608727
4608787
4608943
4609027
4609063
4609303
4609327
4609351
4609411
4609519
4609651
4609687
4609699
4610239
4610611
4610659
4610707
4610779
4610839
4610911
4610923
4611163
4611307
4611487
4611511
4611571
4611787
4611847
4611931
4611991
4612483
4612819
4612963
4613071
4613251
4613263
4613299
4613359
4613467
4613551
4613683
4613971
4614271
4614439
4614583
4614991
4615123
4615267
4615291
4615363
4615519
4615999
4616071
4616251
4616347
4616431
4616587
4616611
4616719
4616743
4616863
4617199
4617331
4617391
4617427
4617511
4617607
4617643
4617967
4617979
4618219
4618231
4618291
4618447
4618483
4618507
4618687
4618711
4618723
4618879
4619143
4619203
4619227
4619443
4619491
4619623
4619827
4619947
4620067
4620103
4620127
4620283
4620391
4620463
4620559
4620571
4620871
4621171
4621207
4621231
4621327
4621711
4621723
4621867
4621951
4621999
4622047
4622083
4622323
4622479
4622539
4622599
4622647
4622767
4622899
4622971
4622983
4623043
4623127
4623271
4623523
4623559
4623607
4623691
4623811
4623823
4624027
4624171
4624231
4624531
4624591
4624639
4625059
4625167
4625287
4625611
4625707
4625767
4625779
4626007
4626031
4626043
4626247
4626547
4626619
4626679
4626751
4626871
4627003
4627039
4627759
4628227
4628311
4628431
4628479
4628551
4628599
4628731
4628803
4628851
4629127
4629139
4629283
4629451
4629487
4629607
4629631
4629931
4630063
4630207
4630387
4630399
4630603
4630651
4630831
4630867
4630903
4630999
4631227
4631287
4631371
4631467
4631479
4631551
4631863
4631899
4632151
4632307
4632343
4632487
4632871
4632907
4633003
4633159
4633411
4633423
4633483
4633579
4633687
4633999
4634023
4634899
4634923
4635079
4635223
4635343
4635391
4635439
4635859
4635871
4635907
4635979
4636003
4636111
4636123
4636147
4636231
4636327
4636543
4636579
4636591
4636651
4636963
4637119
4637131
4637239
4637323
4637707
4637803
4637827
4637947
4638199
4638211
4638247
4638307
4638583
4638631
4638859
4638967
4639003
4639051
4639099
4639267
4639291
4639387
4639447
4639543
4639891
4639903
4639927
4640179
4640287
4640443
4640479
4640719
4640803
4640863
4640971
4641019
4641151
4641223
4641271
4641451
4641583
4641667
4641739
4641811
4641919
4641991
4642087
4642123
4642171
4642387
4642399
4642483
4642531
4642843
4642951
4642999
4643047
4643203
4643251
4643323
4643563
4643719
4644139
4644259
4644319
4644403
4644463
4644511
4644583
4644631
4644667
4644691
4644799
4644883
4644907
4645111
4645231
4645411
4645507
4645687
4645843
4645867
4645951
4645987
4646167
4646263
4646347
4646371
4646479
4646599
4646671
4646743
4646911
4646923
4647091
4647283
4647319
4647499
4647523
4647631
4647667
4647763
4647823
4648003
4648099
4648183
4648219
4648243
4648351
4648387
4648447
4648459
4648519
4648603
4648639
4649083
4649179
4649191
4649467
4649539
4649587
4649863
4649923
4649971
4650007
4650199
4650487
4650511
4650691
4650727
4650847
4650871
4650883
4651027
4651063
4651303
4651483
4651663
4651963
4651987
4652239
4652251
4652827
4652839
4652887
4652971
4653031
4653139
4653247
4653403
4653547
4653907
4654147
4654231
4654291
4654327
4654339
4654399
4654591
4654807
4654843
4655047
4655383
4655587
4655743
4655767
4655887
4655923
4655971
4656139
4656343
4656607
4656859
4657039
4657363
4657579
4657927
4657963
4657987
4657999
4658107
4658359
4658383
4658431
4658503
4658611
4658623
4658659
4658671
4658767
4658923
4659211
4659223
4659307
4659367
4659451
4659619
4659679
4659763
4659847
4659979
4660087
4660267
4660627
4660783
4660807
4660879
4660951
4661263
4661323
4661347
4661359
4661719
4661863
4661887
4661959
4662067
4662223
4662319
4662331
4662451
4662547
4662571
4662967
4662979
4663003
4663111
4663231
4663327
4663363
4663447
4663579
4663807
4664059
4664083
4664131
4664263
4664311
4664431
4664659
4664707
4664839
4664971
4665019
4665163
4665247
4665319
4665379
4665487
4666183
4666219
4666243
4666423
4666471
4666639
4666867
4666903
4667107
4667251
4667371
4667539
4667599
4667647
4667731
4667947
4667983
4668163
4668199
4668283
4668439
4668451
4668487
4668511
4668571
4668583
4668799
4668883
4668907
4669051
4669303
4669387
4669447
4669519
4669879
4669891
4669963
4670059
4670179
4670203
4670431
4670683
4670707
4670779
4670791
4670923
4670959
4671031
4671151
4671223
4671259
4671427
4671439
4671463
4671763
4671859
4672039
4672231
4672303
4672531
4672579
4672627
4672687
4673131
4673191
4673407
4673443
4673527
4673551
4673659
4673707
4673923
4673983
4674067
4674091
4674199
4674223
4674391
4674463
4674739
4674883
4674907
4674991
4675147
4675207
4675243
4675423
4675771
4676227
4676407
4676767
4676803
4676827
4676839
4676851
4677019
4677247
4677523
4677619
4677847
4677919
4677991
4678231
4678651
4678771
4678783
4678963
4679023
4679083
4679107
4679167
4679203
4679359
4679683
4679707
4679839
4680043
4680583
4680607
4680727
4681003
4681147
4681291
4681471
4681519
4681843
4681939
4681951
4682011
4682143
4682347
4682371
4682443
4682479
4682779
4682851
4682959
4683247
4683463
4683487
4683499
4683631
4683667
4683751
4683871
4683967
4684039
4684243
4684759
4684891
4684951
4685071
4685179
4685299
4685407
4685431
4685467
4685479
4685539
4685719
4685731
4686163
4686307
4686343
4686523
4686811
4686919
4687027
4687051
4687063
4687159
4687171
4687351
4687399
4687447
4687519
4687663
4687783
4688071
4688143
4688239
4688323
4688503
4688743
4689031
4689043
4689151
4689247
4689259
4689403
4689439
4689859
4690099
4690111
4690123
4690219
4690303
4690363
4690519
4690591
4690639
4690831
4690843
4690867
4691047
4691227
4691383
4691443
4691539
4691623
4691887
4692043
4692091
4692463
4692631
4692823
4692847
4693123
4693291
4693363
4693387
4693651
4693687
4693831
4693999
4694467
4694479
4694551
4694791
4694803
4694863
4695079
4695199
4695259
4695331
4695343
4695487
4695499
4695631
4695763
4695919
4695991
4696303
4696339
4696387
4696567
4696639
4696723
4696831
4696843
4697023
4697059
4697179
4697239
4697299
4697347
4697467
4697527
4697743
4697827
4697851
4697923
4698007
4698259
4698607
4698679
4699003
4699087
4699147
4699159
4699183
4699231
4699267
4699399
4699579
4699951
4700167
4700191
4700299
4700383
4700419
4700491
4700659
4700743
4700827
4700851
4701031
4701343
4701391
4701643
4701751
4701787
4701919
4702099
4702207
4702471
4702723
4702783
4702939
4703047
4703059
4703143
4703263
4703287
4703323
4703731
4703767
4703791
4703863
4704127
4704151
4704187
4704211
4704367
4704379
4704619
4704919
4705159
4705423
4705699
4705783
4705891
4706011
4706287
4706419
4706491
4706503
4706539
4706599
4706827
4706839
4707127
4707211
4707247
4707427
4707499
4707643
4707931
4707979
4708087
4708159
4708183
4708567
4708579
4708687
4708699
4708867
4708939
4709191
4709251
4709371
4709491
4709599
4709659
4709839
4709851
4709959
4710127
4710187
4710283
4710319
4710379
4710427
4710463
4710523
4710787
4710967
4711087
4711303
4711423
4711807
4711879
4711963
4712011
4712083
4712119
4712251
4712287
4712299
4712467
4712479
4712683
4712947
4713103
4713151
4713259
4713547
4713559
4713739
4713871
4713967
4714351
4714447
4714519
4714771
4714891
4714987
4715107
4715167
4715311
4715419
4715563
4715899
4715911
4715959
4716007
4716031
4716091
4716139
4716163
4716211
4716223
4716319
4716367
4716391
4716511
4716583
4717039
4717087
4717099
4717123
4717183
4717303
4717651
4718083
4718419
4718491
4718563
4718671
4718947
4718971
4718983
4719031
4719271
4719307
4719343
4719607
4719643
4719667
4719811
4719943
4720003
4720039
4720099
4720147
4720291
4721047
4721263
4721323
4721419
4721467
4721719
4721791
4722163
4722283
4722343
4722547
4722631
4722703
4722847
4722967
4722979
4723051
4723183
4723699
4723783
4724047
4724227
4724383
4724851
4724887
4724947
4725139
4725199
4725223
4725247
4725283
4725499
4725607
4725667
4725691
4725943
4725967
4726123
4726279
4726303
4726471
4726483
4726543
4726591
4726723
4726747
4726759
4727299
4727347
4727563
4727623
4727707
4727743
4727791
4728019
4728127
4728211
4728343
4728379
4728487
4728631
4728799
4728883
4728931
4729327
4729531
4729567
4729579
4729687
4729759
4729819
4729867
4729891
4729903
4730071
4730179
4730227
4730251
4730287
4730359
4730839
4731043
4731091
4731163
4731271
4731367
4731403
4731487
4731847
4731907
4731943
4732027
4732459
4732591
4732603
4732639
4732891
4733023
4733167
4733203
4733251
4733347
4733419
4733563
4733647
4733719
4733851
4733863
4734031
4734091
4734139
4734151
4734463
4734571
4734679
4734799
4735267
4735387
4735867
4735879
4735987
4736023
4736131
4736299
4736311
4736359
4736383
4736647
4736779
4736803
4736839
4736887
4736911
4737127
4737163
4737283
4737307
4737319
4737727
4737787
4737847
4738003
4738351
4738423
4738603
4738651
4738807
4738831
4738891
4739023
4739047
4739143
4739407
4739479
4739659
4739899
4739947
4740199
4740223
4740247
4740259
4740511
4740559
4740583
4740727
4740907
4740979
4741183
4741459
4741483
4741879
4741951
4742131
4742239
4742251
4742383
4742407
4742467
4742611
4742719
4742827
4742971
4743007
4743139
4743247
4743283
4743691
4743703
4743883
4744099
4744183
4744219
4744543
4744591
4745131
4745623
4745707
4745911
4746163
4746271
4746571
4746607
4746739
4746787
4747291
4747339
4747531
4747651
4747819
4747999
4748011
4748047
4748071
4748299
4748371
4748467
4748503
4748647
4748827
4749091
4749223
4749271
4749607
4749631
4749883
4749907
4749967
4749991
4750087
4750279
4750303
4750363
4750387
4750411
4750699
4750723
4750819
4750831
4750891
4750927
4750951
4750987
4751167
4751359
4751491
4751599
4751611
4751743
4752043
4752067
4752691
4752739
4752823
4752871
4752931
4753051
4753087
4753123
4753159
4753267
4753423
4753543
4754083
4754227
4754287
4754443
4754599
4754947
4755031
4755067
4755103
4755211
4755451
4755463
4755523
4755703
4755811
4755967
4756027
4756459
4756579
4756627
4756819
4756867
4756891
4757323
4757647
4757899
4757983
4758043
4758223
4758343
4758367
4758511
4758727
4758811
4758823
4758847
4758991
4759171
4759387
4759411
4759543
4759591
4759639
4759663
4759903
4760071
4760167
4760311
4760419
4760779
4760851
4761007
4761079
4761151
4761247
4761403
4761499
4761583
4761619
4761643
4761727
4761763
4762039
4762111
4762267
4762327
4762399
4762507
4762579
4762663
4762843
4762867
4763107
4763203
4763299
4763443
4763659
4763683
4763839
4763923
4763959
4763971
4764103
4764187
4764391
4764559
4764631
4764751
4764967
4765027
4765039
4765063
4765099
4765171
4765207
4765399
4765543
4765687
4765759
4765867
4765927
4765939
4766059
4766071
4766107
4766287
4766299
4766371
4766383
4766611
4766719
4766863
4767019
4768063
4768087
4768171
4768243
4768339
4768459
4768663
4768879
4768927
4768987
4769539
4769719
4769767
4769887
4769923
4769959
4769971
4770067
4770079
4770511
4770763
4770967
4771159
4771267
4771411
4771519
4771567
4771579
4771687
4771891
4771903
4771939
4772107
4772191
4772503
4772623
4772659
4772671
4772731
4772839
4773283
4773403
4773451
4773499
4773523
4773823
4773859
4774351
4774387
4774423
4774459
4774543
4774747
4774831
4774867
4775119
4775131
4775299
4775371
4775431
4775443
4775503
4775647
4775791
4775863
4776127
4776151
4776451
4776487
4776907
4776979
4777063
4777099
4777351
4777567
4777807
4777819
4777891
4778107
4778167
4778311
4778491
4778539
4778611
4778659
4778791
4778827
4778863
4779079
4779427
4779547
4779631
4779871
4779979
4780051
4780291
4780471
4780663
4780687
4780771
4780819
4781011
4781047
4781443
4781551
4781587
4781659
4781731
4781911
4781923
4781983
4782487
4782523
4782607
4782907
4783039
4783147
4783279
4783291
4783399
4783651
4783819
4784071
4784107
4784287
4784443
4784467
4784503
4784683
4784839
4784863
4784947
4785043
4785091
4785271
4785307
4785331
4785343
4785367
4785379
4785499
4785523
4785559
4786051
4786267
4786447
4786603
4786699
4786807
4786939
4786963
4787179
4787347
4787527
4787719
4787803
4787971
4788079
4788283
4788331
4788403
4788463
4788583
4788811
4788871
4788907
4789123
4789219
4789303
4789339
4789399
4789471
4789591
4789987
4789999
4790143
4790167
4790551
4790707
4791067
4791247
4791343
4791859
4791883
4792339
4792471
4792603
4792639
4792663
4792783
4792927
4793011
4793227
4793431
4793863
4793923
4794043
4794151
4794259
4794331
4794343
4794379
4794619
4794679
4795051
4795171
4795243
4795507
4795519
4795603
4795627
4795663
4795711
4795951
4795963
4796119
4796131
4796179
4796203
4796383
4796707
4796899
4796923
4797007
4797031
4797511
4797571
4797799
4797883
4798219
4798483
4798867
4799023
4799059
4799071
4799131
4799227
4799299
4799383
4799551
4799563
4799623
4799659
4799923
4800007
4800043
4800091
4800163
4800199
4800427
4800451
4800487
4800703
4800811
4800931
4801039
4801051
4801099
4801171
4801207
4801351
4801603
4801711
4801723
4801903
4801999
4802011
4802047
4802071
4802107
4802191
4802299
4802527
4802683
4802731
4802803
4802899
4803091
4803151
4803307
4803319
4803439
4803511
4803607
4803907
4803919
4803991
4804159
4804351
4804567
4804627
4804699
4804711
4805287
4805431
4805467
4805659
4805683
4805719
4805743
4805791
4805959
4806187
4806211
4806367
4806391
4806463
4806499
4806523
4806667
4806751
4806871
4807063
4807147
4807303
4807519
4807687
4807807
4808227
4808239
4808383
4808527
4808599
4808623
4808707
4808803
4809307
4809319
4809559
4809643
4809703
4809787
4809811
4809859
4810063
4810147
4810171
4810411
4810579
4810903
4810987
4811263
4811299
4811407
4811647
4811659
4811791
4812079
4812151
4812271
4812487
4812499
4812523
4812583
4812631
4812739
4812799
4812883
4812943
4812991
4813027
4813051
4813063
4813243
4813423
4813639
4813747
4813843
4813951
4814143
4814167
4814503
4814599
4814647
4814707
4814743
4814779
4814959
4815259
4815367
4815463
4815583
4815823
4816003
4816051
4816087
4816183
4816267
4816351
4816363
4816531
4816843
4817047
4817119
4817707
4817731
4817779
4818091
4818199
4818211
4818271
4818559
4819147
4819327
4819363
4819471
4819519
4819531
4819543
4819579
4819603
4819783
4819831
4820107
4820131
4820227
4820251
4820419
4820443
4820479
4820587
4820899
4820923
4821043
4821199
4821451
4821631
4821667
4821799
4821907
4821919
4822123
4822159
4822231
4822291
4822567
4822711
4822723
4822879
4822963
4823167
4823227
4823347
4823479
4823743
4823779
4824103
4824151
4824223
4824283
4824331
4824403
4824427
4824559
4824619
4824751
4824907
4824943
4825627
4825759
4825879
4825939
4826071
4826179
4826407
4826491
4826611
4826863
4826911
4826923
4827139
4827211
4827307
4827391
4827499
4827523
4827703
4827751
4828111
4828171
4828363
4828399
4828531
4828567
4828723
4828927
4829047
4829263
4829347
4829359
4829467
4829947
4829983
4830103
4830127
4830151
4830439
4830487
4830619
4830871
4831039
4831159
4831531
4831591
4831807
4831843
4831903
4831963
4831987
4831999
4832059
4832071
4832203
4832239
4832263
4832287
4832563
4832719
4832887
4833067
4833139
4833187
4833211
4833247
4833463
4833883
4834111
4834267
4834327
4834363
4834399
4834411
4834471
4834699
4834723
4835011
4835023
4835071
4835527
4835707
4835731
4835767
4835791
4835839
4835923
4835947
4836067
4836151
4836283
4836367
4836523
4836607
4836631
4836679
4836763
4836859
4836919
4836967
4837219
4837423
4837531
4837579
4837687
4837831
4837879
4837927
4838023
4838107
4838143
4838467
4838551
4838707
4838719
4838839
4838851
4839151
4839187
4839487
4839727
4839811
4839847
4839871
4840267
4840387
4840447
4840663
4840711
4840819
4840963
4841071
4841203
4841467
4841527
4841563
4841743
4841779
4841887
4841899
4842007
4842067
4842091
4842139
4842247
4842583
4843507
4843567
4843603
4843687
4843747
4843831
4843939
4844023
4844347
4844383
4844419
4844443
4844491
4844599
4844647
4844659
4844839
4844887
4844911
4844947
4845199
4845271
4845367
4845487
4845499
4845811
4846063
4846087
4846111
4846183
4846279
4846927
4846939
4847371
4847467
4847551
4847659
4847671
4847683
4847719
4848163
4848199
4848523
4848559
4848583
4848763
4848847
4848871
4848979
4849027
4849291
4849591
4849639
4849723
4849759
4849843
4849951
4850023
4850059
4850179
4850239
4850347
4850359
4850383
4850563
4850647
4850887
4851139
4851151
4851463
4851619
4852051
4852339
4852363
4852411
4852447
4852567
4852591
4852663
4852699
4852807
4852879
4853083
4853203
4853287
4853599
4853671
4853731
4853791
4853803
4854079
4854211
4854247
4854307
4854391
4854727
4854739
4854847
4854931
4855063
4855327
4855471
4855483
4855531
4855567
4855831
4855867
4856011
4856083
4856143
4856263
4856323
4856479
4856503
4856791
4856899
4856923
4856947
4857091
4857211
4857271
4857487
4857499
4857511
4857547
4857691
4857751
4857799
4857943
4858159
4858171
4858279
4858291
4858411
4858423
4858519
4858603
4858627
4858783
4858831
4858891
4858963
4859167
4859287
4859359
4859419
4859863
4860043
4860103
4860151
4860367
4860391
4860451
4860511
4860547
4860607
4860643
4860679
4860799
4860871
4860931
4860991
4861243
4861267
4861399
4861471
4861771
4861807
4861951
4862743
4862911
4862983
4863283
4863427
4863451
4863679
4863823
4863847
4863919
4863979
4864147
4864207
4864603
4864747
4864903
4864927
4865143
4865467
4865479
4865551
4865647
4865683
4865803
4865827
4865899
4866007
4866151
4866187
4866307
4866343
4866559
4866583
4866703
4866727
4866847
4867123
4867171
4867207
4867243
4867339
4867711
4867771
4867843
4867999
4868107
4868131
4868167
4868359
4868407
4868599
4868671
4868827
4869043
4869103
4869223
4869499
4869547
4869679
4869727
4869751
4869763
4869979
4870087
4870183
4870291
4870471
4870531
4870651
4870771
4870843
4870867
4871203
4871227
4871311
4871407
4871443
4871479
4871491
4871527
4871863
4871959
4872103
4872163
4872187
4872331
4872403
4872451
4872643
4872739
4872919
4873039
4873051
4873207
4873243
4873279
4873303
4873327
4873399
4873507
4873639
4873831
4874119
4874587
4874791
4874803
4874911
4875163
4875223
4875259
4875439
4875667
4875847
4875907
4875979
4876051
4876423
4876447
4876639
4876783
4877179
4877287
4877503
4877527
4877563
4877731
4877959
4878163
4878187
4878283
4878463
4878667
4878799
4878871
4878943
4879087
4879111
4879159
4879267
4879291
4879507
4879639
4879687
4879747
4879807
4879879
4879951
4880059
4880119
4880191
4880203
4880311
4880419
4880443
4880779
4880803
4880959
4881103
4881127
4881211
4881427
4881511
4881559
4881859
4881931
4881967
4882027
4882099
4882327
4882363
4882687
4882711
4882819
4883191
4883311
4883611
4883623
4883719
4883839
4883863
4883899
4884631
4884643
4884727
4884739
4884811
4884883
4884907
4885099
4885411
4885483
4885627
4885807
4885843
4885999
4886131
4886263
4886443
4886647
4886899
4887031
4887187
4887391
4887559
4887643
4887667
4887763
4887871
4888087
4888123
4888399
4888447
4888531
4888579
4888711
4888867
4888951
4889299
4889347
4889383
4889407
4889491
4889611
4889671
4889851
4890019
4890103
4890139
4890211
4890307
4890331
4890547
4890631
4890703
4890751
4890871
4891039
4891063
4891099
4891171
4891507
4891639
4891927
4892071
4892287
4892323
4892647
4892731
4892791
4892827
4892983
4893019
4893079
4893247
4893307
4893451
4893463
4893523
4893631
4893667
4893727
4893907
4894111
4894171
4894387
4894447
4894999
4895119
4895131
4895323
4895419
4895491
4895503
4895743
4895767
4896103
4896211
4896439
4896487
4896571
4896583
4896943
4896979
4897219
4897363
4897471
4897639
4897771
4897831
4897903
4897927
4897951
4898059
4898083
4898119
4898587
4898659
4898851
4898863
4898923
4899067
4899211
4899523
4899571
4899823
4900183
4900351
4900459
4900543
4900591
4900603
4900747
4900927
4900939
4900999
4901359
4901431
4901719
4901803
4901947
4902127
4902259
4902379
4902451
4902643
4902691
4902811
4903207
4903243
4903411
4903519
4903879
4903963
4904023
4904311
4904407
4904491
4904563
4904971
4905007
4905067
4905079
4905259
4905283
4905547
4905619
4905799
4906003
4906087
4906159
4906327
4906483
4906507
4906543
4906663
4907011
4907131
4907431
4907563
4907587
4907923
4907971
4908067
4908391
4908451
4908667
4908691
4908811
4908991
4909147
4909279
4909747
4909939
4910071
4910107
4910179
4910287
4910371
4910539
4910767
4911163
4911199
4911451
4911523
4911607
4911727
4911871
4911943
4912027
4912207
4912351
4912423
4912591
4912627
4912771
4912891
4913011
4913131
4913143
4913287
4913539
4913599
4913767
4913791
4914211
4914223
4914271
4914499
4914583
4914607
4914619
4914799
4914907
4915051
4915111
4915147
4915219
4915303
4915411
4915759
4915831
4916083
4916203
4916287
4916311
4916347
4916371
4916419
4916719
4916803
4916887
4917019
4917103
4917139
4917391
4917571
4917631
4917823
4917967
4918027
4918171
4918183
4918279
4918387
4918567
4918687
4918747
4918759
4918783
4918999
4919011
4919107
4919143
4919191
4919323
4919623
4919767
4919899
4919911
4920163
4920271
4920403
4920439
4920499
4920511
4920583
4920631
4920703
4920763
4921027
4921051
4921099
4921243
4921291
4921339
4921711
4921771
4921783
4922011
4922227
4922251
4922287
4922383
4922563
4922719
4922923
4922971
4923007
4923067
4923151
4923439
4923571
4923619
4923691
4923739
4923967
4923979
4924267
4924411
4924471
4924627
4924771
4924903
4925023
4925443
4925539
4925707
4925803
4925923
4925983
4926007
4926091
4926199
4926247
4926451
4926499
4926703
4927147
4927207
4927291
4927387
4927459
4927687
4927927
4928179
4928299
4928503
4928611
4928719
4928779
4928863
4929091
4929187
4929259
4929343
4929451
4929511
4929559
4929871
4929919
4929943
4930171
4930207
4930231
4930243
4930279
4930339
4930483
4930531
4930567
4930711
4930771
4930819
4930843
4930927
4930951
4930963
4931023
4931467
4931539
4931599
4931623
4931671
4932043
4932247
4932331
4932463
4932559
4932619
4932691
4932727
4932859
4932883
4933087
4933147
4933363
4933759
4933843
4934047
4934119
4934203
4934311
4934383
4934407
4934647
4934779
4934971
4935043
4935247
4935283
4935379
4935487
4935499
4935523
4935607
4935787
4936279
4936423
4936543
4936819
4936879
4936891
4937287
4937467
4937659
4937683
4937719
4937731
4937839
4937899
4937971
4938259
4938979
4939111
4939171
4939243
4939279
4939339
4939807
4939939
4940071
4940263
4940431
4940443
4940503
4940539
4940671
4940827
4940959
4941187
4941319
4941511
4941787
4941907
4941967
4942111
4942123
4942183
4942339
4942687
4942771
4942879
4943011
4943119
4943227
4943299
4943347
4943479
4943767
4943959
4944019
4944307
4944391
4944451
4944463
4944571
4944607
4944679
4944787
4945243
4945327
4945411
4945519
4945579
4945639
4945651
4945663
4945687
4945711
4945783
4945867
4945939
4946047
4946083
4946467
4946731
4946803
4946827
4946899
4946947
4947043
4947199
4947331
4947367
4947403
4947559
4947727
4947979
4948087
4948219
4948231
4948267
4948387
4948423
4948459
4948579
4948807
4948891
4949059
4949107
4949167
4949179
4949239
4949419
4949599
4949611
4949743
4949779
4949827
4950067
4950139
4950307
4950331
4950403
4950427
4950511
4951183
4951231
4951399
4951627
4951819
4952023
4952119
4952203
4952443
4952551
4952587
4952671
4952743
4952767
4952947
4953199
4953259
4953331
4953391
4953631
4953667
4953679
4953931
4954051
4954063
4954219
4954303
4954351
4954507
4954927
4955107
4955179
4955263
4955359
4955407
4955479
4955611
4955647
4955791
4955887
4955911
4955947
4956139
4956151
4956379
4956451
4956487
4956691
4956811
4956871
4956943
4957087
4957123
4957159
4957207
4957243
4957327
4957411
4957483
4957663
4957819
4957891
4957987
4958131
4958251
4958311
4958323
4958491
4958539
4958647
4959079
4959151
4959463
4959511
4959679
4959751
4959919
4960147
4960231
4960327
4960339
4960471
4960507
4960519
4960591
4960687
4960807
4960831
4960903
4960951
4960987
4961107
4961311
4961323
4961371
4961563
4961587
4961659
4961707
4961851
4962091
4962163
4962187
4962259
4962343
4962571
4962583
4962967
4963027
4963171
4963183
4963207
4963243
4963267
4963279
4963327
4963363
4963471
4963603
4963639
4963687
4963723
4963891
4964227
4964503
4964647
4965019
4965091
4965271
4965307
4965451
4965523
4965643
4965739
4965799
4965979
4966051
4966123
4966243
4966411
4966711
4966939
4966963
4967023
4967167
4967203
4967311
4967419
4967491
4967827
4967899
4967923
4967971
4968283
4968319
4968499
4968583
4968679
4968727
4968763
4968871
4968907
4968967
4968979
4969231
4969339
4969399
4969483
4969879
4970131
4970227
4970263
4970479
4970551
4970587
4970683
4970743
4970827
4970887
4970947
4971007
4971019
4971139
4971679
4971751
4971859
4971991
4972063
4972147
4972207
4972327
4972351
4972423
4972567
4972651
4972663
4972783
4972843
4972867
4972999
4973011
4973047
4973071
4973107
4973119
4973179
4973263
4973539
4973623
4973719
4973743
4974127
4974559
4974583
4974691
4974811
4974883
4974919
4975027
4975519
4975639
4975819
4975879
4976143
4976383
4976467
4976623
4976683
4976707
4976731
4977103
4977139
4977211
4977403
4977439
4977571
4977691
4977751
4977799
4977823
4977871
4977979
4978003
4978147
4978159
4978291
4978447
4978483
4978579
4978867
4979047
4979059
4979131
4979263
4979599
4979743
4979911
4980067
4980103
4980331
4980427
4980631
4980883
4981027
4981303
4981351
4981387
4981531
4981747
4981759
4981903
4982011
4982059
4982119
4982179
4982359
4982587
4982899
4983127
4983163
4983439
4983463
4983631
4983691
4984171
4984207
4984351
4984423
4984531
4984591
4984699
4984711
4984999
4985251
4985287
4985359
4985527
4985647
4985731
4985803
4985863
4985971
4986211
4986283
4986367
4986439
4986511
4986547
4986799
4986931
4986979
4987231
4987399
4987663
4987771
4987867
4987903
4987951
4988023
4988119
4988131
4988227
4988311
4988407
4988527
4988947
4988959
4988983
4989139
4989151
4989199
4989451
4989463
4989499
4989811
4989847
4989991
4990243
4990327
4990567
4990603
4990723
4990831
4990927
4991011
4991131
4991143
4991359
4991551
4991587
4991647
4991719
4991803
4991839
4991983
4992019
4992187
4992439
4992487
4992511
4992619
4992943
4993123
4993147
4993411
4993459
4993603
4993627
4993843
4993951
4993987
4993999
4994203
4994419
4994791
4994851
4995007
4995031
4995187
4995283
4995427
4995547
4995691
4995871
4995883
4995931
4996003
4996051
4996087
4996111
4996279
4996291
4996507
4996687
4996723
4996879
4997011
4997119
4997227
4997287
4997491
4998211
4998319
4998559
4998667
4998739
4998787
4998823
4998859
4999231
4999243
4999327
4999387
4999507
4999639
4999651
4999759
4999783
4999963
5000491
5000503
5000551
5000623
5000791
5000851
5001019
5001127
5001307
5001343
5001379
5001523
5001679
5001691
5002219
5002579
5002927
5003071
5003143
5003191
5003203
5003503
5003539
5003743
5003827
5003839
5003959
5004007
5004031
5004067
5004367
5004403
5004679
5004751
5005087
5005219
5005339
5005687
5005867
5006011
5006119
5006179
5006191
5006383
5006527
5006623
5006923
5006971
5007187
5007319
5007391
5007463
5007643
5007703
5007967
5008063
5008099
5008147
5008279
5008291
5008819
5008867
5009359
5009443
5009491
5009539
5009659
5009707
5009803
5009839
5009947
5009971
5010043
5010079
5010163
5010367
5010559
5010763
5010787
5011099
5011327
5011351
5011507
5011639
5011807
5011843
5011879
5011927
5012023
5012239
5012251
5012299
5012323
5012347
5012383
5012587
5012719
5012743
5012923
5012971
5013139
5013247
5013331
5013343
5013787
5013871
5013979
5014183
5014267
5014291
5014363
5014579
5014663
5014687
5014699
5014747
5014783
5014903
5014939
5014951
5015167
5015299
5015371
5015383
5015431
5015743
5015911
5016031
5016283
5016499
5016559
5016607
5016631
5016643
5016667
5016679
5016811
5016859
5017003
5017099
5017279
5017399
5017423
5017471
5017603
5017687
5017819
5017927
5018119
5018203
5018323
5018467
5018551
5018731
5018803
5018863
5018887
5018911
5018971
5019043
5019163
5019187
5019331
5019919
5019979
5020063
5020087
5020111
5020159
5020231
5020387
5020591
5020651
5020711
5020783
5020891
5020999
5021347
5021683
5021791
5021827
5021923
5021983
5022079
5022187
5022319
5022571
5022607
5022643
5022691
5022943
5023111
5023159
5023363
5023399
5023471
5023507
5023567
5023651
5023663
5023903
5024011
5024023
5024083
5024203
5024311
5024527
5024587
5024623
5024671
5024779
5024959
5025199
5025487
5025547
5025703
5025847
5025859
5025907
5025967
5026027
5026207
5026243
5026687
5026759
5027107
5027119
5027251
5027263
5027287
5027299
5027383
5027443
5027467
5027791
5027851
5028091
5028307
5028367
5028523
5028631
5028703
5028739
5028811
5028847
5028931
5028943
5029027
5029207
5029303
5029351
5029411
5029951
5030107
5030131
5030143
5030227
5030239
5030251
5030359
5030371
5030719
5030791
5030923
5031139
5031199
5031427
5031547
5031727
5031799
5031823
5031919
5031931
5031967
5032039
5032219
5032387
5032507
5032519
5032579
5032711
5032723
5032939
5032987
5033023
5033047
5033059
5033167
5033227
5033299
5033407
5033671
5033731
5033839
5033863
5033923
5034247
5034343
5034427
5034559
5034751
5034787
5034919
5035027
5035039
5035243
5035351
5035651
5035711
5035903
5035999
5036047
5036263
5036371
5036503
5036623
5036683
5037091
5037199
5037631
5037691
5037919
5038063
5038123
5038207
5038351
5038927
5038963
5039059
5039107
5039239
5039311
5039347
5039467
5039527
5039743
5039779
5039863
5040043
5040067
5040391
5040439
5040571
5040583
5040727
5041087
5041219
5041291
5041303
5041411
5041567
5041723
5041999
5042131
5042179
5042299
5042311
5042383
5042551
5042563
5042599
5042647
5042707
5043019
5043307
5043319
5043811
5043847
5043919
5044027
5044147
5044423
5044531
5044783
5044807
5044891
5044999
5045011
5045071
5045083
5045251
5045263
5045683
5045743
5045827
5046031
5046079
5046187
5046259
5046367
5046511
5046703
5046883
5047087
5047123
5047411
5047423
5047447
5047519
5047531
5047639
5047807
5047891
5047951
5048647
5048671
5049007
5049067
5049211
5049283
5049403
5049463
5049487
5049511
5049571
5049607
5049907
5050039
5050051
5050267
5050471
5050543
5050963
5051251
5051383
5051443
5051707
5051911
5051947
5052283
5052391
5052559
5052643
5052679
5052787
5052823
5053039
5053159
5053303
5053459
5053507
5053579
5053663
5053771
5053891
5053903
5053927
5054047
5054059
5054143
5054251
5054431
5054479
5054719
5054839
5055223
5055439
5055487
5055559
5055943
5055979
5055991
5056027
5056171
5056279
5056459
5056567
5056591
5056651
5056663
5056771
5056819
5056951
5057071
5057119
5057167
5057251
5057323
5057467
5057671
5057707
5057839
5058139
5058583
5058619
5059291
5059303
5059363
5059507
5059519
5059759
5059771
5059867
5059903
5059987
5060047
5060119
5060467
5060551
5060767
5060983
5061031
5061379
5061439
5061499
5061607
5061643
5061883
5061919
5062219
5062459
5062543
5062567
5062819
5062891
5062903
5062927
5062963
5063167
5063239
5063251
5063431
5063479
5063503
5063647
5064019
5064043
5064151
5064223
5064259
5064331
5064343
5064727
5064739
5064883
5064907
5065003
5065351
5065471
5065531
5065603
5065699
5065747
5065783
5065987
5066107
5066239
5066251
5066287
5066311
5066431
5066683
5067151
5067247
5067511
5067823
5068267
5068291
5068411
5068507
5068747
5068807
5069011
5069023
5069083
5069299
5069551
5069563
5069671
5069947
5070547
5070631
5070643
5070691
5070823
5070847
5070883
5071147
5071351
5071471
5071567
5071579
5071747
5072191
5072299
5072359
5072659
5072671
5072731
5072803
5072863
5073379
5073511
5073559
5073583
5073631
5074063
5074123
5074231
5074567
5074603
5074627
5074639
5074747
5074999
5075011
5075023
5075143
5075167
5075251
5075611
5075683
5075779
5075827
5076151
5076223
5076283
5076391
5076403
5076427
5076607
5076679
5076691
5076763
5076787
5076979
5077207
5077279
5077447
5077627
5077711
5077819
5078011
5078083
5078119
5078167
5078191
5078347
5078443
5078503
5078551
5078599
5078851
5079163
5079223
5079247
5079259
5079307
5079667
5079703
5079751
5079883
5079967
5080219
5080639
5080651
5080711
5080879
5080963
5081047
5081287
5081407
5081491
5081599
5081731
5081767
5081959
5081983
5082043
5082199
5082271
5082331
5082619
5082631
5082691
5082907
5082919
5083087
5083123
5083231
5083363
5083423
5083699
5083711
5083927
5084179
5084383
5084407
5084671
5084731
5084743
5084851
5085079
5085187
5085427
5085439
5085571
5085583
5085679
5086087
5086219
5086303
5086327
5086447
5086483
5086507
5087011
5087119
5087419
5087431
5087527
5087587
5087959
5088007
5088199
5088511
5088631
5088679
5088823
5088859
5089159
5089411
5089459
5089927
5089939
5090251
5090467
5090551
5090587
5090623
5091019
5091091
5091199
5091343
5091367
5091379
5091451
5091547
5091703
5091991
5092279
5092303
5092387
5092411
5092567
5092771
5092783
5092819
5092987
5093059
5093107
5093323
5093467
5093527
5093623
5093743
5093791
5093839
5093887
5093899
5093923
5094007
5094403
5094787
5094871
5094979
5095171
5095183
5095219
5095267
5095399
5095471
5095639
5095663
5095759
5095939
5096023
5096347
5096563
5096887
5097031
5097139
5097199
5097247
5097259
5097511
5097523
5097751
5097787
5097811
5097847
5097931
5098087
5098207
5098279
5098399
5098531
5098927
5099071
5099251
5099623
5099683
5099827
5100079
5100127
5100211
5100331
5100343
5100367
5100619
5100691
5100763
5100811
5101231
5101351
5101387
5101531
5101567
5101627
5101711
5101783
5102059
5102239
5102563
5102599
5102683
5102731
5102827
5102863
5103031
5103067
5103103
5103139
5103223
5103403
5103607
5103619
5103691
5104051
5104123
5104147
5104207
5104303
5104327
5104387
5104399
5104699
5104867
5105047
5105179
5105203
5105299
5105431
5105587
5105671
5105923
5106139
5106247
5106319
5106487
5106547
5106559
5106631
5106643
5106967
5107423
5107747
5107759
5107831
5108107
5108119
5108251
5108539
5108647
5108731
5108767
5108827
5109259
5109463
5109547
5109583
5109631
5109739
5109919
5110123
5110159
5110243
5110267
5110423
5110459
5110627
5110783
5111179
5111287
5111527
5111563
5111599
5111707
5111791
5112067
5112403
5112511
5112727
5112871
5112979
5113051
5113111
5113219
5113351
5113399
5113687
5113819
5113939
5114047
5114167
5114191
5114443
5114479
5114731
5114803
5114899
5114959
5114983
5115067
5115247
5115559
5115679
5115787
5115823
5116039
5116543
5116687
5116831
5116927
5117083
5117551
5117587
5117611
5117899
5118031
5118307
5118367
5118403
5118439
5118583
5118667
5118871
5118907
5118943
5119027
5119063
5119207
5119423
5119447
5119459
5119507
5119603
5119783
5119819
5119879
5119963
5120047
5120131
5120251
5120263
5120287
5120299
5120359
5120419
5120539
5120707
5120719
5120887
5120959
5121007
5121031
5121211
5121247
5121331
5121367
5121463
5121643
5121667
5121703
5121763
5121871
5121931
5121943
5121979
5122111
5122303
5122339
5122363
5122699
5122759
5122771
5122807
5122903
5123011
5123119
5123191
5123299
5123311
5123479
5123491
5123551
5123623
5123707
5123887
5123983
5124127
5124307
5124499
5124523
5124583
5124811
5124859
5124943
5125027
5125039
5125327
5125399
5125639
5125651
5125699
5125723
5125807
5125927
5125963
5125999
5126131
5126323
5126419
5126587
5126647
5126767
5126851
5126899
5126983
5127007
5127043
5127487
5127763
5128027
5128231
5128603
5128723
5128771
5128891
5128987
5128999
5129479
5129647
5129671
5129827
5129863
5129959
5130067
5130079
5130259
5130331
5130511
5130547
5130607
5130823
5130919
5131039
5131219
5131339
5131363
5131447
5131543
5131627
5131759
5132131
5132167
5132191
5132227
5132311
5132359
5132443
5132563
5132599
5132671
5132767
5132851
5132923
5132947
5133091
5133127
5133307
5133379
5133391
5133451
5133463
5133523
5133559
5133571
5133883
5134219
5134279
5134303
5134567
5134783
5134903
5135443
5135503
5135539
5135659
5135731
5135839
5135899
5136331
5136463
5136511
5136559
5136667
5136727
5136811
5136847
5137039
5137051
5137123
5137219
5137387
5137663
5138071
5138167
5138179
5138311
5138347
5138359
5138443
5138491
5138503
5138611
5138863
5138923
5139223
5139259
5139319
5139427
5139643
5139679
5139691
5139751
5139859
5139907
5140123
5140147
5140183
5140459
5140543
5140939
5140999
5141251
5141431
5141743
5141947
5141959
5141971
5142091
5142463
5142523
5142751
5142847
5142883
5142919
5143147
5143183
5143291
5143363
5143543
5143687
5143711
5144011
5144119
5144263
5144323
5144371
5144599
5144647
5144719
5144899
5144911
5144947
5144983
5145139
5145211
5145403
5145619
5145631
5145703
5145727
5145871
5145991
5146243
5146483
5146591
5146639
5146783
5146879
5146927
5147059
5147167
5147179
5147251
5147323
5147431
5147563
5147647
5147827
5147839
5147959
5148379
5148463
5148799
5148823
5148859
5148967
5149219
5149411
5149483
5149567
5149867
5149987
5150203
5150347
5150407
5150419
5150443
5150839
5150851
5150947
5151019
5151043
5151163
5151319
5151343
5151463
5151739
5151847
5151919
5152039
5152051
5152087
5152327
5152387
5152447
5152471
5152507
5152579
5152639
5153191
5153299
5153359
5153443
5153539
5153623
5153647
5153887
5153971
5153983
5154271
5154379
5154559
5154619
5154739
5154763
5154811
5154907
5154979
5155027
5155279
5155387
5155483
5155603
5155639
5156023
5156059
5156383
5156419
5156527
5156539
5156551
5156587
5156719
5156731
5156743
5156911
5157007
5157499
5157547
5157571
5157619
5157883
5157991
5158039
5158267
5158339
5158411
5158423
5158711
5158759
5158843
5158987
5159047
5159227
5159239
5159731
5159743
5159779
5159827
5160283
5160319
5160499
5160523
5160607
5161003
5161111
5161231
5161243
5161291
5161327
5161567
5161699
5161831
5161843
5162011
5162071
5162299
5162371
5162467
5162587
5162719
5162767
5162803
5162863
5163127
5163343
5163451
5163511
5163727
5163871
5163919
5164087
5164123
5164303
5164387
5164591
5164699
5165107
5165191
5165299
5165323
5165431
5165791
5165887
5165899
5165983
5166103
5166223
5166391
5166619
5166631
5166787
5166871
5167003
5167051
5167231
5167291
5167339
5167399
5167471
5167651
5167807
5167879
5168047
5168239
5168287
5168407
5168431
5168479
5168539
5168707
5168803
5168851
5168887
5169211
5169247
5169379
5169487
5169559
5169607
5169631
5169679
5169823
5170027
5170183
5170279
5170411
5170687
5170999
5171011
5171071
5171119
5171323
5171347
5171407
5171623
5171659
5171923
5172019
5172043
5172163
5172187
5172283
5172379
5172451
5172547
5172703
5172787
5173603
5173711
5173843
5173879
5173891
5173951
5173963
5174347
5174419
5174431
5174467
5174503
5174671
5174791
5174803
5174863
5174887
5174959
5175031
5175103
5175187
5175283
5175571
5175727
5175931
5176027
5176543
5176579
5176663
5176807
5176879
5176903
5177119
5177479
5177659
5177923
5177983
5178067
5178139
5178163
5178379
5178391
5178487
5178571
5178787
5178919
5178967
5178991
5179063
5179123
5179159
5179219
5179231
5179351
5179567
5179579
5179891
5179903
5180047
5180143
5180467
5180587
5180743
5180827
5180839
5180983
5181019
5181067
5181151
5181223
5181307
5181391
5181559
5181667
5181811
5181907
5181919
5182063
5182171
5182207
5182699
5182951
5183131
5183323
5183383
5183527
5183611
5183863
5184007
5184103
5184139
5184187
5184247
5184727
5184787
5184799
5184859
5184931
5184943
5185267
5185399
5185483
5185507
5185699
5185987
5186191
5186263
5186371
5186407
5186443
5186551
5186803
5186851
5186947
5187139
5187271
5187739
5187859
5188207
5188219
5188231
5188459
5188507
5188543
5188867
5188879
5188951
5189251
5189479
5189551
5189623
5189659
5189839
5189851
5190139
5190259
5190331
5190403
5190583
5191027
5191099
5191231
5191243
5191267
5191279
5191339
5191411
5191447
5191603
5191699
5191723
5191819
5191843
5191999
5192167
5192179
5192287
5192311
5192323
5192743
5192959
5193091
5193163
5193187
5193571
5193679
5193691
5193751
5194411
5194507
5194603
5194807
5194939
5194951
5195419
5195587
5195923
5196187
5196199
5196211
5196223
5196379
5196427
5196523
5197063
5197099
5197111
5197147
5197183
5197327
5197363
5197459
5197603
5197783
5197831
5198119
5198251
5198443
5198467
5198551
5198803
5198839
5198983
5199319
5199583
5199631
5199703
5199811
5200051
5200099
5200123
5200171
5200627
5200903
5200999
5201023
5201107
5201563
5201671
5201683
5201851
5201923
5202103
5202151
5202247
5202259
5202499
5202511
5202619
5202787
5203039
5203111
5203147
5203579
5203591
5203687
5203771
5203831
5204011
5204047
5204083
5204131
5204167
5204179
5204239
5204443
5204491
5204527
5204611
5204743
5204779
5204911
5204959
5205019
5205139
5205283
5205367
5205463
5205523
5205619
5205787
5205883
5206147
5206207
5206363
5206387
5206459
5206567
5206639
5206687
5206711
5206783
5206867
5207023
5207179
5207383
5207467
5207611
5207743
5207803
5207827
5207947
5207971
5208043
5208079
5208523
5208559
5208583
5208739
5208871
5208979
5209027
5209279
5209411
5209627
5209783
5209951
5209999
5210119
5210203
5210311
5210323
5210539
5210851
5211211
5211247
5211259
5211307
5211391
5211607
5212003
5212087
5212111
5212171
5212231
5212303
5212507
5212579
5212807
5212843
5212939
5213023
5213059
5213083
5213119
5213251
5213311
5213347
5213371
5213419
5213431
5213491
5213563
5213959
5214199
5214211
5214271
5214283
5214487
5214499
5214571
5214679
5214691
5214823
5214883
5214919
5214991
5215183
5215279
5215363
5215387
5215459
5215663
5215867
5215999
5216119
5216191
5216227
5216251
5216443
5216623
5216683
5216947
5217031
5217271
5217367
5217379
5217403
5217439
5217523
5217631
5217763
5217787
5217907
5217943
5217991
5218051
5218207
5218519
5218531
5218567
5218639
5218879
5218951
5218987
5219287
5219503
5219611
5219743
5219791
5219911
5219959
5220031
5220091
5220211
5220223
5220247
5220331
5220403
5220427
5220463
5220799
5220823
5221003
5221039
5221123
5221231
5221303
5221327
5221543
5221651
5221819
5221927
5221939
5222011
5222023
5222083
5222251
5222671
5222887
5222923
5223079
5223571
5223703
5224279
5224291
5224327
5224579
5224783
5224939
5225047
5225107
5225179
5225287
5225371
5225383
5225503
5225587
5225599
5225683
5225719
5225791
5225839
5225971
5226019
5226079
5226127
5226163
5226271
5226283
5226307
5226343
5226367
5226439
5226511
5226547
5226619
5226763
5226811
5226847
5227063
5227171
5227291
5227303
5227591
5227987
5228071
5228143
5228263
5228527
5228539
5228611
5228779
5228851
5228959
5229031
5229223
5229331
5229391
5229799
5229823
5230327
5230363
5230387
5230399
5230447
5230471
5230651
5230663
5230831
5230843
5231011
5231059
5231119
5231131
5231203
5231263
5231311
5231431
5231599
5231623
5231647
5231827
5232067
5232079
5232187
5232559
5232607
5232727
5232823
5232979
5233003
5233147
5233171
5233183
5233219
5233231
5233387
5233567
5233639
5233783
5233867
5234143
5234263
5234659
5234683
5234743
5235151
5235199
5235259
5235319
5235367
5235523
5235871
5235943
5236027
5236087
5236123
5236159
5236279
5236843
5236879
5237131
5237251
5237263
5237311
5237347
5237563
5237671
5237707
5237851
5237899
5237923
5238007
5238031
5238151
5238199
5238367
5238799
5238967
5238979
5239159
5239183
5239411
5239483
5239543
5239627
5239879
5239987
5240107
5240227
5240239
5240299
5240491
5240731
5240839
5240887
5240959
5241043
5241319
5241427
5241667
5241787
5241931
5242231
5242399
5242927
5243143
5243167
5243263
5243323
5243443
5243479
5243503
5243551
5243587
5243683
5243827
5243911
5244367
5244511
5244583
5244691
5244739
5244763
5244919
5245243
5245459
5245543
5245711
5245783
5245963
5246023
5246431
5246611
5246707
5246779
5246851
5247031
5247043
5247223
5247499
5247787
5247871
5248183
5248231
5248303
5248363
5248447
5248471
5248543
5248759
5248843
5248879
5248987
5249011
5249239
5249347
5249371
5249707
5249791
5249851
5249887
5249983
5250079
5250211
5250523
5250703
5250787
5250871
5250919
5250967
5251027
5251039
5251123
5251627
5251711
5252011
5252179
5252719
5252791
5252803
5252839
5252887
5252971
5253019
5253091
5253151
5253343
5253631
5253679
5253739
5254063
5254231
5254351
5254567
5254891
5255059
5255167
5255203
5255251
5255527
5255671
5255683
5255959
5256283
5256319
5256463
5256547
5256583
5256931
5256943
5256967
5257003
5257111
5257519
5257531
5257591
5257627
5257723
5257771
5257807
5257951
5258023
5258059
5258167
5258371
5258419
5258443
5258731
5258779
5259091
5259379
5259391
5259487
5259619
5259823
5259967
5260219
5260243
5260267
5260279
5260363
5260459
5260711
5260903
5261023
5261323
5261359
5261587
5261611
5261623
5261647
5261719
5261827
5261983
5262223
5262379
5262451
5262511
5262583
5262667
5262703
5262799
5262811
5262871
5263267
5263639
5263747
5263771
5263963
5264107
5264143
5264179
5264251
5264383
5264647
5264671
5264683
5264887
5264923
5265067
5265079
5265331
5265439
5265499
5265571
5265607
5265727
5265763
5265787
5265943
5266159
5266207
5266291
5266483
5266507
5266519
5266831
5267191
5267527
5267599
5267659
5267707
5267767
5268031
5268163
5268451
5268499
5268547
5268811
5269003
5269027
5269219
5269471
5269543
5269567
5269639
5269723
5269819
5269867
5270143
5270311
5270443
5270623
5270719
5270767
5270971
5271199
5271223
5271283
5271307
5271631
5271667
5271703
5271811
5271883
5272051
5272207
5272447
5272459
5272471
5272591
5272783
5272843
5272963
5272987
5273011
5273347
5273407
5273491
5273683
5273743
5273767
5273959
5273971
5274007
5274151
5274211
5274331
5274391
5274427
5274463
5274583
5274859
5275159
5275411
5275663
5275723
5275747
5275759
5275807
5275903
5275987
5276119
5276191
5276371
5276539
5276671
5276731
5276767
5276911
5276983
5277031
5277211
5277247
5277331
5277343
5277379
5277499
5277607
5277751
5277847
5277919
5278099
5278171
5278459
5278519
5278579
5278927
5278939
5279011
5279107
5279179
5279311
5279539
5279623
5279683
5279731
5279767
5279887
5279899
5279947
5280007
5280031
5280091
5280139
5280259
5280367
5280487
5280703
5280799
5280907
5281123
5281663
5281711
5281891
5281999
5282383
5282491
5282503
5282587
5282671
5282743
5282887
5282899
5282923
5283043
5283079
5283979
5284087
5284327
5284339
5284579
5284627
5284651
5284879
5284987
5285131
5285263
5285347
5285551
5285587
5285611
5285659
5285767
5285803
5285983
5286019
5286139
5286283
5286559
5286703
5286739
5286823
5287039
5287147
5287159
5287207
5287351
5287507
5287531
5287687
5287783
5287819
5288083
5288323
5288359
5288539
5288587
5288623
5288659
5289547
5289667
5289883
5289979
5290099
5290123
5290339
5290627
5290699
5290711
5290807
5291023
5291347
5291383
5291431
5291479
5291647
5291707
5291779
5291791
5291827
5291959
5291971
5292031
5292211
5292283
5292367
5292439
5292499
5292607
5292751
5292907
5293231
5293291
5293447
5293507
5293807
5293843
5293903
5294059
5294167
5294299
5294383
5294479
5294587
5294671
5294743
5294911
5295247
5295559
5295571
5295859
5295883
5295991
5296099
5296111
5296399
5296651
5296747
5296867
5296891
5296903
5296927
5297287
5297359
5297491
5297587
5297647
5297947
5298019
5298079
5298127
5298199
5298247
5298523
5298547
5298583
5298691
5298823
5298919
5299027
5299051
5299243
5299267
5299339
5299447
5299531
5299627
5299771
5299927
5300167
5300179
5300431
5300527
5300671
5300851
5300863
5301151
5301367
5301391
5301511
5301631
5301679
5301691
5301787
5301811
5301823
5301859
5301871
5302111
5302411
5302471
5302807
5302867
5302987
5303047
5303239
5303383
5303479
5303539
5303563
5303587
5303659
5303671
5303707
5303791
5303911
5303959
5304163
5304199
5304331
5304427
5304463
5304487
5304547
5304679
5304811
5304967
5305063
5305303
5305543
5305723
5305747
5305831
5305891
5305903
5305999
5306143
5306479
5306659
5306683
5306827
5306863
5307007
5307079
5307091
5307151
5307199
5307439
5307691
5307763
5307811
5307847
5307919
5307979
5308111
5308207
5308243
5308291
5308447
5308483
5308531
5308663
5308759
5309107
5309539
5309599
5309719
5309839
5309923
5309971
5310187
5310379
5310439
5310463
5310559
5310691
5310727
5310763
5310931
5310967
5311027
5311219
5311303
5311363
5311543
5311759
5311879
5311903
5311951
5312227
5312479
5312491
5312611
5312623
5312803
5312911
5313199
5313247
5313463
5313523
5313631
5313739
5313751
5313823
5313883
5313967
5314003
5314027
5314123
5314159
5314207
5314399
5314459
5314579
5314651
5314711
5314783
5315083
5315263
5315287
5315551
5315719
5315767
5316007
5316127
5316187
5316307
5316331
5316379
5316583
5316643
5316739
5316799
5316811
5317051
5317099
5317171
5317231
5317267
5317303
5317519
5317639
5317699
5317951
5318239
5318251
5318431
5318503
5318683
5318767
5318851
5318959
5319007
5319019
5319043
5319211
5319511
5319547
5319571
5319967
5320039
5320327
5320363
5320387
5320591
5320699
5320879
5320927
5320951
5321023
5321191
5321263
5321299
5321347
5321383
5321467
5321803
5321839
5321959
5321983
5322019
5322199
5322307
5322379
5322523
5322643
5322739
5322847
5322883
5322991
5323063
5323243
5323291
5323471
5323699
5323783
5323867
5323939
5324071
5324227
5324251
5324287
5324419
5324551
5324623
5324659
5324827
5324863
5324887
5325511
5325547
5325559
5325703
5325847
5325907
5325919
5326051
5326339
5326411
5326819
5327107
5327131
5327251
5327323
5327347
5327383
5327527
5327599
5327671
5327683
5327887
5327899
5327947
5328007
5328079
5328391
5328403
5328619
5328727
5329003
5329171
5329267
5329507
5329543
5329663
5329699
5329771
5329867
5329903
5330023
5330131
5330191
5330383
5330443
5330491
5330527
5330551
5330947
5331019
5331031
5331127
5331199
5331211
5331247
5331379
5331463
5331499
5331559
5331751
5331919
5332051
5332111
5332183
5332363
5332423
5333059
5333371
5333467
5333683
5333827
5334187
5334331
5334523
5334559
5334619
5334691
5334799
5334907
5335003
5335051
5335303
5335531
5335567
5335591
5335723
5335831
5335963
5336047
5336179
5336323
5336347
5336467
5336479
5336563
5336599
5336671
5336719
5336911
5336971
5337067
5337559
5337571
5337691
5337751
5337799
5337967
5338243
5338327
5338447
5338747
5338831
5339083
5339119
5339227
5339263
5339311
5339527
5339563
5339599
5339671
5339707
5339743
5339863
5340103
5340343
5340427
5340571
5340667
5340679
5340799
5340883
5340943
5341003
5341123
5341279
5341363
5341387
5341639
5341783
5341867
5341891
5341939
5342011
5342251
5342263
5342431
5342551
5342719
5342851
5343103
5343343
5343367
5343631
5343691
5343727
5343979
5344051
5344159
5344231
5344267
5344291
5344459
5344639
5344711
5344879
5345107
5345143
5345203
5345323
5345359
5345419
5345443
5345467
5345563
5345611
5345647
5345887
5346067
5346139
5346247
5346259
5346283
5346547
5346571
5346727
5346967
5347003
5347051
5347183
5347291
5347327
5347483
5347651
5348059
5348131
5348227
5348263
5348407
5348479
5348587
5348743
5348839
5348947
5349199
5349283
5349451
5349691
5349739
5349787
5349919
5349991
5350183
5350363
5350399
5350603
5350831
5351011
5351419
5351503
5352007
5352043
5352163
5352187
5352199
5352271
5352343
5352691
5352847
5352979
5353207
5353267
5353339
5353363
5353399
5353423
5353639
5353819
5353927
5353987
5354023
5354119
5354131
5354179
5354203
5354311
5354443
5354467
5354683
5354719
5355211
5355319
5355367
5355439
5355643
5356051
5356147
5356159
5356327
5356579
5356867
5357071
5357167
5357239
5357299
5357371
5357467
5357479
5357707
5357767
5357851
5357959
5357971
5358139
5358271
5358307
5358343
5358391
5358499
5358523
5358607
5358631
5358643
5358739
5358811
5358967
5359183
5359279
5359351
5359819
5359831
5359903
5360023
5360119
5360143
5360191
5360263
5360359
5360431
5360599
5360731
5360827
5361007
5361043
5361127
5361319
5361379
5361403
5361451
5361547
5361571
5361739
5361907
5362087
5362207
5362627
5362639
5362663
5362771
5363167
5363431
5363887
5363923
5364019
5364031
5364511
5364943
5365039
5365147
5365231
5365267
5365531
5365651
5366047
5366167
5366191
5366311
5366323
5366419
5366623
5366671
5366743
5367091
5367163
5367199
5367319
5367379
5367403
5367667
5367751
5367907
5367931
5368147
5368327
5368399
5368459
5368471
5368771
5368903
5368999
5369071
5369251
5369503
5369911
5370163
5370187
5370259
5370319
5370667
5370991
5371231
5371279
5371423
5371519
5371747
5371879
5371963
5372023
5372203
5372371
5372467
5372803
5373211
5373259
5373391
5373427
5373607
5373691
5373727
5373859
5374123
5374339
5374507
5374519
5374903
5374987
5375047
5375299
5375371
5375407
5375443
5375479
5375779
5375911
5376271
5376391
5376739
5377003
5377231
5377363
5377711
5377747
5377843
5377891
5378143
5378227
5378299
5378383
5378551
5378587
5378719
5378731
5378911
5379019
5379091
5379379
5379403
5379499
5379559
5379727
5379739
5379823
5380159
5380303
5380447
5380519
5380603
5380699
5380867
5381023
5381059
5381071
5381227
5381347
5381491
5382079
5382103
5382151
5382211
5382259
5382283
5382463
5382547
5382691
5382907
5382919
5383039
5383111
5383123
5383159
5383267
5383303
5383459
5383507
5383591
5383663
5383843
5384059
5384167
5384191
5384263
5384371
5384479
5384623
5384671
5384779
5384851
5384887
5384983
5385067
5385319
5385439
5385463
5385487
5385643
5385823
5386039
5386543
5386639
5386651
5387071
5387143
5387443
5387539
5387611
5387791
5388007
5388151
5388319
5388619
5388727
5388763
5388811
5388907
5388919
5389303
5389387
5389627
5389639
5389807
5389963
5390023
5390323
5390503
5390599
5390647
5390743
5390923
5390971
5391247
5391259
5391367
5391439
5391487
5391679
5391823
5391979
5392267
5392411
5392627
5392843
5393191
5393419
5393503
5393779
5393887
5393911
5393959
5394091
5394163
5394283
5394463
5394607
5394643
5394679
5394787
5394847
5394931
5394943
5395063
5395099
5395207
5395543
5395843
5396011
5396107
5396179
5396203
5396299
5396431
5396647
5396659
5396719
5397127
5397499
5397871
5397943
5397979
5398039
5398207
5398303
5398531
5398807
5398891
5398999
5399071
5399131
5399431
5399599
5399707
5399899
5400019
5400259
5400319
5400523
5400847
5401003
5401147
5401327
5401387
5401447
5401507
5401807
5401951
5402011
5402239
5402623
5403451
5403571
5403631
5403667
5403823
5404099
5404219
5404279
5404291
5404327
5404339
5404363
5404603
5404831
5405083
5405251
5405287
5405467
5405527
5405539
5405791
5405863
5405923
5406007
5406019
5406343
5406439
5406619
5406931
5407063
5407243
5407387
5407447
5407651
5407879
5408107
5408119
5408131
5408311
5408323
5408467
5408647
5408719
5408779
5408827
5408959
5409031
5409259
5409403
5409583
5409643
5409751
5409931
5409967
5410291
5410519
5410591
5410627
5410663
5410723
5410747
5410759
5410903
5410939
5411047
5411059
5411227
5411323
5411347
5411767
5412019
5412091
5412271
5412343
5412571
5412787
5412811
5412859
5412931
5413171
5413183
5413543
5413687
5414359
5414719
5414767
5414803
5415259
5415343
5415691
5415871
5415919
5416027
5416207
5416267
5416291
5416303
5416531
5416639
5416699
5416783
5416927
5416987
5417131
5417179
5417383
5417743
5417791
5417827
5417887
5418079
5418247
5418367
5418451
5418643
5418799
5418859
5419207
5419291
5419507
5419663
5419759
5419783
5419867
5419891
5419987
5420587
5420731
5420827
5420851
5420983
5421019
5421103
5421343
5421607
5421667
5421679
5421739
5421919
5422003
5422063
5422327
5422399
5422567
5422891
5422903
5423179
5423191
5423311
5423623
5423839
5423863
5423947
5423959
5424079
5424127
5424271
5424487
5424763
5424799
5424847
5424871
5424883
5425003
5425087
5425099
5425207
5425339
5425471
5425711
5425747
5425951
5426251
5426359
5426467
5426503
5426527
5426539
5426611
5426779
5426887
5427259
5427283
5427907
5427967
5428051
5428231
5428303
5428387
5428399
5428519
5428651
5428723
5429143
5429191
5429527
5429707
5429731
5429779
5429803
5430127
5430211
5430307
5430559
5430583
5430811
5430883
5431183
5431219
5431291
5431831
5432047
5432107
5432143
5432179
5432311
5432443
5432551
5432743
5432839
5432983
5433079
5433151
5433223
5433271
5433343
5433391
5433403
5433619
5433667
5433691
5433763
5433787
5433907
5434111
5434123
5434159
5434243
5434447
5434771
5435011
5435299
5435431
5435467
5435743
5435791
5435827
5435851
5435863
5436139
5436163
5436187
5436283
5436499
5436511
5436547
5436799
5436943
5436979
5437291
5437303
5437339
5437459
5437507
5437699
5437771
5437903
5437951
5438263
5438311
5438347
5438599
5438707
5438791
5439067
5439163
5439391
5439463
5439823
5439883
5439979
5439991
5440027
5440363
5440543
5440639
5440723
5440759
5440819
5441047
5441083
5441659
5441827
5441899
5442187
5442511
5442727
5443051
5443171
5443183
5443219
5443231
5443279
5443423
5443531
5443639
5443771
5443891
5443987
5444059
5444167
5444287
5444323
5444419
5444479
5444599
5444611
5444671
5444731
5444863
5445067
5445103
5445331
5445403
5445463
5445607
5445679
5445787
5445931
5446003
5446183
5446531
5446591
5446687
5446723
5446759
5447131
5447179
5447311
5447443
5447587
5447671
5448067
5448103
5448283
5448319
5448379
5448523
5448679
5448787
5449099
5449111
5449159
5449291
5449567
5449867
5449987
5450023
5450119
5450143
5450191
5450227
5450299
5450323
5450539
5450611
5450671
5450719
5450959
5450971
5451283
5451343
5451547
5451559
5451619
5451703
5451799
5451847
5451871
5451931
5452159
5452171
5452231
5452339
5452483
5452663
5452879
5453059
5453167
5453659
5453839
5453971
5454079
5454103
5454223
5454247
5454307
5454343
5454643
5454751
5455399
5455423
5455519
5455543
5455591
5455771
5455867
5455951
5456203
5456419
5456551
5456719
5456839
5457103
5457139
5457607
5457667
5457691
5457703
5457811
5457919
5457931
5458147
5458171
5458183
5458303
5458363
5458399
5458543
5458939
5459011
5459551
5459599
5459647
5459719
5459791
5459803
5459827
5460079
5460523
5460547
5460691
5460703
5460727
5460811
5460907
5460943
5461087
5461123
5461243
5461411
5461543
5461567
5461627
5461699
5461891
5461999
5462059
5462131
5462203
5462239
5462467
5462539
5462683
5462911
5462959
5463043
5463079
5463391
5463499
5463547
5463751
5464003
5464183
5464579
5464651
5464687
5465059
5465431
5465491
5465527
5465563
5465599
5465623
5465671
5465851
5466067
5466103
5466283
5466667
5466907
5467207
5467243
5467303
5467351
5467711
5467831
5467867
5467927
5468083
5468107
5468263
5468383
5468587
5468839
5468899
5468971
5469043
5469259
5469439
5469559
5469619
5469943
5470063
5470111
5470411
5470627
5470723
5470771
5470951
5470963
5471023
5471083
5471203
5471299
5471359
5471419
5471503
5471527
5471647
5471731
5471803
5471827
5471911
5472031
5472331
5472403
5472451
5472499
5472547
5472679
5472763
5472799
5472823
5473087
5473183
5473219
5473327
5473483
5473543
5473627
5473723
5473879
5473987
5474047
5474083
5474191
5474311
5474563
5474587
5474647
5474671
5474767
5474947
5475031
5475103
5475199
5475247
5475523
5475571
5475643
5475703
5475823
5475991
5476267
5476279
5476459
5476663
5476687
5476699
5476831
5477083
5477107
5477119
5477287
5477323
5477371
5478007
5478019
5478043
5478547
5478559
5478643
5479063
5479531
5479603
5479711
5479951
5479987
5480023
5480143
5480287
5480311
5480383
5480491
5480539
5480599
5480611
5480779
5480899
5481067
5481103
5481499
5481583
5481727
5481799
5481907
5481967
5482291
5482447
5482627
5482663
5482699
5482843
5483251
5483983
5484019
5484067
5484139
5484163
5484307
5484343
5484379
5484487
5484631
5484763
5484847
5484859
5485111
5485351
5485399
5485603
5485651
5485819
5485867
5485903
5485939
5485999
5486011
5486119
5486203
5486419
5486479
5486683
5486731
5486911
5486947
5486983
5487019
5487043
5487091
5487247
5487259
5487343
5487451
5487487
5487511
5487631
5487667
5487763
5487799
5487883
5487919
5488027
5488159
5488243
5488267
5488303
5488339
5488387
5488423
5488459
5488591
5488783
5489287
5489311
5489383
5489683
5489959
5489983
5490391
5490451
5490571
5490787
5490967
5491219
5491231
5491303
5491483
5491579
5491723
5492059
5492371
5492407
5492527
5492731
5492779
5493127
5493211
5493283
5493307
5493391
5493511
5493811
5493823
5493931
5493967
5494003
5494063
5494219
5494243
5494387
5494483
5494507
5494579
5494639
5494711
5495179
5495227
5495263
5495299
5495323
5495719
5496031
5496223
5496451
5496787
5496919
5496943
5497027
5497231
5497267
5497279
5497291
5497351
5497519
5497711
5497771
5497879
5497927
5497963
5498047
5498131
5498179
5498431
5498491
5498527
5498707
5498827
5498851
5498887
5499019
5499103
5499127
5499283
5499367
5499547
5499979
5500003
5500471
5500507
5500543
5500567
5500879
5501059
5501299
5501371
5501443
5501467
5501707
5501731
5501827
5501959
5501971
5502127
5502463
5502559
5502583
5502811
5502859
5502919
5502967
5503039
5503063
5503123
5503207
5503507
5503567
5503723
5503783
5503999
5504371
5504407
5504431
5504503
5504647
5504743
5504791
5504839
5504899
5504959
5505343
5505391
5505883
5505919
5506099
5506159
5506387
5506471
5506771
5506807
5506843
5506951
5507023
5507107
5507239
5507503
5507539
5507659
5507791
5508103
5508319
5508511
5508571
5508583
5508787
5508871
5508931
5509039
5509051
5509087
5509219
5509327
5509759
5509939
5510047
5510083
5510119
5510347
5510371
5510383
5510563
5511019
5511271
5511307
5511739
5511763
5511811
5511907
5511967
5512231
5512399
5512459
5512579
5512687
5512999
5513143
5513191
5513239
5513323
5513359
5513371
5513419
5513539
5513551
5513611
5513731
5513863
5513947
5514007
5514079
5514343
5514367
5514391
5514403
5514667
5514979
5514991
5515039
5515099
5515207
5515243
5515579
5515603
5515819
5515927
5515963
5516107
5516167
5516179
5516647
5516899
5516983
5517139
5517151
5517307
5517319
5517643
5517679
5517751
5517823
5517871
5517931
5517943
5518111
5518159
5518399
5518543
5518627
5518687
5518951
5519083
5519119
5519191
5519263
5519299
5519659
5519887
5520271
5520751
5520763
5520859
5520967
5521003
5521099
5521111
5521363
5521603
5521783
5521819
5521891
5521927
5521963
5522071
5522119
5522191
5522299
5522347
5522443
5522527
5522563
5522827
5522911
5522947
5523223
5523559
5523631
5523799
5523883
5523943
5524027
5524087
5524159
5524483
5524639
5524747
5524759
5524843
5524891
5525059
5525071
5525131
5525203
5525239
5525467
5525479
5525491
5525671
5525803
5526043
5526127
5526331
5526439
5526583
5526607
5526643
5526691
5526799
5526823
5526931
5527003
5527099
5527147
5527243
5527339
5527399
5527447
5527531
5527591
5527663
5527987
5528023
5528167
5528227
5528407
5528431
5528527
5528623
5528707
5528779
5528851
5528863
5528923
5529091
5529283
5529319
5529367
5529451
5529463
5529523
5529571
5529787
5529883
5530243
5530351
5530363
5530867
5530891
5530939
5530963
5530999
5531107
5531359
5531623
5531719
5531887
5532067
5532091
5532223
5532271
5532403
5532427
5532487
5532643
5532691
5532727
5532739
5532847
5532979
5533063
5533207
5533303
5533447
5533543
5533663
5533963
5534059
5534107
5534131
5534167
5534311
5534323
5534359
5534383
5534527
5534611
5534671
5534863
5535007
5535139
5535151
5535223
5535367
5535463
5535511
5535547
5535559
5535619
5535787
5535967
5535991
5536387
5536471
5536483
5536579
5536627
5536639
5536903
5537011
5537083
5537443
5537551
5537611
5537743
5538103
5538199
5538283
5538451
5538487
5538523
5538667
5538679
5538703
5538919
5538931
5539063
5539123
5539363
5539531
5539579
5539903
5539927
5539999
5540179
5540251
5540287
5540611
5540659
5540683
5540767
5540803
5540839
5541079
5541127
5541583
5541607
5541631
5541799
5541979
5542027
5542387
5542423
5542447
5542531
5542723
5542783
5542819
5543107
5543623
5543719
5543779
5544079
5544139
5544163
5544223
5544283
5544547
5544607
5544619
5544859
5545087
5545123
5545339
5545411
5545447
5545759
5545831
5545843
5545987
5546083
5546419
5546479
5546491
5546599
5546623
5546911
5547007
5547019
5547211
5547247
5547499
5547511
5547583
5547631
5547847
5548027
5548159
5548351
5548423
5548531
5548603
5548651
5548759
5549119
5549263
5549587
5549659
5550019
5550151
5550187
5550439
5550463
5550547
5550583
5550763
5550871
5551099
5551159
5551279
5551339
5551423
5551459
5551783
5551831
5551879
5551951
5552023
5552419
5552539
5552611
5552779
5552947
5552971
5553103
5553307
5553319
5553391
5553547
5553727
5553799
5553967
5553979
5554039
5554183
5554663
5554867
5554951
5555023
5555047
5555083
5555191
5555323
5555527
5555611
5555983
5556079
5556211
5556259
5556319
5556367
5556391
5556427
5556559
5556643
5556703
5557171
5557579
5557627
5557723
5557819
5557987
5558143
5558323
5558359
5558407
5558467
5558551
5558647
5558863
5559007
5559079
5559451
5559523
5559703
5559739
5559811
5559847
5559979
5560123
5560171
5560231
5560267
5560279
5560351
5560447
5560567
5561419
5561443
5561599
5561719
5561779
5561863
5562091
5562283
5562439
5562499
5562559
5562643
5562871
5562883
5563183
5563231
5563387
5563651
5563699
5563771
5563843
5564047
5564059
5564347
5564527
5564563
5564851
5565019
5565127
5565139
5565163
5565211
5565247
5565319
5565607
5565643
5565667
5565979
5565991
5566003
5566111
5566291
5566339
5566387
5566399
5566423
5566543
5566567
5566747
5566879
5567071
5567119
5567251
5567539
5567647
5567803
5567899
5567911
5568151
5568271
5568331
5568439
5568487
5568547
5568559
5568811
5568847
5569063
5569087
5569279
5569411
5569567
5569771
5569783
5569807
5570083
5570107
5570311
5570431
5570503
5570707
5570827
5570959
5571031
5571067
5571151
5571187
5571211
5571283
5571763
5571931
5572027
5572123
5572159
5572363
5572471
5572507
5572519
5572687
5572759
5572771
5572939
5573011
5573527
5573587
5573599
5573767
5573839
5573947
5574187
5574307
5574343
5574427
5574523
5574559
5574631
5574643
5574883
5575111
5575147
5575387
5575399
5575543
5575639
5575723
5575747
5575771
5575783
5575819
5575891
5575903
5576047
5576107
5576359
5576407
5576551
5576647
5576839
5576911
5576983
5577079
5577379
5577619
5577679
5577727
5578087
5578123
5578387
5578987
5579071
5579419
5579527
5579923
5580019
5580079
5580247
5580259
5580727
5580907
5581447
5581591
5581651
5581759
5582023
5582299
5582407
5582527
5582623
5582803
5582839
5582947
5582959
5583031
5583139
5583199
5583211
5583427
5583451
5583499
5584039
5584099
5584207
5584339
5584471
5584507
5584567
5584723
5584939
5585071
5585179
5585287
5585347
5585443
5585623
5585647
5585683
5585863
5585959
5586043
5586151
5586283
5586307
5586439
5586583
5586739
5586751
5586871
5586883
5586943
5586967
5586991
5587171
5587279
5587411
5587423
5587447
5587531
5587567
5587723
5587891
5588131
5588179
5588239
5588467
5588491
5588683
5588743
5588923
5589007
5589187
5589223
5589907
5590051
5590111
5590183
5590303
5590339
5590363
5590987
5591059
5591407
5591503
5591587
5591611
5591779
5592127
5592247
5592283
5592319
5592343
5592487
5592667
5592823
5593171
5593183
5593243
5593351
5593363
5593759
5593891
5594191
5594263
5594443
5594467
5594623
5594791
5594803
5594899
5595223
5595307
5595487
5595631
5595691
5595763
5595847
5596351
5596471
5596483
5596639
5596819
5596999
5597023
5597407
5597467
5597563
5597959
5597971
5598067
5598163
5598379
5598727
5598739
5598823
5598907
5598979
5599147
5599219
5599459
5599483
5599591
5599651
5599663
5599687
5599723
5599807
5599831
5599939
5600047
5600083
5600107
5600131
5600359
5600407
5600443
5600587
5600659
5600671
5600743
5601139
5601163
5601307
5601451
5601499
5601511
5601643
5601703
5601859
5602039
5602099
5602111
5602183
5602291
5602327
5602507
5602543
5602567
5602579
5602747
5602783
5602819
5602939
5603023
5603083
5603131
5603203
5603503
5603551
5603599
5603623
5603779
5604007
5604199
5604523
5604631
5604727
5604979
5605099
5605423
5605459
5605711
5605771
5605891
5605927
5606047
5606179
5606347
5606863
5607031
5607379
5607403
5607439
5607571
5607583
5607619
5607751
5607859
5607871
5608039
5608123
5608327
5608483
5608579
5608699
5608879
5609203
5609407
5609491
5609719
5610043
5610139
5610211
5610463
5610499
5610571
5610607
5610823
5610967
5611351
5611399
5611603
5611663
5611759
5611831
5611867
5612179
5612287
5612539
5612587
5612731
5612911
5612947
5612983
5613499
5613547
5613583
5613667
5613691
5613739
5613799
5613943
5614087
5614159
5614339
5614351
5614447
5614459
5614579
5614831
5614891
5614927
5615011
5615047
5615107
5615131
5615167
5615347
5615479
5615563
5615587
5615683
5615791
5615851
5615947
5616019
5616211
5616283
5616367
5616427
5616643
5616883
5616907
5616967
5617291
5617627
5617699
5617831
5617867
5617879
5617903
5617987
5618203
5618311
5618383
5618479
5618491
5618671
5618707
5618839
5618911
5619247
5619391
5619451
5619667
5619703
5619739
5619787
5620003
5620039
5620327
5620543
5620627
5620891
5620963
5620987
5621383
5621443
5621467
5621479
5621827
5621899
5622451
5622559
5622583
5622691
5622847
5622871
5622943
5623099
5623279
5623627
5623771
5623843
5623951
5624071
5624251
5624287
5624527
5624611
5625031
5625187
5625331
5625427
5625439
5625727
5625811
5626039
5626051
5626339
5626399
5626591
5626807
5626879
5626939
5627047
5627191
5627467
5627551
5627599
5627803
5627983
5628247
5628283
5628319
5628331
5628379
5628451
5628499
5628703
5628967
5629003
5629207
5629279
5629387
5629651
5629867
5629951
5630167
5630467
5630539
5630659
5630671
5630719
5630767
5630827
5630839
5631187
5631259
5631271
5631583
5631763
5631943
5631979
5632027
5632267
5632279
5632327
5632387
5632519
5632567
5632603
5632639
5632807
5632819
5633059
5633107
5633311
5633587
5633623
5633923
5633959
5634019
5634283
5634511
5634751
5634823
5635051
5635183
5635219
5635291
5635519
5635807
5635843
5636047
5636131
5636383
5636419
5636671
5637019
5637067
5637127
5637271
5637367
5637427
5637631
5638051
5638183
5638219
5638327
5638351
5638363
5638603
5638639
5638651
5638663
5638939
5639287
5639467
5639479
5639587
5639611
5640043
5640079
5640163
5640343
5640367
5640403
5640619
5640871
5640883
5641159
5641291
5641303
5641459
5641711
5641819
5641843
5641939
5642059
5642239
5642251
5642311
5642359
5642599
5642743
5642803
5642851
5642863
5643091
5643103
5643307
5643331
5643427
5643571
5643607
5643667
5643787
5644087
5644207
5644267
5644363
5644399
5644687
5644699
5644711
5644927
5644939
5644987
5645011
5645047
5645119
5645191
5645407
5645491
5645623
5645671
5645779
5645851
5645947
5646019
5646127
5646391
5646451
5646763
5646919
5647039
5647471
5647507
5647639
5647651
5647843
5647963
5648023
5648047
5648239
5648347
5648659
5648683
5648767
5648791
5649187
5649307
5649367
5649451
5649487
5649499
5649547
5649619
5649739
5649883
5649907
5650027
5650063
5650231
5650279
5650303
5650591
5650747
5650927
5651011
5651059
5651299
5651431
5651539
5651707
5651731
5651743
5651851
5651887
5651923
5652067
5652103
5652271
5652511
5652799
5653183
5653411
5653759
5653807
5653819
5653867
5654083
5654203
5654263
5654287
5654479
5654731
5654743
5654839
5654911
5654947
5655019
5655163
5655283
5655379
5655511
5655523
5655571
5655739
5656003
5656111
5656171
5656423
5656759
5656999
5657251
5657299
5657359
5657503
5657551
5657623
5657731
5658043
5658139
5658187
5658223
5658307
5658403
5658559
5659099
5659183
5659447
5659567
5659627
5659783
5659987
5660203
5660359
5660503
5660731
5660899
5660923
5661067
5661247
5661367
5661823
5661907
5662039
5662051
5662087
5662123
5662471
5662663
5662843
5662903
5663011
5663131
5663263
5663347
5663407
5663491
5663803
5663887
5664031
5664091
5664151
5664271
5664499
5664511
5664931
5665027
5665039
5665183
5665351
5665399
5665447
5665459
5665579
5665783
5666191
5666251
5666347
5666407
5666467
5666527
5666539
5666623
5666767
5666971
5667199
5667379
5667523
5667547
5667631
5667691
5667703
5668027
5668063
5668339
5668387
5668447
5668483
5668591
5668627
5668639
5668687
5668699
5668771
5668903
5669023
5669203
5669539
5669791
5669827
5669863
5669971
5670031
5670103
5670439
5670451
5670547
5670619
5670787
5671111
5671147
5671411
5671807
5672011
5672131
5672239
5672311
5672551
5672599
5672671
5672707
5673043
5673319
5673739
5673883
5673907
5673991
5674507
5674759
5674783
5674819
5674927
5675071
5675083
5675107
5675119
5675287
5675359
5675407
5675491
5675539
5675731
5675827
5676127
5676403
5676523
5676787
5676919
5676943
5677003
5677279
5677327
5677339
5677363
5677423
5677603
5677663
5677699
5677843
5677963
5678143
5678191
5678419
5678779
5679031
5679319
5679391
5679511
5679571
5679847
5679943
5679967
5680111
5680231
5680483
5680891
5681167
5681191
5681623
5681707
5681743
5681803
5681911
5681947
5682031
5682223
5682379
5682451
5682631
5682643
5682667
5682931
5683003
5683063
5683087
5683291
5683351
5683387
5683651
5683687
5684011
5684131
5684311
5684383
5684431
5684479
5684863
5684947
5684983
5685343
5685403
5685451
5685487
5685523
5685619
5685739
5685763
5686063
5686099
5686159
5686411
5686507
5686519
5686531
5686591
5686711
5686783
5686843
5686999
5687239
5687419
5687431
5687599
5687791
5687827
5687887
5688043
5688259
5688499
5688511
5688607
5688667
5688679
5688871
5688919
5688979
5689039
5689111
5689183
5689507
5689843
5690023
5690071
5690203
5690371
5690383
5690527
5690599
5690623
5690851
5690911
5690983
5691043
5691139
5691151
5691211
5691487
5691667
5691919
5692051
5692171
5692279
5692327
5692363
5692471
5692963
5693047
5693263
5693299
5693431
5693539
5693563
5693647
5693659
5693683
5694019
5694163
5694259
5694427
5694727
5694763
5694919
5695171
5695279
5695411
5695483
5695531
5695639
5695747
5695783
5695819
5695903
5696107
5696239
5696347
5696491
5696503
5696671
5696707
5696791
5696923
5697247
5697331
5697343
5697451
5697463
5697931
5697943
5698039
5698051
5698159
5698183
5698219
5698267
5698339
5698579
5698831
5698843
5698939
5698951
5699191
5699203
5699227
5699311
5699371
5699479
5699731
5699839
5699851
5699899
5699983
5700007
5700091
5700283
5700307
5700367
5700391
5700631
5700679
5700823
5700859
5700883
5700991
5701207
5701291
5701459
5701567
5701639
5701651
5701807
5701831
5702227
5702287
5702479
5702503
5702539
5702623
5702947
5703091
5703151
5703199
5703307
5703559
5703631
5703739
5703811
5703991
5704087
5704339
5704591
5704603
5704627
5704747
5704819
5704891
5704999
5705071
5705527
5705599
5705671
5705839
5706079
5706319
5706331
5706391
5706583
5706619
5706907
5706931
5706979
5707027
5707183
5707231
5707459
5707591
5707759
5708083
5708167
5708203
5708383
5708539
5708779
5708839
5709019
5709091
5709103
5709523
5709667
5709679
5709751
5709811
5710039
5710207
5710219
5710363
5710387
5710531
5710819
5710927
5711323
5711467
5711551
5711623
5711899
5711911
5711971
5712151
5712367
5712583
5712631
5712703
5712919
5712943
5713159
5713171
5713327
5713447
5713459
5713531
5713663
5713723
5713843
5713891
5713963
5714311
5714347
5714491
5714503
5714647
5714671
5714851
5714959
5715187
5715211
5715343
5715379
5715403
5715547
5715583
5715643
5715727
5715763
5715823
5716147
5716303
5716591
5716639
5716699
5716771
5716987
5717059
5717227
5717251
5717563
5717599
5717623
5717707
5717851
5717947
5718379
5718523
5718703
5718847
5718991
5719099
5719183
5719243
5719279
5719291
5719603
5719687
5719963
5720107
5720371
5720431
5720479
5720731
5720839
5721151
5721271
5721523
5721631
5721691
5721943
5722243
5722267
5722279
5722291
5722303
5722603
5723119
5723131
5723383
5723539
5723659
5723779
5724139
5724151
5724211
5724283
5724319
5724331
5724679
5724727
5724799
5724931
5724967
5725339
5725471
5725519
5725627
5725807
5725843
5726023
5726143
5726191
5726683
5726767
5726779
5726803
5726887
5727031
5727103
5727199
5727427
5727523
5727571
5727583
5727751
5727907
5727991
5728027
5728147
5728279
5728543
5728651
5728867
5729083
5729263
5729767
5729863
5730007
5730031
5730331
5730379
5730451
5730619
5730631
5730763
5730811
5730871
5731123
5731207
5731279
5731339
5731423
5731519
5731591
5731639
5731951
5731963
5732131
5732239
5732323
5732347
5732407
5732479
5732527
5732599
5732647
5733031
5733103
5733367
5733499
5733523
5733643
5733691
5733751
5733823
5733943
5734051
5734087
5734243
5734471
5734591
5734699
5735263
5735623
5735923
5736067
5736091
5736307
5736487
5736571
5736823
5736859
5736979
5737027
5737063
5737351
5737363
5737399
5737471
5737579
5737783
5738251
5738263
5738587
5738611
5738683
5738827
5738947
5739091
5739127
5739451
5739583
5739739
5739907
5740099
5740159
5740303
5740387
5740519
5740663
5740687
5740699
5740879
5741227
5741311
5741383
5741419
5741611
5741707
5741887
5742007
5742103
5742211
5742259
5742367
5742439
5742643
5742679
5742727
5742799
5742811
5742859
5742871
5743051
5743147
5743207
5743219
5743411
5743471
5743483
5743627
5743831
5743879
5743987
5744131
5744311
5744371
5744467
5744587
5744659
5744803
5744983
5745307
5745379
5745403
5745463
5745559
5745631
5745679
5745931
5745967
5746603
5746639
5746903
5746927
5746963
5747083
5747107
5747143
5747179
5747227
5747323
5747407
5747551
5747611
5748007
5748187
5748199
5748403
5748451
5748619
5748763
5749027
5749351
5749411
5749531
5749771
5749819
5749879
5749987
5749999
5750203
5750359
5750443
5750707
5750791
5750911
5751043
5751223
5751259
5751463
5751643
5751727
5751799
5751871
5751943
5752099
5752111
5752147
5752303
5752339
5752363
5752387
5752699
5752711
5752939
5753119
5753131
5753299
5753479
5753551
5753563
5753659
5753731
5753743
5753767
5753851
5753983
5754031
5754103
5754247
5754379
5754451
5754607
5754811
5754979
5755219
5755459
5755531
5755567
5755951
5756011
5756083
5756119
5756203
5756227
5756263
5756287
5756623
5756743
5757079
5757127
5757223
5757259
5757331
5757379
5757403
5757523
5757559
5757811
5757907
5757943
5758099
5758243
5758279
5758411
5758447
5758639
5758771
5758867
5759359
5759491
5759647
5759779
5759839
5759851
5760103
5760427
5760619
5760679
5760691
5760907
5760967
5761003
5761027
5761219
5761447
5761507
5761687
5761867
5761879
5762287
5762299
5762347
5762611
5763019
5763319
5763343
5763931
5764027
5764063
5764111
5764351
5764387
5764459
5764471
5764531
5764567
5764579
5764687
5764783
5764903
5764963
5765083
5765143
5765323
5765407
5765503
5765611
5765623
5765647
5765779
5765863
5766379
5766703
5766727
5766799
5766919
5766991
5767087
5767171
5767207
5767303
5767339
5767423
5767483
5768383
5768599
5768671
5768731
5768779
5768803
5768863
5768887
5768911
5769367
5769403
5769499
5769691
5769823
5769943
5770003
5770183
5770267
5770291
5770399
5770411
5770459
5770543
5770579
5770759
5770879
5771167
5771287
5771299
5771323
5771587
5771707
5771851
5772139
5772187
5772199
5772307
5772391
5772499
5772631
5772643
5773003
5773063
5773279
5773363
5773423
5773543
5773687
5773819
5773879
5774047
5774143
5774179
5774287
5774299
5774323
5774539
5774551
5774767
5774911
5775271
5775439
5775499
5775739
5775799
5776027
5776123
5776207
5776279
5776387
5776483
5776783
5776963
5776987
5776999
5777323
5777491
5777743
5777887
5777971
5778043
5778151
5778319
5778391
5778763
5779183
5779231
5779387
5779447
5779663
5779687
5779723
5779843
5780347
5780419
5780443
5780491
5780587
5780611
5780623
5780779
5780923
5781091
5781271
5781319
5781571
5781691
5781847
5781859
5782219
5782279
5782291
5782519
5782603
5782663
5782759
5782891
5782951
5783023
5783047
5783119
5783251
5783551
5783983
5784019
5784223
5784343
5784439
5784871
5785051
5785207
5785411
5785711
5785783
5785807
5785891
5786359
5786503
5786527
5786551
5786899
5787079
5787151
5787247
5787319
5787427
5787511
5787631
5787739
5787763
5788147
5788771
5788987
5789059
5789191
5789227
5789263
5789479
5789551
5789587
5789599
5789659
5789743
5789779
5790271
5790427
5790439
5790451
5790487
5790667
5790703
5790739
5790847
5790979
5791171
5791207
5791531
5791567
5791759
5791927
5791963
5792023
5792107
5792179
5792263
5792323
5792407
5792671
5792827
5793019
5793091
5793163
5793223
5793439
5793451
5793511
5793523
5793871
5793883
5793919
5794027
5794099
5794123
5794231
5794267
5794279
5794483
5794507
5794627
5794843
5794891
5794951
5795059
5795107
5795887
5795971
5796487
5796859
5797111
5797159
5797327
5797339
5797507
5797543
5797903
5797951
5798203
5798227
5798311
5798371
5798503
5798623
5798803
5798839
5798959
5799019
5799259
5799307
5799487
5799571
5799679
5799811
5799931
5799991
5800279
5800579
5800591
5800603
5800687
5800831
5800867
5801011
5801071
5801311
5801347
5801407
5801503
5801683
5801863
5801899
5802283
5802331
5802499
5802547
5802583
5802703
5803027
5803087
5803207
5803267
5803351
5803387
5803411
5803459
5803543
5803639
5803747
5803879
5803891
5803939
5804023
5804059
5804203
5804311
5804431
5804707
5805259
5805343
5805391
5805439
5805511
5805691
5805907
5805967
5806123
5806159
5806387
5806687
5806747
5806987
5807071
5807119
5807167
5807227
5807239
5807299
5807479
5807671
5807719
5807887
5807959
5808007
5808211
5808247
5808379
5808499
5808571
5808631
5808931
5809387
5809399
5809567
5809651
5809723
5809747
5809891
5810011
5810323
5810359
5810587
5810611
5810647
5810731
5810863
5810983
5811007
5811307
5811811
5811907
5811931
5811979
5812063
5812087
5812231
5812243
5812363
5812711
5812843
5812927
5813023
5813131
5813191
5813251
5813263
5813323
5813347
5813419
5813527
5813611
5813827
5813887
5814043
5814079
5814583
5814619
5814643
5814727
5814751
5814967
5815027
5815039
5815219
5815231
5815291
5815519
5815543
5815627
5815651
5815687
5815723
5815867
5815951
5816047
5816191
5816407
5816467
5816491
5816563
5816599
5816731
5817199
5817283
5817319
5817379
5817967
5818279
5818399
5818411
5818543
5818651
5818723
5819071
5819467
5819503
5819647
5820187
5820667
5820847
5820883
5821063
5821171
5821243
5821423
5821447
5821567
5821591
5821639
5821951
5822239
5822371
5822419
5822599
5823067
5823247
5823547
5823859
5823871
5823967
5824003
5824111
5824327
5824363
5824471
5824639
5824723
5824831
5824843
5825059
5825311
5825527
5825563
5825671
5825767
5825803
5825947
5826127
5826259
5826391
5826451
5826679
5826739
5826811
5826967
5827099
5827279
5827531
5827639
5827711
5827831
5827867
5828287
5828299
5828371
5828479
5828803
5828863
5828983
5829199
5829223
5829403
5829559
5829583
5829727
5829847
5829883
5830039
5830051
5830087
5830483
5830639
5830819
5830879
5830963
5830987
5831239
5831251
5831611
5831671
5831779
5831863
5831887
5831899
5831923
5831971
5831983
5832007
5832403
5832439
5832499
5832523
5832679
5832763
5833411
5833591
5833759
5833819
5834011
5834119
5834299
5834371
5834407
5834503
5834599
5834623
5834659
5834947
5835043
5835103
5835139
5835211
5835787
5836087
5836291
5836351
5836459
5836543
5836723
5836771
5836903
5836927
5836939
5836951
5837191
5837263
5837287
5837803
5837899
5837947
5838223
5838379
5838439
5838451
5838631
5838691
5838727
5838751
5838907
5838919
5839363
5839387
5839531
5839543
5839567
5839579
5839627
5839711
5840251
5840287
5840539
5840599
5840671
5840683
5840719
5840743
5840899
5841067
5841223
5841463
5841751
5841799
5841907
5842051
5842159
5842231
5842267
5842327
5842399
5842723
5842867
5842987
5843023
5843347
5843491
5843647
5843671
5843683
5843707
5843731
5844103
5844211
5844331
5844463
5844679
5844859
5844931
5845039
5845627
5845783
5845891
5846047
5846083
5846107
5846263
5846359
5846443
5846683
5846791
5846983
5847019
5847043
5847199
5847271
5847403
5847463
5847487
5847511
5847679
5847703
5847979
5848159
5848303
5848699
5848723
5848747
5848951
5848963
5849023
5849203
5849323
5849491
5849647
5850319
5850583
5850679
5850787
5850979
5851123
5851459
5851471
5851507
5851543
5851627
5851759
5851831
5852023
5852167
5852263
5852347
5852479
5852527
5852659
5852827
5852887
5852923
5853307
5853343
5853583
5853607
5853643
5853751
5854087
5854207
5854423
5854867
5854999
5855023
5855107
5855407
5855539
5855587
5855623
5855719
5855851
5855911
5856079
5856091
5856187
5856379
5856547
5856691
5856919
5856931
5857099
5857279
5857303
5857459
5857519
5857531
5857783
5858131
5858311
5858539
5858563
5858599
5858647
5858791
5858911
5859367
5859439
5859547
5859643
5859691
5859751
5859787
5859967
5859991
5860039
5860363
5860507
5860579
5860627
5860651
5860807
5860867
5861203
5861347
5861371
5861407
5861623
5861707
5861767
5861851
5862187
5862211
5862559
5862667
5862679
5862691
5862847
5863027
5863111
5863531
5863567
5863651
5863939
5863987
5864071
5864203
5864263
5864431
5864731
5864791
5865019
5865259
5865403
5865439
5865487
5865703
5865919
5866423
5866519
5866591
5866699
5866711
5866759
5866807
5866867
5866891
5866951
5867179
5867311
5867347
5867467
5867647
5867707
5867731
5867791
5867971
5868103
5868223
5868307
5868619
5869111
5869159
5869363
5869399
5869579
5869627
5869663
5869951
5869987
5869999
5870023
5870167
5870299
5870311
5870407
5870419
5870659
5870779
5870923
5870959
5871163
5871211
5871343
5871403
5871451
5871559
5871571
5871631
5871823
5872003
5872147
5872459
5872507
5872543
5872579
5872627
5872687
5872879
5872891
5872903
5873011
5873107
5873227
5873359
5873587
5873611
5873719
5873767
5873899
5873971
5874007
5874139
5874151
5874199
5874331
5874403
5874751
5875003
5875063
5875159
5875171
5875291
5875531
5875627
5875663
5875939
5876023
5876131
5876179
5876383
5876683
5876743
5876911
5877031
5877187
5877211
5877367
5877439
5877499
5877511
5877871
5877967
5877979
5878051
5878123
5878219
5878399
5878507
5878591
5879011
5879539
5879623
5879659
5880031
5880103
5880163
5880271
5880619
5880631
5880727
5880739
5880751
5880811
5880883
5880967
5881111
5881219
5881339
5881423
5881459
5881639
5881747
5881783
5881807
5881831
5881999
5882179
5882203
5882347
5882407
5882431
5882479
5882587
5882623
5882743
5882827
5882971
5882983
5883091
5883151
5883271
5883379
5883403
5883487
5883847
5883919
5884027
5884051
5884171
5884639
5884807
5884819
5884951
5885203
5885239
5885323
5885359
5885647
5885743
5885911
5886007
5886259
5886451
5886487
5886499
5886547
5886787
5886799
5886871
5886943
5886967
5887003
5887039
5887051
5887183
5887327
5887507
5887543
5887591
5887807
5887867
5887879
5888167
5888227
5888263
5888287
5888383
5888887
5889139
5889211
5889319
5889451
5889619
5889703
5889739
5889787
5889811
5889991
5890111
5890207
5890303
5890459
5890471
5890543
5890747
5890987
5891047
5891359
5891371
5891419
5891443
5891467
5891803
5891839
5891863
5891971
5892043
5892199
5892331
5892379
5892547
5892619
5892739
5893231
5893519
5893807
5893879
5893891
5893963
5894107
5894131
5894143
5894167
5894179
5894323
5894347
5894431
5894671
5894683
5894839
5895079
5895151
5895283
5895367
5895403
5895427
5895499
5895607
5895679
5895943
5896003
5896123
5896183
5896507
5896699
5896711
5896771
5896843
5896927
5896951
5896987
5897107
5897119
5897599
5897707
5898163
5898283
5898859
5898931
5898967
5899099
5899183
5899279
5899363
5899507
5899567
5899639
5899651
5899759
5899807
5900263
5900299
5900407
5900467
5900707
5900863
5900911
5900959
5901031
5901163
5901187
5901223
5901403
5901487
5901667
5901739
5902063
5902411
5902447
5902783
5902807
5902987
5903251
5903311
5903431
5903503
5903899
5904439
5904463
5904499
5904511
5904907
5904931
5904979
5905027
5905099
5905483
5905507
5905771
5905831
5906011
5906083
5906311
5906323
5906371
5906539
5906743
5906779
5906851
5906959
5907163
5907199
5907259
5907427
5907631
5907703
5907739
5907883
5907943
5908207
5908327
5908351
5908459
5908471
5908711
5908783
5908807
5908927
5909179
5909587
5909767
5909887
5910127
5910523
5910547
5910559
5910703
5910811
5910907
5910967
5911123
5911267
5911579
5911663
5911747
5911819
5911987
5912239
5912251
5912827
5912899
5912983
5913031
5913067
5913223
5913367
5913463
5913499
5913571
5913643
5913727
5913763
5913823
5913979
5914063
5914123
5914159
5914267
5914411
5914627
5914879
5915047
5915083
5915359
5915443
5915551
5915683
5915731
5915803
5915839
5915851
5915911
5916307
5916367
5916763
5916919
5916931
5916991
5917039
5917231
5917459
5917543
5917567
5917627
5917687
5917771
5917783
5917963
5918083
5918191
5918299
5918371
5918863
5918947
5919091
5919139
5919271
5919559
5919631
5919691
5920099
5920207
5920219
5920279
5920351
5920423
5920711
5920891
5921119
5921131
5921431
5921599
5921683
5921791
5922019
5922031
5922067
5922187
5922223
5922619
5922751
5922859
5922979
5923051
5923471
5923699
5923711
5923783
5923999
5924011
5924119
5924203
5924263
5924383
5924587
5924707
5924767
5924983
5925043
5925211
5925343
5925427
5925463
5925499
5925643
5925823
5925847
5926147
5926171
5926399
5926567
5926639
5926891
5926903
5927143
5927263
5927371
5927443
5927503
5927539
5927587
5927707
5927731
5928187
5928199
5928271
5928331
5928343
5928451
5928523
5928907
5928919
5929207
5929579
5929591
5929639
5929663
5929723
5929951
5929999
5930143
5930179
5930203
5930347
5930539
5930707
5930719
5930791
5930887
5931043
5931223
5931319
5931559
5931763
5931799
5932027
5932111
5932159
5932231
5932243
5932447
5932723
5932867
5933131
5933167
5933203
5933407
5933539
5933623
5933779
5933887
5934091
5934127
5934163
5934199
5934211
5934307
5934427
5934571
5934823
5934967
5934991
5935003
5935339
5935399
5935471
5935603
5935639
5935759
5935879
5935927
5935987
5936143
5936191
5936251
5937223
5937271
5937439
5937559
5937667
5937739
5937931
5938063
5938087
5938123
5938159
5938459
5938711
5938771
5938783
5938843
5939071
5939107
5939179
5939431
5939491
5939503
5939743
5939767
5939863
5939959
5940007
5940043
5940211
5940223
5940619
5940763
5941003
5941087
5941147
5941171
5941207
5941399
5941651
5941951
5942023
5942047
5942107
5942227
5942239
5942347
5942623
5943031
5943139
5943439
5943559
5943607
5943919
5944243
5944291
5944579
5944711
5944723
5944819
5944867
5945311
5945839
5946007
5946019
5946043
5946067
5946163
5946511
5946607
5946691
5946979
5947027
5947099
5947159
5947243
5947327
5947351
5947411
5947423
5947519
5947783
5947999
5948143
5948347
5948431
5948563
5948791
5949043
5949067
5949079
5949211
5949247
5949259
5949283
5949319
5949331
5949751
5949763
5949919
5950003
5950027
5950183
5950279
5950579
5951203
5951263
5951551
5951599
5951767
5951839
5952007
5952283
5952307
5952379
5952487
5952631
5952763
5952811
5952823
5952847
5953039
5953183
5953267
5953351
5953399
5953459
5953567
5953603
5953939
5953963
5953999
5954071
5954191
5954407
5954479
5954587
5954623
5954647
5954731
5954803
5954827
5955031
5955043
5955211
5955307
5955331
5955403
5955487
5955583
5955883
5956207
5956351
5956591
5956627
5956663
5956771
5956843
5957059
5957071
5957143
5957167
5957527
5957671
5957839
5957899
5957971
5958067
5958163
5958247
5958367
5958499
5958583
5958643
5958691
5958751
5958763
5958871
5959039
5959087
5959111
5959147
5959399
5959423
5959543
5959663
5959687
5959831
5959867
5960347
5960443
5960527
5960599
5960671
5960707
5960719
5960767
5960803
5961127
5961223
5961283
5961379
5961427
5961499
5961511
5961751
5961859
5961919
5961931
5962027
5962063
5962123
5962171
5962183
5962387
5962399
5962459
5962711
5962771
5962783
5962867
5963011
5963047
5963227
5963479
5963791
5963827
5963899
5963911
5964163
5964223
5964523
5964559
5964631
5964883
5964919
5964979
5965123
5965171
5965279
5965507
5965723
5965783
5965807
5965819
5966011
5966383
5966419
5966491
5966503
5966563
5966599
5966887
5966923
5966971
5967043
5967439
5967667
5967931
5967991
5968051
5968231
5968267
5968723
5968759
5968783
5968843
5968939
5968987
5969239
5969263
5969407
5969479
5969659
5969779
5969827
5969959
5970067
5970487
5970703
5970787
5970919
5970967
5971027
5971243
5971279
5971447
5971639
5971759
5971939
5972107
5972383
5972647
5972719
5972767
5972803
5972851
5972959
5973139
5973151
5973223
5973343
5973367
5973403
5973439
5973763
5973943
5973991
5974039
5974387
5974447
5974459
5974543
5974627
5974711
5974747
5974999
5975023
5975071
5975287
5975503
5975527
5975659
5975887
5976031
5976079
5976319
5976331
5976403
5976463
5976679
5976787
5977051
5977159
5977339
5977603
5977627
5977651
5977663
5977687
5977843
5978059
5978143
5978311
5978563
5978659
5978683
5978887
5979067
5979283
5979331
5979703
5979811
5979823
5979859
5980099
5980279
5980363
5980531
5980747
5981179
5981323
5981491
5981539
5981659
5981719
5981947
5982007
5982523
5982607
5982763
5982883
5982943
5983027
5983183
5983231
5983267
5983339
5983399
5983447
5983699
5983807
5983927
5984131
5984203
5984299
5984599
5984851
5984947
5984959
5984971
5985103
5985151
5985583
5985943
5986039
5986111
5986147
5986207
5986231
5986291
5986303
5986339
5986447
5986471
5986483
5986579
5986663
5986759
5986867
5986879
5986951
5986987
5987083
5987167
5987227
5987239
5987263
5987419
5987551
5987731
5987803
5987911
5987959
5988019
5988139
5988163
5988271
5988319
5988379
5988511
5988571
5988679
5988883
5988967
5989171
5989183
5989327
5989639
5989903
5989939
5989999
5990119
5990191
5990203
5990251
5990371
5990563
5990731
5990863
5990911
5991343
5991367
5991883
5991907
5991943
5991991
5992267
5992291
5992303
5992411
5992603
5992639
5992747
5992783
5993023
5993059
5993167
5993431
5993599
5993671
5993719
5993791
5994151
5994187
5994403
5994511
5994679
5994871
5995219
5995399
5995411
5995651
5995699
5995867
5996083
5996131
5996167
5996527
5996587
5996719
5996779
5996899
5996911
5997031
5997091
5997163
5997307
5997487
5997631
5997679
5997967
5998039
5998171
5998303
5998339
5998351
5998387
5998459
5998567
5998579
5998639
5998651
5998687
5998723
5999083
5999107
5999479
5999563
5999731
5999863
5999911
5999947
6000199
6000271
6000283
6000403
6001063
6001147
6001339
6001351
6001483
6001531
6001819
6002179
6002239
6002383
6002431
6002467
6002539
6002599
6002707
6003007
6003079
6003211
6003223
6003379
6003643
6003727
6003859
6003871
6003883
6003931
6003967
6004087
6004231
6004543
6004567
6004651
6004759
6004879
6004903
6004951
6005011
6005383
6005443
6005887
6005899
6005911
6006067
6006163
6006379
6006391
6006523
6006547
6006631
6006667
6006859
6006883
6007003
6007051
6007387
6007471
6007483
6007567
6007711
6007723
6007867
6007891
6007927
6008059
6008143
6008227
6008251
6008491
6008707
6008719
6008791
6008983
6009127
6009343
6009439
6009727
6009811
6009919
6010051
6010159
6010171
6010351
6010483
6010591
6010663
6010759
6010891
6011143
6011359
6011491
6011539
6011647
6011779
6011851
6012043
6012103
6012211
6012319
6012439
6012547
6012619
6012763
6012847
6012859
6013303
6013531
6013591
6013627
6013723
6013867
6013951
6014011
6014083
6014119
6014347
6014419
6014563
6015091
6015199
6015319
6015523
6015703
6015931
6015967
6016039
6016063
6016111
6016303
6016687
6016831
6016999
6017071
6017107
6017647
6017731
6017827
6017863
6017971
6018223
6018367
6018427
6018487
6018703
6018823
6018919
6018967
6019063
6019267
6019483
6019603
6019639
6019771
6019891
6020059
6020143
6020251
6020491
6021007
6021079
6021139
6021187
6021403
6021511
6021571
6021583
6021751
6021823
6021943
6022087
6022123
6022447
6022483
6022507
6022519
6022579
6022603
6022699
6022771
6023203
6023299
6023371
6023599
6023707
6023767
6023791
6023911
6023923
6024679
6024703
6025171
6025291
6025363
6025423
6025507
6025711
6025759
6025771
6026071
6026107
6026179
6026191
6026203
6026263
6026323
6026611
6026827
6026899
6026947
6027079
6027187
6027223
6027487
6027523
6027667
6027727
6027739
6028123
6028279
6028303
6028327
6028423
6028483
6028639
6028651
6028747
6029299
6029431
6029467
6029563
6029671
6029719
6029791
6029923
6030043
6030103
6030247
6030679
6030691
6030727
6030751
6030799
6030823
6030859
6031063
6031183
6031327
6031339
6031411
6031471
6031591
6031723
6031843
6031891
6032167
6032491
6032959
6033091
6033103
6033211
6033319
6033403
6033451
6033619
6033787
6033823
6033883
6033931
6034207
6034459
6034687
6034867
6034939
6035143
6035191
6035251
6035431
6035539
6035611
6035719
6035839
6035971
6036067
6036187
6036271
6036367
6036559
6036739
6036907
6036967
6037051
6037387
6037699
6037711
6037723
6037747
6037987
6038059
6038203
6038287
6038311
6038359
6038407
6038563
6038863
6039067
6039211
6039247
6039487
6039727
6039871
6040147
6040231
6040663
6040687
6040759
6040807
6040843
6041383
6041419
6041551
6041731
6041911
6041983
6042163
6042319
6042451
6042499
6042523
6042559
6042571
6043111
6043123
6043243
6043351
6043363
6043459
6043603
6043903
6044047
6044107
6044251
6044359
6045019
6045043
6045223
6045547
6045631
6045811
6045883
6046063
6046087
6046231
6046267
6046591
6046603
6046759
6046771
6046783
6046987
6047071
6047143
6047611
6047707
6047791
6047959
6048067
6048187
6048247
6048439
6048619
6048727
6048919
6048979
6049327
6049411
6049423
6049507
6049639
6049819
6049843
6050059
6050491
6050563
6050599
6050719
6050731
6050839
6050959
6051103
6051211
6051247
6051271
6051307
6051499
6051607
6051631
6051679
6051739
6051763
6051883
6052003
6052147
6052327
6052351
6052399
6052567
6052687
6052831
6052903
6052927
6053011
6053143
6053227
6053263
6053287
6053323
6053407
6053911
6054079
6054247
6054487
6054583
6054619
6054739
6055207
6055591
6055603
6055627
6055711
6055771
6055843
6055891
6056023
6056059
6056203
6056251
6056287
6056431
6056443
6056707
6056767
6057187
6057199
6057379
6057391
6057427
6057511
6057619
6057643
6057787
6058123
6058147
6058183
6058219
6058519
6058543
6058603
6058807
6059023
6059047
6059059
6059239
6059407
6059467
6059491
6059563
6059623
6059659
6059839
6059959
6060319
6060667
6060751
6061039
6061183
6061243
6061267
6061459
6061507
6061579
6061687
6061723
6062263
6062443
6062467
6062503
6062839
6062971
6062983
6063091
6063163
6063199
6063439
6063619
6063667
6063703
6063943
6063979
6064027
6064099
6064159
6064231
6064447
6064459
6064483
6064543
6064627
6064783
6065071
6065167
6065203
6065239
6065707
6066007
6066031
6066079
6066259
6066679
6066967
6067111
6067123
6067231
6067543
6067651
6067807
6067843
6067891
6067903
6068443
6068479
6068551
6068599
6068827
6069139
6069163
6069247
6069331
6069487
6069643
6069823
6070027
6070279
6070387
6070507
6070543
6070579
6070651
6070723
6070759
6070879
6070927
6071047
6071251
6071311
6071323
6071371
6071407
6071419
6071479
6071503
6071551
6071671
6071803
6071911
6072091
6072151
6072511
6072907
6073159
6073531
6073567
6073603
6073663
6073843
6073891
6073927
6074011
6074239
6074251
6074347
6074527
6074539
6074611
6074707
6074779
6074923
6074983
6075031
6075187
6075211
6075331
6075367
6075607
6075679
6075799
6075931
6076003
6076099
6076183
6076267
6076303
6076519
6076579
6076591
6076627
6077119
6077167
6077191
6077299
6077311
6077947
6077983
6078103
6078151
6078427
6078547
6078679
6078823
6079147
6079219
6079243
6079303
6079459
6079651
6079783
6079819
6079903
6079939
6079963
6080131
6080287
6080443
6080623
6080911
6081043
6081091
6081139
6081259
6081331
6081343
6081403
6081451
6081583
6081679
6081739
6081763
6081799
6081811
6081871
6082099
6082123
6082339
6082639
6082711
6082819
6082891
6083071
6083299
6083383
6083443
6083599
6083611
6083647
6083839
6083899
6084007
6084163
6084319
6084367
6084571
6084619
6084643
6084787
6084919
6084943
6085159
6085171
6085327
6085591
6085627
6085663
6085699
6085987
6086011
6086131
6086299
6086383
6086599
6086623
6086851
6086947
6087031
6087127
6087223
6087247
6087283
6087307
6087643
6087667
6087859
6087931
6088039
6088063
6088099
6088207
6088219
6088351
6088483
6088543
6088807
6088867
6088939
6089023
6089047
6089107
6089287
6089371
6089431
6089539
6089731
6089767
6089911
6090523
6090559
6090691
6090739
6091207
6091243
6091387
6091447
6091483
6091639
6091747
6091819
6091843
6092143
6092287
6092491
6092503
6092599
6092791
6092959
6093187
6093211
6093223
6093499
6093511
6093931
6093991
6094183
6094411
6094807
6094867
6094903
6095119
6095227
6095263
6095407
6095587
6095647
6095671
6095731
6095959
6096199
6096247
6096619
6096703
6096751
6096859
6097171
6097183
6097207
6097243
6097363
6097579
6097699
6097759
6097867
6098011
6098047
6098263
6098371
6098539
6098623
6098779
6098899
6099091
6099307
6099319
6099547
6099559
6099631
6099871
6099979
6100027
6100051
6100123
6100207
6100351
6100483
6100519
6100579
6100771
6100879
6101167
6101311
6101443
6101671
6101791
6101959
6102007
6102043
6102139
6102247
6102511
6102571
6102619
6102763
6102787
6102823
6102931
6103171
6103327
6103687
6103759
6103771
6103819
6103831
6103939
6103987
6104023
6104047
6104143
6104347
6104563
6104767
6104851
6105079
6105163
6105247
6105823
6105919
6106003
6106207
6106279
6106351
6106423
6106459
6106531
6106747
6107011
6107083
6107119
6107287
6107359
6107587
6107623
6107767
6107971
6108019
6108079
6108439
6108499
6108607
6108691
6108787
6109087
6109183
6109219
6109231
6109423
6109567
6109639
6109711
6109723
6109819
6109867
6109891
6110011
6110179
6110311
6110347
6110443
6110551
6110683
6110719
6110827
6110971
6110983
6111139
6111439
6111463
6111499
6111607
6111643
6111727
6111943
6111979
6112003
6112147
6112339
6112723
6113011
6113299
6113407
6113491
6113671
6113743
6113923
6114019
6114379
6114391
6114607
6114739
6114763
6114907
6115063
6115099
6115147
6115363
6115387
6115423
6115507
6115531
6115579
6115639
6115783
6115807
6115819
6116323
6116371
6116443
6116623
6116647
6116683
6117079
6117151
6117403
6117667
6117883
6118339
6118423
6118591
6118699
6118711
6118747
6118891
6118927
6118999
6119011
6119107
6119131
6119143
6119599
6119611
6119647
6119671
6119719
6119731
6119887
6119959
6120007
6120151
6120259
6120427
6120727
6120787
6120823
6120859
6120883
6121099
6121231
6121579
6121627
6121651
6121807
6121879
6121939
6122059
6122107
6122167
6122287
6122323
6122419
6122659
6122671
6122707
6122803
6122947
6122983
6123067
6123127
6123163
6123427
6123499
6123571
6123739
6123967
6124207
6124219
6124291
6125143
6125191
6125227
6125323
6125443
6125947
6126019
6126091
6126187
6126271
6126691
6126751
6127159
6127423
6127567
6127603
6128107
6128467
6128491
6128539
6128611
6128779
6128851
6129043
6129187
6129439
6129583
6129667
6130543
6130699
6130807
6130951
6131131
6131527
6131551
6131887
6132271
6132523
6132751
6132799
6132871
6132967
6133207
6133279
6133291
6133579
6133891
6133927
6134071
6134083
6134143
6134551
6134659
6134839
6134911
6134923
6134983
6135163
6135331
6135343
6135463
6135523
6135919
6135931
6136087
6136219
6136243
6136519
6136651
6136807
6136927
6137059
6137179
6137491
6137563
6137587
6137827
6137959
6138211
6138331
6138367
6138427
6138439
6138571
6138871
6139027
6139051
6139123
6139663
6139687
6139699
6139723
6139807
6139951
6140023
6140107
6140191
6140227
6140419
6140707
6140803
6140851
6140923
6140947
6141463
6141559
6141763
6141859
6142243
6142327
6142351
6142363
6142387
6142603
6142651
6142687
6142783
6142819
6142951
6143227
6143287
6143407
6143587
6143791
6143827
6144007
6144043
6144079
6144091
6144223
6144403
6144487
6144583
6144763
6144799
6144907
6144967
6145159
6145231
6145387
6145411
6145879
6145927
6146059
6146071
6146167
6146191
6146467
6146743
6146923
6146971
6147139
6147223
6147607
6147751
6147979
6148123
6148147
6148411
6148531
6148579
6148627
6148651
6148759
6148999
6149023
6149047
6149083
6149167
6149263
6149383
6149443
6149551
6149599
6149623
6149683
6149779
6149851
6149887
6149911
6150127
6150163
6150211
6150271
6150283
6150343
6150559
6150811
6150847
6150883
6150919
6151027
6151039
6151063
6151183
6151291
6151531
6151543
6151771
6151819
6151867
6151903
6151939
6152071
6152131
6152191
6152227
6152407
6152467
6152479
6152719
6152791
6152803
6152899
6152947
6153019
6153163
6153187
6153271
6153331
6153451
6153799
6153871
6154171
6154567
6154579
6154591
6154627
6154711
6154723
6154807
6154843
6154927
6155311
6155599
6155767
6155971
6156103
6156187
6156331
6156487
6156823
6157147
6157183
6157219
6157303
6157363
6157447
6157663
6157939
6158083
6158167
6158263
6158311
6158563
6158767
6158923
6159451
6159487
6159787
6159991
6160003
6160027
6160039
6160111
6160423
6160447
6160507
6160591
6160639
6160747
6160771
6160831
6160867
6161107
6161179
6161479
6162043
6162127
6162199
6162223
6162379
6162439
6162487
6162511
6162547
6162943
6163279
6163351
6163387
6163411
6163567
6163579
6163783
6163819
6163879
6164383
6164419
6164503
6164611
6164647
6164779
6164827
6164839
6164887
6165031
6165283
6165307
6165391
6165499
6165583
6165739
6165763
6165979
6166099
6166123
6166159
6166219
6166327
6166339
6166483
6166519
6166987
6167023
6167167
6167347
6167383
6167407
6167443
6167659
6167779
6167839
6167971
6168091
6168223
6168247
6168523
6168607
6168667
6168931
6169039
6169063
6169327
6169399
6169531
6169591
6169711
6170119
6170251
6170407
6170431
6170503
6170719
6170911
6171091
6171271
6171331
6171703
6171727
6172051
6172063
6172123
6172147
6172267
6172291
6172519
6172603
6172711
6172879
6172927
6172987
6173071
6173239
6173359
6173527
6173539
6173551
6173647
6173863
6173887
6174139
6174151
6174331
6174391
6174439
6174463
6174583
6175123
6175219
6175303
6175423
6175483
6175903
6175951
6175987
6176011
6176059
6176239
6176407
6176419
6176551
6176587
6176671
6176707
6176803
6176839
6177499
6177559
6177643
6177739
6177967
6178243
6178399
6178567
6178639
6178723
6178747
6178831
6178891
6179083
6179227
6179539
6179683
6179791
6180007
6180019
6180127
6180199
6180259
6180271
6180379
6180667
6180847
6180907
6180919
6181027
6181423
6181531
6181579
6181639
6181699
6181831
6182347
6182647
6182767
6183007
6183103
6183127
6183391
6183571
6183691
6183823
6183871
6183979
6184111
6184147
6184219
6184267
6184327
6184483
6184939
6185191
6185299
6185359
6185419
6185527
6185611
6186151
6186163
6186463
6186667
6186679
6186811
6187003
6187219
6187231
6187327
6187459
6187639
6187663
6187747
6187891
6187963
6188011
6188059
6188071
6188359
6188407
6188647
6188683
6188839
6188983
6189067
6189199
6189223
6189247
6189607
6189727
6190003
6190123
6190267
6190351
6190411
6190423
6190747
6190843
6190963
6191323
6191443
6191491
6191611
6191743
6192031
6192187
6192331
6192523
6192619
6192799
6192871
6193051
6193339
6193507
6193651
6193687
6193771
6194191
6194299
6194347
6194479
6194563
6194599
6194743
6194911
6194983
6195019
6195031
6195103
6195283
6195619
6195823
6196027
6196243
6196327
6196471
6196747
6196783
6196819
6196999
6197011
6197047
6197227
6197431
6197647
6197731
6197899
6198187
6198307
6198463
6198559
6198691
6199099
6199231
6199639
6199663
6199771
6199819
6199891
6199927
6199987
6200071
6200167
6200191
6200239
6200347
6200791
6200923
6201043
6201067
6201103
6201439
6201499
6201571
6201799
6201823
6201907
6202159
6202291
6202411
6202699
6202771
6202831
6202891
6203023
6203047
6203059
6203203
6203371
6203479
6203563
6203779
6203803
6203863
6203887
6203959
6203983
6204019
6204103
6204151
6204379
6204391
6204703
6204967
6205279
6205291
6205327
6205351
6205543
6205651
6205711
6205747
6205819
6205879
6205891
6206191
6206371
6206503
6206839
6206923
6206983
6207043
6207163
6207199
6207259
6207403
6207727
6207931
6208087
6208159
6208243
6208303
6208351
6208627
6208663
6208771
6208819
6209023
6209179
6209239
6209383
6209419
6209431
6209443
6209503
6209647
6209719
6209923
6209971
6210067
6210223
6210247
6210319
6210499
6210643
6210979
6211039
6211291
6211507
6211831
6211939
6211963
6212383
6212491
6212551
6212587
6212671
6212839
6212851
6212923
6213043
6213091
6213127
6213307
6213343
6213391
6213523
6213679
6213751
6213787
6214171
6214339
6214363
6214399
6214447
6214471
6214543
6214687
6215551
6215623
6215719
6215959
6215971
6216139
6216823
6216943
6216979
6217027
6217051
6217279
6217747
6217879
6217927
6217963
6218059
6218083
6218143
6218323
6218431
6218599
6218683
6218827
6219139
6219319
6219547
6219583
6219643
6219847
6220411
6220447
6220519
6220579
6220723
6220831
6221023
6221191
6221203
6221239
6221263
6221311
6222163
6222319
6222343
6222451
6222499
6222523
6222679
6222883
6222967
6223099
6223111
6223351
6223387
6223471
6223531
6223579
6223627
6223687
6223747
6223783
6223939
6223999
6224011
6224107
6224263
6224287
6224359
6224671
6224683
6224791
6224971
6224983
6225379
6225487
6225619
6225763
6225871
6225979
6226159
6226279
6226303
6226603
6226663
6226747
6226807
6227107
6227527
6227563
6227671
6227707
6227743
6227971
6228007
6228031
6228223
6228499
6228907
6229183
6229231
6229303
6229471
6229591
6229723
6229843
6230131
6230167
6230311
6230443
6230599
6230863
6230947
6230971
6231523
6231703
6231859
6232099
6232279
6232351
6232363
6232531
6232543
6232867
6232927
6232939
6233047
6233191
6233239
6233683
6233803
6233971
6234031
6234079
6234259
6234331
6234343
6234367
6234511
6234619
6234859
6234883
6235027
6235051
6235399
6235483
6235531
6235627
6235699
6235771
6235843
6236203
6236323
6236647
6236707
6236743
6236899
6236911
6237211
6237223
6237331
6237547
6237667
6237787
6238039
6238051
6238087
6238147
6238291
6238411
6238579
6238591
6238651
6238723
6238951
6238987
6239227
6239419
6239599
6239683
6239839
6240007
6240019
6240103
6240211
6240319
6240463
6240499
6240631
6240811
6240823
6240847
6240991
6241387
6241399
6241603
6241723
6241783
6241831
6241987
6242143
6242263
6242503
6242527
6242839
6243043
6243079
6243163
6243187
6243247
6243379
6243487
6243667
6243691
6243703
6243907
6244171
6244207
6244351
6244519
6244531
6244603
6244699
6244747
6244867
6244879
6244951
6245023
6245203
6245251
6245311
6245587
6245599
6245887
6245959
6246043
6246187
6246319
6246403
6246439
6246787
6246859
6246907
6246931
6246943
6246967
6247231
6247519
6247543
6247831
6247987
6248023
6248059
6248119
6248167
6248191
6248563
6248731
6248743
6248839
6248959
6249127
6249379
6249391
6249667
6249679
6249751
6249883
6250039
6250099
6250147
6250171
6250207
6250423
6250507
6250711
6250723
6250759
6250999
6251071
6251263
6251431
6251587
6251659
6251683
6251731
6251911
6252031
6252079
6252091
6252151
6252163
6252247
6252427
6252451
6252559
6253063
6253123
6253243
6253339
6253411
6253483
6253519
6253591
6253699
6253711
6253927
6254107
6254179
6254203
6254359
6254407
6254491
6254503
6254527
6254707
6255259
6255547
6255607
6255751
6255943
6256087
6256639
6256651
6256771
6256951
6257203
6257227
6257299
6257347
6257371
6257491
6257527
6257539
6257611
6257767
6257947
6258067
6258127
6258247
6258271
6258367
6258631
6258859
6258919
6259003
6259039
6259063
6259219
6259291
6259471
6259579
6259651
6259783
6259831
6259867
6260083
6260179
6260251
6260323
6260467
6260479
6260599
6260767
6260803
6260827
6260911
6261799
6261823
6261919
6262411
6262519
6263071
6263359
6263371
6263527
6263539
6263563
6263671
6263683
6263707
6263779
6263839
6264043
6264079
6264331
6264499
6264523
6264571
6264751
6264859
6265123
6265507
6265723
6265951
6266011
6266167
6266191
6266203
6266479
6266527
6266587
6266731
6266779
6267139
6267367
6267643
6267787
6267823
6267907
6268063
6268099
6268111
6268387
6268459
6268711
6268723
6268747
6268891
6268939
6269047
6269083
6269119
6269251
6269479
6269491
6269503
6269551
6269611
6269647
6269827
6269899
6269911
6270163
6270631
6270727
6270799
6270967
6271123
6271219
6271327
6271711
6271807
6271891
6271987
6272107
6272359
6272419
6272503
6272551
6272611
6272863
6272887
6273031
6273139
6273199
6273247
6273307
6273331
6273427
6273559
6273643
6273691
6273763
6273847
6274111
6274231
6274291
6274663
6274687
6274783
6274831
6274843
6275083
6275167
6275371
6275407
6275587
6275707
6275743
6275827
6275887
6276163
6276271
6276343
6276463
6276607
6276931
6277027
6277171
6277291
6277507
6277567
6277603
6277867
6277939
6278143
6278179
6278479
6278827
6279043
6279067
6279127
6279151
6279439
6279451
6279859
6279907
6279991
6280207
6280303
6280663
6280699
6280927
6281071
6281479
6281683
6281707
6281791
6281923
6282043
6282139
6282259
6282271
6282391
6282547
6282607
6282931
6282967
6283051
6283159
6283219
6283363
6283399
6283663
6283687
6283831
6283843
6283987
6284011
6284347
6284479
6284527
6284587
6284731
6284743
6285031
6285247
6285271
6285607
6285883
6286051
6286219
6286327
6286351
6286531
6286711
6286759
6286783
6286867
6286927
6287107
6287179
6287191
6287371
6287431
6287551
6287587
6287599
6287647
6287731
6287767
6287887
6287959
6288103
6288199
6288379
6288559
6288727
6288811
6288907
6288979
6289123
6289411
6289531
6289579
6289663
6289783
6289939
6289999
6290143
6290359
6290467
6290611
6290743
6290887
6290899
6290959
6290971
6291079
6291211
6291331
6291403
6291511
6291619
6291991
6292051
6292063
6292267
6292339
6292471
6292483
6292519
6292543
6292831
6293011
6293059
6293251
6293299
6293311
6293479
6293767
6294031
6294307
6294391
6294451
6294487
6294991
6295063
6295207
6295231
6295279
6295507
6295579
6295651
6295687
6295903
6295963
6295999
6296107
6296119
6296371
6296419
6296431
6296827
6296947
6297043
6297367
6297547
6297583
6297679
6297763
6298003
6298231
6298267
6298351
6298387
6298627
6298651
6298807
6299071
6299131
6299143
6299383
6299611
6299719
6299791
6299899
6300103
6300499
6300559
6300607
6300823
6301051
6301147
6301159
6301327
6301363
6301759
6301891
6302047
6302059
6302311
6302347
6302419
6302587
6302671
6302719
6302731
6303139
6303163
6303211
6303487
6303523
6303607
6303667
6303883
6303919
6303967
6304003
6304159
6304483
6304651
6304867
6304927
6304951
6304999
6305071
6305107
6305407
6305443
6305479
6305647
6305659
6305707
6305983
6306187
6306199
6306343
6306511
6306571
6306667
6306739
6306943
6307099
6307219
6307303
6307387
6307531
6307771
6307783
6308287
6308347
6308527
6308719
6308851
6308959
6308971
6309439
6309547
6309619
6309631
6309679
6309727
6309763
6309871
6309931
6310039
6310327
6310363
6310543
6310627
6310687
6310771
6310807
6310939
6310963
6311023
6311191
6311203
6311311
6311323
6311479
6311563
6311659
6311707
6311779
6311923
6311983
6312139
6312283
6312379
6312547
6312583
6312739
6312751
6312847
6312931
6313147
6313183
6313399
6313459
6313507
6313639
6313711
6313831
6314263
6314299
6314611
6314647
6314899
6314911
6314983
6315091
6315151
6315223
6315259
6315403
6315451
6315511
6315559
6315691
6315919
6315943
6316147
6316339
6316351
6316627
6316663
6317119
6317371
6317383
6317503
6317527
6317611
6317683
6317719
6317743
6317887
6318007
6318139
6318211
6318283
6318331
6318391
6318427
6318439
6318511
6318751
6318931
6318967
6319003
6319111
6319219
6319363
6319591
6319603
6319927
6320023
6320131
6320263
6320563
6320623
6320731
6320779
6320911
6320947
6320959
6321163
6321643
6321703
6321751
6321823
6321871
6321883
6322387
6322411
6322639
6322831
6322867
6322879
6323179
6323299
6323431
6323467
6323587
6323719
6323767
6323791
6323839
6324079
6324091
6324223
6324259
6324547
6324679
6324919
6325087
6325243
6325303
6325339
6325447
6325699
6325771
6325783
6325807
6325987
6325999
6326167
6326527
6326599
6326707
6326779
6326923
6327163
6327787
6327907
6327943
6328171
6328291
6328327
6328363
6328627
6328687
6328759
6328831
6328939
6329023
6329119
6329203
6329227
6329311
6329671
6329683
6329707
6329731
6329887
6330067
6330139
6330283
6330343
6330391
6330559
6330619
6330703
6331147
6331183
6331207
6331291
6331399
6331543
6331603
6331783
6331903
6332047
6332119
6332299
6332503
6332539
6332563
6332803
6332863
6332899
6332923
6333043
6333079
6333307
6333451
6333559
6333727
6334051
6334231
6334291
6334639
6334663
6334747
6334891
6335071
6335239
6335431
6335599
6335899
6336079
6336259
6336271
6336283
6336439
6336643
6336727
6336763
6336907
6336943
6337183
6337231
6337267
6337543
6337579
6337663
6337699
6337879
6337987
6338011
6338119
6338131
6338203
6338239
6338287
6338551
6338707
6338719
6339391
6339451
6339511
6339679
6339703
6339811
6339847
6340039
6340063
6340219
6340423
6340567
6340891
6340903
6341107
6341263
6341311
6341443
6341479
6341539
6341551
6341563
6341659
6341827
6341971
6342163
6342307
6342379
6342487
6342667
6342691
6342883
6342907
6343279
6343339
6343387
6343459
6343591
6343639
6343723
6343819
6343927
6344467
6344599
6344647
6344827
6345067
6345139
6345187
6345307
6345763
6346003
6346111
6346303
6346339
6346651
6347023
6347059
6347623
6347707
6347947
6347959
6347983
6348271
6348283
6348343
6348439
6348523
6348703
6348739
6348751
6348787
6348847
6349003
6349531
6350011
6350083
6350107
6350143
6350191
6350263
6350431
6350647
6350719
6350923
6350983
6351019
6351139
6351223
6351403
6351547
6351607
6351619
6351847
6352039
6352051
6352243
6352267
6352603
6352639
6352771
6352987
6353071
6353167
6353527
6353707
6353827
6353863
6354091
6354331
6354391
6354547
6354619
6354643
6354727
6354871
6355039
6355087
6355507
6355711
6355759
6355879
6355903
6356083
6356239
6356263
6356347
6356407
6356443
6356479
6356503
6356923
6357019
6357067
6357607
6357667
6357787
6357811
6357859
6357943
6357991
6358147
6358291
6358351
6358507
6358747
6358927
6359011
6359083
6359179
6359299
6359383
6359407
6359659
6359803
6359839
6360127
6360331
6360451
6360619
6360631
6360727
6360799
6361171
6361207
6361279
6361627
6361699
6361783
6361879
6362071
6362203
6362287
6362407
6362623
6362791
6362911
6363079
6363139
6363163
6363187
6363319
6363439
6364159
6364291
6364339
6364447
6364591
6364663
6364723
6364807
6364879
6365059
6365083
6365263
6365299
6365383
6365407
6365479
6365731
6365911
6366247
6366319
6366487
6366523
6366583
6366643
6366859
6367003
6367063
6367099
6367243
6367507
6367531
6367651
6367807
6367903
6368071
6368143
6368179
6368431
6368443
6368587
6368647
6368767
6369007
6369127
6369163
6369343
6369403
6369511
6369523
6369631
6369667
6369703
6369799
6369991
6370027
6370099
6370183
6370207
6370387
6370411
6370603
6370627
6370891
6370999
6371263
6371347
6371539
6371671
6371791
6372139
6372211
6372319
6372511
6372727
6373039
6373051
6373063
6373123
6373207
6373267
6373291
6373387
6373663
6373699
6373831
6373867
6374299
6374383
6374503
6374527
6374551
6374659
6374791
6374911
6374923
6374947
6375091
6375139
6375151
6375199
6375283
6375307
6375547
6375571
6375631
6375643
6375667
6375751
6375931
6376351
6376387
6376423
6376459
6376507
6376639
6377191
6377323
6377467
6378331
6378367
6378487
6378703
6378847
6378871
6378907
6378919
6378979
6379423
6379519
6379531
6379699
6379843
6379927
6379999
6380071
6380107
6380167
6380251
6380443
6380467
6380503
6380623
6380923
6381007
6381031
6381139
6381523
6381547
6381559
6381607
6381619
6381703
6381979
6382039
6382111
6382147
6382399
6382543
6382699
6382927
6382951
6383191
6383239
6383431
6383599
6383851
6383887
6383899
6384067
6384139
6384187
6384211
6384319
6384487
6384523
6384559
6384811
6384883
6384919
6384991
6385063
6385339
6385399
6385471
6385567
6385891
6386143
6386371
6386431
6386623
6386683
6386791
6386839
6387187
6387487
6387559
6387739
6387907
6387919
6388051
6388339
6388399
6388507
6388771
6388819
6388891
6388951
6389083
6389167
6389407
6389431
6389623
6389683
6389899
6390031
6390211
6390367
6390463
6390679
6390763
6390799
6390871
6390907
6391123
6391183
6391243
6391267
6391327
6391663
6391699
6391939
6391963
6392011
6392167
6392263
6392299
6392563
6392587
6392707
6392779
6392803
6392839
6393091
6393319
6393403
6393691
6393811
6393847
6394099
6394147
6394183
6394459
6394579
6394603
6394651
6395047
6395119
6395227
6395299
6395407
6395503
6395611
6395803
6395839
6395947
6395971
6396151
6396223
6396307
6396463
6396547
6396583
6396619
6396799
6396847
6397051
6397099
6397351
6397387
6397579
6397771
6397843
6397891
6397999
6398167
6398179
6398467
6398563
6398671
6398863
6398983
6399007
6399139
6399319
6399391
6399427
6399511
6399583
6399859
6400123
6400159
6400183
6400363
6400411
6400543
6400591
6400627
6400759
6400843
6400939
6400951
6400987
6401191
6401587
6401887
6401959
6402139
6402163
6402271
6402547
6402631
6402787
6402859
6402883
6402967
6403003
6403219
6403351
6403363
6403387
6403711
6403723
6403939
6404179
6404263
6404407
6404611
6404647
6404659
6404683
6404719
6405079
6405187
6405367
6405547
6405559
6405703
6405727
6405811
6405943
6405979
6406087
6406123
6406447
6406483
6406759
6406879
6407131
6407239
6407431
6407491
6407563
6407899
6407923
6407971
6408139
6408163
6408223
6408691
6408823
6408859
6408907
6408931
6409003
6409267
6409339
6409363
6409471
6409483
6409651
6409807
6410587
6410743
6410851
6410863
6410947
6410959
6411439
6411751
6411883
6412327
6412387
6412459
6412531
6412543
6412807
6412999
6413047
6413083
6413287
6413383
6413503
6413899
6413983
6414019
6414091
6414127
6414451
6414619
6414739
6414883
6415099
6415243
6415303
6415411
6415447
6415603
6415771
6415819
6415831
6415891
6415999
6416071
6416203
6416239
6416491
6416539
6416887
6416923
6417043
6417067
6417127
6417247
6417571
6417583
6417679
6417919
6418267
6418303
6418327
6418543
6418579
6418663
6418759
6418939
6419071
6419227
6419239
6419311
6419431
6419563
6419767
6419971
6419983
6420103
6420199
6420259
6420307
6420343
6420391
6420451
6420487
6420523
6420787
6420991
6421039
6421099
6421111
6421159
6421243
6421507
6421567
6421579
6421759
6422011
6422023
6422071
6422371
6422443
6422803
6422947
6423091
6423367
6423523
6423559
6423763
6423799
6423883
6424087
6424123
6424423
6424447
6424531
6424699
6424771
6424783
6424879
6424927
6425011
6425239
6425359
6425467
6425491
6425527
6425647
6425719
6425863
6425899
6426247
6426583
6426631
6426859
6426907
6427087
6427219
6427459
6427471
6427483
6427507
6427591
6427639
6427807
6427951
6428083
6428263
6428407
6428419
6428551
6428623
6428671
6428743
6428767
6428791
6428803
6429019
6429103
6429139
6429223
6429343
6429439
6429571
6429763
6429931
6430003
6430111
6430183
6430219
6430327
6430579
6430687
6430747
6430819
6430903
6430927
6431323
6431431
6431683
6432079
6432187
6432331
6432619
6432631
6432691
6432799
6432991
6433159
6433303
6433387
6433519
6433699
6433711
6433747
6433759
6433927
6434167
6434287
6434299
6434383
6434431
6434647
6434767
6434899
6434947
6435031
6435043
6435067
6435139
6435379
6435691
6435907
6436147
6436291
6436327
6436447
6436543
6436939
6437047
6437059
6437083
6437107
6437131
6437383
6437443
6437527
6437551
6437671
6437707
6437791
6437839
6438163
6438199
6438343
6438391
6438463
6438931
6439003
6439063
6439219
6439327
6439507
6439639
6439819
6439903
6440011
6440179
6440359
6440443
6440647
6440683
6440803
6440947
6440983
6441163
6441199
6441307
6441319
6441439
6441763
6441859
6441871
6441907
6442123
6442351
6442567
6442591
6442771
6442879
6442939
6442999
6443131
6443167
6443287
6443383
6443467
6443719
6443791
6443863
6443959
6444019
6444043
6444079
6444391
6444619
6444679
6444703
6444727
6444787
6444799
6444871
6444943
6444967
6445003
6445051
6445147
6445447
6445459
6445723
6445951
6446023
6446203
6446287
6446347
6446623
6446659
6446731
6446767
6446851
6447031
6447271
6447643
6447787
6447919
6448003
6448207
6448243
6448363
6448399
6448531
6448567
6448639
6448699
6448903
6449071
6449431
6449659
6449671
6449719
6449731
6449791
6449827
6449899
6450007
6450019
6450091
6450391
6450487
6450583
6450907
6450931
6450943
6451087
6451099
6451231
6451399
6452203
6452359
6452431
6452671
6452779
6452827
6452851
6452863
6452899
6453043
6453247
6453367
6453463
6453511
6453571
6453679
6453871
6453883
6453943
6454039
6454051
6454159
6454519
6454663
6454843
6455191
6455263
6455419
6455443
6455587
6455623
6455707
6455899
6455923
6455947
6456271
6456283
6456367
6456427
6456559
6456607
6456727
6456823
6457183
6457291
6457531
6457543
6457747
6457831
6457939
6458071
6458227
6458371
6458407
6458587
6458731
6459091
6459223
6459247
6459511
6459559
6459631
6459703
6459907
6459991
6460231
6460351
6460423
6460543
6460603
6460711
6460747
6460819
6460843
6460891
6460963
6461107
6461131
6461179
6461359
6461383
6461527
6461563
6461779
6461899
6462259
6462319
6462367
6462487
6462559
6462571
6462607
6462691
6462727
6463231
6463267
6463399
6463651
6463687
6463771
6463879
6464083
6464203
6464299
6464551
6464923
6465163
6465271
6465499
6465607
6465859
6466147
6466219
6466279
6466363
6466399
6466543
6466591
6466723
6467287
6467323
6467371
6467479
6467491
6467611
6467767
6467827
6467947
6467971
6468079
6468271
6468559
6468667
6468811
6468883
6468907
6469087
6469303
6469423
6469531
6469579
6469951
6469963
6470419
6470467
6470491
6471103
6471139
6471151
6471259
6471319
6471499
6471511
6471547
6471583
6471643
6471967
6472111
6472159
6472363
6472723
6472783
6472951
6472987
6473407
6473671
6473911
6474019
6474103
6474343
6474451
6474487
6474499
6474631
6474823
6475267
6475279
6475291
6475387
6475471
6475687
6475783
6476191
6476347
6476467
6476611
6476683
6476839
6477019
6477151
6477199
6477343
6477439
6477487
6477703
6477739
6478027
6478267
6478279
6478447
6478471
6478567
6478603
6478831
6478891
6478951
6478999
6479059
6479131
6479311
6479743
6479827
6479923
6480223
6480403
6480547
6480751
6480907
6480931
6480967
6480979
6481039
6481051
6481087
6481183
6481219
6481591
6481627
6481639
6481807
6481843
6481927
6481939
6481963
6482227
6482587
6482599
6482611
6482767
6482779
6482947
6483091
6483163
6483271
6483343
6483823
6483871
6483931
6484003
6484063
6484207
6484243
6484351
6484999
6485431
6485587
6485659
6485719
6485803
6485863
6486043
6486079
6486307
6486439
6486499
6486559
6486787
6486811
6486919
6487027
6487051
6487267
6487279
6487519
6487567
6487807
6487879
6487951
6488023
6488071
6488179
6488239
6488311
6488683
6488851
6488959
6489271
6489331
6489367
6489499
6489859
6489991
6490063
6490111
6490123
6490219
6490483
6490591
6490699
6490879
6490927
6491011
6491047
6491119
6491131
6491167
6491623
6491659
6491731
6491923
6492007
6492139
6492163
6492271
6492403
6492523
6492643
6492679
6492991
6493027
6493063
6493147
6493219
6493603
6493819
6494179
6494239
6494251
6494443
6494503
6494539
6494611
6494623
6494659
6494863
6495079
6495367
6495667
6495847
6495871
6496027
6496123
6496279
6496339
6496351
6496543
6496591
6496627
6496663
6496807
6496891
6497059
6497143
6497683
6497779
6497863
6497923
6498007
6498043
6498067
6498103
6498211
6498223
6498379
6498511
6498571
6498727
6498763
6498847
6499039
6499111
6499147
6499183
6499483
6499543
6499651
6499747
6499879
6499903
6499939
6500059
6500203
6500323
6500371
6500491
6500563
6500887
6501091
6501283
6501343
6501379
6501487
6501823
6501991
6502039
6502099
6502147
6502207
6502291
6502339
6502423
6502471
6502519
6502603
6502663
6502927
6502987
6503011
6503143
6503407
6503443
6503587
6503647
6504067
6504259
6504343
6504367
6504583
6504907
6505123
6505243
6505507
6505519
6505627
6505663
6505699
6505783
6506323
6506347
6506491
6506719
6506779
6506959
6507031
6507199
6507211
6507463
6507859
6507871
6507979
6508111
6508147
6508207
6508363
6508651
6508699
6508951
6509143
6509203
6509527
6509563
6509707
6509779
6509803
6509947
6510139
6510211
6510247
6510451
6510499
6510523
6510883
6510967
6511171
6511291
6511327
6511387
6511723
6511759
6512047
6512119
6512227
6512251
6512323
6512371
6512431
6512491
6512647
6512659
6512731
6512767
6512911
6513019
6513079
6513127
6513847
6513919
6514051
6514099
6514159
6514303
6514567
6514591
6514687
6514699
6514951
6515203
6515287
6515527
6515791
6515827
6515863
6516043
6516079
6516163
6516319
6516463
6516571
6516583
6516703
6516787
6516859
6516871
6516931
6517003
6517183
6517339
6517411
6517447
6517507
6517519
6517543
6517699
6517711
6517831
6517867
6518023
6518047
6518299
6518731
6518839
6519283
6519307
6519391
6519427
6519463
6519607
6519871
6519979
6519991
6520147
6520207
6520279
6520387
6520471
6520567
6520831
6520939
6520963
6521071
6521587
6521791
6521899
6521923
6521947
6522007
6522031
6522199
6522367
6522379
6522487
6522583
6522667
6522739
6522751
6522811
6522979
6523171
6523339
6523567
6523663
6523747
6523843
6524071
6524251
6524383
6524407
6524431
6524563
6524599
6524611
6524647
6525007
6525499
6525511
6525619
6525643
6525691
6525751
6525763
6525787
6525907
6526123
6526159
6526231
6526483
6526879
6527047
6527119
6527179
6527263
6527551
6527623
6527803
6528031
6528091
6528139
6528271
6528367
6528607
6528679
6528703
6528751
6528811
6528883
6529183
6529363
6529399
6529423
6529543
6529603
6529651
6529927
6529987
6530011
6530047
6530323
6530443
6530659
6530803
6530911
6530971
6531199
6531391
6531403
6531463
6531487
6531523
6531619
6531703
6531907
6532159
6532171
6532231
6532423
6532507
6532531
6532807
6532891
6533071
6533143
6533167
6533647
6533707
6533743
6533803
6534247
6534439
6534487
6534547
6534679
6534751
6534823
6534859
6534907
6535099
6535219
6535603
6535663
6535747
6535831
6535987
6536059
6536083
6536191
6536203
6536227
6536239
6536311
6536359
6536479
6536527
6536659
6536707
6536743
6536851
6536911
6536947
6537019
6537067
6537199
6537283
6537319
6537439
6537523
6537667
6537859
6537907
6537991
6538111
6538423
6538459
6538507
6538531
6538747
6538783
6538927
6538963
6539023
6539083
6539119
6539191
6539263
6539371
6539443
6539551
6539647
6539707
6539719
6539839
6539983
6540139
6540187
6540451
6540511
6540691
6540739
6540871
6541123
6541519
6541663
6541771
6541807
6541879
6542131
6542491
6542551
6542611
6542647
6542827
6542959
6543259
6543403
6543499
6543679
6543739
6543871
6543907
6544003
6544399
6544663
6544831
6544843
6545059
6545191
6545563
6545923
6546307
6546403
6546451
6546571
6546607
6546643
6546667
6546823
6546847
6546979
6547027
6547207
6547399
6547423
6547687
6547747
6547759
6547831
6547867
6548107
6548239
6548251
6548263
6548299
6548323
6548359
6548623
6548911
6549031
6549079
6549223
6549247
6549271
6549511
6549523
6549583
6549727
6549859
6549979
6550099
6550123
6550183
6550303
6550519
6550639
6550771
6550879
6550891
6550927
6550963
6551563
6551719
6551887
6551899
6551959
6552151
6552199
6552331
6552547
6552619
6552691
6552859
6552883
6552979
6553111
6553231
6553303
6553363
6553447
6553663
6553903
6553951
6554059
6554239
6554371
6554419
6554767
6554983
6555103
6555271
6555343
6555463
6555751
6556003
6556243
6556267
6556399
6556507
6556567
6556651
6556723
6556783
6557167
6557407
6557479
6557623
6557659
6557671
6557839
6558007
6558067
6558187
6558271
6558283
6558511
6558523
6558547
6558619
6558847
6559159
6559171
6559339
6559447
6559627
6559747
6559783
6559843
6560143
6560371
6560503
6560599
6560647
6560959
6561007
6561019
6561151
6561199
6561259
6561619
6561943
6562399
6562519
6562651
6562687
6562987
6563191
6563287
6563383
6563407
6563419
6563551
6563659
6563743
6563779
6563803
6563983
6564319
6564667
6564847
6564919
6564967
6565063
6565099
6565171
6565291
6565399
6565543
6565567
6566071
6566179
6566227
6566251
6566299
6566311
6566359
6566407
6566479
6566503
6566551
6566587
6566767
6566851
6566863
6567031
6567091
6567163
6567271
6567367
6567403
6567859
6568027
6568099
6568279
6568447
6568483
6568543
6568687
6568999
6569011
6569023
6569107
6569347
6569491
6569623
6569791
6569971
6570139
6570439
6570643
6570691
6570727
6570871
6570943
6571087
6571219
6571267
6571447
6571471
6571519
6571651
6571759
6571771
6571879
6572191
6572431
6572707
6572887
6572947
6572959
6572983
6573223
6573499
6573559
6573631
6573667
6573703
6573967
6574003
6574111
6574471
6574531
6574927
6575071
6575143
6575227
6575299
6575479
6575731
6575791
6576043
6576511
6576547
6576667
6576763
6576847
6576883
6577027
6577531
6577699
6577783
6577891
6577951
6578203
6578287
6578311
6578359
6578743
6578827
6578863
6579211
6579439
6579571
6579787
6580039
6580051
6580159
6580291
6580363
6580471
6580579
6580627
6580663
6580687
6580843
6581191
6581299
6581371
6581503
6581563
6581767
6581779
6581851
6582019
6582091
6582127
6582307
6582343
6582463
6582487
6582523
6582643
6582691
6582787
6582811
6582847
6582883
6583111
6583207
6583231
6583327
6583351
6583363
6583831
6583867
6584107
6584119
6584251
6584503
6584587
6584791
6584911
6584983
6585079
6585451
6585559
6585583
6585823
6586147
6586339
6586423
6586519
6586603
6586639
6586891
6586903
6586927
6587311
6587323
6587359
6587419
6587467
6587479
6587587
6587599
6587743
6587863
6588007
6588067
6588139
6588223
6588391
6588619
6588859
6588931
6589039
6589111
6589123
6589291
6589327
6589411
6589519
6589579
6589747
6589831
6590239
6590263
6590671
6590971
6591031
6591163
6591463
6591643
6591679
6591811
6591847
6592147
6592171
6592291
6592351
6592363
6592423
6592507
6592567
6592783
6592903
6593143
6593299
6593311
6593371
6593407
6593443
6593599
6593611
6593707
6593767
6593911
6594127
6594151
6594271
6594319
6594331
6594403
6594439
6594451
6594559
6594787
6594883
6594943
6595027
6595051
6595123
6595231
6595243
6595423
6595867
6595951
6596143
6596167
6596179
6596383
6596431
6596467
6596503
6597091
6597223
6597247
6597463
6597583
6597931
6597967
6598063
6598087
6598303
6598387
6598507
6598759
6598807
6598843
6598903
6598951
6599119
6599191
6599227
6599347
6599491
6599959
6600067
6600247
6600499
6600787
6600823
6601039
6601159
6601279
6601459
6601519
6601891
6602371
6602467
6602551
6602683
6602707
6602767
6602839
6603007
6603043
6603151
6603307
6603439
6603451
6603511
6603703
6603907
6603979
6603991
6604027
6604063
6604099
6604303
6604387
6604399
6604699
6604771
6604783
6605023
6605167
6605311
6605527
6605563
6605827
6605971
6606031
6606139
6606283
6606463
6606679
6607291
6608047
6608083
6608131
6608227
6608419
6608479
6608527
6608683
6608851
6608863
6608911
6609019
6609223
6609247
6609571
6609607
6609667
6609679
6609847
6610063
6610459
6610507
6610687
6610711
6610783
6610819
6610939
6610999
6611071
6611179
6611191
6611323
6611503
6611611
6612079
6612127
6612187
6612223
6612451
6612547
6612691
6612811
6612871
6612979
6613027
6613183
6613267
6613339
6613483
6613543
6613567
6613591
6613603
6613879
6613891
6613927
6614143
6614323
6614467
6614539
6614719
6614791
6614863
6615043
6615067
6615079
6615463
6615547
6615571
6615643
6615751
6615787
6615943
6615979
6616003
6616087
6616219
6616531
6616543
6616591
6616651
6616759
6617011
6617071
6617371
6617503
6617599
6617983
6618487
6618499
6618823
6618907
6618919
6618991
6619099
6619219
6619363
6619471
6619507
6619519
6619687
6619747
6619867
6620011
6620083
6620287
6620407
6620503
6620587
6620791
6620863
6620899
6620947
6621127
6621163
6621331
6621487
6621691
6621847
6621883
6621943
6621991
6622111
6622339
6622423
6622531
6622663
6622783
6622999
6623059
6623203
6623311
6623467
6623719
6623899
6623959
6624031
6624043
6624199
6624259
6624427
6624439
6624547
6624619
6624799
6624859
6624931
6625363
6625447
6625459
6625519
6625579
6625687
6625939
6625987
6626227
6626407
6626551
6626563
6626623
6626743
6626887
6627667
6627679
6627811
6627991
6628087
6628123
6628423
6628711
6628819
6629107
6629191
6629251
6629323
6629407
6629647
6629683
6629731
6629923
6630103
6630163
6630223
6630367
6630523
6630703
6630907
6630919
6630979
6631279
6631327
6631447
6631663
6631699
6631951
6632239
6632467
6632491
6632599
6632887
6633139
6633391
6633463
6633607
6633643
6633727
6633787
6633931
6633967
6634039
6634219
6634627
6634759
6634783
6635011
6635311
6635407
6635527
6635539
6635659
6635719
6635887
6635947
6636127
6636199
6636523
6636667
6637063
6637291
6637399
6637447
6637651
6637711
6637819
6637903
6638179
6638227
6638263
6638299
6638407
6638803
6638911
6639223
6639307
6639331
6639547
6639631
6639739
6639799
6639823
6639907
6639943
6640339
6640411
6640807
6641179
6641263
6641287
6641359
6641419
6641527
6641563
6641671
6641683
6641707
6641827
6642007
6642067
6642151
6642211
6642283
6642319
6642403
6642619
6642907
6642991
6643051
6643111
6643303
6643423
6643699
6643723
6643843
6644023
6644227
6644299
6644311
6644371
6644503
6644527
6644551
6644587
6644887
6644959
6645019
6645139
6645211
6645259
6645319
6645391
6645571
6645787
6645823
6646039
6646207
6646363
6646399
6646687
6646699
6646819
6646867
6647107
6647227
6647287
6647551
6647623
6647647
6647743
6647791
6647899
6647911
6647947
6648007
6648079
6648091
6648307
6648487
6648583
6648883
6648979
6648991
6649063
6649099
6649267
6649483
6649891
6649999
6650071
6650131
6650431
6650467
6650503
6650671
6650731
6650827
6650971
6651091
6651223
6651319
6651427
6651571
6651583
6652183
6652231
6652351
6652411
6652447
6652951
6653011
6653299
6653467
6653659
6653707
6653839
6653887
6654007
6654019
6654031
6654127
6654211
6654547
6654643
6654679
6654847
6654859
6654919
6654943
6655063
6655423
6655543
6655603
6655723
6655903
6656011
6656071
6656239
6656347
6656371
6656539
6656623
6656647
6656887
6656899
6657019
6657223
6657367
6657451
6657583
6657631
6657799
6657811
6657919
6657979
6658027
6658051
6658243
6658279
6658291
6658723
6658843
6658999
6659239
6659287
6659491
6659683
6659803
6660679
6660751
6660931
6660943
6660967
6661111
6661327
6661687
6661987
6662059
6662191
6662347
6662371
6662563
6662707
6662743
6662839
6662947
6663067
6663103
6663451
6663499
6663739
6663751
6664027
6664351
6664531
6664711
6664759
6665011
6665047
6665179
6665359
6665539
6665611
6665719
6665803
6665947
6666223
6666487
6666547
6666883
6666943
6667027
6667159
6667711
6667819
6667891
6668059
6668203
6668419
6668611
6668707
6668899
6669007
6669067
6669331
6669547
6669907
6670039
6670267
6670291
6670303
6670327
6670687
6670771
6670831
6671047
6671083
6671167
6671263
6671443
6671551
6671839
6671947
6672019
6672307
6672559
6672703
6672931
6673279
6673327
6673363
6673399
6673507
6673687
6673699
6673867
6674011
6674287
6674299
6674323
6674359
6674839
6675007
6675043
6675091
6675343
6675523
6675547
6675763
6675787
6675811
6675919
6676099
6676123
6676171
6676231
6676339
6676387
6676519
6676711
6677071
6677191
6677239
6677467
6677527
6677707
6677887
6677959
6678079
6678271
6678499
6678751
6678799
6678871
6679303
6679339
6679471
6679579
6679639
6679723
6679951
6680059
6680119
6680203
6680227
6680431
6680563
6680731
6680851
6680923
6680959
6681067
6681139
6681427
6681439
6681487
6681679
6681751
6681931
6681967
6681979
6682063
6682087
6682183
6682279
6682327
6682363
6682603
6682747
6682783
6682999
6683119
6683251
6683407
6683491
6683767
6683827
6683947
6684019
6684091
6684991
6685027
6685351
6685519
6685603
6685711
6685927
6685963
6686167
6686203
6686299
6686467
6686527
6687127
6687283
6687367
6687391
6687427
6687463
6687631
6687931
6688051
6688111
6688387
6688411
6688519
6688651
6688663
6688723
6688807
6689047
6689203
6689239
6689383
6689587
6689611
6689719
6689779
6690067
6690247
6690319
6690379
6690427
6690559
6690643
6690703
6690787
6690847
6690991
6691099
6691147
6691207
6691219
6691411
6691423
6691471
6691507
6691687
6691771
6691987
6692083
6692107
6692131
6692263
6692299
6692551
6692767
6692827
6693163
6693307
6693331
6693343
6693487
6693607
6693703
6693991
6694267
6694711
6694747
6694999
6695071
6695131
6695407
6695419
6695431
6695503
6695539
6695707
6695863
6696091
6696259
6696307
6696451
6696619
6696643
6696799
6696871
6697051
6697219
6697363
6697591
6697651
6697759
6697771
6698143
6698311
6698383
6698467
6698491
6698743
6698767
6698803
6699067
6699247
6699367
6699643
6699703
6699859
6699919
6700039
6700063
6700087
6700171
6700279
6700387
6700399
6700411
6700579
6700723
6700831
6700987
6701251
6701263
6701323
6701467
6701707
6701803
6701971
6702043
6702139
6702271
6702343
6702379
6702559
6702583
6702667
6702847
6702907
6702979
6703087
6703111
6703159
6703363
6703591
6703651
6703783
6703927
6703999
6704143
6704179
6704611
6704671
6704791
6704923
6705031
6705079
6705211
6705247
6705511
6705619
6705799
6705823
6705859
6706003
6706327
6706339
6706519
6706543
6706939
6707083
6707119
6707131
6707263
6707359
6707599
6707803
6707851
6707863
6707947
6708067
6708199
6708271
6708607
6708619
6708631
6708739
6708787
6708799
6708883
6708967
6709387
6709687
6709783
6709891
6710047
6710071
6710083
6710371
6710443
6710647
6710659
6710791
6710947
6710983
6711043
6711079
6711163
6711343
6711451
6711511
6711643
6711667
6711811
6712051
6712591
6712831
6712879
6712939
6713107
6713383
6713491
6713647
6713671
6713851
6713899
6713923
6713947
6714007
6714067
6714079
6714151
6714187
6714403
6714583
6714607
6714679
6714787
6714931
6714943
6715039
6715123
6715231
6715339
6715483
6715567
6715699
6716191
6716551
6716767
6716923
6717079
6717307
6717427
6717787
6717859
6718003
6718099
6718171
6718399
6718471
6718759
6718819
6718939
6718963
6719143
6719299
6719371
6719719
6719827
6719983
6720271
6720367
6720403
6720619
6720667
6720691
6720751
6720811
6721051
6721123
6721159
6721207
6721447
6721483
6721567
6721843
6721927
6721999
6722239
6722719
6722743
6722791
6723403
6723439
6723499
6723571
6723583
6723643
6723727
6723763
6723799
6723907
6724051
6724111
6724219
6724507
6724591
6724759
6724831
6724903
6724987
6725167
6725239
6725731
6725743
6725911
6725923
6726427
6726487
6726571
6726607
6726739
6726991
6727099
6727351
6727363
6727579
6727771
6727867
6727879
6728047
6728083
6728179
6728503
6728731
6729007
6729223
6729487
6729631
6729799
6729871
6730051
6730159
6730279
6730483
6730663
6730699
6730771
6730783
6731059
6731239
6731311
6731407
6731467
6731539
6731563
6731611
6731707
6732247
6732283
6732511
6732619
6732751
6732823
6732907
6733099
6733123
6733147
6733219
6733291
6733663
6733807
6733879
6734059
6734191
6734443
6734491
6734599
6734779
6735283
6735571
6735643
6735667
6735679
6735811
6735847
6735919
6736027
6736039
6736111
6736243
6736351
6736531
6736603
6736663
6736759
6736819
6736831
6736927
6737443
6737611
6737767
6737803
6737839
6738079
6738091
6738139
6738187
6738223
6738451
6738499
6738631
6738727
6738799
6739063
6739267
6739303
6739459
6739591
6739627
6739771
6739783
6739807
6739987
6740023
6740131
6740491
6740647
6740707
6740743
6741103
6741439
6741619
6741799
6741859
6742363
6742423
6742651
6742699
6742807
6743239
6743371
6743431
6743491
6743563
6743767
6743851
6743887
6743923
6744139
6744271
6744307
6744319
6744403
6744499
6744511
6744523
6744571
6744667
6744847
6744931
6744967
6745027
6745051
6745183
6745483
6745579
6745663
6745903
6745927
6745939
6746359
6746503
6746611
6746863
6746947
6746983
6747007
6747019
6747043
6747127
6747163
6747187
6747331
6747511
6747523
6747607
6747619
6747667
6748051
6748087
6748207
6748267
6748279
6748351
6748639
6748999
6749107
6749131
6749359
6749371
6749443
6749719
6750103
6750223
6750259
6750439
6750511
6750559
6750571
6750727
6750847
6750907
6751111
6751123
6751291
6751543
6751651
6751687
6751711
6751819
6751939
6752191
6752479
6752803
6752887
6753067
6753739
6753823
6753847
6753883
6753919
6754039
6754171
6754459
6754543
6754567
6754603
6754723
6754987
6755071
6755107
6755143
6755311
6755407
6755599
6756199
6756331
6756367
6756403
6756439
6756487
6756499
6756511
6756523
6756691
6756979
6756991
6757159
6757339
6757627
6757759
6757843
6757951
6757987
6758107
6758179
6758431
6758539
6758743
6758779
6758887
6758923
6759031
6759043
6759091
6759139
6759343
6759463
6759583
6759619
6759679
6759691
6759847
6760003
6760111
6760147
6760363
6760483
6760687
6760771
6760807
6760867
6761239
6761299
6761311
6761323
6761347
6761407
6761527
6761551
6761659
6761803
6761947
6762127
6762139
6762319
6762571
6762607
6762751
6762871
6762883
6763039
6763087
6763147
6763423
6763507
6763579
6763591
6763747
6763759
6763831
6763891
6763903
6764083
6764227
6764371
6764503
6764587
6764671
6764707
6764767
6764899
6765019
6765307
6765379
6765523
6765799
6765991
6766171
6766267
6766411
6766447
6766519
6766699
6766891
6766951
6767143
6767251
6767647
6767863
6768043
6768127
6768283
6768679
6768691
6768859
6769003
6769171
6769327
6769351
6769423
6769471
6769579
6769591
6769699
6769759
6769771
6769831
6769951
6770047
6770383
6770419
6770563
6770767
6770839
6770887
6771091
6771103
6771211
6771307
6771379
6771451
6771487
6771631
6771883
6772039
6772123
6772459
6772483
6772651
6772687
6772723
6772819
6772939
6773047
6773083
6773251
6773359
6773467
6773527
6773659
6773827
6773863
6773911
6774223
6774331
6774343
6774379
6774451
6774631
6774643
6774847
6774871
6775051
6775519
6775591
6775603
6775807
6775987
6776023
6776479
6776503
6776683
6776779
6776971
6777007
6777103
6777307
6777367
6777607
6777691
6777931
6777943
6778039
6778063
6778099
6778111
6778147
6778183
6778543
6778567
6778579
6779023
6779131
6779239
6779299
6779491
6779671
6779683
6779743
6779803
6779911
6780019
6780247
6780259
6780379
6780679
6780859
6781111
6781387
6781399
6781531
6781543
6781603
6781867
6781939
6782719
6782767
6782827
6782911
6783067
6783583
6783727
6783739
6783991
6784039
6784111
6784123
6784303
6784699
6784711
6784783
6784807
6785179
6785287
6785503
6785599
6785671
6785707
6785791
6786103
6786139
6786187
6786259
6786391
6786643
6787087
6787147
6787279
6787663
6787771
6787867
6787951
6788143
6788323
6788443
6788563
6788839
6788863
6788911
6788959
6788983
6789199
6789499
6789931
6789967
6790099
6790111
6790183
6790363
6790471
6790759
6791107
6791131
6791287
6791299
6791383
6791467
6791563
6791599
6791623
6791731
6791767
6791803
6792223
6792271
6792307
6792319
6792403
6792547
6792559
6792631
6792679
6792691
6792727
6792739
6792763
6792811
6792943
6793231
6793243
6793363
6793411
6793483
6793531
6793663
6793711
6793723
6793807
6793951
6794023
6794071
6794107
6794311
6794503
6794707
6794719
6794863
6795007
6795031
6795079
6795211
6795259
6795391
6795499
6795619
6795667
6795751
6795883
6795967
6796087
6796147
6796507
6796771
6796831
6796987
6797023
6797347
6797503
6797551
6797743
6797767
6798019
6798247
6798607
6798739
6798931
6798991
6799003
6799123
6799183
6799327
6799459
6799483
6799579
6799687
6799759
6799831
6799999
6800047
6800071
6800179
6800251
6800503
6800671
6800791
6801079
6801187
6801199
6801271
6801391
6801499
6801523
6801559
6801703
6801727
6801763
6801919
6802039
6802063
6802231
6802267
6802483
6802507
6802519
6802819
6802891
6802951
6803059
6803143
6803287
6803323
6803347
6803431
6803491
6803683
6803743
6803851
6803887
6804043
6804583
6804727
6804751
6804799
6804871
6804943
6805159
6805327
6805339
6805483
6805507
6805699
6805879
6806119
6806203
6806263
6806383
6806479
6806791
6806803
6806923
6807067
6807091
6807139
6807391
6807499
6807571
6807799
6807847
6807883
6807919
6808171
6808447
6808471
6808531
6808603
6808639
6808651
6808927
6809191
6809251
6809371
6809611
6809683
6809767
6809851
6809899
6810019
6810043
6810091
6810187
6810451
6810631
6810703
6810799
6810907
6810919
6811267
6811303
6811423
6811603
6811627
6811639
6811867
6811879
6811891
6812383
6812527
6812539
6812719
6812959
6812983
6813007
6813031
6813067
6813403
6813487
6813511
6813691
6813943
6814123
6814147
6814183
6814231
6814267
6814411
6814519
6814543
6814579
6814627
6814663
6815059
6815131
6815227
6815311
6815491
6815671
6815839
6815863
6816067
6816163
6816427
6816631
6816679
6817099
6817171
6817471
6817519
6817567
6817687
6817747
6817807
6817819
6817891
6817927
6817963
6817999
6818083
6818179
6818191
6818407
6818719
6818731
6818827
6818863
6818947
6819019
6819343
6819403
6819511
6819583
6819847
6820087
6820207
6820267
6820339
6820483
6820579
6820663
6820711
6820783
6820951
6820999
6821107
6821239
6821383
6821491
6821611
6821707
6821827
6821839
6822043
6822187
6822619
6822931
6823039
6823123
6823351
6823447
6823471
6823543
6823699
6823759
6823879
6824299
6824443
6824479
6824527
6824611
6824911
6825067
6825127
6825151
6825307
6825367
6825451
6825739
6825787
6825799
6825811
6825919
6826291
6826399
6826471
6826507
6826543
6826591
6826747
6826783
6826903
6827071
6827083
6827143
6827287
6827299
6827467
6827503
6827683
6827839
6827983
6828187
6828259
6828403
6828667
6828739
6828751
6828763
6828859
6829051
6829063
6829267
6829279
6829327
6829363
6829483
6829783
6830023
6830071
6830143
6830251
6830347
6830359
6830431
6830503
6830539
6830611
6830647
6830743
6831007
6831043
6831247
6831259
6831343
6831427
6831499
6831631
6831991
6832003
6832159
6832291
6832303
6832411
6832687
6832783
6832867
6832879
6832939
6833011
6833023
6833059
6833107
6833479
6833527
6833707
6833851
6834031
6834199
6834271
6834631
6834643
6834679
6834931
6834991
6835219
6835363
6835399
6835627
6835783
6836047
6836407
6836539
6836587
6836623
6836659
6836707
6836983
6837031
6837079
6837151
6837199
6837223
6837631
6837703
6837799
6837907
6837931
6838099
6838123
6838207
6838387
6838603
6838927
6838963
6839011
6839311
6839323
6839467
6839659
6839683
6839719
6839851
6839971
6840187
6840199
6840439
6840619
6840643
6840871
6840979
6841243
6841279
6841291
6841339
6841543
6841663
6841759
6841951
6842023
6842047
6842083
6842131
6842359
6842443
6842779
6843019
6843103
6843379
6843427
6843451
6843607
6843643
6843703
6843919
6844027
6844039
6844051
6844099
6844111
6844147
6844543
6844603
6845011
6845107
6845227
6845287
6845767
6845779
6845803
6845983
6846079
6846187
6846211
6846271
6846379
6846439
6846703
6846727
6846811
6846991
6847387
6847471
6847723
6847783
6847843
6848167
6848563
6848707
6848791
6848827
6849103
6849247
6849463
6849499
6849727
6850183
6850339
6850471
6850603
6850651
6850807
6850927
6851023
6851167
6851239
6851311
6851347
6851407
6851479
6851563
6851587
6851599
6852019
6852151
6852163
6852247
6852427
6852619
6852691
6852739
6852823
6852883
6853279
6853351
6853423
6853543
6853603
6853663
6853783
6853939
6853999
6854251
6854359
6854623
6854647
6854803
6854863
6855007
6855187
6855307
6855379
6855451
6855631
6855643
6855691
6855763
6855799
6855931
6856039
6856051
6856123
6856279
6856411
6856459
6856483
6856723
6856771
6856999
6857023
6857143
6857203
6857359
6857419
6857467
6857503
6857527
6857551
6857743
6857779
6857959
6858043
6858139
6858331
6858403
6858499
6858679
6858823
6858979
6859003
6859123
6859159
6859387
6859471
6859507
6859519
6860023
6860047
6860239
6860419
6860551
6860719
6860803
6860839
6860851
6861067
6861271
6861307
6861427
6861847
6862039
6862111
6862171
6862711
6862783
6862831
6862903
6862963
6863107
6863119
6863323
6863371
6863443
6863587
6863827
6864019
6864043
6864079
6864139
6864259
6864307
6864523
6864631
6864691
6865051
6865231
6865267
6865279
6865351
6865483
6865519
6865531
6865591
6865711
6865867
6866131
6866143
6866287
6866383
6866551
6866647
6866791
6866887
6866983
6867043
6867079
6867103
6867247
6867307
6867463
6867571
6867799
6867871
6867907
6868039
6868123
6868231
6868363
6868423
6868507
6868531
6868699
6868759
6868879
6868903
6868987
6869047
6869299
6869407
6869647
6869671
6869743
6869803
6869959
6870559
6870751
6870931
6871003
6871147
6871171
6871399
6871471
6871507
6871639
6871651
6872071
6872119
6872179
6872287
6872479
6872611
6872779
6873007
6873043
6873091
6873187
6873259
6873403
6873523
6873583
6873799
6874159
6874207
6874243
6874279
6874339
6874423
6874531
6874603
6874843
6874927
6874939
6875119
6875203
6875383
6875431
6875467
6875779
6875851
6876031
6876187
6876223
6876307
6876319
6876439
6876943
6876979
6877051
6877399
6877447
6877579
6877723
6877771
6877963
6878083
6878167
6878371
6878383
6878479
6878527
6878647
6878731
6878803
6878959
6879163
6879307
6879487
6879811
6879823
6880063
6880099
6880183
6880267
6880651
6880771
6880807
6880879
6880891
6880963
6881023
6881239
6881359
6881383
6881551
6881683
6881731
6881947
6882067
6882079
6882091
6882523
6882583
6882607
6882859
6882919
6882991
6883099
6883159
6883267
6883447
6883627
6883687
6883711
6883783
6884431
6884539
6884599
6884611
6884743
6884863
6884959
6884971
6885139
6885511
6885883
6886147
6886291
6886471
6886519
6886771
6886807
6886843
6886927
6887059
6887527
6887767
6887851
6888019
6888103
6888163
6888199
6888487
6888559
6888571
6888967
6889027
6889147
6889219
6889243
6889411
6889639
6889891
6889963
6890047
6890227
6890263
6890539
6890683
6891019
6891691
6891727
6891883
6891979
6891991
6892159
6892243
6892267
6892363
6892519
6893167
6893203
6893239
6893311
6893431
6893527
6893611
6893647
6893707
6893839
6894067
6894259
6894343
6894463
6894499
6894607
6894619
6895003
6895087
6895099
6895111
6895123
6895279
6895363
6895519
6895663
6895687
6895807
6895951
6896011
6896143
6896311
6896347
6896371
6896479
6896647
6896707
6896887
6896947
6896959
6897091
6897103
6897199
6897271
6897463
6897487
6897571
6897643
6897739
6897811
6897823
6898531
6898579
6898627
6898867
6899227
6899251
6899371
6899491
6899551
6899719
6899791
6899899
6899947
6900151
6900367
6900403
6900679
6900727
6900739
6900847
6900919
6900967
6901087
6901387
6901459
6901591
6901891
6902107
6902131
6902179
6902359
6902431
6902671
6902827
6902851
6902923
6903067
6903103
6903331
6903367
6903643
6903679
6904279
6904483
6904507
6904591
6904627
6905011
6905191
6905263
6905299
6905323
6905407
6905443
6905779
6905947
6906079
6906103
6906247
6906283
6906343
6906499
6906631
6906859
6906883
6906931
6907063
6907111
6907183
6907363
6907531
6907723
6907891
6908047
6908287
6908359
6908431
6908611
6908719
6908779
6908827
6908887
6908971
6909127
6909151
6909271
6909379
6909547
6909583
6909919
6910027
6910159
6910411
6910459
6910807
6910951
6910963
6911059
6911131
6911323
6911371
6911539
6911647
6911743
6911887
6911899
6911959
6912091
6912187
6912211
6912547
6912583
6912943
6912967
6913003
6913111
6913447
6913471
6913519
6913759
6913807
6913987
6914059
6914251
6914263
6914419
6914587
6914599
6914659
6914683
6914923
6915067
6915091
6915247
6915319
6915463
6915499
6915607
6915763
6915967
6916027
6916099
6916243
6916291
6916339
6916519
6916543
6916711
6916939
6916963
6917047
6917179
6917299
6917431
6917551
6917731
6917839
6917983
6918007
6918187
6918271
6918343
6918403
6918619
6918739
6918763
6918943
6918979
6919279
6919303
6919327
6919519
6919651
6919723
6919807
6920059
6920203
6920311
6920323
6920707
6920827
6921007
6921043
6921139
6921223
6921247
6921283
6921319
6921511
6921571
6921583
6921727
6921763
6922147
6922231
6922483
6922639
6922879
6923047
6923263
6923419
6923479
6923671
6923767
6923887
6924019
6924031
6924163
6924319
6924427
6924451
6924487
6924523
6924739
6924787
6924847
6924991
6925003
6925099
6925111
6925423
6925819
6925999
6926083
6926107
6926119
6926239
6926251
6926347
6926443
6926551
6926791
6926839
6926863
6927079
6927091
6927127
6927391
6927511
6927523
6927559
6927631
6927667
6927979
6928111
6928279
6928423
6928771
6929023
6929071
6929467
6929479
6929707
6929887
6929899
6930151
6930367
6930463
6930499
6930643
6930727
6931147
6931159
6931339
6931363
6931411
6931651
6931723
6931807
6931831
6932047
6932083
6932179
6932371
6932599
6932659
6932707
6932743
6932767
6932911
6933403
6933427
6933559
6933607
6933631
6933859
6933967
6933991
6934003
6934099
6934159
6934243
6934363
6934387
6934591
6934687
6934723
6934771
6934831
6934903
6934999
6935011
6935107
6935119
6935143
6935239
6935251
6935407
6935431
6935479
6935623
6935911
6936043
6936151
6936211
6936403
6936451
6936511
6936739
6936751
6936847
6936883
6936907
6936967
6937039
6937171
6937363
6937519
6937627
6937951
6937963
6938131
6938383
6938419
6938443
6938467
6938527
6938671
6938719
6938731
6938779
6938791
6938803
6938851
6939067
6939139
6939367
6939511
6939571
6939679
6939943
6939967
6940147
6940279
6940651
6940663
6940771
6940939
6941119
6941191
6941203
6941443
6941659
6941731
6941743
6942031
6942211
6942367
6942379
6942499
6942703
6942751
6942883
6942931
6943003
6943147
6943219
6943243
6943351
6943459
6943543
6943567
6943579
6943591
6943747
6943819
6943903
6944011
6944083
6944227
6944263
6944599
6944731
6944803
6945091
6945139
6945199
6945283
6945511
6945559
6945739
6946003
6946063
6946171
6946279
6946363
6946447
6946531
6946867
6946963
6946987
6947167
6947383
6947419
6947719
6947851
6947923
6947959
6948079
6948103
6948211
6948283
6948367
6948439
6948583
6948727
6948787
6948979
6949087
6949147
6949219
6949339
6949471
6949483
6950239
6950311
6950323
6950491
6950527
6950659
6950887
6950947
6950959
6951247
6951319
6951379
6951391
6951463
6951547
6951559
6951643
6951751
6951799
6951883
6952291
6952459
6952579
6952639
6952723
6952747
6952819
6952867
6952999
6953071
6953179
6953239
6953371
6953407
6953587
6953599
6953647
6953719
6953911
6954127
6954223
6954307
6954319
6954583
6954799
6955327
6955411
6955603
6956107
6956203
6956371
6956539
6956563
6956683
6956731
6957031
6957259
6957283
6957343
6957427
6957463
6957571
6957583
6957619
6957859
6957943
6958111
6958411
6958447
6958591
6958951
6959083
6959119
6959371
6959707
6959767
6959983
6960091
6960103
6960139
6960199
6960211
6960307
6960379
6960427
6960487
6960511
6960571
6960823
6961027
6961063
6961159
6961579
6962107
6962359
6962443
6962467
6962551
6962647
6962719
6962863
6962971
6963007
6963163
6963391
6963487
6963703
6963739
6963811
6963883
6963967
6964159
6964351
6964387
6964459
6964567
6964627
6964663
6964819
6964831
6964879
6964939
6965131
6965227
6965383
6965779
6965911
6966019
6966031
6966151
6966319
6966367
6966643
6966943
6966979
6967123
6967231
6967447
6967771
6967903
6967999
6968023
6968047
6968119
6968359
6968407
6968443
6968491
6968551
6968587
6968659
6968911
6968947
6969343
6969607
6969691
6969811
6969883
6970039
6970099
6970279
6970351
6970387
6970519
6970603
6971131
6971227
6971287
6971299
6971467
6971539
6971611
6971647
6971791
6971863
6971911
6972079
6972127
6972307
6972451
6972547
6972631
6972739
6972811
6973207
6973231
6973423
6973591
6973639
6973651
6973663
6973699
6973843
6973999
6974179
6974491
6974647
6974683
6974731
6974791
6974887
6975091
6975139
6975211
6975247
6975427
6976051
6976111
6976267
6976699
6976747
6976771
6976939
6976951
6977059
6977107
6977167
6977227
6977239
6977407
6977419
6977491
6977683
6977743
6977923
6978019
6978031
6978247
6978319
6978463
6978511
6978547
6978703
6978739
6978883
6978919
6978991
6979003
6979279
6979363
6979519
6979579
6979831
6979891
6980179
6980191
6980371
6980443
6980527
6980587
6980971
6981043
6981367
6981631
6981703
6981739
6981859
6981943
6981967
6982051
6982219
6982531
6982627
6982783
6982819
6982879
6982951
6982999
6983023
6983143
6983323
6983419
6983671
6983971
6984031
6984079
6984151
6984319
6984463
6984547
6984727
6984751
6984907
6984979
6985159
6985243
6985327
6985579
6985687
6985831
6986011
6986047
6986323
6986383
6986587
6986659
6986731
6986911
6987031
6987091
6987103
6987163
6987271
6987427
6987523
6987751
6987847
6988039
6988243
6988567
6988603
6988627
6988771
6988939
6989287
6989659
6989791
6990019
6990187
6990259
6990307
6990331
6990427
6990439
6990559
6990751
6990799
6991147
6991447
6991603
6991711
6991783
6992047
6992059
6992119
6992179
6992383
6992443
6992599
6992803
6992983
6993067
6993079
6993187
6993319
6993367
6993499
6993523
6993583
6993607
6993751
6993787
6993979
6994051
6994111
6994279
6994291
6994363
6994411
6994447
6994579
6994759
6994903
6994927
6994951
6995071
6995227
6995383
6995407
6995623
6995647
6995719
6995983
6996019
6996103
6996211
6996307
6996499
6996559
6996631
6996643
6996679
6996907
6996967
6997063
6997087
6997231
6997363
6997411
6997531
6997579
6997603
6997651
6997867
6997891
6998107
6998191
6998623
6998767
6998863
6999271
6999367
6999379
6999523
6999547
6999703
6999799
7000171
7000267
7000519
7000663
7001107
7001287
7001311
7001359
7001431
7001779
7001851
7001887
7001923
7002067
7002223
7002319
7002367
7002439
7002871
7002979
7002991
7003111
7003327
7003351
7003411
7003543
7003651
7003687
7003771
7003807
7003879
7004059
7004083
7004143
7004191
7004887
7004911
7005127
7005199
7005331
7005451
7005571
7005619
7005703
7005763
7005787
7005847
7005931
7006171
7006183
7006303
7006423
7006723
7006843
7006891
7006903
7006963
7007107
7007191
7007227
7007491
7008019
7008091
7008151
7008163
7008451
7008523
7008559
7008679
7008751
7008763
7008919
7009183
7009279
7009351
7009447
7009663
7009771
7010023
7010323
7010359
7010491
7010671
7010719
7010803
7010863
7010923
7011031
7011079
7011187
7011283
7011379
7011439
7011607
7011799
7012099
7012267
7012363
7012471
7012507
7012771
7012807
7013203
7013371
7013443
7013623
7013659
7013731
7013887
7014043
7014151
7014187
7014739
7014859
7015003
7015039
7015363
7015399
7015423
7015471
7015531
7015711
7015819
7015891
7015927
7016287
7016431
7016467
7016479
7016539
7016683
7016731
7016803
7016899
7016983
7017079
7017151
7017163
7017211
7017511
7017547
7017667
7017799
7017919
7018267
7018303
7018423
7018639
7018747
7018939
7018951
7019239
7019263
7019503
7019563
7019611
7019851
7019863
7019923
7020103
7020187
7020199
7020319
7020427
7020499
7020511
7020679
7021363
7021519
7021543
7021627
7021723
7021843
7021939
7021951
7022083
7022143
7022371
7022467
7022551
7022671
7022791
7022839
7023223
7023271
7023427
7023739
7023847
7024183
7024543
7024579
7024627
7024819
7024891
7024939
7025407
7025467
7025587
7025659
7025791
7026007
7026043
7026079
7026127
7026307
7026343
7026619
7026631
7026667
7026823
7026847
7026871
7027099
7027159
7027243
7027327
7027459
7027567
7027711
7027771
7027807
7028107
7028311
7028323
7028431
7028467
7028563
7028683
7028719
7028767
7028851
7029079
7029307
7029331
7029403
7029691
7029787
7029811
7030123
7030159
7030363
7030579
7030687
7031023
7031191
7031347
7031371
7031419
7031527
7031671
7031743
7031839
7032079
7032283
7032367
7032499
7032667
7032919
7033111
7033267
7033603
7033651
7033723
7033891
7033927
7033963
7033987
7034119
7034143
7034191
7034299
7034323
7034371
7034563
7034611
7034683
7034767
7034899
7035151
7035307
7035367
7035451
7035547
7035727
7035799
7035979
7036123
7036207
7036339
7036387
7036819
7036987
7037071
7037203
7037323
7037347
7037383
7037647
7037671
7037683
7037791
7038043
7038247
7038259
7038331
7038463
7038571
7038583
7038679
7038763
7038859
7038931
7039159
7039183
7039363
7039447
7039699
7039783
7039867
7040263
7040563
7040623
7040731
7040743
7040947
7040983
7041091
7041127
7041163
7041259
7041319
7041523
7041631
7041679
7041847
7041883
7041943
7041967
7042051
7042291
7042423
7042579
7042603
7042639
7042747
7043263
7043503
7043563
7043767
7043791
7043863
7044019
7044091
7044199
7044259
7044391
7044487
7044547
7044703
7044811
7044871
7044943
7045279
7045627
7045699
7045807
7045879
7045963
7045999
7046071
7046107
7046167
7046251
7046491
7046647
7046719
7046791
7046863
7046911
7047031
7047091
7047151
7047283
7047331
7047559
7047619
7047787
7047823
7047907
7047967
7048039
7048399
7048519
7048579
7049047
7049311
7049347
7049479
7049527
7049563
7049599
7049899
7049947
7050031
7050271
7050391
7050499
7050859
7050871
7051111
7051399
7051459
7051687
7051711
7052011
7052107
7052371
7052431
7052503
7052611
7052827
7053223
7053307
7053331
7053367
7053703
7053727
7054171
7054591
7054651
7054699
7054891
7054963
7054987
7055107
7055491
7055563
7055599
7055611
7055647
7055743
7056067
7056211
7056403
7056463
7056799
7056943
7057051
7057123
7057279
7057291
7057327
7057339
7057507
7057723
7057879
7057903
7058239
7058551
7058659
7058743
7058983
7059007
7059163
7059211
7059271
7059379
7059487
7059631
7059739
7059751
7059931
7060087
7060111
7060243
7060327
7060411
7060483
7060531
7060759
7061083
7061479
7061563
7061827
7061983
7062571
7062691
7062703
7062739
7062787
7062907
7062919
7063099
7063171
7063267
7063339
7063591
7063747
7063807
7064179
7064203
7064347
7064359
7064419
7064527
7064539
7064671
7064791
7064851
7064923
7064947
7064971
7065007
7065031
7065127
7065403
7065547
7065679
7065871
7065943
7066183
7066303
7066399
7066483
7066723
7066987
7067131
7067311
7067443
7067491
7067527
7067707
7067779
7067839
7067911
7068463
7068511
7068571
7068667
7068823
7069099
7069207
7069219
7069291
7069423
7069687
7069879
7070191
7070227
7070431
7070551
7070587
7070611
7070731
7071151
7071187
7071199
7071367
7071451
7071607
7071619
7071703
7071739
7071859
7071907
7071943
7071991
7072171
7072447
7072531
7072591
7072603
7072771
7072831
7072927
7072963
7072987
7073023
7073347
7073383
7073467
7073503
7073527
7073707
7073839
7073851
7073863
7073959
7074187
7074367
7074391
7074799
7074883
7074931
7074943
7075039
7075147
7075183
7075231
7075303
7075687
7075699
7075759
7075879
7076119
7076143
7076191
7076263
7076791
7077163
7077211
7077223
7077391
7077487
7077667
7077691
7077751
7078147
7078339
7078387
7078399
7078471
7078711
7078891
7079119
7079251
7079323
7079431
7079539
7079767
7080259
7080439
7080487
7080547
7080583
7080739
7080847
7080907
7080991
7081099
7081279
7081339
7081387
7081411
7081603
7081747
7081759
7081891
7082071
7082107
7082323
7082431
7082563
7082599
7082671
7082899
7082923
7082983
7083151
7083187
7083211
7083247
7083331
7083463
7083487
7083499
7083547
7083607
7083667
7083763
7083823
7083871
7083943
7084123
7084471
7084687
7084807
7084879
7084927
7084951
7085047
7085059
7085083
7085359
7085371
7085443
7085779
7085839
7086067
7086103
7086283
7086319
7086427
7086451
7086511
7086571
7086679
7086811
7087027
7087039
7087063
7087099
7087123
7087207
7087543
7087567
7087603
7087723
7087867
7087891
7088407
7088467
7088479
7088611
7088659
7088827
7089007
7089031
7089211
7089307
7089403
7089559
7089619
7089787
7089991
7090087
7090327
7090519
7090639
7090687
7090747
7090771
7091083
7091143
7091179
7091239
7091251
7091263
7091323
7091419
7091527
7091599
7091671
7091683
7091779
7091899
7091911
7092367
7092439
7092511
7092691
7093003
7093291
7093447
7093651
7093771
7093819
7093987
7094179
7094203
7094383
7094551
7094587
7094779
7094851
7094887
7095031
7095199
7095271
7095619
7095631
7095667
7095679
7095967
7096147
7096183
7096363
7096459
7096651
7096867
7096879
7097119
7097323
7097683
7097767
7097803
7097983
7098019
7098079
7098151
7098187
7098271
7098331
7098439
7098499
7098859
7098943
7098967
7099063
7099123
7099207
7099231
7099459
7099507
7099627
7099843
7099927
7100131
7100143
7100239
7100311
7100371
7100419
7100647
7100671
7100683
7100791
7100839
7100959
7100983
7101067
7101091
7101247
7101439
7101463
7101811
7102231
7102279
7102411
7102591
7102663
7102807
7102819
7102987
7103839
7103851
7103923
7103959
7104103
7104127
7104463
7104667
7104751
7104763
7104919
7104967
7104991
7105207
7105243
7105699
7105759
7105831
7105927
7106083
7106179
7106227
7106251
7106371
7106431
7106443
7106503
7106863
7107043
7107187
7107559
7107631
7107847
7108303
7108471
7108711
7108819
7108963
7108999
7109071
7109083
7109107
7109119
7109503
7109527
7109551
7109671
7109731
7109779
7109827
7109899
7110511
7110871
7110907
7111123
7111303
7111399
7111411
7111651
7111747
7111759
7111771
7111843
7111903
7111987
7112167
7112191
7112227
7112263
7112431
7112551
7112659
7112779
7112887
7112983
7113319
7113343
7114039
7114147
7114171
7114351
7114399
7114423
7114579
7114711
7114951
7114963
7114999
7115191
7115539
7115611
7115791
7115971
7116379
7116511
7116619
7116631
7116799
7116847
7116871
7116943
7117027
7117171
7117303
7117387
7117447
7117519
7117567
7117927
7117939
7117987
7118107
7118239
7118719
7118791
7119067
7119103
7119139
7119247
7119271
7119283
7119439
7119751
7120039
7120123
7120147
7120159
7120303
7120411
7120447
7120471
7120543
7120723
7120891
7120903
7120963
7120999
7121347
7121407
7121731
7121767
7121839
7121923
7122079
7122091
7122307
7122559
7122667
7122859
7123003
7123027
7123159
7123279
7123339
7123447
7123579
7123747
7123771
7123903
7124083
7124179
7124287
7124443
7124707
7124731
7124911
7125067
7125187
7125583
7125847
7126123
7126183
7126591
7126627
7126699
7127203
7127287
7127311
7127431
7127467
7127479
7127587
7127719
7127767
7127779
7127803
7127971
7128031
7128259
7128427
7128691
7128907
7128943
7128991
7129159
7129183
7129219
7129231
7129483
7129519
7129687
7129831
7130083
7130119
7130359
7130407
7130551
7130707
7130731
7130791
7130911
7131139
7131379
7131559
7131703
7131847
7131967
7132063
7132123
7132243
7132327
7132423
7132459
7132603
7132651
7132891
7133107
7133239
7133587
7133647
7133719
7133827
7133839
7133851
7133899
7133983
7134079
7134091
7134199
7134223
7134307
7134331
7134427
7134511
7134739
7134979
7135027
7135123
7135171
7135207
7135351
7135423
7135459
7135483
7135591
7135771
7136023
7136131
7136167
7136179
7136203
7136383
7136431
7136491
7136539
7136611
7136659
7136863
7136887
7136971
7137439
7137463
7137583
7137631
7137763
7137859
7138039
7138123
7138399
7138771
7138867
7138987
7139023
7139299
7139311
7139659
7139731
7140127
7140163
7140247
7140271
7140379
7140439
7140499
7140547
7140823
7140883
7141219
7141291
7141471
7141531
7141567
7141639
7141723
7141759
7141903
7141963
7142011
7142299
7142371
7142479
7142659
7142791
7142899
7143079
7143139
7143187
7143223
7143379
7143439
7143667
7143679
7143691
7143883
7143979
7144051
7144339
7144351
7144387
7144447
7144519
7144531
7144999
7145071
7145179
7145251
7145503
7145587
7145599
7145707
7145923
7146283
7146463
7146619
7146691
7146871
7147039
7147219
7147303
7147339
7147351
7147471
7147663
7147831
7147879
7148131
7148203
7148299
7148419
7148611
7148839
7148923
7149019
7149271
7149379
7149523
7149823
7150027
7150147
7150279
7150399
7150483
7150543
7150651
7150747
7150867
7150963
7151143
7151227
7151503
7151623
7151659
7151983
7152007
7152367
7152547
7152559
7152571
7152583
7152703
7152991
7153339
7153387
7153411
7153423
7153579
7153711
7153771
7153843
7154023
7154239
7154491
7154923
7155019
7155067
7155331
7155367
7155391
7155403
7155439
7156111
7156183
7156291
7156327
7156411
7156603
7156627
7156663
7156843
7156987
7157011
7157239
7157299
7157443
7157611
7157659
7157803
7157863
7158223
7158247
7158271
7158583
7158631
7158847
7158919
7158967
7159063
7159147
7159843
7159891
7159927
7159939
7160227
7160467
7160539
7160551
7160623
7160683
7160731
7160899
7160947
7160971
7161139
7161547
7161703
7162087
7162303
7162711
7162747
7162783
7162807
7162843
7162951
7162963
7162999
7163011
7163059
7163179
7163251
7163347
7163503
7163539
7163683
7163719
7164043
7164139
7164319
7164499
7164571
7164583
7164763
7164931
7165003
7165051
7165267
7165579
7165663
7166167
7166407
7166443
7166491
7166563
7166647
7166659
7166839
7167019
7167103
7167163
7167343
7167463
7167607
7167739
7167967
7167991
7168219
7168243
7168279
7168411
7168459
7168723
7169167
7169179
7169551
7169599
7169647
7169779
7169947
7169983
7170019
7170103
7170199
7170259
7170271
7170343
7170403
7170439
7170739
7170811
7170907
7171051
7171159
7171267
7171279
7171291
7171327
7171663
7171711
7171783
7171951
7171999
7172131
7172167
7172287
7172383
7172467
7172707
7172719
7172863
7172923
7173139
7173379
7173547
7173571
7173703
7173823
7174399
7174591
7174987
7175059
7175107
7175191
7175551
7175587
7175983
7176343
7176691
7176823
7177039
7177063
7177147
7177327
7177351
7177531
7177711
7177783
7178011
7178023
7178071
7178107
7178251
7178287
7178299
7178467
7178623
7178659
7178971
7179019
7179079
7179127
7179547
7179919
7179943
7180051
7180099
7180279
7180351
7180399
7180567
7180819
7180843
7181131
7181203
7181323
7181431
7181443
7181719
7181851
7182067
7182139
7182223
7182727
7182751
7182943
7183327
7183411
7183483
7183591
7183699
7183963
7183987
7184011
7184059
7184407
7184479
7184647
7184923
7185019
7185091
7185151
7185247
7185307
7185391
7185523
7185931
7185967
7185979
7186639
7186759
7186771
7186831
7187119
7187251
7187503
7187683
7187743
7187767
7188031
7188151
7188163
7188451
7188523
7188691
7188703
7188847
7188871
7188919
7188991
7189027
7189123
7189267
7189339
7189423
7189459
7189519
7189603
7189627
7189747
7189879
7190023
7190311
7190527
7190851
7190971
7191211
7191319
7191439
7191511
7191763
7191859
7191931
7191967
7192183
7192231
7192303
7192483
7192579
7192807
7193203
7193299
7193371
7193707
7193731
7194067
7194427
7194487
7194703
7194751
7194799
7194919
7195003
7195039
7195291
7195303
7195327
7195351
7195387
7195423
7195579
7195687
7195759
7195939
7195963
7196011
7196047
7196191
7196227
7196251
7196359
7196479
7196647
7196659
7196767
7197571
7197739
7197907
7198099
7198159
7198267
7198423
7198447
7198771
7198963
7198999
7199107
7199167
7199323
7199371
7199419
7199431
7199683
7199839
7199911
7200043
7200187
7200223
7200343
7200451
7200511
7200619
7200643
7200859
7201123
7201147
7201267
7201531
7201543
7201651
7201687
7201699
7202119
7202131
7202599
7202659
7202803
7203151
7203247
7203319
7203379
7203667
7203739
7203883
7203943
7204003
7204123
7204339
7204423
7204471
7204507
7204831
7204891
7205119
7205179
7205587
7205911
7206223
7206259
7206307
7206547
7206631
7206811
7206847
7206907
7206919
7206943
7207087
7207147
7207231
7207243
7207339
7207351
7207891
7207987
7208143
7208419
7208491
7208779
7208827
7208899
7208983
7209031
7209187
7209211
7209247
7209259
7209427
7209439
7209451
7209679
7209823
7210639
7210663
7210699
7210807
7210939
7211119
7211131
7211371
7211599
7211839
7211899
7212019
7212211
7212259
7212319
7212379
7212487
7212523
7213243
7213291
7213351
7213471
7213603
7213639
7213747
7213819
7213903
7214143
7214191
7214323
7214503
7214611
7214791
7214947
7215067
7215223
7215451
7215499
7215739
7215811
7215919
7216159
7216423
7216567
7216663
7216711
7216879
7216987
7217047
7217059
7217071
7217167
7217191
7217323
7217527
7217611
7217659
7217671
7217779
7217863
7217887
7218139
7218247
7218259
7218331
7218391
7218439
7218763
7218787
7218859
7218907
7218979
7219327
7219507
7219603
7219687
7219831
7219903
7219939
7220107
7220131
7220167
7220299
7220347
7220371
7220443
7220491
7220743
7220803
7221199
7221283
7221391
7221523
7221811
7221847
7221859
7221967
7222063
7222087
7222099
7222183
7222219
7222279
7222507
7222627
7222723
7223119
7223143
7223179
7223323
7223443
7223647
7223659
7223683
7223731
7223791
7223911
7224499
7224667
7225063
7225123
7225279
7225303
7225483
7225531
7225711
7225747
7225807
7225951
7226059
7226431
7226563
7226671
7227211
7227379
7227403
7227547
7227667
7227679
7227799
7227823
7227859
7228147
7228183
7228399
7228471
7228483
7228591
7228651
7228783
7228867
7228939
7228951
7229239
7229347
7229419
7229611
7229623
7229707
7230103
7230163
7230199
7230331
7230787
7231027
7231051
7231219
7231459
7231963
7232011
7232383
7232431
7232443
7232503
7232551
7232647
7232779
7233283
7233439
7233487
7233511
7233559
7233691
7233727
7233883
7233979
7233991
7234063
7234159
7234303
7234387
7234399
7234483
7234723
7234771
7234951
7235071
7235191
7235203
7235323
7235383
7235671
7235707
7236043
7236211
7236223
7237183
7237303
7237339
7237519
7237579
7237723
7237987
7238071
7238299
7238383
7238419
7238527
7238551
7238599
7238683
7238911
7238983
7239031
7239163
7239391
7239487
7239499
7239643
7239667
7239751
7239823
7239919
7240183
7240243
7240279
7240291
7240411
7240579
7240603
7240687
7241263
7241551
7241623
7241743
7241911
7242007
7242247
7242259
7242271
7242379
7242511
7242523
7242679
7242727
7242847
7242943
7243147
7243267
7243339
7243471
7243531
7243711
7243867
7243891
7243903
7244131
7244179
7244311
7244383
7244539
7244599
7244647
7244767
7244791
7244959
7245283
7245439
7245523
7245583
7245619
7245703
7245739
7245871
7245883
7245919
7246051
7246123
7246663
7246699
7246951
7247371
7247407
7247479
7247587
7247623
7247731
7247971
7248211
7248379
7248607
7248643
7248667
7248727
7248739
7249183
7249483
7249603
7249867
7249927
7250263
7250323
7250491
7250671
7250707
7250839
7251091
7251199
7251379
7251487
7251523
7251691
7251847
7251919
7252027
7252051
7252087
7252303
7252411
7252783
7252807
7252879
7252963
7253107
7253167
7253179
7253599
7253647
7253707
7254127
7254319
7254343
7254571
7254679
7255231
7255267
7255459
7255627
7255783
7255867
7255951
7256047
7256311
7256527
7256719
7256779
7256827
7256911
7256947
7257091
7257127
7257139
7257247
7257463
7257571
7257667
7257847
7258063
7258291
7258651
7258807
7258831
7258963
7259011
7259299
7259359
7259407
7259443
7259803
7259899
7260007
7260079
7260199
7260283
7260307
7260439
7260619
7260667
7260691
7260703
7260739
7261027
7261087
7261207
7261231
7261279
7261459
7261627
7261699
7261747
7261783
7261999
7262023
7262071
7262467
7262719
7262851
7262923
7263031
7263103
7263367
7263391
7263439
7263583
7263679
7263727
7263787
7263799
7263931
7263967
7264003
7264183
7264267
7264363
7264531
7264651
7264723
7264903
7264927
7265023
7265047
7265227
7265371
7265491
7265623
7265659
7265707
7265779
7265887
7265899
7265911
7265983
7266067
7266139
7266163
7266451
7266751
7266823
7267111
7267123
7267171
7267219
7267243
7267363
7267399
7267411
7267639
7267927
7268119
7268143
7268323
7268467
7268551
7268803
7269007
7269043
7269307
7269439
7269487
7269511
7269667
7269763
7269811
7269991
7270267
7270327
7270411
7270447
7270519
7270567
7270591
7270663
7270807
7270819
7270843
7270891
7271191
7271503
7271599
7271683
7271791
7272007
7272151
7272283
7272319
7272511
7272751
7272883
7272943
7273159
7273303
7273363
7273507
7273627
7273759
7273771
7273843
7273951
7273999
7274107
7274191
7274263
7274767
7274779
7274887
7275211
7275283
7275379
7275391
7275427
7275451
7275487
7275571
7275739
7275823
7275883
7275967
7276039
7276063
7276099
7276123
7276219
7276471
7276903
7277371
7277503
7277659
7277719
7277731
7278031
7278151
7278199
7278259
7278343
7278547
7278619
7278811
7278847
7278883
7279231
7279267
7279351
7279759
7279939
7279999
7280011
7280311
7280323
7280491
7280503
7280563
7280599
7280671
7281031
7281247
7281283
7281403
7281487
7281679
7281787
7281919
7282087
7282123
7282291
7282411
7282507
7282591
7282831
7282843
7282903
7282939
7282999
7283119
7283299
7283407
7283623
7283659
7283839
7284367
7284463
7284631
7284799
7284811
7284943
7285711
7285723
7285891
7285903
7286011
7286119
7286311
7286683
7286803
7286887
7286947
7287019
7287043
7287103
7287199
7287211
7287331
7287367
7287547
7287703
7287727
7287799
7287919
7287979
7287991
7288123
7288159
7288231
7288339
7288399
7288459
7288531
7288591
7288843
7288927
7289047
7289071
7289167
7289287
7289959
7290043
7290187
7290271
7290391
7290403
7290511
7290523
7290643
7290691
7290799
7290883
7290979
7291111
7291363
7291411
7291447
7291663
7291723
7291831
7291903
7291927
7291939
7292011
7292059
7292203
7292227
7292407
7292479
7292491
7292563
7292707
7292731
7292767
7292839
7293067
7293199
7293271
7293487
7293523
7293607
7293667
7293919
7293931
7294279
7294687
7294711
7294723
7295203
7295287
7295551
7295611
7295719
7295731
7295863
7296127
7296259
7296403
7296739
7296763
7296979
7297027
7297231
7297567
7297603
7297627
7297711
7297891
7298059
7298131
7298143
7298191
7298503
7298647
7298827
7298971
7299079
7299163
7299367
7299427
7299463
7299499
7299907
7300231
7300303
7300339
7300399
7300543
7300831
7301131
7301299
7301431
7301563
7301587
7301851
7302103
7302271
7302307
7302319
7302787
7302931
7303111
7303147
7303279
7303519
7303687
7303783
7303951
7304107
7304131
7304359
7304431
7304443
7304587
7304719
7304971
7305307
7305343
7305379
7305511
7305523
7305547
7305583
7305751
7305871
7306027
7306207
7306267
7306303
7306339
7306531
7306543
7306771
7306987
7307239
7307359
7307683
7307743
7307863
7308019
7308031
7308403
7308439
7308583
7308907
7308967
7308991
7309039
7309219
7309567
7309723
7309843
7309879
7309891
7309903
7309987
7310167
7310263
7310299
7310311
7310491
7310551
7310827
7310851
7310959
7311091
7311127
7311463
7311679
7311823
7311859
7311883
7311943
7312171
7312243
7312387
7312399
7312531
7312639
7312699
7312759
7312819
7312831
7313083
7313203
7313323
7313419
7313443
7313611
7313671
7313863
7313983
7314067
7314127
7314211
7314331
7314511
7314547
7314631
7314883
7314919
7315027
7315447
7315459
7315747
7315807
7315843
7315939
7315951
7315963
7316107
7316119
7316131
7316143
7316167
7316203
7316359
7316371
7316971
7317043
7317067
7317187
7317283
7317511
7317619
7317787
7317859
7318039
7318159
7318303
7318327
7318351
7318543
7318627
7318723
7318867
7319119
7319239
7319383
7319623
7319659
7319779
7319947
7320067
7320199
7320211
7320343
7320451
7320679
7320787
7320823
7320979
7321687
7321927
7322179
7322251
7322299
7322407
7322551
7322611
7322827
7322839
7322911
7323163
7323331
7323367
7323439
7323523
7323571
7323763
7324027
7324171
7324351
7324423
7324459
7324531
7324591
7324771
7324843
7324939
7324951
7324963
7325239
7325503
7325671
7325779
7325947
7325959
7326079
7326307
7326511
7326559
7326619
7326931
7326967
7327447
7327543
7327627
7327699
7328023
7328239
7328263
7328383
7328443
7328539
7328551
7328779
7329031
7329103
7329163
7329271
7329967
7330207
7330363
7330471
7330627
7330711
7330747
7330831
7331011
7331047
7331083
7331167
7331179
7331299
7331323
7331347
7331383
7331479
7331563
7331647
7331683
7331719
7331839
7331923
7332079
7332379
7332487
7332511
7332691
7332811
7332847
7332991
7333231
7333243
7333279
7333327
7333387
7333423
7333591
7333771
7333891
7334023
7334059
7334287
7334347
7334359
7334611
7334647
7334827
7334839
7334863
7335079
7335103
7335283
7335403
7335439
7335907
7335931
7335943
7335967
7336267
7336327
7336687
7336699
7336759
7336807
7337227
7337767
7337839
7337983
7338031
7338307
7338343
7338379
7338391
7338607
7338787
7338823
7338907
7339027
7339159
7339243
7339363
7339399
7339447
7339543
7339603
7340071
7340083
7340119
7340299
7340539
7340647
7340731
7340803
7340899
7341199
7341427
7341811
7341871
7341907
7341979
7342051
7342099
7342459
7342471
7342603
7342807
7342903
7343023
7343263
7343359
7343383
7343599
7343719
7343827
7343863
7343971
7344223
7344247
7344319
7344331
7344367
7344451
7344679
7344763
7344823
7344991
7345123
7345291
7345423
7345483
7345627
7345699
7345867
7346083
7346167
7346191
7346347
7346527
7346551
7346623
7346767
7346803
7347139
7347163
7347259
7347271
7347559
7347631
7347667
7348111
7348171
7348207
7348279
7348351
7348387
7348423
7348447
7348603
7348639
7348651
7348711
7348843
7348987
7349047
7349071
7349119
7349191
7349239
7349323
7349539
7349611
7349647
7349743
7349911
7349983
7350127
7350631
7350691
7350703
7350883
7351087
7351147
7351207
7351447
7351627
7351699
7351783
7351807
7351963
7351987
7352071
7352179
7352251
7352431
7352491
7352599
7352659
7352671
7352707
7352827
7353223
7353679
7353943
7354063
7354111
7354147
7354219
7354267
7354327
7354483
7354903
7354939
7355011
7355191
7355263
7355311
7355347
7355431
7355443
7355767
7355911
7355947
7356031
7356091
7356103
7356199
7356247
7356463
7356499
7356823
7356859
7356883
7356991
7357003
7357183
7357219
7357639
7357747
7357891
7357939
7357963
7358287
7358359
7358371
7358383
7358479
7358503
7358731
7358851
7358983
7359007
7359727
7359763
7359811
7359907
7360027
7360063
7360123
7360159
7360231
7360459
7360699
7360807
7360819
7360831
7360987
7361071
7361083
7361131
7361143
7361287
7361359
7361407
7361467
7361671
7361743
7361803
7361923
7362031
7362391
7362427
7362463
7362499
7362907
7363003
7363039
7363219
7363327
7363579
7363627
7363747
7364023
7364059
7364083
7364299
7364311
7364479
7364527
7364551
7364743
7364767
7364923
7365139
7365247
7365283
7365343
7365367
7365499
7365667
7365751
7365823
7365847
7365979
7366063
7366147
7366399
7366507
7366651
7366687
7366903
7366939
7367359
7367407
7367587
7367947
7368079
7368091
7368223
7368367
7368379
7368583
7368631
7368811
7368931
7368943
7369003
7369123
7369183
7369267
7369291
7369399
7369447
7369639
7369699
7369711
7370059
7370323
7370359
7370431
7370791
7370827
7370887
7370899
7371019
7371223
7371391
7371631
7371643
7371787
7371883
7372147
7372159
7372219
7372411
7372447
7372591
7372867
7372987
7373011
7373059
7373227
7373251
7373479
7373491
7373503
7373599
7373659
7373719
7373851
7373887
7373983
7374019
7374127
7374163
7374247
7374271
7374307
7374427
7374463
7374643
7374667
7374739
7374751
7374811
7374859
7374883
7374967
7375471
7375579
7375867
7376107
7376143
7376191
7376311
7376323
7376359
7376407
7376443
7376683
7376899
7376983
7377151
7377259
7377367
7377583
7377607
7377739
7378087
7378123
7378243
7378339
7378447
7378531
7378639
7378771
7378879
7379107
7379287
7379347
7379431
7379503
7379707
7379947
7380031
7380067
7380103
7380199
7380223
7380547
7380643
7380679
7380691
7380799
7381267
7381411
7381831
7381879
7382047
7382119
7382227
7382407
7382899
7382959
7382983
7383007
7383127
7383163
7383223
7383631
7383751
7383811
7383823
7383847
7384099
7384147
7384459
7384567
7384651
7384747
7385083
7385107
7385299
7385359
7385407
7385467
7385503
7385659
7385767
7386367
7386523
7386739
7386811
7386871
7387459
7387651
7387927
7387987
7388167
7388203
7388287
7388431
7388527
7388683
7388779
7388851
7389079
7389139
7389247
7389331
7389607
7389619
7389787
7389871
7390111
7390231
7390423
7390507
7390651
7390723
7390759
7390771
7390987
7391011
7391179
7391599
7391623
7391803
7391827
7391911
7392139
7392211
7392247
7392559
7392967
7393003
7393027
7393039
7393063
7393171
7393207
7393219
7393363
7393471
7393567
7394119
7394131
7394143
7394347
7394551
7394767
7394911
7395007
7395043
7395067
7395163
7395307
7395379
7395547
7395691
7395919
7396171
7396243
7396303
7396423
7396699
7396747
7396843
7397107
7397347
7397443
7397491
7397527
7397647
7397851
7398211
7398403
7398439
7398583
7398667
7398763
7398823
7399003
7399291
7399339
7399411
7399591
7399627
7399663
7399687
7399771
7399831
7400011
7400023
7400251
7400347
7400527
7400803
7400863
7400923
7401091
7401139
7401283
7401379
7401403
7401571
7401799
7401871
7402303
7402399
7402891
7403119
7403191
7403251
7403371
7403479
7403707
7403791
7403827
7403899
7403971
7404031
7404223
7404307
7404343
7404379
7404451
7404931
7405303
7405483
7405639
7405663
7405771
7405831
7405891
7405927
7406323
7406383
7406563
7406719
7406743
7406899
7407007
7407139
7407187
7407271
7407571
7407871
7408087
7408183
7408279
7409047
7409119
7409191
7409299
7409407
7409431
7409551
7409599
7409767
7409839
7409911
7409947
7410103
7410451
7410523
7410607
7410811
7410847
7410859
7410919
7411039
7411123
7411171
7411207
7411291
7411399
7411423
7411519
7411531
7412059
7412179
7412191
7412227
7412287
7412443
7412467
7412539
7412623
7412707
7412791
7412971
7413019
7413271
7413331
7413559
7413583
7413691
7413871
7413919
7413979
7414087
7414339
7414531
7414663
7414699
7414783
7414819
7414843
7414987
7415251
7415599
7415647
7415743
7415827
7416007
7416043
7416139
7416151
7416187
7416259
7416379
7416463
7416571
7416679
7416931
7417099
7417411
7417507
7417759
7418023
7418311
7418347
7418371
7418419
7418503
7418599
7418731
7418779
7418947
7419007
7419019
7419031
7419067
7419079
7419103
7419691
7419751
7419787
7419931
7419967
7419991
7420003
7420111
7420243
7420459
7421083
7421143
7421251
7421371
7421587
7421683
7421863
7422199
7422223
7422379
7422487
7422691
7422871
7423027
7423231
7423267
7423387
7423783
7423807
7423879
7423891
7424023
7424107
7424539
7424707
7424719
7424959
7424983
7425043
7425199
7425259
7425307
7425331
7425391
7425547
7425571
7425631
7425739
7425931
7425967
7426087
7426183
7426219
7426231
7426411
7426483
7426543
7427023
7427083
7427131
7427443
7427467
7427731
7427779
7427887
7427947
7428283
7428307
7428571
7428703
7428859
7429003
7429039
7429111
7429231
7429291
7429531
7429687
7429783
7429879
7429951
7430107
7430179
7430251
7430263
7430419
7430623
7430947
7431019
7431031
7431343
7431367
7431379
7431583
7431727
7431799
7431871
7432099
7432231
7432279
7432483
7432543
7432639
7432807
7432951
7432987
7433011
7433059
7433143
7433287
7433323
7433431
7433527
7433863
7434103
7434283
7434367
7434607
7434799
7435159
7435291
7435303
7435399
7435411
7435471
7435591
7435663
7435843
7435867
7435903
7436131
7436227
7436347
7436479
7436491
7436707
7436887
7436983
7437091
7437499
7437631
7438099
7438363
7438399
7438423
7438687
7438759
7438891
7438939
7439083
7439191
7439323
7439371
7439407
7439623
7439647
7439767
7439791
7439827
7440091
7440127
7440151
7440163
7440547
7440619
7440739
7440859
7441411
7441639
7441663
7441747
7441927
7441999
7442023
7442203
7442371
7442431
7442563
7442863
7442959
7443043
7443211
7443451
7443463
7443487
7443571
7443607
7443679
7443727
7443823
7443979
7444159
7444183
7444231
7444267
7444483
7444627
7444651
7444687
7444951
7445047
7445311
7445323
7445443
7445551
7445707
7445719
7445803
7445839
7445959
7446067
7446211
7446247
7446259
7446343
7446463
7446487
7446631
7446643
7446679
7446931
7447243
7447399
7447483
7447903
7447939
7447963
7448047
7448083
7448107
7448179
7448407
7448719
7448743
7448863
7448971
7449103
7449151
7449223
7449319
7449487
7449511
7449667
7449811
7449979
7450039
7450123
7450231
7450351
7450699
7450747
7450843
7450987
7451263
7452007
7452079
7452223
7452499
7452583
7452727
7452751
7452787
7452859
7452967
7452979
7453003
7453447
7453723
7453843
7453879
7453987
7454311
7454563
7454611
7454767
7454779
7454791
7454851
7454947
7454983
7455031
7455067
7455103
7455307
7455379
7455499
7455667
7455739
7455823
7456003
7456039
7456171
7456291
7456327
7456459
7456507
7456639
7456963
7457071
7457119
7457179
7457299
7457371
7457479
7457839
7458151
7458379
7458403
7458487
7458511
7458559
7458907
7459027
7459087
7459159
7459279
7459603
7459999
7460143
7460419
7460503
7460611
7460623
7460683
7460779
7460851
7460983
7461031
7461211
7461247
7461763
7461943
7462159
7462471
7462579
7462591
7462843
7463059
7463347
7463671
7463803
7463887
7463923
7464007
7464187
7464199
7464559
7464859
7464883
7464979
7465027
7465039
7465063
7465099
7465219
7465243
7465291
7465303
7465387
7465399
7465663
7465687
7465747
7465831
7466287
7466323
7466359
7466647
7466671
7466731
7467127
7467151
7467259
7467307
7467487
7467511
7467667
7467871
7467907
7467979
7468459
7468507
7468663
7468711
7468759
7468807
7468819
7468891
7468927
7468999
7469179
7469311
7469347
7469599
7469911
7469923
7470187
7470223
7470247
7470283
7470367
7470391
7470427
7470511
7470643
7471147
7471291
7471339
7471423
7471591
7471603
7471831
7471939
7472011
7472167
7472383
7472431
7472611
7472659
7472863
7473031
7473127
7473451
7473463
7473607
7473679
7474003
7474171
7474183
7474459
7474507
7474567
7474603
7474759
7474783
7474867
7475047
7475071
7475179
7475263
7475287
7475383
7475467
7475551
7475599
7475623
7475647
7475827
7476019
7476043
7476151
7476211
7476307
7476439
7476451
7476559
7476643
7476691
7477123
7477159
7477243
7477303
7477471
7477543
7477711
7477999
7478131
7478371
7478467
7478563
7478683
7478707
7478767
7478791
7478959
7478971
7478983
7479019
7479223
7479391
7479427
7479487
7479547
7479631
7479691
7479931
7480111
7480147
7480219
7480339
7480411
7480519
7480591
7480651
7480687
7481083
7481167
7481191
7481203
7481263
7481407
7481491
7481563
7481779
7481983
7482283
7482451
7482691
7483039
7483243
7483423
7483627
7483747
7483783
7483867
7484011
7484251
7484287
7484371
7484551
7484839
7484899
7485019
7485091
7485367
7485403
7485631
7485679
7485727
7485811
7486051
7486243
7486279
7486327
7486411
7486459
7486603
7486711
7486951
7487107
7487131
7487419
7487743
7487827
7487863
7488067
7488163
7488499
7488511
7488643
7489051
7489243
7489579
7489771
7489939
7489987
7490023
7490143
7490191
7490407
7490419
7490443
7490767
7490803
7490839
7490851
7491091
7491199
7491247
7491343
7491559
7491607
7491667
7491811
7491823
7492567
7492867
7493251
7493263
7493287
7493371
7493443
7493623
7493839
7493947
7494031
7494139
7494163
7494439
7494523
7494631
7494703
7494763
7494871
7494919
7495003
7495303
7495339
7495387
7495531
7495591
7495639
7495771
7495783
7496059
7496143
7496287
7496347
7496407
7496719
7496743
7497031
7497223
7497439
7497499
7497727
7497823
7497859
7497871
7497907
7497967
7498111
7498159
7498423
7498507
7498663
7498783
7498831
7498879
7498903
7498987
7498999
7499131
7499287
7499347
7499491
7499887
7500091
7500127
7500271
7500319
7500463
7500607
7500631
7500739
7500919
7500943
7501003
7501027
7501579
7501687
7501723
7501759
7501867
7501939
7502119
7502323
7502479
7502791
7502863
7503019
7503343
7503619
7503703
7503739
7503751
7503763
7504027
7504099
7504171
7504423
7504459
7504711
7504807
7505431
7505467
7505479
7505647
7505863
7505923
7506043
7506259
7506379
7506439
7506547
7506907
7506931
7507099
7507231
7507471
7507543
7507579
7507771
7507939
7508191
7508383
7508443
7508587
7508671
7508791
7508887
7508947
7509091
7509211
7509499
7509571
7509679
7509739
7509919
7510147
7510207
7510387
7510543
7510579
7510603
7510687
7510999
7511011
7511047
7511071
7511191
7511227
7511419
7511431
7511443
7511719
7511767
7512019
7512187
7512343
7512403
7512727
7512763
7512907
7512931
7513123
7513171
7513267
7513351
7513411
7513567
7513603
7513819
7513867
7513879
7513999
7514167
7514467
7514719
7514743
7514779
7514791
7514827
7514851
7514887
7515247
7515283
7515307
7515331
7515367
7515499
7515619
7515691
7515763
7515799
7515931
7515979
7516051
7516063
7516303
7516471
7516687
7516711
7516843
7516867
7516879
7516891
7516903
7516939
7516987
7517047
7517239
7517371
7517479
7517491
7517539
7517599
7517611
7517659
7518127
7518307
7518571
7518619
7518751
7519159
7519363
7519579
7519591
7519999
7520503
7520587
7520659
7520719
7520899
7520911
7521079
7521247
7521271
7521307
7521331
7521343
7521559
7522003
7522267
7522351
7522387
7522519
7522927
7523179
7523239
7523419
7523479
7523539
7523863
7524031
7524403
7524499
7524511
7524679
7524859
7524943
7524967
7525003
7525051
7525291
7525411
7525579
7525723
7525759
7525783
7526047
7526263
7526347
7527127
7527367
7527523
7527571
7527607
7527931
7528207
7528219
7528363
7528387
7528471
7528639
7528747
7528783
7528867
7528879
7528891
7528903
7529227
7529359
7529371
7529443
7529659
7529791
7530007
7530067
7530091
7530151
7530319
7530451
7530559
7530619
7530703
7530727
7530883
7531231
7531399
7531423
7531519
7531567
7531639
7531687
7531807
7531819
7532011
7532131
7532143
7532323
7532347
7532647
7533007
7533187
7533247
7533391
7533571
7533619
7533727
7533751
7533859
7533979
7534063
7534327
7534627
7534699
7534819
7535239
7535323
7535527
7535551
7535587
7535623
7535659
7535851
7536031
7536091
7536127
7536391
7536427
7536523
7536883
7537027
7537291
7537639
7537711
7537903
7537963
7538647
7538719
7538731
7538959
7539019
7539151
7539199
7539307
7539451
7539487
7539583
7539799
7539871
7539919
7539943
7540063
7540171
7540327
7540411
7540447
7540807
7541179
7541239
7541431
7541623
7541671
7541719
7541731
7541767
7541791
7541851
7541923
7542103
7542463
7542547
7542727
7542763
7542823
7542859
7542967
7543183
7543231
7543279
7543351
7543363
7543579
7543651
7543759
7543807
7543831
7543843
7544203
7544227
7544323
7544347
7544443
7544491
7544587
7544731
7544899
7544983
7545163
7545247
7545463
7545487
7545547
7545631
7545751
7545847
7545931
7546183
7546207
7546327
7546471
7546531
7546711
7546951
7547011
7547191
7547203
7547263
7547299
7547443
7547479
7547563
7547587
7547671
7547719
7547803
7548379
7548487
7548523
7548727
7548847
7548883
7548907
7549159
7549651
7549963
7549999
7550071
7550131
7550203
7550251
7550311
7550563
7550791
7550863
7551211
7551331
7551499
7551787
7551799
7551967
7551979
7552123
7552183
7552591
7552627
7552723
7552939
7553059
7553191
7553467
7553479
7553599
7553671
7553779
7553803
7553971
7554247
7554319
7554331
7554367
7554487
7554523
7554823
7554847
7555003
7555183
7555423
7555651
7555759
7555819
7555903
7555927
7556047
7556083
7556239
7556287
7556323
7556611
7556683
7556947
7557091
7557127
7557343
7557439
7557691
7557799
7557811
7557871
7557943
7558051
7558267
7558279
7558339
7558351
7558519
7558687
7558711
7558843
7559239
7559311
7559347
7559371
7559467
7559599
7559659
7559683
7559719
7559887
7559983
7560331
7560367
7560547
7560571
7560823
7561123
7561207
7561231
7561471
7561483
7561843
7561903
7562119
7562287
7562803
7562839
7562887
7562923
7563139
7563379
7563427
7563499
7563511
7563607
7563631
7563643
7563763
7563811
7564471
7564759
7564867
7564891
7565419
7565539
7565911
7566007
7566043
7566079
7566451
7566739
7566799
7567123
7567171
7567267
7567279
7567387
7567459
7567531
7567591
7567603
7567639
7567663
7568059
7568083
7568419
7568503
7568647
7568719
7568767
7568959
7569043
7569103
7569187
7569439
7569787
7569799
7569823
7569907
7569979
7570111
7570267
7570327
7570543
7570663
7570699
7570723
7570867
7571167
7571203
7571299
7571383
7571419
7571563
7571911
7572067
7572391
7572751
7572991
7573327
7573351
7573387
7573471
7573519
7573543
7573639
7573759
7573939
7574143
7574251
7574443
7574647
7574719
7574767
7574839
7575223
7575559
7575571
7575619
7575643
7575691
7576087
7576243
7576351
7576411
7576483
7576531
7576567
7576651
7576711
7577071
7577107
7577923
7578079
7578163
7578187
7578223
7578607
7578619
7578643
7578679
7578691
7578751
7578763
7578859
7578919
7579003
7579111
7579471
7579591
7579699
7580047
7580119
7580263
7580299
7580311
7580371
7580527
7580707
7580743
7580767
7580887
7581103
7581127
7581163
7581463
7581823
7581859
7581919
7582063
7582219
7582243
7582327
7582819
7582903
7583083
7583119
7583143
7583227
7583263
7583287
7583431
7583503
7583539
7583659
7583827
7584127
7584163
7584259
7584271
7584559
7584571
7584799
7584991
7585087
7585387
7585447
7585603
7585639
7585771
7585987
7586119
7586167
7586239
7586419
7586779
7586863
7586959
7587007
7587031
7587043
7587103
7587247
7587259
7587367
7587499
7587511
7587751
7587787
7588003
7588159
7588303
7588411
7588519
7588591
7588627
7588687
7588723
7588843
7588879
7589047
7589383
7589587
7589623
7589671
7589707
7590019
7590067
7590103
7590127
7590463
7590523
7590571
7590703
7590871
7591183
7591291
7591303
7591387
7591411
7591459
7591531
7591603
7591711
7591723
7591783
7592023
7592107
7592119
7592227
7592359
7592479
7592839
7592899
7593007
7593247
7593343
7593403
7593799
7593871
7594123
7594159
7594207
7594339
7594519
7594567
7594603
7594627
7594663
7594999
7595023
7595131
7595167
7595179
7595191
7595239
7595251
7595491
7595587
7595671
7595827
7596007
7596031
7596283
7596583
7596691
7596703
7596727
7596859
7597039
7597087
7597231
7597327
7597339
7597411
7597483
7597651
7598191
7598359
7598467
7598707
7598839
7598959
7599367
7599379
7599451
7599607
7599751
7599919
7600039
7600183
7600231
7600303
7600459
7600471
7600543
7600843
7600927
7601131
7601287
7601323
7601647
7601779
7601947
7602187
7602307
7602367
7602403
7602487
7602547
7602631
7602643
7602703
7602943
7603027
7603051
7603171
7603231
7603279
7603399
7603627
7603867
7603891
7604059
7604131
7604239
7604563
7604587
7604671
7604683
7605127
7605151
7605223
7605331
7605427
7605463
7605607
7605727
7605751
7605799
7606051
7606063
7606147
7606231
7606243
7606303
7606471
7606663
7606843
7606987
7607071
7607167
7607203
7607443
7607491
7607527
7607671
7607707
7607911
7607983
7608043
7608079
7608487
7608499
7608631
7608751
7608847
7609039
7609099
7609207
7609219
7609423
7609543
7609639
7609807
7609831
7609891
7609963
7610179
7610347
7610371
7610503
7610971
7611127
7611187
7611283
7611379
7612051
7612063
7612207
7612351
7612603
7612663
7612723
7612771
7612783
7612831
7612879
7612963
7613071
7613251
7613539
7613647
7613719
7613779
7613791
7613923
7614067
7614199
7614331
7614391
7614427
7614463
7614511
7614571
7614619
7615039
7615051
7615123
7615147
7615159
7615483
7615519
7615723
7615759
7615807
7615879
7615963
7616239
7616263
7616347
7616503
7616551
7616563
7616911
7617019
7617199
7617559
7617607
7617679
7617931
7618027
7618243
7618399
7618423
7618447
7618459
7618687
7619011
7619047
7619107
7619119
7619191
7619659
7619827
7619839
7620259
7620343
7620523
7620559
7620619
7620703
7620871
7620883
7620931
7621087
7621099
7621111
7621123
7621483
7621639
7621843
7622179
7622491
7622611
7622779
7623079
7623211
7623247
7623403
7623727
7623859
7623907
7624219
7624231
7624291
7624411
7624663
7624723
7624759
7624831
7625011
7625119
7625227
7625419
7625551
7625851
7626127
7626247
7626559
7626667
7626991
7627003
7627027
7627063
7627111
7627351
7627423
7627603
7627831
7628011
7628083
7628119
7628143
7628191
7628251
7628323
7628407
7629043
7629079
7629091
7629487
7629631
7629691
7629799
7629883
7630087
7630159
7630171
7630279
7630303
7630423
7630459
7630891
7630927
7630939
7630999
7631131
7631251
7631359
7631383
7631563
7632007
7632187
7632211
7632511
7632871
7633039
7633111
7633123
7633147
7633267
7633291
7633363
7633399
7633519
7633543
7633579
7633807
7634083
7634119
7634131
7634203
7634299
7634443
7634527
7634863
7634923
7635031
7635139
7635319
7635343
7636003
7636099
7636267
7636351
7636579
7636963
7637251
7637407
7637551
7637599
7637647
7637659
7637719
7637803
7638271
7638283
7638331
7638403
7638523
7638619
7638727
7638979
7638991
7639123
7639147
7639339
7639603
7639663
7639699
7639771
7639927
7640023
7640047
7640359
7640371
7640419
7640827
7641079
7641103
7641223
7641259
7641511
7641679
7641847
7641979
7642111
7642183
7642267
7642543
7642627
7642867
7642939
7643023
7643191
7643203
7643347
7643371
7643539
7643731
7644199
7644367
7644523
7644547
7644823
7644991
7645387
7645411
7645423
7645507
7645579
7645783
7646047
7646059
7646071
7646083
7646299
7646323
7646659
7646731
7646803
7647091
7647151
7647223
7647259
7647487
7647691
7647763
7647883
7648171
7648219
7648243
7648411
7648687
7648747
7648843
7648891
7648951
7648987
7649023
7649311
7649347
7649431
7649539
7649599
7649671
7649959
7650031
7650319
7650763
7651087
7651159
7651339
7651507
7651591
7651627
7651759
7651867
7651879
7651951
7652011
7652059
7652083
7652191
7652347
7652503
7652551
7652731
7652863
7653031
7653103
7653211
7653307
7653391
7653403
7653427
7653847
7653967
7654243
7654567
7654627
7654687
7654831
7654939
7655071
7655227
7655443
7655587
7655611
7655719
7656007
7656043
7656247
7656331
7656379
7656643
7656991
7657159
7657291
7657831
7657891
7658323
7658383
7658647
7658743
7659079
7659187
7659283
7659403
7659427
7659727
7659787
7659811
7660039
7660231
7660291
7660339
7660459
7660507
7660531
7660699
7661119
7661299
7661803
7661827
7661851
7662091
7662139
7662211
7662247
7662307
7662463
7662751
7663063
7663147
7663171
7663207
7663387
7663399
7663459
7663567
7664047
7664179
7664203
7664227
7664407
7664551
7664611
7664791
7664803
7664887
7664971
7664983
7665127
7665271
7665439
7665547
7665583
7665667
7666027
7666171
7666279
7666423
7666591
7666639
7666699
7666819
7666999
7667047
7667383
7667467
7667707
7667719
7667827
7667971
7668079
7668391
7668403
7668559
7668823
7669303
7669447
7669579
7669687
7669699
7669723
7669759
7669843
7669951
7670023
7670083
7670191
7670203
7670491
7670503
7670947
7671091
7671319
7671343
7671451
7671463
7671487
7671523
7671571
7671679
7671751
7671967
7672099
7672111
7672507
7672783
7672867
7672999
7673011
7673047
7673227
7673311
7673431
7673539
7673791
7674091
7674451
7674487
7674523
7674691
7674883
7675207
7675567
7675747
7675771
7676083
7676311
7676359
7676419
7676491
7676671
7676719
7676743
7676791
7676827
7676887
7676923
7676959
7676971
7677031
7677079
7677151
7677223
7677283
7677487
7677511
7677679
7677799
7677823
7678051
7678087
7678171
7678183
7678291
7678387
7678507
7679323
7679383
7679443
7679479
7679911
7680067
7680103
7680667
7680847
7680859
7681039
7681147
7681243
7681363
7681411
7681507
7681543
7681783
7681819
7681867
7681939
7682083
7682107
7682431
7682491
7682551
7682659
7682683
7682911
7683259
7683271
7683343
7683367
7683727
7683943
7683967
7684207
7684423
7684447
7684483
7684711
7684771
7684819
7684891
7684903
7685023
7685143
7685383
7685527
7685647
7685707
7685791
7685827
7686067
7686139
7686187
7686199
7686223
7686271
7686319
7686331
7686619
7686691
7686727
7686751
7686859
7686871
7687003
7687219
7687327
7687399
7687447
7687483
7687627
7687651
7687663
7687699
7687831
7688011
7688299
7688419
7688671
7688731
7688839
7688887
7688983
7689103
7689139
7689211
7689391
7689499
7689631
7689667
7689859
7689931
7690399
7690519
7690567
7690603
7690651
7690807
7690831
7690843
7690867
7690927
7691071
7691347
7691419
7691443
7691479
7691623
7691659
7691839
7691899
7691911
7692019
7692043
7692331
7692343
7692799
7692847
7692943
7693123
7693159
7693267
7693303
7693351
7693459
7693531
7693927
7693963
7693999
7694143
7694287
7694311
7694383
7694431
7694647
7694683
7694923
7694971
7695043
7695139
7695307
7695319
7695463
7695763
7695979
7696123
7696363
7696411
7696483
7696879
7696951
7697059
7697119
7697551
7697947
7698319
7698547
7698631
7698643
7698679
7698703
7698931
7698991
7699063
7699099
7699207
7699243
7699291
7699387
7699519
7699567
7699591
7699639
7699723
7699891
7700179
7700299
7700467
7700479
7700587
7700659
7700839
7701019
7701163
7701307
7701511
7701523
7701823
7701871
7701979
7702063
7702363
7702567
7702843
7702987
7703071
7703107
7703131
7703383
7703419
7703467
7703491
7703539
7703671
7703719
7703743
7704007
7704271
7704331
7704511
7704871
7704919
7705003
7705183
7705219
7705363
7705699
7705903
7705927
7706059
7706203
7706227
7706527
7706551
7706887
7707163
7707283
7707439
7707571
7707607
7707811
7707883
7707979
7707991
7708003
7708027
7708039
7708087
7708147
7708279
7708483
7708507
7708711
7708783
7708891
7709011
7709227
7709287
7709323
7709371
7709479
7709587
7709683
7709719
7709827
7710007
7710139
7710331
7710511
7710559
7710739
7710799
7710907
7711087
7711159
7711267
7711339
7711723
7711747
7712071
7712323
7712359
7712479
7712527
7712563
7712899
7712923
7712959
7713187
7713571
7713799
7713907
7714111
7714123
7714183
7714219
7714423
7714471
7714543
7714687
7714699
7714879
7715179
7715287
7715551
7715563
7715959
7716019
7716103
7716199
7716271
7716343
7716607
7716619
7716811
7716847
7716991
7717147
7717183
7717387
7717399
7717483
7717579
7717651
7717783
7717891
7717939
7718083
7718251
7718299
7718407
7718563
7718671
7718719
7718791
7718863
7719379
7719427
7719511
7719631
7719667
7719727
7719739
7719763
7719799
7719883
7719979
7720123
7720171
7720183
7720399
7720819
7720903
7721023
7721059
7721143
7721347
7721359
7721611
7721671
7721827
7722067
7722139
7722283
7722331
7722343
7722571
7722667
7722691
7723039
7723231
7723267
7723363
7723543
7723579
7723603
7723843
7723927
7723939
7724107
7724263
7724371
7724539
7724839
7725031
7725127
7725271
7725307
7725427
7725967
7726207
7726447
7726567
7726651
7727047
7727107
7727371
7727827
7728043
7728139
7728199
7728367
7728403
7728451
7728631
7728871
7728907
7729327
7729567
7729759
7729999
7730167
7730383
7730431
7730491
7730623
7730719
7730731
7730923
7730959
7731103
7731259
7731463
7731511
7731571
7731667
7731943
7732327
7732339
7732591
7732687
7732891
7733287
7733311
7733611
7733983
7734091
7734127
7734211
7734247
7734451
7734667
7734703
7734823
7735099
7735111
7735171
7735267
7735279
7735327
7735531
7735543
7735711
7735747
7735927
7735939
7735999
7736263
7736587
7737043
7737487
7737547
7737619
7737859
7737967
7738063
7738123
7738207
7738231
7738243
7738267
7738303
7738351
7738411
7738483
7738543
7738771
7738987
7739323
7739383
7739419
7739779
7739887
7740451
7740463
7740547
7740643
7740751
7740871
7740907
7740991
7741051
7741159
7741243
7741267
7741483
7741663
7741807
7741879
7741999
7742023
7742239
7742299
7742419
7742887
7742947
7743031
7743199
7743223
7743427
7743487
7743559
7743859
7743991
7744207
7744423
7744651
7744831
7744903
7744927
7744939
7745263
7745323
7745539
7745587
7745767
7745827
7745971
7746019
7746127
7746163
7746367
7746439
7746763
7746811
7746847
7747027
7747123
7747279
7747423
7747567
7747807
7747819
7747891
7748203
7748287
7748347
7748659
7748707
7748803
7748863
7748899
7749067
7749307
7749403
7749499
7749571
7749691
7749727
7750003
7750051
7750087
7750399
7750507
7750867
7751047
7751119
7751203
7751239
7751251
7751347
7751587
7751683
7751839
7752067
7752103
7752163
7752211
7752271
7752379
7752463
7752571
7752583
7752607
7752751
7752763
7752847
7753099
7753171
7753183
7753363
7753567
7753579
7753663
7753891
7753903
7753939
7754011
7754119
7754323
7754443
7754479
7754683
7754827
7754947
7755067
7755079
7755199
7755619
7756159
7756279
7756519
7756591
7756627
7756951
7756999
7757023
7757119
7757131
7757251
7757311
7757419
7757611
7757683
7757731
7757779
7757791
7757887
7758043
7758139
7758151
7758523
7758727
7758787
7758871
7759039
7759111
7759231
7759663
7759723
7759831
7759879
7760059
7760443
7760479
7760563
7760803
7760887
7760983
7761211
7761307
7761331
7761451
7761487
7761703
7761739
7762207
7762291
7762483
7762603
7762639
7762723
7763047
7763083
7763551
7763683
7763731
7763803
7763827
7763839
7763863
7763983
7764007
7764079
7764151
7764187
7764451
7764511
7764667
7764727
7764739
7765111
7765123
7765207
7765267
7765279
7765627
7765963
7765987
7766071
7766419
7766599
7766659
7766743
7766791
7766827
7766851
7766959
7766971
7767007
7767247
7767499
7767547
7767703
7767787
7767811
7767967
7768087
7768627
7768759
7768987
7769263
7769383
7769911
7769947
7770247
7770319
7770391
7770583
7770667
7770787
7770799
7770859
7771063
7771219
7771459
7771471
7771651
7771711
7771891
7771903
7771963
7772047
7772251
7772263
7772839
7773043
7773163
7773187
7773523
7773739
7773859
7773979
7774147
7774171
7774231
7774279
7774303
7774519
7774531
7774603
7775023
7775071
7775179
7775323
7775347
7775479
7775827
7776079
7776211
7776283
7776331
7776403
7776427
7776583
7776619
7776787
7776799
7776931
7777051
7777291
7777543
7777579
7777663
7777843
7777867
7777879
7777951
7778059
7778083
7778167
7778203
7778647
7778779
7778959
7779103
7779283
7779427
7779679
7779787
7779847
7779883
7780183
7780219
7780243
7780351
7780387
7780459
7780579
7780639
7780711
7781119
7781287
7781299
7781467
7781491
7781539
7781611
7781623
7781647
7782127
7782451
7782703
7782727
7782739
7782847
7782883
7782979
7783123
7783459
7783519
7783819
7783843
7783879
7784323
7784407
7784611
7784779
7784863
7784983
7785319
7785403
7785499
7785871
7785907
7786159
7786231
7786267
7786279
7786579
7787011
7787023
7787047
7787083
7787239
7787347
7787371
7787551
7787707
7787779
7787803
7787971
7788199
7788247
7788307
7788427
7788523
7788607
7788631
7788667
7788679
7788787
7788883
7788919
7789099
7789267
7789363
7789399
7789459
7789531
7789567
7789687
7789759
7789879
7789963
7790047
7790119
7790143
7790407
7790719
7790791
7790803
7790899
7791403
7791739
7791787
7791799
7792051
7792207
7792303
7792399
7792627
7792711
7792891
7792999
7793143
7793311
7793503
7793671
7793683
7793719
7794019
7794247
7794571
7794607
7794643
7794751
7794799
7794859
7795507
7795687
7795759
7795831
7796059
7796119
7796263
7796491
7796527
7796587
7796599
7796623
7796851
7796923
7797199
7797211
7797451
7797463
7797487
7797511
7797583
7797919
7797991
7798111
7798279
7798591
7798627
7798807
7798891
7798939
7798963
7799251
7799299
7799431
7799503
7799587
7799683
7799731
7799863
7799971
7800259
7800271
7800547
7800883
7800967
7801051
7801063
7801099
7801207
7801231
7801363
7801459
7801567
7801663
7801699
7801879
7801999
7802239
7802251
7802323
7802419
7802551
7802791
7802803
7802959
7803223
7803247
7803259
7803283
7803619
7803907
7804051
7804123
7804267
7804327
7804339
7804519
7804651
7804723
7804807
7804987
7805131
7805359
7805383
7805419
7805767
7805851
7805887
7806163
7806319
7806343
7806787
7806811
7807027
7807147
7807243
7807519
7807531
7807759
7807843
7807903
7807951
7807963
7808191
7808371
7808407
7808467
7808503
7808527
7808623
7808767
7808803
7808839
7808971
7809343
7809463
7809547
7809559
7809691
7809847
7809979
7810207
7810591
7810783
7811059
7811131
7811203
7811311
7811611
7811899
7811971
7812067
7812247
7812379
7812463
7812499
7812703
7812787
7812943
7813087
7813111
7813279
7813291
7813363
7813459
7813483
7813651
7813723
7813759
7813879
7814011
7814119
7814239
7814371
7814563
7814707
7814743
7814767
7814923
7815127
7815163
7815499
7815523
7815667
7815811
7815823
7816111
7816279
7816327
7816423
7816531
7816579
7816807
7817011
7817143
7817191
7817479
7817587
7817863
7818127
7818379
7818451
7818631
7819087
7819243
7819351
7819423
7819519
7819627
7819927
7820083
7820107
7820143
7820287
7820599
7820611
7820719
7820803
7820887
7821031
7821043
7821211
7821607
7821643
7821859
7821907
7822039
7822327
7822519
7822627
7822687
7822831
7822879
7822891
7823083
7823203
7823323
7823371
7823407
7823527
7823779
7824379
7824559
7824919
7825459
7825639
7825651
7825687
7825747
7825903
7825999
7826047
7826191
7826227
7826359
7826419
7826587
7826683
7826743
7826899
7827019
7827151
7827223
7827271
7827331
7827343
7827403
7827727
7828087
7828099
7828123
7828243
7828411
7828519
7828747
7828879
7828939
7828963
7829011
7829203
7829467
7829671
7829719
7829779
7829791
7829851
7830007
7830103
7830187
7830211
7830283
7830547
7830607
7830763
7830847
7831039
7831111
7831231
7831267
7831423
7831471
7831627
7831699
7831903
7832023
7832131
7832203
7832371
7832527
7832551
7832659
7832743
7832779
7832947
7833391
7833907
7833967
7834039
7834111
7834207
7834279
7834543
7834663
7834711
7834747
7834819
7834963
7835119
7835263
7835287
7835383
7835407
7835431
7835599
7835743
7835767
7835791
7835803
7835911
7835983
7836007
7836067
7836079
7836163
7836223
7836271
7836523
7836559
7836667
7836679
7836967
7836979
7837171
7837363
7837471
7837639
7838107
7838167
7838287
7838491
7838851
7839043
7839151
7839319
7839331
7839427
7839463
7839547
7839679
7839691
7839763
7839787
7839823
7839847
7839883
7840291
7840363
7840507
7840699
7840771
7840867
7841023
7841083
7841263
7841347
7841359
7841467
7841563
7841599
7841731
7841839
7841959
7841971
7842031
7842067
7842139
7842199
7842607
7842643
7842787
7842859
7842871
7843039
7843063
7843291
7843567
7843639
7843687
7843747
7843819
7844071
7844251
7844443
7844731
7844983
7845067
7845127
7845151
7845259
7845367
7845451
7845547
7845559
7845583
7845811
7845991
7846063
7846159
7846171
7846771
7846819
7847179
7847239
7847311
7847431
7847479
7847491
7847503
7847611
7847647
7847839
7848151
7848259
7848391
7848667
7848787
7848871
7849351
7849363
7849483
7849507
7849579
7849783
7849879
7849999
7850119
7850131
7850191
7850371
7850407
7850419
7850443
7850587
7850671
7850839
7851031
7851643
7851691
7851919
7851967
7852063
7852123
7852171
7852183
7852459
7852903
7852927
7853119
7853179
7853407
7853551
7853623
7853803
7854043
7854271
7854403
7854487
7854667
7854703
7855087
7855423
7855483
7855591
7855711
7855747
7855843
7855891
7856059
7856203
7856311
7856467
7856503
7856743
7856803
7856851
7856887
7857211
7857643
7857799
7857823
7857943
7858003
7858339
7858483
7858651
7858687
7858771
7858831
7858867
7858987
7859311
7859347
7859419
7859623
7859779
7859923
7860163
7860199
7860283
7860343
7860451
7860631
7860751
7860799
7860823
7861039
7861099
7861207
7861351
7861363
7862047
7862083
7862263
7862287
7862359
7862479
7862539
7862731
7862863
7862971
7862983
7863019
7863439
7863619
7863763
7863811
7864063
7864123
7864159
7864243
7864447
7864627
7864639
7864699
7864711
7864819
7864951
7865059
7865311
7865383
7865443
7865707
7865959
7866139
7866151
7866259
7866571
7866643
7866679
7866751
7867003
7867063
7867411
7867543
7868083
7868191
7868563
7868587
7868779
7868923
7869031
7869067
7869091
7869187
7869247
7869259
7869343
7869403
7869523
7869751
7869919
7870147
7870243
7870327
7870363
7870399
7870411
7870459
7870651
7870867
7871191
7871251
7871299
7871443
7871503
7871767
7871779
7871791
7871827
7871971
7872127
7872223
7872439
7872559
7872583
7872619
7872643
7872763
7872871
7873279
7873351
7873387
7873447
7873483
7873531
7874071
7874131
7874323
7874359
7874431
7874467
7874743
7874851
7874887
7874959
7875031
7875079
7875187
7875331
7875583
7875619
7875727
7875799
7876111
7876123
7876147
7876291
7876339
7876399
7876447
7876459
7876483
7876663
7876987
7877047
7877071
7877119
7877167
7877407
7877491
7877587
7877599
7877731
7877743
7877839
7877923
7877971
7878019
7878139
7878163
7878319
7878427
7878439
7878571
7878859
7878979
7879219
7879327
7879423
7879507
7879723
7879747
7879999
7880143
7880227
7880287
7880359
7880659
7880827
7880863
7881079
7881187
7881271
7881487
7881859
7881919
7882051
7882099
7882243
7882423
7882627
7882807
7882999
7883023
7883131
7883203
7883383
7883419
7883431
7883599
7884103
7884319
7884403
7884739
7884871
7884967
7884979
7885051
7885123
7885219
7885411
7885447
7885723
7885879
7885903
7886167
7886191
7886407
7886731
7886899
7886947
7886959
7887247
7887259
7887499
7887559
7887631
7887811
7887823
7888039
7888183
7888207
7888219
7888303
7888423
7888483
7888519
7888567
7888759
7888999
7889083
7889143
7889443
7889551
7889863
7890331
7890343
7890391
7890439
7890739
7890811
7890847
7890919
7890943
7890979
7891123
7891171
7891207
7891483
7891591
7891603
7891951
7892023
7892251
7892419
7892491
7892503
7892791
7892827
7893007
7893031
7893139
7893187
7893331
7893427
7893511
7893619
7893727
7893943
7894027
7894039
7894087
7894123
7894219
7894303
7894687
7894723
7894759
7894771
7895131
7895227
7895299
7895311
7895383
7895623
7895959
7896139
7896271
7896307
7896331
7896379
7896859
7896991
7897003
7897063
7897147
7897387
7897471
7897531
7897663
7897783
7897999
7898071
7898299
7898323
7898731
7898791
7898899
7898923
7898983
7899127
7899163
7899559
7899643
7899811
7899967
7899979
7900231
7900531
7900759
7900807
7901071
7901203
7901287
7901599
7901863
7902079
7902151
7902259
7902511
7902871
7902919
7903303
7903471
7903579
7903723
7904263
7904311
7904419
7904527
7904587
7904731
7904947
7904959
7905043
7905067
7905091
7905571
7905607
7905619
7905739
7905787
7905991
7906099
7906279
7906291
7906471
7906543
7906783
7906939
7907083
7907143
7907299
7907323
7907359
7907371
7907443
7907467
7907587
7907827
7907863
7908151
7908403
7908739
7908763
7908811
7908919
7909051
7909087
7909159
7909459
7909483
7909591
7909639
7909927
7909987
7910047
7910107
7910599
7910659
7910671
7910923
7910971
7911067
7911187
7911199
7911331
7911367
7911679
7911823
7911859
7911907
7912039
7912291
7912519
7912699
7912771
7912867
7912951
7913011
7913167
7913203
7913239
7913383
7913527
7913599
7913623
7913887
7913911
7913947
7914307
7914343
7914607
7914667
7914679
7914919
7915099
7915147
7915351
7915363
7915507
7915651
7915867
7916011
7916107
7916143
7916263
7916323
7916647
7916719
7916911
7916947
7917199
7917271
7917331
7917487
7917607
7918123
7918291
7918387
7918483
7918531
7918627
7918879
7918951
7918987
7919071
7919179
7919239
7919251
7919311
7919623
7919851
7919971
7920043
7920139
7920163
7920259
7920727
7920811
7921087
7921171
7921411
7921519
7921687
7921723
7921831
7921999
7922023
7922059
7922203
7922227
7922347
7922491
7922767
7922779
7922851
7922923
7922947
7923067
7923199
7923271
7923427
7923451
7923499
7923667
7923679
7923787
7923823
7923847
7923967
7923991
7924039
7924123
7924243
7924531
7924639
7925083
7925263
7925551
7925611
7925719
7926151
7926187
7926487
7926619
7926727
7926847
7926883
7926907
7927027
7927099
7927279
7927459
7927483
7927639
7927747
7927891
7928023
7928059
7928131
7928527
7928563
7928671
7928863
7928911
7929007
7929139
7929367
7929547
7929619
7929643
7929763
7929799
7929907
7929979
7930123
7930291
7930303
7930339
7930411
7930471
7930591
7930651
7930759
7930903
7931263
7931347
7931383
7931731
7931779
7932031
7932247
7932451
7932499
7932571
7932679
7932703
7932787
7932811
7933039
7933231
7933243
7933291
7933363
7933399
7933447
7933531
7933903
7934107
7934119
7934131
7934263
7934467
7934659
7934803
7935127
7935259
7935271
7935283
7935439
7935511
7935619
7935727
7935799
7935847
7936051
7936207
7936231
7936303
7936519
7936531
7936567
7936963
7936987
7937107
7937179
7937359
7937431
7937443
7937467
7937551
7937563
7937719
7937791
7938079
7938211
7938247
7938583
7938607
7938727
7938787
7938859
7938907
7939147
7939339
7939387
7939411
7939831
7940467
7940719
7941019
7941103
7941139
7941211
7941247
7941319
7941343
7941379
7941391
7941607
7941751
7941883
7942003
7942243
7942279
7942471
7942579
7942819
7942999
7943107
7943167
7943443
7943851
7944019
7944163
7944259
7944439
7944487
7944571
7944631
7944799
7944919
7944931
7944943
7944991
7945087
7945219
7945243
7945387
7945423
7945519
7945699
7945711
7945843
7946539
7946623
7946683
7946791
7947151
7947343
7947487
7947631
7947691
7947799
7948147
7948267
7948351
7948519
7948543
7948723
7948867
7948879
7949119
7949167
7949443
7949731
7949803
7949839
7949899
7950127
7950139
7950223
7950343
7950391
7950451
7950499
7950667
7950739
7950919
7951039
7951051
7951183
7951327
7951351
7951387
7951459
7951639
7951687
7951711
7952047
7952059
7952083
7952407
7952443
7952803
7953271
7953487
7953559
7953619
7953691
7953727
7953811
7953919
7954231
7954423
7954651
7954783
7954819
7954867
7954927
7955203
7955239
7955323
7955359
7955491
7955707
7955719
7955887
7956031
7956043
7956103
7956139
7956163
7956211
7956259
7956427
7956667
7956703
7956859
7957039
7957099
7957291
7957699
7957867
7957879
7957951
7957987
7958047
7958263
7958443
7958623
7959019
7959031
7959163
7959199
7959283
7959307
7959319
7959703
7959883
7959907
7960003
7960243
7960327
7960363
7960651
7960903
7961119
7961299
7961479
7961539
7961839
7962151
7962403
7962583
7963099
7963231
7963411
7963519
7963591
7963663
7963783
7964023
7964071
7964167
7964251
7964311
7964443
7964563
7964707
7964779
7964791
7964863
7965007
7965127
7965151
7965247
7965283
7965403
7965547
7965787
7965799
7965871
7965907
7966267
7966627
7966723
7966759
7966807
7966843
7966867
7966939
7967143
7967227
7967383
7967623
7967803
7967851
7967923
7968031
7968199
7968307
7968319
7968379
7968523
7968679
7968691
7968811
7968859
7969231
7969279
7969399
7969603
7969627
7969639
7969723
7969747
7970047
7970107
7970143
7970191
7970227
7970311
7970371
7970539
7970551
7970731
7970827
7971307
7971331
7971499
7971739
7972051
7972087
7972147
7972231
7972339
7972387
7972411
7972603
7972663
7972879
7972963
7973131
7973143
7973191
7973239
7973299
7973419
7973431
7973659
7973767
7973899
7973971
7974403
7974511
7974607
7974643
7975039
7975111
7975267
7975291
7975327
7975399
7975447
7975483
7975507
7975543
7975843
7976047
7976203
7976467
7976707
7976923
7976971
7977019
7977139
7977271
7977679
7977883
7978459
7978603
7978639
7978783
7978819
7978903
7979071
7979623
7979863
7979911
7980331
7980439
7980451
7980787
7980811
7981087
7981231
7981411
7981447
7981471
7981711
7981783
7981927
7981999
7982203
7982539
7982671
7982683
7982899
7982959
7983043
7983223
7983259
7983463
7983511
7983583
7983751
7983763
7984159
7984183
7984399
7984423
7984531
7984651
7984687
7984723
7984759
7984903
7985023
7985239
7985503
7985587
7985743
7985779
7985839
7985851
7985959
7985983
7986019
7986163
7986211
7986679
7986739
7986751
7986799
7986907
7987327
7987351
7987363
7987423
7987459
7987531
7987687
7987867
7988251
7988347
7988479
7988587
7988767
7988839
7988899
7988971
7989187
7989199
7989343
7989907
7990231
7990363
7990519
7990711
7990891
7990951
7990999
7991059
7991107
7991239
7991311
7991563
7991779
7992031
7992223
7992463
7992511
7992583
7992619
7992727
7992763
7992871
7993171
7993327
7993543
7993651
7993663
7993963
7994023
7994083
7994263
7994299
7994443
7994491
7994527
7994659
7994803
7995199
7995319
7995571
7995931
7995991
7996099
7996243
7996423
7996867
7996903
7997047
7997107
7997167
7997251
7997323
7997551
7997623
7997683
7997719
7997839
7997947
7997971
7998019
7998091
7998223
7998307
7998451
7998511
7998547
7998631
7998667
7998691
7998703
7998763
7998979
7999051
7999339
7999351
7999531
7999543
7999711
8000023
8000359
8000431
8000599
8000611
8000719
8001163
8001247
8001307
8001607
8001619
8001727
8001823
8001871
8002051
8002411
8002627
8002663
8002747
8002759
8002783
8002843
8002987
8003119
8003167
8003899
8004091
8004103
8004163
8004211
8004223
8004427
8004487
8004823
8005003
8005027
8005051
8005243
8005423
8005531
8005603
8005819
8005831
8005903
8005927
8006083
8006179
8006287
8006623
8006899
8007019
8007127
8007271
8007667
8007691
8008123
8008159
8008267
8008279
8008387
8008579
8008603
8008951
8009059
8009167
8009179
8009347
8009467
8009611
8009707
8010139
8010151
8010403
8010643
8010883
8010967
8011183
8011363
8011651
8011951
8012131
8012299
8012371
8012383
8012479
8012551
8012647
8012659
8012707
8012839
8012887
8012923
8013151
8013391
8013703
8013883
8014207
8014243
8014351
8014579
8014687
8014723
8014927
8015179
8015299
8015443
8015611
8015659
8015719
8015743
8015863
8016331
8016343
8016487
8016511
8016907
8016991
8017063
8017171
8017267
8017351
8017423
8017459
8017483
8017783
8017819
8017843
8017879
8017927
8017951
8018071
8018383
8018599
8018719
8018767
8018851
8018947
8019247
8019259
8019619
8019727
8020303
8020387
8020687
8020867
8020891
8020927
8021011
8021131
8021191
8021239
8021383
8021539
8021851
8021911
8022103
8022139
8022163
8022247
8022307
8022667
8022739
8023027
8023243
8023471
8023579
8023651
8023819
8024167
8024407
8024431
8024623
8024659
8024839
8024911
8025019
8025271
8025379
8025439
8025487
8025607
8025727
8025739
8025883
8026027
8026087
8026099
8026171
8026231
8026387
8026411
8026639
8027059
8027251
8027611
8027683
8027827
8028043
8028151
8028247
8028259
8028379
8028463
8028523
8028547
8028619
8028799
8029327
8029363
8029579
8029663
8029843
8029867
8030047
8030107
8030371
8030623
8031019
8031343
8031379
8031523
8031571
8031643
8031703
8031787
8031967
8032051
8032291
8032327
8032363
8032399
8032411
8032471
8032567
8032579
8032639
8032699
8033119
8033359
8033479
8033539
8033587
8033659
8033719
8033791
8034331
8034451
8034547
8034619
8034799
8034907
8034919
8035063
8035087
8035099
8035207
8035351
8035519
8035843
8035927
8035999
8036071
8036167
8036467
8036503
8036527
8036599
8036827
8036863
8036887
8037067
8037187
8037319
8037439
8037571
8037643
8037691
8037751
8038003
8038543
8038627
8038651
8038663
8038759
8038831
8038867
8039587
8039671
8039803
8039851
8039923
8039947
8039959
8040367
8040379
8040391
8040463
8040499
8040559
8040607
8040631
8040691
8040787
8040931
8041147
8041219
8041399
8041483
8041723
8041783
8042407
8042443
8042611
8042623
8042647
8042707
8042767
8043187
8043271
8043367
8043487
8043571
8043979
8044027
8044039
8044123
8044171
8044363
8044423
8044627
8044747
8044843
8044951
8045119
8045203
8045287
8045503
8045671
8046187
8046607
8046667
8046751
8046991
8047003
8047267
8047327
8047339
8047399
8047483
8047519
8047687
8047843
8047939
8048083
8048311
8048671
8048707
8048743
8048851
8049031
8049247
8049259
8049271
8049607
8049703
8049751
8049859
8050039
8050183
8050279
8050291
8050327
8050351
8050411
8050579
8050663
8050687
8050711
8050831
8050891
8051371
8051551
8051623
8051731
8051803
8051947
8051959
8052019
8052043
8052367
8052487
8052763
8053051
8053063
8053267
8053327
8053351
8053399
8053567
8053603
8053627
8053807
8053987
8054023
8054239
8054443
8054671
8054743
8055007
8055403
8055511
8055571
8055631
8055787
8055871
8055979
8056039
8056051
8056123
8056231
8056267
8056291
8056339
8056507
8056591
8056603
8056687
8056771
8056843
8056879
8057047
8057191
8057227
8057347
8057419
8057671
8057851
8058019
8058139
8058199
8058319
8058499
8058619
8058643
8059063
8059123
8059171
8059243
8059291
8059543
8059603
8059759
8059939
8060251
8060263
8060287
8060443
8060539
8060551
8060791
8060827
8060863
8060947
8061007
8061019
8061223
8061619
8061667
8061727
8061763
8062207
8062231
8062303
8062459
8062603
8062843
8062963
8062987
8063359
8063527
8063563
8063599
8063647
8063851
8063947
8063959
8063971
8064223
8064391
8064499
8064571
8064691
8064787
8064799
8064907
8064943
8065051
8065171
8065399
8065459
8065483
8065507
8065723
8065879
8066059
8066083
8066419
8067079
8067139
8067151
8067271
8067643
8067667
8067679
8067751
8067811
8067823
8067847
8067883
8068171
8068327
8068399
8068831
8068903
8069107
8069143
8069311
8069359
8069419
8069431
8069539
8069587
8069683
8069791
8069863
8069899
8069911
8069983
8070043
8070187
8070451
8070523
8070871
8070919
8071111
8071159
8071171
8071267
8071411
8071519
8071603
8072143
8072167
8072707
8072791
8072971
8073103
8073139
8073151
8073199
8073319
8073367
8073451
8073523
8073799
8073811
8073847
8073859
8073931
8073979
8074111
8074123
8074159
8074483
8074687
8074699
8075083
8075131
8075167
8075563
8075623
8075719
8075839
8075887
8075911
8076031
8076199
8076331
8076823
8077171
8077207
8077339
8077387
8077471
8077651
8077711
8077891
8078071
8078251
8078299
8078431
8078467
8078503
8078647
8078767
8078899
8079271
8079307
8079343
8079451
8079667
8079703
8079943
8080027
8080063
8080159
8080363
8080411
8080459
8080483
8080927
8080951
8081011
8081287
8081419
8081527
8081539
8081971
8082211
8082247
8082691
8082751
8082859
8083087
8083123
8083147
8083447
8083627
8084023
8084227
8084371
8084383
8084467
8084767
8084959
8085019
8085139
8085163
8085223
8085307
8085547
8085619
8085787
8085859
8085919
8086003
8086063
8086207
8086291
8086399
8086459
8086531
8086579
8086783
8087263
8087479
8087659
8087887
8087983
8088463
8088523
8088631
8088643
8088727
8088739
8088811
8089063
8089087
8089303
8089339
8089387
8089639
8089819
8090107
8090239
8090671
8090683
8090851
8091007
8091151
8091367
8091571
8091679
8091751
8091871
8091907
8091931
8092111
8092267
8092627
8092759
8093011
8093023
8093083
8093119
8093143
8093191
8093227
8093347
8093599
8093623
8093647
8093671
8093719
8093731
8093803
8093947
8093983
8094043
8094211
8094271
8094523
8094607
8094631
8094787
8094967
8095027
8095063
8095183
8095459
8095531
8095687
8095699
8095783
8095831
8095939
8095987
8096107
8096323
8096479
8096719
8096827
8096839
8097091
8097163
8097259
8097307
8097343
8097571
8098423
8098459
8098747
8098927
8098963
8099071
8099167
8099227
8099251
8099419
8099431
8099551
8099683
8099827
8100091
8100139
8100259
8100283
8100511
8100583
8100931
8100943
8101147
8101363
8101591
8101651
8101699
8101831
8101903
8102167
8102287
8102383
8102407
8102851
8102971
8103031
8103091
8103127
8103163
8103391
8103427
8103451
8103523
8103559
8103631
8103811
8103967
8104039
8104099
8104219
8104363
8104639
8104927
8105047
8105359
8105443
8105551
8105707
8105731
8105743
8105899
8105983
8106019
8106199
8106271
8106379
8106523
8106583
8106691
8106871
8106907
8107051
8107123
8107159
8107207
8107219
8107279
8107387
8107423
8107483
8107591
8107651
8107867
8107999
8108011
8108239
8108479
8108539
8108563
8108743
8108803
8108923
8109007
8109139
8109151
8109319
8109859
8110183
8110231
8110327
8110339
8110447
8110723
8110903
8110939
8111011
8111083
8111239
8111539
8111611
8111707
8111767
8111911
8111923
8111947
8112019
8112103
8112211
8112283
8112331
8112667
8112679
8112703
8112787
8112967
8112991
8113279
8113363
8113459
8113639
8113711
8113783
8113867
8113927
8113999
8114107
8114179
8114263
8114347
8114371
8114551
8114611
8114719
8114863
8114947
8114971
8115187
8115259
8115403
8115439
8115571
8115703
8115799
8115847
8115883
8116051
8116279
8116411
8116519
8116567
8116747
8116783
8116963
8117059
8117167
8117191
8117203
8117383
8117407
8117491
8117611
8117671
8117719
8117743
8118043
8118139
8118391
8118619
8118679
8118823
8119051
8119231
8119471
8119627
8119831
8119879
8119987
8120023
8120527
8120599
8120659
8120719
8120731
8120779
8120839
8121199
8121319
8121559
8121643
8121679
8121727
8121739
8122003
8122027
8122171
8122183
8122579
8122591
8122819
8122927
8123083
8123251
8123407
8123551
8123587
8123719
8123971
8124019
8124043
8124199
8124223
8124307
8124367
8124931
8125087
8125123
8125207
8125531
8125723
8126179
8126203
8126227
8126431
8126491
8126539
8126647
8126707
8126863
8126887
8127103
8127199
8127247
8127331
8127403
8127463
8127871
8127919
8128147
8128171
8128411
8128543
8128579
8128639
8128651
8128723
8128759
8128807
8129203
8129227
8129263
8129659
8129707
8129743
8129923
8130391
8130439
8130907
8130931
8131327
8131363
8131399
8131507
8131939
8131999
8132011
8132083
8132287
8132503
8132659
8132911
8133043
8133127
8133187
8133403
8133511
8133883
8133943
8133967
8134039
8134051
8134303
8134459
8134699
8134759
8134963
8135311
8135467
8135551
8135563
8136067
8136151
8136259
8136367
8136391
8136463
8136571
8136679
8136859
8136943
8136967
8137183
8137231
8137291
8137411
8137867
8138083
8138239
8138371
8138443
8138743
8138983
8139031
8139151
8139211
8139283
8139487
8139919
8140063
8140147
8140159
8140351
8140411
8140651
8140687
8140711
8140831
8140963
8141071
8141167
8141227
8141599
8141611
8141659
8141767
8141803
8141971
8142103
8142151
8142271
8142307
8142619
8142787
8142907
8143159
8143207
8143231
8143339
8143351
8143627
8143987
8143999
8144467
8144671
8144743
8144791
8144923
8145031
8145043
8145211
8145223
8145283
8145583
8145691
8145727
8146183
8146291
8146339
8146363
8146447
8146483
8146591
8146843
8147059
8147071
8147299
8147407
8147443
8148499
8148571
8148631
8148703
8148727
8148919
8149003
8149123
8149147
8149243
8149279
8149543
8149639
8149723
8149759
8149831
8150011
8150047
8150071
8150371
8150647
8150971
8151043
8151391
8151487
8151511
8151547
8151631
8151763
8151799
8151943
8151991
8152447
8152591
8152699
8152747
8152927
8153347
8153491
8153683
8153779
8153791
8153851
8154007
8154031
8154283
8154403
8154427
8154511
8154571
8154691
8154787
8154799
8154931
8154967
8155099
8155171
8155183
8155267
8155339
8155471
8155507
8155591
8155687
8155831
8156023
8156167
8156383
8156527
8156779
8157007
8157031
8157043
8157211
8157271
8157343
8157379
8157547
8157559
8158027
8158279
8158291
8158387
8158471
8158603
8158663
8158867
8159143
8159311
8159467
8159611
8159731
8159839
8159947
8159971
8160079
8160127
8160247
8160379
8160631
8160739
8160991
8161243
8161591
8161627
8161807
8161843
8161939
8161999
8162059
8162179
8162347
8162467
8162611
8162779
8162863
8162887
8162899
8162971
8163583
8163607
8163823
8163847
8163871
8164003
8164111
8164147
8164183
8164291
8164339
8164543
8164759
8164939
8164987
8165011
8165347
8165371
8165407
8165527
8165671
8165767
8166019
8166031
8166283
8166451
8166727
8166967
8167039
8167051
8167063
8167111
8167147
8167399
8167603
8167711
8167843
8167867
8167927
8168011
8168071
8168287
8168299
8168359
8168599
8168623
8168683
8168791
8169019
8169067
8169079
8169103
8169283
8169379
8169391
8169583
8169691
8169919
8170207
8170231
8170243
8170447
8170483
8170567
8170711
8171071
8171347
8171431
8171659
8171791
8171851
8171971
8172103
8172139
8172211
8172319
8172391
8172511
8172607
8172943
8172979
8172991
8173003
8173051
8173219
8173519
8173687
8173807
8173951
8174011
8174167
8174371
8174527
8174563
8174599
8174611
8174623
8174983
8175067
8175163
8175319
8175379
8175463
8175679
8175907
8175967
8176447
8176639
8176687
8176723
8176759
8176939
8177179
8177227
8177383
8177431
8177503
8177563
8177647
8177791
8177839
8177887
8178019
8178043
8178091
8178187
8178439
8178487
8178559
8178631
8178691
8178991
8179351
8179399
8179447
8179471
8179783
8179879
8180143
8180251
8180323
8180503
8180671
8180779
8181007
8181079
8181499
8181727
8181751
8181931
8182003
8182039
8182123
8182159
8182327
8182591
8182987
8183083
8183299
8183407
8183479
8183491
8183587
8183683
8183731
8183767
8184019
8184091
8184139
8184199
8184223
8184247
8184571
8184607
8184691
8185027
8185291
8185459
8185579
8185663
8185819
8186071
8186083
8186251
8186407
8186527
8186611
8186719
8186863
8186947
8187031
8187139
8187307
8187451
8187511
8187667
8187799
8187919
8187943
8188051
8188087
8188099
8188111
8188363
8188459
8188519
8188567
8189011
8189059
8189131
8189143
8189191
8189287
8189491
8189539
8189683
8189899
8189959
8190031
8190067
8190367
8190571
8190607
8190823
8190859
8190907
8190979
8191123
8191291
8191699
8192299
8192383
8192479
8192551
8192599
8192647
8192683
8192803
8192887
8192923
8192983
8193067
8193103
8193139
8193247
8193307
8193319
8193343
8193403
8193571
8193667
8193751
8193859
8194063
8194183
8194267
8194363
8194387
8194411
8194471
8194651
8194759
8194939
8195119
8195179
8195431
8195587
8195647
8195767
8195839
8195947
8196007
8196127
8196511
8196523
8196571
8196667
8196919
8197099
8197279
8197327
8197339
8197603
8197699
8198059
8198107
8198467
8198611
8198791
8198803
8198863
8199007
8199427
8199463
8199571
8199679
8199787
8199931
8199943
8199979
8200147
8200183
8200219
8200363
8200411
8200447
8200663
8200879
8201311
8201371
8201527
8201563
8201839
8201911
8202067
8202367
8202427
8202463
8202703
8203243
8203291
8203303
8203543
8203651
8203831
8203903
8203963
8204311
8204479
8204587
8204611
8204719
8204899
8205403
8205427
8205451
8205523
8205727
8206171
8206207
8206243
8206279
8206339
8206411
8206447
8206603
8206927
8206951
8207347
8207383
8207707
8207827
8207851
8207911
8208427
8208439
8208619
8208667
8208727
8208751
8208859
8209231
8209303
8209339
8209363
8210131
8210239
8210311
8210491
8210599
8210659
8210767
8210791
8210803
8210827
8210911
8211019
8211103
8211127
8211139
8211163
8211499
8211523
8211631
8211739
8211751
8211787
8211883
8211919
8212063
8212147
8212291
8212363
8212471
8212723
8212891
8212951
8213071
8213167
8213479
8213503
8213971
8213983
8214007
8214091
8214223
8214307
8214343
8214379
8214439
8214691
8214727
8215099
8215171
8215303
8215387
8215411
8215579
8215699
8215783
8216107
8216179
8216539
8216671
8216743
8217331
8217427
8217607
8217691
8217871
8217931
8218087
8218447
8218543
8218723
8218831
8219011
8219131
8219203
8219227
8219527
8219623
8219779
8219791
8219839
8219851
8219983
8220139
8220211
8220271
8220523
8220631
8220931
8221027
8221063
8221111
8221219
8221567
8221579
8221747
8221831
8221903
8221963
8222047
8222131
8222143
8222323
8222479
8222587
8222623
8222899
8222911
8223199
8223367
8223451
8223703
8223871
8223883
8224123
8224171
8224303
8224507
8224519
8224747
8224807
8225431
8225491
8225827
8225863
8226103
8226391
8226499
8226991
8227003
8227159
8227291
8227363
8227591
8227651
8227759
8227939
8227987
8228047
8228131
8228263
8228347
8228419
8228587
8228947
8228959
8229019
8229031
8229103
8229283
8229511
8229631
8229847
8229943
8230063
8230267
8230279
8230351
8230471
8230543
8230723
8231107
8231143
8231299
8231467
8231479
8231827
8232043
8232151
8232451
8232547
8232559
8232667
8232691
8232703
8232727
8232739
8232859
8232883
8232979
8233171
8233207
8233279
8233447
8233639
8233699
8233711
8233843
8233867
8233891
8234059
8234167
8234203
8234671
8235067
8235187
8235247
8235499
8235727
8235967
8235991
8236003
8236219
8236447
8236867
8236939
8237083
8237191
8237263
8237767
8237839
8237899
8237923
8238067
8238847
8238883
8239003
8239039
8239171
8239207
8239423
8239603
8239639
8239687
8239723
8239783
8239927
8240143
8240179
8240587
8240719
8240803
8241007
8241019
8241223
8241367
8241463
8241511
8241523
8241559
8241703
8241847
8241931
8241979
8242207
8242279
8242327
8242411
8242567
8242639
8242687
8242783
8243023
8243083
8243167
8243203
8243239
8243383
8243647
8243707
8243791
8243863
8243971
8244079
8244139
8244163
8244331
8244391
8244463
8244583
8244619
8244739
8244763
8245123
8245147
8245219
8245267
8245519
8245759
8245807
8245843
8246023
8246059
8246131
8246503
8246587
8246599
8246827
8246947
8247103
8247199
8247247
8247319
8247391
8247451
8247487
8247739
8247859
8247991
8248027
8248063
8248087
8248183
8248423
8248459
8248483
8249071
8249119
8249179
8249191
8249431
8249491
8249551
8249611
8249623
8249719
8250019
8250079
8250259
8250343
8250439
8250547
8250691
8250727
8250811
8250871
8250919
8251183
8251351
8251387
8251483
8251807
8251843
8251939
8252059
8252203
8252311
8252359
8252539
8252779
8252971
8253031
8253079
8253187
8253499
8253607
8253787
8253799
8253943
8254291
8254423
8254507
8254579
8254951
8255287
8255587
8255707
8255803
8255983
8256019
8256091
8256139
8256427
8256607
8256643
8257003
8257339
8257351
8257363
8257423
8257471
8257531
8257831
8258083
8258143
8258227
8258287
8258479
8258539
8258611
8258911
8258983
8259007
8259019
8259187
8259271
8259487
8259703
8259787
8259799
8259871
8259907
8260027
8260051
8260123
8260327
8260339
8260771
8260807
8261023
8261107
8261251
8261419
8261467
8261479
8261551
8261647
8262031
8262259
8262427
8262547
8262619
8262691
8263183
8263291
8263471
8263483
8263627
8263663
8263771
8264059
8264167
8264239
8264407
8264587
8264611
8264887
8264923
8265151
8265343
8265379
8265463
8265679
8265811
8265919
8266003
8266351
8266579
8266939
8266963
8267047
8267107
8267227
8267251
8267263
8267443
8267503
8267647
8267659
8267719
8267839
8268079
8268151
8268223
8268343
8268619
8268691
8268739
8268763
8268859
8268991
8269087
8269171
8269231
8269243
8269279
8269363
8269411
8269423
8269447
8269519
8269567
8269711
8269819
8269999
8270323
8270419
8270467
8270791
8270923
8271019
8271103
8271259
8271391
8271499
8271511
8271547
8271607
8271643
8271727
8271847
8271871
8272171
8272219
8272483
8272699
8272723
8272879
8272951
8273047
8273119
8273263
8273299
8273443
8273479
8273539
8273599
8273623
8273659
8273779
8273959
8274271
8274283
8274379
8274463
8274547
8274559
8274667
8274727
8274751
8274811
8274919
8275027
8275159
8275459
8275567
8275723
8275783
8275819
8276071
8276143
8276227
8276431
8276491
8276539
8276563
8277019
8277163
8277343
8277811
8277943
8277967
8277991
8278159
8278279
8278339
8278411
8278603
8278783
8278951
8278987
8278999
8279023
8279107
8279203
8279539
8279671
8279683
8279743
8279923
8279959
8280043
8280127
8280247
8280487
8280499
8280511
8280583
8280619
8280763
8280787
8280967
8281003
8281291
8281459
8281531
8281579
8281591
8281687
8281831
8282083
8282299
8282623
8282671
8282731
8282851
8282887
8282959
8283463
8283787
8283859
8284123
8284183
8284207
8284447
8284579
8284687
8284891
8284963
8285071
8285107
8285527
8285551
8285611
8285659
8285791
8285899
8285947
8285983
8286979
8286991
8287099
8287159
8287171
8287351
8287711
8288023
8288107
8288179
8288263
8288311
8288419
8288647
8288743
8288899
8288923
8289031
8289103
8289139
8289367
8289403
8289607
8289751
8289763
8290291
8290411
8290507
8290591
8290819
8290831
8290939
8290987
8291047
8291083
8291263
8291443
8291527
8291551
8291659
8291671
8291743
8291947
8292091
8292103
8292247
8292343
8292667
8292859
8292919
8293003
8293423
8293459
8293471
8293687
8293759
8293819
8293939
8294263
8294311
8294359
8294863
8294911
8294959
8295127
8295271
8295379
8295403
8295811
8295919
8295967
8296087
8296159
8296339
8296411
8296447
8296627
8296879
8296891
8296927
8297059
8297143
8297719
8298163
8298223
8298247
8298259
8298487
8298547
8298583
8298691
8298751
8298847
8298943
8299147
8299303
8299411
8299483
8299591
8299651
8299891
8299939
8300167
8300191
8300371
8300443
8300659
8300899
8300911
8301031
8301103
8301199
8301379
8301463
8301571
8301679
8301739
8301883
8301991
8302027
8302219
8302759
8302831
8302891
8302963
8303047
8303131
8303179
8303263
8303539
8303587
8303623
8303791
8303839
8303863
8304091
8304151
8304223
8304271
8304343
8304379
8304739
8304763
8304883
8304979
8305051
8305207
8305267
8305519
8305567
8305711
8305951
8305987
8306071
8306131
8306143
8306299
8306323
8306491
8306647
8306803
8306911
8307139
8307283
8307319
8307331
8307487
8307547
8307571
8307583
8307667
8307787
8307823
8307931
8308219
8308231
8308591
8308723
8308759
8308879
8308939
8309011
8309443
8309491
8309527
8309599
8309659
8309803
8310031
8310271
8310427
8310451
8310667
8310703
8310859
8310919
8310931
8311003
8311111
8311183
8311279
8311291
8311327
8311399
8311447
8311543
8311591
8311687
8311711
8312119
8312179
8312191
8312347
8312503
8312527
8312539
8312587
8312851
8312971
8313043
8313199
8313259
8313667
8313847
8313919
8313931
8313979
8314099
8314459
8314531
8314567
8314591
8314771
8314807
8314843
8314927
8315107
8315143
8315239
8315323
8315371
8315467
8315887
8315971
8316103
8316151
8316211
8316559
8316619
8316739
8316799
8316967
8317303
8317339
8317483
8317663
8318179
8318227
8318239
8318263
8318347
8318707
8318839
8319127
8319211
8319247
8319271
8319319
8319391
8319427
8319499
8319559
8319691
8319847
8320063
8320111
8320159
8320219
8320387
8320519
8320567
8320831
8320903
8321011
8321119
8321227
8321323
8321359
8321503
8321539
8321851
8322187
8322211
8322403
8322487
8322871
8322883
8323099
8323243
8323363
8323771
8323891
8323951
8323963
8324143
8324167
8324287
8324347
8324623
8324791
8325067
8325283
8325367
8325547
8325619
8325907
8326063
8326111
8326303
8326327
8326387
8326399
8326411
8326867
8326939
8326987
8327047
8327227
8327239
8327299
8327383
8327443
8327563
8327743
8327779
8328091
8328127
8328211
8328427
8328451
8328571
8328667
8328679
8328847
8328919
8328979
8329063
8329267
8329327
8329411
8329603
8329747
8329759
8329819
8329939
8330299
8330659
8330827
8330923
8330947
8330983
8331007
8331019
8331307
8331523
8331667
8331691
8331871
8331907
8331943
8332171
8332231
8332267
8332339
8332351
8332663
8332699
8332843
8332867
8332879
8333131
8333239
8333407
8333431
8333599
8333671
8333707
8333779
8334043
8334187
8334259
8334283
8334307
8334343
8334379
8334499
8334751
8335087
8335183
8335543
8335771
8336011
8336047
8336071
8336227
8336347
8336479
8336767
8336983
8337079
8337103
8337127
8337319
8337379
8337499
8337607
8337643
8337727
8337811
8337859
8337919
8338111
8338123
8338147
8338219
8338651
8338819
8339239
8339407
8339587
8339983
8340091
8340127
8340187
8340307
8340811
8341051
8341063
8341351
8341591
8341603
8341843
8341891
8341987
8342179
8342251
8342647
8342791
8342827
8342959
8343079
8343211
8343343
8343403
8343499
8343523
8343859
8343943
8344087
8344123
8344627
8344759
8344867
8344891
8345023
8345119
8345191
8345371
8345599
8345767
8345791
8345839
8345983
8346103
8346319
8346379
8346427
8346487
8346607
8346703
8346763
8346787
8346823
8346991
8347243
8347351
8347579
8347747
8347831
8347879
8348191
8348299
8348539
8348611
8348983
8349139
8349163
8349403
8349487
8349559
8349631
8349787
8349871
8349919
8350099
8350267
8350483
8350843
8350963
8351023
8351071
8351467
8351719
8351731
8352031
8352103
8352139
8352187
8352247
8352307
8352367
8352391
8352403
8352583
8352679
8352931
8353123
8353183
8353243
8353339
8353519
8353687
8353699
8353843
8354023
8354131
8354251
8354419
8354551
8354587
8354791
8354887
8354947
8355031
8355199
8355379
8355667
8355883
8355931
8356003
8356063
8356099
8356171
8356399
8356531
8356651
8356891
8357143
8357683
8357707
8357719
8357827
8357983
8358019
8358307
8358331
8358379
8358439
8358619
8358643
8358703
8358739
8358799
8358811
8359207
8359387
8359423
8359459
8359783
8359927
8359951
8360263
8360347
8360371
8360383
8360683
8360899
8361043
8361139
8361151
8361319
8361679
8361751
8361763
8361907
8361967
8362303
8362399
8362687
8362747
8362771
8362843
8362903
8362951
8363023
8363119
8363143
8363671
8364067
8364247
8364319
8364523
8364751
8364859
8365171
8365243
8365783
8365867
8365963
8366191
8366263
8366287
8366359
8366647
8366719
8366767
8366791
8366851
8367091
8367223
8367379
8367523
8367559
8367727
8367991
8368123
8368603
8368747
8368891
8368951
8369143
8369167
8369203
8369311
8369323
8369359
8369527
8369743
8370151
8370223
8370391
8370463
8370679
8370823
8370871
8371087
8371387
8371399
8371507
8371903
8371927
8372083
8372191
8372359
8372491
8372563
8372599
8372671
8372743
8372779
8372839
8373067
8373487
8373847
8373907
8373919
8373931
8373991
8374063
8374087
8374351
8374423
8374627
8374651
8374771
8375047
8375119
8375251
8375359
8375467
8375491
8375683
8375803
8375863
8376079
8376187
8376307
8376463
8376523
8376619
8376691
8376799
8376811
8376847
8376871
8376883
8377087
8377459
8377531
8377639
8377807
8377903
8377951
8378119
8378203
8378239
8378299
8378431
8378707
8379067
8379187
8379391
8379499
8379571
8379643
8379799
8379823
8379859
8380039
8380051
8380087
8380111
8380291
8380543
8380699
8380807
8381047
8381059
8381143
8381227
8381467
8381539
8381707
8381803
8381887
8382067
8382379
8382499
8382739
8382811
8382823
8382859
8383327
8383471
8383603
8383759
8383819
8383939
8384083
8384107
8384119
8384251
8384287
8384323
8384767
8384839
8384863
8384923
8385463
8385523
8385679
8385691
8385763
8385991
8386123
8386267
8386303
8386447
8386603
8386639
8386723
8387023
8387047
8387131
8387251
8387311
8387539
8387563
8387671
8387707
8387959
8388283
8388427
8388571
8388691
8388763
8388811
8389039
8389099
8389123
8389219
8389231
8389519
8389939
8390047
8390227
8390311
8390443
8390479
8390539
8390587
8390623
8390731
8390743
8390959
8391079
8391127
8391199
8391211
8391463
8391499
8391739
8391919
8392039
8392063
8392099
8392123
8392291
8392651
8392831
8393107
8393179
8393263
8393347
8393491
8393647
8393863
8393899
8393911
8393947
8394091
8394151
8394187
8394223
8394403
8394439
8394487
8394499
8394667
8394691
8394907
8394943
8395027
8395087
8395243
8395267
8395339
8395531
8395627
8395951
8396023
8396107
8396131
8396263
8396383
8396491
8396719
8396779
8397079
8397223
8397283
8397523
8397547
8397583
8397751
8397859
8398003
8398111
8398147
8398183
8398447
8398543
8398879
8398903
8399011
8399191
8399239
8399263
8399551
8399563
8399659
8399707
8400019
8400031
8400079
8400247
8400283
8400631
8400751
8400811
8400823
8400919
8400967
8401027
8401303
8401339
8401411
8401531
8401807
8401963
8402623
8402791
8402971
8403079
8403259
8403583
8403679
8403727
8404183
8404243
8404411
8404531
8404639
8404771
8404819
8404951
8405203
8405431
8405479
8405491
8405503
8405851
8405863
8406043
8406103
8406283
8406367
8406439
8406547
8406583
8406631
8406787
8406967
8407111
8407471
8407591
8407699
8407723
8408083
8408131
8408371
8408563
8408599
8408707
8408767
8409307
8409319
8409523
8409931
8410099
8410279
8410399
8410459
8410531
8410543
8410723
8411407
8411443
8411467
8411587
8412223
8412487
8412799
8412883
8412979
8413051
8413087
8413099
8413243
8413519
8413663
8413723
8413807
8413843
8413891
8414191
8414311
8414347
8414383
8414647
8414743
8414851
8414899
8415031
8415067
8415139
8415151
8415163
8415259
8415343
8415403
8415439
8415691
8415763
8416099
8416123
8416147
8416363
8416483
8416567
8416591
8416627
8416651
8416663
8416879
8417131
8417203
8417347
8417527
8417623
8417659
8417791
8417911
8417971
8418031
8418139
8418211
8418259
8418343
8418379
8418847
8419039
8419087
8419183
8419207
8419351
8419363
8419399
8419423
8419531
8419651
8419867
8419927
8420263
8420407
8420443
8420827
8420887
8420983
8421079
8421187
8421403
8421487
8421547
8421559
8421727
8421799
8421991
8422231
8422243
8422303
8422387
8422399
8422459
8422747
8422783
8422879
8422927
8423071
8423167
8423179
8423563
8423671
8423683
8423791
8423887
8423923
8424103
8424151
8424211
8424319
8424331
8424439
8424499
8424763
8425111
8425327
8425519
8425687
8425927
8426023
8426059
8426179
8426227
8426263
8426419
8426563
8426599
8426731
8426767
8426983
8427031
8427103
8427163
8427247
8427271
8427739
8427787
8427907
8427931
8428003
8428099
8428171
8428291
8428471
8429011
8429143
8429527
8429731
8429767
8429851
8430031
8430511
8430727
8431063
8431123
8431243
8431351
8431519
8431543
8431567
8431963
8432167
8432239
8432251
8432623
8432647
8432659
8432719
8432791
8432923
8432959
8433043
8433259
8433367
8433619
8434003
8434087
8434171
8434219
8434243
8434351
8434843
8434903
8435047
8435071
8435083
8435311
8435551
8435599
8435731
8435743
8435887
8436079
8436271
8436319
8436451
8436499
8436739
8436751
8437063
8437087
8437171
8437183
8437399
8437543
8437783
8437903
8438011
8438323
8438467
8438503
8438659
8438863
8439043
8439163
8439499
8439547
8439751
8439763
8440063
8440231
8440507
8440567
8440591
8440603
8440639
8440819
8440963
8441107
8441431
8441539
8441791
8442043
8442079
8442151
8442271
8442367
8442439
8442607
8442667
8442979
8443063
8443159
8443327
8443627
8443639
8443651
8444083
8444323
8444407
8444419
8444551
8444599
8444671
8444707
8444731
8444923
8445271
8445343
8445427
8445523
8445607
8445643
8445727
8445751
8445847
8445859
8445967
8446351
8446567
8446747
8446783
8446939
8447119
8447287
8447431
8447731
8447839
8447863
8447899
8448007
8448043
8448079
8448343
8448703
8448799
8448871
8448883
8448919
8449159
8449387
8449423
8449627
8449723
8449747
8449807
8449999
8450179
8450203
8450371
8450419
8450719
8450779
8450863
8450899
8451007
8451187
8451259
8451439
8451967
8452267
8452291
8452303
8452363
8452579
8452771
8452819
8452879
8453143
8453227
8453383
8453527
8453611
8453923
8453983
8454067
8454139
8454211
8454223
8454247
8454307
8454331
8454379
8454739
8454883
8455063
8455123
8455243
8455543
8455639
8455747
8455819
8456263
8456359
8456467
8456611
8457019
8457151
8457271
8457367
8457391
8457511
8457523
8457607
8457727
8457739
8457751
8457811
8457847
8458123
8458171
8458519
8458627
8458783
8458987
8459023
8459131
8459179
8459299
8459359
8459611
8460007
8460079
8460103
8460223
8460247
8460367
8460499
8460763
8460931
8460943
8460967
8461003
8461039
8461147
8461183
8461231
8461267
8461339
8461399
8461471
8461483
8461627
8461807
8461951
8462023
8462059
8462131
8462263
8462383
8462479
8462767
8462911
8463043
8463067
8463139
8463187
8463487
8463859
8463919
8463979
8464387
8464711
8464783
8464867
8465251
8465623
8465791
8465971
8466079
8466223
8466259
8466307
8466487
8466547
8466583
8466979
8467099
8467171
8467639
8467699
8467759
8467891
8467903
8467951
8467999
8468011
8468419
8468503
8468527
8468791
8469007
8469319
8469367
8469427
8469547
8469583
8469619
8469691
8469871
8469931
8470039
8470123
8470159
8470303
8470351
8470507
8470543
8470663
8470771
8470867
8471059
8471167
8471179
8471347
8471479
8471527
8471611
8471623
8471767
8471803
8471923
8472127
8472259
8472559
8472571
8472799
8472847
8472859
8472943
8473027
8473099
8473219
8473243
8473351
8473471
8473723
8473807
8473831
8473903
8473951
8474047
8474359
8474371
8474407
8474503
8474611
8474623
8474731
8474803
8475223
8475547
8475739
8475787
8475991
8476063
8476099
8476231
8476483
8476543
8476711
8476747
8476807
8477011
8477071
8477311
8477323
8477419
8477431
8477671
8477779
8478187
8478391
8478511
8478619
8478751
8478823
8479531
8479591
8479699
8479903
8479951
8480047
8480167
8480239
8480323
8480443
8480599
8480803
8480827
8480839
8480851
8480911
8480959
8480971
8481127
8481139
8481211
8481247
8481307
8481559
8481607
8482063
8482087
8482207
8482219
8482387
8482447
8482459
8482651
8482723
8482891
8483011
8483179
8483203
8483227
8483287
8483383
8483539
8483611
8483659
8483947
8483971
8484043
8484667
8484691
8485027
8485123
8485303
8485591
8485639
8485831
8485891
8485963
8486167
8486227
8486263
8486347
8486659
8486719
8486827
8486983
8487079
8487103
8487223
8487571
8487823
8487859
8488087
8488339
8488411
8488663
8488867
8488939
8489011
8489023
8489167
8489191
8489263
8489347
8489587
8489623
8489743
8489839
8489863
8490247
8490487
8490787
8490919
8491099
8491207
8491411
8491471
8491591
8491711
8491723
8491831
8492119
8492251
8492611
8492623
8492683
8492899
8492971
8493007
8493103
8493139
8493151
8493367
8493439
8493451
8493487
8493559
8493631
8493799
8493811
8494027
8494063
8494099
8494231
8494243
8494267
8494351
8494459
8494483
8494627
8494663
8494699
8494711
8494939
8494963
8494987
8495059
8495191
8495251
8495731
8495803
8495899
8495923
8496067
8496079
8496151
8496247
8496259
8496571
8496679
8496727
8496967
8497147
8497207
8497219
8497243
8497303
8497339
8497507
8497759
8497771
8497963
8498299
8498527
8498671
8498731
8498911
8499511
8499703
8499727
8499739
8500027
8500099
8500183
8500399
8500711
8500903
8500963
8501023
8501239
8501323
8501443
8501551
8501839
8502127
8502187
8502343
8502583
8502619
8502727
8502811
8502883
8502943
8503087
8503423
8503447
8503471
8503483
8503711
8503879
8504143
8504347
8504527
8504563
8504599
8504887
8504971
8505187
8505283
8505403
8505547
8505619
8505643
8505691
8505799
8505823
8505907
8505979
8506039
8506087
8506219
8506279
8506291
8506327
8506363
8506507
8506543
8506651
8506951
8507407
8507419
8507467
8507479
8507791
8507887
8507911
8508103
8508559
8508691
8508811
8508847
8508931
8508967
8509063
8509087
8509147
8509183
8509219
8509363
8509387
8509507
8509783
8509939
8510011
8510179
8510287
8510323
8510419
8510443
8510479
8510767
8510839
8511079
8511187
8511367
8511439
8511511
8511523
8511571
8511619
8511691
8511787
8511991
8512003
8512039
8512351
8512411
8512423
8512663
8512891
8513023
8513143
8513179
8513347
8513431
8513467
8513563
8513647
8513683
8513731
8513899
8514463
8514547
8514691
8514823
8515123
8515159
8515303
8515471
8515687
8515723
8515939
8516083
8516407
8516419
8516467
8516659
8516707
8516887
8517319
8517499
8517547
8517571
8517631
8517907
8517919
8517991
8518039
8518183
8518219
8518291
8518351
8518387
8518567
8518963
8518999
8519263
8519383
8519479
8519587
8519647
8519899
8519911
8519983
8520007
8520079
8520163
8520307
8520331
8520739
8520943
8521171
8521411
8521567
8521603
8521819
8522119
8522251
8522419
8522671
8522743
8522779
8522863
8522959
8523007
8523043
8523127
8523139
8523211
8523223
8523259
8523391
8523499
8523607
8523679
8523787
8524051
8524111
8524207
8524303
8524339
8524543
8524591
8524699
8524723
8524819
8524951
8524963
8524987
8525119
8525131
8525227
8525263
8525371
8525707
8525731
8525779
8525983
8526151
8526211
8526247
8526283
8526499
8526631
8526919
8527399
8527699
8527819
8527927
8528467
8528551
8528911
8529091
8529259
8529403
8529439
8529751
8529811
8529823
8529847
8529919
8530051
8530063
8530351
8530531
8530591
8530699
8530771
8530807
8531023
8531287
8531647
8531683
8531707
8531767
8532019
8532031
8532319
8532439
8532547
8532571
8532631
8532679
8532943
8533123
8533267
8533363
8533387
8533411
8533663
8533879
8533951
8534011
8534023
8534047
8534131
8534359
8534371
8534443
8534707
8534947
8534959
8534983
8535091
8535211
8535487
8535523
8535739
8535847
8535931
8536183
8536219
8536267
8536399
8536531
8536579
8536711
8536783
8536831
8536903
8537407
8537443
8537731
8537839
8537911
8537923
8537983
8538259
8538331
8538367
8538511
8538679
8538703
8538991
8539051
8539171
8539471
8539591
8539771
8539807
8540143
8540167
8540347
8540431
8540503
8540527
8540563
8541007
8541139
8541319
8541499
8541691
8541751
8541943
8542291
8542363
8542411
8542459
8542531
8542603
8542663
8542711
8542999
8543083
8543131
8543167
8543191
8543527
8543551
8543779
8543791
8543803
8544007
8544199
8544307
8544379
8544391
8544427
8544751
8545183
8545387
8545651
8546023
8546059
8546227
8546287
8546383
8546407
8546431
8546467
8546539
8546623
8546647
8546803
8546899
8546947
8547403
8547499
8547523
8547667
8547871
8547907
8547919
8548063
8548159
8548231
8548303
8548339
8548411
8548447
8548627
8548759
8548831
8548843
8548927
8548987
8549071
8549503
8549539
8549683
8549887
8550007
8550547
8550583
8550727
8550799
8550859
8550907
8550943
8551087
8551219
8551303
8551447
8551507
8551687
8551759
8551831
8552059
8552443
8552491
8552503
8552539
8552563
8552623
8552647
8552707
8552779
8552851
8552911
8552959
8553163
8553199
8553247
8553451
8553607
8553679
8554243
8554267
8554471
8554639
8554687
8554747
8554771
8554867
8554999
8555047
8555143
8555227
8555359
8555467
8555587
8555623
8555683
8555791
8555959
8556007
8556091
8556187
8556271
8556511
8556523
8556739
8556907
8557063
8557123
8557411
8557459
8557567
8557711
8557819
8558107
8558287
8558311
8558491
8558503
8558551
8558611
8558743
8558779
8558827
8558887
8558899
8559091
8559127
8559259
8559487
8559799
8560159
8560303
8560411
8560543
8560711
8560831
8560879
8561011
8561263
8561299
8561347
8561383
8561407
8561551
8561731
8561803
8562199
8562283
8562403
8562523
8562607
8562703
8563003
8563039
8563171
8563183
8563351
8563747
8563939
8564191
8564299
8564467
8564527
8564863
8565307
8565379
8565439
8565451
8565631
8565691
8565727
8565847
8566027
8566279
8566303
8566627
8566651
8566771
8566783
8567059
8567107
8567203
8567311
8567539
8567743
8567827
8567851
8567863
8567899
8568271
8568283
8568319
8568583
8568619
8568691
8568787
8568823
8568907
8568979
8569063
8569111
8569147
8569447
8569567
8569591
8569699
8569879
8569987
8570299
8570383
8570491
8570563
8570671
8570923
8571487
8571643
8571751
8571811
8571967
8572099
8572111
8572243
8572279
8572387
8572507
8572651
8572699
8572783
8572831
8573419
8573431
8573443
8573623
8573671
8573767
8574019
8574079
8574199
8574283
8574367
8574403
8574427
8574439
8574523
8574547
8574667
8574763
8574991
8575207
8575219
8575339
8575351
8575423
8575603
8576107
8576131
8576203
8576311
8576383
8576599
8576647
8576671
8576683
8576719
8576731
8576839
8576851
8577187
8577259
8577403
8577727
8577799
8578123
8578147
8578243
8578327
8578363
8578459
8578699
8578771
8578807
8578831
8579107
8579167
8579443
8579491
8579731
8580031
8580499
8580643
8580739
8580751
8580787
8580883
8581099
8581147
8581171
8581351
8581399
8581723
8581819
8582083
8582143
8582179
8582191
8582731
8582863
8583019
8583151
8583343
8583511
8583847
8583919
8583979
8584243
8584339
8584399
8584423
8584519
8584531
8584567
8584579
8584663
8584747
8584951
8584987
8585287
8585539
8585719
8585743
8586031
8586367
8586511
8586619
8586679
8586979
8587123
8587207
8587399
8587471
8587687
8588059
8588299
8588479
8588527
8588563
8588623
8588659
8588707
8588851
8588911
8588947
8589319
8589487
8589523
8589583
8589859
8589967
8589991
8590111
8590171
8590291
8590363
8590507
8590531
8590723
8590759
8590783
8590963
8591131
8591299
8591311
8591431
8591563
8591623
8591683
8591827
8592043
8592079
8592127
8592523
8592559
8593027
8593087
8593171
8593591
8593639
8593747
8593771
8593843
8594359
8594419
8594431
8594563
8594743
8594791
8594863
8594923
8595007
8595151
8595187
8595259
8595547
8595607
8595703
8595751
8595787
8595943
8596039
8596111
8596663
8596843
8596879
8597023
8597059
8597203
8597227
8597263
8597371
8597551
8597587
8597599
8597707
8597839
8597947
8598391
8598511
8598523
8598547
8598571
8598859
8599027
8599111
8599219
8599243
8599363
8599411
8599471
8599567
8599579
8599687
8599891
8600047
8600323
8600359
8600587
8600719
8600899
8600923
8600947
8601163
8601331
8601511
8601631
8601667
8601883
8601907
8601979
8602219
8602303
8602507
8602807
8603047
8603131
8603251
8603347
8603467
8603611
8603731
8603779
8604067
8604151
8604259
8604319
8604403
8604811
8604823
8605147
8605159
8605231
8605411
8605447
8605543
8606263
8606431
8606443
8606599
8606779
8606839
8607103
8607223
8607307
8607343
8607427
8607631
8607667
8607883
8608027
8608147
8608291
8608399
8608423
8608507
8608603
8608759
8608891
8609287
8609371
8609443
8609611
8609647
8609719
8609899
8610319
8610331
8610367
8610379
8610403
8610523
8610559
8610583
8610739
8610871
8610919
8611003
8611147
8611531
8611819
8611891
8611987
8612059
8612311
8612743
8612767
8612959
8612983
8613043
8613091
8613211
8613391
8613439
8613547
8613571
8613751
8614051
8614159
8614327
8614483
8614519
8614759
8614867
8614951
8614987
8615491
8615587
8615623
8615707
8615767
8615983
8616019
8616151
8616199
8616247
8616271
8616319
8616499
8616859
8616991
8617171
8617327
8618047
8618083
8618107
8618119
8618251
8618443
8618479
8618683
8618851
8619199
8619223
8619343
8619427
8619439
8619511
8619811
8619943
8620063
8620159
8620219
8620267
8620327
8620567
8620603
8620639
8620687
8620747
8621083
8621143
8621491
8621623
8621827
8621971
8622007
8622331
8622463
8622499
8622511
8622763
8623039
8623051
8623123
8623339
8623519
8623579
8623603
8623687
8623807
8623843
8623903
8623939
8624023
8624191
8624311
8624383
8624599
8625247
8625343
8625559
8625787
8626099
8626459
8626507
8626603
8626747
8626831
8626903
8626927
8627191
8627371
8627431
8627467
8627503
8627611
8627947
8628007
8628031
8628643
8628727
8628751
8628811
8628847
8629063
8629087
8629123
8629171
8629279
8629447
8629507
8629963
8630071
8630179
8630239
8630599
8630647
8630683
8630779
8630899
8630971
8631151
8631247
8631331
8631379
8631391
8631451
8631499
8631907
8631943
8632003
8632027
8632087
8632123
8632219
8632303
8632387
8632399
8632411
8632531
8632699
8632759
8632831
8633167
8633371
8633551
8633731
8633827
8634211
8634391
8634427
8634667
8634679
8634751
8634811
8634883
8635279
8635351
8635423
8635531
8635567
8635579
8635723
8635867
8635927
8636083
8636263
8636539
8636779
8636791
8636839
8636899
8636923
8637067
8637091
8637379
8637523
8637667
8637847
8637943
8638051
8638207
8638339
8638411
8638447
8638471
8638627
8638807
8638843
8638891
8638951
8639251
8639263
8639539
8639563
8639599
8639647
8639779
8639863
8639899
8639923
8640187
8640259
8640451
8640679
8640691
8640799
8640823
8640859
8640871
8640883
8640967
8641147
8641231
8641471
8641651
8642911
8643199
8643211
8643307
8643487
8643631
8644147
8644171
8644243
8644327
8644507
8644651
8644723
8644843
8644963
8645047
8645071
8645359
8645407
8645431
8645443
8645587
8645647
8645719
8645863
8646223
8646487
8646559
8646607
8646943
8647411
8647447
8647459
8647531
8647567
8647711
8647879
8647963
8648083
8648131
8648179
8648251
8648347
8648779
8648863
8649079
8649211
8649283
8649367
8649391
8649691
8649763
8649871
8649967
8650003
8650039
8650087
8650123
8650219
8650687
8650723
8651047
8651119
8651191
8651239
8651311
8651359
8651443
8651791
8651803
8651959
8652139
8652151
8652283
8652403
8652571
8652703
8653111
8653147
8653207
8653279
8653627
8653651
8653807
8653891
8653903
8653963
8654011
8654047
8654287
8654299
8654431
8654467
8654803
8655007
8655103
8655211
8655259
8655331
8655343
8655403
8655631
8655859
8655883
8655919
8655967
8656159
8656171
8656411
8656603
8656807
8656891
8657239
8657323
8657431
8657563
8657611
8657827
8657851
8658043
8658103
8658571
8658583
8658679
8658931
8658943
8659051
8659219
8659363
8659423
8659471
8659531
8659543
8659663
8659867
8659939
8660203
8660263
8660383
8660419
8660611
8660623
8660671
8660767
8660887
8660947
8661043
8661427
8661487
8661571
8661643
8661703
8661883
8662219
8662243
8662279
8662579
8662747
8662867
8662891
8663071
8663119
8663467
8663503
8663803
8664223
8664259
8664451
8664559
8664739
8664847
8664979
8664991
8665039
8665147
8665303
8665603
8665999
8666023
8666167
8666347
8666419
8666431
8666443
8666479
8666491
8666683
8666767
8667079
8667103
8667319
8667403
8667427
8667727
8667871
8668063
8668207
8668279
8668519
8668687
8668831
8668951
8669179
8669239
8669443
8669527
8669623
8669671
8669911
8670031
8670127
8670451
8670499
8670523
8670559
8670679
8670703
8670751
8670811
8670919
8671063
8671099
8671219
8671291
8671363
8671471
8671639
8671711
8672047
8672203
8672263
8672407
8672659
8672767
8672947
8673127
8673187
8673271
8673547
8673571
8674483
8674891
8674927
8675311
8675323
8675371
8675503
8675671
8675743
8676043
8676079
8676211
8676223
8676643
8676691
8676799
8676847
8677051
8677399
8677759
8677891
8677951
8678011
8678203
8678311
8678671
8678947
8679199
8679427
8679739
8679871
8679883
8679943
8679991
8680003
8680027
8680099
8680171
8680219
8680303
8680327
8680471
8680939
8680951
8681047
8681191
8681263
8681359
8681467
8681503
8681539
8681587
8681623
8681707
8681899
8682007
8682043
8682127
8682199
8682403
8682559
8682763
8682991
8683063
8683159
8683219
8683231
8683303
8683459
8683531
8683603
8683639
8683699
8683783
8684023
8684107
8684131
8684359
8684407
8684419
8684503
8685031
8685211
8685319
8685379
8685463
8685571
8685583
8685619
8685751
8685979
8686123
8686147
8686291
8686651
8686687
8687131
8687299
8687383
8687479
8687599
8687659
8687671
8687911
8687923
8688259
8688271
8688571
8688703
8688787
8688919
8688991
8689039
8689063
8689111
8689279
8689399
8689543
8689687
8690203
8690359
8690551
8690611
8690659
8690683
8690767
8690827
8690947
8690971
8691019
8691043
8691223
8691367
8691451
8691583
8691763
8691883
8691979
8692027
8692051
8692207
8692339
8692483
8692591
8692807
8692963
8692987
8693071
8693131
8693323
8693467
8693491
8693959
8694031
8694079
8694211
8694247
8694607
8694727
8694739
8694823
8694967
8695051
8695147
8695303
8695543
8695639
8695663
8695723
8695879
8695927
8696203
8696239
8696263
8696383
8696671
8696767
8696983
8697127
8697379
8697607
8697823
8697919
8697967
8698111
8698363
8698399
8698819
8698831
8698939
8699143
8699227
8699263
8699539
8699611
8699659
8699923
8699959
8700007
8700019
8700079
8700547
8700799
8701027
8701039
8701123
8701207
8701243
8701447
8701519
8702107
8702131
8702251
8702359
8702371
8702431
8702503
8702647
8703151
8703427
8703619
8703787
8703859
8704027
8704123
8704303
8704351
8704699
8704711
8704903
8704951
8705167
8705311
8705383
8705491
8705527
8705911
8705923
8705959
8706163
8706283
8706463
8706751
8706967
8707003
8707147
8707183
8707327
8707603
8707687
8707747
8707903
8707939
8707999
8708071
8708731
8708803
8708911
8709007
8709079
8709751
8709871
8709919
8709979
8709991
8710243
8710423
8710483
8710567
8710627
8710747
8710939
8711083
8711179
8711347
8711359
8711383
8711467
8711683
8711707
8711719
8711743
8711851
8711863
8711887
8711971
8712259
8712547
8712727
8712751
8712931
8713051
8713087
8713303
8713339
8713363
8713399
8713459
8713699
8713867
8714071
8714119
8714287
8714311
8714551
8714731
8714947
8714983
8715019
8715079
8715103
8715151
8715451
8715667
8715787
8716039
8716159
8716219
8716243
8716447
8716531
8716567
8716579
8716639
8716819
8716891
8716999
8717119
8717287
8717323
8717551
8717623
8717767
8717791
8718007
8718043
8718091
8718271
8718343
8718439
8718487
8718727
8718799
8718811
8718823
8718907
8719303
8719483
8719519
8719567
8719591
8719603
8719663
8719747
8719771
8719819
8719831
8719951
8719987
8719999
8720071
8720431
8720707
8721043
8721079
8721259
8721403
8721511
8721607
8721763
8722123
8722291
8722303
8722339
8722447
8722471
8723047
8723191
8723347
8723551
8723731
8723851
8724127
8724139
8724283
8724319
8724487
8724559
8724631
8724643
8724787
8724847
8724871
8724967
8725039
8725147
8725219
8725243
8725279
8725363
8725399
8725459
8725531
8725567
8725831
8725963
8725999
8726143
8726227
8726239
8726323
8726359
8726467
8726479
8726527
8726587
8726611
8726647
8726803
8727031
8727091
8727247
8727343
8727451
8727619
8727727
8727871
8727907
8728147
8728207
8728303
8728591
8728627
8728807
8728903
8728927
8728963
8729059
8729107
8729131
8729323
8729467
8729491
8729563
8729647
8729659
8729887
8729923
8730067
8730103
8730307
8730331
8730487
8730583
8730619
8730691
8731039
8731111
8731231
8731339
8731363
8731579
8731687
8731867
8731939
8731951
8732023
8732047
8732071
8732239
8732599
8732887
8732923
8733163
8733247
8733811
8733871
8733979
8734027
8734147
8734351
8734387
8734543
8734639
8734819
8735179
8735299
8735359
8735479
8735827
8736127
8736187
8736223
8736463
8736583
8736631
8736667
8736703
8736727
8736799
8736883
8736907
8736943
8737063
8737243
8737423
8737459
8737483
8737627
8737699
8737783
8737843
8737867
8738071
8738491
8738539
8738671
8738707
8739007
8739079
8739391
8739499
8739583
8739607
8739967
8740003
8740087
8740183
8740219
8740327
8740411
8740579
8740591
8740783
8740807
8740939
8740951
8741119
8741203
8741347
8741371
8741431
8741479
8741563
8741743
8741839
8741923
8742067
8742259
8742379
8742463
8742499
8742571
8742847
8742919
8742931
8743099
8743279
8743459
8743711
8743807
8744023
8744083
8744143
8744191
8744227
8744551
8744563
8744683
8745367
8745523
8745703
8745799
8745991
8746207
8746267
8746303
8746351
8746399
8746459
8746519
8746807
8746879
8746963
8747071
8747527
8747539
8747743
8747863
8747971
8748031
8748199
8748331
8748367
8748463
8748583
8748643
8748979
8748991
8749087
8749219
8749603
8749771
8749903
8750011
8750191
8750227
8750347
8750479
8750491
8750551
8750947
8751007
8751091
8751139
8751319
8751667
8751871
8751931
8752039
8752063
8752123
8752207
8752327
8752507
8752531
8752543
8752567
8752651
8753047
8753071
8753539
8753659
8753791
8753839
8753947
8753971
8754091
8754199
8754367
8754523
8754583
8754631
8754667
8754871
8754883
8754979
8755027
8755063
8755231
8755267
8755603
8755639
8755699
8755711
8755819
8755891
8756203
8756239
8756707
8756959
8756971
8757187
8757523
8757643
8757691
8757799
8758003
8758327
8758339
8758459
8758483
8758879
8758903
8758987
8759167
8759299
8759371
8759407
8759731
8759851
8760139
8760187
8760223
8760247
8760331
8760391
8760487
8760571
8760667
8760883
8761279
8761327
8761507
8761531
8761639
8761843
8761939
8761999
8762179
8762647
8762683
8762731
8762827
8762911
8762947
8763019
8763187
8763319
8763331
8763439
8763511
8763679
8763691
8763847
8763907
8764207
8764387
8764423
8764519
8764711
8764831
8764927
8765059
8765131
8765143
8765179
8765203
8765371
8765611
8765971
8766007
8766031
8766187
8766283
8766451
8766463
8766691
8766727
8766871
8766943
8767219
8767771
8767939
8767951
8768407
8768563
8768587
8768707
8768803
8768887
8768983
8769151
8769283
8769451
8769499
8769667
8769679
8769847
8769907
8770063
8770687
8770939
8771071
8771107
8771227
8771263
8771431
8771443
8771551
8771683
8771743
8771767
8772259
8772307
8772523
8772619
8772667
8772763
8772847
8772979
8772991
8773027
8773159
8773339
8773351
8773483
8773771
8773783
8773927
8773951
8774131
8774239
8774419
8774611
8774671
8774683
8774719
8774851
8774863
8775331
8775367
8775439
8775463
8775499
8775691
8776039
8776219
8776291
8776399
8776447
8776459
8776483
8776507
8776519
8776543
8776699
8776759
8777407
8777851
8778379
8778391
8778499
8778643
8778667
8778739
8778883
8779087
8779171
8779723
8779819
8779867
8780251
8780263
8780287
8780323
8780371
8780419
8780743
8781043
8781079
8781259
8781271
8781379
8781511
8781583
8781739
8781763
8781907
8782243
8782519
8782531
8782639
8782783
8782867
8783239
8783251
8783527
8783563
8783647
8783683
8783791
8784031
8784079
8784103
8784331
8784511
8784547
8784583
8784751
8785027
8785123
8785303
8785519
8785951
8785963
8786047
8786119
8786359
8786443
8786707
8786863
8787187
8787199
8787307
8787343
8787391
8787547
8787607
8787643
8787739
8787811
8787847
8787859
8788027
8788147
8788387
8788399
8788603
8788651
8788891
8789371
8789719
8789827
8789899
8789923
8790079
8790151
8790307
8790319
8790403
8790487
8790583
8790667
8790703
8790871
8790907
8791051
8791423
8791591
8791639
8791891
8791987
8792059
8792299
8792419
8792467
8792599
8792671
8792899
8793163
8793247
8793259
8793391
8793511
8793571
8793691
8793859
8793871
8793991
8794183
8794267
8794327
8794399
8794411
8794543
8794771
8794867
8795167
8795299
8795431
8795767
8795887
8795947
8796127
8796451
8796523
8796847
8796859
8797003
8797183
8797291
8797423
8797543
8797639
8797783
8797939
8798011
8798143
8798347
8798431
8798623
8798683
8798827
8798983
8799331
8799403
8799751
8799883
8799919
8800483
8800963
8800999
8801371
8801467
8801599
8801707
8801791
8801911
8802007
8802223
8802439
8802511
8802571
8802679
8802763
8802943
8803111
8803183
8803303
8803363
8803591
8803699
8803759
8803903
8804287
8804359
8804479
8804743
8804947
8804959
8805091
8805163
8805211
8805451
8805487
8805523
8805631
8805859
8805931
8806027
8806183
8806243
8806327
8806351
8806363
8806543
8806579
8806711
8806891
8807263
8807371
8807467
8807731
8807899
8807971
8808187
8808307
8808511
8808559
8808739
8808763
8808883
8809051
8809063
8809123
8809159
8809279
8809303
8809447
8809639
8809651
8809771
8809903
8810083
8810119
8810323
8810359
8810467
8810491
8810563
8810671
8810959
8811007
8811211
8811247
8811391
8811463
8811631
8811787
8811799
8812003
8812123
8812267
8812303
8812411
8812471
8812831
8812879
8812939
8813011
8813059
8813227
8813263
8813383
8813527
8813923
8813983
8814151
8814163
8814283
8814331
8814343
8814607
8814643
8814667
8814679
8814703
8814739
8814787
8815063
8815267
8815363
8815567
8815579
8815759
8815819
8816191
8816263
8816359
8816611
8816623
8816791
8816827
8816911
8817103
8817163
8817331
8817439
8817559
8817619
8817847
8817871
8818027
8818063
8818207
8818231
8818531
8818651
8818759
8818819
8818879
8818891
8819011
8819023
8819131
8819227
8819467
8819491
8819527
8819539
8819647
8819791
8819959
8820187
8820223
8820283
8820367
8820499
8820619
8820811
8820859
8820907
8821291
8821303
8821363
8821399
8821507
8821543
8821807
8821927
8821951
8822227
8822299
8822347
8822551
8822587
8822599
8822623
8822743
8822767
8822851
8822911
8822923
8823019
8823271
8823307
8823343
8823571
8823751
8823823
8823883
8824027
8824219
8824279
8824327
8824351
8824363
8824423
8824639
8824747
8824831
8824999
8825071
8825119
8825263
8825407
8825503
8825659
8825743
8825911
8826019
8826163
8826331
8826427
8826511
8826523
8826547
8826667
8826691
8826943
8827099
8827387
8827411
8827459
8827843
8827891
8828059
8828167
8828203
8828359
8828419
8828431
8828467
8828503
8828683
8828719
8828923
8829031
8829151
8829187
8829259
8829559
8829571
8829871
8829991
8830051
8830147
8830267
8830291
8830651
8830663
8830879
8831059
8831191
8831239
8831299
8831479
8831527
8831587
8831791
8831923
8831983
8832067
8832127
8832223
8832487
8832631
8832679
8832919
8833003
8833063
8833399
8833507
8833567
8834179
8834191
8834263
8834587
8834827
8834851
8834899
8834911
8834983
8835007
8835163
8835331
8835367
8835487
8835499
8835559
8835811
8836063
8836123
8836171
8836207
8836351
8836459
8836483
8836507
8836783
8836951
8836999
8837251
8837287
8837347
8837419
8837623
8838043
8838103
8838367
8838391
8838727
8839111
8839183
8839267
8839279
8839339
8839483
8839543
8839687
8839783
8839951
8840407
8840443
8840551
8840683
8840959
8841451
8841463
8841487
8841643
8841823
8841871
8841967
8842039
8842279
8842291
8842387
8842747
8842831
8842927
8843047
8843071
8843323
8843503
8843551
8843623
8843647
8843827
8844103
8844127
8844223
8844271
8844307
8844499
8844547
8844559
8844571
8844691
8844991
8845027
8845063
8845099
8845171
8845231
8845267
8845303
8845387
8845519
8845531
8845699
8845723
8845951
8846143
8846251
8846263
8846323
8846599
8846683
8846779
8846923
8847031
8847043
8847067
8847127
8847427
8847451
8847511
8847547
8847607
8847799
8847859
8847967
8848159
8848327
8848783
8849047
8849083
8849119
8849131
8849371
8849671
8849803
8850007
8850031
8850211
8850271
8850403
8850487
8850811
8850847
8850859
8851111
8851363
8851387
8851471
8851639
8851723
8851807
8852227
8852443
8852479
8852719
8852791
8852827
8852947
8853151
8853223
8853547
8853763
8854123
8854231
8854267
8854303
8854387
8854411
8854423
8854687
8854723
8854843
8854927
8854987
8855059
8855167
8855239
8855359
8855479
8855503
8855719
8855779
8855887
8856079
8856103
8856259
8856307
8856559
8857111
8857399
8857411
8857543
8857831
8858023
8858203
8858299
8858347
8858431
8858779
8859127
8859463
8859559
8859607
8859787
8859811
8860003
8860123
8860183
8860219
8860351
8860363
8860471
8860603
8860771
8860867
8860963
8861059
8861119
8861143
8861227
8861263
8861383
8861491
8861659
8861683
8861707
8861851
8862079
8862163
8862247
8862391
8862619
8862691
8862787
8862883
8862907
8863219
8863399
8863447
8863567
8863639
8863651
8863663
8863807
8863927
8863963
8864491
8864503
8864731
8864899
8865067
8865139
8865391
8865403
8865499
8865763
8866003
8866087
8866111
8866147
8866159
8866303
8866399
8866591
8866903
8866951
8867179
8867191
8867479
8867527
8867539
8867587
8867743
8867791
8867923
8868247
8868319
8868451
8868523
8868859
8868931
8868943
8869171
8869279
8869351
8869363
8869459
8869507
8869579
8869711
8869747
8869867
8870179
8870431
8870443
8870467
8870551
8870863
8870899
8870947
8871019
8871091
8871103
8871151
8871199
8871223
8871259
8871547
8871847
8872051
8872099
8872291
8872387
8872447
8872459
8872483
8872723
8872771
8872891
8873071
8873107
8873191
8873251
8873407
8873539
8873611
8873707
8873743
8873803
8873827
8874079
8874139
8874703
8874751
8874883
8875051
8875123
8875159
8875183
8875231
8875459
8875591
8875651
8876107
8876299
8876383
8876419
8876443
8876683
8876887
8877091
8877163
8877259
8877283
8877499
8877511
8877679
8877703
8877787
8877919
8878003
8878279
8878327
8878531
8878543
8878603
8878627
8878687
8878711
8878867
8878963
8878999
8879119
8879179
8879359
8879503
8879623
8879659
8879791
8879911
8880007
8880451
8880643
8880799
8880811
8880871
8881027
8881099
8881111
8881231
8881771
8881819
8881879
8882119
8882131
8882311
8882407
8882491
8882611
8882683
8882779
8882803
8882827
8882971
8883067
8883079
8883283
8883403
8883439
8883607
8883691
8883703
8883991
8884123
8884303
8884339
8884627
8884651
8884807
8885083
8885119
8885167
8885311
8885347
8885467
8885551
8885743
8885839
8885923
8885959
8886067
8886331
8886391
8886523
8886607
8886667
8886883
8886931
8886967
8887063
8887267
8887423
8887519
8888083
8888119
8888359
8888767
8888791
8888839
8888947
8889007
8889019
8889187
8889403
8889871
8889883
8890051
8890243
8890267
8890447
8890603
8890639
8890963
8891059
8891167
8891347
8891431
8891539
8891611
8891851
8891899
8891923
8891983
8892127
8892187
8892379
8892391
8892427
8892439
8892607
8892727
8892799
8892847
8892883
8893051
8893099
8893219
8893399
8893471
8893627
8893831
8893867
8894311
8894443
8894623
8894659
8894839
8894887
8894947
8895067
8895091
8895307
8895379
8895451
8895559
8895703
8896543
8896651
8896747
8896759
8896843
8896891
8896903
8897047
8897143
8897227
8897299
8897359
8897407
8897671
8898151
8898163
8898343
8898367
8898451
8898523
8898691
8898811
8898943
8899123
8899171
8899243
8899339
8899399
8899411
8899531
8899603
8899663
8899711
8899783
8899843
8899927
8899987
8900179
8900383
8900407
8900863
8900887
8900923
8900959
8900971
8901031
8901259
8901499
8901511
8901679
8901751
8902111
8902183
8902447
8902483
8902639
8902651
8902807
8902867
8902879
8902987
8903023
8903371
8903407
8903431
8903443
8903491
8903707
8903959
8904067
8904127
8904163
8904199
8904499
8904631
8904919
8905063
8905111
8905147
8905327
8905423
8905543
8905579
8905723
8905747
8905759
8905903
8906179
8906251
8906347
8906587
8906959
8907211
8907271
8907307
8907331
8907511
8907631
8907799
8908063
8908087
8908411
8908483
8908819
8908951
8908987
8909023
8909083
8909143
8909287
8909323
8909491
8909503
8909707
8910067
8910103
8910127
8910151
8910247
8910283
8910439
8910463
8910607
8910679
8910691
8910763
8910787
8911039
8911087
8911471
8911759
8911843
8912011
8912023
8912203
8912347
8912383
8912551
8912887
8913019
8913067
8913187
8913391
8913703
8913739
8913787
8913847
8914027
8914183
8914291
8914471
8914519
8914531
8914567
8915083
8915119
8915143
8915299
8915359
8915539
8915719
8916043
8916151
8916163
8916331
8916379
8916403
8916487
8916559
8916679
8916727
8916883
8917159
8917339
8917351
8917411
8917747
8917879
8917891
8917927
8917963
8918023
8918059
8918131
8918311
8918347
8918419
8918743
8918827
8919139
8919187
8919223
8919259
8919283
8919319
8919403
8919487
8919583
8919871
8919931
8919979
8920003
8920039
8920123
8920243
8920543
8920687
8920783
8920867
8920927
8920999
8921239
8921383
8921779
8921863
8922019
8922139
8922163
8922187
8922211
8922283
8922307
8922547
8922559
8922607
8922847
8922931
8922967
8923003
8923063
8923207
8923531
8923639
8923819
8923951
8924011
8924059
8924479
8924527
8924719
8924731
8925223
8925523
8925583
8925691
8925727
8925739
8926123
8926387
8926459
8926711
8926927
8926999
8927551
8927647
8927707
8927851
8928067
8928079
8928151
8928223
8928511
8928547
8928571
8928583
8928679
8928811
8928979
8929003
8929051
8929111
8929399
8929447
8929807
8929951
8930107
8930227
8930419
8930839
8930959
8930983
8931067
8931163
8931211
8931283
8931523
8931583
8932111
8932159
8932591
8932687
8932927
8932999
8933047
8933179
8933227
8933251
8933263
8933299
8933623
8933767
8933791
8933803
8934307
8934391
8934439
8934451
8934631
8934907
8935207
8935231
8935603
8935627
8935699
8935819
8935879
8935987
8936071
8936287
8936563
8936743
8936791
8936971
8937031
8937067
8937079
8937211
8937343
8937583
8937727
8937787
8937931
8938051
8938159
8938183
8938219
8938231
8938471
8938543
8938627
8938663
8938807
8938843
8938903
8939023
8939299
8939347
8939383
8939407
8939527
8939551
8939731
8939863
8939923
8939947
8940007
8940247
8940271
8940319
8940427
8940523
8940571
8940931
8940991
8941171
8941279
8941399
8941459
8941783
8941819
8941903
8941927
8942071
8942083
8942299
8942359
8942443
8942491
8942587
8942599
8942611
8942623
8942803
8943007
8943079
8943331
8943439
8943463
8943667
8943679
8943811
8944099
8944123
8944207
8944279
8945071
8945119
8945323
8945611
8945683
8945707
8945719
8945851
8946031
8946043
8946139
8946151
8946187
8946211
8946247
8946391
8946499
8946727
8946799
8947123
8947171
8947339
8947567
8947579
8947699
8947723
8947987
8948263
8948323
8948383
8948419
8948431
8948539
8948623
8948671
8948803
8948887
8948971
8949067
8949379
8949559
8949679
8949823
8949991
8950267
8950639
8950759
8950783
8950951
8951119
8951251
8951263
8951287
8951659
8951791
8951827
8951863
8952091
8952259
8952487
8952511
8952547
8952679
8952799
8952907
8953099
8953183
8953207
8953387
8953423
8953531
8953639
8953891
8953927
8953999
8954059
8954131
8954287
8954311
8954347
8954419
8954467
8954527
8954779
8955043
8955103
8955139
8955259
8955283
8955439
8955511
8955619
8955643
8955703
8955871
8955883
8955967
8955979
8956147
8956231
8956243
8956291
8956411
8956483
8956531
8956879
8956903
8956939
8956951
8957083
8957131
8957167
8957383
8957479
8957551
8957563
8957671
8957743
8957887
8958067
8958343
8958583
8958667
8958739
8959063
8959147
8959219
8959387
8959603
8959711
8959759
8959879
8960011
8960047
8960227
8960299
8960359
8960467
8960587
8961019
8961079
8961223
8961439
8961487
8961583
8961619
8961763
8961811
8962027
8962039
8962207
8962279
8962819
8963011
8963239
8963347
8963431
8963599
8963683
8963791
8963827
8963923
8963959
8964031
8964211
8964331
8964391
8964427
8964463
8964583
8965051
8965087
8965267
8965447
8965651
8965903
8965939
8966107
8966227
8966299
8966443
8966479
8966623
8966779
8966851
8966959
8967319
8967391
8967571
8967811
8967859
8968111
8968303
8968387
8968567
8968651
8968759
8968783
8969143
8969179
8969407
8969647
8969683
8969731
8969887
8969899
8970007
8970139
8970331
8970547
8970583
8970799
8970979
8971243
8971447
8971483
8971639
8971663
8971747
8972023
8972191
8972287
8972647
8972863
8973007
8973103
8973259
8973691
8973751
8973859
8973931
8973967
8974051
8974111
8974123
8974219
8974447
8974507
8974627
8974663
8974723
8974843
8975047
8975059
8975143
8975227
8975311
8975503
8975803
8975839
8975947
8976031
8976091
8976127
8976271
8976559
8976619
8976811
8976823
8976967
8977039
8977159
8977279
8977459
8977471
8977651
8977663
8977687
8977831
8977951
8978059
8978071
8978287
8978323
8978479
8978503
8978539
8978707
8978779
8978911
8978971
8979163
8979259
8979331
8979703
8979811
8979847
8980087
8980339
8980591
8980627
8980891
8980963
8980987
8981107
8981179
8981251
8981311
8981383
8981563
8981743
8981827
8981923
8982007
8982151
8982187
8982331
8982439
8982619
8982643
8982751
8982871
8982907
8983207
8983411
8983687
8983759
8983951
8983999
8984167
8984179
8984299
8984671
8984707
8984827
8985091
8985103
8985187
8985247
8985283
8985307
8985391
8985607
8985751
8985787
8986363
8986423
8986507
8986531
8986843
8986891
8986963
8986987
8987047
8987287
8987299
8987791
8987911
8987947
8988043
8988079
8988163
8988619
8989027
8989207
8989231
8989459
8989567
8989627
8989699
8989999
8990011
8990143
8990239
8990431
8990563
8990719
8990791
8990887
8991007
8991223
8991319
8991439
8991679
8991967
8992183
8992219
8992483
8992519
8992531
8992663
8992699
8992999
8993167
8993371
8993419
8993563
8993599
8993791
8993839
8994091
8994103
8994283
8994859
8994883
8995027
8995111
8995123
8995351
8995387
8995603
8995867
8995939
8995951
8996047
8996083
8996191
8996359
8996431
8996539
8996563
8996971
8996983
8997007
8997139
8997427
8997451
8997847
8997883
8997943
8997979
8998063
8998159
8998243
8998351
8998411
8998447
8998603
8998747
8998987
8999059
8999143
8999203
8999311
8999323
8999467
8999491
8999707
8999779
8999839
8999899
9000067
9000223
9000283
9000331
9000379
9000427
9000499
9000907
9001507
9001519
9001627
9001723
9001843
9001987
9002011
9002023
9002467
9002923
9003187
9003271
9003343
9003487
9003607
9003667
9003703
9003859
9003871
9004111
9004147
9004327
9004351
9004459
9004507
9004519
9004531
9004603
9004687
9004843
9004939
9005047
9005119
9005179
9005299
9006139
9006199
9006883
9006919
9007051
9007123
9007231
9007303
9007567
9007627
9007771
9007783
9007891
9008023
9008359
9008431
9008599
9008707
9008767
9008863
9009103
9009223
9009367
9009727
9009811
9009943
9010003
9010087
9010291
9010399
9010471
9010879
9011059
9011143
9011419
9011551
9011671
9011707
9011803
9012247
9012463
9012559
9012691
9013243
9013327
9013387
9013423
9013507
9013603
9013639
9014107
9014143
9014287
9014407
9014443
9014659
9014767
9014839
9014983
9015091
9015187
9015199
9015271
9015343
9015511
9015691
9015847
9015991
9016687
9017119
9017167
9017431
9017443
9017707
9018019
9018127
9018223
9018367
9018511
9018547
9018871
9019039
9019147
9019327
9019363
9019447
9019687
9019711
9019771
9019867
9019939
9019963
9019987
9020083
9020203
9020227
9020371
9020503
9020527
9020551
9020587
9020887
9021127
9021211
9021283
9021379
9021703
9021907
9021931
9021967
9022399
9022411
9022471
9022579
9022603
9022723
9022939
9023011
9023071
9023251
9023299
9023431
9023479
9023491
9023551
9023587
9023827
9023899
9023947
9024079
9024271
9024667
9024703
9024871
9024979
9025111
9025339
9025999
9026203
9026287
9026359
9026527
9026863
9026959
9027043
9027259
9027283
9027511
9027547
9027703
9028291
9028399
9028519
9028759
9028807
9029107
9029131
9029191
9029203
9029479
9029551
9029563
9029599
9029707
9029743
9029803
9029947
9030019
9030199
9030211
9030487
9030523
9030607
9030739
9030811
9030823
9030883
9031027
9031171
9031279
9031291
9031411
9031639
9031807
9031831
9031903
9031927
9032047
9032119
9032167
9032227
9032299
9032479
9032719
9032731
9032839
9032911
9033187
9033331
9033523
9033547
9033799
9033847
9033907
9033943
9033967
9034303
9034447
9034639
9034807
9034843
9034999
9035239
9035563
9035899
9036007
9036151
9036319
9036331
9036463
9036583
9036823
9037051
9037219
9037723
9037759
9037807
9037843
9037867
9038023
9038059
9038347
9038443
9038479
9038503
9038599
9038671
9038707
9039067
9039091
9039319
9039403
9039523
9039607
9039643
9039727
9040123
9040183
9040279
9040711
9040723
9040939
9041287
9041371
9041479
9041551
9041611
9041623
9041899
9041947
9042067
9042223
9042331
9042391
9042511
9042547
9042619
9042907
9043039
9043087
9043123
9043159
9043171
9043267
9043591
9043891
9043927
9043963
9043987
9044023
9044047
9044059
9044251
9044479
9044599
9044647
9044671
9044719
9044767
9044863
9045367
9045571
9045607
9045679
9045727
9045859
9045931
9045991
9046207
9046339
9046399
9046627
9046651
9046879
9046903
9046987
9047011
9047023
9047167
9047299
9047659
9047707
9047851
9047887
9047911
9047959
9048031
9048379
9048583
9048631
9048643
9049003
9049147
9049231
9049351
9049471
9049543
9049939
9050323
9050359
9050383
9050527
9050539
9050599
9051379
9051403
9051487
9051787
9051883
9051967
9052039
9052159
9052387
9052423
9052627
9052663
9052951
9053119
9053179
9053227
9053311
9053599
9053683
9053791
9053959
9054103
9054259
9054391
9054439
9054499
9054607
9054631
9054763
9054919
9054979
9055027
9055159
9055171
9055183
9055507
9055591
9055687
9055699
9055759
9055771
9055831
9055903
9056023
9056623
9056959
9057163
9057199
9057343
9057427
9057571
9057667
9057703
9057799
9057847
9058099
9058111
9058243
9058279
9058363
9058471
9058531
9058831
9058843
9058963
9058999
9059059
9059179
9059251
9059287
9059299
9059311
9059359
9059383
9059443
9059467
9059503
9059551
9059683
9059779
9059899
9060043
9060223
9060319
9060379
9060547
9060619
9060907
9060943
9060991
9061099
9061267
9061363
9061387
9061447
9061483
9061627
9061783
9061939
9061999
9062059
9062143
9062359
9062491
9062527
9062539
9062719
9062803
9063211
9063331
9063427
9063463
9063487
9063547
9063667
9063751
9063787
9063871
9064087
9064303
9064459
9064591
9064987
9065083
9065179
9065239
9065503
9065839
9066019
9066091
9066199
9066307
9066319
9066391
9066451
9066571
9066691
9067147
9067207
9067243
9067423
9067447
9067483
9067507
9067567
9067687
9067831
9067963
9068347
9068611
9068623
9068827
9068887
9068971
9069163
9069583
9069727
9069799
9069883
9069967
9070123
9070339
9070351
9070423
9070447
9070459
9070519
9070627
9070759
9070819
9070891
9071119
9071143
9071431
9071467
9071563
9071707
9071767
9071779
9071791
9071971
9072031
9072043
9072079
9072463
9072643
9072727
9072859
9072967
9073003
9073039
9073147
9073231
9073591
9073663
9073747
9073879
9073927
9074083
9074347
9074371
9074683
9074839
9074851
9074911
9074959
9075019
9075043
9075307
9075427
9075571
9075679
9075799
9075907
9075931
9076183
9076279
9076399
9076723
9077083
9077119
9077191
9077323
9077539
9077587
9077647
9077767
9077863
9078151
9078259
9078403
9078439
9078739
9078919
9079027
9079051
9079111
9079243
9079387
9079531
9079627
9079771
9080107
9080131
9080167
9080563
9080623
9080719
9080779
9081151
9081211
9081223
9081427
9081463
9081547
9082219
9082303
9082363
9082459
9082483
9082543
9082687
9082831
9083023
9083047
9083203
9083407
9083443
9083479
9083587
9083647
9083779
9083791
9083959
9084007
9084211
9084343
9084391
9084619
9084667
9084727
9084811
9084871
9084991
9085039
9085099
9085471
9085543
9085603
9085627
9085651
9085891
9085963
9086107
9086191
9086299
9086647
9086683
9086827
9086983
9087427
9087667
9087763
9087847
9087943
9088087
9088279
9088423
9088543
9088579
9088603
9088771
9088831
9088843
9088987
9089131
9089251
9089323
9089419
9089791
9090247
9090259
9090331
9090391
9090463
9090583
9090691
9090751
9090871
9091051
9091099
9091207
9091267
9091543
9091591
9091759
9091807
9091843
9091939
9092011
9092131
9092191
9092227
9092371
9092851
9092911
9092947
9093127
9093151
9093463
9093523
9093631
9093727
9093787
9093919
9093991
9094207
9094219
9094291
9094387
9094399
9094927
9095371
9095551
9095659
9095899
9096151
9096163
9096511
9096559
9096583
9096631
9096667
9096811
9097267
9097279
9097303
9097591
9097831
9097939
9097987
9098071
9098107
9098143
9098311
9098347
9098527
9098827
9099067
9099439
9099547
9099583
9099691
9099799
9099943
9100051
9100159
9100447
9100591
9100711
9101023
9101119
9101263
9101623
9101707
9101731
9101887
9102091
9102139
9102199
9102307
9102571
9102763
9102787
9102991
9103291
9103327
9103351
9103399
9103459
9103531
9103747
9103819
9103867
9104047
9104371
9104383
9104539
9104551
9104647
9104659
9104791
9104899
9104947
9105139
9105223
9105247
9105511
9105787
9106063
9106099
9106159
9106231
9106627
9106939
9107107
9107167
9107179
9107323
9107503
9107599
9107611
9107647
9107899
9108427
9108499
9108511
9108679
9108691
9108727
9108751
9109351
9109519
9109579
9109591
9109687
9109927
9109999
9110119
9110551
9110707
9110923
9111163
9111247
9111463
9111511
9111523
9111559
9111667
9111859
9112339
9112591
9112651
9113011
9113107
9113227
9113263
9113323
9113431
9113719
9114103
9114163
9114331
9114487
9114583
9114619
9114631
9114943
9114991
9115207
9115279
9115303
9115339
9115663
9115879
9115999
9116059
9116287
9116383
9116851
9116923
9116959
9117139
9117187
9117331
9117343
9117391
9117403
9117463
9117679
9117727
9117931
9118111
9118147
9118183
9118303
9118411
9118699
9118771
9119023
9119059
9119167
9119263
9119419
9119479
9119587
9119623
9119767
9120079
9120091
9120103
9120127
9120271
9120283
9120571
9120607
9120667
9120739
9120799
9121003
9121171
9121183
9121207
9121279
9121327
9121339
9121663
9121999
9122083
9122143
9122263
9122287
9122551
9122803
9123199
9123379
9123643
9123799
9123871
9123979
9124243
9124279
9125023
9125071
9125143
9125167
9125203
9125239
9125323
9125359
9125419
9125863
9125899
9125983
9126043
9126151
9126223
9126367
9127219
9127231
9127267
9127303
9127507
9127627
9127639
9127903
9127939
9128023
9128047
9128239
9128407
9128563
9128659
9128719
9128851
9129031
9129151
9129331
9129499
9129607
9129811
9129979
9130063
9130111
9130123
9130351
9130543
9130567
9130651
9130783
9130879
9130939
9131011
9131443
9131599
9131611
9131767
9131791
9132367
9132511
9132619
9132667
9132691
9132919
9132979
9133099
9133123
9133171
9133303
9133351
9133567
9133807
9133987
9134011
9134131
9134347
9134539
9134947
9135031
9135079
9135211
9135223
9135331
9135391
9135403
9135799
9135859
9136051
9136111
9136159
9136219
9136579
9136747
9136807
9136951
9137047
9137131
9137239
9137503
9137563
9137659
9137683
9137707
9138139
9138247
9138271
9138343
9138463
9138523
9138607
9138847
9138931
9138967
9139099
9139279
9139531
9139639
9139651
9139687
9139723
9139783
9140011
9140143
9140347
9140623
9140899
9141127
9141151
9141163
9141247
9141259
9141343
9141367
9141607
9141667
9141763
9141883
9141919
9141943
9142099
9142207
9142519
9142711
9142747
9142843
9143179
9143203
9143347
9143383
9143527
9143587
9143599
9143887
9143923
9143971
9144043
9144259
9144307
9144391
9144427
9144679
9144727
9144787
9144799
9145039
9145051
9145159
9145219
9145459
9145519
9145663
9145699
9145831
9146167
9146311
9146443
9146491
9146563
9146707
9146779
9146983
9147199
9147487
9147571
9147967
9148003
9148351
9148387
9148423
9148459
9148471
9148639
9148831
9149011
9149251
9149479
9149611
9149947
9150019
9150091
9150187
9150259
9150451
9150523
9150871
9150907
9150919
9150943
9150991
9151243
9151411
9151459
9151783
9151843
9151927
9151963
9152131
9152179
9152323
9152491
9152527
9152779
9152863
9153007
9153031
9153043
9153139
9153511
9153631
9153679
9153799
9154039
9154267
9154291
9154507
9154543
9154591
9154879
9154939
9155011
9155023
9155119
9155227
9155239
9155287
9155527
9155623
9155659
9155743
9156127
9156307
9156607
9157003
9157387
9157579
9157663
9157723
9157783
9158119
9158599
9158791
9158827
9158911
9159103
9159259
9159499
9159547
9159847
9159907
9160339
9160351
9160387
9160483
9160519
9160579
9160819
9161143
9161167
9161179
9161239
9161431
9161671
9161791
9161899
9161923
9161959
9162007
9162247
9162319
9162331
9162367
9162679
9162787
9162919
9163267
9163279
9163411
9163699
9163723
9163771
9164011
9164083
9164167
9164383
9164527
9164563
9164731
9164767
9164791
9164839
9164923
9165199
9165379
9165451
9165811
9165859
9165883
9165931
9166039
9166159
9166219
9166327
9166387
9166687
9166747
9166867
9166891
9167143
9167371
9167383
9167551
9167791
9167827
9167839
9168043
9168091
9168259
9168403
9168487
9168571
9168631
9168739
9168823
9169003
9169063
9169207
9169243
9169351
9169411
9169711
9169807
9169819
9170047
9170383
9170779
9170851
9170899
9171259
9171367
9171751
9171763
9171787
9171907
9171991
9172039
9172087
9172159
9172183
9172351
9172363
9172483
9172591
9172663
9172759
9172771
9172831
9173023
9173323
9173347
9173587
9173887
9173959
9174103
9174391
9174463
9174619
9174703
9174751
9174787
9175063
9175171
9175219
9175351
9175447
9175471
9175591
9175711
9175819
9176023
9176359
9176371
9176443
9176551
9176863
9176971
9177043
9177199
9177367
9177439
9177523
9177547
9177583
9177811
9177979
9178027
9178051
9178171
9178399
9178423
9178747
9178783
9178987
9179311
9179419
9179431
9179479
9179491
9179539
9179719
9179767
9179791
9179827
9180331
9180499
9180631
9180727
9180751
9180859
9180883
9181219
9181327
9181387
9181519
9181651
9181891
9181987
9182599
9183127
9183199
9183487
9183571
9183679
9183871
9183883
9183907
9183991
9184171
9184207
9184243
9184459
9184603
9184783
9184867
9185191
9185443
9185551
9185623
9185791
9185863
9185971
9185983
9186043
9186259
9186379
9186403
9186487
9186547
9186559
9186691
9186739
9186763
9186871
9187207
9187447
9187459
9187543
9187639
9187903
9188407
9188467
9188503
9188539
9188611
9188659
9188791
9188887
9189079
9189199
9189211
9189619
9190231
9190411
9190543
9190579
9190723
9190807
9191023
9191227
9191263
9191491
9191527
9191599
9191659
9191671
9191863
9191983
9192091
9192343
9192559
9192607
9192643
9192823
9193027
9193351
9193411
9193543
9193699
9193819
9193867
9193927
9193939
9194071
9194083
9194191
9194359
9194443
9194587
9194659
9194767
9194851
9195223
9195559
9195583
9195619
9195727
9195751
9196087
9196339
9196351
9196531
9196699
9196771
9196783
9196963
9197131
9197239
9197347
9197647
9197659
9197791
9197911
9198019
9198151
9198331
9198403
9198439
9198691
9198799
9198823
9198859
9199027
9199039
9199123
9199543
9199579
9199831
9199843
9199987
9200119
9200563
9200599
9200647
9200923
9201067
9201883
9201919
9202183
9202279
9202351
9202411
9203071
9203119
9203191
9203251
9203371
9203731
9203791
9203839
9203899
9204007
9204127
9204271
9204331
9204343
9204499
9204523
9204691
9204739
9204751
9204763
9204883
9205051
9205123
9205243
9205423
9205579
9205639
9205951
9206023
9206167
9206179
9206359
9206779
9206863
9207103
9207259
9207607
9207763
9207823
9207871
9207943
9208039
9208219
9208291
9208387
9208699
9208831
9208879
9209047
9209059
9209203
9209491
9209803
9210067
9210283
9210559
9210571
9210679
9210703
9211087
9211171
9211207
9211291
9211471
9211567
9211711
9211987
9212251
9212323
9212383
9212767
9213079
9213163
9213307
9213979
9214063
9214267
9214339
9214423
9214567
9214603
9214747
9214987
9215023
9215251
9215347
9215419
9215827
9216139
9216247
9216283
9216391
9216787
9216847
9216979
9217051
9217339
9217387
9217471
9217711
9217807
9217843
9217951
9218119
9218263
9218527
9218551
9218983
9219211
9219247
9219271
9219451
9219523
9219703
9219739
9219751
9219787
9219823
9220207
9220243
9220291
9220399
9220759
9221011
9221083
9221371
9221467
9221503
9221647
9221659
9221983
9222079
9222331
9222487
9222547
9222607
9222691
9222727
9222739
9222799
9222907
9222919
9223387
9223567
9223603
9223783
9223867
9223927
9224191
9224323
9224647
9224911
9224947
9224983
9225031
9225079
9225211
9225319
9225331
9225439
9225487
9225499
9225547
9225859
9225871
9226051
9226099
9226159
9226339
9226447
9226687
9226831
9226879
9226939
9227083
9227203
9227227
9227479
9227527
9227587
9227767
9227851
9228031
9228139
9228211
9228259
9228283
9228391
9228523
9228559
9228631
9228991
9229027
9229111
9229267
9229399
9229603
9229711
9229939
9230191
9230227
9230407
9230443
9230587
9230803
9230911
9230959
9230971
9231031
9231067
9231331
9231379
9231451
9231619
9231631
9231919
9231979
9232051
9232231
9232243
9232459
9232603
9232711
9232807
9232939
9232987
9233179
9233611
9233671
9233923
9234067
9234223
9234367
9234403
9234727
9234751
9234763
9235003
9235087
9235123
9235363
9235507
9235591
9235651
9235663
9235867
9235987
9236023
9236119
9236131
9236191
9236371
9236503
9236779
9236911
9236923
9237343
9237643
9237691
9237703
9237871
9238039
9238063
9238231
9238291
9238423
9238459
9238687
9238759
9238819
9238951
9239071
9239107
9239239
9239323
9239467
9239611
9239623
9239803
9239863
9240151
9240223
9240607
9240619
9240727
9240991
9241039
9241123
9241339
9241411
9241447
9241567
9241711
9241747
9241879
9241963
9242059
9242143
9242239
9242323
9242347
9242419
9242539
9242707
9242791
9242887
9242971
9243103
9243259
9243319
9243499
9243607
9243679
9243691
9243931
9243967
9243979
9244111
9244171
9244483
9244579
9244771
9244903
9244951
9245311
9245371
9245491
9245911
9246019
9246199
9246343
9246379
9246427
9246571
9246631
9246859
9246931
9247351
9247423
9247603
9247831
9247939
9248251
9248287
9248359
9248431
9248467
9248647
9248683
9248719
9248803
9248887
9248983
9249367
9249763
9249787
9249847
9249871
9249907
9249943
9250231
9250279
9250387
9250447
9250639
9250723
9250819
9251059
9251239
9251323
9251419
9251491
9251719
9251863
9252079
9252283
9252343
9252367
9252427
9252547
9252571
9252583
9252679
9252931
9253087
9253207
9253483
9253579
9253687
9253723
9253807
9253879
9254023
9254191
9254227
9254299
9254983
9255067
9255139
9255319
9255331
9255523
9255751
9255811
9255919
9255931
9255991
9256063
9256099
9256147
9256207
9256399
9256531
9256651
9256747
9256831
9256999
9257071
9257179
9257263
9257359
9257551
9257587
9257671
9257827
9258019
9258043
9258451
9258559
9258919
9259027
9259123
9259267
9259303
9259387
9259819
9259927
9259963
9260023
9260071
9260131
9260203
9260287
9260347
9260431
9260491
9260611
9261547
9261619
9261751
9261799
9261907
9261943
9262051
9262171
9262411
9262507
9262639
9262819
9262867
9263047
9263131
9263179
9263239
9263347
9263587
9263599
9263851
9264067
9264127
9264139
9264163
9264247
9264271
9264667
9264751
9264919
9264967
9265099
9265387
9265423
9265519
9265579
9265603
9265723
9265759
9265999
9266011
9266143
9266407
9266431
9266659
9266731
9266767
9266827
9266899
9267031
9267127
9267187
9267523
9268087
9268099
9268123
9268159
9268267
9268423
9268627
9268639
9268663
9268879
9268999
9269311
9269419
9269563
9269671
9269707
9269959
9270007
9270463
9270511
9270823
9270931
9271111
9271123
9271291
9271543
9271651
9271879
9272203
9272239
9272359
9272371
9272479
9272587
9272623
9272983
9273067
9273307
9273379
9273391
9273487
9273499
9273703
9273739
9274039
9274183
9274327
9274351
9274399
9274471
9274687
9274711
9274747
9274939
9275083
9275443
9275671
9275683
9275731
9275839
9275983
9276019
9276187
9276367
9276403
9276439
9276523
9276583
9276739
9276763
9276847
9276871
9276991
9277243
9277267
9277399
9277483
9277531
9277663
9277747
9277771
9277819
9277831
9277843
9277951
9278323
9278539
9278611
9278623
9278743
9278887
9279007
9279211
9279367
9279559
9279583
9279607
9280123
9280267
9280471
9280507
9280627
9280651
9280903
9280939
9281071
9281119
9281179
9281407
9281491
9281527
9281659
9281959
9282103
9282211
9282307
9282319
9282379
9282451
9282631
9282643
9282739
9282751
9282787
9283279
9283327
9283711
9283831
9284047
9284071
9284083
9284323
9284371
9284563
9284623
9284683
9285259
9285403
9285439
9285487
9285643
9285763
9285799
9285919
9286027
9286279
9286447
9286531
9286663
9286831
9286843
9286903
9286999
9287167
9287203
9287539
9287659
9288199
9288211
9288259
9288319
9288571
9288823
9289039
9289339
9289663
9289771
9289807
9289867
9290059
9290131
9290227
9290251
9290371
9290383
9290587
9290599
9291151
9291307
9291319
9291343
9291439
9291691
9291811
9291859
9292147
9292279
9292399
9292471
9292639
9292711
9292783
9292867
9293227
9293371
9293443
9293467
9293563
9293803
9293959
9294199
9294283
9294343
9294367
9294739
9294763
9294847
9294907
9295063
9295147
9295159
9295207
9295303
9295603
9295639
9295927
9295999
9296191
9296431
9296563
9296587
9296767
9296779
9296863
9296923
9296971
9297163
9297247
9297259
9297319
9297367
9297583
9297643
9297787
9297823
9297907
9297931
9298039
9298447
9298483
9298651
9298687
9298699
9298819
9299203
9299347
9299419
9299443
9299551
9299671
9300007
9300103
9300199
9300451
9300559
9300667
9300703
9300847
9300859
9300919
9301267
9301387
9301651
9301687
9301819
9301939
9302071
9302299
9302323
9302431
9302443
9302539
9302599
9302611
9302731
9302863
9302983
9303163
9303439
9303487
9303703
9303907
9303919
9304027
9304387
9304639
9304783
9304807
9304819
9304891
9304951
9305059
9305287
9305419
9305503
9305707
9305743
9305887
9306127
9306151
9306223
9306511
9306571
9306607
9306643
9306691
9306907
9306931
9306991
9307003
9307219
9307303
9307339
9307699
9307759
9307999
9308203
9308239
9308311
9308479
9308527
9308647
9308659
9308671
9308839
9308947
9309103
9309211
9309367
9309379
9309571
9309739
9309847
9309919
9310471
9310759
9310783
9310927
9310999
9311131
9311143
9311179
9311227
9311287
9311371
9311431
9311443
9311503
9311587
9311719
9311791
9312151
9312403
9312487
9312559
9312727
9312739
9312883
9313063
9313099
9313279
9313303
9313471
9313483
9313627
9313699
9313747
9314023
9314311
9314323
9314779
9314791
9314923
9314983
9315067
9315079
9315223
9315499
9315547
9315571
9315763
9315883
9315967
9316147
9316231
9316519
9316687
9316759
9316831
9316903
9317059
9317083
9317263
9317419
9317731
9317767
9317779
9317839
9317851
9318031
9318139
9318163
9318343
9318451
9318823
9319039
9319087
9319099
9319183
9319243
9319831
9319963
9320191
9320239
9320287
9320323
9320371
9320599
9320683
9321127
9321283
9321307
9321331
9321379
9321451
9321523
9321547
9321811
9321919
9322051
9322231
9322279
9322627
9322699
9323107
9323227
9323311
9323383
9323527
9323683
9323827
9323863
9324391
9324439
9324751
9324871
9324907
9325003
9325087
9325291
9325399
9325543
9325579
9325627
9325807
9325891
9326011
9326203
9326263
9326323
9326563
9326623
9326971
9327139
9327247
9327343
9327427
9327631
9327739
9327751
9328003
9328027
9328219
9328471
9328507
9328567
9328687
9328723
9328747
9329011
9329227
9329407
9329443
9329479
9329539
9329623
9329647
9329707
9330379
9330619
9331099
9331159
9331519
9331627
9331639
9331711
9331747
9331891
9331999
9332107
9332203
9332263
9332347
9332383
9332527
9332671
9332683
9332887
9332959
9333007
9333067
9333283
9333319
9333367
9333547
9333787
9333943
9334051
9334147
9334363
9334771
9334807
9334903
9335119
9335203
9335779
9336199
9336259
9336307
9336343
9336403
9336667
9336703
9336739
9336883
9337039
9337099
9337219
9337243
9337291
9337351
9337459
9337567
9337639
9337651
9337711
9337831
9337927
9338011
9338143
9338479
9338731
9338803
9338839
9338863
9339163
9339439
9339559
9339619
9339727
9339739
9339763
9339871
9340459
9340627
9340699
9340963
9340999
9341287
9341359
9341503
9342007
9342043
9342079
9342103
9342127
9342283
9342391
9342511
9342691
9342763
9342799
9342871
9343099
9343111
9343123
9343447
9343507
9343627
9343639
9343723
9344011
9344311
9344551
9344743
9344851
9344899
9345067
9345403
9345451
9345607
9345667
9345811
9346063
9346147
9346171
9346387
9346399
9346471
9346507
9346639
9346759
9346891
9347071
9347083
9347227
9347323
9347419
9347539
9347587
9347839
9347911
9347983
9348091
9348127
9348379
9348463
9348739
9348811
9348847
9348883
9348919
9349051
9349243
9349519
9349699
9350083
9350311
9350491
9350599
9350683
9350767
9350779
9350827
9351031
9351187
9351259
9351571
9351619
9351931
9351967
9352003
9352171
9352183
9352411
9352423
9352507
9352699
9352723
9352891
9352939
9353299
9353527
9353671
9353779
9353887
9353959
9354019
9354139
9354379
9354487
9354703
9354823
9354967
9354991
9355039
9355063
9355147
9355363
9355399
9355471
9355483
9355903
9355939
9356107
9356371
9356551
9356707
9356803
9356827
9356983
9357631
9357811
9357883
9358159
9358207
9358231
9358267
9358423
9358603
9358747
9359059
9359167
9359491
9359563
9359599
9359719
9359839
9359971
9360007
9360067
9360079
9360187
9360367
9360499
9360739
9360859
9360907
9360979
9360991
9361087
9361399
9361423
9361591
9361939
9362083
9362203
9362251
9362263
9362299
9362659
9362851
9362923
9362959
9363019
9363031
9363103
9363283
9363499
9363631
9363847
9363883
9363931
9364099
9364111
9364279
9364339
9364471
9364543
9364783
9364867
9364963
9365263
9365299
9365359
9365407
9365431
9365467
9365479
9365611
9365767
9365947
9366127
9366151
9366187
9366523
9366559
9366967
9366979
9367027
9367063
9367123
9367207
9367291
9367483
9367807
9368143
9368167
9368503
9368923
9369043
9369067
9369247
9369391
9369427
9369439
9369583
9369727
9369739
9369931
9369979
9370183
9370327
9370423
9370579
9370807
9370843
9371191
9371311
9371563
9371623
9371707
9371851
9371983
9372127
9372343
9372379
9372427
9372463
9372487
9372703
9372751
9372931
9373219
9373531
9373759
9374083
9374119
9374143
9374359
9374503
9374611
9374623
9374647
9374863
9374971
9375127
9375259
9375367
9375451
9375679
9375703
9375739
9375871
9375943
9375979
9375991
9376099
9376447
9376459
9376531
9377107
9377323
9377359
9377419
9377443
9377647
9377671
9377743
9377899
9378211
9378367
9378583
9378763
9378847
9378931
9378979
9379003
9379159
9379219
9379399
9379411
9379507
9379519
9379627
9379663
9379999
9380227
9380467
9380491
9380599
9380731
9380863
9380911
9381019
9381199
9381283
9381523
9381571
9381607
9381643
9381679
9381751
9381787
9381859
9382039
9382099
9382207
9382327
9382507
9382567
9382819
9382831
9382843
9382927
9382951
9383071
9383251
9383263
9383323
9383623
9383659
9383947
9384091
9384259
9384523
9384559
9384691
9384703
9384871
9384979
9385111
9385171
9385231
9385267
9385807
9385927
9386203
9386239
9386263
9386359
9386383
9386527
9386743
9386791
9386911
9387031
9387163
9387331
9387403
9387607
9387799
9387991
9388111
9388207
9388219
9388231
9388243
9388507
9388591
9388723
9388903
9389047
9389131
9389167
9389227
9389239
9389251
9389299
9389383
9389551
9389671
9389827
9390127
9390319
9390571
9390607
9390679
9390691
9390847
9391147
9391183
9391351
9391363
9391423
9391471
9391639
9391663
9391927
9392083
9392311
9392359
9392371
9392407
9392431
9392503
9392683
9392827
9393019
9393127
9393271
9393343
9393751
9393763
9393991
9394087
9394123
9394243
9394351
9394423
9394447
9394543
9394963
9395011
9395131
9395467
9395599
9395779
9395851
9395923
9396043
9396103
9396619
9396799
9396859
9396943
9397303
9397699
9397939
9398047
9398227
9398299
9398371
9398443
9398527
9398563
9398803
9398899
9398911
9398923
9399031
9399139
9399163
9399751
9399823
9400063
9400327
9400387
9400483
9400639
9400723
9400747
9400759
9400879
9400891
9400999
9401083
9401107
9401167
9401647
9401839
9401947
9402007
9402067
9402091
9402223
9402271
9402559
9402919
9402979
9403099
9403231
9403327
9403351
9403783
9403903
9403963
9404119
9404167
9404299
9404599
9404743
9404887
9404959
9405043
9405211
9405427
9405463
9405547
9405727
9405859
9406003
9406147
9406339
9406651
9406699
9406819
9406879
9406951
9407263
9407347
9407407
9407623
9407767
9408067
9408163
9408187
9408391
9408547
9408571
9409051
9409111
9409159
9409423
9409531
9409639
9409651
9409723
9409903
9410227
9410431
9410539
9410659
9410803
9410959
9410983
9411091
9411187
9411271
9411511
9411799
9411847
9411943
9412231
9412567
9412591
9412603
9412699
9412807
9413071
9413083
9413167
9413179
9413311
9413347
9413527
9413707
9413851
9414151
9414247
9414319
9414403
9414499
9414547
9414619
9415339
9415543
9415699
9415771
9415831
9415843
9416059
9416179
9416203
9416227
9416263
9416299
9416383
9416479
9416707
9416983
9417019
9417127
9417379
9417451
9417523
9417571
9418099
9418399
9418567
9418687
9419143
9419191
9419239
9419359
9419503
9419551
9419647
9419899
9419947
9420043
9420127
9420391
9420487
9420643
9420667
9420871
9421063
9421351
9421411
9421483
9421567
9421591
9421603
9421843
9422431
9422467
9422503
9422599
9422683
9422779
9422887
9422971
9423103
9423283
9423343
9423511
9423619
9423691
9424003
9424039
9424123
9424231
9424291
9424663
9424699
9425263
9425287
9425419
9425527
9425719
9425743
9425851
9425947
9426199
9426259
9426427
9426631
9426643
9426667
9426787
9426811
9426919
9427039
9427183
9427219
9427387
9427459
9427507
9427567
9427687
9427783
9427903
9427963
9428071
9428119
9428143
9428179
9428299
9428323
9428359
9428479
9428491
9428539
9428611
9428707
9428791
9429163
9429223
9429451
9429463
9429691
9430111
9430339
9430591
9430627
9430843
9430891
9430951
9430963
9430999
9431431
9431503
9431647
9431743
9431887
9431959
9432067
9432391
9432427
9432439
9432727
9432823
9433111
9433183
9433267
9433447
9433591
9433843
9433987
9434011
9434119
9434143
9434239
9434311
9434407
9434539
9434647
9434731
9434767
9434923
9435091
9435199
9435379
9435739
9435823
9435859
9435871
9435967
9436099
9436363
9436459
9436543
9436579
9436747
9436807
9436951
9437179
9437191
9437719
9437971
9438127
9438151
9438343
9438379
9438523
9438619
9438691
9438727
9438739
9438883
9439387
9439603
9439891
9440023
9440311
9440383
9440527
9440791
9440923
9441007
9441139
9441259
9441283
9441331
9441463
9441547
9441571
9441643
9441667
9441871
9441967
9441979
9442051
9442207
9442291
9442471
9442711
9442759
9442963
9443011
9443059
9443131
9443191
9443263
9443311
9443383
9443443
9443479
9443527
9443767
9443947
9444031
9444091
9444103
9444247
9444271
9444607
9444811
9444847
9445351
9445399
9445531
9446011
9446071
9446179
9446323
9446467
9446527
9446551
9446659
9446683
9446719
9446791
9447007
9447079
9447259
9447271
9447283
9447379
9447523
9447547
9447583
9447667
9447811
9448051
9448123
9448291
9448603
9448639
9448687
9448783
9448951
9448963
9449071
9449107
9449131
9449287
9449347
9449611
9449683
9449827
9450043
9450127
9450211
9450403
9450499
9450823
9450943
9451111
9451147
9451339
9451363
9451579
9451831
9451867
9451879
9452227
9452299
9452383
9452419
9452491
9452719
9452851
9453307
9453319
9453331
9453859
9453883
9453967
9453991
9454099
9454111
9454171
9454579
9454639
9454651
9454903
9455119
9455143
9455623
9455731
9455767
9455947
9456067
9456487
9456763
9456907
9456919
9456943
9457027
9457171
9457411
9457447
9457891
9457927
9457939
9458023
9458287
9458311
9458563
9458707
9458887
9458899
9459007
9459403
9459487
9459607
9459631
9459691
9459727
9459823
9459907
9460267
9460303
9460411
9460543
9460939
9460987
9461131
9461203
9461383
9461407
9461467
9462127
9462139
9462379
9462487
9462571
9462619
9462751
9462811
9462823
9462847
9462883
9463243
9463303
9463567
9463639
9463651
9463759
9464011
9464443
9464467
9464551
9464647
9464683
9464863
9465091
9465139
9465151
9465271
9465331
9465763
9465871
9465979
9466003
9466099
9466243
9466423
9466447
9466711
9466747
9466819
9466879
9466939
9466999
9467047
9467179
9467251
9467299
9467371
9467407
9467587
9467683
9467959
9468139
9468223
9468247
9468259
9468343
9468367
9468607
9468931
9469219
9469507
9469519
9469723
9469843
9469903
9470203
9470299
9470371
9470491
9470551
9470731
9470743
9471103
9471247
9471391
9471691
9471751
9471859
9472027
9472063
9472207
9472387
9472543
9472651
9472747
9472759
9472831
9472867
9473143
9473323
9473479
9473587
9473671
9473683
9473719
9473731
9473767
9473899
9474019
9474163
9474523
9474739
9474799
9474811
9474859
9474943
9474979
9475051
9475111
9475267
9475423
9475483
9475591
9475603
9475771
9475819
9476059
9476227
9476239
9476419
9476443
9476539
9476647
9476743
9476923
9476959
9477031
9477187
9477199
9477319
9477367
9477427
9477463
9477607
9477799
9477907
9478111
9478123
9478159
9478267
9478543
9478879
9479191
9479203
9479263
9479419
9479599
9479647
9479923
9480091
9480139
9480283
9480379
9480391
9480571
9480607
9480703
9480859
9480967
9481063
9481099
9481111
9481207
9481327
9481363
9481471
9481519
9481531
9481603
9481651
9481687
9481723
9481867
9481963
9481999
9482251
9482299
9482479
9482611
9482659
9483007
9483307
9483547
9483619
9483919
9484231
9484411
9484483
9484603
9484747
9484771
9484843
9485143
9485239
9485383
9485419
9485563
9485851
9485863
9485899
9485947
9486283
9486331
9486439
9486907
9487087
9487111
9487123
9487243
9487363
9487483
9487579
9487759
9487867
9488047
9488359
9488371
9488779
9489019
9489199
9489367
9489523
9489643
9489787
9489811
9489979
9490363
9490399
9490543
9490567
9490687
9490711
9490939
9490951
9491047
9491179
9491191
9491371
9491467
9491683
9491707
9491719
9491803
9491947
9492139
9492199
9492331
9492559
9492643
9492739
9492811
9492871
9492991
9493051
9493303
9493387
9493399
9493447
9493459
9493567
9493747
9493807
9493951
9493999
9494071
9494179
9494539
9494827
9494971
9495007
9495103
9495127
9495139
9495223
9495259
9495403
9495547
9495691
9495751
9495799
9495823
9495907
9496231
9496327
9496339
9496363
9496471
9496651
9496687
9496831
9496939
9497071
9497083
9497263
9497479
9497491
9497623
9497647
9498031
9498067
9498259
9498403
9498739
9498847
9498967
9499027
9499099
9499159
9499279
9499291
9499387
9499471
9499747
9499927
9499951
9500047
9500143
9500191
9500299
9500419
9500791
9500899
9500923
9500983
9501091
9501187
9501199
9501367
9501511
9501523
9501991
9502531
9502627
9502663
9502723
9502783
9502819
9502903
9502951
9503107
9503167
9503203
9503551
9503671
9503719
9504067
9504211
9504223
9504499
9504511
9504559
9504571
9504679
9504787
9504823
9505123
9505147
9505207
9505303
9505543
9505627
9505663
9505723
9505843
9506011
9506047
9506131
9506527
9506599
9506767
9506899
9506947
9507007
9507031
9507139
9507151
9507427
9507451
9507499
9507523
9507559
9507787
9508003
9508183
9508207
9508567
9508879
9508903
9508927
9508951
9508999
9509011
9509023
9509167
9509287
9509431
9509503
9509791
9509959
9510079
9510199
9510271
9510511
9510763
9510883
9510979
9511087
9511171
9511207
9511591
9511639
9511771
9511867
9512023
9512467
9512611
9512623
9512851
9513067
9513079
9513139
9513307
9513331
9513367
9513571
9513619
9513739
9513967
9513979
9514039
9514159
9514867
9515059
9515119
9515347
9515551
9515839
9515851
9515923
9515959
9516019
9516127
9516271
9516547
9516571
9516643
9516679
9516823
9516847
9516931
9517003
9517099
9517111
9517327
9517363
9517639
9517867
9517903
9518263
9518407
9518503
9518659
9519043
9519151
9519331
9519487
9519547
9519583
9519691
9519799
9519919
9519943
9520351
9520411
9520723
9520747
9520783
9520963
9521023
9521047
9521107
9521203
9521311
9521383
9521623
9521671
9521731
9521851
9521959
9522031
9522043
9522067
9522319
9522379
9522511
9522571
9522607
9522763
9522871
9523039
9523183
9523303
9523399
9523471
9523699
9523903
9523999
9524071
9524083
9524227
9524299
9524443
9524563
9524623
9524707
9524923
9525367
9525499
9525547
9525667
9525991
9526147
9526183
9526243
9526339
9526519
9526711
9526879
9527071
9527179
9527251
9527263
9527587
9528091
9528223
9528307
9528391
9528403
9528511
9528583
9528847
9528931
9529363
9529711
9530467
9530539
9530767
9530791
9530887
9530971
9531007
9531031
9531127
9531187
9531367
9531427
9531439
9531547
9531763
9531871
9531931
9531979
9532183
9532207
9532339
9532351
9532483
9532543
9532591
9532651
9532687
9532771
9532867
9533023
9533059
9533479
9533599
9533851
9533959
9534103
9534163
9534307
9534319
9534379
9534463
9534487
9534571
9534667
9534787
9534799
9534991
9535111
9535327
9535423
9535579
9535651
9535819
9535927
9536287
9536419
9536719
9537007
9537091
9537343
9537499
9537547
9537727
9538099
9538423
9538447
9538531
9538579
9538663
9538783
9538807
9539071
9539239
9539251
9539419
9539611
9539743
9539923
9540067
9540283
9540319
9540403
9540439
9540499
9540571
9540919
9540943
9541183
9541327
9541627
9541663
9541687
9541723
9541843
9541951
9542107
9542167
9542227
9542383
9542419
9542563
9542587
9542851
9542971
9543067
9543571
9543991
9544027
9544111
9544147
9544159
9544411
9544687
9544819
9544831
9544903
9544963
9544999
9545119
9545323
9545383
9545539
9545659
9545719
9545803
9545827
9545911
9546007
9546091
9546211
9546223
9546451
9546583
9546739
9546799
9546811
9546871
9546883
9547099
9547123
9547267
9547339
9547459
9547639
9548023
9548131
9548263
9548311
9548347
9548419
9548491
9548563
9548599
9548683
9548779
9548827
9549259
9549499
9549607
9549691
9549763
9549871
9549907
9550003
9550087
9550111
9550147
9550159
9550531
9550627
9550987
9551239
9551491
9551599
9551887
9551959
9552019
9552043
9552271
9552343
9552427
9552451
9552787
9553039
9553111
9553183
9553459
9553567
9554071
9554143
9554431
9554539
9554563
9554719
9554767
9554947
9554983
9555079
9555127
9555151
9555367
9555379
9555391
9555439
9555451
9555487
9555691
9555739
9555811
9555943
9556123
9556447
9556663
9556819
9557071
9557287
9557467
9557491
9557599
9557923
9557959
9557971
9557983
9558127
9558187
9558259
9558583
9558643
9558751
9558847
9558859
9558979
9559399
9559411
9559507
9559591
9559867
9559903
9560071
9560311
9560779
9560959
9560983
9561103
9561403
9561631
9561787
9561823
9561847
9561991
9562027
9562099
9562363
9562459
9562519
9562603
9562699
9562771
9562831
9562867
9563143
9563287
9563443
9563467
9563731
9563839
9564031
9564091
9564259
9564307
9564691
9564943
9564979
9565027
9565063
9565159
9565207
9565243
9565279
9565327
9565483
9565627
9565663
9565771
9565879
9565891
9565903
9566251
9566287
9566647
9566719
9567007
9567031
9567079
9567487
9567631
9567643
9567703
9567919
9567967
9568303
9568327
9568543
9568591
9568939
9569143
9569299
9569479
9569563
9569647
9569683
9569767
9569947
9570199
9570271
9570487
9570523
9570571
9570703
9571027
9571207
9571267
9571351
9571531
9571543
9571831
9571927
9571999
9572083
9572119
9572131
9572239
9572467
9572587
9572659
9572839
9572863
9573043
9573307
9573331
9573367
9573583
9573631
9573847
9574087
9574183
9574303
9574387
9574483
9574627
9575359
9575647
9576103
9576139
9576187
9576271
9576319
9576499
9576727
9576751
9576859
9576883
9576979
9577063
9577147
9577219
9577303
9577327
9577363
9577651
9577759
9577831
9578047
9578131
9578407
9579187
9579511
9579643
9579811
9579859
9579967
9580267
9580603
9580783
9580867
9581191
9581203
9581227
9581371
9581587
9581683
9581791
9581911
9582019
9582091
9582103
9582127
9582187
9582259
9582343
9582451
9582487
9582511
9582523
9582619
9582691
9582763
9582919
9583207
9583351
9583423
9583843
9584023
9584203
9584527
9584863
9585151
9585391
9585403
9585547
9585619
9585679
9585691
9585859
9585883
9585931
9585991
9586039
9586183
9586267
9586399
9586411
9586651
9586903
9586939
9586987
9587119
9587239
9587359
9587407
9587491
9587623
9587731
9588091
9588127
9588307
9588499
9588583
9588643
9588823
9588967
9589087
9589147
9589351
9589399
9589507
9589603
9589891
9589939
9589963
9590107
9590299
9590323
9590443
9590479
9590767
9591163
9591223
9591331
9591367
9591487
9591583
9591727
9591739
9591763
9591811
9591871
9592087
9592159
9592411
9592447
9592459
9592519
9592567
9592579
9592783
9592927
9592951
9593071
9593107
9593131
9593239
9593251
9593383
9593407
9593431
9593827
9593923
9594043
9594139
9594391
9594499
9594763
9594799
9594859
9594931
9595087
9595207
9595363
9595471
9595903
9596203
9596239
9596263
9596371
9596443
9596479
9596623
9596647
9596731
9596803
9597031
9597067
9597139
9597271
9597307
9598111
9598483
9598543
9598759
9599071
9599167
9599299
9599431
9599467
9599587
9599647
9599659
9599683
9599767
9599791
9599911
9599923
9600271
9600319
9600439
9600559
9600667
9600763
9600883
9600907
9600991
9601279
9601303
9601519
9601531
9601591
9601663
9601699
9601819
9601843
9602023
9602443
9602479
9602491
9602611
9603007
9603067
9603103
9603271
9603331
9603703
9603859
9603931
9603943
9603967
9604039
9604051
9604411
9604459
9604663
9604723
9604759
9604807
9604831
9604891
9605047
9605107
9605131
9605227
9605263
9605347
9605551
9605587
9605671
9605707
9605779
9605923
9605983
9606043
9606067
9606319
9606379
9606451
9606607
9606631
9606739
9606811
9607051
9607183
9607219
9607387
9607459
9607471
9607579
9607651
9607699
9607747
9607783
9607891
9608191
9608323
9608371
9608527
9608743
9608959
9608983
9609367
9609427
9609451
9609547
9609583
9609799
9609871
9610387
9610399
9610747
9610771
9610807
9610891
9610927
9611191
9611419
9611431
9611491
9611611
9611779
9612283
9612403
9612439
9612907
9612931
9613003
9613039
9613111
9613447
9613531
9613663
9613759
9613771
9613831
9613939
9613951
9613987
9614083
9614239
9614659
9614887
9614923
9614959
9615223
9615259
9615271
9615391
9615427
9615883
9616039
9616207
9616279
9616291
9616459
9616471
9616687
9616759
9616819
9616891
9616927
9617011
9617107
9617143
9617191
9617431
9617623
9617683
9617911
9617947
9617983
9618019
9618307
9618403
9618547
9618619
9618667
9618727
9618871
9618943
9619459
9619627
9619663
9619903
9620167
9620203
9620311
9620563
9620671
9620887
9620899
9620971
9621259
9621463
9621571
9621763
9621943
9621979
9622099
9622219
9622231
9622423
9622471
9622807
9622903
9623023
9623059
9623083
9623167
9623239
9623323
9623527
9623587
9623623
9623743
9623983
9624019
9624067
9624103
9624379
9624451
9624619
9624679
9624859
9624883
9625051
9625087
9625207
9625327
9625411
9625579
9625747
9625783
9625963
9626299
9626371
9626707
9626767
9626803
9626839
9626899
9627031
9627199
9627223
9627259
9627379
9627403
9627523
9628207
9628447
9628519
9628699
9628711
9629023
9629083
9629167
9629299
9629359
9629419
9629539
9629671
9629959
9630079
9630139
9630319
9630331
9630463
9630547
9630763
9630787
9630919
9630979
9631051
9631159
9631207
9631267
9631291
9631327
9631471
9631519
9631543
9631579
9631723
9632191
9632383
9632407
9632479
9632587
9632767
9632851
9632983
9633031
9633163
9633643
9633859
9634039
9634111
9634243
9634327
9634423
9634531
9635083
9635179
9635359
9635371
9635539
9635767
9635803
9636163
9636223
9636307
9636427
9636559
9636607
9636631
9636703
9636727
9637027
9637099
9637183
9637471
9637531
9637567
9637603
9638023
9638203
9638287
9638323
9638383
9638659
9638743
9638767
9638911
9639151
9639247
9639307
9639319
9639367
9639583
9639907
9639979
9640051
9640219
9640231
9640303
9640447
9640483
9640507
9640591
9640627
9640663
9640711
9641011
9641083
9641143
9641383
9641419
9641479
9641491
9641563
9641743
9641959
9642307
9642319
9642463
9642499
9642967
9642991
9643327
9643351
9643363
9643603
9643723
9643807
9643819
9643903
9643927
9644119
9644179
9644227
9644263
9644359
9644539
9644587
9644731
9644839
9644911
9645091
9645367
9645451
9645667
9645739
9646099
9646339
9646387
9646423
9646639
9646843
9646951
9647527
9647623
9647647
9647707
9647767
9647779
9648031
9648127
9648139
9648259
9648427
9648607
9648679
9648787
9648907
9649219
9649303
9649447
9649483
9649867
9650023
9650059
9650227
9650371
9650551
9650779
9650983
9651331
9651391
9651643
9651679
9651871
9651919
9652051
9652147
9652183
9652327
9652351
9652543
9652639
9652723
9652759
9652927
9653191
9653323
9653383
9653407
9653443
9653827
9653899
9653971
9654019
9654163
9654703
9654739
9654943
9655027
9655123
9655159
9655207
9655279
9655447
9655843
9656131
9656167
9656347
9656359
9656611
9656671
9656827
9657007
9657247
9657331
9657367
9657619
9657691
9657763
9657847
9657943
9658087
9658219
9658291
9658351
9658423
9658471
9658939
9659131
9659203
9659227
9659311
9659371
9659731
9659803
9659851
9659911
9659983
9660139
9660271
9660283
9660463
9660487
9660559
9660643
9661207
9661459
9661507
9661567
9661711
9661759
9661783
9661867
9662071
9662131
9662179
9662227
9662767
9662899
9662911
9663091
9663127
9663187
9663271
9663391
9663523
9663727
9663763
9664051
9664063
9664231
9664339
9664411
9664423
9664519
9664771
9664843
9664927
9665143
9665287
9665827
9665959
9666031
9666043
9666331
9666799
9667111
9667159
9668011
9668059
9668479
9668779
9668899
9668959
9669031
9669103
9669139
9669199
9669307
9669343
9669391
9669547
9669559
9669631
9669739
9669823
9669859
9669931
9670099
9670207
9670279
9670363
9670459
9670723
9670747
9670831
9671047
9671251
9671479
9671503
9671647
9671731
9671791
9671863
9671971
9672163
9672199
9672331
9672367
9672511
9672823
9673063
9673207
9673231
9673351
9673483
9673579
9673711
9673771
9673819
9673879
9673999
9674107
9674239
9674311
9674359
9674503
9674851
9675151
9675187
9675319
9675691
9675871
9675979
9676087
9676267
9676291
9676363
9676483
9676651
9676699
9676999
9677047
9677191
9677287
9677383
9677491
9677671
9677803
9677923
9678007
9678247
9678271
9678343
9678379
9678667
9678751
9679003
9679027
9679147
9679183
9679291
9679387
9679399
9680479
9680623
9680647
9680947
9681019
9681163
9681307
9681499
9681547
9681571
9681799
9681883
9681967
9682051
9682087
9682171
9682207
9682243
9682303
9682339
9682627
9682663
9682963
9683203
9683287
9683599
9683647
9683671
9683719
9683911
9684511
9684583
9684607
9684799
9684823
9684907
9684967
9685327
9685579
9685759
9685831
9685939
9685987
9686191
9686239
9686419
9686623
9686767
9686851
9687019
9687211
9687571
9687703
9687751
9687787
9687823
9687919
9688111
9688243
9688579
9688663
9688687
9688711
9688747
9688927
9689263
9689443
9689479
9689539
9689623
9689767
9690091
9690451
9690607
9691267
9691291
9691351
9691459
9691519
9691879
9691963
9691999
9692239
9692251
9692311
9692383
9692503
9692611
9692719
9692743
9692827
9692923
9693007
9693031
9693259
9693367
9693403
9693763
9693907
9693991
9694627
9694759
9694843
9694963
9695011
9695299
9695359
9695383
9695419
9695563
9695731
9696031
9696067
9696091
9696139
9696391
9696451
9696487
9696559
9696571
9696607
9696667
9696679
9696703
9696847
9697003
9697027
9697183
9697243
9697459
9697603
9697711
9698083
9698167
9698179
9698659
9698791
9698803
9699199
9699211
9699331
9699451
9699511
9699631
9699667
9699799
9699919
9700027
9700063
9700099
9700147
9700447
9700519
9700567
9700627
9700879
9700927
9701011
9701179
9701287
9701383
9701431
9701443
9701563
9701719
9701827
9702247
9702403
9702607
9702943
9703123
9703147
9703363
9703483
9703627
9704047
9704371
9704407
9704491
9704731
9704743
9704887
9704923
9705247
9705271
9705427
9705847
9705859
9706219
9706243
9706351
9706363
9706399
9706471
9706531
9706603
9706687
9706831
9706867
9706927
9707167
9707251
9707263
9707359
9707671
9707827
9707911
9707947
9708187
9708451
9708571
9708631
9708799
9708991
9709027
9709303
9709339
9709411
9709639
9709663
9709891
9709963
9710299
9710611
9710683
9710707
9710851
9710863
9710923
9710959
9711007
9711367
9711511
9711571
9711619
9711643
9711859
9711979
9711991
9712051
9712111
9712147
9712231
9712447
9712519
9712699
9712987
9713059
9713083
9713131
9713311
9713623
9713707
9713947
9714031
9714163
9714247
9714379
9714619
9714703
9714751
9714823
9715243
9715543
9715579
9715747
9715759
9715831
9716071
9716107
9716251
9716359
9716431
9716719
9716947
9717007
9717223
9717259
9717307
9717403
9717439
9717511
9717559
9717691
9717811
9717919
9718171
9718591
9718843
9718987
9718999
9719071
9719167
9719587
9719599
9719707
9719851
9720031
9720043
9720103
9720223
9720247
9720259
9720463
9720547
9720619
9720727
9721039
9721087
9721147
9721183
9721687
9721759
9721771
9721891
9721951
9722179
9722191
9722287
9722299
9722347
9722659
9722887
9722959
9723211
9723283
9723391
9723487
9723523
9723631
9723667
9723691
9723907
9724171
9724207
9724279
9724291
9724327
9724471
9724531
9724879
9724927
9725407
9725431
9725467
9725539
9725563
9725647
9725827
9725839
9726007
9726019
9726151
9726259
9726403
9726463
9726487
9726547
9726667
9726763
9726811
9726883
9726991
9727231
9727363
9727603
9727687
9727747
9727843
9727951
9728071
9728143
9728431
9728503
9728527
9728611
9728827
9728899
9729067
9729103
9729211
9729283
9729427
9729571
9729619
9729679
9729859
9729871
9729931
9730087
9730183
9730291
9730471
9730627
9730759
9731011
9731419
9731587
9731671
9731707
9731767
9731863
9731947
9732091
9732103
9732127
9732379
9732523
9732559
9732571
9732631
9732859
9733363
9733387
9733543
9733651
9733819
9733903
9733939
9734059
9734107
9734287
9734299
9734371
9734443
9734467
9734503
9734719
9735151
9735223
9735247
9735331
9735343
9735559
9735571
9735871
9735919
9735991
9736123
9736231
9736339
9736351
9736411
9736627
9736747
9736807
9736819
9736879
9736891
9736939
9737023
9737047
9737239
9737467
9737887
9738103
9738139
9738163
9738367
9738427
9738571
9738763
9738931
9738979
9739111
9739159
9739339
9739519
9739699
9739903
9740239
9740383
9740551
9740719
9740911
9740947
9741163
9741283
9741451
9741583
9741679
9741691
9741703
9742027
9742171
9742219
9742471
9742567
9742699
9742903
9742963
9743011
9743179
9743299
9743311
9743443
9743611
9743659
9743719
9743803
9743947
9744151
9744307
9744331
9744403
9744871
9744979
9745051
9745231
9745303
9745339
9745447
9745507
9745639
9745699
9745819
9745843
9746071
9746167
9746179
9746587
9746827
9747223
9747403
9747571
9747583
9747643
9747679
9748111
9748339
9748579
9748591
9748819
9748951
9749023
9749083
9749107
9749119
9749239
9749491
9749563
9749587
9749731
9749743
9749851
9749911
9750271
9750319
9750607
9750739
9750859
9751111
9751219
9751327
9751459
9751699
9752179
9752191
9752467
9752503
9752623
9752647
9752803
9753043
9753151
9753187
9753439
9753451
9753739
9753907
9753979
9754099
9754207
9754267
9754531
9754579
9754699
9754711
9754879
9754891
9755071
9755203
9755419
9755503
9755527
9755659
9755971
9756067
9756223
9756259
9756391
9756427
9756463
9756583
9756619
9756679
9756787
9756883
9756907
9757183
9757291
9757339
9757471
9757483
9757687
9757723
9757903
9758107
9758383
9758599
9758611
9758743
9758767
9758803
9758839
9758887
9759007
9759067
9759307
9759319
9759511
9759643
9759727
9759811
9759847
9759859
9759943
9759991
9760039
9760171
9760351
9760423
9760651
9761287
9761299
9761467
9761539
9761623
9761707
9761923
9762079
9762163
9762307
9762619
9762631
9762691
9762703
9762847
9762919
9762967
9763051
9763099
9763387
9763447
9763591
9763927
9764023
9764107
9764143
9764539
9764563
9764779
9764863
9764899
9764959
9764971
9765043
9765139
9765187
9765211
9765367
9765619
9765643
9765967
9766051
9766123
9766231
9766423
9766543
9766699
9766759
9766807
9766903
9766951
9767011
9767047
9767227
9767347
9767731
9767887
9768043
9768067
9768091
9768391
9768487
9768559
9768739
9768823
9769003
9769423
9769531
9769567
9769651
9769891
9769939
9770143
9770251
9770263
9770443
9770647
9770851
9770899
9771007
9771103
9771259
9771439
9771631
9771667
9771691
9771703
9771763
9771907
9772303
9772423
9772591
9772639
9772747
9772879
9772891
9773131
9773263
9773287
9773311
9773671
9773707
9773851
9773887
9774019
9774067
9774199
9774211
9774307
9774319
9774511
9774547
9774571
9774859
9774883
9775039
9775111
9775231
9775399
9775543
9775723
9775879
9776059
9776119
9776407
9776419
9776551
9776623
9776779
9776947
9777043
9777199
9777631
9777919
9778039
9778183
9778543
9778651
9778819
9778891
9778963
9779179
9779251
9779311
9779323
9779551
9779563
9779659
9779983
9780187
9780403
9780439
9780487
9780583
9780871
9781063
9781099
9781267
9781483
9781591
9781699
9781747
9781843
9781963
9782323
9782503
9782611
9782719
9782743
9782779
9783031
9783079
9783187
9783391
9783511
9783751
9783967
9784051
9784111
9784267
9784519
9784543
9784759
9784903
9784987
9785203
9785239
9785299
9785311
9785599
9785707
9785851
9785887
9786103
9786163
9786187
9786211
9786379
9786547
9786559
9786739
9786787
9787039
9787171
9787387
9787507
9787543
9787867
9788083
9788143
9788227
9788491
9788503
9788539
9788587
9788659
9788827
9789271
9789343
9789487
9789523
9789667
9789727
9789991
9790051
9790063
9790159
9790219
9790279
9790411
9790423
9790483
9790747
9790771
9790843
9790987
9791059
9791323
9791599
9791731
9792031
9792103
9792151
9792283
9792331
9792571
9792583
9792763
9792943
9793111
9793159
9793291
9793339
9793447
9793507
9793519
9793831
9794119
9794263
9794311
9794371
9794503
9794623
9794923
9795091
9795211
9795307
9795391
9795427
9795847
9795883
9795931
9795967
9796147
9796243
9796327
9796483
9796531
9796543
9796603
9796687
9796747
9796939
9797107
9797251
9797371
9797443
9797467
9797731
9797791
9798079
9798199
9798379
9798403
9798487
9798703
9798727
9798847
9798907
9799099
9799423
9799483
9799567
9799579
9799591
9799819
9799903
9799987
9800251
9800311
9800467
9800491
9800563
9800611
9800731
9801031
9801067
9801079
9801223
9801439
9801619
9801691
9801943
9802159
9802339
9802627
9803179
9803383
9803491
9803623
9803707
9803743
9803923
9803947
9804199
9804211
9804343
9804391
9804499
9804787
9804799
9804859
9805063
9805639
9805759
9805819
9805927
9805963
9806047
9806227
9806359
9806539
9806683
9806971
9807019
9807043
9807151
9807451
9807463
9807571
9807583
9807619
9807859
9807871
9807991
9808159
9808231
9808243
9808783
9808891
9808987
9809071
9809131
9809143
9809383
9809419
9809539
9809659
9809791
9809923
9810007
9810067
9810331
9810499
9810523
9810571
9810643
9810907
9810943
9811147
9811231
9811303
9811591
9811663
9811699
9811819
9812167
9812263
9812311
9812431
9812443
9812731
9812923
9813127
9813247
9813283
9813487
9813523
9813679
9813703
9813787
9814087
9814099
9814159
9814327
9814471
9814579
9814759
9814891
9815011
9815263
9815287
9815467
9815479
9815683
9815719
9815803
9815863
9816307
9816403
9816451
9816727
9816799
9816847
9817183
9817351
9817411
9817447
9817531
9817627
9817663
9817771
9817939
9818023
9818071
9818143
9818251
9818287
9818563
9818671
9818779
9818923
9818959
9819031
9819079
9819211
9819223
9819427
9819571
9819679
9819871
9820099
9820147
9820303
9820351
9820483
9820519
9820579
9820639
9820687
9820843
9821047
9821419
9821443
9821527
9821599
9821659
9821683
9821743
9822019
9822067
9822451
9822499
9822523
9822607
9822643
9822907
9823027
9823039
9823279
9823327
9823543
9823579
9823711
9823927
9823939
9824047
9824071
9824119
9824299
9824527
9824791
9824803
9825007
9825019
9825187
9825547
9825559
9825631
9825931
9826171
9826207
9826279
9826351
9826519
9826891
9827023
9827131
9827179
9827347
9827383
9827599
9827743
9828019
9828067
9828079
9828211
9828223
9828319
9828367
9828463
9828571
9828619
9828727
9828787
9828823
9828919
9828979
9829291
9829447
9829483
9829591
9829867
9829951
9829987
9830083
9830347
9830479
9830707
9830767
9830803
9831127
9831139
9831223
9831463
9831571
9832099
9832111
9832231
9832279
9832327
9832351
9832387
9832723
9832819
9833227
9833647
9834079
9834199
9834379
9834511
9834739
9834871
9834883
9834907
9835207
9835603
9835663
9835963
9836107
9836143
9836503
9836683
9836719
9836791
9836947
9836971
9837151
9837187
9837439
9837511
9837691
9837727
9837787
9837799
9837871
9837979
9838111
9838123
9838159
9838303
9838351
9838363
9838519
9838639
9838999
9839083
9839227
9839659
9839707
9840031
9840091
9840199
9840247
9840283
9840487
9840667
9840751
9841099
9841207
9841939
9842011
9842023
9842071
9842083
9842263
9842467
9842647
9842863
9843019
9843079
9843199
9843451
9843487
9843583
9843907
9843979
9844027
9844063
9844099
9844279
9844339
9844531
9844663
9844927
9844987
9845491
9845599
9845707
9845767
9845887
9846103
9846223
9846391
9846439
9846511
9846679
9847003
9847087
9847219
9847303
9847507
9847699
9847723
9847759
9848131
9848191
9848299
9848383
9848659
9848779
9848827
9848959
9849019
9849031
9849079
9849127
9849211
9849223
9849271
9849403
9849523
9849583
9849703
9850171
9850207
9850363
9850471
9850543
9850567
9850663
9851047
9851071
9851167
9851431
9851467
9851791
9851911
9852091
9852331
9852511
9852559
9852943
9853159
9853171
9853303
9853447
9853483
9853603
9853639
9853663
9854023
9854071
9854371
9854431
9854527
9854563
9854743
9854791
9855187
9855259
9855367
9855463
9855787
9855823
9855871
9856111
9856183
9856219
9856339
9856471
9856579
9856591
9856939
9857011
9857131
9857251
9857479
9857527
9857611
9857719
9857839
9857959
9857983
9858259
9858523
9858703
9858859
9858991
9859027
9859039
9859207
9859351
9859471
9859543
9859567
9859579
9859783
9859831
9859867
9859963
9859999
9860143
9860299
9860311
9860947
9860959
9860971
9861079
9861151
9861223
9861307
9861463
9861487
9861559
9861583
9861619
9861847
9861883
9861919
9861991
9862063
9862603
9862627
9862711
9862747
9862927
9863131
9863323
9863743
9863923
9864139
9864187
9864331
9864427
9864583
9864643
9864763
9864823
9864847
9865087
9865243
9865267
9865363
9865411
9866047
9866083
9866107
9866167
9866203
9866407
9866419
9866599
9866671
9866767
9866803
9866887
9867043
9867307
9867427
9867643
9867883
9868039
9868063
9868147
9868291
9868351
9868423
9868459
9868471
9868843
9868867
9869143
9869179
9869239
9869263
9869347
9869791
9870163
9870283
9870391
9870547
9870583
9870691
9870787
9870811
9870871
9870907
9870943
9870967
9871027
9871111
9871159
9871483
9871591
9871651
9871663
9871699
9871843
9872251
9872347
9872827
9872887
9872899
9873067
9873151
9873223
9873247
9873319
9873439
9873607
9873679
9873883
9873943
9873967
9873979
9874147
9874327
9874363
9874411
9874651
9874951
9875071
9875227
9875287
9875347
9875407
9875443
9875491
9875539
9875563
9875587
9876019
9876103
9876379
9876511
9876883
9876931
9877423
9877579
9877723
9877783
9878047
9878083
9878191
9878227
9878251
9878419
9878467
9878503
9878611
9878839
9878899
9879151
9879223
9879763
9879871
9880267
9880279
9880447
9880459
9880483
9880567
9880603
9880939
9881107
9881167
9881203
9881239
9881419
9881491
9881503
9881527
9881611
9881647
9881671
9881827
9881899
9882139
9882319
9882343
9882391
9882403
9882463
9882511
9882619
9882787
9883087
9883219
9883231
9883303
9884299
9884311
9884383
9884551
9884671
9884887
9884923
9885103
9885163
9885199
9885283
9885439
9885523
9886147
9886243
9886399
9886507
9886759
9886939
9887107
9887323
9887359
9887407
9887431
9887587
9887611
9887767
9887827
9888019
9888127
9888187
9888199
9888511
9888631
9888727
9888763
9888871
9888943
9888979
9889039
9889123
9889423
9889459
9889807
9889927
9889951
9890191
9890239
9890443
9890467
9890527
9890599
9890791
9891043
9891199
9891319
9891367
9891391
9891823
9892039
9892087
9892159
9892339
9892387
9892447
9892543
9892651
9892699
9892819
9892867
9892879
9892903
9892951
9893083
9893131
9893239
9893383
9893419
9893647
9893707
9893803
9893839
9893899
9894127
9894427
9894559
9894607
9894739
9894967
9894979
9895159
9895183
9895387
9895579
9895591
9895651
9895747
9895759
9896143
9896311
9896479
9896611
9896767
9896911
9897127
9897343
9897631
9897703
9897847
9897919
9897931
9898003
9898087
9898123
9898243
9898279
9898519
9898627
9898711
9898723
9898783
9899143
9899167
9899347
9899371
9899587
9899599
9899611
9899731
9899887
9900091
9900139
9900283
9900367
9900427
9900907
9900931
9901159
9901219
9901231
9901291
9901807
9901867
9901987
9902047
9902119
9902239
9902419
9902491
9902587
9902707
9902983
9903031
9903211
9903247
9903307
9903379
9903499
9903811
9903847
9903931
9904351
9904459
9904819
9904891
9904987
9905191
9905659
9905671
9905683
9905719
9905839
9905911
9905947
9905971
9906007
9906079
9906187
9906439
9906511
9906691
9906703
9906943
9907099
9907279
9907291
9907423
9907567
9907663
9907699
9907819
9907951
9908203
9908359
9908419
9908491
9908599
9908719
9908851
9908887
9909187
9909247
9909439
9909499
9909751
9909763
9909787
9909799
9909859
9909871
9910063
9910123
9910183
9910627
9910759
9910867
9911023
9911263
9911347
9911623
9911659
9911683
9911743
9911851
9911959
9912031
9912307
9912499
9912631
9912703
9912871
9912967
9913027
9913051
9913219
9913411
9913507
9913723
9913879
9914071
9914287
9914407
9914479
9914539
9914719
9914767
9915043
9915331
9915343
9915547
9915559
9915751
9915907
9915991
9916339
9916351
9916411
9916567
9916639
9916891
9917059
9917119
9917287
9917419
9917491
9917503
9917599
9917839
9917983
9918163
9918523
9918547
9918607
9918763
9919183
9919243
9919447
9919939
9920047
9920167
9920347
9920371
9920479
9920539
9920671
9920803
9920947
9921007
9921019
9921187
9921199
9921283
9921343
9921823
9921991
9922063
9922111
9922219
9922279
9922399
9922459
9922531
9922651
9922903
9923083
9923167
9923227
9923299
9923323
9923371
9923467
9923611
9923647
9923899
9923911
9923923
9923983
9924043
9924199
9924259
9924367
9924487
9924847
9924919
9924979
9925051
9925063
9925159
9925171
9925243
9925519
9925711
9925843
9925963
9925987
9926299
9926311
9926383
9926491
9926503
9926611
9926743
9926899
9927103
9927319
9927679
9927751
9927943
9927991
9928159
9928267
9928291
9928591
9928879
9928903
9929047
9929203
9929371
9929383
9929551
9929587
9929611
9929659
9929839
9929851
9930139
9930247
9930307
9930607
9930631
9931183
9931219
9931279
9931351
9931399
9931459
9931507
9931591
9931639
9931759
9931783
9932023
9932071
9932107
9932179
9932227
9932347
9932443
9932467
9932479
9932779
9932851
9932959
9933199
9933271
9933367
9933607
9933619
9933691
9933727
9933739
9933811
9933883
9934063
9934087
9934159
9934387
9934411
9934471
9934627
9934699
9934807
9934927
9934963
9934999
9935059
9935143
9935239
9935251
9935311
9935323
9935383
9935503
9936439
9936571
9936679
9936739
9936907
9937051
9937339
9937483
9937519
9937579
9937663
9937927
9938347
9938431
9938527
9938563
9938623
9938959
9938983
9939019
9939031
9939211
9939379
9939463
9939667
9939823
9940003
9940039
9940111
9940219
9940471
9940747
9940759
9940831
9940867
9940927
9940951
9941227
9941431
9941479
9941599
9941611
9941647
9942043
9942067
9942151
9942199
9942223
9942271
9942367
9942523
9942619
9942763
9943159
9943207
9943243
9943387
9943459
9943663
9943711
9943819
9943951
9944491
9944503
9944719
9945043
9945259
9945511
9945583
9945619
9945631
9945679
9945967
9945979
9946243
9946591
9946759
9946771
9946831
9947011
9947131
9947239
9947251
9947299
9947323
9947407
9947671
9947779
9947803
9947851
9947947
9948163
9948319
9948487
9948559
9948643
9948739
9948787
9948871
9948931
9949099
9949627
9949651
9949783
9949831
9949867
9949963
9950023
9950047
9950263
9950539
9950779
9950827
9950911
9951127
9951343
9951367
9951523
9951583
9951703
9951883
9952099
9952303
9952351
9953071
9953107
9953179
9953287
9953311
9953323
9953479
9953539
9953719
9953743
9953899
9954031
9954187
9954211
9954223
9954487
9954547
9954787
9954907
9955003
9955291
9955303
9955447
9955471
9955507
9955567
9955723
9956047
9956119
9956227
9956311
9956383
9956587
9956623
9956719
9956911
9957067
9957307
9957379
9957487
9957523
9957667
9958063
9958087
9958183
9958363
9958639
9958759
9958807
9958939
9958999
9959167
9959227
9959251
9959371
9959479
9959563
9959683
9959827
9959947
9960043
9960163
9960583
9960667
9960943
9961051
9961243
9961267
9961279
9961291
9961351
9961519
9961531
9961771
9961927
9962179
9962599
9962779
9962851
9963043
9963067
9963199
9963223
9963367
9963571
9963787
9963823
9963871
9963931
9964111
9964327
9964483
9964639
9965083
9965191
9965203
9965227
9965239
9965311
9965479
9965611
9965731
9965743
9965803
9965947
9965959
9966559
9966643
9966823
9966967
9967063
9967183
9967603
9967759
9967891
9968263
9968359
9968479
9968587
9968659
9968767
9968839
9968899
9968911
9968971
9969151
9969187
9969331
9969367
9969523
9969559
9969703
9969907
9969919
9970027
9970087
9970111
9970123
9970159
9970243
9970423
9970531
9970603
9970699
9970783
9970879
9970951
9971107
9971179
9971251
9971287
9971539
9971683
9971887
9972007
9972043
9972103
9972187
9972439
9972451
9972583
9972679
9973003
9973147
9973219
9973507
9973591
9973603
9973627
9974131
9974383
9974431
9974527
9974611
9974947
9974983
9975067
9975079
9975631
9975643
9975943
9976003
9976027
9976063
9976171
9976279
9976471
9976639
9976651
9976867
9976927
9977047
9977251
9977287
9977371
9977503
9977599
9977659
9977683
9977767
9977839
9977899
9977911
9977923
9977971
9978103
9978307
9978547
9978811
9978883
9978919
9979399
9979819
9979843
9979927
9980083
9980107
9980143
9980167
9980239
9980251
9980287
9980431
9980539
9980599
9980731
9980863
9980899
9981043
9981079
9981151
9981199
9981211
9981319
9981463
9981691
9981787
9981799
9982123
9982183
9982303
9982591
9982627
9982663
9982783
9982831
9982867
9982939
9983107
9983383
9983707
9983839
9984031
9984103
9984187
9984199
9984451
9984631
9984679
9984739
9984811
9984859
9985207
9985351
9985879
9985903
9986023
9986239
9986287
9986323
9986407
9986467
9986503
9986539
9986611
9986731
9986791
9987091
9987427
9987511
9987979
9988063
9988411
9988519
9988687
9988711
9988747
9988879
9989059
9989167
9989179
9989431
9989503
9989671
9989827
9989887
9989899
9990283
9990499
9990727
9990859
9990943
9991159
9991567
9991771
9991879
9991939
9992083
9992131
9992491
9993091
9993103
9993343
9993427
9993679
9993967
9994027
9994099
9994207
9994219
9994363
9994507
9994867
9994951
9995107
9995407
9995647
9995683
9995827
9995971
9996247
9996487
9996583
9996631
9996703
9996979
9996991
9997063
9997087
9997303
9997327
9997483
9997579
9997627
9997711
9997783
9997879
9997927
9997951
9997987
9998143
9998179
9998239
9998323
9998539
9998743
9998851
9998887
9999463
9999739
9999883
9999907
9999931
9999943
