n,panel_role,rank,prime,all_obstruction_frequency,canonical_obstruction_frequency,losing_pair_count,coverage_numerator,coverage_denominator,coverage_decimal
240000005594,LOW_TAIL,1,3,167,167,391,167,391,0.427109974424552
240000005594,LOW_TAIL,2,7,51,38,391,51,391,0.130434782608696
240000005594,LOW_TAIL,3,11,47,19,391,47,391,0.120204603580563
240000005594,LOW_TAIL,4,23,20,10,391,20,391,0.051150895140665
240000005594,LOW_TAIL,5,19,19,9,391,19,391,0.048593350383632
240000005594,LOW_TAIL,6,31,16,9,391,16,391,0.040920716112532
240000005594,LOW_TAIL,7,47,11,7,391,11,391,0.028132992327366
240000005594,LOW_TAIL,8,83,8,4,391,8,391,0.020460358056266
240000005594,LOW_TAIL,9,43,7,4,391,7,391,0.017902813299233
240000005594,LOW_TAIL,10,59,7,2,391,7,391,0.017902813299233
240000005594,LOW_TAIL,11,71,6,2,391,6,391,0.015345268542199
240000005594,LOW_TAIL,12,67,5,2,391,5,391,0.012787723785166
240000005594,LOW_TAIL,13,79,5,3,391,5,391,0.012787723785166
240000005594,LOW_TAIL,14,103,5,2,391,5,391,0.012787723785166
240000005594,LOW_TAIL,15,107,4,1,391,4,391,0.010230179028133
240000005594,LOW_TAIL,16,131,4,0,391,4,391,0.010230179028133
240000005594,LOW_TAIL,17,331,4,2,391,4,391,0.010230179028133
240000005594,LOW_TAIL,18,179,3,0,391,3,391,0.007672634271100
240000005594,LOW_TAIL,19,223,3,2,391,3,391,0.007672634271100
240000005594,LOW_TAIL,20,239,3,1,391,3,391,0.007672634271100
240000005594,LOW_TAIL,21,283,3,0,391,3,391,0.007672634271100
240000005594,LOW_TAIL,22,571,3,1,391,3,391,0.007672634271100
240000005594,LOW_TAIL,23,643,3,0,391,3,391,0.007672634271100
240000005594,LOW_TAIL,24,127,2,1,391,2,391,0.005115089514066
240000005594,LOW_TAIL,25,139,2,0,391,2,391,0.005115089514066
240000005594,LOW_TAIL,26,167,2,0,391,2,391,0.005115089514066
240000005594,LOW_TAIL,27,227,2,0,391,2,391,0.005115089514066
240000005594,LOW_TAIL,28,251,2,2,391,2,391,0.005115089514066
240000005594,LOW_TAIL,29,311,2,1,391,2,391,0.005115089514066
240000005594,LOW_TAIL,30,359,2,1,391,2,391,0.005115089514066
240000005594,LOW_TAIL,31,439,2,1,391,2,391,0.005115089514066
240000005594,LOW_TAIL,32,443,2,0,391,2,391,0.005115089514066
240000005594,LOW_TAIL,33,491,2,1,391,2,391,0.005115089514066
240000005594,LOW_TAIL,34,523,2,1,391,2,391,0.005115089514066
240000005594,LOW_TAIL,35,587,2,2,391,2,391,0.005115089514066
240000005594,LOW_TAIL,36,751,2,1,391,2,391,0.005115089514066
240000005594,LOW_TAIL,37,947,2,0,391,2,391,0.005115089514066
240000005594,LOW_TAIL,38,1151,2,0,391,2,391,0.005115089514066
240000005594,LOW_TAIL,39,1319,2,0,391,2,391,0.005115089514066
240000005594,LOW_TAIL,40,1559,2,1,391,2,391,0.005115089514066
240000005594,LOW_TAIL,41,8485963,2,0,391,2,391,0.005115089514066
240000005594,LOW_TAIL,42,151,1,1,391,1,391,0.002557544757033
240000005594,LOW_TAIL,43,163,1,1,391,1,391,0.002557544757033
240000005594,LOW_TAIL,44,191,1,0,391,1,391,0.002557544757033
240000005594,LOW_TAIL,45,211,1,1,391,1,391,0.002557544757033
240000005594,LOW_TAIL,46,263,1,1,391,1,391,0.002557544757033
240000005594,LOW_TAIL,47,271,1,0,391,1,391,0.002557544757033
240000005594,LOW_TAIL,48,347,1,1,391,1,391,0.002557544757033
240000005594,LOW_TAIL,49,379,1,1,391,1,391,0.002557544757033
240000005594,LOW_TAIL,50,419,1,0,391,1,391,0.002557544757033
240000005594,LOW_TAIL,51,467,1,0,391,1,391,0.002557544757033
240000005594,LOW_TAIL,52,479,1,0,391,1,391,0.002557544757033
240000005594,LOW_TAIL,53,499,1,1,391,1,391,0.002557544757033
240000005594,LOW_TAIL,54,607,1,0,391,1,391,0.002557544757033
240000005594,LOW_TAIL,55,631,1,1,391,1,391,0.002557544757033
240000005594,LOW_TAIL,56,647,1,1,391,1,391,0.002557544757033
240000005594,LOW_TAIL,57,691,1,0,391,1,391,0.002557544757033
240000005594,LOW_TAIL,58,727,1,0,391,1,391,0.002557544757033
240000005594,LOW_TAIL,59,743,1,0,391,1,391,0.002557544757033
240000005594,LOW_TAIL,60,811,1,0,391,1,391,0.002557544757033
240000005594,LOW_TAIL,61,827,1,0,391,1,391,0.002557544757033
240000005594,LOW_TAIL,62,883,1,0,391,1,391,0.002557544757033
240000005594,LOW_TAIL,63,887,1,0,391,1,391,0.002557544757033
240000005594,LOW_TAIL,64,967,1,0,391,1,391,0.002557544757033
240000005594,LOW_TAIL,65,983,1,1,391,1,391,0.002557544757033
240000005594,LOW_TAIL,66,1019,1,0,391,1,391,0.002557544757033
240000005594,LOW_TAIL,67,1051,1,0,391,1,391,0.002557544757033
240000005594,LOW_TAIL,68,1123,1,0,391,1,391,0.002557544757033
240000005594,LOW_TAIL,69,1187,1,0,391,1,391,0.002557544757033
240000005594,LOW_TAIL,70,1223,1,1,391,1,391,0.002557544757033
240000005594,LOW_TAIL,71,1231,1,0,391,1,391,0.002557544757033
240000005594,LOW_TAIL,72,1291,1,1,391,1,391,0.002557544757033
240000005594,LOW_TAIL,73,1303,1,0,391,1,391,0.002557544757033
240000005594,LOW_TAIL,74,1307,1,0,391,1,391,0.002557544757033
240000005594,LOW_TAIL,75,1399,1,0,391,1,391,0.002557544757033
240000005594,LOW_TAIL,76,1523,1,0,391,1,391,0.002557544757033
240000005594,LOW_TAIL,77,1571,1,0,391,1,391,0.002557544757033
240000005594,LOW_TAIL,78,1783,1,0,391,1,391,0.002557544757033
240000005594,LOW_TAIL,79,1823,1,0,391,1,391,0.002557544757033
240000005594,LOW_TAIL,80,1987,1,0,391,1,391,0.002557544757033
240000005594,LOW_TAIL,81,2087,1,0,391,1,391,0.002557544757033
240000005594,LOW_TAIL,82,2267,1,0,391,1,391,0.002557544757033
240000005594,LOW_TAIL,83,2347,1,0,391,1,391,0.002557544757033
240000005594,LOW_TAIL,84,2879,1,0,391,1,391,0.002557544757033
240000005594,LOW_TAIL,85,2887,1,1,391,1,391,0.002557544757033
240000005594,LOW_TAIL,86,3307,1,0,391,1,391,0.002557544757033
240000005594,LOW_TAIL,87,3343,1,0,391,1,391,0.002557544757033
240000005594,LOW_TAIL,88,3347,1,0,391,1,391,0.002557544757033
240000005594,LOW_TAIL,89,3499,1,0,391,1,391,0.002557544757033
240000005594,LOW_TAIL,90,3547,1,0,391,1,391,0.002557544757033
240000005594,LOW_TAIL,91,3803,1,1,391,1,391,0.002557544757033
240000005594,LOW_TAIL,92,4231,1,0,391,1,391,0.002557544757033
240000005594,LOW_TAIL,93,4547,1,0,391,1,391,0.002557544757033
240000005594,LOW_TAIL,94,4799,1,0,391,1,391,0.002557544757033
240000005594,LOW_TAIL,95,4943,1,0,391,1,391,0.002557544757033
240000005594,LOW_TAIL,96,5011,1,0,391,1,391,0.002557544757033
240000005594,LOW_TAIL,97,5087,1,0,391,1,391,0.002557544757033
240000005594,LOW_TAIL,98,5279,1,0,391,1,391,0.002557544757033
240000005594,LOW_TAIL,99,5303,1,1,391,1,391,0.002557544757033
240000005594,LOW_TAIL,100,5323,1,1,391,1,391,0.002557544757033
240000005594,LOW_TAIL,101,5443,1,1,391,1,391,0.002557544757033
240000005594,LOW_TAIL,102,5471,1,1,391,1,391,0.002557544757033
240000005594,LOW_TAIL,103,5651,1,0,391,1,391,0.002557544757033
240000005594,LOW_TAIL,104,5843,1,0,391,1,391,0.002557544757033
240000005594,LOW_TAIL,105,6079,1,0,391,1,391,0.002557544757033
240000005594,LOW_TAIL,106,6551,1,0,391,1,391,0.002557544757033
240000005594,LOW_TAIL,107,6619,1,1,391,1,391,0.002557544757033
240000005594,LOW_TAIL,108,6791,1,0,391,1,391,0.002557544757033
240000005594,LOW_TAIL,109,7027,1,0,391,1,391,0.002557544757033
240000005594,LOW_TAIL,110,7591,1,0,391,1,391,0.002557544757033
240000005594,LOW_TAIL,111,8179,1,1,391,1,391,0.002557544757033
240000005594,LOW_TAIL,112,8363,1,0,391,1,391,0.002557544757033
240000005594,LOW_TAIL,113,8563,1,1,391,1,391,0.002557544757033
240000005594,LOW_TAIL,114,8923,1,0,391,1,391,0.002557544757033
240000005594,LOW_TAIL,115,9227,1,0,391,1,391,0.002557544757033
240000005594,LOW_TAIL,116,9547,1,0,391,1,391,0.002557544757033
240000005594,LOW_TAIL,117,9803,1,0,391,1,391,0.002557544757033
240000005594,LOW_TAIL,118,10687,1,0,391,1,391,0.002557544757033
240000005594,LOW_TAIL,119,10771,1,1,391,1,391,0.002557544757033
240000005594,LOW_TAIL,120,11083,1,0,391,1,391,0.002557544757033
240000005594,LOW_TAIL,121,11467,1,1,391,1,391,0.002557544757033
240000005594,LOW_TAIL,122,12743,1,0,391,1,391,0.002557544757033
240000005594,LOW_TAIL,123,12907,1,0,391,1,391,0.002557544757033
240000005594,LOW_TAIL,124,13003,1,1,391,1,391,0.002557544757033
240000005594,LOW_TAIL,125,13163,1,0,391,1,391,0.002557544757033
240000005594,LOW_TAIL,126,13831,1,0,391,1,391,0.002557544757033
240000005594,LOW_TAIL,127,14747,1,0,391,1,391,0.002557544757033
240000005594,LOW_TAIL,128,18787,1,0,391,1,391,0.002557544757033
240000005594,LOW_TAIL,129,19759,1,0,391,1,391,0.002557544757033
240000005594,LOW_TAIL,130,21503,1,0,391,1,391,0.002557544757033
240000005594,LOW_TAIL,131,22067,1,1,391,1,391,0.002557544757033
240000005594,LOW_TAIL,132,22739,1,0,391,1,391,0.002557544757033
240000005594,LOW_TAIL,133,22811,1,1,391,1,391,0.002557544757033
240000005594,LOW_TAIL,134,23767,1,0,391,1,391,0.002557544757033
240000005594,LOW_TAIL,135,23831,1,0,391,1,391,0.002557544757033
240000005594,LOW_TAIL,136,24547,1,1,391,1,391,0.002557544757033
240000005594,LOW_TAIL,137,24763,1,0,391,1,391,0.002557544757033
240000005594,LOW_TAIL,138,24799,1,1,391,1,391,0.002557544757033
240000005594,LOW_TAIL,139,25903,1,0,391,1,391,0.002557544757033
240000005594,LOW_TAIL,140,26387,1,1,391,1,391,0.002557544757033
240000005594,LOW_TAIL,141,26683,1,0,391,1,391,0.002557544757033
240000005594,LOW_TAIL,142,26863,1,0,391,1,391,0.002557544757033
240000005594,LOW_TAIL,143,28031,1,0,391,1,391,0.002557544757033
240000005594,LOW_TAIL,144,28751,1,0,391,1,391,0.002557544757033
240000005594,LOW_TAIL,145,31859,1,0,391,1,391,0.002557544757033
240000005594,LOW_TAIL,146,33023,1,0,391,1,391,0.002557544757033
240000005594,LOW_TAIL,147,37691,1,1,391,1,391,0.002557544757033
240000005594,LOW_TAIL,148,37799,1,0,391,1,391,0.002557544757033
240000005594,LOW_TAIL,149,39719,1,0,391,1,391,0.002557544757033
240000005594,LOW_TAIL,150,42767,1,1,391,1,391,0.002557544757033
240000005594,LOW_TAIL,151,42923,1,0,391,1,391,0.002557544757033
240000005594,LOW_TAIL,152,44483,1,0,391,1,391,0.002557544757033
240000005594,LOW_TAIL,153,48731,1,1,391,1,391,0.002557544757033
240000005594,LOW_TAIL,154,51071,1,0,391,1,391,0.002557544757033
240000005594,LOW_TAIL,155,52859,1,0,391,1,391,0.002557544757033
240000005594,LOW_TAIL,156,58831,1,0,391,1,391,0.002557544757033
240000005594,LOW_TAIL,157,61703,1,1,391,1,391,0.002557544757033
240000005594,LOW_TAIL,158,64123,1,1,391,1,391,0.002557544757033
240000005594,LOW_TAIL,159,66103,1,0,391,1,391,0.002557544757033
240000005594,LOW_TAIL,160,67511,1,0,391,1,391,0.002557544757033
240000005594,LOW_TAIL,161,67931,1,0,391,1,391,0.002557544757033
240000005594,LOW_TAIL,162,76871,1,0,391,1,391,0.002557544757033
240000005594,LOW_TAIL,163,77743,1,1,391,1,391,0.002557544757033
240000005594,LOW_TAIL,164,100483,1,0,391,1,391,0.002557544757033
240000005594,LOW_TAIL,165,108271,1,0,391,1,391,0.002557544757033
240000005594,LOW_TAIL,166,108907,1,0,391,1,391,0.002557544757033
240000005594,LOW_TAIL,167,112643,1,0,391,1,391,0.002557544757033
240000005594,LOW_TAIL,168,116387,1,0,391,1,391,0.002557544757033
240000005594,LOW_TAIL,169,125927,1,1,391,1,391,0.002557544757033
240000005594,LOW_TAIL,170,132499,1,0,391,1,391,0.002557544757033
240000005594,LOW_TAIL,171,135367,1,0,391,1,391,0.002557544757033
240000005594,LOW_TAIL,172,140071,1,0,391,1,391,0.002557544757033
240000005594,LOW_TAIL,173,153107,1,0,391,1,391,0.002557544757033
240000005594,LOW_TAIL,174,155087,1,1,391,1,391,0.002557544757033
240000005594,LOW_TAIL,175,166919,1,0,391,1,391,0.002557544757033
240000005594,LOW_TAIL,176,167747,1,1,391,1,391,0.002557544757033
240000005594,LOW_TAIL,177,173347,1,0,391,1,391,0.002557544757033
240000005594,LOW_TAIL,178,186019,1,0,391,1,391,0.002557544757033
240000005594,LOW_TAIL,179,206887,1,0,391,1,391,0.002557544757033
240000005594,LOW_TAIL,180,213131,1,0,391,1,391,0.002557544757033
240000005594,LOW_TAIL,181,221987,1,0,391,1,391,0.002557544757033
240000005594,LOW_TAIL,182,228911,1,0,391,1,391,0.002557544757033
240000005594,LOW_TAIL,183,244843,1,0,391,1,391,0.002557544757033
240000005594,LOW_TAIL,184,255923,1,0,391,1,391,0.002557544757033
240000005594,LOW_TAIL,185,257711,1,1,391,1,391,0.002557544757033
240000005594,LOW_TAIL,186,298607,1,0,391,1,391,0.002557544757033
240000005594,LOW_TAIL,187,311951,1,1,391,1,391,0.002557544757033
240000005594,LOW_TAIL,188,339239,1,0,391,1,391,0.002557544757033
240000005594,LOW_TAIL,189,349667,1,0,391,1,391,0.002557544757033
240000005594,LOW_TAIL,190,354743,1,0,391,1,391,0.002557544757033
240000005594,LOW_TAIL,191,355339,1,1,391,1,391,0.002557544757033
240000005594,LOW_TAIL,192,367207,1,0,391,1,391,0.002557544757033
240000005594,LOW_TAIL,193,407527,1,0,391,1,391,0.002557544757033
240000005594,LOW_TAIL,194,511163,1,0,391,1,391,0.002557544757033
240000005594,LOW_TAIL,195,541763,1,0,391,1,391,0.002557544757033
240000005594,LOW_TAIL,196,552379,1,0,391,1,391,0.002557544757033
240000005594,LOW_TAIL,197,579427,1,0,391,1,391,0.002557544757033
240000005594,LOW_TAIL,198,600239,1,0,391,1,391,0.002557544757033
240000005594,LOW_TAIL,199,625343,1,0,391,1,391,0.002557544757033
240000005594,LOW_TAIL,200,661547,1,0,391,1,391,0.002557544757033
240000005594,LOW_TAIL,201,684451,1,0,391,1,391,0.002557544757033
240000005594,LOW_TAIL,202,831799,1,1,391,1,391,0.002557544757033
240000005594,LOW_TAIL,203,865871,1,1,391,1,391,0.002557544757033
240000005594,LOW_TAIL,204,875299,1,1,391,1,391,0.002557544757033
240000005594,LOW_TAIL,205,893419,1,0,391,1,391,0.002557544757033
240000005594,LOW_TAIL,206,937847,1,0,391,1,391,0.002557544757033
240000005594,LOW_TAIL,207,967171,1,1,391,1,391,0.002557544757033
240000005594,LOW_TAIL,208,1003931,1,0,391,1,391,0.002557544757033
240000005594,LOW_TAIL,209,1045819,1,0,391,1,391,0.002557544757033
240000005594,LOW_TAIL,210,1144879,1,1,391,1,391,0.002557544757033
240000005594,LOW_TAIL,211,1150183,1,0,391,1,391,0.002557544757033
240000005594,LOW_TAIL,212,1153183,1,0,391,1,391,0.002557544757033
240000005594,LOW_TAIL,213,1169491,1,0,391,1,391,0.002557544757033
240000005594,LOW_TAIL,214,1170583,1,1,391,1,391,0.002557544757033
240000005594,LOW_TAIL,215,1192151,1,0,391,1,391,0.002557544757033
240000005594,LOW_TAIL,216,1234231,1,0,391,1,391,0.002557544757033
240000005594,LOW_TAIL,217,1276007,1,0,391,1,391,0.002557544757033
240000005594,LOW_TAIL,218,1303091,1,0,391,1,391,0.002557544757033
240000005594,LOW_TAIL,219,1389371,1,0,391,1,391,0.002557544757033
240000005594,LOW_TAIL,220,1702823,1,0,391,1,391,0.002557544757033
240000005594,LOW_TAIL,221,1736131,1,0,391,1,391,0.002557544757033
240000005594,LOW_TAIL,222,1752659,1,0,391,1,391,0.002557544757033
240000005594,LOW_TAIL,223,1796219,1,0,391,1,391,0.002557544757033
240000005594,LOW_TAIL,224,2066507,1,0,391,1,391,0.002557544757033
240000005594,LOW_TAIL,225,2102567,1,1,391,1,391,0.002557544757033
240000005594,LOW_TAIL,226,2118491,1,1,391,1,391,0.002557544757033
240000005594,LOW_TAIL,227,3336299,1,1,391,1,391,0.002557544757033
240000005594,LOW_TAIL,228,3411223,1,0,391,1,391,0.002557544757033
240000005594,LOW_TAIL,229,3468307,1,0,391,1,391,0.002557544757033
240000005594,LOW_TAIL,230,3816427,1,0,391,1,391,0.002557544757033
240000005594,LOW_TAIL,231,4992019,1,0,391,1,391,0.002557544757033
240000005594,LOW_TAIL,232,5313967,1,0,391,1,391,0.002557544757033
240000005594,LOW_TAIL,233,5736067,1,0,391,1,391,0.002557544757033
240000005594,LOW_TAIL,234,6309239,1,0,391,1,391,0.002557544757033
240000005594,LOW_TAIL,235,6367003,1,0,391,1,391,0.002557544757033
240000005594,LOW_TAIL,236,7204031,1,0,391,1,391,0.002557544757033
240000005594,LOW_TAIL,237,7228651,1,0,391,1,391,0.002557544757033
240000005594,LOW_TAIL,238,7302331,1,1,391,1,391,0.002557544757033
240000005594,LOW_TAIL,239,7490611,1,0,391,1,391,0.002557544757033
240000005594,LOW_TAIL,240,8492567,1,1,391,1,391,0.002557544757033
240000005594,LOW_TAIL,241,8552491,1,0,391,1,391,0.002557544757033
240000005594,LOW_TAIL,242,9086191,1,0,391,1,391,0.002557544757033
240000005594,LOW_TAIL,243,9465011,1,1,391,1,391,0.002557544757033
240000005594,LOW_TAIL,244,10391387,1,0,391,1,391,0.002557544757033
240000005594,LOW_TAIL,245,10451851,1,0,391,1,391,0.002557544757033
240000005594,LOW_TAIL,246,11406823,1,0,391,1,391,0.002557544757033
240000005594,LOW_TAIL,247,12268583,1,1,391,1,391,0.002557544757033
240000005594,LOW_TAIL,248,13297783,1,0,391,1,391,0.002557544757033
240000005594,LOW_TAIL,249,13330367,1,0,391,1,391,0.002557544757033
240000005594,LOW_TAIL,250,13393607,1,0,391,1,391,0.002557544757033
240000005594,LOW_TAIL,251,13749403,1,1,391,1,391,0.002557544757033
240000005594,LOW_TAIL,252,14471183,1,0,391,1,391,0.002557544757033
240000005594,LOW_TAIL,253,15306119,1,1,391,1,391,0.002557544757033
240000005594,LOW_TAIL,254,15534067,1,0,391,1,391,0.002557544757033
240000005594,LOW_TAIL,255,15798067,1,0,391,1,391,0.002557544757033
240000005594,LOW_TAIL,256,17773807,1,0,391,1,391,0.002557544757033
240000005594,LOW_TAIL,257,18126151,1,0,391,1,391,0.002557544757033
240000005594,LOW_TAIL,258,18126883,1,0,391,1,391,0.002557544757033
240000005594,LOW_TAIL,259,18879799,1,0,391,1,391,0.002557544757033
240000005594,LOW_TAIL,260,20035919,1,1,391,1,391,0.002557544757033
240000005594,LOW_TAIL,261,20113747,1,1,391,1,391,0.002557544757033
240000005594,LOW_TAIL,262,21202211,1,0,391,1,391,0.002557544757033
240000005594,LOW_TAIL,263,23674331,1,0,391,1,391,0.002557544757033
240000005594,LOW_TAIL,264,24832987,1,0,391,1,391,0.002557544757033
240000005594,LOW_TAIL,265,26660723,1,0,391,1,391,0.002557544757033
240000005594,LOW_TAIL,266,27687131,1,0,391,1,391,0.002557544757033
240000005594,LOW_TAIL,267,30356327,1,0,391,1,391,0.002557544757033
240000005594,LOW_TAIL,268,31855727,1,0,391,1,391,0.002557544757033
240000005594,LOW_TAIL,269,32957923,1,0,391,1,391,0.002557544757033
240000005594,LOW_TAIL,270,34181071,1,0,391,1,391,0.002557544757033
240000005594,LOW_TAIL,271,39465427,1,0,391,1,391,0.002557544757033
240000005594,LOW_TAIL,272,46654807,1,0,391,1,391,0.002557544757033
240000005594,LOW_TAIL,273,46674443,1,0,391,1,391,0.002557544757033
240000005594,LOW_TAIL,274,51864179,1,0,391,1,391,0.002557544757033
240000005594,LOW_TAIL,275,53092267,1,0,391,1,391,0.002557544757033
240000005594,LOW_TAIL,276,59376451,1,0,391,1,391,0.002557544757033
240000005594,LOW_TAIL,277,61503227,1,1,391,1,391,0.002557544757033
240000005594,LOW_TAIL,278,68002399,1,0,391,1,391,0.002557544757033
240000005594,LOW_TAIL,279,141843659,1,0,391,1,391,0.002557544757033
240000005594,LOW_TAIL,280,141866287,1,1,391,1,391,0.002557544757033
240000005594,LOW_TAIL,281,148508483,1,1,391,1,391,0.002557544757033
240000005594,LOW_TAIL,282,149164711,1,1,391,1,391,0.002557544757033
240000005594,LOW_TAIL,283,158102719,1,0,391,1,391,0.002557544757033
240000005594,LOW_TAIL,284,191387423,1,0,391,1,391,0.002557544757033
240000005594,LOW_TAIL,285,193548391,1,0,391,1,391,0.002557544757033
240000005594,LOW_TAIL,286,234914299,1,0,391,1,391,0.002557544757033
240000005594,LOW_TAIL,287,253826891,1,0,391,1,391,0.002557544757033
240000005594,LOW_TAIL,288,291968431,1,0,391,1,391,0.002557544757033
240000005594,LOW_TAIL,289,351480583,1,1,391,1,391,0.002557544757033
240000005594,LOW_TAIL,290,371873063,1,0,391,1,391,0.002557544757033
240000005594,LOW_TAIL,291,408162371,1,0,391,1,391,0.002557544757033
240000005594,LOW_TAIL,292,412371143,1,0,391,1,391,0.002557544757033
240000005594,LOW_TAIL,293,476821483,1,0,391,1,391,0.002557544757033
240000005594,LOW_TAIL,294,579709723,1,0,391,1,391,0.002557544757033
240000005594,LOW_TAIL,295,635788019,1,0,391,1,391,0.002557544757033
240000005594,LOW_TAIL,296,871670599,1,1,391,1,391,0.002557544757033
240000005594,LOW_TAIL,297,1081016471,1,0,391,1,391,0.002557544757033
240000005594,LOW_TAIL,298,1303865971,1,1,391,1,391,0.002557544757033
240000005594,LOW_TAIL,299,1331181011,1,1,391,1,391,0.002557544757033
240000005594,LOW_TAIL,300,1379227463,1,0,391,1,391,0.002557544757033
240000005594,LOW_TAIL,301,1411764623,1,1,391,1,391,0.002557544757033
240000005594,LOW_TAIL,302,1558440343,1,0,391,1,391,0.002557544757033
240000005594,LOW_TAIL,303,1818181219,1,0,391,1,391,0.002557544757033
240000005594,LOW_TAIL,304,1904749271,1,0,391,1,391,0.002557544757033
240000005594,LOW_TAIL,305,1904761907,1,0,391,1,391,0.002557544757033
240000005594,LOW_TAIL,306,2604685067,1,1,391,1,391,0.002557544757033
240000005594,LOW_TAIL,307,2670771359,1,0,391,1,391,0.002557544757033
240000005594,LOW_TAIL,308,2724498391,1,0,391,1,391,0.002557544757033
240000005594,LOW_TAIL,309,2857135667,1,0,391,1,391,0.002557544757033
240000005594,LOW_TAIL,310,2926809703,1,1,391,1,391,0.002557544757033
240000005594,LOW_TAIL,311,3076922119,1,0,391,1,391,0.002557544757033
240000005594,LOW_TAIL,312,4441148839,1,0,391,1,391,0.002557544757033
240000005594,LOW_TAIL,313,4443274603,1,0,391,1,391,0.002557544757033
240000005594,LOW_TAIL,314,4443540323,1,0,391,1,391,0.002557544757033
240000005594,LOW_TAIL,315,5062885759,1,1,391,1,391,0.002557544757033
240000005594,LOW_TAIL,316,5215473259,1,1,391,1,391,0.002557544757033
240000005594,LOW_TAIL,317,7058818483,1,1,391,1,391,0.002557544757033
240000005594,LOW_TAIL,318,7499850707,1,1,391,1,391,0.002557544757033
240000005594,LOW_TAIL,319,7499983079,1,1,391,1,391,0.002557544757033
240000005594,LOW_TAIL,320,10000000207,1,0,391,1,391,0.002557544757033
240000005594,LOW_TAIL,321,19223208107,1,0,391,1,391,0.002557544757033
240000005594,LOW_TAIL,322,19996250479,1,0,391,1,391,0.002557544757033
240000005594,LOW_TAIL,323,19999793419,1,0,391,1,391,0.002557544757033
240000005594,LOW_TAIL,324,22953965239,1,1,391,1,391,0.002557544757033
240000005594,LOW_TAIL,325,24000000559,1,1,391,1,391,0.002557544757033
240000005594,LOW_TAIL,326,24309471127,1,0,391,1,391,0.002557544757033
240000005594,LOW_TAIL,327,29533635071,1,1,391,1,391,0.002557544757033
240000005594,LOW_TAIL,328,29969483111,1,1,391,1,391,0.002557544757033
240000005594,LOW_TAIL,329,29999999879,1,1,391,1,391,0.002557544757033
240000005594,LOW_TAIL,330,34892214551,1,0,391,1,391,0.002557544757033
240000005594,LOW_TAIL,331,39794158927,1,0,391,1,391,0.002557544757033
240000005594,LOW_TAIL,332,39999675371,1,0,391,1,391,0.002557544757033
240000005594,LOW_TAIL,333,40000000907,1,0,391,1,391,0.002557544757033
240000005594,LOW_TAIL,334,43641487403,1,1,391,1,391,0.002557544757033
240000005594,LOW_TAIL,335,59987794367,1,1,391,1,391,0.002557544757033
240000005594,LOW_TAIL,336,116948156411,1,1,391,1,391,0.002557544757033
240000005594,LOW_TAIL,337,116948243891,1,1,391,1,391,0.002557544757033
240000005594,LOW_TAIL,338,116948244983,1,1,391,1,391,0.002557544757033
240000005594,LOW_TAIL,339,119413989251,1,1,391,1,391,0.002557544757033
240000005594,LOW_TAIL,340,119935432403,1,1,391,1,391,0.002557544757033
240000005594,LOW_TAIL,341,119995110143,1,1,391,1,391,0.002557544757033
240000005594,LOW_TAIL,342,119999913911,1,1,391,1,391,0.002557544757033
240000005594,LOW_TAIL,343,119999985143,1,1,391,1,391,0.002557544757033
240000005594,LOW_TAIL,344,119999992943,1,1,391,1,391,0.002557544757033
240000005594,LOW_TAIL,345,120000001391,1,1,391,1,391,0.002557544757033
240000005594,LOW_TAIL,346,120000001691,1,1,391,1,391,0.002557544757033
240000005594,LOW_TAIL,347,120000002483,1,1,391,1,391,0.002557544757033
240000005594,LOW_TAIL,348,120000002663,1,1,391,1,391,0.002557544757033
240000004802,LOW_TAIL,1,3,166,166,389,166,389,0.426735218508997
240000004802,LOW_TAIL,2,7,48,33,389,48,389,0.123393316195373
240000004802,LOW_TAIL,3,11,42,25,389,42,389,0.107969151670951
240000004802,LOW_TAIL,4,19,22,14,389,22,389,0.056555269922879
240000004802,LOW_TAIL,5,23,22,11,389,22,389,0.056555269922879
240000004802,LOW_TAIL,6,31,10,4,389,10,389,0.025706940874036
240000004802,LOW_TAIL,7,43,10,5,389,10,389,0.025706940874036
240000004802,LOW_TAIL,8,47,10,3,389,10,389,0.025706940874036
240000004802,LOW_TAIL,9,71,10,4,389,10,389,0.025706940874036
240000004802,LOW_TAIL,10,67,7,1,389,7,389,0.017994858611825
240000004802,LOW_TAIL,11,59,6,2,389,6,389,0.015424164524422
240000004802,LOW_TAIL,12,79,6,0,389,6,389,0.015424164524422
240000004802,LOW_TAIL,13,83,6,4,389,6,389,0.015424164524422
240000004802,LOW_TAIL,14,163,5,2,389,5,389,0.012853470437018
240000004802,LOW_TAIL,15,103,4,1,389,4,389,0.010282776349614
240000004802,LOW_TAIL,16,127,4,2,389,4,389,0.010282776349614
240000004802,LOW_TAIL,17,131,4,1,389,4,389,0.010282776349614
240000004802,LOW_TAIL,18,167,3,1,389,3,389,0.007712082262211
240000004802,LOW_TAIL,19,179,3,0,389,3,389,0.007712082262211
240000004802,LOW_TAIL,20,191,3,1,389,3,389,0.007712082262211
240000004802,LOW_TAIL,21,199,3,0,389,3,389,0.007712082262211
240000004802,LOW_TAIL,22,223,3,0,389,3,389,0.007712082262211
240000004802,LOW_TAIL,23,263,3,2,389,3,389,0.007712082262211
240000004802,LOW_TAIL,24,271,3,1,389,3,389,0.007712082262211
240000004802,LOW_TAIL,25,463,3,1,389,3,389,0.007712082262211
240000004802,LOW_TAIL,26,743,3,0,389,3,389,0.007712082262211
240000004802,LOW_TAIL,27,139,2,0,389,2,389,0.005141388174807
240000004802,LOW_TAIL,28,283,2,1,389,2,389,0.005141388174807
240000004802,LOW_TAIL,29,367,2,0,389,2,389,0.005141388174807
240000004802,LOW_TAIL,30,383,2,1,389,2,389,0.005141388174807
240000004802,LOW_TAIL,31,439,2,0,389,2,389,0.005141388174807
240000004802,LOW_TAIL,32,503,2,0,389,2,389,0.005141388174807
240000004802,LOW_TAIL,33,571,2,0,389,2,389,0.005141388174807
240000004802,LOW_TAIL,34,647,2,0,389,2,389,0.005141388174807
240000004802,LOW_TAIL,35,1451,2,0,389,2,389,0.005141388174807
240000004802,LOW_TAIL,36,2203,2,1,389,2,389,0.005141388174807
240000004802,LOW_TAIL,37,12967,2,2,389,2,389,0.005141388174807
240000004802,LOW_TAIL,38,107,1,0,389,1,389,0.002570694087404
240000004802,LOW_TAIL,39,151,1,0,389,1,389,0.002570694087404
240000004802,LOW_TAIL,40,211,1,0,389,1,389,0.002570694087404
240000004802,LOW_TAIL,41,227,1,0,389,1,389,0.002570694087404
240000004802,LOW_TAIL,42,239,1,0,389,1,389,0.002570694087404
240000004802,LOW_TAIL,43,251,1,1,389,1,389,0.002570694087404
240000004802,LOW_TAIL,44,307,1,0,389,1,389,0.002570694087404
240000004802,LOW_TAIL,45,311,1,1,389,1,389,0.002570694087404
240000004802,LOW_TAIL,46,331,1,0,389,1,389,0.002570694087404
240000004802,LOW_TAIL,47,347,1,1,389,1,389,0.002570694087404
240000004802,LOW_TAIL,48,431,1,0,389,1,389,0.002570694087404
240000004802,LOW_TAIL,49,467,1,0,389,1,389,0.002570694087404
240000004802,LOW_TAIL,50,479,1,1,389,1,389,0.002570694087404
240000004802,LOW_TAIL,51,487,1,1,389,1,389,0.002570694087404
240000004802,LOW_TAIL,52,491,1,0,389,1,389,0.002570694087404
240000004802,LOW_TAIL,53,499,1,0,389,1,389,0.002570694087404
240000004802,LOW_TAIL,54,547,1,1,389,1,389,0.002570694087404
240000004802,LOW_TAIL,55,599,1,0,389,1,389,0.002570694087404
240000004802,LOW_TAIL,56,607,1,0,389,1,389,0.002570694087404
240000004802,LOW_TAIL,57,619,1,0,389,1,389,0.002570694087404
240000004802,LOW_TAIL,58,643,1,0,389,1,389,0.002570694087404
240000004802,LOW_TAIL,59,719,1,0,389,1,389,0.002570694087404
240000004802,LOW_TAIL,60,739,1,0,389,1,389,0.002570694087404
240000004802,LOW_TAIL,61,811,1,0,389,1,389,0.002570694087404
240000004802,LOW_TAIL,62,827,1,0,389,1,389,0.002570694087404
240000004802,LOW_TAIL,63,839,1,0,389,1,389,0.002570694087404
240000004802,LOW_TAIL,64,947,1,0,389,1,389,0.002570694087404
240000004802,LOW_TAIL,65,1051,1,1,389,1,389,0.002570694087404
240000004802,LOW_TAIL,66,1091,1,0,389,1,389,0.002570694087404
240000004802,LOW_TAIL,67,1187,1,0,389,1,389,0.002570694087404
240000004802,LOW_TAIL,68,1291,1,1,389,1,389,0.002570694087404
240000004802,LOW_TAIL,69,1319,1,0,389,1,389,0.002570694087404
240000004802,LOW_TAIL,70,1447,1,1,389,1,389,0.002570694087404
240000004802,LOW_TAIL,71,1471,1,1,389,1,389,0.002570694087404
240000004802,LOW_TAIL,72,1499,1,1,389,1,389,0.002570694087404
240000004802,LOW_TAIL,73,1511,1,0,389,1,389,0.002570694087404
240000004802,LOW_TAIL,74,1571,1,1,389,1,389,0.002570694087404
240000004802,LOW_TAIL,75,1583,1,0,389,1,389,0.002570694087404
240000004802,LOW_TAIL,76,1607,1,0,389,1,389,0.002570694087404
240000004802,LOW_TAIL,77,1667,1,0,389,1,389,0.002570694087404
240000004802,LOW_TAIL,78,2083,1,0,389,1,389,0.002570694087404
240000004802,LOW_TAIL,79,2099,1,0,389,1,389,0.002570694087404
240000004802,LOW_TAIL,80,2239,1,1,389,1,389,0.002570694087404
240000004802,LOW_TAIL,81,2243,1,0,389,1,389,0.002570694087404
240000004802,LOW_TAIL,82,2287,1,0,389,1,389,0.002570694087404
240000004802,LOW_TAIL,83,2347,1,0,389,1,389,0.002570694087404
240000004802,LOW_TAIL,84,2503,1,1,389,1,389,0.002570694087404
240000004802,LOW_TAIL,85,2663,1,0,389,1,389,0.002570694087404
240000004802,LOW_TAIL,86,2851,1,0,389,1,389,0.002570694087404
240000004802,LOW_TAIL,87,3019,1,0,389,1,389,0.002570694087404
240000004802,LOW_TAIL,88,3319,1,0,389,1,389,0.002570694087404
240000004802,LOW_TAIL,89,3463,1,1,389,1,389,0.002570694087404
240000004802,LOW_TAIL,90,4051,1,0,389,1,389,0.002570694087404
240000004802,LOW_TAIL,91,4079,1,1,389,1,389,0.002570694087404
240000004802,LOW_TAIL,92,4091,1,0,389,1,389,0.002570694087404
240000004802,LOW_TAIL,93,4111,1,1,389,1,389,0.002570694087404
240000004802,LOW_TAIL,94,4567,1,0,389,1,389,0.002570694087404
240000004802,LOW_TAIL,95,4591,1,1,389,1,389,0.002570694087404
240000004802,LOW_TAIL,96,4703,1,0,389,1,389,0.002570694087404
240000004802,LOW_TAIL,97,4723,1,1,389,1,389,0.002570694087404
240000004802,LOW_TAIL,98,4783,1,0,389,1,389,0.002570694087404
240000004802,LOW_TAIL,99,4931,1,0,389,1,389,0.002570694087404
240000004802,LOW_TAIL,100,5003,1,0,389,1,389,0.002570694087404
240000004802,LOW_TAIL,101,5107,1,1,389,1,389,0.002570694087404
240000004802,LOW_TAIL,102,5147,1,0,389,1,389,0.002570694087404
240000004802,LOW_TAIL,103,5347,1,0,389,1,389,0.002570694087404
240000004802,LOW_TAIL,104,5387,1,1,389,1,389,0.002570694087404
240000004802,LOW_TAIL,105,5443,1,0,389,1,389,0.002570694087404
240000004802,LOW_TAIL,106,5743,1,1,389,1,389,0.002570694087404
240000004802,LOW_TAIL,107,6211,1,0,389,1,389,0.002570694087404
240000004802,LOW_TAIL,108,6343,1,0,389,1,389,0.002570694087404
240000004802,LOW_TAIL,109,6907,1,0,389,1,389,0.002570694087404
240000004802,LOW_TAIL,110,7019,1,1,389,1,389,0.002570694087404
240000004802,LOW_TAIL,111,7603,1,0,389,1,389,0.002570694087404
240000004802,LOW_TAIL,112,7607,1,0,389,1,389,0.002570694087404
240000004802,LOW_TAIL,113,9631,1,0,389,1,389,0.002570694087404
240000004802,LOW_TAIL,114,10163,1,0,389,1,389,0.002570694087404
240000004802,LOW_TAIL,115,11351,1,0,389,1,389,0.002570694087404
240000004802,LOW_TAIL,116,11519,1,0,389,1,389,0.002570694087404
240000004802,LOW_TAIL,117,12347,1,1,389,1,389,0.002570694087404
240000004802,LOW_TAIL,118,12583,1,1,389,1,389,0.002570694087404
240000004802,LOW_TAIL,119,12611,1,0,389,1,389,0.002570694087404
240000004802,LOW_TAIL,120,13007,1,1,389,1,389,0.002570694087404
240000004802,LOW_TAIL,121,13291,1,0,389,1,389,0.002570694087404
240000004802,LOW_TAIL,122,13711,1,1,389,1,389,0.002570694087404
240000004802,LOW_TAIL,123,13999,1,1,389,1,389,0.002570694087404
240000004802,LOW_TAIL,124,14407,1,0,389,1,389,0.002570694087404
240000004802,LOW_TAIL,125,16139,1,1,389,1,389,0.002570694087404
240000004802,LOW_TAIL,126,17839,1,0,389,1,389,0.002570694087404
240000004802,LOW_TAIL,127,18583,1,0,389,1,389,0.002570694087404
240000004802,LOW_TAIL,128,19079,1,0,389,1,389,0.002570694087404
240000004802,LOW_TAIL,129,21683,1,0,389,1,389,0.002570694087404
240000004802,LOW_TAIL,130,24611,1,1,389,1,389,0.002570694087404
240000004802,LOW_TAIL,131,24919,1,1,389,1,389,0.002570694087404
240000004802,LOW_TAIL,132,25219,1,0,389,1,389,0.002570694087404
240000004802,LOW_TAIL,133,27967,1,0,389,1,389,0.002570694087404
240000004802,LOW_TAIL,134,30071,1,0,389,1,389,0.002570694087404
240000004802,LOW_TAIL,135,30431,1,0,389,1,389,0.002570694087404
240000004802,LOW_TAIL,136,32083,1,0,389,1,389,0.002570694087404
240000004802,LOW_TAIL,137,33547,1,0,389,1,389,0.002570694087404
240000004802,LOW_TAIL,138,33967,1,0,389,1,389,0.002570694087404
240000004802,LOW_TAIL,139,37987,1,0,389,1,389,0.002570694087404
240000004802,LOW_TAIL,140,41231,1,0,389,1,389,0.002570694087404
240000004802,LOW_TAIL,141,42703,1,1,389,1,389,0.002570694087404
240000004802,LOW_TAIL,142,46559,1,1,389,1,389,0.002570694087404
240000004802,LOW_TAIL,143,47303,1,0,389,1,389,0.002570694087404
240000004802,LOW_TAIL,144,51283,1,0,389,1,389,0.002570694087404
240000004802,LOW_TAIL,145,52027,1,1,389,1,389,0.002570694087404
240000004802,LOW_TAIL,146,54851,1,0,389,1,389,0.002570694087404
240000004802,LOW_TAIL,147,56999,1,0,389,1,389,0.002570694087404
240000004802,LOW_TAIL,148,57923,1,1,389,1,389,0.002570694087404
240000004802,LOW_TAIL,149,62507,1,0,389,1,389,0.002570694087404
240000004802,LOW_TAIL,150,64627,1,0,389,1,389,0.002570694087404
240000004802,LOW_TAIL,151,64763,1,0,389,1,389,0.002570694087404
240000004802,LOW_TAIL,152,65687,1,0,389,1,389,0.002570694087404
240000004802,LOW_TAIL,153,69431,1,1,389,1,389,0.002570694087404
240000004802,LOW_TAIL,154,79159,1,0,389,1,389,0.002570694087404
240000004802,LOW_TAIL,155,89767,1,0,389,1,389,0.002570694087404
240000004802,LOW_TAIL,156,106867,1,0,389,1,389,0.002570694087404
240000004802,LOW_TAIL,157,110119,1,1,389,1,389,0.002570694087404
240000004802,LOW_TAIL,158,110567,1,0,389,1,389,0.002570694087404
240000004802,LOW_TAIL,159,112207,1,0,389,1,389,0.002570694087404
240000004802,LOW_TAIL,160,113327,1,0,389,1,389,0.002570694087404
240000004802,LOW_TAIL,161,121267,1,0,389,1,389,0.002570694087404
240000004802,LOW_TAIL,162,121487,1,0,389,1,389,0.002570694087404
240000004802,LOW_TAIL,163,126031,1,0,389,1,389,0.002570694087404
240000004802,LOW_TAIL,164,142903,1,0,389,1,389,0.002570694087404
240000004802,LOW_TAIL,165,176711,1,0,389,1,389,0.002570694087404
240000004802,LOW_TAIL,166,180959,1,0,389,1,389,0.002570694087404
240000004802,LOW_TAIL,167,187559,1,0,389,1,389,0.002570694087404
240000004802,LOW_TAIL,168,224047,1,0,389,1,389,0.002570694087404
240000004802,LOW_TAIL,169,235519,1,1,389,1,389,0.002570694087404
240000004802,LOW_TAIL,170,339679,1,0,389,1,389,0.002570694087404
240000004802,LOW_TAIL,171,375707,1,0,389,1,389,0.002570694087404
240000004802,LOW_TAIL,172,387187,1,1,389,1,389,0.002570694087404
240000004802,LOW_TAIL,173,393103,1,0,389,1,389,0.002570694087404
240000004802,LOW_TAIL,174,420331,1,0,389,1,389,0.002570694087404
240000004802,LOW_TAIL,175,433571,1,1,389,1,389,0.002570694087404
240000004802,LOW_TAIL,176,446503,1,0,389,1,389,0.002570694087404
240000004802,LOW_TAIL,177,477863,1,0,389,1,389,0.002570694087404
240000004802,LOW_TAIL,178,528631,1,0,389,1,389,0.002570694087404
240000004802,LOW_TAIL,179,643403,1,0,389,1,389,0.002570694087404
240000004802,LOW_TAIL,180,664019,1,0,389,1,389,0.002570694087404
240000004802,LOW_TAIL,181,729643,1,0,389,1,389,0.002570694087404
240000004802,LOW_TAIL,182,788167,1,0,389,1,389,0.002570694087404
240000004802,LOW_TAIL,183,854299,1,0,389,1,389,0.002570694087404
240000004802,LOW_TAIL,184,856627,1,0,389,1,389,0.002570694087404
240000004802,LOW_TAIL,185,885959,1,0,389,1,389,0.002570694087404
240000004802,LOW_TAIL,186,1045903,1,0,389,1,389,0.002570694087404
240000004802,LOW_TAIL,187,1128371,1,0,389,1,389,0.002570694087404
240000004802,LOW_TAIL,188,1153247,1,0,389,1,389,0.002570694087404
240000004802,LOW_TAIL,189,1193443,1,0,389,1,389,0.002570694087404
240000004802,LOW_TAIL,190,1301099,1,0,389,1,389,0.002570694087404
240000004802,LOW_TAIL,191,1339087,1,0,389,1,389,0.002570694087404
240000004802,LOW_TAIL,192,1447219,1,0,389,1,389,0.002570694087404
240000004802,LOW_TAIL,193,1463611,1,0,389,1,389,0.002570694087404
240000004802,LOW_TAIL,194,1509059,1,0,389,1,389,0.002570694087404
240000004802,LOW_TAIL,195,1792979,1,1,389,1,389,0.002570694087404
240000004802,LOW_TAIL,196,1954111,1,1,389,1,389,0.002570694087404
240000004802,LOW_TAIL,197,2121667,1,0,389,1,389,0.002570694087404
240000004802,LOW_TAIL,198,2126147,1,0,389,1,389,0.002570694087404
240000004802,LOW_TAIL,199,2142923,1,0,389,1,389,0.002570694087404
240000004802,LOW_TAIL,200,2147051,1,1,389,1,389,0.002570694087404
240000004802,LOW_TAIL,201,2304059,1,1,389,1,389,0.002570694087404
240000004802,LOW_TAIL,202,2358859,1,0,389,1,389,0.002570694087404
240000004802,LOW_TAIL,203,2615779,1,0,389,1,389,0.002570694087404
240000004802,LOW_TAIL,204,2904667,1,0,389,1,389,0.002570694087404
240000004802,LOW_TAIL,205,3192571,1,0,389,1,389,0.002570694087404
240000004802,LOW_TAIL,206,3202231,1,0,389,1,389,0.002570694087404
240000004802,LOW_TAIL,207,3412567,1,0,389,1,389,0.002570694087404
240000004802,LOW_TAIL,208,3416663,1,1,389,1,389,0.002570694087404
240000004802,LOW_TAIL,209,4044743,1,0,389,1,389,0.002570694087404
240000004802,LOW_TAIL,210,4115791,1,1,389,1,389,0.002570694087404
240000004802,LOW_TAIL,211,4202687,1,0,389,1,389,0.002570694087404
240000004802,LOW_TAIL,212,4365859,1,0,389,1,389,0.002570694087404
240000004802,LOW_TAIL,213,5322991,1,0,389,1,389,0.002570694087404
240000004802,LOW_TAIL,214,5600303,1,0,389,1,389,0.002570694087404
240000004802,LOW_TAIL,215,5919787,1,0,389,1,389,0.002570694087404
240000004802,LOW_TAIL,216,6470831,1,0,389,1,389,0.002570694087404
240000004802,LOW_TAIL,217,6619643,1,0,389,1,389,0.002570694087404
240000004802,LOW_TAIL,218,7455671,1,0,389,1,389,0.002570694087404
240000004802,LOW_TAIL,219,7467871,1,0,389,1,389,0.002570694087404
240000004802,LOW_TAIL,220,7989199,1,1,389,1,389,0.002570694087404
240000004802,LOW_TAIL,221,11164943,1,0,389,1,389,0.002570694087404
240000004802,LOW_TAIL,222,13101863,1,0,389,1,389,0.002570694087404
240000004802,LOW_TAIL,223,13957591,1,0,389,1,389,0.002570694087404
240000004802,LOW_TAIL,224,13997611,1,1,389,1,389,0.002570694087404
240000004802,LOW_TAIL,225,14171551,1,0,389,1,389,0.002570694087404
240000004802,LOW_TAIL,226,15933479,1,0,389,1,389,0.002570694087404
240000004802,LOW_TAIL,227,15980623,1,1,389,1,389,0.002570694087404
240000004802,LOW_TAIL,228,16277363,1,0,389,1,389,0.002570694087404
240000004802,LOW_TAIL,229,16804367,1,1,389,1,389,0.002570694087404
240000004802,LOW_TAIL,230,17056411,1,0,389,1,389,0.002570694087404
240000004802,LOW_TAIL,231,17346283,1,0,389,1,389,0.002570694087404
240000004802,LOW_TAIL,232,17652251,1,0,389,1,389,0.002570694087404
240000004802,LOW_TAIL,233,18083183,1,0,389,1,389,0.002570694087404
240000004802,LOW_TAIL,234,21675419,1,1,389,1,389,0.002570694087404
240000004802,LOW_TAIL,235,23842639,1,0,389,1,389,0.002570694087404
240000004802,LOW_TAIL,236,27900487,1,0,389,1,389,0.002570694087404
240000004802,LOW_TAIL,237,29861987,1,0,389,1,389,0.002570694087404
240000004802,LOW_TAIL,238,33955847,1,0,389,1,389,0.002570694087404
240000004802,LOW_TAIL,239,36463067,1,0,389,1,389,0.002570694087404
240000004802,LOW_TAIL,240,36496351,1,0,389,1,389,0.002570694087404
240000004802,LOW_TAIL,241,38041027,1,0,389,1,389,0.002570694087404
240000004802,LOW_TAIL,242,39331367,1,0,389,1,389,0.002570694087404
240000004802,LOW_TAIL,243,40567951,1,0,389,1,389,0.002570694087404
240000004802,LOW_TAIL,244,42916787,1,1,389,1,389,0.002570694087404
240000004802,LOW_TAIL,245,42979087,1,1,389,1,389,0.002570694087404
240000004802,LOW_TAIL,246,44274299,1,0,389,1,389,0.002570694087404
240000004802,LOW_TAIL,247,44316871,1,0,389,1,389,0.002570694087404
240000004802,LOW_TAIL,248,47443471,1,1,389,1,389,0.002570694087404
240000004802,LOW_TAIL,249,50661491,1,1,389,1,389,0.002570694087404
240000004802,LOW_TAIL,250,60388291,1,1,389,1,389,0.002570694087404
240000004802,LOW_TAIL,251,68434879,1,1,389,1,389,0.002570694087404
240000004802,LOW_TAIL,252,68767747,1,1,389,1,389,0.002570694087404
240000004802,LOW_TAIL,253,73021139,1,0,389,1,389,0.002570694087404
240000004802,LOW_TAIL,254,79312619,1,1,389,1,389,0.002570694087404
240000004802,LOW_TAIL,255,84136463,1,0,389,1,389,0.002570694087404
240000004802,LOW_TAIL,256,88954783,1,0,389,1,389,0.002570694087404
240000004802,LOW_TAIL,257,94142123,1,1,389,1,389,0.002570694087404
240000004802,LOW_TAIL,258,97245367,1,0,389,1,389,0.002570694087404
240000004802,LOW_TAIL,259,97939487,1,1,389,1,389,0.002570694087404
240000004802,LOW_TAIL,260,108042091,1,0,389,1,389,0.002570694087404
240000004802,LOW_TAIL,261,112411219,1,0,389,1,389,0.002570694087404
240000004802,LOW_TAIL,262,117524807,1,1,389,1,389,0.002570694087404
240000004802,LOW_TAIL,263,130718923,1,0,389,1,389,0.002570694087404
240000004802,LOW_TAIL,264,142495291,1,0,389,1,389,0.002570694087404
240000004802,LOW_TAIL,265,145007227,1,0,389,1,389,0.002570694087404
240000004802,LOW_TAIL,266,149062259,1,0,389,1,389,0.002570694087404
240000004802,LOW_TAIL,267,177777779,1,0,389,1,389,0.002570694087404
240000004802,LOW_TAIL,268,194172751,1,0,389,1,389,0.002570694087404
240000004802,LOW_TAIL,269,198019303,1,0,389,1,389,0.002570694087404
240000004802,LOW_TAIL,270,205333223,1,0,389,1,389,0.002570694087404
240000004802,LOW_TAIL,271,211254803,1,0,389,1,389,0.002570694087404
240000004802,LOW_TAIL,272,221991911,1,0,389,1,389,0.002570694087404
240000004802,LOW_TAIL,273,245865779,1,0,389,1,389,0.002570694087404
240000004802,LOW_TAIL,274,247422667,1,1,389,1,389,0.002570694087404
240000004802,LOW_TAIL,275,316170319,1,0,389,1,389,0.002570694087404
240000004802,LOW_TAIL,276,316481779,1,1,389,1,389,0.002570694087404
240000004802,LOW_TAIL,277,330578519,1,0,389,1,389,0.002570694087404
240000004802,LOW_TAIL,278,343640543,1,1,389,1,389,0.002570694087404
240000004802,LOW_TAIL,279,355890911,1,1,389,1,389,0.002570694087404
240000004802,LOW_TAIL,280,393419107,1,1,389,1,389,0.002570694087404
240000004802,LOW_TAIL,281,422526799,1,0,389,1,389,0.002570694087404
240000004802,LOW_TAIL,282,468305471,1,0,389,1,389,0.002570694087404
240000004802,LOW_TAIL,283,474305159,1,0,389,1,389,0.002570694087404
240000004802,LOW_TAIL,284,531568379,1,1,389,1,389,0.002570694087404
240000004802,LOW_TAIL,285,567611131,1,0,389,1,389,0.002570694087404
240000004802,LOW_TAIL,286,593645911,1,1,389,1,389,0.002570694087404
240000004802,LOW_TAIL,287,605828611,1,0,389,1,389,0.002570694087404
240000004802,LOW_TAIL,288,645161303,1,0,389,1,389,0.002570694087404
240000004802,LOW_TAIL,289,864986431,1,0,389,1,389,0.002570694087404
240000004802,LOW_TAIL,290,869565211,1,0,389,1,389,0.002570694087404
240000004802,LOW_TAIL,291,888888887,1,0,389,1,389,0.002570694087404
240000004802,LOW_TAIL,292,993319471,1,0,389,1,389,0.002570694087404
240000004802,LOW_TAIL,293,1070338679,1,0,389,1,389,0.002570694087404
240000004802,LOW_TAIL,294,1114268227,1,0,389,1,389,0.002570694087404
240000004802,LOW_TAIL,295,1304344879,1,0,389,1,389,0.002570694087404
240000004802,LOW_TAIL,296,1392241007,1,0,389,1,389,0.002570694087404
240000004802,LOW_TAIL,297,1572186719,1,1,389,1,389,0.002570694087404
240000004802,LOW_TAIL,298,1591862011,1,0,389,1,389,0.002570694087404
240000004802,LOW_TAIL,299,1818145619,1,0,389,1,389,0.002570694087404
240000004802,LOW_TAIL,300,1931656871,1,0,389,1,389,0.002570694087404
240000004802,LOW_TAIL,301,2142856519,1,0,389,1,389,0.002570694087404
240000004802,LOW_TAIL,302,2264150803,1,1,389,1,389,0.002570694087404
240000004802,LOW_TAIL,303,2720095951,1,0,389,1,389,0.002570694087404
240000004802,LOW_TAIL,304,2917136507,1,1,389,1,389,0.002570694087404
240000004802,LOW_TAIL,305,3695519059,1,1,389,1,389,0.002570694087404
240000004802,LOW_TAIL,306,4137928063,1,1,389,1,389,0.002570694087404
240000004802,LOW_TAIL,307,4250734231,1,0,389,1,389,0.002570694087404
240000004802,LOW_TAIL,308,4799999783,1,1,389,1,389,0.002570694087404
240000004802,LOW_TAIL,309,6982747483,1,0,389,1,389,0.002570694087404
240000004802,LOW_TAIL,310,7055024971,1,1,389,1,389,0.002570694087404
240000004802,LOW_TAIL,311,7309115819,1,1,389,1,389,0.002570694087404
240000004802,LOW_TAIL,312,7958831759,1,0,389,1,389,0.002570694087404
240000004802,LOW_TAIL,313,7961255507,1,0,389,1,389,0.002570694087404
240000004802,LOW_TAIL,314,7999991651,1,0,389,1,389,0.002570694087404
240000004802,LOW_TAIL,315,7999997483,1,0,389,1,389,0.002570694087404
240000004802,LOW_TAIL,316,8000000087,1,0,389,1,389,0.002570694087404
240000004802,LOW_TAIL,317,14975785543,1,1,389,1,389,0.002570694087404
240000004802,LOW_TAIL,318,14999999323,1,1,389,1,389,0.002570694087404
240000004802,LOW_TAIL,319,17453281663,1,0,389,1,389,0.002570694087404
240000004802,LOW_TAIL,320,17456824603,1,0,389,1,389,0.002570694087404
240000004802,LOW_TAIL,321,19999601819,1,0,389,1,389,0.002570694087404
240000004802,LOW_TAIL,322,19999837639,1,0,389,1,389,0.002570694087404
240000004802,LOW_TAIL,323,19999956103,1,0,389,1,389,0.002570694087404
240000004802,LOW_TAIL,324,23389648699,1,1,389,1,389,0.002570694087404
240000004802,LOW_TAIL,325,23859360271,1,1,389,1,389,0.002570694087404
240000004802,LOW_TAIL,326,23883774331,1,1,389,1,389,0.002570694087404
240000004802,LOW_TAIL,327,29237060327,1,1,389,1,389,0.002570694087404
240000004802,LOW_TAIL,328,30000000431,1,1,389,1,389,0.002570694087404
240000004802,LOW_TAIL,329,30000000587,1,1,389,1,389,0.002570694087404
240000004802,LOW_TAIL,330,39978464419,1,0,389,1,389,0.002570694087404
240000004802,LOW_TAIL,331,43641487007,1,1,389,1,389,0.002570694087404
240000004802,LOW_TAIL,332,43706047247,1,1,389,1,389,0.002570694087404
240000004802,LOW_TAIL,333,60000001199,1,1,389,1,389,0.002570694087404
240000004802,LOW_TAIL,334,114769825787,1,1,389,1,389,0.002570694087404
240000004802,LOW_TAIL,335,114769825799,1,1,389,1,389,0.002570694087404
240000004802,LOW_TAIL,336,116883674507,1,1,389,1,389,0.002570694087404
240000004802,LOW_TAIL,337,116948244587,1,1,389,1,389,0.002570694087404
240000004802,LOW_TAIL,338,119418871667,1,1,389,1,389,0.002570694087404
240000004802,LOW_TAIL,339,119877922247,1,1,389,1,389,0.002570694087404
240000004802,LOW_TAIL,340,119877932087,1,1,389,1,389,0.002570694087404
240000004802,LOW_TAIL,341,119935432007,1,1,389,1,389,0.002570694087404
240000004802,LOW_TAIL,342,119995109747,1,1,389,1,389,0.002570694087404
240000004802,LOW_TAIL,343,119999009927,1,1,389,1,389,0.002570694087404
240000004802,LOW_TAIL,344,119999205239,1,1,389,1,389,0.002570694087404
240000004802,LOW_TAIL,345,120000001307,1,1,389,1,389,0.002570694087404
240000044158,LOW_TAIL,1,3,158,158,388,158,388,0.407216494845361
240000044158,LOW_TAIL,2,7,62,38,388,62,388,0.159793814432990
240000044158,LOW_TAIL,3,11,51,30,388,51,388,0.131443298969072
240000044158,LOW_TAIL,4,19,19,9,388,19,388,0.048969072164948
240000044158,LOW_TAIL,5,23,19,13,388,19,388,0.048969072164948
240000044158,LOW_TAIL,6,31,15,7,388,15,388,0.038659793814433
240000044158,LOW_TAIL,7,43,11,3,388,11,388,0.028350515463918
240000044158,LOW_TAIL,8,47,11,5,388,11,388,0.028350515463918
240000044158,LOW_TAIL,9,71,7,2,388,7,388,0.018041237113402
240000044158,LOW_TAIL,10,67,5,1,388,5,388,0.012886597938144
240000044158,LOW_TAIL,11,79,5,2,388,5,388,0.012886597938144
240000044158,LOW_TAIL,12,83,5,3,388,5,388,0.012886597938144
240000044158,LOW_TAIL,13,223,5,1,388,5,388,0.012886597938144
240000044158,LOW_TAIL,14,59,4,4,388,4,388,0.010309278350515
240000044158,LOW_TAIL,15,103,4,0,388,4,388,0.010309278350515
240000044158,LOW_TAIL,16,367,4,1,388,4,388,0.010309278350515
240000044158,LOW_TAIL,17,599,4,2,388,4,388,0.010309278350515
240000044158,LOW_TAIL,18,127,3,1,388,3,388,0.007731958762887
240000044158,LOW_TAIL,19,139,3,1,388,3,388,0.007731958762887
240000044158,LOW_TAIL,20,163,3,1,388,3,388,0.007731958762887
240000044158,LOW_TAIL,21,191,3,2,388,3,388,0.007731958762887
240000044158,LOW_TAIL,22,251,3,1,388,3,388,0.007731958762887
240000044158,LOW_TAIL,23,479,3,2,388,3,388,0.007731958762887
240000044158,LOW_TAIL,24,2287,3,0,388,3,388,0.007731958762887
240000044158,LOW_TAIL,25,107,2,1,388,2,388,0.005154639175258
240000044158,LOW_TAIL,26,151,2,0,388,2,388,0.005154639175258
240000044158,LOW_TAIL,27,179,2,0,388,2,388,0.005154639175258
240000044158,LOW_TAIL,28,199,2,1,388,2,388,0.005154639175258
240000044158,LOW_TAIL,29,211,2,0,388,2,388,0.005154639175258
240000044158,LOW_TAIL,30,227,2,1,388,2,388,0.005154639175258
240000044158,LOW_TAIL,31,283,2,0,388,2,388,0.005154639175258
240000044158,LOW_TAIL,32,311,2,1,388,2,388,0.005154639175258
240000044158,LOW_TAIL,33,347,2,1,388,2,388,0.005154639175258
240000044158,LOW_TAIL,34,431,2,2,388,2,388,0.005154639175258
240000044158,LOW_TAIL,35,523,2,0,388,2,388,0.005154639175258
240000044158,LOW_TAIL,36,631,2,0,388,2,388,0.005154639175258
240000044158,LOW_TAIL,37,787,2,1,388,2,388,0.005154639175258
240000044158,LOW_TAIL,38,947,2,0,388,2,388,0.005154639175258
240000044158,LOW_TAIL,39,991,2,1,388,2,388,0.005154639175258
240000044158,LOW_TAIL,40,1367,2,2,388,2,388,0.005154639175258
240000044158,LOW_TAIL,41,1811,2,0,388,2,388,0.005154639175258
240000044158,LOW_TAIL,42,3323,2,0,388,2,388,0.005154639175258
240000044158,LOW_TAIL,43,19471,2,0,388,2,388,0.005154639175258
240000044158,LOW_TAIL,44,131,1,0,388,1,388,0.002577319587629
240000044158,LOW_TAIL,45,167,1,0,388,1,388,0.002577319587629
240000044158,LOW_TAIL,46,239,1,1,388,1,388,0.002577319587629
240000044158,LOW_TAIL,47,263,1,0,388,1,388,0.002577319587629
240000044158,LOW_TAIL,48,271,1,1,388,1,388,0.002577319587629
240000044158,LOW_TAIL,49,331,1,0,388,1,388,0.002577319587629
240000044158,LOW_TAIL,50,379,1,0,388,1,388,0.002577319587629
240000044158,LOW_TAIL,51,439,1,0,388,1,388,0.002577319587629
240000044158,LOW_TAIL,52,463,1,0,388,1,388,0.002577319587629
240000044158,LOW_TAIL,53,487,1,0,388,1,388,0.002577319587629
240000044158,LOW_TAIL,54,491,1,1,388,1,388,0.002577319587629
240000044158,LOW_TAIL,55,499,1,0,388,1,388,0.002577319587629
240000044158,LOW_TAIL,56,571,1,0,388,1,388,0.002577319587629
240000044158,LOW_TAIL,57,587,1,0,388,1,388,0.002577319587629
240000044158,LOW_TAIL,58,647,1,0,388,1,388,0.002577319587629
240000044158,LOW_TAIL,59,691,1,1,388,1,388,0.002577319587629
240000044158,LOW_TAIL,60,739,1,1,388,1,388,0.002577319587629
240000044158,LOW_TAIL,61,743,1,1,388,1,388,0.002577319587629
240000044158,LOW_TAIL,62,827,1,0,388,1,388,0.002577319587629
240000044158,LOW_TAIL,63,863,1,1,388,1,388,0.002577319587629
240000044158,LOW_TAIL,64,907,1,0,388,1,388,0.002577319587629
240000044158,LOW_TAIL,65,911,1,0,388,1,388,0.002577319587629
240000044158,LOW_TAIL,66,983,1,1,388,1,388,0.002577319587629
240000044158,LOW_TAIL,67,1019,1,0,388,1,388,0.002577319587629
240000044158,LOW_TAIL,68,1031,1,0,388,1,388,0.002577319587629
240000044158,LOW_TAIL,69,1039,1,1,388,1,388,0.002577319587629
240000044158,LOW_TAIL,70,1091,1,0,388,1,388,0.002577319587629
240000044158,LOW_TAIL,71,1151,1,1,388,1,388,0.002577319587629
240000044158,LOW_TAIL,72,1171,1,1,388,1,388,0.002577319587629
240000044158,LOW_TAIL,73,1187,1,1,388,1,388,0.002577319587629
240000044158,LOW_TAIL,74,1259,1,0,388,1,388,0.002577319587629
240000044158,LOW_TAIL,75,1319,1,0,388,1,388,0.002577319587629
240000044158,LOW_TAIL,76,1447,1,0,388,1,388,0.002577319587629
240000044158,LOW_TAIL,77,1471,1,0,388,1,388,0.002577319587629
240000044158,LOW_TAIL,78,1523,1,1,388,1,388,0.002577319587629
240000044158,LOW_TAIL,79,1559,1,0,388,1,388,0.002577319587629
240000044158,LOW_TAIL,80,1607,1,0,388,1,388,0.002577319587629
240000044158,LOW_TAIL,81,1667,1,0,388,1,388,0.002577319587629
240000044158,LOW_TAIL,82,1823,1,0,388,1,388,0.002577319587629
240000044158,LOW_TAIL,83,1831,1,1,388,1,388,0.002577319587629
240000044158,LOW_TAIL,84,1879,1,1,388,1,388,0.002577319587629
240000044158,LOW_TAIL,85,1951,1,1,388,1,388,0.002577319587629
240000044158,LOW_TAIL,86,1999,1,1,388,1,388,0.002577319587629
240000044158,LOW_TAIL,87,2011,1,0,388,1,388,0.002577319587629
240000044158,LOW_TAIL,88,2039,1,0,388,1,388,0.002577319587629
240000044158,LOW_TAIL,89,2087,1,0,388,1,388,0.002577319587629
240000044158,LOW_TAIL,90,2239,1,1,388,1,388,0.002577319587629
240000044158,LOW_TAIL,91,2459,1,0,388,1,388,0.002577319587629
240000044158,LOW_TAIL,92,2531,1,1,388,1,388,0.002577319587629
240000044158,LOW_TAIL,93,2671,1,0,388,1,388,0.002577319587629
240000044158,LOW_TAIL,94,2683,1,0,388,1,388,0.002577319587629
240000044158,LOW_TAIL,95,2699,1,0,388,1,388,0.002577319587629
240000044158,LOW_TAIL,96,3499,1,1,388,1,388,0.002577319587629
240000044158,LOW_TAIL,97,3659,1,0,388,1,388,0.002577319587629
240000044158,LOW_TAIL,98,3779,1,1,388,1,388,0.002577319587629
240000044158,LOW_TAIL,99,3803,1,0,388,1,388,0.002577319587629
240000044158,LOW_TAIL,100,3847,1,0,388,1,388,0.002577319587629
240000044158,LOW_TAIL,101,3919,1,1,388,1,388,0.002577319587629
240000044158,LOW_TAIL,102,4339,1,0,388,1,388,0.002577319587629
240000044158,LOW_TAIL,103,4447,1,0,388,1,388,0.002577319587629
240000044158,LOW_TAIL,104,4603,1,0,388,1,388,0.002577319587629
240000044158,LOW_TAIL,105,5651,1,0,388,1,388,0.002577319587629
240000044158,LOW_TAIL,106,5683,1,1,388,1,388,0.002577319587629
240000044158,LOW_TAIL,107,5839,1,0,388,1,388,0.002577319587629
240000044158,LOW_TAIL,108,5987,1,0,388,1,388,0.002577319587629
240000044158,LOW_TAIL,109,6011,1,1,388,1,388,0.002577319587629
240000044158,LOW_TAIL,110,6691,1,1,388,1,388,0.002577319587629
240000044158,LOW_TAIL,111,6791,1,0,388,1,388,0.002577319587629
240000044158,LOW_TAIL,112,7219,1,0,388,1,388,0.002577319587629
240000044158,LOW_TAIL,113,7523,1,0,388,1,388,0.002577319587629
240000044158,LOW_TAIL,114,9547,1,0,388,1,388,0.002577319587629
240000044158,LOW_TAIL,115,10039,1,0,388,1,388,0.002577319587629
240000044158,LOW_TAIL,116,10139,1,0,388,1,388,0.002577319587629
240000044158,LOW_TAIL,117,10247,1,1,388,1,388,0.002577319587629
240000044158,LOW_TAIL,118,11743,1,0,388,1,388,0.002577319587629
240000044158,LOW_TAIL,119,13171,1,0,388,1,388,0.002577319587629
240000044158,LOW_TAIL,120,13183,1,0,388,1,388,0.002577319587629
240000044158,LOW_TAIL,121,13831,1,0,388,1,388,0.002577319587629
240000044158,LOW_TAIL,122,14627,1,0,388,1,388,0.002577319587629
240000044158,LOW_TAIL,123,16883,1,0,388,1,388,0.002577319587629
240000044158,LOW_TAIL,124,16931,1,0,388,1,388,0.002577319587629
240000044158,LOW_TAIL,125,18803,1,1,388,1,388,0.002577319587629
240000044158,LOW_TAIL,126,21283,1,0,388,1,388,0.002577319587629
240000044158,LOW_TAIL,127,21491,1,0,388,1,388,0.002577319587629
240000044158,LOW_TAIL,128,23159,1,1,388,1,388,0.002577319587629
240000044158,LOW_TAIL,129,23887,1,0,388,1,388,0.002577319587629
240000044158,LOW_TAIL,130,27947,1,0,388,1,388,0.002577319587629
240000044158,LOW_TAIL,131,28579,1,0,388,1,388,0.002577319587629
240000044158,LOW_TAIL,132,32771,1,0,388,1,388,0.002577319587629
240000044158,LOW_TAIL,133,33487,1,0,388,1,388,0.002577319587629
240000044158,LOW_TAIL,134,34127,1,0,388,1,388,0.002577319587629
240000044158,LOW_TAIL,135,36691,1,1,388,1,388,0.002577319587629
240000044158,LOW_TAIL,136,40283,1,1,388,1,388,0.002577319587629
240000044158,LOW_TAIL,137,43223,1,0,388,1,388,0.002577319587629
240000044158,LOW_TAIL,138,46027,1,0,388,1,388,0.002577319587629
240000044158,LOW_TAIL,139,46399,1,0,388,1,388,0.002577319587629
240000044158,LOW_TAIL,140,49451,1,1,388,1,388,0.002577319587629
240000044158,LOW_TAIL,141,50291,1,0,388,1,388,0.002577319587629
240000044158,LOW_TAIL,142,59183,1,1,388,1,388,0.002577319587629
240000044158,LOW_TAIL,143,63059,1,0,388,1,388,0.002577319587629
240000044158,LOW_TAIL,144,67807,1,0,388,1,388,0.002577319587629
240000044158,LOW_TAIL,145,72679,1,0,388,1,388,0.002577319587629
240000044158,LOW_TAIL,146,73291,1,0,388,1,388,0.002577319587629
240000044158,LOW_TAIL,147,84919,1,0,388,1,388,0.002577319587629
240000044158,LOW_TAIL,148,88211,1,0,388,1,388,0.002577319587629
240000044158,LOW_TAIL,149,93187,1,0,388,1,388,0.002577319587629
240000044158,LOW_TAIL,150,93239,1,0,388,1,388,0.002577319587629
240000044158,LOW_TAIL,151,106759,1,0,388,1,388,0.002577319587629
240000044158,LOW_TAIL,152,116491,1,1,388,1,388,0.002577319587629
240000044158,LOW_TAIL,153,116791,1,0,388,1,388,0.002577319587629
240000044158,LOW_TAIL,154,117959,1,0,388,1,388,0.002577319587629
240000044158,LOW_TAIL,155,118127,1,0,388,1,388,0.002577319587629
240000044158,LOW_TAIL,156,127931,1,0,388,1,388,0.002577319587629
240000044158,LOW_TAIL,157,132523,1,0,388,1,388,0.002577319587629
240000044158,LOW_TAIL,158,134807,1,0,388,1,388,0.002577319587629
240000044158,LOW_TAIL,159,142759,1,1,388,1,388,0.002577319587629
240000044158,LOW_TAIL,160,156347,1,1,388,1,388,0.002577319587629
240000044158,LOW_TAIL,161,167267,1,0,388,1,388,0.002577319587629
240000044158,LOW_TAIL,162,175303,1,1,388,1,388,0.002577319587629
240000044158,LOW_TAIL,163,186727,1,0,388,1,388,0.002577319587629
240000044158,LOW_TAIL,164,199151,1,0,388,1,388,0.002577319587629
240000044158,LOW_TAIL,165,210911,1,1,388,1,388,0.002577319587629
240000044158,LOW_TAIL,166,285179,1,0,388,1,388,0.002577319587629
240000044158,LOW_TAIL,167,320387,1,0,388,1,388,0.002577319587629
240000044158,LOW_TAIL,168,325943,1,1,388,1,388,0.002577319587629
240000044158,LOW_TAIL,169,402223,1,0,388,1,388,0.002577319587629
240000044158,LOW_TAIL,170,404167,1,0,388,1,388,0.002577319587629
240000044158,LOW_TAIL,171,404539,1,0,388,1,388,0.002577319587629
240000044158,LOW_TAIL,172,424547,1,0,388,1,388,0.002577319587629
240000044158,LOW_TAIL,173,425003,1,0,388,1,388,0.002577319587629
240000044158,LOW_TAIL,174,425519,1,0,388,1,388,0.002577319587629
240000044158,LOW_TAIL,175,429223,1,1,388,1,388,0.002577319587629
240000044158,LOW_TAIL,176,614543,1,0,388,1,388,0.002577319587629
240000044158,LOW_TAIL,177,678883,1,1,388,1,388,0.002577319587629
240000044158,LOW_TAIL,178,707939,1,0,388,1,388,0.002577319587629
240000044158,LOW_TAIL,179,762563,1,0,388,1,388,0.002577319587629
240000044158,LOW_TAIL,180,763267,1,0,388,1,388,0.002577319587629
240000044158,LOW_TAIL,181,766739,1,0,388,1,388,0.002577319587629
240000044158,LOW_TAIL,182,773147,1,0,388,1,388,0.002577319587629
240000044158,LOW_TAIL,183,853799,1,0,388,1,388,0.002577319587629
240000044158,LOW_TAIL,184,1027127,1,0,388,1,388,0.002577319587629
240000044158,LOW_TAIL,185,1099807,1,0,388,1,388,0.002577319587629
240000044158,LOW_TAIL,186,1335647,1,1,388,1,388,0.002577319587629
240000044158,LOW_TAIL,187,1615183,1,0,388,1,388,0.002577319587629
240000044158,LOW_TAIL,188,1675463,1,0,388,1,388,0.002577319587629
240000044158,LOW_TAIL,189,1695347,1,0,388,1,388,0.002577319587629
240000044158,LOW_TAIL,190,1844111,1,0,388,1,388,0.002577319587629
240000044158,LOW_TAIL,191,1886119,1,0,388,1,388,0.002577319587629
240000044158,LOW_TAIL,192,2299783,1,1,388,1,388,0.002577319587629
240000044158,LOW_TAIL,193,2567923,1,0,388,1,388,0.002577319587629
240000044158,LOW_TAIL,194,3325099,1,0,388,1,388,0.002577319587629
240000044158,LOW_TAIL,195,3839503,1,0,388,1,388,0.002577319587629
240000044158,LOW_TAIL,196,3871831,1,0,388,1,388,0.002577319587629
240000044158,LOW_TAIL,197,3877663,1,0,388,1,388,0.002577319587629
240000044158,LOW_TAIL,198,3958039,1,0,388,1,388,0.002577319587629
240000044158,LOW_TAIL,199,4094579,1,0,388,1,388,0.002577319587629
240000044158,LOW_TAIL,200,4630859,1,0,388,1,388,0.002577319587629
240000044158,LOW_TAIL,201,5239879,1,0,388,1,388,0.002577319587629
240000044158,LOW_TAIL,202,5417459,1,0,388,1,388,0.002577319587629
240000044158,LOW_TAIL,203,6018539,1,0,388,1,388,0.002577319587629
240000044158,LOW_TAIL,204,6144707,1,0,388,1,388,0.002577319587629
240000044158,LOW_TAIL,205,7154783,1,0,388,1,388,0.002577319587629
240000044158,LOW_TAIL,206,7290527,1,0,388,1,388,0.002577319587629
240000044158,LOW_TAIL,207,7841023,1,1,388,1,388,0.002577319587629
240000044158,LOW_TAIL,208,9650167,1,0,388,1,388,0.002577319587629
240000044158,LOW_TAIL,209,10339739,1,0,388,1,388,0.002577319587629
240000044158,LOW_TAIL,210,10438367,1,0,388,1,388,0.002577319587629
240000044158,LOW_TAIL,211,11029127,1,0,388,1,388,0.002577319587629
240000044158,LOW_TAIL,212,11308487,1,1,388,1,388,0.002577319587629
240000044158,LOW_TAIL,213,11658847,1,0,388,1,388,0.002577319587629
240000044158,LOW_TAIL,214,14142607,1,1,388,1,388,0.002577319587629
240000044158,LOW_TAIL,215,14910587,1,1,388,1,388,0.002577319587629
240000044158,LOW_TAIL,216,16384483,1,0,388,1,388,0.002577319587629
240000044158,LOW_TAIL,217,16494847,1,0,388,1,388,0.002577319587629
240000044158,LOW_TAIL,218,16602167,1,1,388,1,388,0.002577319587629
240000044158,LOW_TAIL,219,20595023,1,0,388,1,388,0.002577319587629
240000044158,LOW_TAIL,220,21438779,1,1,388,1,388,0.002577319587629
240000044158,LOW_TAIL,221,24673651,1,0,388,1,388,0.002577319587629
240000044158,LOW_TAIL,222,26064239,1,0,388,1,388,0.002577319587629
240000044158,LOW_TAIL,223,27889003,1,0,388,1,388,0.002577319587629
240000044158,LOW_TAIL,224,29303987,1,0,388,1,388,0.002577319587629
240000044158,LOW_TAIL,225,34100603,1,0,388,1,388,0.002577319587629
240000044158,LOW_TAIL,226,36295447,1,0,388,1,388,0.002577319587629
240000044158,LOW_TAIL,227,36308627,1,1,388,1,388,0.002577319587629
240000044158,LOW_TAIL,228,38548031,1,0,388,1,388,0.002577319587629
240000044158,LOW_TAIL,229,39447739,1,1,388,1,388,0.002577319587629
240000044158,LOW_TAIL,230,42272431,1,0,388,1,388,0.002577319587629
240000044158,LOW_TAIL,231,43763683,1,0,388,1,388,0.002577319587629
240000044158,LOW_TAIL,232,46493203,1,1,388,1,388,0.002577319587629
240000044158,LOW_TAIL,233,47013503,1,0,388,1,388,0.002577319587629
240000044158,LOW_TAIL,234,47351371,1,0,388,1,388,0.002577319587629
240000044158,LOW_TAIL,235,60778079,1,0,388,1,388,0.002577319587629
240000044158,LOW_TAIL,236,64342727,1,1,388,1,388,0.002577319587629
240000044158,LOW_TAIL,237,75625439,1,1,388,1,388,0.002577319587629
240000044158,LOW_TAIL,238,76190479,1,0,388,1,388,0.002577319587629
240000044158,LOW_TAIL,239,78688507,1,1,388,1,388,0.002577319587629
240000044158,LOW_TAIL,240,78876263,1,0,388,1,388,0.002577319587629
240000044158,LOW_TAIL,241,80971543,1,0,388,1,388,0.002577319587629
240000044158,LOW_TAIL,242,82389107,1,0,388,1,388,0.002577319587629
240000044158,LOW_TAIL,243,85287799,1,0,388,1,388,0.002577319587629
240000044158,LOW_TAIL,244,86827163,1,0,388,1,388,0.002577319587629
240000044158,LOW_TAIL,245,93239491,1,0,388,1,388,0.002577319587629
240000044158,LOW_TAIL,246,94113827,1,0,388,1,388,0.002577319587629
240000044158,LOW_TAIL,247,96463039,1,0,388,1,388,0.002577319587629
240000044158,LOW_TAIL,248,101077531,1,1,388,1,388,0.002577319587629
240000044158,LOW_TAIL,249,116521511,1,0,388,1,388,0.002577319587629
240000044158,LOW_TAIL,250,135537187,1,0,388,1,388,0.002577319587629
240000044158,LOW_TAIL,251,147330167,1,0,388,1,388,0.002577319587629
240000044158,LOW_TAIL,252,152282743,1,1,388,1,388,0.002577319587629
240000044158,LOW_TAIL,253,157226131,1,0,388,1,388,0.002577319587629
240000044158,LOW_TAIL,254,194174047,1,0,388,1,388,0.002577319587629
240000044158,LOW_TAIL,255,196001651,1,0,388,1,388,0.002577319587629
240000044158,LOW_TAIL,256,215796767,1,1,388,1,388,0.002577319587629
240000044158,LOW_TAIL,257,224133727,1,0,388,1,388,0.002577319587629
240000044158,LOW_TAIL,258,237623803,1,1,388,1,388,0.002577319587629
240000044158,LOW_TAIL,259,242424271,1,0,388,1,388,0.002577319587629
240000044158,LOW_TAIL,260,275791951,1,1,388,1,388,0.002577319587629
240000044158,LOW_TAIL,261,302205559,1,1,388,1,388,0.002577319587629
240000044158,LOW_TAIL,262,319148891,1,0,388,1,388,0.002577319587629
240000044158,LOW_TAIL,263,374226751,1,0,388,1,388,0.002577319587629
240000044158,LOW_TAIL,264,377358559,1,0,388,1,388,0.002577319587629
240000044158,LOW_TAIL,265,415221607,1,1,388,1,388,0.002577319587629
240000044158,LOW_TAIL,266,465097439,1,0,388,1,388,0.002577319587629
240000044158,LOW_TAIL,267,535710023,1,0,388,1,388,0.002577319587629
240000044158,LOW_TAIL,268,540539443,1,0,388,1,388,0.002577319587629
240000044158,LOW_TAIL,269,605082383,1,0,388,1,388,0.002577319587629
240000044158,LOW_TAIL,270,615380639,1,0,388,1,388,0.002577319587629
240000044158,LOW_TAIL,271,662848663,1,1,388,1,388,0.002577319587629
240000044158,LOW_TAIL,272,1105767847,1,0,388,1,388,0.002577319587629
240000044158,LOW_TAIL,273,1120668607,1,0,388,1,388,0.002577319587629
240000044158,LOW_TAIL,274,1337301179,1,0,388,1,388,0.002577319587629
240000044158,LOW_TAIL,275,1538458939,1,0,388,1,388,0.002577319587629
240000044158,LOW_TAIL,276,1559310059,1,0,388,1,388,0.002577319587629
240000044158,LOW_TAIL,277,1600000163,1,0,388,1,388,0.002577319587629
240000044158,LOW_TAIL,278,1844785199,1,1,388,1,388,0.002577319587629
240000044158,LOW_TAIL,279,1846153583,1,1,388,1,388,0.002577319587629
240000044158,LOW_TAIL,280,2142421571,1,0,388,1,388,0.002577319587629
240000044158,LOW_TAIL,281,2307223231,1,1,388,1,388,0.002577319587629
240000044158,LOW_TAIL,282,2352941603,1,0,388,1,388,0.002577319587629
240000044158,LOW_TAIL,283,2542353571,1,0,388,1,388,0.002577319587629
240000044158,LOW_TAIL,284,2696531939,1,0,388,1,388,0.002577319587629
240000044158,LOW_TAIL,285,2727273119,1,0,388,1,388,0.002577319587629
240000044158,LOW_TAIL,286,3076923643,1,0,388,1,388,0.002577319587629
240000044158,LOW_TAIL,287,4263916687,1,0,388,1,388,0.002577319587629
240000044158,LOW_TAIL,288,4775586427,1,1,388,1,388,0.002577319587629
240000044158,LOW_TAIL,289,4800000487,1,1,388,1,388,0.002577319587629
240000044158,LOW_TAIL,290,5794971359,1,1,388,1,388,0.002577319587629
240000044158,LOW_TAIL,291,6569812771,1,1,388,1,388,0.002577319587629
240000044158,LOW_TAIL,292,6666534599,1,1,388,1,388,0.002577319587629
240000044158,LOW_TAIL,293,6666653131,1,1,388,1,388,0.002577319587629
240000044158,LOW_TAIL,294,6666667439,1,1,388,1,388,0.002577319587629
240000044158,LOW_TAIL,295,7792246279,1,0,388,1,388,0.002577319587629
240000044158,LOW_TAIL,296,7796550943,1,0,388,1,388,0.002577319587629
240000044158,LOW_TAIL,297,7995683779,1,0,388,1,388,0.002577319587629
240000044158,LOW_TAIL,298,7995696799,1,0,388,1,388,0.002577319587629
240000044158,LOW_TAIL,299,7999675951,1,0,388,1,388,0.002577319587629
240000044158,LOW_TAIL,300,8000001463,1,0,388,1,388,0.002577319587629
240000044158,LOW_TAIL,301,9228886111,1,1,388,1,388,0.002577319587629
240000044158,LOW_TAIL,302,13089963707,1,1,388,1,388,0.002577319587629
240000044158,LOW_TAIL,303,19709438311,1,0,388,1,388,0.002577319587629
240000044158,LOW_TAIL,304,19902211283,1,1,388,1,388,0.002577319587629
240000044158,LOW_TAIL,305,19967718587,1,0,388,1,388,0.002577319587629
240000044158,LOW_TAIL,306,19999189871,1,0,388,1,388,0.002577319587629
240000044158,LOW_TAIL,307,19999572547,1,0,388,1,388,0.002577319587629
240000044158,LOW_TAIL,308,19999605047,1,0,388,1,388,0.002577319587629
240000044158,LOW_TAIL,309,22262675803,1,1,388,1,388,0.002577319587629
240000044158,LOW_TAIL,310,23877934079,1,1,388,1,388,0.002577319587629
240000044158,LOW_TAIL,311,23999649671,1,1,388,1,388,0.002577319587629
240000044158,LOW_TAIL,312,23999844971,1,1,388,1,388,0.002577319587629
240000044158,LOW_TAIL,313,24000004403,1,1,388,1,388,0.002577319587629
240000044158,LOW_TAIL,314,26077363303,1,1,388,1,388,0.002577319587629
240000044158,LOW_TAIL,315,29999760559,1,1,388,1,388,0.002577319587629
240000044158,LOW_TAIL,316,39998379391,1,0,388,1,388,0.002577319587629
240000044158,LOW_TAIL,317,60000011039,1,1,388,1,388,0.002577319587629
240000044158,LOW_TAIL,318,72318081103,1,1,388,1,388,0.002577319587629
240000044158,LOW_TAIL,319,119382496063,1,1,388,1,388,0.002577319587629
240000044158,LOW_TAIL,320,119389669423,1,1,388,1,388,0.002577319587629
240000044158,LOW_TAIL,321,119418891343,1,1,388,1,388,0.002577319587629
240000044158,LOW_TAIL,322,119999933503,1,1,388,1,388,0.002577319587629
240000044158,LOW_TAIL,323,119999981923,1,1,388,1,388,0.002577319587629
240000044158,LOW_TAIL,324,120000022063,1,1,388,1,388,0.002577319587629
240000000968,LOW_TAIL,1,3,165,165,387,165,387,0.426356589147287
240000000968,LOW_TAIL,2,7,58,37,387,58,387,0.149870801033592
240000000968,LOW_TAIL,3,11,42,16,387,42,387,0.108527131782946
240000000968,LOW_TAIL,4,19,22,10,387,22,387,0.056847545219638
240000000968,LOW_TAIL,5,23,13,6,387,13,387,0.033591731266150
240000000968,LOW_TAIL,6,31,11,7,387,11,387,0.028423772609819
240000000968,LOW_TAIL,7,71,10,4,387,10,387,0.025839793281654
240000000968,LOW_TAIL,8,47,9,5,387,9,387,0.023255813953488
240000000968,LOW_TAIL,9,59,9,3,387,9,387,0.023255813953488
240000000968,LOW_TAIL,10,43,8,2,387,8,387,0.020671834625323
240000000968,LOW_TAIL,11,67,8,1,387,8,387,0.020671834625323
240000000968,LOW_TAIL,12,79,5,2,387,5,387,0.012919896640827
240000000968,LOW_TAIL,13,127,5,3,387,5,387,0.012919896640827
240000000968,LOW_TAIL,14,131,5,3,387,5,387,0.012919896640827
240000000968,LOW_TAIL,15,167,5,2,387,5,387,0.012919896640827
240000000968,LOW_TAIL,16,83,4,2,387,4,387,0.010335917312661
240000000968,LOW_TAIL,17,179,4,2,387,4,387,0.010335917312661
240000000968,LOW_TAIL,18,239,4,1,387,4,387,0.010335917312661
240000000968,LOW_TAIL,19,107,3,0,387,3,387,0.007751937984496
240000000968,LOW_TAIL,20,139,3,1,387,3,387,0.007751937984496
240000000968,LOW_TAIL,21,199,3,0,387,3,387,0.007751937984496
240000000968,LOW_TAIL,22,211,3,0,387,3,387,0.007751937984496
240000000968,LOW_TAIL,23,227,3,1,387,3,387,0.007751937984496
240000000968,LOW_TAIL,24,263,3,1,387,3,387,0.007751937984496
240000000968,LOW_TAIL,25,151,2,1,387,2,387,0.005167958656331
240000000968,LOW_TAIL,26,191,2,2,387,2,387,0.005167958656331
240000000968,LOW_TAIL,27,283,2,1,387,2,387,0.005167958656331
240000000968,LOW_TAIL,28,307,2,0,387,2,387,0.005167958656331
240000000968,LOW_TAIL,29,311,2,1,387,2,387,0.005167958656331
240000000968,LOW_TAIL,30,487,2,0,387,2,387,0.005167958656331
240000000968,LOW_TAIL,31,563,2,2,387,2,387,0.005167958656331
240000000968,LOW_TAIL,32,607,2,1,387,2,387,0.005167958656331
240000000968,LOW_TAIL,33,719,2,2,387,2,387,0.005167958656331
240000000968,LOW_TAIL,34,1163,2,2,387,2,387,0.005167958656331
240000000968,LOW_TAIL,35,1307,2,0,387,2,387,0.005167958656331
240000000968,LOW_TAIL,36,1511,2,1,387,2,387,0.005167958656331
240000000968,LOW_TAIL,37,1619,2,0,387,2,387,0.005167958656331
240000000968,LOW_TAIL,38,2131,2,1,387,2,387,0.005167958656331
240000000968,LOW_TAIL,39,3907,2,0,387,2,387,0.005167958656331
240000000968,LOW_TAIL,40,10243,2,1,387,2,387,0.005167958656331
240000000968,LOW_TAIL,41,103,1,1,387,1,387,0.002583979328165
240000000968,LOW_TAIL,42,163,1,1,387,1,387,0.002583979328165
240000000968,LOW_TAIL,43,251,1,0,387,1,387,0.002583979328165
240000000968,LOW_TAIL,44,271,1,0,387,1,387,0.002583979328165
240000000968,LOW_TAIL,45,331,1,0,387,1,387,0.002583979328165
240000000968,LOW_TAIL,46,347,1,1,387,1,387,0.002583979328165
240000000968,LOW_TAIL,47,367,1,0,387,1,387,0.002583979328165
240000000968,LOW_TAIL,48,379,1,0,387,1,387,0.002583979328165
240000000968,LOW_TAIL,49,419,1,0,387,1,387,0.002583979328165
240000000968,LOW_TAIL,50,463,1,0,387,1,387,0.002583979328165
240000000968,LOW_TAIL,51,491,1,0,387,1,387,0.002583979328165
240000000968,LOW_TAIL,52,499,1,1,387,1,387,0.002583979328165
240000000968,LOW_TAIL,53,503,1,0,387,1,387,0.002583979328165
240000000968,LOW_TAIL,54,523,1,0,387,1,387,0.002583979328165
240000000968,LOW_TAIL,55,571,1,0,387,1,387,0.002583979328165
240000000968,LOW_TAIL,56,643,1,0,387,1,387,0.002583979328165
240000000968,LOW_TAIL,57,727,1,0,387,1,387,0.002583979328165
240000000968,LOW_TAIL,58,743,1,0,387,1,387,0.002583979328165
240000000968,LOW_TAIL,59,811,1,0,387,1,387,0.002583979328165
240000000968,LOW_TAIL,60,823,1,0,387,1,387,0.002583979328165
240000000968,LOW_TAIL,61,887,1,0,387,1,387,0.002583979328165
240000000968,LOW_TAIL,62,907,1,0,387,1,387,0.002583979328165
240000000968,LOW_TAIL,63,911,1,0,387,1,387,0.002583979328165
240000000968,LOW_TAIL,64,947,1,1,387,1,387,0.002583979328165
240000000968,LOW_TAIL,65,971,1,0,387,1,387,0.002583979328165
240000000968,LOW_TAIL,66,1019,1,0,387,1,387,0.002583979328165
240000000968,LOW_TAIL,67,1031,1,0,387,1,387,0.002583979328165
240000000968,LOW_TAIL,68,1039,1,0,387,1,387,0.002583979328165
240000000968,LOW_TAIL,69,1091,1,1,387,1,387,0.002583979328165
240000000968,LOW_TAIL,70,1103,1,0,387,1,387,0.002583979328165
240000000968,LOW_TAIL,71,1171,1,1,387,1,387,0.002583979328165
240000000968,LOW_TAIL,72,1223,1,0,387,1,387,0.002583979328165
240000000968,LOW_TAIL,73,1231,1,0,387,1,387,0.002583979328165
240000000968,LOW_TAIL,74,1291,1,1,387,1,387,0.002583979328165
240000000968,LOW_TAIL,75,1319,1,0,387,1,387,0.002583979328165
240000000968,LOW_TAIL,76,1471,1,1,387,1,387,0.002583979328165
240000000968,LOW_TAIL,77,1499,1,0,387,1,387,0.002583979328165
240000000968,LOW_TAIL,78,1543,1,0,387,1,387,0.002583979328165
240000000968,LOW_TAIL,79,1663,1,1,387,1,387,0.002583979328165
240000000968,LOW_TAIL,80,1723,1,0,387,1,387,0.002583979328165
240000000968,LOW_TAIL,81,1867,1,1,387,1,387,0.002583979328165
240000000968,LOW_TAIL,82,1907,1,0,387,1,387,0.002583979328165
240000000968,LOW_TAIL,83,2063,1,0,387,1,387,0.002583979328165
240000000968,LOW_TAIL,84,2399,1,1,387,1,387,0.002583979328165
240000000968,LOW_TAIL,85,2423,1,1,387,1,387,0.002583979328165
240000000968,LOW_TAIL,86,2647,1,1,387,1,387,0.002583979328165
240000000968,LOW_TAIL,87,2683,1,0,387,1,387,0.002583979328165
240000000968,LOW_TAIL,88,2687,1,0,387,1,387,0.002583979328165
240000000968,LOW_TAIL,89,2711,1,0,387,1,387,0.002583979328165
240000000968,LOW_TAIL,90,2843,1,0,387,1,387,0.002583979328165
240000000968,LOW_TAIL,91,3203,1,0,387,1,387,0.002583979328165
240000000968,LOW_TAIL,92,3463,1,1,387,1,387,0.002583979328165
240000000968,LOW_TAIL,93,3547,1,0,387,1,387,0.002583979328165
240000000968,LOW_TAIL,94,3571,1,0,387,1,387,0.002583979328165
240000000968,LOW_TAIL,95,3607,1,0,387,1,387,0.002583979328165
240000000968,LOW_TAIL,96,3779,1,0,387,1,387,0.002583979328165
240000000968,LOW_TAIL,97,3803,1,0,387,1,387,0.002583979328165
240000000968,LOW_TAIL,98,3863,1,0,387,1,387,0.002583979328165
240000000968,LOW_TAIL,99,3919,1,0,387,1,387,0.002583979328165
240000000968,LOW_TAIL,100,4051,1,1,387,1,387,0.002583979328165
240000000968,LOW_TAIL,101,4919,1,0,387,1,387,0.002583979328165
240000000968,LOW_TAIL,102,5279,1,1,387,1,387,0.002583979328165
240000000968,LOW_TAIL,103,5323,1,0,387,1,387,0.002583979328165
240000000968,LOW_TAIL,104,5387,1,1,387,1,387,0.002583979328165
240000000968,LOW_TAIL,105,5623,1,0,387,1,387,0.002583979328165
240000000968,LOW_TAIL,106,5647,1,0,387,1,387,0.002583979328165
240000000968,LOW_TAIL,107,6067,1,1,387,1,387,0.002583979328165
240000000968,LOW_TAIL,108,6263,1,0,387,1,387,0.002583979328165
240000000968,LOW_TAIL,109,6451,1,0,387,1,387,0.002583979328165
240000000968,LOW_TAIL,110,6899,1,1,387,1,387,0.002583979328165
240000000968,LOW_TAIL,111,7247,1,1,387,1,387,0.002583979328165
240000000968,LOW_TAIL,112,8123,1,0,387,1,387,0.002583979328165
240000000968,LOW_TAIL,113,8231,1,0,387,1,387,0.002583979328165
240000000968,LOW_TAIL,114,8387,1,0,387,1,387,0.002583979328165
240000000968,LOW_TAIL,115,9151,1,0,387,1,387,0.002583979328165
240000000968,LOW_TAIL,116,9623,1,0,387,1,387,0.002583979328165
240000000968,LOW_TAIL,117,9767,1,0,387,1,387,0.002583979328165
240000000968,LOW_TAIL,118,10099,1,0,387,1,387,0.002583979328165
240000000968,LOW_TAIL,119,10639,1,0,387,1,387,0.002583979328165
240000000968,LOW_TAIL,120,10687,1,0,387,1,387,0.002583979328165
240000000968,LOW_TAIL,121,10831,1,0,387,1,387,0.002583979328165
240000000968,LOW_TAIL,122,10903,1,1,387,1,387,0.002583979328165
240000000968,LOW_TAIL,123,11731,1,0,387,1,387,0.002583979328165
240000000968,LOW_TAIL,124,12251,1,0,387,1,387,0.002583979328165
240000000968,LOW_TAIL,125,13331,1,0,387,1,387,0.002583979328165
240000000968,LOW_TAIL,126,14387,1,0,387,1,387,0.002583979328165
240000000968,LOW_TAIL,127,14879,1,0,387,1,387,0.002583979328165
240000000968,LOW_TAIL,128,15139,1,1,387,1,387,0.002583979328165
240000000968,LOW_TAIL,129,15427,1,1,387,1,387,0.002583979328165
240000000968,LOW_TAIL,130,15683,1,0,387,1,387,0.002583979328165
240000000968,LOW_TAIL,131,15791,1,0,387,1,387,0.002583979328165
240000000968,LOW_TAIL,132,16127,1,0,387,1,387,0.002583979328165
240000000968,LOW_TAIL,133,16427,1,0,387,1,387,0.002583979328165
240000000968,LOW_TAIL,134,16447,1,1,387,1,387,0.002583979328165
240000000968,LOW_TAIL,135,17159,1,0,387,1,387,0.002583979328165
240000000968,LOW_TAIL,136,18191,1,0,387,1,387,0.002583979328165
240000000968,LOW_TAIL,137,19219,1,0,387,1,387,0.002583979328165
240000000968,LOW_TAIL,138,19543,1,0,387,1,387,0.002583979328165
240000000968,LOW_TAIL,139,19571,1,0,387,1,387,0.002583979328165
240000000968,LOW_TAIL,140,21323,1,0,387,1,387,0.002583979328165
240000000968,LOW_TAIL,141,22679,1,0,387,1,387,0.002583979328165
240000000968,LOW_TAIL,142,23131,1,0,387,1,387,0.002583979328165
240000000968,LOW_TAIL,143,25679,1,0,387,1,387,0.002583979328165
240000000968,LOW_TAIL,144,27299,1,0,387,1,387,0.002583979328165
240000000968,LOW_TAIL,145,30319,1,1,387,1,387,0.002583979328165
240000000968,LOW_TAIL,146,31723,1,0,387,1,387,0.002583979328165
240000000968,LOW_TAIL,147,37607,1,0,387,1,387,0.002583979328165
240000000968,LOW_TAIL,148,37951,1,0,387,1,387,0.002583979328165
240000000968,LOW_TAIL,149,40123,1,0,387,1,387,0.002583979328165
240000000968,LOW_TAIL,150,44087,1,1,387,1,387,0.002583979328165
240000000968,LOW_TAIL,151,46219,1,1,387,1,387,0.002583979328165
240000000968,LOW_TAIL,152,46439,1,0,387,1,387,0.002583979328165
240000000968,LOW_TAIL,153,49783,1,0,387,1,387,0.002583979328165
240000000968,LOW_TAIL,154,52567,1,1,387,1,387,0.002583979328165
240000000968,LOW_TAIL,155,52583,1,0,387,1,387,0.002583979328165
240000000968,LOW_TAIL,156,52691,1,0,387,1,387,0.002583979328165
240000000968,LOW_TAIL,157,53359,1,0,387,1,387,0.002583979328165
240000000968,LOW_TAIL,158,54443,1,0,387,1,387,0.002583979328165
240000000968,LOW_TAIL,159,54667,1,0,387,1,387,0.002583979328165
240000000968,LOW_TAIL,160,57791,1,0,387,1,387,0.002583979328165
240000000968,LOW_TAIL,161,59791,1,0,387,1,387,0.002583979328165
240000000968,LOW_TAIL,162,74507,1,0,387,1,387,0.002583979328165
240000000968,LOW_TAIL,163,85751,1,1,387,1,387,0.002583979328165
240000000968,LOW_TAIL,164,92119,1,1,387,1,387,0.002583979328165
240000000968,LOW_TAIL,165,92203,1,1,387,1,387,0.002583979328165
240000000968,LOW_TAIL,166,99871,1,0,387,1,387,0.002583979328165
240000000968,LOW_TAIL,167,117619,1,0,387,1,387,0.002583979328165
240000000968,LOW_TAIL,168,118219,1,0,387,1,387,0.002583979328165
240000000968,LOW_TAIL,169,118903,1,1,387,1,387,0.002583979328165
240000000968,LOW_TAIL,170,121259,1,1,387,1,387,0.002583979328165
240000000968,LOW_TAIL,171,123059,1,0,387,1,387,0.002583979328165
240000000968,LOW_TAIL,172,131431,1,0,387,1,387,0.002583979328165
240000000968,LOW_TAIL,173,133439,1,1,387,1,387,0.002583979328165
240000000968,LOW_TAIL,174,141623,1,0,387,1,387,0.002583979328165
240000000968,LOW_TAIL,175,145987,1,0,387,1,387,0.002583979328165
240000000968,LOW_TAIL,176,148471,1,1,387,1,387,0.002583979328165
240000000968,LOW_TAIL,177,169159,1,1,387,1,387,0.002583979328165
240000000968,LOW_TAIL,178,172027,1,1,387,1,387,0.002583979328165
240000000968,LOW_TAIL,179,200351,1,0,387,1,387,0.002583979328165
240000000968,LOW_TAIL,180,211711,1,1,387,1,387,0.002583979328165
240000000968,LOW_TAIL,181,237607,1,0,387,1,387,0.002583979328165
240000000968,LOW_TAIL,182,243871,1,0,387,1,387,0.002583979328165
240000000968,LOW_TAIL,183,250951,1,0,387,1,387,0.002583979328165
240000000968,LOW_TAIL,184,312679,1,1,387,1,387,0.002583979328165
240000000968,LOW_TAIL,185,323623,1,0,387,1,387,0.002583979328165
240000000968,LOW_TAIL,186,336239,1,0,387,1,387,0.002583979328165
240000000968,LOW_TAIL,187,379459,1,0,387,1,387,0.002583979328165
240000000968,LOW_TAIL,188,404119,1,0,387,1,387,0.002583979328165
240000000968,LOW_TAIL,189,422479,1,0,387,1,387,0.002583979328165
240000000968,LOW_TAIL,190,446759,1,0,387,1,387,0.002583979328165
240000000968,LOW_TAIL,191,457651,1,0,387,1,387,0.002583979328165
240000000968,LOW_TAIL,192,473383,1,0,387,1,387,0.002583979328165
240000000968,LOW_TAIL,193,494927,1,0,387,1,387,0.002583979328165
240000000968,LOW_TAIL,194,495751,1,1,387,1,387,0.002583979328165
240000000968,LOW_TAIL,195,533879,1,0,387,1,387,0.002583979328165
240000000968,LOW_TAIL,196,560827,1,0,387,1,387,0.002583979328165
240000000968,LOW_TAIL,197,569323,1,0,387,1,387,0.002583979328165
240000000968,LOW_TAIL,198,620771,1,0,387,1,387,0.002583979328165
240000000968,LOW_TAIL,199,639631,1,0,387,1,387,0.002583979328165
240000000968,LOW_TAIL,200,643583,1,0,387,1,387,0.002583979328165
240000000968,LOW_TAIL,201,697423,1,0,387,1,387,0.002583979328165
240000000968,LOW_TAIL,202,714143,1,0,387,1,387,0.002583979328165
240000000968,LOW_TAIL,203,734743,1,0,387,1,387,0.002583979328165
240000000968,LOW_TAIL,204,827923,1,0,387,1,387,0.002583979328165
240000000968,LOW_TAIL,205,875323,1,0,387,1,387,0.002583979328165
240000000968,LOW_TAIL,206,923903,1,0,387,1,387,0.002583979328165
240000000968,LOW_TAIL,207,931727,1,0,387,1,387,0.002583979328165
240000000968,LOW_TAIL,208,980827,1,0,387,1,387,0.002583979328165
240000000968,LOW_TAIL,209,1051147,1,1,387,1,387,0.002583979328165
240000000968,LOW_TAIL,210,1207447,1,1,387,1,387,0.002583979328165
240000000968,LOW_TAIL,211,1319399,1,0,387,1,387,0.002583979328165
240000000968,LOW_TAIL,212,1662103,1,1,387,1,387,0.002583979328165
240000000968,LOW_TAIL,213,1737871,1,1,387,1,387,0.002583979328165
240000000968,LOW_TAIL,214,1811899,1,0,387,1,387,0.002583979328165
240000000968,LOW_TAIL,215,2114207,1,0,387,1,387,0.002583979328165
240000000968,LOW_TAIL,216,2538691,1,0,387,1,387,0.002583979328165
240000000968,LOW_TAIL,217,2934479,1,0,387,1,387,0.002583979328165
240000000968,LOW_TAIL,218,3263107,1,1,387,1,387,0.002583979328165
240000000968,LOW_TAIL,219,3489691,1,0,387,1,387,0.002583979328165
240000000968,LOW_TAIL,220,3729751,1,1,387,1,387,0.002583979328165
240000000968,LOW_TAIL,221,4777139,1,0,387,1,387,0.002583979328165
240000000968,LOW_TAIL,222,4947791,1,0,387,1,387,0.002583979328165
240000000968,LOW_TAIL,223,5474947,1,0,387,1,387,0.002583979328165
240000000968,LOW_TAIL,224,5479939,1,0,387,1,387,0.002583979328165
240000000968,LOW_TAIL,225,5854507,1,0,387,1,387,0.002583979328165
240000000968,LOW_TAIL,226,5861951,1,0,387,1,387,0.002583979328165
240000000968,LOW_TAIL,227,6125887,1,0,387,1,387,0.002583979328165
240000000968,LOW_TAIL,228,7215827,1,0,387,1,387,0.002583979328165
240000000968,LOW_TAIL,229,8575211,1,1,387,1,387,0.002583979328165
240000000968,LOW_TAIL,230,8776387,1,1,387,1,387,0.002583979328165
240000000968,LOW_TAIL,231,11383963,1,0,387,1,387,0.002583979328165
240000000968,LOW_TAIL,232,12149843,1,0,387,1,387,0.002583979328165
240000000968,LOW_TAIL,233,12251647,1,0,387,1,387,0.002583979328165
240000000968,LOW_TAIL,234,12372163,1,0,387,1,387,0.002583979328165
240000000968,LOW_TAIL,235,13455931,1,0,387,1,387,0.002583979328165
240000000968,LOW_TAIL,236,14204987,1,0,387,1,387,0.002583979328165
240000000968,LOW_TAIL,237,14598539,1,0,387,1,387,0.002583979328165
240000000968,LOW_TAIL,238,17266159,1,0,387,1,387,0.002583979328165
240000000968,LOW_TAIL,239,17548991,1,0,387,1,387,0.002583979328165
240000000968,LOW_TAIL,240,20302619,1,0,387,1,387,0.002583979328165
240000000968,LOW_TAIL,241,22580983,1,1,387,1,387,0.002583979328165
240000000968,LOW_TAIL,242,27956471,1,0,387,1,387,0.002583979328165
240000000968,LOW_TAIL,243,28239443,1,0,387,1,387,0.002583979328165
240000000968,LOW_TAIL,244,28308563,1,0,387,1,387,0.002583979328165
240000000968,LOW_TAIL,245,34313731,1,1,387,1,387,0.002583979328165
240000000968,LOW_TAIL,246,34671367,1,1,387,1,387,0.002583979328165
240000000968,LOW_TAIL,247,46613683,1,0,387,1,387,0.002583979328165
240000000968,LOW_TAIL,248,49745687,1,0,387,1,387,0.002583979328165
240000000968,LOW_TAIL,249,51932047,1,1,387,1,387,0.002583979328165
240000000968,LOW_TAIL,250,54993179,1,0,387,1,387,0.002583979328165
240000000968,LOW_TAIL,251,56936827,1,0,387,1,387,0.002583979328165
240000000968,LOW_TAIL,252,64516103,1,0,387,1,387,0.002583979328165
240000000968,LOW_TAIL,253,65609623,1,0,387,1,387,0.002583979328165
240000000968,LOW_TAIL,254,66033839,1,1,387,1,387,0.002583979328165
240000000968,LOW_TAIL,255,74028371,1,1,387,1,387,0.002583979328165
240000000968,LOW_TAIL,256,84745763,1,0,387,1,387,0.002583979328165
240000000968,LOW_TAIL,257,90397787,1,0,387,1,387,0.002583979328165
240000000968,LOW_TAIL,258,91878247,1,0,387,1,387,0.002583979328165
240000000968,LOW_TAIL,259,96076859,1,1,387,1,387,0.002583979328165
240000000968,LOW_TAIL,260,96314399,1,0,387,1,387,0.002583979328165
240000000968,LOW_TAIL,261,103004851,1,0,387,1,387,0.002583979328165
240000000968,LOW_TAIL,262,105262459,1,0,387,1,387,0.002583979328165
240000000968,LOW_TAIL,263,115715959,1,0,387,1,387,0.002583979328165
240000000968,LOW_TAIL,264,132214447,1,0,387,1,387,0.002583979328165
240000000968,LOW_TAIL,265,133306207,1,1,387,1,387,0.002583979328165
240000000968,LOW_TAIL,266,139998223,1,1,387,1,387,0.002583979328165
240000000968,LOW_TAIL,267,140987243,1,0,387,1,387,0.002583979328165
240000000968,LOW_TAIL,268,146664611,1,1,387,1,387,0.002583979328165
240000000968,LOW_TAIL,269,155834839,1,0,387,1,387,0.002583979328165
240000000968,LOW_TAIL,270,169978723,1,1,387,1,387,0.002583979328165
240000000968,LOW_TAIL,271,174672103,1,0,387,1,387,0.002583979328165
240000000968,LOW_TAIL,272,182462603,1,1,387,1,387,0.002583979328165
240000000968,LOW_TAIL,273,238669883,1,1,387,1,387,0.002583979328165
240000000968,LOW_TAIL,274,250013971,1,0,387,1,387,0.002583979328165
240000000968,LOW_TAIL,275,254777071,1,0,387,1,387,0.002583979328165
240000000968,LOW_TAIL,276,318301663,1,1,387,1,387,0.002583979328165
240000000968,LOW_TAIL,277,321715739,1,1,387,1,387,0.002583979328165
240000000968,LOW_TAIL,278,357526907,1,0,387,1,387,0.002583979328165
240000000968,LOW_TAIL,279,400951043,1,1,387,1,387,0.002583979328165
240000000968,LOW_TAIL,280,426611851,1,1,387,1,387,0.002583979328165
240000000968,LOW_TAIL,281,477675479,1,1,387,1,387,0.002583979328165
240000000968,LOW_TAIL,282,542963131,1,1,387,1,387,0.002583979328165
240000000968,LOW_TAIL,283,563379367,1,0,387,1,387,0.002583979328165
240000000968,LOW_TAIL,284,623449787,1,0,387,1,387,0.002583979328165
240000000968,LOW_TAIL,285,624999799,1,0,387,1,387,0.002583979328165
240000000968,LOW_TAIL,286,630932279,1,0,387,1,387,0.002583979328165
240000000968,LOW_TAIL,287,655737707,1,0,387,1,387,0.002583979328165
240000000968,LOW_TAIL,288,662982347,1,1,387,1,387,0.002583979328165
240000000968,LOW_TAIL,289,804466723,1,0,387,1,387,0.002583979328165
240000000968,LOW_TAIL,290,816326531,1,0,387,1,387,0.002583979328165
240000000968,LOW_TAIL,291,833163787,1,1,387,1,387,0.002583979328165
240000000968,LOW_TAIL,292,859369739,1,1,387,1,387,0.002583979328165
240000000968,LOW_TAIL,293,982605259,1,1,387,1,387,0.002583979328165
240000000968,LOW_TAIL,294,1091053363,1,0,387,1,387,0.002583979328165
240000000968,LOW_TAIL,295,1188118447,1,1,387,1,387,0.002583979328165
240000000968,LOW_TAIL,296,1642159787,1,1,387,1,387,0.002583979328165
240000000968,LOW_TAIL,297,1643832947,1,1,387,1,387,0.002583979328165
240000000968,LOW_TAIL,298,1655318359,1,0,387,1,387,0.002583979328165
240000000968,LOW_TAIL,299,1681544351,1,0,387,1,387,0.002583979328165
240000000968,LOW_TAIL,300,1714271543,1,0,387,1,387,0.002583979328165
240000000968,LOW_TAIL,301,1904032747,1,0,387,1,387,0.002583979328165
240000000968,LOW_TAIL,302,1912829747,1,0,387,1,387,0.002583979328165
240000000968,LOW_TAIL,303,2068960631,1,1,387,1,387,0.002583979328165
240000000968,LOW_TAIL,304,2182108571,1,0,387,1,387,0.002583979328165
240000000968,LOW_TAIL,305,3038682167,1,0,387,1,387,0.002583979328165
240000000968,LOW_TAIL,306,4437269951,1,0,387,1,387,0.002583979328165
240000000968,LOW_TAIL,307,5454545471,1,0,387,1,387,0.002583979328165
240000000968,LOW_TAIL,308,6026504959,1,0,387,1,387,0.002583979328165
240000000968,LOW_TAIL,309,6315789499,1,0,387,1,387,0.002583979328165
240000000968,LOW_TAIL,310,8529919267,1,0,387,1,387,0.002583979328165
240000000968,LOW_TAIL,311,8571073507,1,0,387,1,387,0.002583979328165
240000000968,LOW_TAIL,312,9215867879,1,1,387,1,387,0.002583979328165
240000000968,LOW_TAIL,313,9215868479,1,1,387,1,387,0.002583979328165
240000000968,LOW_TAIL,314,9230748827,1,1,387,1,387,0.002583979328165
240000000968,LOW_TAIL,315,9951572479,1,0,387,1,387,0.002583979328165
240000000968,LOW_TAIL,316,11688367259,1,1,387,1,387,0.002583979328165
240000000968,LOW_TAIL,317,11999919551,1,1,387,1,387,0.002583979328165
240000000968,LOW_TAIL,318,11999999267,1,1,387,1,387,0.002583979328165
240000000968,LOW_TAIL,319,34769823559,1,0,387,1,387,0.002583979328165
240000000968,LOW_TAIL,320,34913736047,1,0,387,1,387,0.002583979328165
240000000968,LOW_TAIL,321,36403170379,1,1,387,1,387,0.002583979328165
240000000968,LOW_TAIL,322,39418543907,1,0,387,1,387,0.002583979328165
240000000968,LOW_TAIL,323,39418869407,1,0,387,1,387,0.002583979328165
240000000968,LOW_TAIL,324,39731979559,1,0,387,1,387,0.002583979328165
240000000968,LOW_TAIL,325,39796539799,1,0,387,1,387,0.002583979328165
240000000968,LOW_TAIL,326,39999664799,1,0,387,1,387,0.002583979328165
240000000968,LOW_TAIL,327,39999674639,1,0,387,1,387,0.002583979328165
240000000968,LOW_TAIL,328,39999999047,1,0,387,1,387,0.002583979328165
240000000968,LOW_TAIL,329,43706051891,1,1,387,1,387,0.002583979328165
240000000968,LOW_TAIL,330,43706054807,1,1,387,1,387,0.002583979328165
240000000968,LOW_TAIL,331,43706055131,1,1,387,1,387,0.002583979328165
240000000968,LOW_TAIL,332,59648399719,1,1,387,1,387,0.002583979328165
240000000968,LOW_TAIL,333,59938964539,1,1,387,1,387,0.002583979328165
240000000968,LOW_TAIL,334,59996412859,1,1,387,1,387,0.002583979328165
240000000968,LOW_TAIL,335,59999902579,1,1,387,1,387,0.002583979328165
240000000968,LOW_TAIL,336,119856406811,1,1,387,1,387,0.002583979328165
240000000968,LOW_TAIL,337,119877900647,1,1,387,1,387,0.002583979328165
240000000968,LOW_TAIL,338,119877929807,1,1,387,1,387,0.002583979328165
240000000968,LOW_TAIL,339,119997608987,1,1,387,1,387,0.002583979328165
240000000968,LOW_TAIL,340,119999775647,1,1,387,1,387,0.002583979328165
240000000968,LOW_TAIL,341,119999992631,1,1,387,1,387,0.002583979328165
240000000968,LOW_TAIL,342,120000000119,1,1,387,1,387,0.002583979328165
240000000968,LOW_TAIL,343,120000000431,1,1,387,1,387,0.002583979328165
240000001544,LOW_TAIL,1,3,166,166,386,166,386,0.430051813471503
240000001544,LOW_TAIL,2,7,51,29,386,51,386,0.132124352331606
240000001544,LOW_TAIL,3,11,45,23,386,45,386,0.116580310880829
240000001544,LOW_TAIL,4,19,25,11,386,25,386,0.064766839378238
240000001544,LOW_TAIL,5,23,17,8,386,17,386,0.044041450777202
240000001544,LOW_TAIL,6,31,17,5,386,17,386,0.044041450777202
240000001544,LOW_TAIL,7,71,13,4,386,13,386,0.033678756476684
240000001544,LOW_TAIL,8,43,11,4,386,11,386,0.028497409326425
240000001544,LOW_TAIL,9,47,7,2,386,7,386,0.018134715025907
240000001544,LOW_TAIL,10,59,6,3,386,6,386,0.015544041450777
240000001544,LOW_TAIL,11,67,6,4,386,6,386,0.015544041450777
240000001544,LOW_TAIL,12,83,6,4,386,6,386,0.015544041450777
240000001544,LOW_TAIL,13,179,5,1,386,5,386,0.012953367875648
240000001544,LOW_TAIL,14,79,4,2,386,4,386,0.010362694300518
240000001544,LOW_TAIL,15,103,4,0,386,4,386,0.010362694300518
240000001544,LOW_TAIL,16,131,4,2,386,4,386,0.010362694300518
240000001544,LOW_TAIL,17,139,4,1,386,4,386,0.010362694300518
240000001544,LOW_TAIL,18,167,4,1,386,4,386,0.010362694300518
240000001544,LOW_TAIL,19,239,4,1,386,4,386,0.010362694300518
240000001544,LOW_TAIL,20,127,3,2,386,3,386,0.007772020725389
240000001544,LOW_TAIL,21,331,3,0,386,3,386,0.007772020725389
240000001544,LOW_TAIL,22,659,3,0,386,3,386,0.007772020725389
240000001544,LOW_TAIL,23,107,2,1,386,2,386,0.005181347150259
240000001544,LOW_TAIL,24,151,2,1,386,2,386,0.005181347150259
240000001544,LOW_TAIL,25,163,2,1,386,2,386,0.005181347150259
240000001544,LOW_TAIL,26,191,2,1,386,2,386,0.005181347150259
240000001544,LOW_TAIL,27,199,2,0,386,2,386,0.005181347150259
240000001544,LOW_TAIL,28,211,2,1,386,2,386,0.005181347150259
240000001544,LOW_TAIL,29,227,2,0,386,2,386,0.005181347150259
240000001544,LOW_TAIL,30,263,2,1,386,2,386,0.005181347150259
240000001544,LOW_TAIL,31,347,2,0,386,2,386,0.005181347150259
240000001544,LOW_TAIL,32,379,2,0,386,2,386,0.005181347150259
240000001544,LOW_TAIL,33,383,2,0,386,2,386,0.005181347150259
240000001544,LOW_TAIL,34,563,2,1,386,2,386,0.005181347150259
240000001544,LOW_TAIL,35,691,2,0,386,2,386,0.005181347150259
240000001544,LOW_TAIL,36,751,2,1,386,2,386,0.005181347150259
240000001544,LOW_TAIL,37,787,2,0,386,2,386,0.005181347150259
240000001544,LOW_TAIL,38,827,2,1,386,2,386,0.005181347150259
240000001544,LOW_TAIL,39,983,2,0,386,2,386,0.005181347150259
240000001544,LOW_TAIL,40,1091,2,1,386,2,386,0.005181347150259
240000001544,LOW_TAIL,41,1571,2,1,386,2,386,0.005181347150259
240000001544,LOW_TAIL,42,1667,2,0,386,2,386,0.005181347150259
240000001544,LOW_TAIL,43,2939,2,0,386,2,386,0.005181347150259
240000001544,LOW_TAIL,44,3511,2,1,386,2,386,0.005181347150259
240000001544,LOW_TAIL,45,11587,2,0,386,2,386,0.005181347150259
240000001544,LOW_TAIL,46,16979,2,1,386,2,386,0.005181347150259
240000001544,LOW_TAIL,47,27691,2,0,386,2,386,0.005181347150259
240000001544,LOW_TAIL,48,271,1,0,386,1,386,0.002590673575130
240000001544,LOW_TAIL,49,283,1,1,386,1,386,0.002590673575130
240000001544,LOW_TAIL,50,367,1,1,386,1,386,0.002590673575130
240000001544,LOW_TAIL,51,419,1,0,386,1,386,0.002590673575130
240000001544,LOW_TAIL,52,431,1,0,386,1,386,0.002590673575130
240000001544,LOW_TAIL,53,439,1,1,386,1,386,0.002590673575130
240000001544,LOW_TAIL,54,443,1,0,386,1,386,0.002590673575130
240000001544,LOW_TAIL,55,467,1,1,386,1,386,0.002590673575130
240000001544,LOW_TAIL,56,479,1,0,386,1,386,0.002590673575130
240000001544,LOW_TAIL,57,487,1,0,386,1,386,0.002590673575130
240000001544,LOW_TAIL,58,491,1,1,386,1,386,0.002590673575130
240000001544,LOW_TAIL,59,503,1,1,386,1,386,0.002590673575130
240000001544,LOW_TAIL,60,523,1,1,386,1,386,0.002590673575130
240000001544,LOW_TAIL,61,599,1,0,386,1,386,0.002590673575130
240000001544,LOW_TAIL,62,619,1,1,386,1,386,0.002590673575130
240000001544,LOW_TAIL,63,839,1,1,386,1,386,0.002590673575130
240000001544,LOW_TAIL,64,907,1,1,386,1,386,0.002590673575130
240000001544,LOW_TAIL,65,919,1,0,386,1,386,0.002590673575130
240000001544,LOW_TAIL,66,967,1,0,386,1,386,0.002590673575130
240000001544,LOW_TAIL,67,991,1,0,386,1,386,0.002590673575130
240000001544,LOW_TAIL,68,1019,1,0,386,1,386,0.002590673575130
240000001544,LOW_TAIL,69,1039,1,0,386,1,386,0.002590673575130
240000001544,LOW_TAIL,70,1087,1,1,386,1,386,0.002590673575130
240000001544,LOW_TAIL,71,1171,1,0,386,1,386,0.002590673575130
240000001544,LOW_TAIL,72,1319,1,1,386,1,386,0.002590673575130
240000001544,LOW_TAIL,73,1367,1,0,386,1,386,0.002590673575130
240000001544,LOW_TAIL,74,1447,1,0,386,1,386,0.002590673575130
240000001544,LOW_TAIL,75,1511,1,1,386,1,386,0.002590673575130
240000001544,LOW_TAIL,76,1523,1,0,386,1,386,0.002590673575130
240000001544,LOW_TAIL,77,1607,1,0,386,1,386,0.002590673575130
240000001544,LOW_TAIL,78,1747,1,0,386,1,386,0.002590673575130
240000001544,LOW_TAIL,79,1787,1,0,386,1,386,0.002590673575130
240000001544,LOW_TAIL,80,1999,1,1,386,1,386,0.002590673575130
240000001544,LOW_TAIL,81,2003,1,0,386,1,386,0.002590673575130
240000001544,LOW_TAIL,82,2099,1,1,386,1,386,0.002590673575130
240000001544,LOW_TAIL,83,2111,1,0,386,1,386,0.002590673575130
240000001544,LOW_TAIL,84,2203,1,0,386,1,386,0.002590673575130
240000001544,LOW_TAIL,85,2239,1,0,386,1,386,0.002590673575130
240000001544,LOW_TAIL,86,2287,1,1,386,1,386,0.002590673575130
240000001544,LOW_TAIL,87,2411,1,1,386,1,386,0.002590673575130
240000001544,LOW_TAIL,88,2447,1,1,386,1,386,0.002590673575130
240000001544,LOW_TAIL,89,2467,1,1,386,1,386,0.002590673575130
240000001544,LOW_TAIL,90,2503,1,0,386,1,386,0.002590673575130
240000001544,LOW_TAIL,91,2591,1,1,386,1,386,0.002590673575130
240000001544,LOW_TAIL,92,2711,1,0,386,1,386,0.002590673575130
240000001544,LOW_TAIL,93,2731,1,0,386,1,386,0.002590673575130
240000001544,LOW_TAIL,94,2803,1,0,386,1,386,0.002590673575130
240000001544,LOW_TAIL,95,2971,1,0,386,1,386,0.002590673575130
240000001544,LOW_TAIL,96,2999,1,0,386,1,386,0.002590673575130
240000001544,LOW_TAIL,97,3187,1,1,386,1,386,0.002590673575130
240000001544,LOW_TAIL,98,3323,1,0,386,1,386,0.002590673575130
240000001544,LOW_TAIL,99,3359,1,0,386,1,386,0.002590673575130
240000001544,LOW_TAIL,100,3463,1,1,386,1,386,0.002590673575130
240000001544,LOW_TAIL,101,3499,1,0,386,1,386,0.002590673575130
240000001544,LOW_TAIL,102,3539,1,0,386,1,386,0.002590673575130
240000001544,LOW_TAIL,103,3911,1,1,386,1,386,0.002590673575130
240000001544,LOW_TAIL,104,3931,1,1,386,1,386,0.002590673575130
240000001544,LOW_TAIL,105,4099,1,1,386,1,386,0.002590673575130
240000001544,LOW_TAIL,106,4139,1,0,386,1,386,0.002590673575130
240000001544,LOW_TAIL,107,4219,1,0,386,1,386,0.002590673575130
240000001544,LOW_TAIL,108,5011,1,0,386,1,386,0.002590673575130
240000001544,LOW_TAIL,109,5231,1,0,386,1,386,0.002590673575130
240000001544,LOW_TAIL,110,5483,1,0,386,1,386,0.002590673575130
240000001544,LOW_TAIL,111,6547,1,0,386,1,386,0.002590673575130
240000001544,LOW_TAIL,112,6571,1,1,386,1,386,0.002590673575130
240000001544,LOW_TAIL,113,6899,1,0,386,1,386,0.002590673575130
240000001544,LOW_TAIL,114,7207,1,0,386,1,386,0.002590673575130
240000001544,LOW_TAIL,115,7219,1,1,386,1,386,0.002590673575130
240000001544,LOW_TAIL,116,9067,1,1,386,1,386,0.002590673575130
240000001544,LOW_TAIL,117,9371,1,0,386,1,386,0.002590673575130
240000001544,LOW_TAIL,118,9631,1,0,386,1,386,0.002590673575130
240000001544,LOW_TAIL,119,9743,1,0,386,1,386,0.002590673575130
240000001544,LOW_TAIL,120,10151,1,0,386,1,386,0.002590673575130
240000001544,LOW_TAIL,121,10391,1,0,386,1,386,0.002590673575130
240000001544,LOW_TAIL,122,10883,1,0,386,1,386,0.002590673575130
240000001544,LOW_TAIL,123,11579,1,0,386,1,386,0.002590673575130
240000001544,LOW_TAIL,124,11783,1,1,386,1,386,0.002590673575130
240000001544,LOW_TAIL,125,12251,1,1,386,1,386,0.002590673575130
240000001544,LOW_TAIL,126,12743,1,1,386,1,386,0.002590673575130
240000001544,LOW_TAIL,127,12979,1,1,386,1,386,0.002590673575130
240000001544,LOW_TAIL,128,13627,1,0,386,1,386,0.002590673575130
240000001544,LOW_TAIL,129,13907,1,0,386,1,386,0.002590673575130
240000001544,LOW_TAIL,130,14327,1,0,386,1,386,0.002590673575130
240000001544,LOW_TAIL,131,15391,1,0,386,1,386,0.002590673575130
240000001544,LOW_TAIL,132,15551,1,1,386,1,386,0.002590673575130
240000001544,LOW_TAIL,133,15767,1,1,386,1,386,0.002590673575130
240000001544,LOW_TAIL,134,15887,1,0,386,1,386,0.002590673575130
240000001544,LOW_TAIL,135,16339,1,1,386,1,386,0.002590673575130
240000001544,LOW_TAIL,136,18523,1,0,386,1,386,0.002590673575130
240000001544,LOW_TAIL,137,18919,1,0,386,1,386,0.002590673575130
240000001544,LOW_TAIL,138,19031,1,0,386,1,386,0.002590673575130
240000001544,LOW_TAIL,139,19139,1,1,386,1,386,0.002590673575130
240000001544,LOW_TAIL,140,19571,1,0,386,1,386,0.002590673575130
240000001544,LOW_TAIL,141,19843,1,1,386,1,386,0.002590673575130
240000001544,LOW_TAIL,142,20327,1,0,386,1,386,0.002590673575130
240000001544,LOW_TAIL,143,21467,1,0,386,1,386,0.002590673575130
240000001544,LOW_TAIL,144,21487,1,0,386,1,386,0.002590673575130
240000001544,LOW_TAIL,145,22619,1,0,386,1,386,0.002590673575130
240000001544,LOW_TAIL,146,23011,1,0,386,1,386,0.002590673575130
240000001544,LOW_TAIL,147,23539,1,1,386,1,386,0.002590673575130
240000001544,LOW_TAIL,148,24239,1,0,386,1,386,0.002590673575130
240000001544,LOW_TAIL,149,25343,1,0,386,1,386,0.002590673575130
240000001544,LOW_TAIL,150,25679,1,0,386,1,386,0.002590673575130
240000001544,LOW_TAIL,151,26459,1,0,386,1,386,0.002590673575130
240000001544,LOW_TAIL,152,26959,1,0,386,1,386,0.002590673575130
240000001544,LOW_TAIL,153,27031,1,1,386,1,386,0.002590673575130
240000001544,LOW_TAIL,154,27091,1,0,386,1,386,0.002590673575130
240000001544,LOW_TAIL,155,27299,1,0,386,1,386,0.002590673575130
240000001544,LOW_TAIL,156,30047,1,0,386,1,386,0.002590673575130
240000001544,LOW_TAIL,157,32443,1,0,386,1,386,0.002590673575130
240000001544,LOW_TAIL,158,34159,1,0,386,1,386,0.002590673575130
240000001544,LOW_TAIL,159,34183,1,0,386,1,386,0.002590673575130
240000001544,LOW_TAIL,160,34807,1,0,386,1,386,0.002590673575130
240000001544,LOW_TAIL,161,35731,1,0,386,1,386,0.002590673575130
240000001544,LOW_TAIL,162,38567,1,0,386,1,386,0.002590673575130
240000001544,LOW_TAIL,163,39883,1,0,386,1,386,0.002590673575130
240000001544,LOW_TAIL,164,45439,1,0,386,1,386,0.002590673575130
240000001544,LOW_TAIL,165,46091,1,0,386,1,386,0.002590673575130
240000001544,LOW_TAIL,166,49531,1,0,386,1,386,0.002590673575130
240000001544,LOW_TAIL,167,50647,1,0,386,1,386,0.002590673575130
240000001544,LOW_TAIL,168,53783,1,0,386,1,386,0.002590673575130
240000001544,LOW_TAIL,169,58687,1,0,386,1,386,0.002590673575130
240000001544,LOW_TAIL,170,62003,1,0,386,1,386,0.002590673575130
240000001544,LOW_TAIL,171,67943,1,0,386,1,386,0.002590673575130
240000001544,LOW_TAIL,172,71443,1,0,386,1,386,0.002590673575130
240000001544,LOW_TAIL,173,73091,1,0,386,1,386,0.002590673575130
240000001544,LOW_TAIL,174,76123,1,1,386,1,386,0.002590673575130
240000001544,LOW_TAIL,175,76847,1,0,386,1,386,0.002590673575130
240000001544,LOW_TAIL,176,88079,1,1,386,1,386,0.002590673575130
240000001544,LOW_TAIL,177,91867,1,0,386,1,386,0.002590673575130
240000001544,LOW_TAIL,178,110807,1,0,386,1,386,0.002590673575130
240000001544,LOW_TAIL,179,119047,1,1,386,1,386,0.002590673575130
240000001544,LOW_TAIL,180,125959,1,1,386,1,386,0.002590673575130
240000001544,LOW_TAIL,181,131671,1,0,386,1,386,0.002590673575130
240000001544,LOW_TAIL,182,135671,1,0,386,1,386,0.002590673575130
240000001544,LOW_TAIL,183,137147,1,0,386,1,386,0.002590673575130
240000001544,LOW_TAIL,184,138731,1,0,386,1,386,0.002590673575130
240000001544,LOW_TAIL,185,164251,1,0,386,1,386,0.002590673575130
240000001544,LOW_TAIL,186,170123,1,0,386,1,386,0.002590673575130
240000001544,LOW_TAIL,187,205559,1,1,386,1,386,0.002590673575130
240000001544,LOW_TAIL,188,213943,1,1,386,1,386,0.002590673575130
240000001544,LOW_TAIL,189,227399,1,0,386,1,386,0.002590673575130
240000001544,LOW_TAIL,190,235871,1,1,386,1,386,0.002590673575130
240000001544,LOW_TAIL,191,257611,1,0,386,1,386,0.002590673575130
240000001544,LOW_TAIL,192,260171,1,0,386,1,386,0.002590673575130
240000001544,LOW_TAIL,193,277003,1,0,386,1,386,0.002590673575130
240000001544,LOW_TAIL,194,283099,1,0,386,1,386,0.002590673575130
240000001544,LOW_TAIL,195,291887,1,0,386,1,386,0.002590673575130
240000001544,LOW_TAIL,196,303931,1,1,386,1,386,0.002590673575130
240000001544,LOW_TAIL,197,332179,1,0,386,1,386,0.002590673575130
240000001544,LOW_TAIL,198,332803,1,0,386,1,386,0.002590673575130
240000001544,LOW_TAIL,199,359719,1,0,386,1,386,0.002590673575130
240000001544,LOW_TAIL,200,373327,1,1,386,1,386,0.002590673575130
240000001544,LOW_TAIL,201,380591,1,0,386,1,386,0.002590673575130
240000001544,LOW_TAIL,202,478099,1,0,386,1,386,0.002590673575130
240000001544,LOW_TAIL,203,583147,1,0,386,1,386,0.002590673575130
240000001544,LOW_TAIL,204,590987,1,0,386,1,386,0.002590673575130
240000001544,LOW_TAIL,205,798487,1,0,386,1,386,0.002590673575130
240000001544,LOW_TAIL,206,894151,1,1,386,1,386,0.002590673575130
240000001544,LOW_TAIL,207,974143,1,0,386,1,386,0.002590673575130
240000001544,LOW_TAIL,208,1107203,1,0,386,1,386,0.002590673575130
240000001544,LOW_TAIL,209,1223447,1,0,386,1,386,0.002590673575130
240000001544,LOW_TAIL,210,1240807,1,0,386,1,386,0.002590673575130
240000001544,LOW_TAIL,211,1360439,1,0,386,1,386,0.002590673575130
240000001544,LOW_TAIL,212,1531627,1,0,386,1,386,0.002590673575130
240000001544,LOW_TAIL,213,1575547,1,0,386,1,386,0.002590673575130
240000001544,LOW_TAIL,214,1712287,1,0,386,1,386,0.002590673575130
240000001544,LOW_TAIL,215,1827487,1,0,386,1,386,0.002590673575130
240000001544,LOW_TAIL,216,1854623,1,0,386,1,386,0.002590673575130
240000001544,LOW_TAIL,217,2163827,1,1,386,1,386,0.002590673575130
240000001544,LOW_TAIL,218,2465651,1,1,386,1,386,0.002590673575130
240000001544,LOW_TAIL,219,2903363,1,0,386,1,386,0.002590673575130
240000001544,LOW_TAIL,220,2938219,1,1,386,1,386,0.002590673575130
240000001544,LOW_TAIL,221,3032879,1,0,386,1,386,0.002590673575130
240000001544,LOW_TAIL,222,3126547,1,0,386,1,386,0.002590673575130
240000001544,LOW_TAIL,223,3131771,1,0,386,1,386,0.002590673575130
240000001544,LOW_TAIL,224,4897559,1,0,386,1,386,0.002590673575130
240000001544,LOW_TAIL,225,5039171,1,0,386,1,386,0.002590673575130
240000001544,LOW_TAIL,226,5360731,1,1,386,1,386,0.002590673575130
240000001544,LOW_TAIL,227,6104447,1,0,386,1,386,0.002590673575130
240000001544,LOW_TAIL,228,6377551,1,0,386,1,386,0.002590673575130
240000001544,LOW_TAIL,229,6531323,1,0,386,1,386,0.002590673575130
240000001544,LOW_TAIL,230,6887843,1,0,386,1,386,0.002590673575130
240000001544,LOW_TAIL,231,7344331,1,0,386,1,386,0.002590673575130
240000001544,LOW_TAIL,232,7763471,1,1,386,1,386,0.002590673575130
240000001544,LOW_TAIL,233,7768427,1,0,386,1,386,0.002590673575130
240000001544,LOW_TAIL,234,7875871,1,0,386,1,386,0.002590673575130
240000001544,LOW_TAIL,235,10231051,1,1,386,1,386,0.002590673575130
240000001544,LOW_TAIL,236,10539251,1,1,386,1,386,0.002590673575130
240000001544,LOW_TAIL,237,12259763,1,0,386,1,386,0.002590673575130
240000001544,LOW_TAIL,238,14897579,1,0,386,1,386,0.002590673575130
240000001544,LOW_TAIL,239,16803503,1,0,386,1,386,0.002590673575130
240000001544,LOW_TAIL,240,16837687,1,0,386,1,386,0.002590673575130
240000001544,LOW_TAIL,241,17548991,1,0,386,1,386,0.002590673575130
240000001544,LOW_TAIL,242,17817227,1,0,386,1,386,0.002590673575130
240000001544,LOW_TAIL,243,20684227,1,1,386,1,386,0.002590673575130
240000001544,LOW_TAIL,244,21136663,1,0,386,1,386,0.002590673575130
240000001544,LOW_TAIL,245,23460403,1,0,386,1,386,0.002590673575130
240000001544,LOW_TAIL,246,24438031,1,0,386,1,386,0.002590673575130
240000001544,LOW_TAIL,247,25225927,1,0,386,1,386,0.002590673575130
240000001544,LOW_TAIL,248,26637307,1,0,386,1,386,0.002590673575130
240000001544,LOW_TAIL,249,29144191,1,0,386,1,386,0.002590673575130
240000001544,LOW_TAIL,250,35263003,1,0,386,1,386,0.002590673575130
240000001544,LOW_TAIL,251,36783823,1,0,386,1,386,0.002590673575130
240000001544,LOW_TAIL,252,37973807,1,0,386,1,386,0.002590673575130
240000001544,LOW_TAIL,253,41000051,1,1,386,1,386,0.002590673575130
240000001544,LOW_TAIL,254,46985087,1,1,386,1,386,0.002590673575130
240000001544,LOW_TAIL,255,47790571,1,0,386,1,386,0.002590673575130
240000001544,LOW_TAIL,256,49751243,1,0,386,1,386,0.002590673575130
240000001544,LOW_TAIL,257,53472739,1,0,386,1,386,0.002590673575130
240000001544,LOW_TAIL,258,58436227,1,0,386,1,386,0.002590673575130
240000001544,LOW_TAIL,259,61567531,1,1,386,1,386,0.002590673575130
240000001544,LOW_TAIL,260,66225139,1,0,386,1,386,0.002590673575130
240000001544,LOW_TAIL,261,86201743,1,0,386,1,386,0.002590673575130
240000001544,LOW_TAIL,262,87527159,1,0,386,1,386,0.002590673575130
240000001544,LOW_TAIL,263,88530839,1,1,386,1,386,0.002590673575130
240000001544,LOW_TAIL,264,94397711,1,1,386,1,386,0.002590673575130
240000001544,LOW_TAIL,265,106100759,1,0,386,1,386,0.002590673575130
240000001544,LOW_TAIL,266,113355427,1,0,386,1,386,0.002590673575130
240000001544,LOW_TAIL,267,113858951,1,0,386,1,386,0.002590673575130
240000001544,LOW_TAIL,268,123074431,1,0,386,1,386,0.002590673575130
240000001544,LOW_TAIL,269,132890323,1,0,386,1,386,0.002590673575130
240000001544,LOW_TAIL,270,151779643,1,0,386,1,386,0.002590673575130
240000001544,LOW_TAIL,271,152866243,1,1,386,1,386,0.002590673575130
240000001544,LOW_TAIL,272,198373507,1,0,386,1,386,0.002590673575130
240000001544,LOW_TAIL,273,200668571,1,0,386,1,386,0.002590673575130
240000001544,LOW_TAIL,274,207914579,1,0,386,1,386,0.002590673575130
240000001544,LOW_TAIL,275,216606499,1,1,386,1,386,0.002590673575130
240000001544,LOW_TAIL,276,216859607,1,1,386,1,386,0.002590673575130
240000001544,LOW_TAIL,277,225988699,1,0,386,1,386,0.002590673575130
240000001544,LOW_TAIL,278,226485143,1,0,386,1,386,0.002590673575130
240000001544,LOW_TAIL,279,239520959,1,0,386,1,386,0.002590673575130
240000001544,LOW_TAIL,280,249480251,1,1,386,1,386,0.002590673575130
240000001544,LOW_TAIL,281,310986539,1,0,386,1,386,0.002590673575130
240000001544,LOW_TAIL,282,312614843,1,0,386,1,386,0.002590673575130
240000001544,LOW_TAIL,283,338843591,1,1,386,1,386,0.002590673575130
240000001544,LOW_TAIL,284,355029007,1,1,386,1,386,0.002590673575130
240000001544,LOW_TAIL,285,376175551,1,0,386,1,386,0.002590673575130
240000001544,LOW_TAIL,286,384615103,1,0,386,1,386,0.002590673575130
240000001544,LOW_TAIL,287,402660491,1,1,386,1,386,0.002590673575130
240000001544,LOW_TAIL,288,431008087,1,1,386,1,386,0.002590673575130
240000001544,LOW_TAIL,289,441314123,1,1,386,1,386,0.002590673575130
240000001544,LOW_TAIL,290,476190479,1,0,386,1,386,0.002590673575130
240000001544,LOW_TAIL,291,495867739,1,1,386,1,386,0.002590673575130
240000001544,LOW_TAIL,292,521739091,1,0,386,1,386,0.002590673575130
240000001544,LOW_TAIL,293,671418023,1,0,386,1,386,0.002590673575130
240000001544,LOW_TAIL,294,833333327,1,1,386,1,386,0.002590673575130
240000001544,LOW_TAIL,295,888888883,1,0,386,1,386,0.002590673575130
240000001544,LOW_TAIL,296,1249327403,1,0,386,1,386,0.002590673575130
240000001544,LOW_TAIL,297,1285472219,1,1,386,1,386,0.002590673575130
240000001544,LOW_TAIL,298,1411764623,1,1,386,1,386,0.002590673575130
240000001544,LOW_TAIL,299,1599955103,1,0,386,1,386,0.002590673575130
240000001544,LOW_TAIL,300,1846150399,1,1,386,1,386,0.002590673575130
240000001544,LOW_TAIL,301,2640969731,1,0,386,1,386,0.002590673575130
240000001544,LOW_TAIL,302,3020253391,1,0,386,1,386,0.002590673575130
240000001544,LOW_TAIL,303,3032219731,1,0,386,1,386,0.002590673575130
240000001544,LOW_TAIL,304,3360348623,1,1,386,1,386,0.002590673575130
240000001544,LOW_TAIL,305,4442743087,1,0,386,1,386,0.002590673575130
240000001544,LOW_TAIL,306,4443540247,1,0,386,1,386,0.002590673575130
240000001544,LOW_TAIL,307,4588338451,1,1,386,1,386,0.002590673575130
240000001544,LOW_TAIL,308,4615384603,1,1,386,1,386,0.002590673575130
240000001544,LOW_TAIL,309,4677834059,1,1,386,1,386,0.002590673575130
240000001544,LOW_TAIL,310,4799896559,1,1,386,1,386,0.002590673575130
240000001544,LOW_TAIL,311,4799904371,1,1,386,1,386,0.002590673575130
240000001544,LOW_TAIL,312,5454323543,1,0,386,1,386,0.002590673575130
240000001544,LOW_TAIL,313,6026504983,1,0,386,1,386,0.002590673575130
240000001544,LOW_TAIL,314,6953964727,1,0,386,1,386,0.002590673575130
240000001544,LOW_TAIL,315,8000000051,1,0,386,1,386,0.002590673575130
240000001544,LOW_TAIL,316,8353439599,1,0,386,1,386,0.002590673575130
240000001544,LOW_TAIL,317,8741211091,1,1,386,1,386,0.002590673575130
240000001544,LOW_TAIL,318,9229113623,1,1,386,1,386,0.002590673575130
240000001544,LOW_TAIL,319,9949137343,1,0,386,1,386,0.002590673575130
240000001544,LOW_TAIL,320,9999911303,1,0,386,1,386,0.002590673575130
240000001544,LOW_TAIL,321,9999930379,1,0,386,1,386,0.002590673575130
240000001544,LOW_TAIL,322,10906871519,1,0,386,1,386,0.002590673575130
240000001544,LOW_TAIL,323,20861894191,1,1,386,1,386,0.002590673575130
240000001544,LOW_TAIL,324,23389648591,1,1,386,1,386,0.002590673575130
240000001544,LOW_TAIL,325,23999017687,1,1,386,1,386,0.002590673575130
240000001544,LOW_TAIL,326,23999023591,1,1,386,1,386,0.002590673575130
240000001544,LOW_TAIL,327,34906562783,1,0,386,1,386,0.002590673575130
240000001544,LOW_TAIL,328,36464205523,1,1,386,1,386,0.002590673575130
240000001544,LOW_TAIL,329,39992500283,1,0,386,1,386,0.002590673575130
240000001544,LOW_TAIL,330,39992825783,1,0,386,1,386,0.002590673575130
240000001544,LOW_TAIL,331,39999898663,1,0,386,1,386,0.002590673575130
240000001544,LOW_TAIL,332,39999999163,1,0,386,1,386,0.002590673575130
240000001544,LOW_TAIL,333,40000000223,1,0,386,1,386,0.002590673575130
240000001544,LOW_TAIL,334,43705789739,1,1,386,1,386,0.002590673575130
240000001544,LOW_TAIL,335,57382470679,1,1,386,1,386,0.002590673575130
240000001544,LOW_TAIL,336,58474116559,1,1,386,1,386,0.002590673575130
240000001544,LOW_TAIL,337,59938965223,1,1,386,1,386,0.002590673575130
240000001544,LOW_TAIL,338,59997554059,1,1,386,1,386,0.002590673575130
240000001544,LOW_TAIL,339,59999601799,1,1,386,1,386,0.002590673575130
240000001544,LOW_TAIL,340,59999996479,1,1,386,1,386,0.002590673575130
240000001544,LOW_TAIL,341,118134538259,1,1,386,1,386,0.002590673575130
240000001544,LOW_TAIL,342,118256608559,1,1,386,1,386,0.002590673575130
240000001544,LOW_TAIL,343,119997609287,1,1,386,1,386,0.002590673575130
240000001544,LOW_TAIL,344,119999735039,1,1,386,1,386,0.002590673575130
240000002114,MATCHED_CONTROL,1,3,125,125,357,125,357,0.350140056022409
240000002114,MATCHED_CONTROL,2,7,51,29,357,51,357,0.142857142857143
240000002114,MATCHED_CONTROL,3,11,30,21,357,30,357,0.084033613445378
240000002114,MATCHED_CONTROL,4,19,23,14,357,23,357,0.064425770308123
240000002114,MATCHED_CONTROL,5,23,20,10,357,20,357,0.056022408963585
240000002114,MATCHED_CONTROL,6,31,16,7,357,16,357,0.044817927170868
240000002114,MATCHED_CONTROL,7,43,10,4,357,10,357,0.028011204481793
240000002114,MATCHED_CONTROL,8,47,9,4,357,9,357,0.025210084033613
240000002114,MATCHED_CONTROL,9,79,6,2,357,6,357,0.016806722689076
240000002114,MATCHED_CONTROL,10,139,6,3,357,6,357,0.016806722689076
240000002114,MATCHED_CONTROL,11,67,5,2,357,5,357,0.014005602240896
240000002114,MATCHED_CONTROL,12,107,5,2,357,5,357,0.014005602240896
240000002114,MATCHED_CONTROL,13,71,4,0,357,4,357,0.011204481792717
240000002114,MATCHED_CONTROL,14,131,4,4,357,4,357,0.011204481792717
240000002114,MATCHED_CONTROL,15,151,4,1,357,4,357,0.011204481792717
240000002114,MATCHED_CONTROL,16,179,4,3,357,4,357,0.011204481792717
240000002114,MATCHED_CONTROL,17,83,3,2,357,3,357,0.008403361344538
240000002114,MATCHED_CONTROL,18,103,3,1,357,3,357,0.008403361344538
240000002114,MATCHED_CONTROL,19,167,3,0,357,3,357,0.008403361344538
240000002114,MATCHED_CONTROL,20,199,3,1,357,3,357,0.008403361344538
240000002114,MATCHED_CONTROL,21,283,3,1,357,3,357,0.008403361344538
240000002114,MATCHED_CONTROL,22,311,3,0,357,3,357,0.008403361344538
240000002114,MATCHED_CONTROL,23,191,2,1,357,2,357,0.005602240896359
240000002114,MATCHED_CONTROL,24,223,2,1,357,2,357,0.005602240896359
240000002114,MATCHED_CONTROL,25,227,2,0,357,2,357,0.005602240896359
240000002114,MATCHED_CONTROL,26,263,2,0,357,2,357,0.005602240896359
240000002114,MATCHED_CONTROL,27,347,2,1,357,2,357,0.005602240896359
240000002114,MATCHED_CONTROL,28,359,2,1,357,2,357,0.005602240896359
240000002114,MATCHED_CONTROL,29,383,2,1,357,2,357,0.005602240896359
240000002114,MATCHED_CONTROL,30,419,2,0,357,2,357,0.005602240896359
240000002114,MATCHED_CONTROL,31,439,2,0,357,2,357,0.005602240896359
240000002114,MATCHED_CONTROL,32,503,2,1,357,2,357,0.005602240896359
240000002114,MATCHED_CONTROL,33,599,2,1,357,2,357,0.005602240896359
240000002114,MATCHED_CONTROL,34,631,2,1,357,2,357,0.005602240896359
240000002114,MATCHED_CONTROL,35,727,2,1,357,2,357,0.005602240896359
240000002114,MATCHED_CONTROL,36,787,2,0,357,2,357,0.005602240896359
240000002114,MATCHED_CONTROL,37,967,2,2,357,2,357,0.005602240896359
240000002114,MATCHED_CONTROL,38,1283,2,1,357,2,357,0.005602240896359
240000002114,MATCHED_CONTROL,39,1483,2,1,357,2,357,0.005602240896359
240000002114,MATCHED_CONTROL,40,2819,2,0,357,2,357,0.005602240896359
240000002114,MATCHED_CONTROL,41,4951,2,1,357,2,357,0.005602240896359
240000002114,MATCHED_CONTROL,42,9230769311,2,2,357,2,357,0.005602240896359
240000002114,MATCHED_CONTROL,43,127,1,0,357,1,357,0.002801120448179
240000002114,MATCHED_CONTROL,44,239,1,0,357,1,357,0.002801120448179
240000002114,MATCHED_CONTROL,45,271,1,0,357,1,357,0.002801120448179
240000002114,MATCHED_CONTROL,46,379,1,0,357,1,357,0.002801120448179
240000002114,MATCHED_CONTROL,47,463,1,1,357,1,357,0.002801120448179
240000002114,MATCHED_CONTROL,48,479,1,0,357,1,357,0.002801120448179
240000002114,MATCHED_CONTROL,49,499,1,0,357,1,357,0.002801120448179
240000002114,MATCHED_CONTROL,50,563,1,0,357,1,357,0.002801120448179
240000002114,MATCHED_CONTROL,51,571,1,1,357,1,357,0.002801120448179
240000002114,MATCHED_CONTROL,52,587,1,0,357,1,357,0.002801120448179
240000002114,MATCHED_CONTROL,53,607,1,0,357,1,357,0.002801120448179
240000002114,MATCHED_CONTROL,54,619,1,1,357,1,357,0.002801120448179
240000002114,MATCHED_CONTROL,55,719,1,0,357,1,357,0.002801120448179
240000002114,MATCHED_CONTROL,56,743,1,0,357,1,357,0.002801120448179
240000002114,MATCHED_CONTROL,57,823,1,0,357,1,357,0.002801120448179
240000002114,MATCHED_CONTROL,58,839,1,0,357,1,357,0.002801120448179
240000002114,MATCHED_CONTROL,59,887,1,1,357,1,357,0.002801120448179
240000002114,MATCHED_CONTROL,60,907,1,1,357,1,357,0.002801120448179
240000002114,MATCHED_CONTROL,61,1031,1,1,357,1,357,0.002801120448179
240000002114,MATCHED_CONTROL,62,1123,1,0,357,1,357,0.002801120448179
240000002114,MATCHED_CONTROL,63,1163,1,0,357,1,357,0.002801120448179
240000002114,MATCHED_CONTROL,64,1223,1,0,357,1,357,0.002801120448179
240000002114,MATCHED_CONTROL,65,1279,1,1,357,1,357,0.002801120448179
240000002114,MATCHED_CONTROL,66,1307,1,1,357,1,357,0.002801120448179
240000002114,MATCHED_CONTROL,67,1423,1,0,357,1,357,0.002801120448179
240000002114,MATCHED_CONTROL,68,1427,1,1,357,1,357,0.002801120448179
240000002114,MATCHED_CONTROL,69,1451,1,0,357,1,357,0.002801120448179
240000002114,MATCHED_CONTROL,70,1459,1,0,357,1,357,0.002801120448179
240000002114,MATCHED_CONTROL,71,1471,1,1,357,1,357,0.002801120448179
240000002114,MATCHED_CONTROL,72,1487,1,0,357,1,357,0.002801120448179
240000002114,MATCHED_CONTROL,73,1531,1,0,357,1,357,0.002801120448179
240000002114,MATCHED_CONTROL,74,1747,1,0,357,1,357,0.002801120448179
240000002114,MATCHED_CONTROL,75,1847,1,0,357,1,357,0.002801120448179
240000002114,MATCHED_CONTROL,76,1931,1,0,357,1,357,0.002801120448179
240000002114,MATCHED_CONTROL,77,1999,1,0,357,1,357,0.002801120448179
240000002114,MATCHED_CONTROL,78,2411,1,0,357,1,357,0.002801120448179
240000002114,MATCHED_CONTROL,79,2699,1,0,357,1,357,0.002801120448179
240000002114,MATCHED_CONTROL,80,2843,1,0,357,1,357,0.002801120448179
240000002114,MATCHED_CONTROL,81,3203,1,1,357,1,357,0.002801120448179
240000002114,MATCHED_CONTROL,82,3307,1,1,357,1,357,0.002801120448179
240000002114,MATCHED_CONTROL,83,3347,1,0,357,1,357,0.002801120448179
240000002114,MATCHED_CONTROL,84,3643,1,0,357,1,357,0.002801120448179
240000002114,MATCHED_CONTROL,85,3919,1,1,357,1,357,0.002801120448179
240000002114,MATCHED_CONTROL,86,4271,1,1,357,1,357,0.002801120448179
240000002114,MATCHED_CONTROL,87,4339,1,0,357,1,357,0.002801120448179
240000002114,MATCHED_CONTROL,88,4447,1,1,357,1,357,0.002801120448179
240000002114,MATCHED_CONTROL,89,4603,1,1,357,1,357,0.002801120448179
240000002114,MATCHED_CONTROL,90,4679,1,0,357,1,357,0.002801120448179
240000002114,MATCHED_CONTROL,91,5147,1,0,357,1,357,0.002801120448179
240000002114,MATCHED_CONTROL,92,5791,1,0,357,1,357,0.002801120448179
240000002114,MATCHED_CONTROL,93,5851,1,0,357,1,357,0.002801120448179
240000002114,MATCHED_CONTROL,94,6079,1,0,357,1,357,0.002801120448179
240000002114,MATCHED_CONTROL,95,6163,1,0,357,1,357,0.002801120448179
240000002114,MATCHED_CONTROL,96,6263,1,0,357,1,357,0.002801120448179
240000002114,MATCHED_CONTROL,97,7187,1,1,357,1,357,0.002801120448179
240000002114,MATCHED_CONTROL,98,7219,1,0,357,1,357,0.002801120448179
240000002114,MATCHED_CONTROL,99,7559,1,1,357,1,357,0.002801120448179
240000002114,MATCHED_CONTROL,100,7919,1,1,357,1,357,0.002801120448179
240000002114,MATCHED_CONTROL,101,8219,1,1,357,1,357,0.002801120448179
240000002114,MATCHED_CONTROL,102,8287,1,0,357,1,357,0.002801120448179
240000002114,MATCHED_CONTROL,103,8311,1,1,357,1,357,0.002801120448179
240000002114,MATCHED_CONTROL,104,8623,1,0,357,1,357,0.002801120448179
240000002114,MATCHED_CONTROL,105,9767,1,0,357,1,357,0.002801120448179
240000002114,MATCHED_CONTROL,106,11311,1,1,357,1,357,0.002801120448179
240000002114,MATCHED_CONTROL,107,11411,1,1,357,1,357,0.002801120448179
240000002114,MATCHED_CONTROL,108,15091,1,0,357,1,357,0.002801120448179
240000002114,MATCHED_CONTROL,109,16087,1,0,357,1,357,0.002801120448179
240000002114,MATCHED_CONTROL,110,18439,1,0,357,1,357,0.002801120448179
240000002114,MATCHED_CONTROL,111,19211,1,0,357,1,357,0.002801120448179
240000002114,MATCHED_CONTROL,112,22003,1,1,357,1,357,0.002801120448179
240000002114,MATCHED_CONTROL,113,27103,1,0,357,1,357,0.002801120448179
240000002114,MATCHED_CONTROL,114,28723,1,1,357,1,357,0.002801120448179
240000002114,MATCHED_CONTROL,115,34631,1,0,357,1,357,0.002801120448179
240000002114,MATCHED_CONTROL,116,37447,1,0,357,1,357,0.002801120448179
240000002114,MATCHED_CONTROL,117,41011,1,1,357,1,357,0.002801120448179
240000002114,MATCHED_CONTROL,118,47819,1,1,357,1,357,0.002801120448179
240000002114,MATCHED_CONTROL,119,48023,1,1,357,1,357,0.002801120448179
240000002114,MATCHED_CONTROL,120,48299,1,1,357,1,357,0.002801120448179
240000002114,MATCHED_CONTROL,121,51347,1,0,357,1,357,0.002801120448179
240000002114,MATCHED_CONTROL,122,52511,1,0,357,1,357,0.002801120448179
240000002114,MATCHED_CONTROL,123,55763,1,0,357,1,357,0.002801120448179
240000002114,MATCHED_CONTROL,124,58099,1,0,357,1,357,0.002801120448179
240000002114,MATCHED_CONTROL,125,58579,1,0,357,1,357,0.002801120448179
240000002114,MATCHED_CONTROL,126,76159,1,0,357,1,357,0.002801120448179
240000002114,MATCHED_CONTROL,127,77359,1,0,357,1,357,0.002801120448179
240000002114,MATCHED_CONTROL,128,78203,1,0,357,1,357,0.002801120448179
240000002114,MATCHED_CONTROL,129,78311,1,0,357,1,357,0.002801120448179
240000002114,MATCHED_CONTROL,130,79139,1,1,357,1,357,0.002801120448179
240000002114,MATCHED_CONTROL,131,79231,1,0,357,1,357,0.002801120448179
240000002114,MATCHED_CONTROL,132,83459,1,0,357,1,357,0.002801120448179
240000002114,MATCHED_CONTROL,133,91591,1,1,357,1,357,0.002801120448179
240000002114,MATCHED_CONTROL,134,93283,1,1,357,1,357,0.002801120448179
240000002114,MATCHED_CONTROL,135,95143,1,0,357,1,357,0.002801120448179
240000002114,MATCHED_CONTROL,136,98479,1,1,357,1,357,0.002801120448179
240000002114,MATCHED_CONTROL,137,106871,1,1,357,1,357,0.002801120448179
240000002114,MATCHED_CONTROL,138,113363,1,0,357,1,357,0.002801120448179
240000002114,MATCHED_CONTROL,139,115123,1,0,357,1,357,0.002801120448179
240000002114,MATCHED_CONTROL,140,121283,1,0,357,1,357,0.002801120448179
240000002114,MATCHED_CONTROL,141,124543,1,1,357,1,357,0.002801120448179
240000002114,MATCHED_CONTROL,142,134887,1,0,357,1,357,0.002801120448179
240000002114,MATCHED_CONTROL,143,137623,1,0,357,1,357,0.002801120448179
240000002114,MATCHED_CONTROL,144,145759,1,0,357,1,357,0.002801120448179
240000002114,MATCHED_CONTROL,145,167623,1,0,357,1,357,0.002801120448179
240000002114,MATCHED_CONTROL,146,168599,1,1,357,1,357,0.002801120448179
240000002114,MATCHED_CONTROL,147,213131,1,0,357,1,357,0.002801120448179
240000002114,MATCHED_CONTROL,148,246527,1,1,357,1,357,0.002801120448179
240000002114,MATCHED_CONTROL,149,256391,1,0,357,1,357,0.002801120448179
240000002114,MATCHED_CONTROL,150,257519,1,0,357,1,357,0.002801120448179
240000002114,MATCHED_CONTROL,151,258871,1,0,357,1,357,0.002801120448179
240000002114,MATCHED_CONTROL,152,273083,1,0,357,1,357,0.002801120448179
240000002114,MATCHED_CONTROL,153,277411,1,0,357,1,357,0.002801120448179
240000002114,MATCHED_CONTROL,154,296503,1,0,357,1,357,0.002801120448179
240000002114,MATCHED_CONTROL,155,312679,1,1,357,1,357,0.002801120448179
240000002114,MATCHED_CONTROL,156,312779,1,0,357,1,357,0.002801120448179
240000002114,MATCHED_CONTROL,157,349423,1,1,357,1,357,0.002801120448179
240000002114,MATCHED_CONTROL,158,425291,1,0,357,1,357,0.002801120448179
240000002114,MATCHED_CONTROL,159,458663,1,0,357,1,357,0.002801120448179
240000002114,MATCHED_CONTROL,160,461843,1,0,357,1,357,0.002801120448179
240000002114,MATCHED_CONTROL,161,498343,1,0,357,1,357,0.002801120448179
240000002114,MATCHED_CONTROL,162,514939,1,1,357,1,357,0.002801120448179
240000002114,MATCHED_CONTROL,163,522623,1,0,357,1,357,0.002801120448179
240000002114,MATCHED_CONTROL,164,545791,1,1,357,1,357,0.002801120448179
240000002114,MATCHED_CONTROL,165,609143,1,0,357,1,357,0.002801120448179
240000002114,MATCHED_CONTROL,166,677587,1,0,357,1,357,0.002801120448179
240000002114,MATCHED_CONTROL,167,684127,1,0,357,1,357,0.002801120448179
240000002114,MATCHED_CONTROL,168,717047,1,0,357,1,357,0.002801120448179
240000002114,MATCHED_CONTROL,169,847663,1,1,357,1,357,0.002801120448179
240000002114,MATCHED_CONTROL,170,947327,1,0,357,1,357,0.002801120448179
240000002114,MATCHED_CONTROL,171,995551,1,0,357,1,357,0.002801120448179
240000002114,MATCHED_CONTROL,172,1023299,1,0,357,1,357,0.002801120448179
240000002114,MATCHED_CONTROL,173,1050523,1,1,357,1,357,0.002801120448179
240000002114,MATCHED_CONTROL,174,1094491,1,1,357,1,357,0.002801120448179
240000002114,MATCHED_CONTROL,175,1167587,1,0,357,1,357,0.002801120448179
240000002114,MATCHED_CONTROL,176,1329767,1,0,357,1,357,0.002801120448179
240000002114,MATCHED_CONTROL,177,1419967,1,1,357,1,357,0.002801120448179
240000002114,MATCHED_CONTROL,178,1441199,1,0,357,1,357,0.002801120448179
240000002114,MATCHED_CONTROL,179,1452631,1,1,357,1,357,0.002801120448179
240000002114,MATCHED_CONTROL,180,1579363,1,0,357,1,357,0.002801120448179
240000002114,MATCHED_CONTROL,181,1604299,1,0,357,1,357,0.002801120448179
240000002114,MATCHED_CONTROL,182,1646719,1,0,357,1,357,0.002801120448179
240000002114,MATCHED_CONTROL,183,1937207,1,1,357,1,357,0.002801120448179
240000002114,MATCHED_CONTROL,184,2116591,1,0,357,1,357,0.002801120448179
240000002114,MATCHED_CONTROL,185,2264831,1,0,357,1,357,0.002801120448179
240000002114,MATCHED_CONTROL,186,2382323,1,0,357,1,357,0.002801120448179
240000002114,MATCHED_CONTROL,187,2464571,1,1,357,1,357,0.002801120448179
240000002114,MATCHED_CONTROL,188,2543623,1,0,357,1,357,0.002801120448179
240000002114,MATCHED_CONTROL,189,2872183,1,1,357,1,357,0.002801120448179
240000002114,MATCHED_CONTROL,190,2881799,1,0,357,1,357,0.002801120448179
240000002114,MATCHED_CONTROL,191,2945291,1,0,357,1,357,0.002801120448179
240000002114,MATCHED_CONTROL,192,2962039,1,0,357,1,357,0.002801120448179
240000002114,MATCHED_CONTROL,193,3118439,1,0,357,1,357,0.002801120448179
240000002114,MATCHED_CONTROL,194,3241783,1,0,357,1,357,0.002801120448179
240000002114,MATCHED_CONTROL,195,3287311,1,0,357,1,357,0.002801120448179
240000002114,MATCHED_CONTROL,196,3437171,1,0,357,1,357,0.002801120448179
240000002114,MATCHED_CONTROL,197,3485203,1,0,357,1,357,0.002801120448179
240000002114,MATCHED_CONTROL,198,3885727,1,0,357,1,357,0.002801120448179
240000002114,MATCHED_CONTROL,199,5429063,1,1,357,1,357,0.002801120448179
240000002114,MATCHED_CONTROL,200,5439463,1,1,357,1,357,0.002801120448179
240000002114,MATCHED_CONTROL,201,5856607,1,0,357,1,357,0.002801120448179
240000002114,MATCHED_CONTROL,202,6491707,1,1,357,1,357,0.002801120448179
240000002114,MATCHED_CONTROL,203,7356091,1,0,357,1,357,0.002801120448179
240000002114,MATCHED_CONTROL,204,7711471,1,0,357,1,357,0.002801120448179
240000002114,MATCHED_CONTROL,205,7812691,1,0,357,1,357,0.002801120448179
240000002114,MATCHED_CONTROL,206,7934807,1,1,357,1,357,0.002801120448179
240000002114,MATCHED_CONTROL,207,8407459,1,0,357,1,357,0.002801120448179
240000002114,MATCHED_CONTROL,208,8746459,1,0,357,1,357,0.002801120448179
240000002114,MATCHED_CONTROL,209,8948543,1,1,357,1,357,0.002801120448179
240000002114,MATCHED_CONTROL,210,9195467,1,1,357,1,357,0.002801120448179
240000002114,MATCHED_CONTROL,211,10205711,1,0,357,1,357,0.002801120448179
240000002114,MATCHED_CONTROL,212,10791367,1,0,357,1,357,0.002801120448179
240000002114,MATCHED_CONTROL,213,11120399,1,0,357,1,357,0.002801120448179
240000002114,MATCHED_CONTROL,214,11594203,1,0,357,1,357,0.002801120448179
240000002114,MATCHED_CONTROL,215,13545547,1,0,357,1,357,0.002801120448179
240000002114,MATCHED_CONTROL,216,15408167,1,1,357,1,357,0.002801120448179
240000002114,MATCHED_CONTROL,217,23885311,1,1,357,1,357,0.002801120448179
240000002114,MATCHED_CONTROL,218,26365187,1,1,357,1,357,0.002801120448179
240000002114,MATCHED_CONTROL,219,27023179,1,1,357,1,357,0.002801120448179
240000002114,MATCHED_CONTROL,220,30850031,1,0,357,1,357,0.002801120448179
240000002114,MATCHED_CONTROL,221,33057851,1,0,357,1,357,0.002801120448179
240000002114,MATCHED_CONTROL,222,33281707,1,1,357,1,357,0.002801120448179
240000002114,MATCHED_CONTROL,223,38301947,1,1,357,1,357,0.002801120448179
240000002114,MATCHED_CONTROL,224,53247223,1,1,357,1,357,0.002801120448179
240000002114,MATCHED_CONTROL,225,57676159,1,0,357,1,357,0.002801120448179
240000002114,MATCHED_CONTROL,226,61071119,1,0,357,1,357,0.002801120448179
240000002114,MATCHED_CONTROL,227,81569899,1,0,357,1,357,0.002801120448179
240000002114,MATCHED_CONTROL,228,83694683,1,0,357,1,357,0.002801120448179
240000002114,MATCHED_CONTROL,229,119806283,1,1,357,1,357,0.002801120448179
240000002114,MATCHED_CONTROL,230,119875243,1,0,357,1,357,0.002801120448179
240000002114,MATCHED_CONTROL,231,123630271,1,1,357,1,357,0.002801120448179
240000002114,MATCHED_CONTROL,232,129870131,1,0,357,1,357,0.002801120448179
240000002114,MATCHED_CONTROL,233,150345343,1,0,357,1,357,0.002801120448179
240000002114,MATCHED_CONTROL,234,159740419,1,0,357,1,357,0.002801120448179
240000002114,MATCHED_CONTROL,235,176955143,1,0,357,1,357,0.002801120448179
240000002114,MATCHED_CONTROL,236,179263339,1,1,357,1,357,0.002801120448179
240000002114,MATCHED_CONTROL,237,209790211,1,0,357,1,357,0.002801120448179
240000002114,MATCHED_CONTROL,238,215015123,1,0,357,1,357,0.002801120448179
240000002114,MATCHED_CONTROL,239,221982479,1,0,357,1,357,0.002801120448179
240000002114,MATCHED_CONTROL,240,228998311,1,0,357,1,357,0.002801120448179
240000002114,MATCHED_CONTROL,241,238606703,1,1,357,1,357,0.002801120448179
240000002114,MATCHED_CONTROL,242,248447207,1,0,357,1,357,0.002801120448179
240000002114,MATCHED_CONTROL,243,249480251,1,1,357,1,357,0.002801120448179
240000002114,MATCHED_CONTROL,244,253117091,1,0,357,1,357,0.002801120448179
240000002114,MATCHED_CONTROL,245,293398319,1,1,357,1,357,0.002801120448179
240000002114,MATCHED_CONTROL,246,320307079,1,0,357,1,357,0.002801120448179
240000002114,MATCHED_CONTROL,247,409555651,1,1,357,1,357,0.002801120448179
240000002114,MATCHED_CONTROL,248,426481711,1,0,357,1,357,0.002801120448179
240000002114,MATCHED_CONTROL,249,428571431,1,0,357,1,357,0.002801120448179
240000002114,MATCHED_CONTROL,250,532687427,1,0,357,1,357,0.002801120448179
240000002114,MATCHED_CONTROL,251,571300931,1,0,357,1,357,0.002801120448179
240000002114,MATCHED_CONTROL,252,576449659,1,0,357,1,357,0.002801120448179
240000002114,MATCHED_CONTROL,253,597255403,1,0,357,1,357,0.002801120448179
240000002114,MATCHED_CONTROL,254,606187159,1,1,357,1,357,0.002801120448179
240000002114,MATCHED_CONTROL,255,638296423,1,0,357,1,357,0.002801120448179
240000002114,MATCHED_CONTROL,256,729979067,1,1,357,1,357,0.002801120448179
240000002114,MATCHED_CONTROL,257,754710839,1,0,357,1,357,0.002801120448179
240000002114,MATCHED_CONTROL,258,763553699,1,1,357,1,357,0.002801120448179
240000002114,MATCHED_CONTROL,259,764330603,1,1,357,1,357,0.002801120448179
240000002114,MATCHED_CONTROL,260,902249651,1,0,357,1,357,0.002801120448179
240000002114,MATCHED_CONTROL,261,1080861143,1,0,357,1,357,0.002801120448179
240000002114,MATCHED_CONTROL,262,1158993691,1,1,357,1,357,0.002801120448179
240000002114,MATCHED_CONTROL,263,1379029723,1,0,357,1,357,0.002801120448179
240000002114,MATCHED_CONTROL,264,1461823147,1,1,357,1,357,0.002801120448179
240000002114,MATCHED_CONTROL,265,1463414647,1,1,357,1,357,0.002801120448179
240000002114,MATCHED_CONTROL,266,1689374387,1,0,357,1,357,0.002801120448179
240000002114,MATCHED_CONTROL,267,1875000011,1,1,357,1,357,0.002801120448179
240000002114,MATCHED_CONTROL,268,2206570627,1,1,357,1,357,0.002801120448179
240000002114,MATCHED_CONTROL,269,2248590767,1,1,357,1,357,0.002801120448179
240000002114,MATCHED_CONTROL,270,2307598427,1,1,357,1,357,0.002801120448179
240000002114,MATCHED_CONTROL,271,2352800491,1,0,357,1,357,0.002801120448179
240000002114,MATCHED_CONTROL,272,2448979607,1,1,357,1,357,0.002801120448179
240000002114,MATCHED_CONTROL,273,2731628279,1,1,357,1,357,0.002801120448179
240000002114,MATCHED_CONTROL,274,2999940239,1,1,357,1,357,0.002801120448179
240000002114,MATCHED_CONTROL,275,3999967471,1,0,357,1,357,0.002801120448179
240000002114,MATCHED_CONTROL,276,3999967483,1,0,357,1,357,0.002801120448179
240000002114,MATCHED_CONTROL,277,3999998999,1,0,357,1,357,0.002801120448179
240000002114,MATCHED_CONTROL,278,4113682759,1,1,357,1,357,0.002801120448179
240000002114,MATCHED_CONTROL,279,5454543727,1,0,357,1,357,0.002801120448179
240000002114,MATCHED_CONTROL,280,5463256963,1,1,357,1,357,0.002801120448179
240000002114,MATCHED_CONTROL,281,5999988811,1,1,357,1,357,0.002801120448179
240000002114,MATCHED_CONTROL,282,6535903183,1,1,357,1,357,0.002801120448179
240000002114,MATCHED_CONTROL,283,6632758303,1,1,357,1,357,0.002801120448179
240000002114,MATCHED_CONTROL,284,7058818363,1,1,357,1,357,0.002801120448179
240000002114,MATCHED_CONTROL,285,9230217431,1,1,357,1,357,0.002801120448179
240000002114,MATCHED_CONTROL,286,9230768531,1,1,357,1,357,0.002801120448179
240000002114,MATCHED_CONTROL,287,9230768627,1,1,357,1,357,0.002801120448179
240000002114,MATCHED_CONTROL,288,29237059991,1,1,357,1,357,0.002801120448179
240000002114,MATCHED_CONTROL,289,29562931511,1,1,357,1,357,0.002801120448179
240000002114,MATCHED_CONTROL,290,34720027087,1,0,357,1,357,0.002801120448179
240000002114,MATCHED_CONTROL,291,34913736967,1,0,357,1,357,0.002801120448179
240000002114,MATCHED_CONTROL,292,34913737291,1,0,357,1,357,0.002801120448179
240000002114,MATCHED_CONTROL,293,39978476471,1,0,357,1,357,0.002801120448179
240000002114,MATCHED_CONTROL,294,39989470847,1,0,357,1,357,0.002801120448179
240000002114,MATCHED_CONTROL,295,39991596611,1,0,357,1,357,0.002801120448179
240000002114,MATCHED_CONTROL,296,39991832807,1,0,357,1,357,0.002801120448179
240000002114,MATCHED_CONTROL,297,39999409111,1,0,357,1,357,0.002801120448179
240000002114,MATCHED_CONTROL,298,39999674791,1,0,357,1,357,0.002801120448179
240000002114,MATCHED_CONTROL,299,39999987331,1,0,357,1,357,0.002801120448179
240000002114,MATCHED_CONTROL,300,39999999467,1,0,357,1,357,0.002801120448179
240000002114,MATCHED_CONTROL,301,39999999967,1,0,357,1,357,0.002801120448179
240000002114,MATCHED_CONTROL,302,59999999747,1,1,357,1,357,0.002801120448179
240000002114,MATCHED_CONTROL,303,69876653831,1,1,357,1,357,0.002801120448179
240000002114,MATCHED_CONTROL,304,72928216331,1,1,357,1,357,0.002801120448179
240000002114,MATCHED_CONTROL,305,72928403831,1,1,357,1,357,0.002801120448179
240000002114,MATCHED_CONTROL,306,72928411331,1,1,357,1,357,0.002801120448179
240000002114,MATCHED_CONTROL,307,119813360663,1,1,357,1,357,0.002801120448179
240000002114,MATCHED_CONTROL,308,119877929651,1,1,357,1,357,0.002801120448179
240000002114,MATCHED_CONTROL,309,119935430963,1,1,357,1,357,0.002801120448179
240000002114,MATCHED_CONTROL,310,119995108403,1,1,357,1,357,0.002801120448179
240000002114,MATCHED_CONTROL,311,119999993123,1,1,357,1,357,0.002801120448179
240000002114,MATCHED_CONTROL,312,119999999963,1,1,357,1,357,0.002801120448179
240000003122,MATCHED_CONTROL,1,3,125,125,354,125,354,0.353107344632768
240000003122,MATCHED_CONTROL,2,7,47,28,354,47,354,0.132768361581921
240000003122,MATCHED_CONTROL,3,19,21,16,354,21,354,0.059322033898305
240000003122,MATCHED_CONTROL,4,23,16,13,354,16,354,0.045197740112994
240000003122,MATCHED_CONTROL,5,31,16,8,354,16,354,0.045197740112994
240000003122,MATCHED_CONTROL,6,43,10,7,354,10,354,0.028248587570621
240000003122,MATCHED_CONTROL,7,71,10,6,354,10,354,0.028248587570621
240000003122,MATCHED_CONTROL,8,59,9,2,354,9,354,0.025423728813559
240000003122,MATCHED_CONTROL,9,47,7,6,354,7,354,0.019774011299435
240000003122,MATCHED_CONTROL,10,83,7,4,354,7,354,0.019774011299435
240000003122,MATCHED_CONTROL,11,103,5,4,354,5,354,0.014124293785311
240000003122,MATCHED_CONTROL,12,127,5,2,354,5,354,0.014124293785311
240000003122,MATCHED_CONTROL,13,139,5,1,354,5,354,0.014124293785311
240000003122,MATCHED_CONTROL,14,79,4,3,354,4,354,0.011299435028249
240000003122,MATCHED_CONTROL,15,131,4,1,354,4,354,0.011299435028249
240000003122,MATCHED_CONTROL,16,251,4,1,354,4,354,0.011299435028249
240000003122,MATCHED_CONTROL,17,107,3,2,354,3,354,0.008474576271186
240000003122,MATCHED_CONTROL,18,163,3,3,354,3,354,0.008474576271186
240000003122,MATCHED_CONTROL,19,167,3,1,354,3,354,0.008474576271186
240000003122,MATCHED_CONTROL,20,211,3,3,354,3,354,0.008474576271186
240000003122,MATCHED_CONTROL,21,227,3,1,354,3,354,0.008474576271186
240000003122,MATCHED_CONTROL,22,239,3,2,354,3,354,0.008474576271186
240000003122,MATCHED_CONTROL,23,331,3,2,354,3,354,0.008474576271186
240000003122,MATCHED_CONTROL,24,67,2,1,354,2,354,0.005649717514124
240000003122,MATCHED_CONTROL,25,151,2,2,354,2,354,0.005649717514124
240000003122,MATCHED_CONTROL,26,179,2,0,354,2,354,0.005649717514124
240000003122,MATCHED_CONTROL,27,199,2,2,354,2,354,0.005649717514124
240000003122,MATCHED_CONTROL,28,263,2,1,354,2,354,0.005649717514124
240000003122,MATCHED_CONTROL,29,419,2,1,354,2,354,0.005649717514124
240000003122,MATCHED_CONTROL,30,463,2,0,354,2,354,0.005649717514124
240000003122,MATCHED_CONTROL,31,499,2,1,354,2,354,0.005649717514124
240000003122,MATCHED_CONTROL,32,523,2,1,354,2,354,0.005649717514124
240000003122,MATCHED_CONTROL,33,563,2,0,354,2,354,0.005649717514124
240000003122,MATCHED_CONTROL,34,743,2,0,354,2,354,0.005649717514124
240000003122,MATCHED_CONTROL,35,823,2,0,354,2,354,0.005649717514124
240000003122,MATCHED_CONTROL,36,971,2,2,354,2,354,0.005649717514124
240000003122,MATCHED_CONTROL,37,1171,2,1,354,2,354,0.005649717514124
240000003122,MATCHED_CONTROL,38,1279,2,0,354,2,354,0.005649717514124
240000003122,MATCHED_CONTROL,39,1459,2,1,354,2,354,0.005649717514124
240000003122,MATCHED_CONTROL,40,1871,2,0,354,2,354,0.005649717514124
240000003122,MATCHED_CONTROL,41,3319,2,1,354,2,354,0.005649717514124
240000003122,MATCHED_CONTROL,42,4751,2,0,354,2,354,0.005649717514124
240000003122,MATCHED_CONTROL,43,13171,2,1,354,2,354,0.005649717514124
240000003122,MATCHED_CONTROL,44,1716419,2,0,354,2,354,0.005649717514124
240000003122,MATCHED_CONTROL,45,191,1,0,354,1,354,0.002824858757062
240000003122,MATCHED_CONTROL,46,271,1,0,354,1,354,0.002824858757062
240000003122,MATCHED_CONTROL,47,307,1,0,354,1,354,0.002824858757062
240000003122,MATCHED_CONTROL,48,311,1,0,354,1,354,0.002824858757062
240000003122,MATCHED_CONTROL,49,347,1,1,354,1,354,0.002824858757062
240000003122,MATCHED_CONTROL,50,367,1,0,354,1,354,0.002824858757062
240000003122,MATCHED_CONTROL,51,379,1,0,354,1,354,0.002824858757062
240000003122,MATCHED_CONTROL,52,431,1,0,354,1,354,0.002824858757062
240000003122,MATCHED_CONTROL,53,439,1,1,354,1,354,0.002824858757062
240000003122,MATCHED_CONTROL,54,443,1,0,354,1,354,0.002824858757062
240000003122,MATCHED_CONTROL,55,467,1,0,354,1,354,0.002824858757062
240000003122,MATCHED_CONTROL,56,479,1,0,354,1,354,0.002824858757062
240000003122,MATCHED_CONTROL,57,491,1,0,354,1,354,0.002824858757062
240000003122,MATCHED_CONTROL,58,571,1,0,354,1,354,0.002824858757062
240000003122,MATCHED_CONTROL,59,647,1,0,354,1,354,0.002824858757062
240000003122,MATCHED_CONTROL,60,659,1,1,354,1,354,0.002824858757062
240000003122,MATCHED_CONTROL,61,719,1,0,354,1,354,0.002824858757062
240000003122,MATCHED_CONTROL,62,739,1,1,354,1,354,0.002824858757062
240000003122,MATCHED_CONTROL,63,827,1,0,354,1,354,0.002824858757062
240000003122,MATCHED_CONTROL,64,863,1,0,354,1,354,0.002824858757062
240000003122,MATCHED_CONTROL,65,947,1,1,354,1,354,0.002824858757062
240000003122,MATCHED_CONTROL,66,967,1,0,354,1,354,0.002824858757062
240000003122,MATCHED_CONTROL,67,983,1,0,354,1,354,0.002824858757062
240000003122,MATCHED_CONTROL,68,1039,1,1,354,1,354,0.002824858757062
240000003122,MATCHED_CONTROL,69,1103,1,0,354,1,354,0.002824858757062
240000003122,MATCHED_CONTROL,70,1151,1,1,354,1,354,0.002824858757062
240000003122,MATCHED_CONTROL,71,1187,1,1,354,1,354,0.002824858757062
240000003122,MATCHED_CONTROL,72,1231,1,0,354,1,354,0.002824858757062
240000003122,MATCHED_CONTROL,73,1291,1,1,354,1,354,0.002824858757062
240000003122,MATCHED_CONTROL,74,1307,1,0,354,1,354,0.002824858757062
240000003122,MATCHED_CONTROL,75,1427,1,0,354,1,354,0.002824858757062
240000003122,MATCHED_CONTROL,76,1439,1,0,354,1,354,0.002824858757062
240000003122,MATCHED_CONTROL,77,1483,1,0,354,1,354,0.002824858757062
240000003122,MATCHED_CONTROL,78,1543,1,0,354,1,354,0.002824858757062
240000003122,MATCHED_CONTROL,79,1579,1,0,354,1,354,0.002824858757062
240000003122,MATCHED_CONTROL,80,1627,1,0,354,1,354,0.002824858757062
240000003122,MATCHED_CONTROL,81,1999,1,0,354,1,354,0.002824858757062
240000003122,MATCHED_CONTROL,82,2003,1,0,354,1,354,0.002824858757062
240000003122,MATCHED_CONTROL,83,2083,1,0,354,1,354,0.002824858757062
240000003122,MATCHED_CONTROL,84,2251,1,0,354,1,354,0.002824858757062
240000003122,MATCHED_CONTROL,85,2287,1,0,354,1,354,0.002824858757062
240000003122,MATCHED_CONTROL,86,2383,1,1,354,1,354,0.002824858757062
240000003122,MATCHED_CONTROL,87,2399,1,0,354,1,354,0.002824858757062
240000003122,MATCHED_CONTROL,88,2447,1,1,354,1,354,0.002824858757062
240000003122,MATCHED_CONTROL,89,2683,1,1,354,1,354,0.002824858757062
240000003122,MATCHED_CONTROL,90,2719,1,0,354,1,354,0.002824858757062
240000003122,MATCHED_CONTROL,91,2731,1,0,354,1,354,0.002824858757062
240000003122,MATCHED_CONTROL,92,2791,1,0,354,1,354,0.002824858757062
240000003122,MATCHED_CONTROL,93,3203,1,0,354,1,354,0.002824858757062
240000003122,MATCHED_CONTROL,94,3347,1,0,354,1,354,0.002824858757062
240000003122,MATCHED_CONTROL,95,3371,1,0,354,1,354,0.002824858757062
240000003122,MATCHED_CONTROL,96,3391,1,0,354,1,354,0.002824858757062
240000003122,MATCHED_CONTROL,97,3559,1,0,354,1,354,0.002824858757062
240000003122,MATCHED_CONTROL,98,4159,1,0,354,1,354,0.002824858757062
240000003122,MATCHED_CONTROL,99,4327,1,1,354,1,354,0.002824858757062
240000003122,MATCHED_CONTROL,100,4339,1,1,354,1,354,0.002824858757062
240000003122,MATCHED_CONTROL,101,4423,1,1,354,1,354,0.002824858757062
240000003122,MATCHED_CONTROL,102,4703,1,1,354,1,354,0.002824858757062
240000003122,MATCHED_CONTROL,103,4987,1,1,354,1,354,0.002824858757062
240000003122,MATCHED_CONTROL,104,5023,1,1,354,1,354,0.002824858757062
240000003122,MATCHED_CONTROL,105,5563,1,0,354,1,354,0.002824858757062
240000003122,MATCHED_CONTROL,106,5807,1,0,354,1,354,0.002824858757062
240000003122,MATCHED_CONTROL,107,5843,1,0,354,1,354,0.002824858757062
240000003122,MATCHED_CONTROL,108,5879,1,1,354,1,354,0.002824858757062
240000003122,MATCHED_CONTROL,109,5923,1,0,354,1,354,0.002824858757062
240000003122,MATCHED_CONTROL,110,6287,1,1,354,1,354,0.002824858757062
240000003122,MATCHED_CONTROL,111,6367,1,0,354,1,354,0.002824858757062
240000003122,MATCHED_CONTROL,112,6599,1,1,354,1,354,0.002824858757062
240000003122,MATCHED_CONTROL,113,6803,1,0,354,1,354,0.002824858757062
240000003122,MATCHED_CONTROL,114,7699,1,0,354,1,354,0.002824858757062
240000003122,MATCHED_CONTROL,115,8539,1,0,354,1,354,0.002824858757062
240000003122,MATCHED_CONTROL,116,8819,1,0,354,1,354,0.002824858757062
240000003122,MATCHED_CONTROL,117,8831,1,1,354,1,354,0.002824858757062
240000003122,MATCHED_CONTROL,118,9391,1,0,354,1,354,0.002824858757062
240000003122,MATCHED_CONTROL,119,9587,1,0,354,1,354,0.002824858757062
240000003122,MATCHED_CONTROL,120,9803,1,1,354,1,354,0.002824858757062
240000003122,MATCHED_CONTROL,121,10639,1,0,354,1,354,0.002824858757062
240000003122,MATCHED_CONTROL,122,11119,1,1,354,1,354,0.002824858757062
240000003122,MATCHED_CONTROL,123,11831,1,0,354,1,354,0.002824858757062
240000003122,MATCHED_CONTROL,124,11959,1,0,354,1,354,0.002824858757062
240000003122,MATCHED_CONTROL,125,12211,1,0,354,1,354,0.002824858757062
240000003122,MATCHED_CONTROL,126,12703,1,1,354,1,354,0.002824858757062
240000003122,MATCHED_CONTROL,127,13331,1,1,354,1,354,0.002824858757062
240000003122,MATCHED_CONTROL,128,14563,1,0,354,1,354,0.002824858757062
240000003122,MATCHED_CONTROL,129,14867,1,0,354,1,354,0.002824858757062
240000003122,MATCHED_CONTROL,130,15803,1,0,354,1,354,0.002824858757062
240000003122,MATCHED_CONTROL,131,18119,1,1,354,1,354,0.002824858757062
240000003122,MATCHED_CONTROL,132,18671,1,1,354,1,354,0.002824858757062
240000003122,MATCHED_CONTROL,133,19423,1,0,354,1,354,0.002824858757062
240000003122,MATCHED_CONTROL,134,20543,1,0,354,1,354,0.002824858757062
240000003122,MATCHED_CONTROL,135,21323,1,1,354,1,354,0.002824858757062
240000003122,MATCHED_CONTROL,136,23911,1,0,354,1,354,0.002824858757062
240000003122,MATCHED_CONTROL,137,24547,1,1,354,1,354,0.002824858757062
240000003122,MATCHED_CONTROL,138,24799,1,0,354,1,354,0.002824858757062
240000003122,MATCHED_CONTROL,139,31511,1,0,354,1,354,0.002824858757062
240000003122,MATCHED_CONTROL,140,32479,1,0,354,1,354,0.002824858757062
240000003122,MATCHED_CONTROL,141,33863,1,0,354,1,354,0.002824858757062
240000003122,MATCHED_CONTROL,142,38747,1,0,354,1,354,0.002824858757062
240000003122,MATCHED_CONTROL,143,39323,1,0,354,1,354,0.002824858757062
240000003122,MATCHED_CONTROL,144,40459,1,1,354,1,354,0.002824858757062
240000003122,MATCHED_CONTROL,145,48271,1,0,354,1,354,0.002824858757062
240000003122,MATCHED_CONTROL,146,48823,1,0,354,1,354,0.002824858757062
240000003122,MATCHED_CONTROL,147,57223,1,0,354,1,354,0.002824858757062
240000003122,MATCHED_CONTROL,148,60659,1,1,354,1,354,0.002824858757062
240000003122,MATCHED_CONTROL,149,78007,1,1,354,1,354,0.002824858757062
240000003122,MATCHED_CONTROL,150,86131,1,0,354,1,354,0.002824858757062
240000003122,MATCHED_CONTROL,151,88211,1,0,354,1,354,0.002824858757062
240000003122,MATCHED_CONTROL,152,89371,1,0,354,1,354,0.002824858757062
240000003122,MATCHED_CONTROL,153,90731,1,1,354,1,354,0.002824858757062
240000003122,MATCHED_CONTROL,154,92779,1,0,354,1,354,0.002824858757062
240000003122,MATCHED_CONTROL,155,97787,1,1,354,1,354,0.002824858757062
240000003122,MATCHED_CONTROL,156,98807,1,0,354,1,354,0.002824858757062
240000003122,MATCHED_CONTROL,157,101347,1,0,354,1,354,0.002824858757062
240000003122,MATCHED_CONTROL,158,109919,1,0,354,1,354,0.002824858757062
240000003122,MATCHED_CONTROL,159,123583,1,1,354,1,354,0.002824858757062
240000003122,MATCHED_CONTROL,160,129887,1,0,354,1,354,0.002824858757062
240000003122,MATCHED_CONTROL,161,132863,1,1,354,1,354,0.002824858757062
240000003122,MATCHED_CONTROL,162,134999,1,1,354,1,354,0.002824858757062
240000003122,MATCHED_CONTROL,163,137399,1,0,354,1,354,0.002824858757062
240000003122,MATCHED_CONTROL,164,143551,1,1,354,1,354,0.002824858757062
240000003122,MATCHED_CONTROL,165,148403,1,0,354,1,354,0.002824858757062
240000003122,MATCHED_CONTROL,166,152123,1,0,354,1,354,0.002824858757062
240000003122,MATCHED_CONTROL,167,152239,1,0,354,1,354,0.002824858757062
240000003122,MATCHED_CONTROL,168,160159,1,0,354,1,354,0.002824858757062
240000003122,MATCHED_CONTROL,169,161911,1,1,354,1,354,0.002824858757062
240000003122,MATCHED_CONTROL,170,164011,1,0,354,1,354,0.002824858757062
240000003122,MATCHED_CONTROL,171,172279,1,0,354,1,354,0.002824858757062
240000003122,MATCHED_CONTROL,172,181499,1,0,354,1,354,0.002824858757062
240000003122,MATCHED_CONTROL,173,199999,1,0,354,1,354,0.002824858757062
240000003122,MATCHED_CONTROL,174,205063,1,0,354,1,354,0.002824858757062
240000003122,MATCHED_CONTROL,175,206383,1,1,354,1,354,0.002824858757062
240000003122,MATCHED_CONTROL,176,211891,1,0,354,1,354,0.002824858757062
240000003122,MATCHED_CONTROL,177,216451,1,0,354,1,354,0.002824858757062
240000003122,MATCHED_CONTROL,178,223463,1,0,354,1,354,0.002824858757062
240000003122,MATCHED_CONTROL,179,228383,1,1,354,1,354,0.002824858757062
240000003122,MATCHED_CONTROL,180,267647,1,0,354,1,354,0.002824858757062
240000003122,MATCHED_CONTROL,181,280603,1,0,354,1,354,0.002824858757062
240000003122,MATCHED_CONTROL,182,284083,1,0,354,1,354,0.002824858757062
240000003122,MATCHED_CONTROL,183,349579,1,0,354,1,354,0.002824858757062
240000003122,MATCHED_CONTROL,184,369979,1,0,354,1,354,0.002824858757062
240000003122,MATCHED_CONTROL,185,394931,1,1,354,1,354,0.002824858757062
240000003122,MATCHED_CONTROL,186,466139,1,0,354,1,354,0.002824858757062
240000003122,MATCHED_CONTROL,187,527407,1,0,354,1,354,0.002824858757062
240000003122,MATCHED_CONTROL,188,570403,1,1,354,1,354,0.002824858757062
240000003122,MATCHED_CONTROL,189,598123,1,1,354,1,354,0.002824858757062
240000003122,MATCHED_CONTROL,190,710483,1,0,354,1,354,0.002824858757062
240000003122,MATCHED_CONTROL,191,716383,1,0,354,1,354,0.002824858757062
240000003122,MATCHED_CONTROL,192,777251,1,1,354,1,354,0.002824858757062
240000003122,MATCHED_CONTROL,193,821939,1,0,354,1,354,0.002824858757062
240000003122,MATCHED_CONTROL,194,886819,1,0,354,1,354,0.002824858757062
240000003122,MATCHED_CONTROL,195,899491,1,1,354,1,354,0.002824858757062
240000003122,MATCHED_CONTROL,196,981091,1,0,354,1,354,0.002824858757062
240000003122,MATCHED_CONTROL,197,992819,1,0,354,1,354,0.002824858757062
240000003122,MATCHED_CONTROL,198,1036883,1,0,354,1,354,0.002824858757062
240000003122,MATCHED_CONTROL,199,1130407,1,0,354,1,354,0.002824858757062
240000003122,MATCHED_CONTROL,200,1334947,1,1,354,1,354,0.002824858757062
240000003122,MATCHED_CONTROL,201,1543127,1,1,354,1,354,0.002824858757062
240000003122,MATCHED_CONTROL,202,1903063,1,0,354,1,354,0.002824858757062
240000003122,MATCHED_CONTROL,203,2002579,1,0,354,1,354,0.002824858757062
240000003122,MATCHED_CONTROL,204,2215979,1,0,354,1,354,0.002824858757062
240000003122,MATCHED_CONTROL,205,2383411,1,1,354,1,354,0.002824858757062
240000003122,MATCHED_CONTROL,206,3236507,1,0,354,1,354,0.002824858757062
240000003122,MATCHED_CONTROL,207,3347959,1,0,354,1,354,0.002824858757062
240000003122,MATCHED_CONTROL,208,3993043,1,0,354,1,354,0.002824858757062
240000003122,MATCHED_CONTROL,209,4027927,1,0,354,1,354,0.002824858757062
240000003122,MATCHED_CONTROL,210,4214503,1,1,354,1,354,0.002824858757062
240000003122,MATCHED_CONTROL,211,4304191,1,0,354,1,354,0.002824858757062
240000003122,MATCHED_CONTROL,212,4930039,1,0,354,1,354,0.002824858757062
240000003122,MATCHED_CONTROL,213,5025487,1,0,354,1,354,0.002824858757062
240000003122,MATCHED_CONTROL,214,5272871,1,0,354,1,354,0.002824858757062
240000003122,MATCHED_CONTROL,215,5585179,1,1,354,1,354,0.002824858757062
240000003122,MATCHED_CONTROL,216,5921159,1,0,354,1,354,0.002824858757062
240000003122,MATCHED_CONTROL,217,5947951,1,0,354,1,354,0.002824858757062
240000003122,MATCHED_CONTROL,218,6371723,1,1,354,1,354,0.002824858757062
240000003122,MATCHED_CONTROL,219,7587247,1,0,354,1,354,0.002824858757062
240000003122,MATCHED_CONTROL,220,8707007,1,0,354,1,354,0.002824858757062
240000003122,MATCHED_CONTROL,221,9120151,1,0,354,1,354,0.002824858757062
240000003122,MATCHED_CONTROL,222,9264599,1,1,354,1,354,0.002824858757062
240000003122,MATCHED_CONTROL,223,10111747,1,1,354,1,354,0.002824858757062
240000003122,MATCHED_CONTROL,224,10534547,1,0,354,1,354,0.002824858757062
240000003122,MATCHED_CONTROL,225,10961927,1,0,354,1,354,0.002824858757062
240000003122,MATCHED_CONTROL,226,11232799,1,0,354,1,354,0.002824858757062
240000003122,MATCHED_CONTROL,227,13267283,1,0,354,1,354,0.002824858757062
240000003122,MATCHED_CONTROL,228,13454699,1,1,354,1,354,0.002824858757062
240000003122,MATCHED_CONTROL,229,16148567,1,0,354,1,354,0.002824858757062
240000003122,MATCHED_CONTROL,230,16163767,1,1,354,1,354,0.002824858757062
240000003122,MATCHED_CONTROL,231,17226523,1,0,354,1,354,0.002824858757062
240000003122,MATCHED_CONTROL,232,21182159,1,0,354,1,354,0.002824858757062
240000003122,MATCHED_CONTROL,233,22432247,1,0,354,1,354,0.002824858757062
240000003122,MATCHED_CONTROL,234,26948123,1,1,354,1,354,0.002824858757062
240000003122,MATCHED_CONTROL,235,27171307,1,0,354,1,354,0.002824858757062
240000003122,MATCHED_CONTROL,236,29476787,1,0,354,1,354,0.002824858757062
240000003122,MATCHED_CONTROL,237,30832427,1,0,354,1,354,0.002824858757062
240000003122,MATCHED_CONTROL,238,33660587,1,0,354,1,354,0.002824858757062
240000003122,MATCHED_CONTROL,239,34407911,1,0,354,1,354,0.002824858757062
240000003122,MATCHED_CONTROL,240,37819099,1,0,354,1,354,0.002824858757062
240000003122,MATCHED_CONTROL,241,37875611,1,1,354,1,354,0.002824858757062
240000003122,MATCHED_CONTROL,242,37974683,1,0,354,1,354,0.002824858757062
240000003122,MATCHED_CONTROL,243,38208479,1,0,354,1,354,0.002824858757062
240000003122,MATCHED_CONTROL,244,38787103,1,1,354,1,354,0.002824858757062
240000003122,MATCHED_CONTROL,245,38897891,1,1,354,1,354,0.002824858757062
240000003122,MATCHED_CONTROL,246,39305599,1,0,354,1,354,0.002824858757062
240000003122,MATCHED_CONTROL,247,43156331,1,0,354,1,354,0.002824858757062
240000003122,MATCHED_CONTROL,248,56261851,1,0,354,1,354,0.002824858757062
240000003122,MATCHED_CONTROL,249,56888059,1,1,354,1,354,0.002824858757062
240000003122,MATCHED_CONTROL,250,60146291,1,0,354,1,354,0.002824858757062
240000003122,MATCHED_CONTROL,251,64377559,1,0,354,1,354,0.002824858757062
240000003122,MATCHED_CONTROL,252,65609623,1,0,354,1,354,0.002824858757062
240000003122,MATCHED_CONTROL,253,80955187,1,0,354,1,354,0.002824858757062
240000003122,MATCHED_CONTROL,254,84582527,1,0,354,1,354,0.002824858757062
240000003122,MATCHED_CONTROL,255,103459663,1,0,354,1,354,0.002824858757062
240000003122,MATCHED_CONTROL,256,115345387,1,0,354,1,354,0.002824858757062
240000003122,MATCHED_CONTROL,257,145630747,1,0,354,1,354,0.002824858757062
240000003122,MATCHED_CONTROL,258,148346423,1,0,354,1,354,0.002824858757062
240000003122,MATCHED_CONTROL,259,179967719,1,0,354,1,354,0.002824858757062
240000003122,MATCHED_CONTROL,260,198891571,1,0,354,1,354,0.002824858757062
240000003122,MATCHED_CONTROL,261,394207591,1,1,354,1,354,0.002824858757062
240000003122,MATCHED_CONTROL,262,413890811,1,1,354,1,354,0.002824858757062
240000003122,MATCHED_CONTROL,263,422096971,1,0,354,1,354,0.002824858757062
240000003122,MATCHED_CONTROL,264,489795919,1,1,354,1,354,0.002824858757062
240000003122,MATCHED_CONTROL,265,514497559,1,1,354,1,354,0.002824858757062
240000003122,MATCHED_CONTROL,266,540536147,1,0,354,1,354,0.002824858757062
240000003122,MATCHED_CONTROL,267,575079299,1,0,354,1,354,0.002824858757062
240000003122,MATCHED_CONTROL,268,615259423,1,0,354,1,354,0.002824858757062
240000003122,MATCHED_CONTROL,269,632152663,1,1,354,1,354,0.002824858757062
240000003122,MATCHED_CONTROL,270,658343663,1,0,354,1,354,0.002824858757062
240000003122,MATCHED_CONTROL,271,697646039,1,0,354,1,354,0.002824858757062
240000003122,MATCHED_CONTROL,272,769380607,1,0,354,1,354,0.002824858757062
240000003122,MATCHED_CONTROL,273,881453423,1,1,354,1,354,0.002824858757062
240000003122,MATCHED_CONTROL,274,1026663619,1,0,354,1,354,0.002824858757062
240000003122,MATCHED_CONTROL,275,1304347843,1,0,354,1,354,0.002824858757062
240000003122,MATCHED_CONTROL,276,1396548319,1,0,354,1,354,0.002824858757062
240000003122,MATCHED_CONTROL,277,1428571447,1,0,354,1,354,0.002824858757062
240000003122,MATCHED_CONTROL,278,1538145151,1,0,354,1,354,0.002824858757062
240000003122,MATCHED_CONTROL,279,1538458151,1,0,354,1,354,0.002824858757062
240000003122,MATCHED_CONTROL,280,1599673319,1,0,354,1,354,0.002824858757062
240000003122,MATCHED_CONTROL,281,1599985819,1,0,354,1,354,0.002824858757062
240000003122,MATCHED_CONTROL,282,2856561607,1,0,354,1,354,0.002824858757062
240000003122,MATCHED_CONTROL,283,2942190023,1,0,354,1,354,0.002824858757062
240000003122,MATCHED_CONTROL,284,3720978623,1,0,354,1,354,0.002824858757062
240000003122,MATCHED_CONTROL,285,4285713287,1,0,354,1,354,0.002824858757062
240000003122,MATCHED_CONTROL,286,4795113707,1,1,354,1,354,0.002824858757062
240000003122,MATCHED_CONTROL,287,4799996207,1,1,354,1,354,0.002824858757062
240000003122,MATCHED_CONTROL,288,4799996519,1,1,354,1,354,0.002824858757062
240000003122,MATCHED_CONTROL,289,4860266539,1,0,354,1,354,0.002824858757062
240000003122,MATCHED_CONTROL,290,4861829039,1,0,354,1,354,0.002824858757062
240000003122,MATCHED_CONTROL,291,6631562591,1,1,354,1,354,0.002824858757062
240000003122,MATCHED_CONTROL,292,6632758151,1,1,354,1,354,0.002824858757062
240000003122,MATCHED_CONTROL,293,6666666571,1,1,354,1,354,0.002824858757062
240000003122,MATCHED_CONTROL,294,7058818411,1,1,354,1,354,0.002824858757062
240000003122,MATCHED_CONTROL,295,7999521703,1,0,354,1,354,0.002824858757062
240000003122,MATCHED_CONTROL,296,9999999479,1,0,354,1,354,0.002824858757062
240000003122,MATCHED_CONTROL,297,13975330867,1,1,354,1,354,0.002824858757062
240000003122,MATCHED_CONTROL,298,14999389843,1,1,354,1,354,0.002824858757062
240000003122,MATCHED_CONTROL,299,14999700283,1,1,354,1,354,0.002824858757062
240000003122,MATCHED_CONTROL,300,19709434883,1,0,354,1,354,0.002824858757062
240000003122,MATCHED_CONTROL,301,19967552459,1,0,354,1,354,0.002824858757062
240000003122,MATCHED_CONTROL,302,19995931243,1,0,354,1,354,0.002824858757062
240000003122,MATCHED_CONTROL,303,19999832579,1,0,354,1,354,0.002824858757062
240000003122,MATCHED_CONTROL,304,19999837499,1,0,354,1,354,0.002824858757062
240000003122,MATCHED_CONTROL,305,19999999939,1,0,354,1,354,0.002824858757062
240000003122,MATCHED_CONTROL,306,23975586247,1,1,354,1,354,0.002824858757062
240000003122,MATCHED_CONTROL,307,23998526359,1,1,354,1,354,0.002824858757062
240000003122,MATCHED_CONTROL,308,23999961247,1,1,354,1,354,0.002824858757062
240000003122,MATCHED_CONTROL,309,26077319111,1,1,354,1,354,0.002824858757062
240000003122,MATCHED_CONTROL,310,29564150387,1,1,354,1,354,0.002824858757062
240000003122,MATCHED_CONTROL,311,29969482811,1,1,354,1,354,0.002824858757062
240000003122,MATCHED_CONTROL,312,29993398847,1,1,354,1,354,0.002824858757062
240000003122,MATCHED_CONTROL,313,29999992931,1,1,354,1,354,0.002824858757062
240000003122,MATCHED_CONTROL,314,29999999567,1,1,354,1,354,0.002824858757062
240000003122,MATCHED_CONTROL,315,30000000299,1,1,354,1,354,0.002824858757062
240000003122,MATCHED_CONTROL,316,39999409279,1,0,354,1,354,0.002824858757062
240000003122,MATCHED_CONTROL,317,39999674999,1,0,354,1,354,0.002824858757062
240000003122,MATCHED_CONTROL,318,39999996719,1,0,354,1,354,0.002824858757062
240000003122,MATCHED_CONTROL,319,43641486167,1,1,354,1,354,0.002824858757062
240000003122,MATCHED_CONTROL,320,59999999999,1,1,354,1,354,0.002824858757062
240000003122,MATCHED_CONTROL,321,60000000779,1,1,354,1,354,0.002824858757062
240000003122,MATCHED_CONTROL,322,72928412147,1,1,354,1,354,0.002824858757062
240000003122,MATCHED_CONTROL,323,114769817147,1,1,354,1,354,0.002824858757062
240000003122,MATCHED_CONTROL,324,114769824647,1,1,354,1,354,0.002824858757062
240000003122,MATCHED_CONTROL,325,119995108907,1,1,354,1,354,0.002824858757062
240000003122,MATCHED_CONTROL,326,119999196587,1,1,354,1,354,0.002824858757062
240000003122,MATCHED_CONTROL,327,119999983907,1,1,354,1,354,0.002824858757062
240000003122,MATCHED_CONTROL,328,120000001439,1,1,354,1,354,0.002824858757062
240000048838,MATCHED_CONTROL,1,3,139,139,352,139,352,0.394886363636364
240000048838,MATCHED_CONTROL,2,7,46,34,352,46,352,0.130681818181818
240000048838,MATCHED_CONTROL,3,19,21,11,352,21,352,0.059659090909091
240000048838,MATCHED_CONTROL,4,23,17,9,352,17,352,0.048295454545455
240000048838,MATCHED_CONTROL,5,31,16,10,352,16,352,0.045454545454545
240000048838,MATCHED_CONTROL,6,43,11,5,352,11,352,0.031250000000000
240000048838,MATCHED_CONTROL,7,47,10,3,352,10,352,0.028409090909091
240000048838,MATCHED_CONTROL,8,79,7,4,352,7,352,0.019886363636364
240000048838,MATCHED_CONTROL,9,59,6,3,352,6,352,0.017045454545455
240000048838,MATCHED_CONTROL,10,67,5,2,352,5,352,0.014204545454545
240000048838,MATCHED_CONTROL,11,83,4,3,352,4,352,0.011363636363636
240000048838,MATCHED_CONTROL,12,127,4,3,352,4,352,0.011363636363636
240000048838,MATCHED_CONTROL,13,131,3,1,352,3,352,0.008522727272727
240000048838,MATCHED_CONTROL,14,151,3,1,352,3,352,0.008522727272727
240000048838,MATCHED_CONTROL,15,199,3,1,352,3,352,0.008522727272727
240000048838,MATCHED_CONTROL,16,263,3,1,352,3,352,0.008522727272727
240000048838,MATCHED_CONTROL,17,271,3,1,352,3,352,0.008522727272727
240000048838,MATCHED_CONTROL,18,331,3,1,352,3,352,0.008522727272727
240000048838,MATCHED_CONTROL,19,367,3,1,352,3,352,0.008522727272727
240000048838,MATCHED_CONTROL,20,103,2,0,352,2,352,0.005681818181818
240000048838,MATCHED_CONTROL,21,107,2,1,352,2,352,0.005681818181818
240000048838,MATCHED_CONTROL,22,167,2,1,352,2,352,0.005681818181818
240000048838,MATCHED_CONTROL,23,179,2,2,352,2,352,0.005681818181818
240000048838,MATCHED_CONTROL,24,191,2,1,352,2,352,0.005681818181818
240000048838,MATCHED_CONTROL,25,251,2,2,352,2,352,0.005681818181818
240000048838,MATCHED_CONTROL,26,311,2,1,352,2,352,0.005681818181818
240000048838,MATCHED_CONTROL,27,359,2,0,352,2,352,0.005681818181818
240000048838,MATCHED_CONTROL,28,379,2,0,352,2,352,0.005681818181818
240000048838,MATCHED_CONTROL,29,383,2,1,352,2,352,0.005681818181818
240000048838,MATCHED_CONTROL,30,499,2,0,352,2,352,0.005681818181818
240000048838,MATCHED_CONTROL,31,659,2,0,352,2,352,0.005681818181818
240000048838,MATCHED_CONTROL,32,2039,2,1,352,2,352,0.005681818181818
240000048838,MATCHED_CONTROL,33,3967,2,1,352,2,352,0.005681818181818
240000048838,MATCHED_CONTROL,34,223,1,0,352,1,352,0.002840909090909
240000048838,MATCHED_CONTROL,35,227,1,1,352,1,352,0.002840909090909
240000048838,MATCHED_CONTROL,36,239,1,1,352,1,352,0.002840909090909
240000048838,MATCHED_CONTROL,37,283,1,0,352,1,352,0.002840909090909
240000048838,MATCHED_CONTROL,38,307,1,0,352,1,352,0.002840909090909
240000048838,MATCHED_CONTROL,39,347,1,1,352,1,352,0.002840909090909
240000048838,MATCHED_CONTROL,40,419,1,1,352,1,352,0.002840909090909
240000048838,MATCHED_CONTROL,41,431,1,1,352,1,352,0.002840909090909
240000048838,MATCHED_CONTROL,42,443,1,0,352,1,352,0.002840909090909
240000048838,MATCHED_CONTROL,43,463,1,1,352,1,352,0.002840909090909
240000048838,MATCHED_CONTROL,44,487,1,0,352,1,352,0.002840909090909
240000048838,MATCHED_CONTROL,45,491,1,0,352,1,352,0.002840909090909
240000048838,MATCHED_CONTROL,46,523,1,0,352,1,352,0.002840909090909
240000048838,MATCHED_CONTROL,47,563,1,0,352,1,352,0.002840909090909
240000048838,MATCHED_CONTROL,48,587,1,1,352,1,352,0.002840909090909
240000048838,MATCHED_CONTROL,49,619,1,0,352,1,352,0.002840909090909
240000048838,MATCHED_CONTROL,50,683,1,0,352,1,352,0.002840909090909
240000048838,MATCHED_CONTROL,51,719,1,0,352,1,352,0.002840909090909
240000048838,MATCHED_CONTROL,52,823,1,0,352,1,352,0.002840909090909
240000048838,MATCHED_CONTROL,53,1019,1,1,352,1,352,0.002840909090909
240000048838,MATCHED_CONTROL,54,1039,1,0,352,1,352,0.002840909090909
240000048838,MATCHED_CONTROL,55,1151,1,0,352,1,352,0.002840909090909
240000048838,MATCHED_CONTROL,56,1231,1,0,352,1,352,0.002840909090909
240000048838,MATCHED_CONTROL,57,1259,1,1,352,1,352,0.002840909090909
240000048838,MATCHED_CONTROL,58,1279,1,1,352,1,352,0.002840909090909
240000048838,MATCHED_CONTROL,59,1283,1,0,352,1,352,0.002840909090909
240000048838,MATCHED_CONTROL,60,1367,1,0,352,1,352,0.002840909090909
240000048838,MATCHED_CONTROL,61,1523,1,0,352,1,352,0.002840909090909
240000048838,MATCHED_CONTROL,62,1811,1,0,352,1,352,0.002840909090909
240000048838,MATCHED_CONTROL,63,1847,1,0,352,1,352,0.002840909090909
240000048838,MATCHED_CONTROL,64,1879,1,0,352,1,352,0.002840909090909
240000048838,MATCHED_CONTROL,65,1951,1,1,352,1,352,0.002840909090909
240000048838,MATCHED_CONTROL,66,2099,1,0,352,1,352,0.002840909090909
240000048838,MATCHED_CONTROL,67,2179,1,1,352,1,352,0.002840909090909
240000048838,MATCHED_CONTROL,68,2287,1,1,352,1,352,0.002840909090909
240000048838,MATCHED_CONTROL,69,2459,1,1,352,1,352,0.002840909090909
240000048838,MATCHED_CONTROL,70,2467,1,1,352,1,352,0.002840909090909
240000048838,MATCHED_CONTROL,71,2579,1,0,352,1,352,0.002840909090909
240000048838,MATCHED_CONTROL,72,2719,1,1,352,1,352,0.002840909090909
240000048838,MATCHED_CONTROL,73,2879,1,0,352,1,352,0.002840909090909
240000048838,MATCHED_CONTROL,74,2971,1,1,352,1,352,0.002840909090909
240000048838,MATCHED_CONTROL,75,3079,1,0,352,1,352,0.002840909090909
240000048838,MATCHED_CONTROL,76,3119,1,0,352,1,352,0.002840909090909
240000048838,MATCHED_CONTROL,77,3187,1,0,352,1,352,0.002840909090909
240000048838,MATCHED_CONTROL,78,3191,1,0,352,1,352,0.002840909090909
240000048838,MATCHED_CONTROL,79,3203,1,0,352,1,352,0.002840909090909
240000048838,MATCHED_CONTROL,80,3307,1,1,352,1,352,0.002840909090909
240000048838,MATCHED_CONTROL,81,3491,1,1,352,1,352,0.002840909090909
240000048838,MATCHED_CONTROL,82,4099,1,1,352,1,352,0.002840909090909
240000048838,MATCHED_CONTROL,83,4111,1,1,352,1,352,0.002840909090909
240000048838,MATCHED_CONTROL,84,4507,1,0,352,1,352,0.002840909090909
240000048838,MATCHED_CONTROL,85,4519,1,0,352,1,352,0.002840909090909
240000048838,MATCHED_CONTROL,86,4547,1,1,352,1,352,0.002840909090909
240000048838,MATCHED_CONTROL,87,5179,1,1,352,1,352,0.002840909090909
240000048838,MATCHED_CONTROL,88,5347,1,1,352,1,352,0.002840909090909
240000048838,MATCHED_CONTROL,89,5827,1,0,352,1,352,0.002840909090909
240000048838,MATCHED_CONTROL,90,5851,1,0,352,1,352,0.002840909090909
240000048838,MATCHED_CONTROL,91,6311,1,0,352,1,352,0.002840909090909
240000048838,MATCHED_CONTROL,92,6323,1,0,352,1,352,0.002840909090909
240000048838,MATCHED_CONTROL,93,8363,1,1,352,1,352,0.002840909090909
240000048838,MATCHED_CONTROL,94,8387,1,0,352,1,352,0.002840909090909
240000048838,MATCHED_CONTROL,95,8803,1,1,352,1,352,0.002840909090909
240000048838,MATCHED_CONTROL,96,8831,1,1,352,1,352,0.002840909090909
240000048838,MATCHED_CONTROL,97,8839,1,1,352,1,352,0.002840909090909
240000048838,MATCHED_CONTROL,98,8887,1,0,352,1,352,0.002840909090909
240000048838,MATCHED_CONTROL,99,8923,1,0,352,1,352,0.002840909090909
240000048838,MATCHED_CONTROL,100,9011,1,1,352,1,352,0.002840909090909
240000048838,MATCHED_CONTROL,101,9091,1,0,352,1,352,0.002840909090909
240000048838,MATCHED_CONTROL,102,9187,1,0,352,1,352,0.002840909090909
240000048838,MATCHED_CONTROL,103,9311,1,1,352,1,352,0.002840909090909
240000048838,MATCHED_CONTROL,104,9791,1,0,352,1,352,0.002840909090909
240000048838,MATCHED_CONTROL,105,10711,1,0,352,1,352,0.002840909090909
240000048838,MATCHED_CONTROL,106,10771,1,0,352,1,352,0.002840909090909
240000048838,MATCHED_CONTROL,107,10867,1,1,352,1,352,0.002840909090909
240000048838,MATCHED_CONTROL,108,11423,1,0,352,1,352,0.002840909090909
240000048838,MATCHED_CONTROL,109,11587,1,0,352,1,352,0.002840909090909
240000048838,MATCHED_CONTROL,110,11743,1,0,352,1,352,0.002840909090909
240000048838,MATCHED_CONTROL,111,11923,1,1,352,1,352,0.002840909090909
240000048838,MATCHED_CONTROL,112,12451,1,0,352,1,352,0.002840909090909
240000048838,MATCHED_CONTROL,113,12491,1,0,352,1,352,0.002840909090909
240000048838,MATCHED_CONTROL,114,15803,1,0,352,1,352,0.002840909090909
240000048838,MATCHED_CONTROL,115,16363,1,0,352,1,352,0.002840909090909
240000048838,MATCHED_CONTROL,116,16451,1,0,352,1,352,0.002840909090909
240000048838,MATCHED_CONTROL,117,17519,1,1,352,1,352,0.002840909090909
240000048838,MATCHED_CONTROL,118,18043,1,0,352,1,352,0.002840909090909
240000048838,MATCHED_CONTROL,119,19163,1,0,352,1,352,0.002840909090909
240000048838,MATCHED_CONTROL,120,19867,1,0,352,1,352,0.002840909090909
240000048838,MATCHED_CONTROL,121,20599,1,1,352,1,352,0.002840909090909
240000048838,MATCHED_CONTROL,122,21379,1,1,352,1,352,0.002840909090909
240000048838,MATCHED_CONTROL,123,21383,1,0,352,1,352,0.002840909090909
240000048838,MATCHED_CONTROL,124,21503,1,0,352,1,352,0.002840909090909
240000048838,MATCHED_CONTROL,125,23071,1,0,352,1,352,0.002840909090909
240000048838,MATCHED_CONTROL,126,23539,1,1,352,1,352,0.002840909090909
240000048838,MATCHED_CONTROL,127,23567,1,1,352,1,352,0.002840909090909
240000048838,MATCHED_CONTROL,128,24547,1,0,352,1,352,0.002840909090909
240000048838,MATCHED_CONTROL,129,25391,1,0,352,1,352,0.002840909090909
240000048838,MATCHED_CONTROL,130,30911,1,1,352,1,352,0.002840909090909
240000048838,MATCHED_CONTROL,131,31547,1,0,352,1,352,0.002840909090909
240000048838,MATCHED_CONTROL,132,35731,1,0,352,1,352,0.002840909090909
240000048838,MATCHED_CONTROL,133,35963,1,0,352,1,352,0.002840909090909
240000048838,MATCHED_CONTROL,134,40039,1,0,352,1,352,0.002840909090909
240000048838,MATCHED_CONTROL,135,41467,1,1,352,1,352,0.002840909090909
240000048838,MATCHED_CONTROL,136,44111,1,0,352,1,352,0.002840909090909
240000048838,MATCHED_CONTROL,137,44927,1,1,352,1,352,0.002840909090909
240000048838,MATCHED_CONTROL,138,49843,1,0,352,1,352,0.002840909090909
240000048838,MATCHED_CONTROL,139,50363,1,0,352,1,352,0.002840909090909
240000048838,MATCHED_CONTROL,140,51563,1,0,352,1,352,0.002840909090909
240000048838,MATCHED_CONTROL,141,51691,1,0,352,1,352,0.002840909090909
240000048838,MATCHED_CONTROL,142,52583,1,0,352,1,352,0.002840909090909
240000048838,MATCHED_CONTROL,143,55763,1,1,352,1,352,0.002840909090909
240000048838,MATCHED_CONTROL,144,56731,1,0,352,1,352,0.002840909090909
240000048838,MATCHED_CONTROL,145,68639,1,0,352,1,352,0.002840909090909
240000048838,MATCHED_CONTROL,146,68767,1,0,352,1,352,0.002840909090909
240000048838,MATCHED_CONTROL,147,86951,1,0,352,1,352,0.002840909090909
240000048838,MATCHED_CONTROL,148,100907,1,0,352,1,352,0.002840909090909
240000048838,MATCHED_CONTROL,149,101383,1,1,352,1,352,0.002840909090909
240000048838,MATCHED_CONTROL,150,105899,1,0,352,1,352,0.002840909090909
240000048838,MATCHED_CONTROL,151,121283,1,0,352,1,352,0.002840909090909
240000048838,MATCHED_CONTROL,152,123791,1,1,352,1,352,0.002840909090909
240000048838,MATCHED_CONTROL,153,126131,1,0,352,1,352,0.002840909090909
240000048838,MATCHED_CONTROL,154,130787,1,0,352,1,352,0.002840909090909
240000048838,MATCHED_CONTROL,155,133631,1,0,352,1,352,0.002840909090909
240000048838,MATCHED_CONTROL,156,134851,1,0,352,1,352,0.002840909090909
240000048838,MATCHED_CONTROL,157,135131,1,0,352,1,352,0.002840909090909
240000048838,MATCHED_CONTROL,158,142271,1,0,352,1,352,0.002840909090909
240000048838,MATCHED_CONTROL,159,151883,1,0,352,1,352,0.002840909090909
240000048838,MATCHED_CONTROL,160,175391,1,0,352,1,352,0.002840909090909
240000048838,MATCHED_CONTROL,161,184087,1,1,352,1,352,0.002840909090909
240000048838,MATCHED_CONTROL,162,211811,1,0,352,1,352,0.002840909090909
240000048838,MATCHED_CONTROL,163,228559,1,0,352,1,352,0.002840909090909
240000048838,MATCHED_CONTROL,164,246599,1,1,352,1,352,0.002840909090909
240000048838,MATCHED_CONTROL,165,264007,1,0,352,1,352,0.002840909090909
240000048838,MATCHED_CONTROL,166,264919,1,0,352,1,352,0.002840909090909
240000048838,MATCHED_CONTROL,167,304127,1,0,352,1,352,0.002840909090909
240000048838,MATCHED_CONTROL,168,310091,1,0,352,1,352,0.002840909090909
240000048838,MATCHED_CONTROL,169,312779,1,0,352,1,352,0.002840909090909
240000048838,MATCHED_CONTROL,170,323131,1,0,352,1,352,0.002840909090909
240000048838,MATCHED_CONTROL,171,331063,1,0,352,1,352,0.002840909090909
240000048838,MATCHED_CONTROL,172,359167,1,1,352,1,352,0.002840909090909
240000048838,MATCHED_CONTROL,173,412639,1,0,352,1,352,0.002840909090909
240000048838,MATCHED_CONTROL,174,443879,1,0,352,1,352,0.002840909090909
240000048838,MATCHED_CONTROL,175,472691,1,0,352,1,352,0.002840909090909
240000048838,MATCHED_CONTROL,176,481087,1,0,352,1,352,0.002840909090909
240000048838,MATCHED_CONTROL,177,543407,1,0,352,1,352,0.002840909090909
240000048838,MATCHED_CONTROL,178,556211,1,0,352,1,352,0.002840909090909
240000048838,MATCHED_CONTROL,179,600727,1,0,352,1,352,0.002840909090909
240000048838,MATCHED_CONTROL,180,690163,1,0,352,1,352,0.002840909090909
240000048838,MATCHED_CONTROL,181,710383,1,0,352,1,352,0.002840909090909
240000048838,MATCHED_CONTROL,182,723467,1,0,352,1,352,0.002840909090909
240000048838,MATCHED_CONTROL,183,730879,1,0,352,1,352,0.002840909090909
240000048838,MATCHED_CONTROL,184,918959,1,0,352,1,352,0.002840909090909
240000048838,MATCHED_CONTROL,185,929251,1,0,352,1,352,0.002840909090909
240000048838,MATCHED_CONTROL,186,1111967,1,1,352,1,352,0.002840909090909
240000048838,MATCHED_CONTROL,187,1348027,1,0,352,1,352,0.002840909090909
240000048838,MATCHED_CONTROL,188,1501483,1,1,352,1,352,0.002840909090909
240000048838,MATCHED_CONTROL,189,1734179,1,1,352,1,352,0.002840909090909
240000048838,MATCHED_CONTROL,190,1803563,1,0,352,1,352,0.002840909090909
240000048838,MATCHED_CONTROL,191,1811987,1,0,352,1,352,0.002840909090909
240000048838,MATCHED_CONTROL,192,1919891,1,0,352,1,352,0.002840909090909
240000048838,MATCHED_CONTROL,193,1937891,1,0,352,1,352,0.002840909090909
240000048838,MATCHED_CONTROL,194,1985183,1,1,352,1,352,0.002840909090909
240000048838,MATCHED_CONTROL,195,2243587,1,0,352,1,352,0.002840909090909
240000048838,MATCHED_CONTROL,196,2306971,1,1,352,1,352,0.002840909090909
240000048838,MATCHED_CONTROL,197,2599231,1,0,352,1,352,0.002840909090909
240000048838,MATCHED_CONTROL,198,2853503,1,0,352,1,352,0.002840909090909
240000048838,MATCHED_CONTROL,199,2945147,1,1,352,1,352,0.002840909090909
240000048838,MATCHED_CONTROL,200,3062551,1,0,352,1,352,0.002840909090909
240000048838,MATCHED_CONTROL,201,3567251,1,0,352,1,352,0.002840909090909
240000048838,MATCHED_CONTROL,202,4280971,1,1,352,1,352,0.002840909090909
240000048838,MATCHED_CONTROL,203,4590919,1,0,352,1,352,0.002840909090909
240000048838,MATCHED_CONTROL,204,4857059,1,0,352,1,352,0.002840909090909
240000048838,MATCHED_CONTROL,205,5516723,1,0,352,1,352,0.002840909090909
240000048838,MATCHED_CONTROL,206,5860807,1,0,352,1,352,0.002840909090909
240000048838,MATCHED_CONTROL,207,6573103,1,1,352,1,352,0.002840909090909
240000048838,MATCHED_CONTROL,208,7066723,1,1,352,1,352,0.002840909090909
240000048838,MATCHED_CONTROL,209,7237303,1,0,352,1,352,0.002840909090909
240000048838,MATCHED_CONTROL,210,8660507,1,1,352,1,352,0.002840909090909
240000048838,MATCHED_CONTROL,211,10252031,1,1,352,1,352,0.002840909090909
240000048838,MATCHED_CONTROL,212,10360283,1,0,352,1,352,0.002840909090909
240000048838,MATCHED_CONTROL,213,10750763,1,1,352,1,352,0.002840909090909
240000048838,MATCHED_CONTROL,214,14475367,1,0,352,1,352,0.002840909090909
240000048838,MATCHED_CONTROL,215,14914859,1,0,352,1,352,0.002840909090909
240000048838,MATCHED_CONTROL,216,20712767,1,0,352,1,352,0.002840909090909
240000048838,MATCHED_CONTROL,217,21906019,1,0,352,1,352,0.002840909090909
240000048838,MATCHED_CONTROL,218,22204219,1,0,352,1,352,0.002840909090909
240000048838,MATCHED_CONTROL,219,22224431,1,0,352,1,352,0.002840909090909
240000048838,MATCHED_CONTROL,220,25542787,1,1,352,1,352,0.002840909090909
240000048838,MATCHED_CONTROL,221,25552427,1,1,352,1,352,0.002840909090909
240000048838,MATCHED_CONTROL,222,29274031,1,0,352,1,352,0.002840909090909
240000048838,MATCHED_CONTROL,223,30178787,1,0,352,1,352,0.002840909090909
240000048838,MATCHED_CONTROL,224,30666991,1,0,352,1,352,0.002840909090909
240000048838,MATCHED_CONTROL,225,31209359,1,1,352,1,352,0.002840909090909
240000048838,MATCHED_CONTROL,226,31217419,1,1,352,1,352,0.002840909090909
240000048838,MATCHED_CONTROL,227,31720811,1,0,352,1,352,0.002840909090909
240000048838,MATCHED_CONTROL,228,33753263,1,0,352,1,352,0.002840909090909
240000048838,MATCHED_CONTROL,229,36753151,1,1,352,1,352,0.002840909090909
240000048838,MATCHED_CONTROL,230,42120251,1,0,352,1,352,0.002840909090909
240000048838,MATCHED_CONTROL,231,45359399,1,1,352,1,352,0.002840909090909
240000048838,MATCHED_CONTROL,232,49850071,1,0,352,1,352,0.002840909090909
240000048838,MATCHED_CONTROL,233,52445699,1,1,352,1,352,0.002840909090909
240000048838,MATCHED_CONTROL,234,54206987,1,0,352,1,352,0.002840909090909
240000048838,MATCHED_CONTROL,235,57932099,1,1,352,1,352,0.002840909090909
240000048838,MATCHED_CONTROL,236,62271499,1,0,352,1,352,0.002840909090909
240000048838,MATCHED_CONTROL,237,74035271,1,1,352,1,352,0.002840909090909
240000048838,MATCHED_CONTROL,238,80428951,1,1,352,1,352,0.002840909090909
240000048838,MATCHED_CONTROL,239,94067023,1,0,352,1,352,0.002840909090909
240000048838,MATCHED_CONTROL,240,109589063,1,0,352,1,352,0.002840909090909
240000048838,MATCHED_CONTROL,241,112231627,1,1,352,1,352,0.002840909090909
240000048838,MATCHED_CONTROL,242,114066191,1,0,352,1,352,0.002840909090909
240000048838,MATCHED_CONTROL,243,114487339,1,1,352,1,352,0.002840909090909
240000048838,MATCHED_CONTROL,244,152866271,1,1,352,1,352,0.002840909090909
240000048838,MATCHED_CONTROL,245,215053331,1,0,352,1,352,0.002840909090909
240000048838,MATCHED_CONTROL,246,220586479,1,1,352,1,352,0.002840909090909
240000048838,MATCHED_CONTROL,247,233937467,1,0,352,1,352,0.002840909090909
240000048838,MATCHED_CONTROL,248,235539839,1,0,352,1,352,0.002840909090909
240000048838,MATCHED_CONTROL,249,330090247,1,0,352,1,352,0.002840909090909
240000048838,MATCHED_CONTROL,250,368957047,1,1,352,1,352,0.002840909090909
240000048838,MATCHED_CONTROL,251,381436651,1,1,352,1,352,0.002840909090909
240000048838,MATCHED_CONTROL,252,383386651,1,1,352,1,352,0.002840909090909
240000048838,MATCHED_CONTROL,253,393442703,1,1,352,1,352,0.002840909090909
240000048838,MATCHED_CONTROL,254,414709223,1,0,352,1,352,0.002840909090909
240000048838,MATCHED_CONTROL,255,487304747,1,1,352,1,352,0.002840909090909
240000048838,MATCHED_CONTROL,256,509726863,1,1,352,1,352,0.002840909090909
240000048838,MATCHED_CONTROL,257,512820491,1,1,352,1,352,0.002840909090909
240000048838,MATCHED_CONTROL,258,615380651,1,0,352,1,352,0.002840909090909
240000048838,MATCHED_CONTROL,259,655736771,1,0,352,1,352,0.002840909090909
240000048838,MATCHED_CONTROL,260,869563979,1,0,352,1,352,0.002840909090909
240000048838,MATCHED_CONTROL,261,923879927,1,1,352,1,352,0.002840909090909
240000048838,MATCHED_CONTROL,262,961257763,1,0,352,1,352,0.002840909090909
240000048838,MATCHED_CONTROL,263,1037338879,1,0,352,1,352,0.002840909090909
240000048838,MATCHED_CONTROL,264,1095317287,1,1,352,1,352,0.002840909090909
240000048838,MATCHED_CONTROL,265,1153588643,1,1,352,1,352,0.002840909090909
240000048838,MATCHED_CONTROL,266,1538183407,1,0,352,1,352,0.002840909090909
240000048838,MATCHED_CONTROL,267,1599136787,1,0,352,1,352,0.002840909090909
240000048838,MATCHED_CONTROL,268,1846153619,1,1,352,1,352,0.002840909090909
240000048838,MATCHED_CONTROL,269,1874664079,1,1,352,1,352,0.002840909090909
240000048838,MATCHED_CONTROL,270,2142421607,1,0,352,1,352,0.002840909090909
240000048838,MATCHED_CONTROL,271,2514773567,1,1,352,1,352,0.002840909090909
240000048838,MATCHED_CONTROL,272,2565060167,1,0,352,1,352,0.002840909090909
240000048838,MATCHED_CONTROL,273,2815517843,1,0,352,1,352,0.002840909090909
240000048838,MATCHED_CONTROL,274,2913738599,1,0,352,1,352,0.002840909090909
240000048838,MATCHED_CONTROL,275,3062022907,1,0,352,1,352,0.002840909090909
240000048838,MATCHED_CONTROL,276,3211041679,1,1,352,1,352,0.002840909090909
240000048838,MATCHED_CONTROL,277,4773004111,1,1,352,1,352,0.002840909090909
240000048838,MATCHED_CONTROL,278,5609876611,1,1,352,1,352,0.002840909090909
240000048838,MATCHED_CONTROL,279,6649124659,1,1,352,1,352,0.002840909090909
240000048838,MATCHED_CONTROL,280,6655906343,1,1,352,1,352,0.002840909090909
240000048838,MATCHED_CONTROL,281,6666535163,1,1,352,1,352,0.002840909090909
240000048838,MATCHED_CONTROL,282,6666668003,1,1,352,1,352,0.002840909090909
240000048838,MATCHED_CONTROL,283,7650997667,1,0,352,1,352,0.002840909090909
240000048838,MATCHED_CONTROL,284,7651323167,1,0,352,1,352,0.002840909090909
240000048838,MATCHED_CONTROL,285,7796497963,1,0,352,1,352,0.002840909090909
240000048838,MATCHED_CONTROL,286,7796550451,1,0,352,1,352,0.002840909090909
240000048838,MATCHED_CONTROL,287,7999675451,1,0,352,1,352,0.002840909090909
240000048838,MATCHED_CONTROL,288,7999676099,1,0,352,1,352,0.002840909090909
240000048838,MATCHED_CONTROL,289,13068440639,1,1,352,1,352,0.002840909090909
240000048838,MATCHED_CONTROL,290,15000002999,1,1,352,1,352,0.002840909090909
240000048838,MATCHED_CONTROL,291,16876289467,1,0,352,1,352,0.002840909090909
240000048838,MATCHED_CONTROL,292,19459092727,1,0,352,1,352,0.002840909090909
240000048838,MATCHED_CONTROL,293,19967719027,1,0,352,1,352,0.002840909090909
240000048838,MATCHED_CONTROL,294,20000004007,1,0,352,1,352,0.002840909090909
240000048838,MATCHED_CONTROL,295,20948087639,1,1,352,1,352,0.002840909090909
240000048838,MATCHED_CONTROL,296,20948245103,1,1,352,1,352,0.002840909090909
240000048838,MATCHED_CONTROL,297,23987090867,1,1,352,1,352,0.002840909090909
240000048838,MATCHED_CONTROL,298,23999845139,1,1,352,1,352,0.002840909090909
240000048838,MATCHED_CONTROL,299,23999845451,1,1,352,1,352,0.002840909090909
240000048838,MATCHED_CONTROL,300,24309478331,1,0,352,1,352,0.002840909090909
240000048838,MATCHED_CONTROL,301,25924785763,1,1,352,1,352,0.002840909090909
240000048838,MATCHED_CONTROL,302,26185308839,1,1,352,1,352,0.002840909090909
240000048838,MATCHED_CONTROL,303,29993902579,1,1,352,1,352,0.002840909090909
240000048838,MATCHED_CONTROL,304,29999407843,1,1,352,1,352,0.002840909090909
240000048838,MATCHED_CONTROL,305,30000006079,1,1,352,1,352,0.002840909090909
240000048838,MATCHED_CONTROL,306,38789045291,1,0,352,1,352,0.002840909090909
240000048838,MATCHED_CONTROL,307,38982755171,1,0,352,1,352,0.002840909090909
240000048838,MATCHED_CONTROL,308,39804670291,1,0,352,1,352,0.002840909090909
240000048838,MATCHED_CONTROL,309,39806297891,1,0,352,1,352,0.002840909090909
240000048838,MATCHED_CONTROL,310,39998380171,1,0,352,1,352,0.002840909090909
240000048838,MATCHED_CONTROL,311,39999913511,1,0,352,1,352,0.002840909090909
240000048838,MATCHED_CONTROL,312,40000007771,1,0,352,1,352,0.002840909090909
240000048838,MATCHED_CONTROL,313,40000008031,1,0,352,1,352,0.002840909090909
240000048838,MATCHED_CONTROL,314,59997570803,1,1,352,1,352,0.002840909090909
240000048838,MATCHED_CONTROL,315,72928435003,1,1,352,1,352,0.002840909090909
240000048838,MATCHED_CONTROL,316,119975610343,1,1,352,1,352,0.002840909090909
240000048838,MATCHED_CONTROL,317,120000024343,1,1,352,1,352,0.002840909090909
240000000728,MATCHED_CONTROL,1,3,127,127,349,127,349,0.363896848137536
240000000728,MATCHED_CONTROL,2,7,47,28,349,47,349,0.134670487106017
240000000728,MATCHED_CONTROL,3,11,35,22,349,35,349,0.100286532951289
240000000728,MATCHED_CONTROL,4,19,20,12,349,20,349,0.057306590257880
240000000728,MATCHED_CONTROL,5,23,14,8,349,14,349,0.040114613180516
240000000728,MATCHED_CONTROL,6,43,11,7,349,11,349,0.031518624641834
240000000728,MATCHED_CONTROL,7,31,10,5,349,10,349,0.028653295128940
240000000728,MATCHED_CONTROL,8,47,8,5,349,8,349,0.022922636103152
240000000728,MATCHED_CONTROL,9,59,7,3,349,7,349,0.020057306590258
240000000728,MATCHED_CONTROL,10,71,7,3,349,7,349,0.020057306590258
240000000728,MATCHED_CONTROL,11,79,6,4,349,6,349,0.017191977077364
240000000728,MATCHED_CONTROL,12,83,6,4,349,6,349,0.017191977077364
240000000728,MATCHED_CONTROL,13,107,5,2,349,5,349,0.014326647564470
240000000728,MATCHED_CONTROL,14,163,5,1,349,5,349,0.014326647564470
240000000728,MATCHED_CONTROL,15,179,5,2,349,5,349,0.014326647564470
240000000728,MATCHED_CONTROL,16,191,5,1,349,5,349,0.014326647564470
240000000728,MATCHED_CONTROL,17,67,4,1,349,4,349,0.011461318051576
240000000728,MATCHED_CONTROL,18,127,4,3,349,4,349,0.011461318051576
240000000728,MATCHED_CONTROL,19,131,4,1,349,4,349,0.011461318051576
240000000728,MATCHED_CONTROL,20,139,3,3,349,3,349,0.008595988538682
240000000728,MATCHED_CONTROL,21,251,3,1,349,3,349,0.008595988538682
240000000728,MATCHED_CONTROL,22,307,3,1,349,3,349,0.008595988538682
240000000728,MATCHED_CONTROL,23,311,3,2,349,3,349,0.008595988538682
240000000728,MATCHED_CONTROL,24,367,3,1,349,3,349,0.008595988538682
240000000728,MATCHED_CONTROL,25,883,3,1,349,3,349,0.008595988538682
240000000728,MATCHED_CONTROL,26,103,2,1,349,2,349,0.005730659025788
240000000728,MATCHED_CONTROL,27,211,2,0,349,2,349,0.005730659025788
240000000728,MATCHED_CONTROL,28,431,2,2,349,2,349,0.005730659025788
240000000728,MATCHED_CONTROL,29,443,2,0,349,2,349,0.005730659025788
240000000728,MATCHED_CONTROL,30,499,2,1,349,2,349,0.005730659025788
240000000728,MATCHED_CONTROL,31,719,2,0,349,2,349,0.005730659025788
240000000728,MATCHED_CONTROL,32,743,2,0,349,2,349,0.005730659025788
240000000728,MATCHED_CONTROL,33,839,2,1,349,2,349,0.005730659025788
240000000728,MATCHED_CONTROL,34,1543,2,2,349,2,349,0.005730659025788
240000000728,MATCHED_CONTROL,35,1979,2,0,349,2,349,0.005730659025788
240000000728,MATCHED_CONTROL,36,12251,2,0,349,2,349,0.005730659025788
240000000728,MATCHED_CONTROL,37,151,1,1,349,1,349,0.002865329512894
240000000728,MATCHED_CONTROL,38,167,1,0,349,1,349,0.002865329512894
240000000728,MATCHED_CONTROL,39,199,1,0,349,1,349,0.002865329512894
240000000728,MATCHED_CONTROL,40,227,1,0,349,1,349,0.002865329512894
240000000728,MATCHED_CONTROL,41,239,1,0,349,1,349,0.002865329512894
240000000728,MATCHED_CONTROL,42,271,1,1,349,1,349,0.002865329512894
240000000728,MATCHED_CONTROL,43,283,1,0,349,1,349,0.002865329512894
240000000728,MATCHED_CONTROL,44,379,1,1,349,1,349,0.002865329512894
240000000728,MATCHED_CONTROL,45,383,1,0,349,1,349,0.002865329512894
240000000728,MATCHED_CONTROL,46,419,1,0,349,1,349,0.002865329512894
240000000728,MATCHED_CONTROL,47,523,1,1,349,1,349,0.002865329512894
240000000728,MATCHED_CONTROL,48,587,1,1,349,1,349,0.002865329512894
240000000728,MATCHED_CONTROL,49,599,1,0,349,1,349,0.002865329512894
240000000728,MATCHED_CONTROL,50,619,1,0,349,1,349,0.002865329512894
240000000728,MATCHED_CONTROL,51,631,1,0,349,1,349,0.002865329512894
240000000728,MATCHED_CONTROL,52,643,1,0,349,1,349,0.002865329512894
240000000728,MATCHED_CONTROL,53,647,1,0,349,1,349,0.002865329512894
240000000728,MATCHED_CONTROL,54,659,1,0,349,1,349,0.002865329512894
240000000728,MATCHED_CONTROL,55,691,1,0,349,1,349,0.002865329512894
240000000728,MATCHED_CONTROL,56,739,1,1,349,1,349,0.002865329512894
240000000728,MATCHED_CONTROL,57,751,1,0,349,1,349,0.002865329512894
240000000728,MATCHED_CONTROL,58,811,1,0,349,1,349,0.002865329512894
240000000728,MATCHED_CONTROL,59,823,1,0,349,1,349,0.002865329512894
240000000728,MATCHED_CONTROL,60,827,1,0,349,1,349,0.002865329512894
240000000728,MATCHED_CONTROL,61,859,1,0,349,1,349,0.002865329512894
240000000728,MATCHED_CONTROL,62,947,1,0,349,1,349,0.002865329512894
240000000728,MATCHED_CONTROL,63,983,1,0,349,1,349,0.002865329512894
240000000728,MATCHED_CONTROL,64,1039,1,0,349,1,349,0.002865329512894
240000000728,MATCHED_CONTROL,65,1123,1,0,349,1,349,0.002865329512894
240000000728,MATCHED_CONTROL,66,1171,1,0,349,1,349,0.002865329512894
240000000728,MATCHED_CONTROL,67,1187,1,0,349,1,349,0.002865329512894
240000000728,MATCHED_CONTROL,68,1259,1,1,349,1,349,0.002865329512894
240000000728,MATCHED_CONTROL,69,1307,1,0,349,1,349,0.002865329512894
240000000728,MATCHED_CONTROL,70,1327,1,0,349,1,349,0.002865329512894
240000000728,MATCHED_CONTROL,71,1447,1,0,349,1,349,0.002865329512894
240000000728,MATCHED_CONTROL,72,1607,1,0,349,1,349,0.002865329512894
240000000728,MATCHED_CONTROL,73,1831,1,0,349,1,349,0.002865329512894
240000000728,MATCHED_CONTROL,74,1867,1,1,349,1,349,0.002865329512894
240000000728,MATCHED_CONTROL,75,2347,1,1,349,1,349,0.002865329512894
240000000728,MATCHED_CONTROL,76,2503,1,0,349,1,349,0.002865329512894
240000000728,MATCHED_CONTROL,77,2543,1,1,349,1,349,0.002865329512894
240000000728,MATCHED_CONTROL,78,2731,1,0,349,1,349,0.002865329512894
240000000728,MATCHED_CONTROL,79,2767,1,0,349,1,349,0.002865329512894
240000000728,MATCHED_CONTROL,80,2887,1,0,349,1,349,0.002865329512894
240000000728,MATCHED_CONTROL,81,3019,1,1,349,1,349,0.002865329512894
240000000728,MATCHED_CONTROL,82,3067,1,0,349,1,349,0.002865329512894
240000000728,MATCHED_CONTROL,83,3163,1,0,349,1,349,0.002865329512894
240000000728,MATCHED_CONTROL,84,3347,1,1,349,1,349,0.002865329512894
240000000728,MATCHED_CONTROL,85,3371,1,0,349,1,349,0.002865329512894
240000000728,MATCHED_CONTROL,86,3407,1,0,349,1,349,0.002865329512894
240000000728,MATCHED_CONTROL,87,3499,1,0,349,1,349,0.002865329512894
240000000728,MATCHED_CONTROL,88,3631,1,1,349,1,349,0.002865329512894
240000000728,MATCHED_CONTROL,89,3943,1,0,349,1,349,0.002865329512894
240000000728,MATCHED_CONTROL,90,4099,1,0,349,1,349,0.002865329512894
240000000728,MATCHED_CONTROL,91,4243,1,0,349,1,349,0.002865329512894
240000000728,MATCHED_CONTROL,92,4327,1,0,349,1,349,0.002865329512894
240000000728,MATCHED_CONTROL,93,4447,1,0,349,1,349,0.002865329512894
240000000728,MATCHED_CONTROL,94,4451,1,1,349,1,349,0.002865329512894
240000000728,MATCHED_CONTROL,95,4463,1,1,349,1,349,0.002865329512894
240000000728,MATCHED_CONTROL,96,4567,1,0,349,1,349,0.002865329512894
240000000728,MATCHED_CONTROL,97,4603,1,0,349,1,349,0.002865329512894
240000000728,MATCHED_CONTROL,98,4643,1,0,349,1,349,0.002865329512894
240000000728,MATCHED_CONTROL,99,4723,1,0,349,1,349,0.002865329512894
240000000728,MATCHED_CONTROL,100,4759,1,1,349,1,349,0.002865329512894
240000000728,MATCHED_CONTROL,101,5011,1,0,349,1,349,0.002865329512894
240000000728,MATCHED_CONTROL,102,5039,1,1,349,1,349,0.002865329512894
240000000728,MATCHED_CONTROL,103,5231,1,0,349,1,349,0.002865329512894
240000000728,MATCHED_CONTROL,104,5279,1,0,349,1,349,0.002865329512894
240000000728,MATCHED_CONTROL,105,5527,1,0,349,1,349,0.002865329512894
240000000728,MATCHED_CONTROL,106,6091,1,0,349,1,349,0.002865329512894
240000000728,MATCHED_CONTROL,107,6551,1,1,349,1,349,0.002865329512894
240000000728,MATCHED_CONTROL,108,6827,1,0,349,1,349,0.002865329512894
240000000728,MATCHED_CONTROL,109,7151,1,1,349,1,349,0.002865329512894
240000000728,MATCHED_CONTROL,110,7351,1,1,349,1,349,0.002865329512894
240000000728,MATCHED_CONTROL,111,8191,1,1,349,1,349,0.002865329512894
240000000728,MATCHED_CONTROL,112,9091,1,1,349,1,349,0.002865329512894
240000000728,MATCHED_CONTROL,113,9851,1,0,349,1,349,0.002865329512894
240000000728,MATCHED_CONTROL,114,10247,1,0,349,1,349,0.002865329512894
240000000728,MATCHED_CONTROL,115,10271,1,1,349,1,349,0.002865329512894
240000000728,MATCHED_CONTROL,116,11131,1,0,349,1,349,0.002865329512894
240000000728,MATCHED_CONTROL,117,12791,1,0,349,1,349,0.002865329512894
240000000728,MATCHED_CONTROL,118,12799,1,1,349,1,349,0.002865329512894
240000000728,MATCHED_CONTROL,119,12907,1,0,349,1,349,0.002865329512894
240000000728,MATCHED_CONTROL,120,13043,1,0,349,1,349,0.002865329512894
240000000728,MATCHED_CONTROL,121,14251,1,0,349,1,349,0.002865329512894
240000000728,MATCHED_CONTROL,122,14303,1,1,349,1,349,0.002865329512894
240000000728,MATCHED_CONTROL,123,14771,1,0,349,1,349,0.002865329512894
240000000728,MATCHED_CONTROL,124,14843,1,1,349,1,349,0.002865329512894
240000000728,MATCHED_CONTROL,125,15091,1,0,349,1,349,0.002865329512894
240000000728,MATCHED_CONTROL,126,15467,1,0,349,1,349,0.002865329512894
240000000728,MATCHED_CONTROL,127,17911,1,0,349,1,349,0.002865329512894
240000000728,MATCHED_CONTROL,128,18119,1,0,349,1,349,0.002865329512894
240000000728,MATCHED_CONTROL,129,18211,1,0,349,1,349,0.002865329512894
240000000728,MATCHED_CONTROL,130,18439,1,0,349,1,349,0.002865329512894
240000000728,MATCHED_CONTROL,131,19427,1,0,349,1,349,0.002865329512894
240000000728,MATCHED_CONTROL,132,21727,1,1,349,1,349,0.002865329512894
240000000728,MATCHED_CONTROL,133,22039,1,0,349,1,349,0.002865329512894
240000000728,MATCHED_CONTROL,134,22051,1,0,349,1,349,0.002865329512894
240000000728,MATCHED_CONTROL,135,22511,1,1,349,1,349,0.002865329512894
240000000728,MATCHED_CONTROL,136,22907,1,0,349,1,349,0.002865329512894
240000000728,MATCHED_CONTROL,137,27883,1,1,349,1,349,0.002865329512894
240000000728,MATCHED_CONTROL,138,28603,1,0,349,1,349,0.002865329512894
240000000728,MATCHED_CONTROL,139,35171,1,1,349,1,349,0.002865329512894
240000000728,MATCHED_CONTROL,140,39451,1,0,349,1,349,0.002865329512894
240000000728,MATCHED_CONTROL,141,41659,1,1,349,1,349,0.002865329512894
240000000728,MATCHED_CONTROL,142,49199,1,0,349,1,349,0.002865329512894
240000000728,MATCHED_CONTROL,143,58403,1,0,349,1,349,0.002865329512894
240000000728,MATCHED_CONTROL,144,70919,1,0,349,1,349,0.002865329512894
240000000728,MATCHED_CONTROL,145,85819,1,1,349,1,349,0.002865329512894
240000000728,MATCHED_CONTROL,146,89563,1,0,349,1,349,0.002865329512894
240000000728,MATCHED_CONTROL,147,90227,1,0,349,1,349,0.002865329512894
240000000728,MATCHED_CONTROL,148,95231,1,0,349,1,349,0.002865329512894
240000000728,MATCHED_CONTROL,149,99871,1,0,349,1,349,0.002865329512894
240000000728,MATCHED_CONTROL,150,102859,1,0,349,1,349,0.002865329512894
240000000728,MATCHED_CONTROL,151,121259,1,1,349,1,349,0.002865329512894
240000000728,MATCHED_CONTROL,152,127207,1,0,349,1,349,0.002865329512894
240000000728,MATCHED_CONTROL,153,127807,1,1,349,1,349,0.002865329512894
240000000728,MATCHED_CONTROL,154,138883,1,1,349,1,349,0.002865329512894
240000000728,MATCHED_CONTROL,155,141079,1,1,349,1,349,0.002865329512894
240000000728,MATCHED_CONTROL,156,141623,1,0,349,1,349,0.002865329512894
240000000728,MATCHED_CONTROL,157,178259,1,1,349,1,349,0.002865329512894
240000000728,MATCHED_CONTROL,158,189439,1,0,349,1,349,0.002865329512894
240000000728,MATCHED_CONTROL,159,194839,1,0,349,1,349,0.002865329512894
240000000728,MATCHED_CONTROL,160,197779,1,0,349,1,349,0.002865329512894
240000000728,MATCHED_CONTROL,161,199999,1,0,349,1,349,0.002865329512894
240000000728,MATCHED_CONTROL,162,200579,1,0,349,1,349,0.002865329512894
240000000728,MATCHED_CONTROL,163,212183,1,1,349,1,349,0.002865329512894
240000000728,MATCHED_CONTROL,164,231107,1,0,349,1,349,0.002865329512894
240000000728,MATCHED_CONTROL,165,235783,1,0,349,1,349,0.002865329512894
240000000728,MATCHED_CONTROL,166,251791,1,1,349,1,349,0.002865329512894
240000000728,MATCHED_CONTROL,167,290531,1,1,349,1,349,0.002865329512894
240000000728,MATCHED_CONTROL,168,300163,1,1,349,1,349,0.002865329512894
240000000728,MATCHED_CONTROL,169,320239,1,0,349,1,349,0.002865329512894
240000000728,MATCHED_CONTROL,170,321163,1,0,349,1,349,0.002865329512894
240000000728,MATCHED_CONTROL,171,325987,1,1,349,1,349,0.002865329512894
240000000728,MATCHED_CONTROL,172,329663,1,0,349,1,349,0.002865329512894
240000000728,MATCHED_CONTROL,173,340619,1,0,349,1,349,0.002865329512894
240000000728,MATCHED_CONTROL,174,367207,1,0,349,1,349,0.002865329512894
240000000728,MATCHED_CONTROL,175,527699,1,0,349,1,349,0.002865329512894
240000000728,MATCHED_CONTROL,176,528659,1,0,349,1,349,0.002865329512894
240000000728,MATCHED_CONTROL,177,552011,1,0,349,1,349,0.002865329512894
240000000728,MATCHED_CONTROL,178,553991,1,1,349,1,349,0.002865329512894
240000000728,MATCHED_CONTROL,179,647327,1,0,349,1,349,0.002865329512894
240000000728,MATCHED_CONTROL,180,932203,1,0,349,1,349,0.002865329512894
240000000728,MATCHED_CONTROL,181,953399,1,0,349,1,349,0.002865329512894
240000000728,MATCHED_CONTROL,182,995903,1,1,349,1,349,0.002865329512894
240000000728,MATCHED_CONTROL,183,1162867,1,1,349,1,349,0.002865329512894
240000000728,MATCHED_CONTROL,184,1239899,1,1,349,1,349,0.002865329512894
240000000728,MATCHED_CONTROL,185,1260383,1,0,349,1,349,0.002865329512894
240000000728,MATCHED_CONTROL,186,1263863,1,0,349,1,349,0.002865329512894
240000000728,MATCHED_CONTROL,187,1375411,1,0,349,1,349,0.002865329512894
240000000728,MATCHED_CONTROL,188,1459123,1,1,349,1,349,0.002865329512894
240000000728,MATCHED_CONTROL,189,1672963,1,0,349,1,349,0.002865329512894
240000000728,MATCHED_CONTROL,190,1737871,1,1,349,1,349,0.002865329512894
240000000728,MATCHED_CONTROL,191,1748051,1,1,349,1,349,0.002865329512894
240000000728,MATCHED_CONTROL,192,1939403,1,0,349,1,349,0.002865329512894
240000000728,MATCHED_CONTROL,193,1955983,1,0,349,1,349,0.002865329512894
240000000728,MATCHED_CONTROL,194,2102927,1,0,349,1,349,0.002865329512894
240000000728,MATCHED_CONTROL,195,2151463,1,0,349,1,349,0.002865329512894
240000000728,MATCHED_CONTROL,196,2300047,1,0,349,1,349,0.002865329512894
240000000728,MATCHED_CONTROL,197,2319731,1,0,349,1,349,0.002865329512894
240000000728,MATCHED_CONTROL,198,2331151,1,0,349,1,349,0.002865329512894
240000000728,MATCHED_CONTROL,199,2503651,1,1,349,1,349,0.002865329512894
240000000728,MATCHED_CONTROL,200,2599543,1,0,349,1,349,0.002865329512894
240000000728,MATCHED_CONTROL,201,2806711,1,0,349,1,349,0.002865329512894
240000000728,MATCHED_CONTROL,202,2957651,1,0,349,1,349,0.002865329512894
240000000728,MATCHED_CONTROL,203,3229207,1,0,349,1,349,0.002865329512894
240000000728,MATCHED_CONTROL,204,3445399,1,1,349,1,349,0.002865329512894
240000000728,MATCHED_CONTROL,205,3635363,1,0,349,1,349,0.002865329512894
240000000728,MATCHED_CONTROL,206,3658871,1,1,349,1,349,0.002865329512894
240000000728,MATCHED_CONTROL,207,3837151,1,0,349,1,349,0.002865329512894
240000000728,MATCHED_CONTROL,208,4278523,1,0,349,1,349,0.002865329512894
240000000728,MATCHED_CONTROL,209,4358311,1,0,349,1,349,0.002865329512894
240000000728,MATCHED_CONTROL,210,4364747,1,0,349,1,349,0.002865329512894
240000000728,MATCHED_CONTROL,211,4596283,1,1,349,1,349,0.002865329512894
240000000728,MATCHED_CONTROL,212,4641683,1,0,349,1,349,0.002865329512894
240000000728,MATCHED_CONTROL,213,5154563,1,0,349,1,349,0.002865329512894
240000000728,MATCHED_CONTROL,214,6674747,1,0,349,1,349,0.002865329512894
240000000728,MATCHED_CONTROL,215,6831479,1,0,349,1,349,0.002865329512894
240000000728,MATCHED_CONTROL,216,6952159,1,1,349,1,349,0.002865329512894
240000000728,MATCHED_CONTROL,217,8016851,1,0,349,1,349,0.002865329512894
240000000728,MATCHED_CONTROL,218,8389607,1,0,349,1,349,0.002865329512894
240000000728,MATCHED_CONTROL,219,8539199,1,0,349,1,349,0.002865329512894
240000000728,MATCHED_CONTROL,220,9231479,1,0,349,1,349,0.002865329512894
240000000728,MATCHED_CONTROL,221,10982291,1,0,349,1,349,0.002865329512894
240000000728,MATCHED_CONTROL,222,11793323,1,1,349,1,349,0.002865329512894
240000000728,MATCHED_CONTROL,223,13963639,1,0,349,1,349,0.002865329512894
240000000728,MATCHED_CONTROL,224,14035303,1,0,349,1,349,0.002865329512894
240000000728,MATCHED_CONTROL,225,14610979,1,0,349,1,349,0.002865329512894
240000000728,MATCHED_CONTROL,226,17266159,1,0,349,1,349,0.002865329512894
240000000728,MATCHED_CONTROL,227,17389367,1,0,349,1,349,0.002865329512894
240000000728,MATCHED_CONTROL,228,17926487,1,0,349,1,349,0.002865329512894
240000000728,MATCHED_CONTROL,229,18489971,1,0,349,1,349,0.002865329512894
240000000728,MATCHED_CONTROL,230,20120263,1,0,349,1,349,0.002865329512894
240000000728,MATCHED_CONTROL,231,26246719,1,0,349,1,349,0.002865329512894
240000000728,MATCHED_CONTROL,232,29828611,1,0,349,1,349,0.002865329512894
240000000728,MATCHED_CONTROL,233,31359931,1,0,349,1,349,0.002865329512894
240000000728,MATCHED_CONTROL,234,37650607,1,0,349,1,349,0.002865329512894
240000000728,MATCHED_CONTROL,235,37761011,1,0,349,1,349,0.002865329512894
240000000728,MATCHED_CONTROL,236,37876511,1,0,349,1,349,0.002865329512894
240000000728,MATCHED_CONTROL,237,42734071,1,0,349,1,349,0.002865329512894
240000000728,MATCHED_CONTROL,238,44609659,1,1,349,1,349,0.002865329512894
240000000728,MATCHED_CONTROL,239,49260683,1,0,349,1,349,0.002865329512894
240000000728,MATCHED_CONTROL,240,49745687,1,0,349,1,349,0.002865329512894
240000000728,MATCHED_CONTROL,241,51258047,1,1,349,1,349,0.002865329512894
240000000728,MATCHED_CONTROL,242,51441083,1,1,349,1,349,0.002865329512894
240000000728,MATCHED_CONTROL,243,51917683,1,1,349,1,349,0.002865329512894
240000000728,MATCHED_CONTROL,244,58620043,1,0,349,1,349,0.002865329512894
240000000728,MATCHED_CONTROL,245,66555199,1,0,349,1,349,0.002865329512894
240000000728,MATCHED_CONTROL,246,74211503,1,0,349,1,349,0.002865329512894
240000000728,MATCHED_CONTROL,247,79312619,1,1,349,1,349,0.002865329512894
240000000728,MATCHED_CONTROL,248,92236531,1,1,349,1,349,0.002865329512894
240000000728,MATCHED_CONTROL,249,92350351,1,0,349,1,349,0.002865329512894
240000000728,MATCHED_CONTROL,250,101008879,1,1,349,1,349,0.002865329512894
240000000728,MATCHED_CONTROL,251,123813187,1,1,349,1,349,0.002865329512894
240000000728,MATCHED_CONTROL,252,124998983,1,0,349,1,349,0.002865329512894
240000000728,MATCHED_CONTROL,253,133306207,1,1,349,1,349,0.002865329512894
240000000728,MATCHED_CONTROL,254,139102003,1,0,349,1,349,0.002865329512894
240000000728,MATCHED_CONTROL,255,149252407,1,0,349,1,349,0.002865329512894
240000000728,MATCHED_CONTROL,256,149844323,1,0,349,1,349,0.002865329512894
240000000728,MATCHED_CONTROL,257,150181307,1,0,349,1,349,0.002865329512894
240000000728,MATCHED_CONTROL,258,179104463,1,0,349,1,349,0.002865329512894
240000000728,MATCHED_CONTROL,259,192033239,1,0,349,1,349,0.002865329512894
240000000728,MATCHED_CONTROL,260,225988627,1,0,349,1,349,0.002865329512894
240000000728,MATCHED_CONTROL,261,226454867,1,1,349,1,349,0.002865329512894
240000000728,MATCHED_CONTROL,262,278422271,1,0,349,1,349,0.002865329512894
240000000728,MATCHED_CONTROL,263,285714263,1,0,349,1,349,0.002865329512894
240000000728,MATCHED_CONTROL,264,333333307,1,1,349,1,349,0.002865329512894
240000000728,MATCHED_CONTROL,265,385852091,1,0,349,1,349,0.002865329512894
240000000728,MATCHED_CONTROL,266,413776267,1,1,349,1,349,0.002865329512894
240000000728,MATCHED_CONTROL,267,460142443,1,1,349,1,349,0.002865329512894
240000000728,MATCHED_CONTROL,268,466841563,1,1,349,1,349,0.002865329512894
240000000728,MATCHED_CONTROL,269,523923479,1,1,349,1,349,0.002865329512894
240000000728,MATCHED_CONTROL,270,550424911,1,1,349,1,349,0.002865329512894
240000000728,MATCHED_CONTROL,271,621973279,1,0,349,1,349,0.002865329512894
240000000728,MATCHED_CONTROL,272,624360827,1,0,349,1,349,0.002865329512894
240000000728,MATCHED_CONTROL,273,641711023,1,0,349,1,349,0.002865329512894
240000000728,MATCHED_CONTROL,274,646122887,1,1,349,1,349,0.002865329512894
240000000728,MATCHED_CONTROL,275,714243011,1,0,349,1,349,0.002865329512894
240000000728,MATCHED_CONTROL,276,754716983,1,0,349,1,349,0.002865329512894
240000000728,MATCHED_CONTROL,277,1105459711,1,0,349,1,349,0.002865329512894
240000000728,MATCHED_CONTROL,278,1218559891,1,1,349,1,349,0.002865329512894
240000000728,MATCHED_CONTROL,279,1556855851,1,0,349,1,349,0.002865329512894
240000000728,MATCHED_CONTROL,280,1621618987,1,1,349,1,349,0.002865329512894
240000000728,MATCHED_CONTROL,281,1714274327,1,0,349,1,349,0.002865329512894
240000000728,MATCHED_CONTROL,282,1744610687,1,0,349,1,349,0.002865329512894
240000000728,MATCHED_CONTROL,283,1886261959,1,0,349,1,349,0.002865329512894
240000000728,MATCHED_CONTROL,284,1935483859,1,0,349,1,349,0.002865329512894
240000000728,MATCHED_CONTROL,285,2295396319,1,1,349,1,349,0.002865329512894
240000000728,MATCHED_CONTROL,286,2352921971,1,0,349,1,349,0.002865329512894
240000000728,MATCHED_CONTROL,287,2448979439,1,1,349,1,349,0.002865329512894
240000000728,MATCHED_CONTROL,288,3632664547,1,0,349,1,349,0.002865329512894
240000000728,MATCHED_CONTROL,289,5216810171,1,0,349,1,349,0.002865329512894
240000000728,MATCHED_CONTROL,290,5454319499,1,0,349,1,349,0.002865329512894
240000000728,MATCHED_CONTROL,291,5454545471,1,0,349,1,349,0.002865329512894
240000000728,MATCHED_CONTROL,292,5714276431,1,0,349,1,349,0.002865329512894
240000000728,MATCHED_CONTROL,293,7058395651,1,1,349,1,349,0.002865329512894
240000000728,MATCHED_CONTROL,294,8529570487,1,0,349,1,349,0.002865329512894
240000000728,MATCHED_CONTROL,295,8571079747,1,0,349,1,349,0.002865329512894
240000000728,MATCHED_CONTROL,296,9951572339,1,0,349,1,349,0.002865329512894
240000000728,MATCHED_CONTROL,297,9999918559,1,0,349,1,349,0.002865329512894
240000000728,MATCHED_CONTROL,298,11999510771,1,1,349,1,349,0.002865329512894
240000000728,MATCHED_CONTROL,299,13333333339,1,1,349,1,349,0.002865329512894
240000000728,MATCHED_CONTROL,300,28015525247,1,1,349,1,349,0.002865329512894
240000000728,MATCHED_CONTROL,301,34332606367,1,0,349,1,349,0.002865329512894
240000000728,MATCHED_CONTROL,302,34769822999,1,0,349,1,349,0.002865329512894
240000000728,MATCHED_CONTROL,303,34913737099,1,0,349,1,349,0.002865329512894
240000000728,MATCHED_CONTROL,304,36403170319,1,1,349,1,349,0.002865329512894
240000000728,MATCHED_CONTROL,305,39418869367,1,0,349,1,349,0.002865329512894
240000000728,MATCHED_CONTROL,306,39991773527,1,0,349,1,349,0.002865329512894
240000000728,MATCHED_CONTROL,307,39991852259,1,0,349,1,349,0.002865329512894
240000000728,MATCHED_CONTROL,308,39991862087,1,0,349,1,349,0.002865329512894
240000000728,MATCHED_CONTROL,309,39999586027,1,0,349,1,349,0.002865329512894
240000000728,MATCHED_CONTROL,310,39999674479,1,0,349,1,349,0.002865329512894
240000000728,MATCHED_CONTROL,311,39999990259,1,0,349,1,349,0.002865329512894
240000000728,MATCHED_CONTROL,312,39999999979,1,0,349,1,349,0.002865329512894
240000000728,MATCHED_CONTROL,313,59709337159,1,1,349,1,349,0.002865329512894
240000000728,MATCHED_CONTROL,314,59999858239,1,1,349,1,349,0.002865329512894
240000000728,MATCHED_CONTROL,315,104309275247,1,1,349,1,349,0.002865329512894
240000000728,MATCHED_CONTROL,316,118251725351,1,1,349,1,349,0.002865329512894
240000000728,MATCHED_CONTROL,317,119801407307,1,1,349,1,349,0.002865329512894
240000000728,MATCHED_CONTROL,318,119877926771,1,1,349,1,349,0.002865329512894
240000000728,MATCHED_CONTROL,319,119995114271,1,1,349,1,349,0.002865329512894
240000000728,MATCHED_CONTROL,320,119995117511,1,1,349,1,349,0.002865329512894
240000000728,MATCHED_CONTROL,321,119997413567,1,1,349,1,349,0.002865329512894
240000000728,MATCHED_CONTROL,322,119997608867,1,1,349,1,349,0.002865329512894
240000000728,MATCHED_CONTROL,323,119999805011,1,1,349,1,349,0.002865329512894
240000000728,MATCHED_CONTROL,324,119999996771,1,1,349,1,349,0.002865329512894
240000000728,MATCHED_CONTROL,325,120000000011,1,1,349,1,349,0.002865329512894
240000003584,MATCHED_CONTROL,1,3,145,145,354,145,354,0.409604519774011
240000003584,MATCHED_CONTROL,2,7,51,38,354,51,354,0.144067796610169
240000003584,MATCHED_CONTROL,3,19,21,7,354,21,354,0.059322033898305
240000003584,MATCHED_CONTROL,4,23,18,11,354,18,354,0.050847457627119
240000003584,MATCHED_CONTROL,5,31,12,5,354,12,354,0.033898305084746
240000003584,MATCHED_CONTROL,6,43,10,6,354,10,354,0.028248587570621
240000003584,MATCHED_CONTROL,7,71,10,6,354,10,354,0.028248587570621
240000003584,MATCHED_CONTROL,8,59,9,5,354,9,354,0.025423728813559
240000003584,MATCHED_CONTROL,9,83,8,2,354,8,354,0.022598870056497
240000003584,MATCHED_CONTROL,10,47,7,7,354,7,354,0.019774011299435
240000003584,MATCHED_CONTROL,11,67,6,4,354,6,354,0.016949152542373
240000003584,MATCHED_CONTROL,12,139,6,1,354,6,354,0.016949152542373
240000003584,MATCHED_CONTROL,13,103,4,3,354,4,354,0.011299435028249
240000003584,MATCHED_CONTROL,14,131,4,2,354,4,354,0.011299435028249
240000003584,MATCHED_CONTROL,15,239,4,2,354,4,354,0.011299435028249
240000003584,MATCHED_CONTROL,16,127,3,2,354,3,354,0.008474576271186
240000003584,MATCHED_CONTROL,17,179,3,1,354,3,354,0.008474576271186
240000003584,MATCHED_CONTROL,18,199,3,1,354,3,354,0.008474576271186
240000003584,MATCHED_CONTROL,19,227,3,0,354,3,354,0.008474576271186
240000003584,MATCHED_CONTROL,20,271,3,3,354,3,354,0.008474576271186
240000003584,MATCHED_CONTROL,21,503,3,0,354,3,354,0.008474576271186
240000003584,MATCHED_CONTROL,22,79,2,2,354,2,354,0.005649717514124
240000003584,MATCHED_CONTROL,23,107,2,0,354,2,354,0.005649717514124
240000003584,MATCHED_CONTROL,24,151,2,0,354,2,354,0.005649717514124
240000003584,MATCHED_CONTROL,25,163,2,1,354,2,354,0.005649717514124
240000003584,MATCHED_CONTROL,26,167,2,1,354,2,354,0.005649717514124
240000003584,MATCHED_CONTROL,27,191,2,0,354,2,354,0.005649717514124
240000003584,MATCHED_CONTROL,28,211,2,0,354,2,354,0.005649717514124
240000003584,MATCHED_CONTROL,29,383,2,0,354,2,354,0.005649717514124
240000003584,MATCHED_CONTROL,30,467,2,0,354,2,354,0.005649717514124
240000003584,MATCHED_CONTROL,31,547,2,2,354,2,354,0.005649717514124
240000003584,MATCHED_CONTROL,32,691,2,2,354,2,354,0.005649717514124
240000003584,MATCHED_CONTROL,33,719,2,1,354,2,354,0.005649717514124
240000003584,MATCHED_CONTROL,34,811,2,0,354,2,354,0.005649717514124
240000003584,MATCHED_CONTROL,35,863,2,1,354,2,354,0.005649717514124
240000003584,MATCHED_CONTROL,36,919,2,1,354,2,354,0.005649717514124
240000003584,MATCHED_CONTROL,37,1031,2,1,354,2,354,0.005649717514124
240000003584,MATCHED_CONTROL,38,1151,2,0,354,2,354,0.005649717514124
240000003584,MATCHED_CONTROL,39,1319,2,0,354,2,354,0.005649717514124
240000003584,MATCHED_CONTROL,40,2111,2,0,354,2,354,0.005649717514124
240000003584,MATCHED_CONTROL,41,11027,2,0,354,2,354,0.005649717514124
240000003584,MATCHED_CONTROL,42,223,1,1,354,1,354,0.002824858757062
240000003584,MATCHED_CONTROL,43,251,1,0,354,1,354,0.002824858757062
240000003584,MATCHED_CONTROL,44,283,1,0,354,1,354,0.002824858757062
240000003584,MATCHED_CONTROL,45,347,1,1,354,1,354,0.002824858757062
240000003584,MATCHED_CONTROL,46,359,1,0,354,1,354,0.002824858757062
240000003584,MATCHED_CONTROL,47,443,1,0,354,1,354,0.002824858757062
240000003584,MATCHED_CONTROL,48,463,1,0,354,1,354,0.002824858757062
240000003584,MATCHED_CONTROL,49,479,1,0,354,1,354,0.002824858757062
240000003584,MATCHED_CONTROL,50,491,1,0,354,1,354,0.002824858757062
240000003584,MATCHED_CONTROL,51,607,1,1,354,1,354,0.002824858757062
240000003584,MATCHED_CONTROL,52,619,1,1,354,1,354,0.002824858757062
240000003584,MATCHED_CONTROL,53,643,1,1,354,1,354,0.002824858757062
240000003584,MATCHED_CONTROL,54,647,1,0,354,1,354,0.002824858757062
240000003584,MATCHED_CONTROL,55,659,1,1,354,1,354,0.002824858757062
240000003584,MATCHED_CONTROL,56,683,1,1,354,1,354,0.002824858757062
240000003584,MATCHED_CONTROL,57,727,1,0,354,1,354,0.002824858757062
240000003584,MATCHED_CONTROL,58,751,1,0,354,1,354,0.002824858757062
240000003584,MATCHED_CONTROL,59,823,1,1,354,1,354,0.002824858757062
240000003584,MATCHED_CONTROL,60,887,1,0,354,1,354,0.002824858757062
240000003584,MATCHED_CONTROL,61,1019,1,1,354,1,354,0.002824858757062
240000003584,MATCHED_CONTROL,62,1051,1,0,354,1,354,0.002824858757062
240000003584,MATCHED_CONTROL,63,1223,1,1,354,1,354,0.002824858757062
240000003584,MATCHED_CONTROL,64,1231,1,1,354,1,354,0.002824858757062
240000003584,MATCHED_CONTROL,65,1283,1,1,354,1,354,0.002824858757062
240000003584,MATCHED_CONTROL,66,1459,1,1,354,1,354,0.002824858757062
240000003584,MATCHED_CONTROL,67,1523,1,0,354,1,354,0.002824858757062
240000003584,MATCHED_CONTROL,68,1567,1,0,354,1,354,0.002824858757062
240000003584,MATCHED_CONTROL,69,1583,1,1,354,1,354,0.002824858757062
240000003584,MATCHED_CONTROL,70,1607,1,0,354,1,354,0.002824858757062
240000003584,MATCHED_CONTROL,71,1619,1,0,354,1,354,0.002824858757062
240000003584,MATCHED_CONTROL,72,1747,1,0,354,1,354,0.002824858757062
240000003584,MATCHED_CONTROL,73,1787,1,0,354,1,354,0.002824858757062
240000003584,MATCHED_CONTROL,74,1907,1,1,354,1,354,0.002824858757062
240000003584,MATCHED_CONTROL,75,1987,1,0,354,1,354,0.002824858757062
240000003584,MATCHED_CONTROL,76,2003,1,0,354,1,354,0.002824858757062
240000003584,MATCHED_CONTROL,77,2251,1,0,354,1,354,0.002824858757062
240000003584,MATCHED_CONTROL,78,2399,1,0,354,1,354,0.002824858757062
240000003584,MATCHED_CONTROL,79,2551,1,0,354,1,354,0.002824858757062
240000003584,MATCHED_CONTROL,80,2683,1,0,354,1,354,0.002824858757062
240000003584,MATCHED_CONTROL,81,2819,1,1,354,1,354,0.002824858757062
240000003584,MATCHED_CONTROL,82,2971,1,1,354,1,354,0.002824858757062
240000003584,MATCHED_CONTROL,83,3307,1,1,354,1,354,0.002824858757062
240000003584,MATCHED_CONTROL,84,3343,1,0,354,1,354,0.002824858757062
240000003584,MATCHED_CONTROL,85,3347,1,1,354,1,354,0.002824858757062
240000003584,MATCHED_CONTROL,86,3371,1,0,354,1,354,0.002824858757062
240000003584,MATCHED_CONTROL,87,3659,1,1,354,1,354,0.002824858757062
240000003584,MATCHED_CONTROL,88,3911,1,0,354,1,354,0.002824858757062
240000003584,MATCHED_CONTROL,89,3943,1,0,354,1,354,0.002824858757062
240000003584,MATCHED_CONTROL,90,4663,1,1,354,1,354,0.002824858757062
240000003584,MATCHED_CONTROL,91,4787,1,0,354,1,354,0.002824858757062
240000003584,MATCHED_CONTROL,92,4903,1,0,354,1,354,0.002824858757062
240000003584,MATCHED_CONTROL,93,5647,1,0,354,1,354,0.002824858757062
240000003584,MATCHED_CONTROL,94,5939,1,0,354,1,354,0.002824858757062
240000003584,MATCHED_CONTROL,95,5987,1,0,354,1,354,0.002824858757062
240000003584,MATCHED_CONTROL,96,6143,1,0,354,1,354,0.002824858757062
240000003584,MATCHED_CONTROL,97,6367,1,0,354,1,354,0.002824858757062
240000003584,MATCHED_CONTROL,98,7687,1,1,354,1,354,0.002824858757062
240000003584,MATCHED_CONTROL,99,7927,1,0,354,1,354,0.002824858757062
240000003584,MATCHED_CONTROL,100,8627,1,0,354,1,354,0.002824858757062
240000003584,MATCHED_CONTROL,101,9319,1,1,354,1,354,0.002824858757062
240000003584,MATCHED_CONTROL,102,9403,1,1,354,1,354,0.002824858757062
240000003584,MATCHED_CONTROL,103,9511,1,1,354,1,354,0.002824858757062
240000003584,MATCHED_CONTROL,104,11131,1,0,354,1,354,0.002824858757062
240000003584,MATCHED_CONTROL,105,11299,1,1,354,1,354,0.002824858757062
240000003584,MATCHED_CONTROL,106,13763,1,0,354,1,354,0.002824858757062
240000003584,MATCHED_CONTROL,107,13879,1,0,354,1,354,0.002824858757062
240000003584,MATCHED_CONTROL,108,15791,1,1,354,1,354,0.002824858757062
240000003584,MATCHED_CONTROL,109,15859,1,0,354,1,354,0.002824858757062
240000003584,MATCHED_CONTROL,110,17123,1,1,354,1,354,0.002824858757062
240000003584,MATCHED_CONTROL,111,17191,1,0,354,1,354,0.002824858757062
240000003584,MATCHED_CONTROL,112,17467,1,0,354,1,354,0.002824858757062
240000003584,MATCHED_CONTROL,113,17911,1,0,354,1,354,0.002824858757062
240000003584,MATCHED_CONTROL,114,19423,1,0,354,1,354,0.002824858757062
240000003584,MATCHED_CONTROL,115,20051,1,0,354,1,354,0.002824858757062
240000003584,MATCHED_CONTROL,116,22171,1,0,354,1,354,0.002824858757062
240000003584,MATCHED_CONTROL,117,24683,1,0,354,1,354,0.002824858757062
240000003584,MATCHED_CONTROL,118,25303,1,0,354,1,354,0.002824858757062
240000003584,MATCHED_CONTROL,119,30911,1,0,354,1,354,0.002824858757062
240000003584,MATCHED_CONTROL,120,32159,1,0,354,1,354,0.002824858757062
240000003584,MATCHED_CONTROL,121,41047,1,0,354,1,354,0.002824858757062
240000003584,MATCHED_CONTROL,122,41227,1,1,354,1,354,0.002824858757062
240000003584,MATCHED_CONTROL,123,44159,1,1,354,1,354,0.002824858757062
240000003584,MATCHED_CONTROL,124,45191,1,0,354,1,354,0.002824858757062
240000003584,MATCHED_CONTROL,125,46439,1,0,354,1,354,0.002824858757062
240000003584,MATCHED_CONTROL,126,48527,1,1,354,1,354,0.002824858757062
240000003584,MATCHED_CONTROL,127,50527,1,1,354,1,354,0.002824858757062
240000003584,MATCHED_CONTROL,128,60259,1,0,354,1,354,0.002824858757062
240000003584,MATCHED_CONTROL,129,65423,1,0,354,1,354,0.002824858757062
240000003584,MATCHED_CONTROL,130,65579,1,1,354,1,354,0.002824858757062
240000003584,MATCHED_CONTROL,131,73259,1,0,354,1,354,0.002824858757062
240000003584,MATCHED_CONTROL,132,83939,1,1,354,1,354,0.002824858757062
240000003584,MATCHED_CONTROL,133,90247,1,0,354,1,354,0.002824858757062
240000003584,MATCHED_CONTROL,134,91711,1,1,354,1,354,0.002824858757062
240000003584,MATCHED_CONTROL,135,110291,1,0,354,1,354,0.002824858757062
240000003584,MATCHED_CONTROL,136,110807,1,0,354,1,354,0.002824858757062
240000003584,MATCHED_CONTROL,137,115183,1,1,354,1,354,0.002824858757062
240000003584,MATCHED_CONTROL,138,115343,1,0,354,1,354,0.002824858757062
240000003584,MATCHED_CONTROL,139,117991,1,0,354,1,354,0.002824858757062
240000003584,MATCHED_CONTROL,140,119771,1,0,354,1,354,0.002824858757062
240000003584,MATCHED_CONTROL,141,134947,1,0,354,1,354,0.002824858757062
240000003584,MATCHED_CONTROL,142,136987,1,1,354,1,354,0.002824858757062
240000003584,MATCHED_CONTROL,143,137191,1,0,354,1,354,0.002824858757062
240000003584,MATCHED_CONTROL,144,140627,1,0,354,1,354,0.002824858757062
240000003584,MATCHED_CONTROL,145,148403,1,0,354,1,354,0.002824858757062
240000003584,MATCHED_CONTROL,146,148747,1,0,354,1,354,0.002824858757062
240000003584,MATCHED_CONTROL,147,159871,1,0,354,1,354,0.002824858757062
240000003584,MATCHED_CONTROL,148,165887,1,0,354,1,354,0.002824858757062
240000003584,MATCHED_CONTROL,149,169471,1,1,354,1,354,0.002824858757062
240000003584,MATCHED_CONTROL,150,172427,1,0,354,1,354,0.002824858757062
240000003584,MATCHED_CONTROL,151,172759,1,0,354,1,354,0.002824858757062
240000003584,MATCHED_CONTROL,152,203279,1,0,354,1,354,0.002824858757062
240000003584,MATCHED_CONTROL,153,209431,1,0,354,1,354,0.002824858757062
240000003584,MATCHED_CONTROL,154,219587,1,1,354,1,354,0.002824858757062
240000003584,MATCHED_CONTROL,155,235003,1,0,354,1,354,0.002824858757062
240000003584,MATCHED_CONTROL,156,251359,1,0,354,1,354,0.002824858757062
240000003584,MATCHED_CONTROL,157,259159,1,0,354,1,354,0.002824858757062
240000003584,MATCHED_CONTROL,158,259751,1,0,354,1,354,0.002824858757062
240000003584,MATCHED_CONTROL,159,281839,1,0,354,1,354,0.002824858757062
240000003584,MATCHED_CONTROL,160,326323,1,1,354,1,354,0.002824858757062
240000003584,MATCHED_CONTROL,161,334651,1,0,354,1,354,0.002824858757062
240000003584,MATCHED_CONTROL,162,354271,1,1,354,1,354,0.002824858757062
240000003584,MATCHED_CONTROL,163,354667,1,1,354,1,354,0.002824858757062
240000003584,MATCHED_CONTROL,164,384067,1,0,354,1,354,0.002824858757062
240000003584,MATCHED_CONTROL,165,401827,1,0,354,1,354,0.002824858757062
240000003584,MATCHED_CONTROL,166,422803,1,0,354,1,354,0.002824858757062
240000003584,MATCHED_CONTROL,167,464879,1,0,354,1,354,0.002824858757062
240000003584,MATCHED_CONTROL,168,568303,1,0,354,1,354,0.002824858757062
240000003584,MATCHED_CONTROL,169,591751,1,0,354,1,354,0.002824858757062
240000003584,MATCHED_CONTROL,170,627547,1,0,354,1,354,0.002824858757062
240000003584,MATCHED_CONTROL,171,661231,1,1,354,1,354,0.002824858757062
240000003584,MATCHED_CONTROL,172,715859,1,0,354,1,354,0.002824858757062
240000003584,MATCHED_CONTROL,173,815491,1,0,354,1,354,0.002824858757062
240000003584,MATCHED_CONTROL,174,820691,1,1,354,1,354,0.002824858757062
240000003584,MATCHED_CONTROL,175,863119,1,0,354,1,354,0.002824858757062
240000003584,MATCHED_CONTROL,176,972967,1,0,354,1,354,0.002824858757062
240000003584,MATCHED_CONTROL,177,1060867,1,0,354,1,354,0.002824858757062
240000003584,MATCHED_CONTROL,178,1128151,1,0,354,1,354,0.002824858757062
240000003584,MATCHED_CONTROL,179,1135427,1,0,354,1,354,0.002824858757062
240000003584,MATCHED_CONTROL,180,1368847,1,1,354,1,354,0.002824858757062
240000003584,MATCHED_CONTROL,181,1478987,1,0,354,1,354,0.002824858757062
240000003584,MATCHED_CONTROL,182,1535747,1,0,354,1,354,0.002824858757062
240000003584,MATCHED_CONTROL,183,1787603,1,1,354,1,354,0.002824858757062
240000003584,MATCHED_CONTROL,184,1794983,1,1,354,1,354,0.002824858757062
240000003584,MATCHED_CONTROL,185,1898759,1,1,354,1,354,0.002824858757062
240000003584,MATCHED_CONTROL,186,2020771,1,0,354,1,354,0.002824858757062
240000003584,MATCHED_CONTROL,187,2045359,1,0,354,1,354,0.002824858757062
240000003584,MATCHED_CONTROL,188,2522227,1,0,354,1,354,0.002824858757062
240000003584,MATCHED_CONTROL,189,2894123,1,0,354,1,354,0.002824858757062
240000003584,MATCHED_CONTROL,190,3580259,1,1,354,1,354,0.002824858757062
240000003584,MATCHED_CONTROL,191,3784687,1,0,354,1,354,0.002824858757062
240000003584,MATCHED_CONTROL,192,3972851,1,0,354,1,354,0.002824858757062
240000003584,MATCHED_CONTROL,193,4347659,1,0,354,1,354,0.002824858757062
240000003584,MATCHED_CONTROL,194,4576331,1,0,354,1,354,0.002824858757062
240000003584,MATCHED_CONTROL,195,4607311,1,1,354,1,354,0.002824858757062
240000003584,MATCHED_CONTROL,196,4960231,1,0,354,1,354,0.002824858757062
240000003584,MATCHED_CONTROL,197,4998859,1,1,354,1,354,0.002824858757062
240000003584,MATCHED_CONTROL,198,5933251,1,1,354,1,354,0.002824858757062
240000003584,MATCHED_CONTROL,199,6004307,1,0,354,1,354,0.002824858757062
240000003584,MATCHED_CONTROL,200,6225679,1,0,354,1,354,0.002824858757062
240000003584,MATCHED_CONTROL,201,6545563,1,0,354,1,354,0.002824858757062
240000003584,MATCHED_CONTROL,202,6914419,1,1,354,1,354,0.002824858757062
240000003584,MATCHED_CONTROL,203,8179399,1,0,354,1,354,0.002824858757062
240000003584,MATCHED_CONTROL,204,9454031,1,0,354,1,354,0.002824858757062
240000003584,MATCHED_CONTROL,205,9474931,1,1,354,1,354,0.002824858757062
240000003584,MATCHED_CONTROL,206,12281603,1,1,354,1,354,0.002824858757062
240000003584,MATCHED_CONTROL,207,13046987,1,0,354,1,354,0.002824858757062
240000003584,MATCHED_CONTROL,208,13330259,1,1,354,1,354,0.002824858757062
240000003584,MATCHED_CONTROL,209,14412259,1,1,354,1,354,0.002824858757062
240000003584,MATCHED_CONTROL,210,16842131,1,0,354,1,354,0.002824858757062
240000003584,MATCHED_CONTROL,211,16880011,1,1,354,1,354,0.002824858757062
240000003584,MATCHED_CONTROL,212,18635999,1,0,354,1,354,0.002824858757062
240000003584,MATCHED_CONTROL,213,20194399,1,0,354,1,354,0.002824858757062
240000003584,MATCHED_CONTROL,214,20960699,1,1,354,1,354,0.002824858757062
240000003584,MATCHED_CONTROL,215,23434867,1,1,354,1,354,0.002824858757062
240000003584,MATCHED_CONTROL,216,25062451,1,0,354,1,354,0.002824858757062
240000003584,MATCHED_CONTROL,217,25901087,1,1,354,1,354,0.002824858757062
240000003584,MATCHED_CONTROL,218,26548531,1,0,354,1,354,0.002824858757062
240000003584,MATCHED_CONTROL,219,29213167,1,0,354,1,354,0.002824858757062
240000003584,MATCHED_CONTROL,220,29761663,1,0,354,1,354,0.002824858757062
240000003584,MATCHED_CONTROL,221,29765471,1,0,354,1,354,0.002824858757062
240000003584,MATCHED_CONTROL,222,39857287,1,0,354,1,354,0.002824858757062
240000003584,MATCHED_CONTROL,223,45861923,1,0,354,1,354,0.002824858757062
240000003584,MATCHED_CONTROL,224,48289739,1,0,354,1,354,0.002824858757062
240000003584,MATCHED_CONTROL,225,48458287,1,1,354,1,354,0.002824858757062
240000003584,MATCHED_CONTROL,226,50804363,1,1,354,1,354,0.002824858757062
240000003584,MATCHED_CONTROL,227,56645539,1,0,354,1,354,0.002824858757062
240000003584,MATCHED_CONTROL,228,60564599,1,0,354,1,354,0.002824858757062
240000003584,MATCHED_CONTROL,229,62976899,1,0,354,1,354,0.002824858757062
240000003584,MATCHED_CONTROL,230,63931807,1,1,354,1,354,0.002824858757062
240000003584,MATCHED_CONTROL,231,76759643,1,0,354,1,354,0.002824858757062
240000003584,MATCHED_CONTROL,232,76775263,1,0,354,1,354,0.002824858757062
240000003584,MATCHED_CONTROL,233,86189359,1,0,354,1,354,0.002824858757062
240000003584,MATCHED_CONTROL,234,86830099,1,0,354,1,354,0.002824858757062
240000003584,MATCHED_CONTROL,235,90678619,1,1,354,1,354,0.002824858757062
240000003584,MATCHED_CONTROL,236,101199239,1,0,354,1,354,0.002824858757062
240000003584,MATCHED_CONTROL,237,140305171,1,1,354,1,354,0.002824858757062
240000003584,MATCHED_CONTROL,238,153256703,1,0,354,1,354,0.002824858757062
240000003584,MATCHED_CONTROL,239,155641679,1,0,354,1,354,0.002824858757062
240000003584,MATCHED_CONTROL,240,158720671,1,0,354,1,354,0.002824858757062
240000003584,MATCHED_CONTROL,241,164308483,1,0,354,1,354,0.002824858757062
240000003584,MATCHED_CONTROL,242,195121951,1,0,354,1,354,0.002824858757062
240000003584,MATCHED_CONTROL,243,207819847,1,0,354,1,354,0.002824858757062
240000003584,MATCHED_CONTROL,244,278352719,1,0,354,1,354,0.002824858757062
240000003584,MATCHED_CONTROL,245,291918439,1,0,354,1,354,0.002824858757062
240000003584,MATCHED_CONTROL,246,344827591,1,0,354,1,354,0.002824858757062
240000003584,MATCHED_CONTROL,247,455431939,1,0,354,1,354,0.002824858757062
240000003584,MATCHED_CONTROL,248,468194591,1,0,354,1,354,0.002824858757062
240000003584,MATCHED_CONTROL,249,523766807,1,0,354,1,354,0.002824858757062
240000003584,MATCHED_CONTROL,250,588235247,1,0,354,1,354,0.002824858757062
240000003584,MATCHED_CONTROL,251,888888683,1,0,354,1,354,0.002824858757062
240000003584,MATCHED_CONTROL,252,972625571,1,0,354,1,354,0.002824858757062
240000003584,MATCHED_CONTROL,253,983565823,1,1,354,1,354,0.002824858757062
240000003584,MATCHED_CONTROL,254,983606563,1,1,354,1,354,0.002824858757062
240000003584,MATCHED_CONTROL,255,1249745603,1,0,354,1,354,0.002824858757062
240000003584,MATCHED_CONTROL,256,1249999991,1,0,354,1,354,0.002824858757062
240000003584,MATCHED_CONTROL,257,1600000019,1,0,354,1,354,0.002824858757062
240000003584,MATCHED_CONTROL,258,1619972047,1,1,354,1,354,0.002824858757062
240000003584,MATCHED_CONTROL,259,2884307551,1,1,354,1,354,0.002824858757062
240000003584,MATCHED_CONTROL,260,2926185259,1,1,354,1,354,0.002824858757062
240000003584,MATCHED_CONTROL,261,2926710139,1,1,354,1,354,0.002824858757062
240000003584,MATCHED_CONTROL,262,3243243203,1,1,354,1,354,0.002824858757062
240000003584,MATCHED_CONTROL,263,3529382627,1,1,354,1,354,0.002824858757062
240000003584,MATCHED_CONTROL,264,4172183567,1,1,354,1,354,0.002824858757062
240000003584,MATCHED_CONTROL,265,4443647347,1,0,354,1,354,0.002824858757062
240000003584,MATCHED_CONTROL,266,4997308027,1,0,354,1,354,0.002824858757062
240000003584,MATCHED_CONTROL,267,7946395999,1,0,354,1,354,0.002824858757062
240000003584,MATCHED_CONTROL,268,7985458499,1,0,354,1,354,0.002824858757062
240000003584,MATCHED_CONTROL,269,7999995547,1,0,354,1,354,0.002824858757062
240000003584,MATCHED_CONTROL,270,8702469247,1,1,354,1,354,0.002824858757062
240000003584,MATCHED_CONTROL,271,8741211223,1,1,354,1,354,0.002824858757062
240000003584,MATCHED_CONTROL,272,9943756679,1,0,354,1,354,0.002824858757062
240000003584,MATCHED_CONTROL,273,9999399023,1,0,354,1,354,0.002824858757062
240000003584,MATCHED_CONTROL,274,9999996803,1,0,354,1,354,0.002824858757062
240000003584,MATCHED_CONTROL,275,10000000019,1,0,354,1,354,0.002824858757062
240000003584,MATCHED_CONTROL,276,21820743199,1,1,354,1,354,0.002824858757062
240000003584,MATCHED_CONTROL,277,23975107999,1,1,354,1,354,0.002824858757062
240000003584,MATCHED_CONTROL,278,23999017891,1,1,354,1,354,0.002824858757062
240000003584,MATCHED_CONTROL,279,23999023723,1,1,354,1,354,0.002824858757062
240000003584,MATCHED_CONTROL,280,39418869863,1,0,354,1,354,0.002824858757062
240000003584,MATCHED_CONTROL,281,39991862563,1,0,354,1,354,0.002824858757062
240000003584,MATCHED_CONTROL,282,39999899003,1,0,354,1,354,0.002824858757062
240000003584,MATCHED_CONTROL,283,40000000583,1,0,354,1,354,0.002824858757062
240000003584,MATCHED_CONTROL,284,43705790759,1,1,354,1,354,0.002824858757062
240000003584,MATCHED_CONTROL,285,43706053199,1,1,354,1,354,0.002824858757062
240000003584,MATCHED_CONTROL,286,43706056439,1,1,354,1,354,0.002824858757062
240000003584,MATCHED_CONTROL,287,58474121443,1,1,354,1,354,0.002824858757062
240000003584,MATCHED_CONTROL,288,59709431623,1,1,354,1,354,0.002824858757062
240000003584,MATCHED_CONTROL,289,59993972263,1,1,354,1,354,0.002824858757062
240000003584,MATCHED_CONTROL,290,116926720619,1,1,354,1,354,0.002824858757062
240000003584,MATCHED_CONTROL,291,116948240699,1,1,354,1,354,0.002824858757062
240000003584,MATCHED_CONTROL,292,118256414279,1,1,354,1,354,0.002824858757062
240000003584,MATCHED_CONTROL,293,120000001439,1,1,354,1,354,0.002824858757062
